symbol,pcr_date,trade_date,pcr_value,pcr_rank,entry_timestamp,entry_price,rsi14,rsi14_mean100,quantity,capital_used,stop_loss_price,take_profit_price,exit_timestamp,exit_price,exit_reason,gross_pnl,pnl_pct
CME,2025-08-05 00:00:00,2025-08-06 00:00:00,0.1353628703452025,8.0,2025-08-06 09:45:00,280.5875,38.041649695883514,33.83051695450892,3,841.7624999999999,273.5728125,287.60218749999996,2025-08-08 15:59:00,282.17,WEEK_END_CLOSE,4.747500000000116,0.563995188666655
CVS,2025-08-05 00:00:00,2025-08-06 00:00:00,0.1344810713074705,7.0,2025-08-06 09:45:00,63.11,50.207614860717946,45.73601469732973,15,946.65,61.53225,64.68775,2025-08-08 10:34:00,64.68775,TAKE_PROFIT,23.66624999999992,2.499999999999991
LIN,2025-08-05 00:00:00,2025-08-06 00:00:00,0.0484429065743944,3.0,2025-08-06 09:49:00,470.36,56.79211971260369,53.21105622633141,2,940.72,458.601,482.11899999999997,2025-08-08 15:59:00,472.42,WEEK_END_CLOSE,4.1200000000000045,0.43796241176969897
FDX,2025-08-05 00:00:00,2025-08-06 00:00:00,0.0038675678426435,1.0,2025-08-06 09:52:00,222.92,58.20388779388993,57.306734082442134,4,891.68,217.34699999999998,228.49299999999997,2025-08-07 09:30:00,228.75,TAKE_PROFIT_GAP,23.32000000000005,2.615287995693527
APD,2025-08-05 00:00:00,2025-08-06 00:00:00,0.1270718232044199,6.0,2025-08-06 09:55:00,292.045,53.318355294415795,51.69001663031349,3,876.135,284.743875,299.346125,2025-08-08 15:59:00,288.46,WEEK_END_CLOSE,-10.75500000000011,-1.227550548716816
RSG,2025-08-05 00:00:00,2025-08-06 00:00:00,0.0833333333333333,5.0,2025-08-06 10:17:00,232.615,48.57793528807152,46.141395036960425,4,930.46,226.799625,238.430375,2025-08-08 15:59:00,235.35,WEEK_END_CLOSE,10.93999999999994,1.1757625260623739
AON,2025-08-05 00:00:00,2025-08-06 00:00:00,0.0357142857142857,2.0,2025-08-06 10:20:00,359.215,44.097292848106164,43.486378589789794,2,718.43,350.234625,368.19537499999996,2025-08-08 15:59:00,366.37,WEEK_END_CLOSE,14.31000000000006,1.9918433250281975
SNDK,2025-08-05 00:00:00,2025-08-06 00:00:00,0.0666666666666666,4.0,2025-08-06 10:30:00,42.16,59.472850541988066,53.71717289176993,23,969.68,41.105999999999995,43.21399999999999,2025-08-07 11:06:00,41.105999999999995,STOP_LOSS,-24.242000000000047,-2.500000000000002
CMCSA,2025-08-05 00:00:00,2025-08-06 00:00:00,0.1527289126054558,9.0,2025-08-06 10:34:00,32.453,47.44739554928206,46.34510048356417,30,973.5900000000001,31.641675000000003,33.264325,2025-08-07 15:52:00,31.641675000000003,STOP_LOSS,-24.339750000000002,-2.500000000000002
MSI,2025-08-05 00:00:00,2025-08-06 00:00:00,0.1826923076923076,10.0,2025-08-06 11:19:00,441.43,63.690051734445696,63.5355530362803,2,882.86,430.39425,452.46574999999996,2025-08-08 09:32:00,452.46574999999996,TAKE_PROFIT,22.0714999999999,2.499999999999991
KKR,2025-08-06 00:00:00,2025-08-07 00:00:00,0.0176446393875865,3.0,2025-08-07 09:49:00,145.35,50.69205225259806,49.40741568291859,6,872.0999999999999,141.71625,148.98375,2025-08-07 12:01:00,141.71625,STOP_LOSS,-21.802499999999952,-2.499999999999991
FDX,2025-08-06 00:00:00,2025-08-07 00:00:00,0.0110229892043356,2.0,2025-08-07 09:57:00,228.35,54.16803902989522,52.3833621720538,4,913.4,222.64124999999999,234.05874999999997,2025-08-08 09:46:00,222.64124999999999,STOP_LOSS,-22.835000000000036,-2.500000000000002
DLR,2025-08-06 00:00:00,2025-08-07 00:00:00,0.0362852778107015,6.0,2025-08-07 09:59:00,170.16,52.46661467226839,48.995007597011465,5,850.8,165.906,174.414,2025-08-08 15:59:00,169.96,WEEK_END_CLOSE,-0.9999999999999432,-0.11753643629524024
AJG,2025-08-06 00:00:00,2025-08-07 00:00:00,0.0335820895522388,5.0,2025-08-07 10:28:00,286.31,53.44666762437855,48.968470691110916,3,858.9300000000001,279.15225,293.46774999999997,2025-08-08 10:17:00,293.46774999999997,TAKE_PROFIT,21.473249999999894,2.499999999999991
CDNS,2025-08-06 00:00:00,2025-08-07 00:00:00,0.1436651583710407,10.0,2025-08-07 10:29:00,356.97,49.23396218272302,44.00715379158198,2,713.94,348.04575,365.89425,2025-08-08 15:59:00,352.38,WEEK_END_CLOSE,-9.180000000000064,-1.2858223380116107
CMI,2025-08-06 00:00:00,2025-08-07 00:00:00,0.0422077922077922,7.0,2025-08-07 10:54:00,380.2699,48.11010460183854,44.938636819447204,2,760.5398,370.7631525,389.77664749999997,2025-08-08 10:07:00,389.77664749999997,TAKE_PROFIT,19.01349499999992,2.499999999999991
SNDK,2025-08-06 00:00:00,2025-08-07 00:00:00,0.0217391304347826,4.0,2025-08-07 11:17:00,41.065,41.9435543226302,41.20088774013655,24,985.56,40.038374999999995,42.09162499999999,2025-08-08 09:45:00,42.09162499999999,TAKE_PROFIT,24.638999999999896,2.499999999999991
MCO,2025-08-06 00:00:00,2025-08-07 00:00:00,0.0909090909090909,9.0,2025-08-07 11:21:00,517.34,47.89358532235251,46.709230507193865,1,517.34,504.4065,530.2735,2025-08-08 15:59:00,515.3,WEEK_END_CLOSE,-2.0400000000000773,-0.3943248154018808
KKR,2025-08-06 00:00:00,2025-08-07 00:00:00,0.0176446393875865,3.0,2025-08-07 12:13:00,141.605,44.940149484713416,40.897861506374134,7,991.2349999999999,138.064875,145.14512499999998,2025-08-08 15:59:00,142.67,WEEK_END_CLOSE,7.454999999999984,0.7520920871438186
SPGI,2025-08-07 00:00:00,2025-08-08 00:00:00,0.0327922077922077,5.0,2025-08-08 09:46:00,559.325,54.624559051667624,53.71522490837739,1,559.325,545.3418750000001,573.308125,2025-08-08 15:59:00,556.08,WEEK_END_CLOSE,-3.2450000000000045,-0.5801635900415714
NSC,2025-08-07 00:00:00,2025-08-08 00:00:00,0.0226440226440226,3.0,2025-08-08 09:49:00,281.41,56.6315510052204,54.3865008781573,3,844.23,274.37475,288.44525,2025-08-08 15:59:00,279.93,WEEK_END_CLOSE,-4.440000000000055,-0.5259230304537899
FDX,2025-08-07 00:00:00,2025-08-08 00:00:00,0.0276833544528699,4.0,2025-08-08 09:51:00,223.8626,51.793009242884516,40.29624916027469,4,895.4504,218.266035,229.45916499999996,2025-08-08 15:59:00,227.97,WEEK_END_CLOSE,16.42960000000005,1.834786159010049
WELL,2025-08-07 00:00:00,2025-08-08 00:00:00,0.0666666666666666,9.0,2025-08-08 09:59:00,170.465,53.11586276381429,52.67436176819036,5,852.325,166.203375,174.72662499999998,2025-08-08 15:59:00,168.17,WEEK_END_CLOSE,-11.47500000000008,-1.3463174258645516
JCI,2025-08-07 00:00:00,2025-08-08 00:00:00,0.0050847457627118,2.0,2025-08-08 10:02:00,105.145,60.30495773285708,59.0951476804394,9,946.305,102.516375,107.77362499999998,2025-08-08 15:59:00,105.51,WEEK_END_CLOSE,3.285000000000082,0.347139664273155
SNDK,2025-08-07 00:00:00,2025-08-08 00:00:00,0.0530035335689045,6.0,2025-08-08 10:19:00,43.32,71.03486999520777,68.10043776284307,23,996.36,42.237,44.403,2025-08-08 11:28:00,44.403,TAKE_PROFIT,24.908999999999963,2.499999999999991
CMCSA,2025-08-07 00:00:00,2025-08-08 00:00:00,0.0581944106353406,8.0,2025-08-08 10:24:00,31.89,57.22836193873501,55.48048723978151,31,988.59,31.09275,32.68725,2025-08-08 15:59:00,31.665,WEEK_END_CLOSE,-6.975000000000044,-0.705550329256821
AJG,2025-08-07 00:00:00,2025-08-08 00:00:00,0.0547945205479452,7.0,2025-08-08 10:26:00,293.39,66.88521448522313,65.17743022970322,3,880.17,286.05525,300.72475,2025-08-08 15:59:00,289.44,WEEK_END_CLOSE,-11.849999999999966,-1.3463308224547443
ITW,2025-08-07 00:00:00,2025-08-08 00:00:00,0.0,1.0,2025-08-08 10:30:00,258.475,59.47829420781011,58.91578412541658,3,775.4250000000001,252.013125,264.936875,2025-08-08 15:59:00,256.99,WEEK_END_CLOSE,-4.455000000000041,-0.5745236483218896
CSX,2025-08-07 00:00:00,2025-08-08 00:00:00,0.0752914733394817,10.0,2025-08-08 10:42:00,35.7947,69.66776835660264,66.29971507837134,27,966.4569,34.899832499999995,36.689567499999995,2025-08-08 15:59:00,35.45,WEEK_END_CLOSE,-9.306899999999892,-0.9629917278256128
SNDK,2025-08-07 00:00:00,2025-08-08 00:00:00,0.0530035335689045,6.0,2025-08-08 11:59:00,44.175,57.33372690419215,55.786848943543426,22,971.8499999999999,43.070625,45.279374999999995,2025-08-08 15:59:00,44.34,WEEK_END_CLOSE,3.6300000000001376,0.37351443123940786
EMR,2025-08-08 00:00:00,2025-08-11 00:00:00,0.0567312708157778,8.0,2025-08-11 09:45:00,132.87,47.53902472445283,46.98882567156373,7,930.09,129.54825,136.19174999999998,2025-08-15 15:59:00,131.71,WEEK_END_CLOSE,-8.119999999999976,-0.8730337924286902
AJG,2025-08-08 00:00:00,2025-08-11 00:00:00,0.0,1.0,2025-08-11 09:47:00,290.53,47.81155050891694,47.02875198395012,3,871.5899999999999,283.26674999999994,297.79324999999994,2025-08-15 15:59:00,292.61,WEEK_END_CLOSE,6.240000000000123,0.7159329501256417
ITW,2025-08-08 00:00:00,2025-08-11 00:00:00,0.0294117647058823,4.0,2025-08-11 09:52:00,257.2,44.45506255760222,42.97294055947831,3,771.5999999999999,250.76999999999998,263.62999999999994,2025-08-13 10:03:00,263.62999999999994,TAKE_PROFIT,19.28999999999985,2.499999999999991
SNDK,2025-08-08 00:00:00,2025-08-11 00:00:00,0.041182682154171,6.0,2025-08-11 09:52:00,45.22,53.55993975352227,50.61153247129289,22,994.8399999999999,44.0895,46.3505,2025-08-11 15:14:00,44.0895,STOP_LOSS,-24.870999999999952,-2.499999999999991
CSX,2025-08-08 00:00:00,2025-08-11 00:00:00,0.0679047930918255,10.0,2025-08-11 09:57:00,35.425,49.194785563741796,48.963672447707744,28,991.8999999999999,34.539375,36.310624999999995,2025-08-14 14:59:00,36.310624999999995,TAKE_PROFIT,24.79749999999993,2.499999999999991
ROST,2025-08-08 00:00:00,2025-08-11 00:00:00,0.0251974862743747,3.0,2025-08-11 09:58:00,146.33,65.99324241046358,54.412289156432884,6,877.98,142.67175,149.98825,2025-08-13 11:12:00,149.98825,TAKE_PROFIT,21.949499999999887,2.499999999999991
FDX,2025-08-08 00:00:00,2025-08-11 00:00:00,0.0435243232473894,7.0,2025-08-11 09:59:00,229.73,54.35803887422057,53.48449668029004,4,918.92,223.98674999999997,235.47324999999998,2025-08-11 10:57:00,223.98674999999997,STOP_LOSS,-22.97300000000007,-2.500000000000002
LIN,2025-08-08 00:00:00,2025-08-11 00:00:00,0.0317460317460317,5.0,2025-08-11 09:59:00,470.58,44.23167602396845,41.921492504111136,2,941.16,458.8155,482.3444999999999,2025-08-15 10:42:00,482.4046,TAKE_PROFIT_GAP,23.649200000000064,2.5127714735007967
SPGI,2025-08-08 00:00:00,2025-08-11 00:00:00,0.0245840042941492,2.0,2025-08-11 10:21:00,558.99,52.59096318605475,49.3006600202494,1,558.99,545.01525,572.96475,2025-08-14 09:30:00,572.96475,TAKE_PROFIT,13.974749999999972,2.499999999999991
GLW,2025-08-08 00:00:00,2025-08-11 00:00:00,0.0616996420179723,9.0,2025-08-11 10:37:00,65.32,46.90521018799219,43.23643538001339,15,979.8,63.68699999999999,66.95299999999999,2025-08-15 15:59:00,65.45,WEEK_END_CLOSE,1.950000000000145,0.19902020820576904
FDX,2025-08-08 00:00:00,2025-08-11 00:00:00,0.0435243232473894,7.0,2025-08-11 11:02:00,223.76,34.797832926784295,30.919880775475466,4,895.04,218.166,229.35399999999998,2025-08-12 10:04:00,229.46,TAKE_PROFIT_GAP,22.800000000000068,2.5473721844833763
NSC,2025-08-11 00:00:00,2025-08-12 00:00:00,0.0168954593453009,4.0,2025-08-12 09:46:00,279.64,57.537254027384016,54.39323479619952,3,838.92,272.649,286.631,2025-08-15 15:59:00,280.75,WEEK_END_CLOSE,3.330000000000041,0.39693892147045773
WMB,2025-08-11 00:00:00,2025-08-12 00:00:00,0.0622327790973871,9.0,2025-08-12 09:48:00,57.85,41.955969056783914,38.440597857910866,17,983.45,56.40375,59.29624999999999,2025-08-15 15:59:00,57.46,WEEK_END_CLOSE,-6.63000000000001,-0.6741573033707926
APD,2025-08-11 00:00:00,2025-08-12 00:00:00,0.0857142857142857,10.0,2025-08-12 09:58:00,285.295,61.96743178724177,61.122081145601236,3,855.885,278.162625,292.427375,2025-08-13 12:47:00,292.427375,TAKE_PROFIT,21.397124999999903,2.499999999999991
DUK,2025-08-11 00:00:00,2025-08-12 00:00:00,0.0213740458015267,5.0,2025-08-12 09:59:00,125.26,53.48016940796609,51.32023134868736,7,876.82,122.1285,128.3915,2025-08-15 09:43:00,122.1285,STOP_LOSS,-21.92050000000002,-2.500000000000002
FDX,2025-08-11 00:00:00,2025-08-12 00:00:00,0.0017167381974248,2.0,2025-08-12 10:26:00,231.77,68.4955831937057,67.74639261170329,4,927.08,225.97575,237.56425,2025-08-13 09:31:00,225.97575,STOP_LOSS,-23.17700000000002,-2.500000000000002
AON,2025-08-11 00:00:00,2025-08-12 00:00:00,0.0002237136465324,1.0,2025-08-12 10:43:00,363.405,45.66399244012254,42.558742993057535,2,726.81,354.31987499999997,372.4901249999999,2025-08-15 15:59:00,367.24,WEEK_END_CLOSE,7.670000000000073,1.0552964323550906
CMCSA,2025-08-11 00:00:00,2025-08-12 00:00:00,0.0428189116859946,8.0,2025-08-12 10:47:00,32.195,65.00634825045498,63.56916599885014,31,998.045,31.390125,32.999874999999996,2025-08-13 14:37:00,32.999874999999996,TAKE_PROFIT,24.951124999999863,2.499999999999991
FDX,2025-08-12 00:00:00,2025-08-13 00:00:00,0.0026833631484794,2.0,2025-08-13 09:45:00,223.51,36.75741174337835,36.31233778733177,4,894.04,217.92225,229.09774999999996,2025-08-13 11:38:00,229.09774999999996,TAKE_PROFIT,22.350999999999885,2.499999999999991
AMT,2025-08-12 00:00:00,2025-08-13 00:00:00,0.0813648293963254,10.0,2025-08-13 09:46:00,204.3025,45.219077165941236,36.87197809004448,4,817.21,199.1949375,209.41006249999998,2025-08-15 15:59:00,206.29,WEEK_END_CLOSE,7.949999999999932,0.9728221632138601
UPS,2025-08-12 00:00:00,2025-08-13 00:00:00,0.0789595375722543,9.0,2025-08-13 09:48:00,87.045,51.27535872228041,51.127621648478666,11,957.495,84.868875,89.221125,2025-08-14 12:00:00,89.221125,TAKE_PROFIT,23.93737499999999,2.499999999999991
TEL,2025-08-12 00:00:00,2025-08-13 00:00:00,0.0,1.0,2025-08-13 09:54:00,205.55,62.90537896805942,59.21918010172206,4,822.2,200.41125,210.68875,2025-08-15 15:59:00,202.71,WEEK_END_CLOSE,-11.360000000000014,-1.381658963755783
HPE,2025-08-12 00:00:00,2025-08-13 00:00:00,0.012930508681332,6.0,2025-08-13 10:05:00,21.565,61.027864846668756,59.11972473181606,46,991.99,21.025875,22.104125,2025-08-15 15:59:00,21.165,WEEK_END_CLOSE,-18.400000000000098,-1.8548574078367852
CRH,2025-08-12 00:00:00,2025-08-13 00:00:00,0.0508806262230919,7.0,2025-08-13 10:18:00,113.18,63.01384348063249,60.76303976536839,8,905.44,110.35050000000001,116.0095,2025-08-15 15:59:00,110.82,WEEK_END_CLOSE,-18.88000000000011,-2.0851740590210444
FDX,2025-08-12 00:00:00,2025-08-13 00:00:00,0.0026833631484794,2.0,2025-08-13 12:07:00,229.17,64.72473519067938,62.39059469340774,4,916.68,223.44074999999998,234.89924999999997,2025-08-15 15:59:00,227.4,WEEK_END_CLOSE,-7.079999999999927,-0.7723524021468697
CMCSA,2025-08-12 00:00:00,2025-08-13 00:00:00,0.0033068783068783,3.0,2025-08-13 14:42:00,32.94,61.15695566400544,55.39747134398874,30,988.1999999999999,32.116499999999995,33.76349999999999,2025-08-15 15:59:00,33.47,WEEK_END_CLOSE,15.900000000000034,1.6089860352155538
MCO,2025-08-13 00:00:00,2025-08-14 00:00:00,0.0056497175141242,4.0,2025-08-14 09:45:00,521.48,56.06374054284689,51.56870719283002,1,521.48,508.443,534.5169999999999,2025-08-15 15:59:00,516.6,WEEK_END_CLOSE,-4.8799999999999955,-0.9357981130628246
SPGI,2025-08-13 00:00:00,2025-08-14 00:00:00,0.008130081300813,6.0,2025-08-14 09:47:00,563.75,52.26140121789569,48.211434483113145,1,563.75,549.65625,577.84375,2025-08-15 15:59:00,556.59,WEEK_END_CLOSE,-7.159999999999968,-1.2700665188470017
ALL,2025-08-13 00:00:00,2025-08-14 00:00:00,0.0,2.0,2025-08-14 09:51:00,208.41,54.13894738846405,46.10500197450331,4,833.64,203.19975,213.62024999999997,2025-08-15 15:59:00,206.83,WEEK_END_CLOSE,-6.319999999999936,-0.7581210114677717
ECL,2025-08-13 00:00:00,2025-08-14 00:00:00,0.0,1.0,2025-08-14 10:33:00,279.7,49.252520182534674,48.60188899329653,3,839.0999999999999,272.7075,286.69249999999994,2025-08-15 15:59:00,280.96,WEEK_END_CLOSE,3.7799999999999727,0.45048265999285686
PH,2025-08-13 00:00:00,2025-08-14 00:00:00,0.0193548387096774,7.0,2025-08-14 10:44:00,752.095,47.273117144327124,46.146875359191085,1,752.095,733.292625,770.897375,2025-08-15 10:04:00,733.292625,STOP_LOSS,-18.802374999999984,-2.500000000000002
ITW,2025-08-14 00:00:00,2025-08-15 00:00:00,0.0111801242236024,7.0,2025-08-15 09:45:00,262.785,52.79690215023629,47.75728304587932,3,788.355,256.215375,269.354625,2025-08-15 15:59:00,258.65,WEEK_END_CLOSE,-12.405000000000143,-1.5735296915729724
HON,2025-08-14 00:00:00,2025-08-15 00:00:00,0.0238748627881448,9.0,2025-08-15 09:51:00,205.2309,53.07161176896173,52.491508926152996,4,820.9236,200.10012749999999,210.36167249999997,2025-08-15 15:59:00,204.1942,WEEK_END_CLOSE,-4.146799999999985,-0.5051383587948988
WELL,2025-08-14 00:00:00,2025-08-15 00:00:00,0.0,1.0,2025-08-15 09:52:00,161.63,49.07864191576214,48.92632254838702,6,969.78,157.58925,165.67074999999997,2025-08-15 15:59:00,162.95,WEEK_END_CLOSE,7.919999999999959,0.8166800717688494
KMI,2025-08-14 00:00:00,2025-08-15 00:00:00,0.0060761024964258,5.0,2025-08-15 10:13:00,26.735,49.68250410670162,47.20065542761832,37,989.1949999999999,26.066625,27.403374999999997,2025-08-15 15:59:00,26.66,WEEK_END_CLOSE,-2.7749999999999737,-0.2805311389564191
CSX,2025-08-14 00:00:00,2025-08-15 00:00:00,0.0186575166202015,8.0,2025-08-15 10:24:00,36.12,49.063065933236324,40.887861054163814,27,975.2399999999999,35.217,37.022999999999996,2025-08-15 15:59:00,36.335,WEEK_END_CLOSE,5.805000000000092,0.5952380952381153
ICE,2025-08-14 00:00:00,2025-08-15 00:00:00,0.0241935483870967,10.0,2025-08-15 10:40:00,181.09,43.585471859834996,39.47764146782057,5,905.45,176.56275,185.61724999999998,2025-08-15 15:59:00,181.21,WEEK_END_CLOSE,0.6000000000000227,0.06626539289855682
APD,2025-08-15 00:00:00,2025-08-18 00:00:00,0.0043763676148796,1.0,2025-08-18 09:45:00,289.09,42.69253673200416,41.42615632497631,3,867.27,281.86274999999995,296.31724999999994,2025-08-22 09:32:00,296.52,TAKE_PROFIT_GAP,22.29000000000002,2.5701338683455033
WMB,2025-08-15 00:00:00,2025-08-18 00:00:00,0.0421686746987951,10.0,2025-08-18 09:51:00,56.73,35.83629689614203,32.6798755317214,17,964.41,55.311749999999996,58.14824999999999,2025-08-22 15:59:00,57.06,WEEK_END_CLOSE,5.610000000000092,0.5817028027498727
SPGI,2025-08-15 00:00:00,2025-08-18 00:00:00,0.0084388185654008,4.0,2025-08-18 09:59:00,554.55,42.45712799485976,34.15632000379252,1,554.55,540.68625,568.4137499999999,2025-08-22 15:59:00,556.35,WEEK_END_CLOSE,1.8000000000000682,0.3245875033811352
USB,2025-08-15 00:00:00,2025-08-18 00:00:00,0.0166538164996144,5.0,2025-08-18 10:00:00,45.865,43.35000192607944,41.97649550059324,21,963.1650000000001,44.718375,47.011624999999995,2025-08-22 10:00:00,47.011624999999995,TAKE_PROFIT,24.079124999999856,2.499999999999991
AON,2025-08-15 00:00:00,2025-08-18 00:00:00,0.0072202166064981,2.0,2025-08-18 10:05:00,366.08,40.14488658221889,40.06658930120798,2,732.16,356.928,375.23199999999997,2025-08-20 09:40:00,375.23199999999997,TAKE_PROFIT,18.303999999999974,2.499999999999991
DUK,2025-08-15 00:00:00,2025-08-18 00:00:00,0.0205882352941176,6.0,2025-08-18 10:16:00,122.33,50.43039553982167,47.79504427147803,8,978.64,119.27175,125.38824999999999,2025-08-20 09:46:00,125.38824999999999,TAKE_PROFIT,24.465999999999894,2.499999999999991
FDX,2025-08-15 00:00:00,2025-08-18 00:00:00,0.0072992700729927,3.0,2025-08-18 10:29:00,226.29,44.84692317851625,43.30082789289913,4,905.16,220.63275,231.94724999999997,2025-08-19 09:49:00,231.94724999999997,TAKE_PROFIT,22.628999999999905,2.499999999999991
ITW,2025-08-15 00:00:00,2025-08-18 00:00:00,0.0274725274725274,7.0,2025-08-18 10:35:00,258.61,54.38389563352881,47.87116771096042,3,775.83,252.14475000000002,265.07525,2025-08-20 09:49:00,265.1925,TAKE_PROFIT_GAP,19.747499999999945,2.5453385406596807
AFL,2025-08-15 00:00:00,2025-08-18 00:00:00,0.0406320541760722,9.0,2025-08-18 10:38:00,105.64,59.93771989285886,53.69941099843402,9,950.76,102.999,108.28099999999999,2025-08-20 09:46:00,108.28099999999999,TAKE_PROFIT,23.76899999999992,2.499999999999991
AJG,2025-08-15 00:00:00,2025-08-18 00:00:00,0.0289855072463768,8.0,2025-08-18 10:42:00,295.1,59.46658427250915,54.030918511950425,3,885.3000000000001,287.7225,302.4775,2025-08-20 09:34:00,302.4775,TAKE_PROFIT,22.132499999999993,2.499999999999991
GLW,2025-08-18 00:00:00,2025-08-19 00:00:00,0.0971168437025796,8.0,2025-08-19 09:57:00,64.94,46.23294189534006,42.191502855783995,15,974.0999999999999,63.3165,66.56349999999999,2025-08-22 15:59:00,65.76,WEEK_END_CLOSE,12.30000000000011,1.2627040344934004
MO,2025-08-18 00:00:00,2025-08-19 00:00:00,0.0255621615257829,5.0,2025-08-19 10:00:00,65.9454,53.21016807731112,44.87172945258543,15,989.181,64.29676500000001,67.594035,2025-08-20 09:47:00,67.594035,TAKE_PROFIT,24.72952499999998,2.499999999999991
WFC,2025-08-18 00:00:00,2025-08-19 00:00:00,0.1347663918335296,10.0,2025-08-19 10:02:00,77.61,61.23536713470441,57.58148420539373,12,931.3199999999999,75.66975,79.55024999999999,2025-08-22 15:59:00,79.13,WEEK_END_CLOSE,18.239999999999952,1.9585105012240644
HON,2025-08-18 00:00:00,2025-08-19 00:00:00,0.1020833333333333,9.0,2025-08-19 10:05:00,204.3214,57.31448838916416,53.76013508165462,4,817.2856,199.213365,209.42943499999998,2025-08-22 10:00:00,209.42943499999998,TAKE_PROFIT,20.43213999999989,2.499999999999991
CMCSA,2025-08-18 00:00:00,2025-08-19 00:00:00,0.0032076205287713,1.0,2025-08-19 10:08:00,33.725,55.0535904782264,54.10956325909376,29,978.0250000000001,32.881875,34.568125,2025-08-22 15:59:00,34.16,WEEK_END_CLOSE,12.61499999999986,1.2898443291326833
BMY,2025-08-18 00:00:00,2025-08-19 00:00:00,0.0520893288822378,6.0,2025-08-19 10:10:00,48.57,55.85842102204418,50.8776113537357,20,971.4,47.35575,49.78424999999999,2025-08-22 15:59:00,47.9,WEEK_END_CLOSE,-13.400000000000034,-1.3794523368334421
FDX,2025-08-18 00:00:00,2025-08-19 00:00:00,0.0120481927710843,3.0,2025-08-19 10:10:00,231.37,59.11673105873596,58.3737068144175,4,925.48,225.58575,237.15425,2025-08-21 09:42:00,225.58575,STOP_LOSS,-23.137000000000057,-2.500000000000002
MRK,2025-08-18 00:00:00,2025-08-19 00:00:00,0.0622177198092102,7.0,2025-08-19 10:15:00,85.405,67.08158199578585,61.15899123904603,11,939.455,83.269875,87.54012499999999,2025-08-22 09:30:00,87.54012499999999,TAKE_PROFIT,23.486374999999867,2.499999999999991
CTAS,2025-08-18 00:00:00,2025-08-19 00:00:00,0.0039028620988725,2.0,2025-08-19 10:26:00,216.01,56.34164982236289,53.427750270927184,4,864.04,210.60975,221.41024999999996,2025-08-22 15:59:00,215.58,WEEK_END_CLOSE,-1.7199999999999136,-0.1990648581084109
CRM,2025-08-19 00:00:00,2025-08-20 00:00:00,0.1514839491217444,8.0,2025-08-20 09:52:00,246.37,58.72504741933445,56.56466175528319,4,985.48,240.21075,252.52925,2025-08-21 09:47:00,240.21075,STOP_LOSS,-24.637000000000057,-2.500000000000002
GILD,2025-08-19 00:00:00,2025-08-20 00:00:00,0.0417840375586854,4.0,2025-08-20 09:58:00,120.2189,59.388151074334154,58.60143352508055,8,961.7512,117.21342750000001,123.2243725,2025-08-21 09:30:00,115.5,STOP_LOSS_GAP,-37.75120000000004,-3.9252563448842093
MO,2025-08-19 00:00:00,2025-08-20 00:00:00,0.0797196333667103,5.0,2025-08-20 10:18:00,67.7,67.10627923644842,63.98816235993829,14,947.8000000000001,66.00750000000001,69.3925,2025-08-22 15:59:00,67.67,WEEK_END_CLOSE,-0.4200000000000159,-0.04431314623338789
HPE,2025-08-19 00:00:00,2025-08-20 00:00:00,0.0293504064455794,3.0,2025-08-20 10:19:00,20.585,36.39783474194636,31.625252093754106,48,988.08,20.070375000000002,21.099625,2025-08-20 13:53:00,21.099625,TAKE_PROFIT,24.70199999999994,2.499999999999991
NEE,2025-08-19 00:00:00,2025-08-20 00:00:00,0.1555062995800279,9.0,2025-08-20 10:51:00,76.25,48.547768312738846,46.83513445812046,13,991.25,74.34375,78.15625,2025-08-22 15:59:00,76.32,WEEK_END_CLOSE,0.9099999999999113,0.09180327868851812
HPE,2025-08-19 00:00:00,2025-08-20 00:00:00,0.0293504064455794,3.0,2025-08-20 14:25:00,20.945,49.70790336883126,48.050059975967834,47,984.415,20.421375,21.468625,2025-08-21 09:30:00,21.68,TAKE_PROFIT_GAP,34.54499999999997,3.5091907376462173
PG,2025-08-20 00:00:00,2025-08-21 00:00:00,0.042492513902752,4.0,2025-08-21 09:48:00,158.395,47.274089289994926,46.3364187172412,6,950.3700000000001,154.435125,162.354875,2025-08-22 15:59:00,158.66,WEEK_END_CLOSE,1.5899999999999181,0.16730326083524982
KKR,2025-08-20 00:00:00,2025-08-21 00:00:00,0.0183591508892713,3.0,2025-08-21 09:49:00,137.41,51.546580465010095,47.25953426421064,7,961.87,133.97475,140.84525,2025-08-22 10:03:00,140.84525,TAKE_PROFIT,24.046749999999975,2.499999999999991
CVS,2025-08-20 00:00:00,2025-08-21 00:00:00,0.0540876425136434,6.0,2025-08-21 09:51:00,70.7204,42.608531381719104,39.454005027704156,14,990.0856,68.95239,72.48840999999999,2025-08-22 15:59:00,71.29,WEEK_END_CLOSE,7.9744000000001165,0.8054253086803964
FDX,2025-08-20 00:00:00,2025-08-21 00:00:00,0.0165289256198347,2.0,2025-08-21 09:51:00,225.33,37.49721909808304,35.30159741294801,4,901.32,219.69675,230.96325,2025-08-22 10:02:00,230.96325,TAKE_PROFIT,22.5329999999999,2.499999999999991
ETN,2025-08-20 00:00:00,2025-08-21 00:00:00,0.0952380952380952,10.0,2025-08-21 09:56:00,346.991,61.62005279083424,60.47664973925855,2,693.982,338.316225,355.66577499999994,2025-08-22 15:59:00,347.61,WEEK_END_CLOSE,1.2380000000000564,0.17839079399755153
WDC,2025-08-20 00:00:00,2025-08-21 00:00:00,0.0647098065376917,8.0,2025-08-21 10:02:00,75.57,58.61844276877478,58.60775063253421,13,982.4099999999999,73.68074999999999,77.45924999999998,2025-08-22 15:59:00,76.97,WEEK_END_CLOSE,18.200000000000074,1.8525870054254323
FCX,2025-08-21 00:00:00,2025-08-22 00:00:00,0.0771938057250117,8.0,2025-08-22 09:45:00,41.93,60.78714766942198,57.58448286855715,23,964.39,40.88175,42.978249999999996,2025-08-22 10:34:00,42.978249999999996,TAKE_PROFIT,24.109749999999906,2.499999999999991
ABBV,2025-08-21 00:00:00,2025-08-22 00:00:00,0.1047661469933184,9.0,2025-08-22 10:00:00,210.795,53.671814211495615,44.788858419603656,4,843.18,205.52512499999997,216.06487499999997,2025-08-22 15:59:00,210.62,WEEK_END_CLOSE,-0.6999999999999318,-0.083019046941335
APO,2025-08-21 00:00:00,2025-08-22 00:00:00,0.0141200951248513,2.0,2025-08-22 10:00:00,136.505,72.82397770418714,52.66597826620184,7,955.535,133.092375,139.917625,2025-08-22 15:59:00,134.26,WEEK_END_CLOSE,-15.715000000000032,-1.644628401890047
KMI,2025-08-21 00:00:00,2025-08-22 00:00:00,0.0403387039868281,4.0,2025-08-22 10:16:00,26.875,53.830355197387384,50.7377364744121,37,994.375,26.203125,27.546874999999996,2025-08-22 15:59:00,26.69,WEEK_END_CLOSE,-6.844999999999953,-0.6883720930232484
EMR,2025-08-21 00:00:00,2025-08-22 00:00:00,0.1168831168831168,10.0,2025-08-22 10:25:00,133.225,63.50784489347755,60.14530734466046,7,932.5749999999999,129.894375,136.555625,2025-08-22 15:59:00,133.71,WEEK_END_CLOSE,3.3950000000000955,0.36404578720210523
FDX,2025-08-21 00:00:00,2025-08-22 00:00:00,0.0014781966001478,1.0,2025-08-22 10:35:00,235.2675,73.77178493857686,73.51746647657927,4,941.07,229.38581250000001,241.14918749999998,2025-08-22 15:59:00,236.81,WEEK_END_CLOSE,6.169999999999959,0.655636668898163
FCX,2025-08-21 00:00:00,2025-08-22 00:00:00,0.0771938057250117,8.0,2025-08-22 10:37:00,42.98,67.62587531394945,65.80612043000536,23,988.54,41.905499999999996,44.05449999999999,2025-08-22 15:59:00,43.28,WEEK_END_CLOSE,6.900000000000098,0.6979990693345872
AFL,2025-08-21 00:00:00,2025-08-22 00:00:00,0.0416666666666666,5.0,2025-08-22 10:55:00,109.24,58.15505919971156,55.65068770297134,9,983.16,106.50899999999999,111.97099999999999,2025-08-22 15:59:00,108.44,WEEK_END_CLOSE,-7.199999999999974,-0.7323324789454411
EMR,2025-08-22 00:00:00,2025-08-25 00:00:00,0.0694444444444444,5.0,2025-08-25 09:45:00,133.74,45.194674601957395,45.06405685767153,7,936.1800000000001,130.3965,137.0835,2025-08-29 15:59:00,131.92,WEEK_END_CLOSE,-12.740000000000151,-1.3608494093016454
HPE,2025-08-22 00:00:00,2025-08-25 00:00:00,0.0788165954004391,7.0,2025-08-25 09:48:00,22.445,45.44753780618129,44.12598561210761,44,987.58,21.883875,23.006124999999997,2025-08-28 09:33:00,23.006124999999997,TAKE_PROFIT,24.689499999999867,2.499999999999991
CVS,2025-08-22 00:00:00,2025-08-25 00:00:00,0.1126121684252046,9.0,2025-08-25 09:49:00,71.255,48.67188002789543,48.01268981434572,14,997.5699999999999,69.473625,73.03637499999999,2025-08-29 10:00:00,73.03637499999999,TAKE_PROFIT,24.93924999999996,2.499999999999991
KKR,2025-08-22 00:00:00,2025-08-25 00:00:00,0.0516080777860882,4.0,2025-08-25 09:49:00,141.395,43.726804681436946,43.37526860712582,7,989.7650000000001,137.860125,144.929875,2025-08-26 09:33:00,137.860125,STOP_LOSS,-24.744124999999997,-2.500000000000002
CMCSA,2025-08-22 00:00:00,2025-08-25 00:00:00,0.000914913083257,1.0,2025-08-25 09:55:00,34.095,62.33382719569271,60.08251675340876,29,988.755,33.242625,34.947374999999994,2025-08-29 15:59:00,33.99,WEEK_END_CLOSE,-3.0449999999999093,-0.30796304443465594
SNPS,2025-08-22 00:00:00,2025-08-25 00:00:00,0.1313868613138686,10.0,2025-08-25 09:56:00,601.49,44.55563694808696,44.37941258794675,1,601.49,586.45275,616.52725,2025-08-29 15:59:00,603.27,WEEK_END_CLOSE,1.7799999999999727,0.2959317694392283
SO,2025-08-22 00:00:00,2025-08-25 00:00:00,0.1043165467625899,8.0,2025-08-25 10:18:00,93.71,41.932241390717266,41.779008329456964,10,937.0999999999999,91.36725,96.05274999999999,2025-08-29 15:59:00,92.32,WEEK_END_CLOSE,-13.900000000000006,-1.4832995411375505
SPGI,2025-08-22 00:00:00,2025-08-25 00:00:00,0.0714285714285714,6.0,2025-08-25 10:18:00,552.9015,44.00418552363522,40.550353898673244,1,552.9015,539.0789625,566.7240375,2025-08-29 15:59:00,548.44,WEEK_END_CLOSE,-4.461500000000001,-0.8069249224319397
FDX,2025-08-22 00:00:00,2025-08-25 00:00:00,0.0094562647754137,3.0,2025-08-25 10:28:00,233.805,45.446401516397614,41.80817540661595,4,935.22,227.959875,239.65012499999997,2025-08-29 15:59:00,231.07,WEEK_END_CLOSE,-10.940000000000055,-1.1697782339984197
KMI,2025-08-22 00:00:00,2025-08-25 00:00:00,0.0049530099060198,2.0,2025-08-25 10:55:00,26.495,42.91527411114354,39.22112814967881,37,980.315,25.832625,27.157375,2025-08-29 15:59:00,26.985,WEEK_END_CLOSE,18.129999999999942,1.8494055482166427
GILD,2025-08-25 00:00:00,2025-08-26 00:00:00,0.1616939364773821,8.0,2025-08-26 09:59:00,114.72,53.96897411205589,53.091202025086154,8,917.76,111.85199999999999,117.588,2025-08-29 15:59:00,113.0,WEEK_END_CLOSE,-13.759999999999991,-1.4993026499302675
MDT,2025-08-25 00:00:00,2025-08-26 00:00:00,0.1705583756345177,9.0,2025-08-26 10:05:00,92.12,49.726576580014225,48.88148960263651,10,921.2,89.81700000000001,94.423,2025-08-29 15:59:00,92.82,WEEK_END_CLOSE,6.999999999999886,0.7598784194528863
MCK,2025-08-25 00:00:00,2025-08-26 00:00:00,0.1343283582089552,5.0,2025-08-26 10:07:00,678.12,44.439330334840086,43.51575874572916,1,678.12,661.167,695.073,2025-08-29 15:59:00,687.09,WEEK_END_CLOSE,8.970000000000027,1.322774730136267
UBER,2025-08-25 00:00:00,2025-08-26 00:00:00,0.1821547872982654,10.0,2025-08-26 10:09:00,95.57,50.22533410477521,47.54743439576543,10,955.6999999999999,93.18074999999999,97.95924999999998,2025-08-29 09:41:00,93.18074999999999,STOP_LOSS,-23.89250000000004,-2.500000000000002
HON,2025-08-25 00:00:00,2025-08-26 00:00:00,0.1510574018126888,7.0,2025-08-26 10:21:00,208.7041,51.894635970281755,51.68883002973124,4,834.8164,203.4864975,213.92170249999998,2025-08-29 15:59:00,206.8049,WEEK_END_CLOSE,-7.59680000000003,-0.9099964974334518
BSX,2025-08-26 00:00:00,2025-08-27 00:00:00,0.1180648024855747,7.0,2025-08-27 09:47:00,106.5455,61.8903495549457,56.85932382754533,9,958.9095,103.8818625,109.2091375,2025-08-29 15:59:00,105.55,WEEK_END_CLOSE,-8.959500000000062,-0.9343426048026515
MDLZ,2025-08-26 00:00:00,2025-08-27 00:00:00,0.1333333333333333,9.0,2025-08-27 09:49:00,61.65,49.649855108194245,48.61807319420572,16,986.4,60.10875,63.19125,2025-08-29 15:59:00,61.45,WEEK_END_CLOSE,-3.199999999999932,-0.32441200324411223
KKR,2025-08-26 00:00:00,2025-08-27 00:00:00,0.0338983050847457,4.0,2025-08-27 09:52:00,140.69,59.43251466362739,57.924908843295576,7,984.8299999999999,137.17275,144.20725,2025-08-29 15:59:00,139.56,WEEK_END_CLOSE,-7.909999999999968,-0.8031843059208121
ETN,2025-08-26 00:00:00,2025-08-27 00:00:00,0.1245674740484429,8.0,2025-08-27 09:57:00,351.9,55.219831074828484,51.2062574019152,2,703.8,343.10249999999996,360.69749999999993,2025-08-29 15:59:00,349.24,WEEK_END_CLOSE,-5.319999999999936,-0.7558965615231505
ADI,2025-08-26 00:00:00,2025-08-27 00:00:00,0.1349693251533742,10.0,2025-08-27 10:35:00,253.3999,39.682640650414406,37.86064025955125,3,760.1997,247.0649025,259.7348975,2025-08-29 15:59:00,251.28,WEEK_END_CLOSE,-6.359700000000004,-0.8365828084383575
AMGN,2025-08-27 00:00:00,2025-08-28 00:00:00,0.1122047244094488,10.0,2025-08-28 09:48:00,286.13,48.521746972367126,46.430336013851814,3,858.39,278.97675,293.28324999999995,2025-08-29 15:59:00,287.71,WEEK_END_CLOSE,4.739999999999952,0.5521965540139062
USB,2025-08-27 00:00:00,2025-08-28 00:00:00,0.0067379390890306,2.0,2025-08-28 09:49:00,48.7,48.73690708497838,47.66320453262969,20,974.0,47.4825,49.9175,2025-08-29 15:59:00,48.87,WEEK_END_CLOSE,3.399999999999892,0.34907597535933643
EOG,2025-08-27 00:00:00,2025-08-28 00:00:00,0.0637450199203187,7.0,2025-08-28 09:50:00,122.51,47.95752587549284,42.48610568730665,8,980.08,119.44725,125.57275,2025-08-29 09:47:00,125.57275,TAKE_PROFIT,24.501999999999953,2.499999999999991
BMY,2025-08-27 00:00:00,2025-08-28 00:00:00,0.0352609308885754,4.0,2025-08-28 09:51:00,47.32,51.80440715780102,49.4175157691645,21,993.72,46.137,48.50299999999999,2025-08-29 15:59:00,47.2,WEEK_END_CLOSE,-2.5199999999999463,-0.2535925612848655
CI,2025-08-27 00:00:00,2025-08-28 00:00:00,0.0976909413854351,9.0,2025-08-28 09:53:00,298.13,51.50350728200862,49.72839281465982,3,894.39,290.67674999999997,305.58324999999996,2025-08-29 15:59:00,301.12,WEEK_END_CLOSE,8.970000000000027,1.0029181900513162
CTAS,2025-08-27 00:00:00,2025-08-28 00:00:00,0.0416666666666666,6.0,2025-08-28 10:17:00,211.1,46.63983987080469,38.154931892843855,4,844.4,205.8225,216.37749999999997,2025-08-29 15:59:00,210.11,WEEK_END_CLOSE,-3.9599999999999227,-0.4689720511605766
CSCO,2025-08-27 00:00:00,2025-08-28 00:00:00,0.0973825226710634,8.0,2025-08-28 10:47:00,68.8599,56.75229424477897,54.87704196710787,14,964.0386,67.1384025,70.5813975,2025-08-29 15:59:00,69.13,WEEK_END_CLOSE,3.7813999999999908,0.3922457046844352
VRT,2025-08-28 00:00:00,2025-08-29 00:00:00,0.1166425792106726,10.0,2025-08-29 09:53:00,129.67,36.62963023309027,35.24214824946682,7,907.6899999999999,126.42824999999999,132.91174999999998,2025-08-29 10:47:00,126.42824999999999,STOP_LOSS,-22.692249999999973,-2.500000000000002
WBD,2025-08-28 00:00:00,2025-08-29 00:00:00,0.0605317744672826,7.0,2025-08-29 10:17:00,11.735,38.354940696158344,35.527394752069554,85,997.4749999999999,11.441624999999998,12.028374999999999,2025-08-29 15:59:00,11.63,WEEK_END_CLOSE,-8.924999999999885,-0.8947592671495364
KO,2025-08-28 00:00:00,2025-08-29 00:00:00,0.1109120969964177,9.0,2025-08-29 10:20:00,68.775,50.560678766366514,49.60054636111643,14,962.8500000000001,67.055625,70.494375,2025-08-29 15:59:00,69.02,WEEK_END_CLOSE,3.4299999999998647,0.3562340966920985
RTX,2025-08-28 00:00:00,2025-08-29 00:00:00,0.0324677435080763,6.0,2025-08-29 10:34:00,159.14,44.113268429539026,40.03332172225689,6,954.8399999999999,155.1615,163.11849999999998,2025-08-29 15:59:00,158.64,WEEK_END_CLOSE,-3.0,-0.3141887646097796
VRT,2025-08-28 00:00:00,2025-08-29 00:00:00,0.1166425792106726,10.0,2025-08-29 10:48:00,126.59,38.7209358654962,34.35827605548419,7,886.13,123.42525,129.75475,2025-08-29 15:59:00,127.55,WEEK_END_CLOSE,6.719999999999956,0.7583537404218355
BSX,2025-08-29 00:00:00,2025-09-02 00:00:00,0.0472494093823827,4.0,2025-09-02 09:45:00,105.06,50.603370614277246,46.59085034138665,9,945.54,102.4335,107.6865,2025-09-03 09:36:00,107.6865,TAKE_PROFIT,23.638499999999937,2.499999999999991
EMR,2025-08-29 00:00:00,2025-09-02 00:00:00,0.0666666666666666,6.0,2025-09-02 09:48:00,130.415,47.943990803011054,46.59671252740286,7,912.905,127.154625,133.67537499999997,2025-09-05 09:30:00,133.67537499999997,TAKE_PROFIT,22.822624999999874,2.499999999999991
USB,2025-08-29 00:00:00,2025-09-02 00:00:00,0.0422832980972515,3.0,2025-09-02 09:49:00,48.15,42.59342799241329,38.33020860745462,20,963.0,46.94625,49.35374999999999,2025-09-05 09:31:00,49.35374999999999,TAKE_PROFIT,24.074999999999847,2.499999999999991
ABNB,2025-08-29 00:00:00,2025-09-02 00:00:00,0.0675375208449138,7.0,2025-09-02 09:50:00,129.045,49.05860164494502,44.765480374017,7,903.3149999999999,125.81887499999999,132.27112499999998,2025-09-03 10:01:00,125.81887499999999,STOP_LOSS,-22.582874999999973,-2.500000000000002
CMCSA,2025-08-29 00:00:00,2025-09-02 00:00:00,0.025,2.0,2025-09-02 09:52:00,33.845,54.43152821618279,52.69695206616816,29,981.505,32.998875,34.69112499999999,2025-09-05 15:59:00,33.92,WEEK_END_CLOSE,2.1750000000000824,0.22159846358400515
AMGN,2025-08-29 00:00:00,2025-09-02 00:00:00,0.0906593406593406,8.0,2025-09-02 09:57:00,287.41,55.0783510003665,53.07915657877939,3,862.23,280.22475000000003,294.59525,2025-09-04 12:19:00,280.22475000000003,STOP_LOSS,-21.55574999999999,-2.500000000000002
UPS,2025-08-29 00:00:00,2025-09-02 00:00:00,0.0922208004235979,9.0,2025-09-02 09:59:00,85.7,41.319356651315275,40.90981370479394,11,942.7,83.5575,87.8425,2025-09-05 15:59:00,85.035,WEEK_END_CLOSE,-7.315000000000069,-0.7759626604434189
FDX,2025-08-29 00:00:00,2025-09-02 00:00:00,0.0003720930232558,1.0,2025-09-02 10:03:00,224.96,45.81522324330634,41.40967444910212,4,899.84,219.336,230.58399999999997,2025-09-05 15:59:00,227.64,WEEK_END_CLOSE,10.719999999999914,1.191322901849201
COHR,2025-08-29 00:00:00,2025-09-02 00:00:00,0.0476190476190476,5.0,2025-09-02 10:20:00,86.88,40.33382027588252,40.03721171875784,11,955.68,84.708,89.05199999999999,2025-09-03 10:09:00,89.05199999999999,TAKE_PROFIT,23.891999999999967,2.499999999999991
ROST,2025-08-29 00:00:00,2025-09-02 00:00:00,0.1115577889447236,10.0,2025-09-02 10:41:00,149.935,69.45842843071229,66.122591765237,6,899.61,146.186625,153.68337499999998,2025-09-05 15:59:00,150.98,WEEK_END_CLOSE,6.269999999999925,0.6969686864307878
CSX,2025-09-02 00:00:00,2025-09-03 00:00:00,0.1592241390929307,10.0,2025-09-03 09:46:00,32.195,51.84222778911941,50.738144182953825,31,998.045,31.390125,32.999874999999996,2025-09-05 15:59:00,32.53,WEEK_END_CLOSE,10.385000000000026,1.0405342444478993
TJX,2025-09-02 00:00:00,2025-09-03 00:00:00,0.1113205965571539,6.0,2025-09-03 09:57:00,138.76,55.44312258700111,54.43252247365292,7,971.3199999999999,135.291,142.22899999999998,2025-09-05 15:59:00,139.25,WEEK_END_CLOSE,3.4300000000000637,0.35312770250792713
MCO,2025-09-02 00:00:00,2025-09-03 00:00:00,0.0754310344827586,4.0,2025-09-03 10:03:00,496.155,47.097598055728916,46.40316682030605,2,992.31,483.75112499999994,508.55887499999994,2025-09-05 15:59:00,499.41,WEEK_END_CLOSE,6.510000000000105,0.6560449859418949
WELL,2025-09-02 00:00:00,2025-09-03 00:00:00,0.0666666666666666,3.0,2025-09-03 10:04:00,167.83,56.65541244416943,53.972529114658236,5,839.1500000000001,163.63425,172.02575,2025-09-05 15:59:00,167.76,WEEK_END_CLOSE,-0.350000000000108,-0.04170887207294305
AJG,2025-09-02 00:00:00,2025-09-03 00:00:00,0.0269525267993874,1.0,2025-09-03 10:11:00,303.78,55.10135057843471,51.649319608999086,3,911.3399999999999,296.1855,311.37449999999995,2025-09-05 15:59:00,299.06,WEEK_END_CLOSE,-14.159999999999911,-1.553756007637097
WM,2025-09-02 00:00:00,2025-09-03 00:00:00,0.0565457897971727,2.0,2025-09-03 10:11:00,223.995,47.432674389274005,45.82951347416205,4,895.98,218.395125,229.59487499999997,2025-09-05 15:59:00,220.1,WEEK_END_CLOSE,-15.580000000000041,-1.738878099957597
HCA,2025-09-02 00:00:00,2025-09-03 00:00:00,0.1451612903225806,8.0,2025-09-03 10:21:00,404.615,55.01133907804787,50.32156667915452,2,809.23,394.499625,414.730375,2025-09-04 11:47:00,414.730375,TAKE_PROFIT,20.230749999999944,2.499999999999991
NOC,2025-09-02 00:00:00,2025-09-03 00:00:00,0.1568627450980392,9.0,2025-09-03 10:34:00,579.39,43.88493563646062,37.04146431632857,1,579.39,564.90525,593.87475,2025-09-05 15:59:00,580.59,WEEK_END_CLOSE,1.2000000000000455,0.20711437891576256
KKR,2025-09-02 00:00:00,2025-09-03 00:00:00,0.1426371149511645,7.0,2025-09-03 10:42:00,136.47,43.64095845487042,39.58691568625797,7,955.29,133.05825,139.88174999999998,2025-09-05 11:10:00,133.05825,STOP_LOSS,-23.882250000000084,-2.5000000000000133
GILD,2025-09-03 00:00:00,2025-09-04 00:00:00,0.0414321284090334,7.0,2025-09-04 09:46:00,113.38,60.61253628536159,56.1512062173572,8,907.04,110.54549999999999,116.21449999999999,2025-09-05 15:59:00,115.05,WEEK_END_CLOSE,13.360000000000014,1.472922914094199
VLO,2025-09-03 00:00:00,2025-09-04 00:00:00,0.0594384614320495,9.0,2025-09-04 09:48:00,156.08,61.66011524080874,61.169820508999784,6,936.48,152.178,159.982,2025-09-05 15:59:00,156.71,WEEK_END_CLOSE,3.7799999999999727,0.4036391594054223
ECL,2025-09-03 00:00:00,2025-09-04 00:00:00,0.0060698027314112,3.0,2025-09-04 09:53:00,274.72,62.89787253817275,61.37853489781002,3,824.1600000000001,267.85200000000003,281.588,2025-09-05 15:59:00,273.59,WEEK_END_CLOSE,-3.390000000000157,-0.41132789749565024
LOW,2025-09-03 00:00:00,2025-09-04 00:00:00,0.0606274302395669,10.0,2025-09-04 10:23:00,262.9,62.63426616120074,55.66985710892017,3,788.6999999999999,256.3275,269.47249999999997,2025-09-05 09:32:00,269.47249999999997,TAKE_PROFIT,19.717499999999973,2.499999999999991
SPGI,2025-09-03 00:00:00,2025-09-04 00:00:00,0.0110786234768232,4.0,2025-09-04 10:23:00,542.32,65.68888351975642,63.96395398221513,1,542.32,528.7620000000001,555.878,2025-09-05 15:59:00,537.96,WEEK_END_CLOSE,-4.360000000000014,-0.8039533854550807
AON,2025-09-03 00:00:00,2025-09-04 00:00:00,0.0,1.0,2025-09-04 10:43:00,373.5,59.919335035986066,55.51648917421645,2,747.0,364.16249999999997,382.8375,2025-09-05 15:59:00,370.13,WEEK_END_CLOSE,-6.740000000000009,-0.9022757697456529
ICE,2025-09-04 00:00:00,2025-09-05 00:00:00,0.0198255352894528,4.0,2025-09-05 09:51:00,174.42,52.65937916971693,52.1895168727608,5,872.0999999999999,170.05949999999999,178.78049999999996,2025-09-05 15:59:00,174.33,WEEK_END_CLOSE,-0.44999999999987494,-0.051599587203288166
MCK,2025-09-04 00:00:00,2025-09-05 00:00:00,0.0178323594929032,3.0,2025-09-05 09:55:00,686.0988,49.96987605689667,40.23018794065166,1,686.0988,668.94633,703.25127,2025-09-05 15:59:00,687.2,WEEK_END_CLOSE,1.1012000000000626,0.16050166535783728
HCA,2025-09-04 00:00:00,2025-09-05 00:00:00,0.0753690753690753,9.0,2025-09-05 10:15:00,416.18,64.35658256653176,59.855459729924895,2,832.36,405.7755,426.5845,2025-09-05 15:59:00,420.92,WEEK_END_CLOSE,9.480000000000018,1.1389302705560045
LITE,2025-09-04 00:00:00,2025-09-05 00:00:00,0.0856278366111951,10.0,2025-09-05 10:53:00,146.07,52.45298561729512,49.097415730192054,6,876.42,142.41825,149.72175,2025-09-05 15:59:00,149.46,WEEK_END_CLOSE,20.34000000000009,2.3208050934483637
ECL,2025-09-05 00:00:00,2025-09-08 00:00:00,0.0784313725490196,7.0,2025-09-08 09:46:00,273.015,47.87776577760471,45.39821443692239,3,819.045,266.189625,279.84037499999994,2025-09-12 15:59:00,272.61,WEEK_END_CLOSE,-1.2149999999999181,-0.14834349761001508
WBD,2025-09-05 00:00:00,2025-09-08 00:00:00,0.0860269134638463,9.0,2025-09-08 09:47:00,12.025,50.89744183019591,46.47843680310894,83,998.075,11.724375,12.325624999999999,2025-09-08 15:09:00,12.325624999999999,TAKE_PROFIT,24.951874999999866,2.499999999999991
AON,2025-09-05 00:00:00,2025-09-08 00:00:00,0.0080971659919028,1.0,2025-09-08 09:50:00,366.75,46.21260766512297,44.905420551050085,2,733.5,357.58125,375.91875,2025-09-12 15:59:00,372.13,WEEK_END_CLOSE,10.759999999999991,1.4669393319699964
SPGI,2025-09-05 00:00:00,2025-09-08 00:00:00,0.0570436507936508,5.0,2025-09-08 09:53:00,537.75,54.338748760287054,53.915823285308726,1,537.75,524.30625,551.1937499999999,2025-09-11 14:49:00,551.1937499999999,TAKE_PROFIT,13.443749999999909,2.499999999999991
MCO,2025-09-05 00:00:00,2025-09-08 00:00:00,0.0795454545454545,8.0,2025-09-08 09:54:00,499.84,57.11319153876114,54.893407020005235,2,999.68,487.34399999999994,512.3359999999999,2025-09-11 10:01:00,512.3359999999999,TAKE_PROFIT,24.991999999999848,2.499999999999991
CMI,2025-09-05 00:00:00,2025-09-08 00:00:00,0.0869565217391304,10.0,2025-09-08 09:55:00,397.45,44.09221358311377,43.06343422596306,2,794.9,387.51374999999996,407.38624999999996,2025-09-11 09:39:00,407.38624999999996,TAKE_PROFIT,19.872499999999945,2.499999999999991
FDX,2025-09-05 00:00:00,2025-09-08 00:00:00,0.0170121468113733,2.0,2025-09-08 09:58:00,223.5,41.52613040005978,41.06971665134784,4,894.0,217.9125,229.08749999999998,2025-09-11 09:56:00,229.08749999999998,TAKE_PROFIT,22.34999999999991,2.499999999999991
CMCSA,2025-09-05 00:00:00,2025-09-08 00:00:00,0.0452742137758055,4.0,2025-09-08 09:59:00,33.365,54.90772685845658,52.64565404353517,29,967.585,32.530875,34.199125,2025-09-12 13:51:00,32.530875,STOP_LOSS,-24.189625000000007,-2.500000000000002
EMR,2025-09-05 00:00:00,2025-09-08 00:00:00,0.0439189189189189,3.0,2025-09-08 10:01:00,132.01,46.17373045216965,43.75235583094814,7,924.0699999999999,128.70974999999999,135.31024999999997,2025-09-10 10:12:00,135.31024999999997,TAKE_PROFIT,23.10174999999984,2.499999999999991
GLW,2025-09-05 00:00:00,2025-09-08 00:00:00,0.0651395897323387,6.0,2025-09-08 10:05:00,71.79,53.85140142664267,52.189783449081155,13,933.2700000000001,69.99525,73.58475,2025-09-10 09:36:00,73.58475,TAKE_PROFIT,23.331749999999914,2.499999999999991
WBD,2025-09-05 00:00:00,2025-09-08 00:00:00,0.0860269134638463,9.0,2025-09-08 15:13:00,12.31,60.232581213256,59.25041073806173,81,997.11,12.00225,12.61775,2025-09-10 11:02:00,12.00225,STOP_LOSS,-24.92775000000003,-2.500000000000002
AEP,2025-09-08 00:00:00,2025-09-09 00:00:00,0.0428051001821493,2.0,2025-09-09 09:48:00,107.405,54.17309868087288,51.30422431246015,9,966.645,104.719875,110.09012499999999,2025-09-12 15:59:00,109.46,WEEK_END_CLOSE,18.494999999999933,1.9133187467994972
ICE,2025-09-08 00:00:00,2025-09-09 00:00:00,0.1798107255520504,9.0,2025-09-09 09:48:00,174.05,51.69879767976892,51.04036714929397,5,870.25,169.69875000000002,178.40125,2025-09-12 15:59:00,173.92,WEEK_END_CLOSE,-0.6500000000001194,-0.07469118069521885
NEE,2025-09-08 00:00:00,2025-09-09 00:00:00,0.1817040775575009,10.0,2025-09-09 09:53:00,69.86,51.93325658349348,51.12334766158482,14,978.04,68.1135,71.6065,2025-09-12 09:36:00,71.6065,TAKE_PROFIT,24.450999999999965,2.499999999999991
ALL,2025-09-08 00:00:00,2025-09-09 00:00:00,0.1636363636363636,6.0,2025-09-09 10:04:00,201.16,54.41781563276114,53.228815068313516,4,804.64,196.131,206.18899999999996,2025-09-12 15:59:00,200.38,WEEK_END_CLOSE,-3.1200000000000045,-0.38775104394511706
TRV,2025-09-09 00:00:00,2025-09-10 00:00:00,0.05,3.0,2025-09-10 09:46:00,271.415,41.52206444058126,37.953785020709994,3,814.2450000000001,264.62962500000003,278.200375,2025-09-11 15:34:00,278.200375,TAKE_PROFIT,20.356124999999963,2.499999999999991
BRK.B,2025-09-09 00:00:00,2025-09-10 00:00:00,0.109528148938163,9.0,2025-09-10 09:48:00,490.105,50.58189639005405,45.457392334785986,2,980.21,477.852375,502.357625,2025-09-12 15:59:00,493.73,WEEK_END_CLOSE,7.25,0.7396374246334991
SPG,2025-09-09 00:00:00,2025-09-10 00:00:00,0.0762124711316397,5.0,2025-09-10 09:48:00,179.44,59.2680109308589,53.51380907142724,5,897.2,174.954,183.926,2025-09-11 15:57:00,183.926,TAKE_PROFIT,22.42999999999995,2.499999999999991
WELL,2025-09-09 00:00:00,2025-09-10 00:00:00,0.0714285714285714,4.0,2025-09-10 09:59:00,169.75,52.271448647567496,46.861882682918406,5,848.75,165.50625,173.99374999999998,2025-09-12 15:59:00,169.12,WEEK_END_CLOSE,-3.1499999999999773,-0.3711340206185576
HPE,2025-09-09 00:00:00,2025-09-10 00:00:00,0.109596013400275,10.0,2025-09-10 10:05:00,24.665,68.22415487788442,67.99193381457104,40,986.5999999999999,24.048375,25.281625,2025-09-12 15:59:00,24.73,WEEK_END_CLOSE,2.600000000000051,0.2635313196837741
CSX,2025-09-09 00:00:00,2025-09-10 00:00:00,0.1046277395788568,8.0,2025-09-10 10:08:00,32.28,54.813623218205365,48.31517344024478,30,968.4000000000001,31.473,33.086999999999996,2025-09-12 15:59:00,32.455,WEEK_END_CLOSE,5.249999999999915,0.5421313506815295
JCI,2025-09-10 00:00:00,2025-09-11 00:00:00,0.0544554455445544,8.0,2025-09-11 09:46:00,107.815,54.95502892658705,51.81066532652484,9,970.335,105.119625,110.51037499999998,2025-09-12 15:59:00,107.52,WEEK_END_CLOSE,-2.6550000000000153,-0.27361684366739025
ABT,2025-09-10 00:00:00,2025-09-11 00:00:00,0.063569453025413,9.0,2025-09-11 09:55:00,130.19,61.66241089945218,56.952392075076006,7,911.3299999999999,126.93525,133.44475,2025-09-12 09:55:00,133.46,TAKE_PROFIT_GAP,22.89000000000007,2.5117136492818215
MMM,2025-09-10 00:00:00,2025-09-11 00:00:00,0.0915083777918154,10.0,2025-09-11 10:15:00,157.39,75.42994711541412,72.87864451158623,6,944.3399999999999,153.45524999999998,161.32474999999997,2025-09-12 10:00:00,161.32474999999997,TAKE_PROFIT,23.60849999999988,2.499999999999991
BSX,2025-09-10 00:00:00,2025-09-11 00:00:00,0.0324522943338999,4.0,2025-09-11 10:19:00,104.505,53.67330405389745,52.15166439606139,9,940.545,101.89237499999999,107.11762499999999,2025-09-12 15:59:00,102.69,WEEK_END_CLOSE,-16.33499999999998,-1.7367590067460914
TEL,2025-09-10 00:00:00,2025-09-11 00:00:00,0.0512820512820512,7.0,2025-09-11 10:23:00,212.55,68.19043194195086,66.84903124470979,4,850.2,207.23625,217.86374999999998,2025-09-12 15:59:00,209.78,WEEK_END_CLOSE,-11.080000000000041,-1.3032227711126887
FDX,2025-09-10 00:00:00,2025-09-11 00:00:00,0.0206545804229688,2.0,2025-09-11 10:26:00,229.0,59.20227108496874,58.59213019455341,4,916.0,223.275,234.72499999999997,2025-09-12 15:59:00,229.56,WEEK_END_CLOSE,2.240000000000009,0.24454148471615422
CSCO,2025-09-11 00:00:00,2025-09-12 00:00:00,0.0668431412230108,7.0,2025-09-12 09:49:00,66.91,48.25335165066562,45.2644444544454,14,936.74,65.23724999999999,68.58274999999999,2025-09-12 15:59:00,66.505,WEEK_END_CLOSE,-5.670000000000016,-0.605290688985205
SPGI,2025-09-11 00:00:00,2025-09-12 00:00:00,0.0657894736842105,6.0,2025-09-12 09:50:00,549.81,54.40464564601984,49.75929413324891,1,549.81,536.0647499999999,563.5552499999999,2025-09-12 15:59:00,544.12,WEEK_END_CLOSE,-5.689999999999941,-1.034902966479323
CI,2025-09-11 00:00:00,2025-09-12 00:00:00,0.031467920512128,5.0,2025-09-12 09:56:00,307.45,62.03829816669747,53.256765873333784,3,922.3499999999999,299.76374999999996,315.13624999999996,2025-09-12 15:59:00,302.69,WEEK_END_CLOSE,-14.279999999999973,-1.5482192226378255
ETN,2025-09-11 00:00:00,2025-09-12 00:00:00,0.0859037074379033,10.0,2025-09-12 10:04:00,362.05,55.99923501401812,54.168210911436475,2,724.1,352.99875000000003,371.10125,2025-09-12 15:59:00,365.91,WEEK_END_CLOSE,7.720000000000027,1.0661510841044164
WM,2025-09-11 00:00:00,2025-09-12 00:00:00,0.0150375939849624,1.0,2025-09-12 10:36:00,218.55,40.827065636851565,40.306381292538056,4,874.2,213.08625,224.01375,2025-09-12 15:59:00,218.11,WEEK_END_CLOSE,-1.759999999999991,-0.20132692747655279
CME,2025-09-11 00:00:00,2025-09-12 00:00:00,0.0298759864712514,4.0,2025-09-12 10:37:00,261.405,46.22348175244503,45.44047445443759,3,784.2149999999999,254.86987499999998,267.94012499999997,2025-09-12 15:59:00,262.22,WEEK_END_CLOSE,2.4450000000001637,0.31177674489779594
PH,2025-09-11 00:00:00,2025-09-12 00:00:00,0.0215439856373429,2.0,2025-09-12 10:41:00,760.68,47.33855094798324,39.615429704532914,1,760.68,741.6629999999999,779.6969999999999,2025-09-12 15:59:00,759.23,WEEK_END_CLOSE,-1.4499999999999318,-0.19061891991375424
ITW,2025-09-11 00:00:00,2025-09-12 00:00:00,0.0674157303370786,8.0,2025-09-12 10:49:00,263.305,43.53324938043017,38.91852374675079,3,789.915,256.722375,269.88762499999996,2025-09-12 15:59:00,263.42,WEEK_END_CLOSE,0.3450000000000273,0.043675585347791035
CL,2025-09-12 00:00:00,2025-09-15 00:00:00,0.0727299830435835,8.0,2025-09-15 09:47:00,83.27,41.92758473012061,38.194018356317734,12,999.24,81.18825,85.35175,2025-09-18 09:30:00,81.18825,STOP_LOSS,-24.980999999999995,-2.500000000000002
CMCSA,2025-09-12 00:00:00,2025-09-15 00:00:00,0.0780755402258624,9.0,2025-09-15 09:47:00,33.115,58.38578224016556,56.03248003692962,30,993.45,32.287125,33.942875,2025-09-16 09:50:00,32.287125,STOP_LOSS,-24.836249999999964,-2.499999999999991
CI,2025-09-12 00:00:00,2025-09-15 00:00:00,0.0616309712940868,5.0,2025-09-15 09:49:00,300.4699,35.906202793156965,35.15250015408579,3,901.4096999999999,292.9581525,307.98164749999995,2025-09-16 10:09:00,292.9581525,STOP_LOSS,-22.535242500000038,-2.500000000000002
AMT,2025-09-12 00:00:00,2025-09-15 00:00:00,0.0710382513661202,7.0,2025-09-15 09:53:00,195.58,45.97065771078961,43.746857542714466,5,977.9000000000001,190.69050000000001,200.46949999999998,2025-09-15 11:45:00,190.69050000000001,STOP_LOSS,-24.44749999999999,-2.500000000000002
SPGI,2025-09-12 00:00:00,2025-09-15 00:00:00,0.058717253839205,4.0,2025-09-15 09:54:00,545.115,45.28149459300477,43.27062015711664,1,545.115,531.487125,558.7428749999999,2025-09-18 10:31:00,531.487125,STOP_LOSS,-13.627875000000017,-2.500000000000002
MNST,2025-09-12 00:00:00,2025-09-15 00:00:00,0.0709219858156028,6.0,2025-09-15 09:57:00,65.07,58.271451216002596,55.30971065343257,15,976.05,63.44324999999999,66.69674999999998,2025-09-17 09:36:00,66.69674999999998,TAKE_PROFIT,24.401249999999806,2.499999999999991
DUK,2025-09-12 00:00:00,2025-09-15 00:00:00,0.0785854616895874,10.0,2025-09-15 10:01:00,121.94,42.996343586536355,41.65351563299313,8,975.52,118.8915,124.98849999999999,2025-09-19 15:59:00,121.08,WEEK_END_CLOSE,-6.8799999999999955,-0.705264884369361
EMR,2025-09-12 00:00:00,2025-09-15 00:00:00,0.0548416749789747,2.0,2025-09-15 10:05:00,135.86,47.957147582712665,46.22788194376081,7,951.0200000000001,132.4635,139.2565,2025-09-16 09:30:00,131.58,STOP_LOSS_GAP,-29.960000000000008,-3.1503017812454015
HON,2025-09-12 00:00:00,2025-09-15 00:00:00,0.0561948280822368,3.0,2025-09-15 10:13:00,200.0848,53.6891266732349,49.18429423076343,4,800.3392,195.08268,205.08692,2025-09-19 15:59:00,197.3327,WEEK_END_CLOSE,-11.008400000000051,-1.3754668020759309
FDX,2025-09-12 00:00:00,2025-09-15 00:00:00,0.0338045133683475,1.0,2025-09-15 10:16:00,230.89,57.77877915216068,50.20253994835426,4,923.56,225.11774999999997,236.66224999999997,2025-09-17 09:30:00,225.11774999999997,STOP_LOSS,-23.089000000000055,-2.500000000000002
AMT,2025-09-12 00:00:00,2025-09-15 00:00:00,0.0710382513661202,7.0,2025-09-15 11:50:00,192.63,47.139095391848315,43.89874113495797,5,963.15,187.81425,197.44574999999998,2025-09-17 11:07:00,197.44574999999998,TAKE_PROFIT,24.0787499999999,2.499999999999991
BSX,2025-09-15 00:00:00,2025-09-16 00:00:00,0.0698074277854195,4.0,2025-09-16 09:46:00,99.2729,45.588155408936764,38.02522519462092,10,992.729,96.7910775,101.7547225,2025-09-19 15:59:00,97.74,WEEK_END_CLOSE,-15.329000000000121,-1.5441273499615882
SHW,2025-09-15 00:00:00,2025-09-16 00:00:00,0.0714285714285714,5.0,2025-09-16 09:46:00,356.41,48.02952295806752,46.89955579748103,2,712.82,347.49975,365.32025,2025-09-19 09:31:00,347.49975,STOP_LOSS,-17.820500000000038,-2.500000000000002
MCO,2025-09-15 00:00:00,2025-09-16 00:00:00,0.1206896551724138,10.0,2025-09-16 09:49:00,507.78,48.03161905994469,46.03247377324789,1,507.78,495.08549999999997,520.4744999999999,2025-09-18 13:01:00,495.04,STOP_LOSS_GAP,-12.739999999999952,-2.508960573476693
CTAS,2025-09-15 00:00:00,2025-09-16 00:00:00,0.0297619047619047,2.0,2025-09-16 09:55:00,199.14,45.81525354002995,45.75568333219343,5,995.6999999999999,194.1615,204.11849999999995,2025-09-19 15:59:00,200.05,WEEK_END_CLOSE,4.550000000000125,0.456964949281935
DHR,2025-09-15 00:00:00,2025-09-16 00:00:00,0.119301648884578,9.0,2025-09-16 10:04:00,188.47,52.65116349180252,49.29117642507393,5,942.35,183.75825,193.18175,2025-09-17 09:36:00,193.18175,TAKE_PROFIT,23.558749999999975,2.499999999999991
CMCSA,2025-09-15 00:00:00,2025-09-16 00:00:00,0.0075225677031093,1.0,2025-09-16 10:07:00,32.245,40.57145644476343,39.26287452710513,31,999.5949999999999,31.438874999999996,33.05112499999999,2025-09-18 10:13:00,31.438874999999996,STOP_LOSS,-24.989875000000048,-2.500000000000002
TT,2025-09-15 00:00:00,2025-09-16 00:00:00,0.09375,8.0,2025-09-16 10:09:00,403.8653,46.67512742339977,45.371032843317344,2,807.7306,393.7686675,413.96193249999993,2025-09-19 15:59:00,406.58,WEEK_END_CLOSE,5.429399999999987,0.6721795608585213
UNP,2025-09-15 00:00:00,2025-09-16 00:00:00,0.0861214374225526,6.0,2025-09-16 10:16:00,217.595,56.86684985409791,55.08890005624113,4,870.38,212.155125,223.03487499999997,2025-09-19 15:59:00,220.66,WEEK_END_CLOSE,12.259999999999991,1.4085801603897163
TJX,2025-09-15 00:00:00,2025-09-16 00:00:00,0.0485187777000233,3.0,2025-09-16 10:28:00,139.765,48.50534663698396,41.69337286251308,7,978.3549999999999,136.270875,143.25912499999998,2025-09-19 15:59:00,139.82,WEEK_END_CLOSE,0.38500000000004775,0.03935176904088511
APD,2025-09-16 00:00:00,2025-09-17 00:00:00,0.0333333333333333,3.0,2025-09-17 09:45:00,287.67,62.825902997005095,58.52825634512957,3,863.01,280.47825,294.86175,2025-09-19 15:59:00,290.12,WEEK_END_CLOSE,7.349999999999966,0.8516703166822959
CRH,2025-09-16 00:00:00,2025-09-17 00:00:00,0.0117647058823529,1.0,2025-09-17 09:57:00,113.5,61.86908417150142,58.5488616415304,8,908.0,110.6625,116.33749999999999,2025-09-19 15:59:00,113.075,WEEK_END_CLOSE,-3.3999999999999773,-0.37444933920705026
AFL,2025-09-16 00:00:00,2025-09-17 00:00:00,0.0246252676659528,2.0,2025-09-17 10:00:00,108.8,67.71234948976381,54.712217807291395,9,979.1999999999999,106.08,111.51999999999998,2025-09-19 15:59:00,108.05,WEEK_END_CLOSE,-6.75,-0.6893382352941124
CB,2025-09-16 00:00:00,2025-09-17 00:00:00,0.0419580419580419,4.0,2025-09-17 10:00:00,273.5,55.89932908679091,55.723674524121535,3,820.5,266.66249999999997,280.3375,2025-09-19 15:59:00,273.83,WEEK_END_CLOSE,0.9899999999999523,0.1206581352833469
EQIX,2025-09-16 00:00:00,2025-09-17 00:00:00,0.0898876404494382,10.0,2025-09-17 10:01:00,785.75,56.75613032882563,53.8426791708526,1,785.75,766.1062499999999,805.39375,2025-09-19 15:59:00,791.61,WEEK_END_CLOSE,5.860000000000014,0.7457842825326244
PH,2025-09-16 00:00:00,2025-09-17 00:00:00,0.0833333333333333,9.0,2025-09-17 10:27:00,751.55,49.1321630822024,48.37525214379682,1,751.55,732.7612499999999,770.3387499999999,2025-09-17 11:00:00,732.7612499999999,STOP_LOSS,-18.78875000000005,-2.500000000000002
AEP,2025-09-16 00:00:00,2025-09-17 00:00:00,0.0694444444444444,8.0,2025-09-17 10:28:00,107.3,55.17359339262044,50.13288944042996,9,965.6999999999999,104.61749999999999,109.98249999999999,2025-09-19 15:59:00,107.04,WEEK_END_CLOSE,-2.339999999999918,-0.2423112767940272
PH,2025-09-16 00:00:00,2025-09-17 00:00:00,0.0833333333333333,9.0,2025-09-17 11:03:00,737.995,41.43750892028661,38.67656490640354,1,737.995,719.545125,756.4448749999999,2025-09-18 10:22:00,756.4448749999999,TAKE_PROFIT,18.449874999999906,2.499999999999991
ICE,2025-09-17 00:00:00,2025-09-18 00:00:00,0.037037037037037,9.0,2025-09-18 09:45:00,172.03,53.6183188455044,51.93692940303731,5,860.15,167.72925,176.33075,2025-09-19 15:59:00,169.765,WEEK_END_CLOSE,-11.325000000000074,-1.3166308202057886
WELL,2025-09-17 00:00:00,2025-09-18 00:00:00,0.0151057401812688,2.0,2025-09-18 09:47:00,166.52,50.96382875784829,50.7159805257665,6,999.1200000000001,162.357,170.683,2025-09-19 15:59:00,165.21,WEEK_END_CLOSE,-7.860000000000014,-0.7866922892145078
GILD,2025-09-17 00:00:00,2025-09-18 00:00:00,0.0319634703196347,6.0,2025-09-18 09:49:00,112.195,50.06552582742766,48.904660533565114,8,897.56,109.390125,114.99987499999999,2025-09-19 09:45:00,114.99987499999999,TAKE_PROFIT,22.438999999999965,2.499999999999991
DE,2025-09-17 00:00:00,2025-09-18 00:00:00,0.0355714285714285,8.0,2025-09-18 09:57:00,470.35,60.59594290889714,54.72474226597521,2,940.7,458.59125,482.10875,2025-09-19 15:59:00,469.99,WEEK_END_CLOSE,-0.7200000000000273,-0.07653874774105063
CMCSA,2025-09-17 00:00:00,2025-09-18 00:00:00,0.029520295202952,5.0,2025-09-18 10:16:00,31.515,36.84450914315397,35.90174281624809,31,976.965,30.727125,32.302875,2025-09-19 15:59:00,31.58,WEEK_END_CLOSE,2.0149999999999295,0.20625099159130578
MCK,2025-09-17 00:00:00,2025-09-18 00:00:00,0.0097895252080274,1.0,2025-09-18 10:42:00,695.27,49.70275414632551,49.39439246714194,1,695.27,677.88825,712.6517499999999,2025-09-19 15:59:00,698.38,WEEK_END_CLOSE,3.1100000000000136,0.447308239964328
MCO,2025-09-17 00:00:00,2025-09-18 00:00:00,0.0275229357798165,4.0,2025-09-18 13:08:00,497.185,52.39073648978256,39.55707765821003,2,994.37,484.755375,509.61462499999993,2025-09-18 14:00:00,484.755375,STOP_LOSS,-24.859249999999975,-2.500000000000002
MCO,2025-09-17 00:00:00,2025-09-18 00:00:00,0.0275229357798165,4.0,2025-09-18 14:06:00,485.9,37.644022635428,32.59124499330433,2,971.8,473.75249999999994,498.04749999999996,2025-09-19 15:59:00,480.74,WEEK_END_CLOSE,-10.319999999999936,-1.0619469026548645
EMR,2025-09-18 00:00:00,2025-09-19 00:00:00,0.0265848670756646,4.0,2025-09-19 09:47:00,131.815,48.40381083510876,44.632514064702164,7,922.7049999999999,128.519625,135.11037499999998,2025-09-19 15:59:00,132.33,WEEK_END_CLOSE,3.6050000000001035,0.39069908584001833
PH,2025-09-18 00:00:00,2025-09-19 00:00:00,0.0326594090202177,6.0,2025-09-19 09:51:00,754.0,51.5542268689676,49.3934389988262,1,754.0,735.15,772.8499999999999,2025-09-19 15:59:00,755.19,WEEK_END_CLOSE,1.1900000000000546,0.1578249336870119
USB,2025-09-18 00:00:00,2025-09-19 00:00:00,0.0217909431392577,3.0,2025-09-19 09:51:00,50.16,51.74315632495197,50.45939356707839,19,953.04,48.906,51.413999999999994,2025-09-19 15:59:00,50.4,WEEK_END_CLOSE,4.560000000000038,0.4784688995215447
SPGI,2025-09-18 00:00:00,2025-09-19 00:00:00,0.0033898305084745,2.0,2025-09-19 09:55:00,507.7,54.417385600741746,51.34766371237683,1,507.7,495.0075,520.3924999999999,2025-09-19 15:59:00,506.92,WEEK_END_CLOSE,-0.7799999999999727,-0.15363403584793822
TEL,2025-09-18 00:00:00,2025-09-19 00:00:00,0.0597014925373134,8.0,2025-09-19 09:58:00,215.825,39.02453035784373,38.345566348310726,4,863.3,210.429375,221.22062499999996,2025-09-19 15:59:00,216.1,WEEK_END_CLOSE,1.1000000000000227,0.12741804702884885
SPG,2025-09-18 00:00:00,2025-09-19 00:00:00,0.0303605313092979,5.0,2025-09-19 10:00:00,181.34,58.45519731513796,54.05517694191883,5,906.7,176.8065,185.87349999999998,2025-09-19 15:59:00,180.74,WEEK_END_CLOSE,-2.9999999999999716,-0.3308701885959997
AMT,2025-09-18 00:00:00,2025-09-19 00:00:00,0.0625,9.0,2025-09-19 10:04:00,194.02,53.25114846782891,51.48575394146387,5,970.1,189.1695,198.8705,2025-09-19 15:59:00,193.266,WEEK_END_CLOSE,-3.7700000000000955,-0.38861972992475513
PCAR,2025-09-19 00:00:00,2025-09-22 00:00:00,0.0147540983606557,3.0,2025-09-22 09:45:00,98.815,44.90803509691668,43.45388367506769,10,988.15,96.344625,101.28537499999999,2025-09-25 09:54:00,96.344625,STOP_LOSS,-24.703750000000042,-2.500000000000002
AON,2025-09-19 00:00:00,2025-09-22 00:00:00,0.0727762803234501,10.0,2025-09-22 09:52:00,350.7,52.21905134036394,50.678141621984906,2,701.4,341.9325,359.4675,2025-09-26 15:59:00,356.04,WEEK_END_CLOSE,10.680000000000064,1.5226689478186506
TRV,2025-09-19 00:00:00,2025-09-22 00:00:00,0.0306513409961685,4.0,2025-09-22 09:52:00,276.11,51.74858711193947,49.238289312170906,3,828.33,269.20725,283.01275,2025-09-26 15:59:00,277.82,WEEK_END_CLOSE,5.129999999999939,0.6193183875991437
HLT,2025-09-19 00:00:00,2025-09-22 00:00:00,0.0498338870431893,5.0,2025-09-22 09:53:00,266.3301,48.281359165166215,47.75363791688885,3,798.9903,259.6718475,272.9883525,2025-09-26 15:59:00,261.75,WEEK_END_CLOSE,-13.740300000000047,-1.719707986442398
FDX,2025-09-19 00:00:00,2025-09-22 00:00:00,0.0699955416852429,9.0,2025-09-22 09:55:00,226.58,38.79133635862637,38.324181918827044,4,906.32,220.9155,232.2445,2025-09-23 09:39:00,232.2445,TAKE_PROFIT,22.6579999999999,2.499999999999991
CMCSA,2025-09-19 00:00:00,2025-09-22 00:00:00,0.0030234315948601,1.0,2025-09-22 09:57:00,31.43,52.89598508816547,50.065734637039625,31,974.33,30.64425,32.21575,2025-09-26 15:59:00,31.715,WEEK_END_CLOSE,8.835000000000004,0.9067769646834201
ECL,2025-09-19 00:00:00,2025-09-22 00:00:00,0.0666666666666666,8.0,2025-09-22 09:57:00,265.41,52.482680381839025,50.98232976661207,3,796.23,258.77475000000004,272.04525,2025-09-26 10:26:00,272.04525,TAKE_PROFIT,19.905749999999955,2.499999999999991
PG,2025-09-19 00:00:00,2025-09-22 00:00:00,0.0647921760391198,7.0,2025-09-22 09:57:00,155.11,41.97497363655202,39.01963440081671,6,930.6600000000001,151.23225000000002,158.98775,2025-09-23 10:18:00,151.23225000000002,STOP_LOSS,-23.26649999999995,-2.499999999999991
AJG,2025-09-19 00:00:00,2025-09-22 00:00:00,0.0080256821829855,2.0,2025-09-22 10:02:00,298.765,55.951729852147494,54.513030810677236,3,896.295,291.29587499999997,306.23412499999995,2025-09-25 09:30:00,306.23412499999995,TAKE_PROFIT,22.407374999999888,2.499999999999991
CSX,2025-09-19 00:00:00,2025-09-22 00:00:00,0.0570071258907363,6.0,2025-09-22 10:12:00,33.095,59.70501559881025,53.494292243637645,30,992.8499999999999,32.267624999999995,33.922374999999995,2025-09-23 10:05:00,33.922374999999995,TAKE_PROFIT,24.821249999999893,2.499999999999991
HPE,2025-09-22 00:00:00,2025-09-23 00:00:00,0.1670411985018726,8.0,2025-09-23 09:46:00,25.26,61.93947307566201,59.200216558416706,39,985.1400000000001,24.628500000000003,25.8915,2025-09-24 11:51:00,24.628500000000003,STOP_LOSS,-24.628499999999963,-2.499999999999991
PANW,2025-09-22 00:00:00,2025-09-23 00:00:00,0.1315600478787073,7.0,2025-09-23 09:46:00,206.84,45.34642762561768,43.41280332479998,4,827.36,201.669,212.011,2025-09-24 11:48:00,201.669,STOP_LOSS,-20.68399999999997,-2.499999999999991
BSX,2025-09-22 00:00:00,2025-09-23 00:00:00,0.0452841973766396,4.0,2025-09-23 09:53:00,96.64,51.93623801088364,50.85192167063205,10,966.4,94.224,99.056,2025-09-26 09:31:00,99.056,TAKE_PROFIT,24.159999999999968,2.499999999999991
REGN,2025-09-22 00:00:00,2025-09-23 00:00:00,0.192200557103064,10.0,2025-09-23 09:57:00,575.363,41.88333181365628,39.0410393672728,1,575.363,560.978925,589.747075,2025-09-25 11:07:00,560.978925,STOP_LOSS,-14.384075000000053,-2.5000000000000133
FDX,2025-09-22 00:00:00,2025-09-23 00:00:00,0.0136845203060623,3.0,2025-09-23 10:06:00,234.39,66.76342426540907,63.138540094166146,4,937.56,228.53025,240.24974999999998,2025-09-26 09:41:00,240.24974999999998,TAKE_PROFIT,23.438999999999965,2.499999999999991
SPGI,2025-09-22 00:00:00,2025-09-23 00:00:00,0.0077519379844961,2.0,2025-09-23 10:09:00,499.875,46.7041541070606,38.750903355115106,2,999.75,487.378125,512.3718749999999,2025-09-24 09:31:00,487.378125,STOP_LOSS,-24.993749999999977,-2.500000000000002
TJX,2025-09-22 00:00:00,2025-09-23 00:00:00,0.1166892808683853,6.0,2025-09-23 10:09:00,139.45,57.247791640646454,51.53303733564398,7,976.1499999999999,135.96374999999998,142.93624999999997,2025-09-26 13:03:00,142.93624999999997,TAKE_PROFIT,24.40374999999989,2.499999999999991
CSX,2025-09-22 00:00:00,2025-09-23 00:00:00,0.1797752808988764,9.0,2025-09-23 11:08:00,34.025,59.913042894275854,58.10148159600551,29,986.7249999999999,33.174375,34.87562499999999,2025-09-26 15:59:00,34.005,WEEK_END_CLOSE,-0.5799999999998846,-0.058780308596606545
KKR,2025-09-22 00:00:00,2025-09-23 00:00:00,0.0970772442588726,5.0,2025-09-23 11:17:00,149.85,45.869581762534516,45.166757002749314,6,899.0999999999999,146.10375,153.59624999999997,2025-09-24 09:30:00,146.10375,STOP_LOSS,-22.47750000000002,-2.500000000000002
CI,2025-09-23 00:00:00,2025-09-24 00:00:00,0.028169014084507,5.0,2025-09-24 09:45:00,290.436,53.545296186284645,50.87794055375811,3,871.308,283.1751,297.69689999999997,2025-09-25 11:41:00,283.1751,STOP_LOSS,-21.782699999999977,-2.500000000000002
CRH,2025-09-23 00:00:00,2025-09-24 00:00:00,0.008695652173913,2.0,2025-09-24 09:46:00,114.03,49.86241544943439,47.78374432314721,8,912.24,111.17925,116.88074999999999,2025-09-25 09:30:00,109.21,STOP_LOSS_GAP,-38.56000000000006,-4.2269578181180485
PFE,2025-09-23 00:00:00,2025-09-24 00:00:00,0.1054998045093184,8.0,2025-09-24 09:48:00,24.085,42.726814760119815,42.42444050246851,41,987.485,23.482875,24.687124999999998,2025-09-26 15:59:00,23.76,WEEK_END_CLOSE,-13.32499999999997,-1.3493875856342097
DLR,2025-09-23 00:00:00,2025-09-24 00:00:00,0.125,10.0,2025-09-24 10:00:00,172.93,52.14946216044118,50.97089289169101,5,864.6500000000001,168.60675,177.25324999999998,2025-09-26 15:59:00,171.47,WEEK_END_CLOSE,-7.30000000000004,-0.8442722488868348
SPGI,2025-09-23 00:00:00,2025-09-24 00:00:00,0.0151133501259445,3.0,2025-09-24 10:04:00,489.91,49.38270121491049,46.98319579309662,2,979.82,477.66225000000003,502.15774999999996,2025-09-26 15:59:00,487.14,WEEK_END_CLOSE,-5.540000000000077,-0.5654099732604001
USB,2025-09-23 00:00:00,2025-09-24 00:00:00,0.0224130403143647,4.0,2025-09-24 10:11:00,49.535,59.034862859410445,57.61505654119836,20,990.6999999999999,48.296625,50.773374999999994,2025-09-26 15:59:00,49.435,WEEK_END_CLOSE,-1.9999999999998863,-0.20187746038153875
AMGN,2025-09-23 00:00:00,2025-09-24 00:00:00,0.0649847094801223,6.0,2025-09-24 10:22:00,282.16,41.21878687545104,39.91301250600527,3,846.48,275.106,289.214,2025-09-25 11:08:00,275.1,STOP_LOSS_GAP,-21.180000000000007,-2.50212645307627
EOG,2025-09-23 00:00:00,2025-09-24 00:00:00,0.1119402985074626,9.0,2025-09-24 10:53:00,117.96,59.99158648763965,58.39578416332935,8,943.68,115.011,120.90899999999998,2025-09-26 15:59:00,117.3,WEEK_END_CLOSE,-5.279999999999973,-0.5595116988809767
MCK,2025-09-24 00:00:00,2025-09-25 00:00:00,0.037037037037037,7.0,2025-09-25 09:48:00,760.105,52.433477066451374,51.31065264676423,1,760.105,741.102375,779.107625,2025-09-25 11:07:00,741.102375,STOP_LOSS,-19.002624999999966,-2.499999999999991
WMB,2025-09-24 00:00:00,2025-09-25 00:00:00,0.0093538751768589,1.0,2025-09-25 09:55:00,62.465,46.894679083412086,45.924966954584,16,999.44,60.903375000000004,64.026625,2025-09-26 09:42:00,64.026625,TAKE_PROFIT,24.985999999999876,2.499999999999991
MO,2025-09-24 00:00:00,2025-09-25 00:00:00,0.0271167263812936,5.0,2025-09-25 09:58:00,65.765,54.515574999872975,53.59316380866539,15,986.475,64.120875,67.40912499999999,2025-09-26 15:59:00,65.705,WEEK_END_CLOSE,-0.9000000000000341,-0.09123393902532584
ABNB,2025-09-24 00:00:00,2025-09-25 00:00:00,0.0739178283198826,10.0,2025-09-25 10:03:00,122.08,54.86346447958443,50.69127926309686,8,976.64,119.02799999999999,125.13199999999999,2025-09-26 15:59:00,123.73,WEEK_END_CLOSE,13.200000000000045,1.3515727391874233
SO,2025-09-24 00:00:00,2025-09-25 00:00:00,0.0386879730866274,8.0,2025-09-25 10:22:00,94.58,59.59832967596216,56.33355244979445,10,945.8,92.21549999999999,96.94449999999999,2025-09-26 15:59:00,94.52,WEEK_END_CLOSE,-0.6000000000000227,-0.06343835906111872
KKR,2025-09-24 00:00:00,2025-09-25 00:00:00,0.0125195618153364,2.0,2025-09-25 10:28:00,137.78,48.84518600755916,48.132483843136995,7,964.46,134.3355,141.22449999999998,2025-09-26 15:01:00,134.3355,STOP_LOSS,-24.111500000000035,-2.500000000000002
MCK,2025-09-24 00:00:00,2025-09-25 00:00:00,0.037037037037037,7.0,2025-09-25 11:26:00,734.09,42.57814494413158,33.948828003733425,1,734.09,715.73775,752.44225,2025-09-25 11:43:00,715.73775,STOP_LOSS,-18.352250000000026,-2.500000000000002
MCK,2025-09-24 00:00:00,2025-09-25 00:00:00,0.037037037037037,7.0,2025-09-25 11:47:00,721.66,39.838235165439144,29.478709126907592,1,721.66,703.6184999999999,739.7014999999999,2025-09-25 13:59:00,739.7014999999999,TAKE_PROFIT,18.041499999999928,2.499999999999991
MCK,2025-09-24 00:00:00,2025-09-25 00:00:00,0.037037037037037,7.0,2025-09-25 14:26:00,738.36,61.011114051365965,60.44628629008777,1,738.36,719.901,756.819,2025-09-26 11:37:00,756.819,TAKE_PROFIT,18.458999999999946,2.499999999999991
BSX,2025-09-25 00:00:00,2025-09-26 00:00:00,0.0482897384305835,8.0,2025-09-26 09:47:00,99.25,62.13982315875455,60.70455053155026,10,992.5,96.76875,101.73124999999999,2025-09-26 15:59:00,98.175,WEEK_END_CLOSE,-10.750000000000028,-1.0831234256927003
DASH,2025-09-25 00:00:00,2025-09-26 00:00:00,0.036863028550777,7.0,2025-09-26 09:50:00,262.995,54.74331032135261,51.46060235067023,3,788.985,256.420125,269.56987499999997,2025-09-26 15:59:00,262.56,WEEK_END_CLOSE,-1.3050000000000068,-0.16540238407574126
NEE,2025-09-25 00:00:00,2025-09-26 00:00:00,0.0123882503192848,4.0,2025-09-26 09:54:00,75.41,56.36416955699655,53.922316299625706,13,980.3299999999999,73.52475,77.29525,2025-09-26 15:59:00,75.82,WEEK_END_CLOSE,5.329999999999956,0.5436944702294166
HON,2025-09-25 00:00:00,2025-09-26 00:00:00,0.0068450528935905,2.0,2025-09-26 10:51:00,196.0415,56.82749836989952,49.72996070300679,5,980.2075000000001,191.1404625,200.9425375,2025-09-26 15:59:00,196.1828,WEEK_END_CLOSE,0.7064999999998633,0.07207657562300351
KMI,2025-09-25 00:00:00,2025-09-26 00:00:00,0.0069151083008206,3.0,2025-09-26 10:59:00,28.355,53.91383319266772,53.37105763125154,35,992.4250000000001,27.646125,29.063875,2025-09-26 15:59:00,28.215,WEEK_END_CLOSE,-4.90000000000002,-0.49374008111444656
FDX,2025-09-25 00:00:00,2025-09-26 00:00:00,0.006060606060606,1.0,2025-09-26 11:10:00,239.09,45.83330375172029,45.46818101006733,4,956.36,233.11275,245.06724999999997,2025-09-26 15:59:00,237.82,WEEK_END_CLOSE,-5.080000000000041,-0.5311807269229196
TJX,2025-09-25 00:00:00,2025-09-26 00:00:00,0.0197293668009503,5.0,2025-09-26 13:11:00,142.975,65.67063948725828,60.53841606840653,6,857.8499999999999,139.400625,146.54937499999997,2025-09-26 15:59:00,143.135,WEEK_END_CLOSE,0.9599999999999795,0.11190767616715558
KKR,2025-09-25 00:00:00,2025-09-26 00:00:00,0.0319071791153009,6.0,2025-09-26 15:08:00,134.6592,59.30273458381693,43.96116221308328,7,942.6143999999999,131.29272,138.02568,2025-09-26 15:59:00,133.975,WEEK_END_CLOSE,-4.789400000000029,-0.5080974786720871
BSX,2025-09-26 00:00:00,2025-09-29 00:00:00,0.0270921131848284,9.0,2025-09-29 09:49:00,97.28,41.64141002277556,39.3189350394641,10,972.8,94.848,99.71199999999999,2025-10-01 10:27:00,94.848,STOP_LOSS,-24.32000000000002,-2.500000000000002
NEE,2025-09-26 00:00:00,2025-09-29 00:00:00,0.0209125475285171,8.0,2025-09-29 09:49:00,75.6,52.76136025315241,50.263693305847575,13,982.8,73.71,77.48999999999998,2025-10-01 09:34:00,77.48999999999998,TAKE_PROFIT,24.569999999999823,2.499999999999991
MDT,2025-09-26 00:00:00,2025-09-29 00:00:00,0.0121827411167512,5.0,2025-09-29 09:54:00,93.615,42.14567777441192,40.07515217797503,10,936.15,91.27462499999999,95.95537499999999,2025-10-03 09:32:00,95.95537499999999,TAKE_PROFIT,23.403749999999945,2.499999999999991
CMCSA,2025-09-26 00:00:00,2025-09-29 00:00:00,0.0088691796008869,3.0,2025-09-29 09:56:00,31.505,43.4961429386103,42.37461763643746,31,976.655,30.717374999999997,32.292624999999994,2025-10-02 09:30:00,30.717374999999997,STOP_LOSS,-24.416375000000063,-2.500000000000002
KMI,2025-09-26 00:00:00,2025-09-29 00:00:00,0.0148826559816828,6.0,2025-09-29 09:56:00,28.1754,49.96794473182252,47.34977892134113,35,986.139,27.471014999999998,28.879785,2025-10-02 09:44:00,28.879785,TAKE_PROFIT,24.653474999999947,2.499999999999991
CRH,2025-09-26 00:00:00,2025-09-29 00:00:00,0.009009009009009,4.0,2025-09-29 10:05:00,112.17,49.41876393830106,42.032849278355705,8,897.36,109.36575,114.97425,2025-09-30 09:30:00,120.95,TAKE_PROFIT_GAP,70.24000000000001,7.827404831951501
FDX,2025-09-26 00:00:00,2025-09-29 00:00:00,0.0007608902415826,2.0,2025-09-29 10:05:00,235.35,41.0865298195751,39.577374606356784,4,941.4,229.46625,241.23375,2025-10-02 09:31:00,241.23375,TAKE_PROFIT,23.534999999999968,2.499999999999991
EOG,2025-09-26 00:00:00,2025-09-29 00:00:00,0.0188405797101449,7.0,2025-09-29 10:07:00,114.98,46.516813600609574,40.151873113757375,8,919.84,112.1055,117.85449999999999,2025-09-30 09:30:00,112.05,STOP_LOSS_GAP,-23.440000000000055,-2.548269264219871
AFL,2025-09-26 00:00:00,2025-09-29 00:00:00,0.0,1.0,2025-09-29 10:15:00,110.89,49.189582121353645,47.05243649191929,9,998.01,108.11775,113.66224999999999,2025-10-03 15:59:00,112.325,WEEK_END_CLOSE,12.91500000000002,1.2940752096672448
SPGI,2025-09-26 00:00:00,2025-09-29 00:00:00,0.0476190476190476,10.0,2025-09-29 10:21:00,491.03,53.43199541701076,48.940850434327494,2,982.06,478.75424999999996,503.30574999999993,2025-10-02 09:30:00,478.75424999999996,STOP_LOSS,-24.551500000000033,-2.500000000000002
KKR,2025-09-29 00:00:00,2025-09-30 00:00:00,0.013016367887763,3.0,2025-09-30 09:45:00,134.25,44.19423521489392,43.14365996679743,7,939.75,130.89374999999998,137.60625,2025-09-30 10:07:00,130.89374999999998,STOP_LOSS,-23.49375000000012,-2.5000000000000133
CSCO,2025-09-29 00:00:00,2025-09-30 00:00:00,0.168076109936575,9.0,2025-09-30 10:07:00,68.48,65.0814388350245,61.197404234146504,14,958.72,66.768,70.192,2025-10-03 15:59:00,67.94,WEEK_END_CLOSE,-7.5600000000000875,-0.7885514018691642
CDNS,2025-09-29 00:00:00,2025-09-30 00:00:00,0.1764705882352941,10.0,2025-09-30 10:13:00,349.38,47.52664233868386,46.12092968979101,2,698.76,340.64549999999997,358.11449999999996,2025-10-03 15:59:00,347.28,WEEK_END_CLOSE,-4.2000000000000455,-0.601064743259494
ADI,2025-09-29 00:00:00,2025-09-30 00:00:00,0.0425243770314192,5.0,2025-09-30 10:17:00,246.505,59.54737271950536,58.14945617926791,4,986.02,240.342375,252.667625,2025-10-01 13:53:00,240.342375,STOP_LOSS,-24.650499999999965,-2.499999999999991
HPE,2025-09-29 00:00:00,2025-09-30 00:00:00,0.164033798677443,8.0,2025-09-30 10:22:00,24.21,54.3358223431252,49.01893680746317,41,992.61,23.60475,24.81525,2025-10-01 10:36:00,24.81525,TAKE_PROFIT,24.81524999999992,2.499999999999991
KKR,2025-09-29 00:00:00,2025-09-30 00:00:00,0.013016367887763,3.0,2025-09-30 10:37:00,128.82,31.05642481672217,28.128712356154765,7,901.74,125.59949999999999,132.04049999999998,2025-10-02 09:55:00,125.59949999999999,STOP_LOSS,-22.54350000000001,-2.500000000000002
BX,2025-09-29 00:00:00,2025-09-30 00:00:00,0.0411450442548441,4.0,2025-09-30 10:38:00,170.34,38.78302740049518,31.289903486385473,5,851.7,166.0815,174.5985,2025-10-03 15:59:00,168.47,WEEK_END_CLOSE,-9.350000000000023,-1.0978043912175717
TJX,2025-09-30 00:00:00,2025-10-01 00:00:00,0.0267755102040816,3.0,2025-10-01 09:49:00,144.4975,58.026162459378604,56.39242763012131,6,866.985,140.8850625,148.1099375,2025-10-03 15:59:00,141.32,WEEK_END_CLOSE,-19.065000000000055,-2.1989999826986684
TMO,2025-09-30 00:00:00,2025-10-01 00:00:00,0.0583778966131907,6.0,2025-10-01 09:50:00,500.96,63.18017281105085,60.18316186493652,1,500.96,488.436,513.4839999999999,2025-10-01 10:37:00,513.4839999999999,TAKE_PROFIT,12.523999999999944,2.499999999999991
PG,2025-09-30 00:00:00,2025-10-01 00:00:00,0.0599070693660803,7.0,2025-10-01 09:53:00,152.51,41.321685979088286,38.88570994046011,6,915.06,148.69725,156.32274999999998,2025-10-03 15:59:00,152.26,WEEK_END_CLOSE,-1.5,-0.16392367713592426
MO,2025-09-30 00:00:00,2025-10-01 00:00:00,0.0820092886824737,9.0,2025-10-01 09:57:00,66.08,51.749497629091124,51.1973884940576,15,991.1999999999999,64.428,67.732,2025-10-03 15:59:00,65.72,WEEK_END_CLOSE,-5.3999999999999915,-0.5447941888619856
GLW,2025-09-30 00:00:00,2025-10-01 00:00:00,0.0707494270807937,8.0,2025-10-01 10:00:00,82.5332,67.3868903228197,60.59503986838553,12,990.3983999999999,80.46986999999999,84.59652999999999,2025-10-03 15:59:00,83.575,WEEK_END_CLOSE,12.50160000000011,1.2622799067526946
EMR,2025-09-30 00:00:00,2025-10-01 00:00:00,0.0348837209302325,4.0,2025-10-01 10:10:00,130.19,50.3552378970336,50.076969265513995,7,911.3299999999999,126.93525,133.44475,2025-10-03 09:30:00,133.44475,TAKE_PROFIT,22.78325000000001,2.499999999999991
TMO,2025-09-30 00:00:00,2025-10-01 00:00:00,0.0583778966131907,6.0,2025-10-01 11:03:00,514.41,65.47193084165099,64.1691919287483,1,514.41,501.54974999999996,527.2702499999999,2025-10-01 14:18:00,527.2702499999999,TAKE_PROFIT,12.86024999999995,2.499999999999991
ADI,2025-09-30 00:00:00,2025-10-01 00:00:00,0.1152815013404825,10.0,2025-10-01 13:58:00,240.72,51.197211488316924,43.16350478791287,4,962.88,234.702,246.73799999999997,2025-10-03 15:59:00,242.04,WEEK_END_CLOSE,5.279999999999973,0.5483549351944061
TMO,2025-09-30 00:00:00,2025-10-01 00:00:00,0.0583778966131907,6.0,2025-10-01 15:04:00,532.56,71.20777814989277,68.8982615698885,1,532.56,519.246,545.8739999999999,2025-10-03 15:59:00,543.37,WEEK_END_CLOSE,10.81000000000006,2.0298182364428596
CMCSA,2025-10-01 00:00:00,2025-10-02 00:00:00,0.0069699712052653,2.0,2025-10-02 09:49:00,30.59,37.91178785566165,37.61776292144528,32,978.88,29.82525,31.354749999999996,2025-10-03 15:59:00,30.9,WEEK_END_CLOSE,9.919999999999959,1.0134030728996324
SPGI,2025-10-01 00:00:00,2025-10-02 00:00:00,0.034242191500256,3.0,2025-10-02 10:04:00,481.97,50.72972865246483,44.403266041484244,2,963.94,469.92075,494.01925,2025-10-03 15:59:00,479.78,WEEK_END_CLOSE,-4.380000000000109,-0.45438512770505923
MCO,2025-10-01 00:00:00,2025-10-02 00:00:00,0.0746268656716417,7.0,2025-10-02 10:13:00,482.37,55.95011323616613,53.91000664309781,2,964.74,470.31075,494.42924999999997,2025-10-03 15:59:00,485.18,WEEK_END_CLOSE,5.6200000000000045,0.582540373572149
ICE,2025-10-01 00:00:00,2025-10-02 00:00:00,0.05,6.0,2025-10-02 10:23:00,162.1,44.99124543608933,44.97264223750423,6,972.5999999999999,158.04749999999999,166.15249999999997,2025-10-03 15:59:00,162.59,WEEK_END_CLOSE,2.9400000000000546,0.3022825416409747
NEE,2025-10-01 00:00:00,2025-10-02 00:00:00,0.0464512360656134,5.0,2025-10-02 10:25:00,77.83,46.6370502014641,45.75829490550987,12,933.96,75.88425,79.77574999999999,2025-10-03 10:19:00,79.77574999999999,TAKE_PROFIT,23.348999999999876,2.499999999999991
AON,2025-10-01 00:00:00,2025-10-02 00:00:00,0.0052631578947368,1.0,2025-10-02 10:28:00,359.67,52.416838535525414,51.64045828289792,2,719.34,350.67825,368.66175,2025-10-03 15:59:00,363.81,WEEK_END_CLOSE,8.279999999999973,1.1510551338727026
CMI,2025-10-01 00:00:00,2025-10-02 00:00:00,0.0342857142857142,4.0,2025-10-02 10:38:00,428.66,55.71507964715476,52.88308428196918,2,857.32,417.94350000000003,439.37649999999996,2025-10-03 15:59:00,432.82,WEEK_END_CLOSE,8.319999999999936,0.9704661036719076
FDX,2025-10-01 00:00:00,2025-10-02 00:00:00,0.1228325077967345,10.0,2025-10-02 10:55:00,241.08,52.14466231662201,49.71408940285206,4,964.32,235.053,247.107,2025-10-03 15:59:00,244.6,WEEK_END_CLOSE,14.079999999999927,1.4600962336153822
DASH,2025-10-02 00:00:00,2025-10-03 00:00:00,0.0820872238113963,10.0,2025-10-03 09:45:00,271.05,63.55295457134977,59.22456550451098,3,813.1500000000001,264.27375,277.82625,2025-10-03 15:59:00,271.22,WEEK_END_CLOSE,0.5100000000000477,0.06271905552481805
UNP,2025-10-02 00:00:00,2025-10-03 00:00:00,0.0643925639008251,7.0,2025-10-03 09:50:00,235.82,61.237885160133565,57.81738305479445,4,943.28,229.9245,241.71549999999996,2025-10-03 15:59:00,236.78,WEEK_END_CLOSE,3.840000000000032,0.407090153506906
KMI,2025-10-02 00:00:00,2025-10-03 00:00:00,0.0756853970639386,9.0,2025-10-03 10:02:00,28.145,50.57183291980546,49.622918884395006,35,985.0749999999999,27.441374999999997,28.848625,2025-10-03 15:59:00,28.46,WEEK_END_CLOSE,11.025000000000045,1.119204121513584
JCI,2025-10-02 00:00:00,2025-10-03 00:00:00,0.0291666666666666,3.0,2025-10-03 10:11:00,108.45,50.59213242223127,49.65534287269133,9,976.0500000000001,105.73875,111.16125,2025-10-03 15:59:00,108.79,WEEK_END_CLOSE,3.0600000000000307,0.313508529276163
MSI,2025-10-02 00:00:00,2025-10-03 00:00:00,0.043103448275862,6.0,2025-10-03 11:11:00,455.94,65.10326648182834,62.910965342447966,2,911.88,444.5415,467.33849999999995,2025-10-03 15:59:00,452.77,WEEK_END_CLOSE,-6.340000000000032,-0.6952669210861129
FDX,2025-10-03 00:00:00,2025-10-06 00:00:00,0.0050295648325832,1.0,2025-10-06 09:46:00,245.0,57.96234426835938,53.28931010244329,4,980.0,238.875,251.12499999999997,2025-10-08 09:30:00,238.19,STOP_LOSS_GAP,-27.24000000000001,-2.779591836734696
WELL,2025-10-03 00:00:00,2025-10-06 00:00:00,0.0338983050847457,4.0,2025-10-06 09:46:00,173.83,34.20293589694542,33.074461839973225,5,869.1500000000001,169.48425,178.17575,2025-10-08 14:36:00,169.48425,STOP_LOSS,-21.728750000000048,-2.500000000000002
WMB,2025-10-03 00:00:00,2025-10-06 00:00:00,0.0158653894059267,3.0,2025-10-06 09:47:00,64.785,52.02537213590524,49.95506768487056,15,971.775,63.165375,66.404625,2025-10-07 10:30:00,63.165375,STOP_LOSS,-24.294374999999988,-2.500000000000002
SPGI,2025-10-03 00:00:00,2025-10-06 00:00:00,0.0674939467312348,8.0,2025-10-06 09:49:00,477.935,45.306695671670134,44.24969479498802,2,955.87,465.986625,489.88337499999994,2025-10-09 11:12:00,489.88337499999994,TAKE_PROFIT,23.896749999999884,2.499999999999991
SYK,2025-10-03 00:00:00,2025-10-06 00:00:00,0.0815450643776824,10.0,2025-10-06 09:51:00,369.83,48.48440980971607,47.72293305924931,2,739.66,360.58425,379.07574999999997,2025-10-10 15:59:00,364.66,WEEK_END_CLOSE,-10.339999999999918,-1.3979395938674366
AON,2025-10-03 00:00:00,2025-10-06 00:00:00,0.0727272727272727,9.0,2025-10-06 10:05:00,363.83,47.763570991708626,46.41432292101008,2,727.66,354.73425,372.92574999999994,2025-10-10 15:59:00,359.995,WEEK_END_CLOSE,-7.669999999999959,-1.0540637110738493
CMCSA,2025-10-03 00:00:00,2025-10-06 00:00:00,0.0072093519828393,2.0,2025-10-06 10:05:00,30.515,47.930809620514374,40.0901209848518,32,976.48,29.752125,31.277874999999998,2025-10-10 11:40:00,29.752125,STOP_LOSS,-24.412000000000035,-2.500000000000002
NEE,2025-10-03 00:00:00,2025-10-06 00:00:00,0.0597088926361667,7.0,2025-10-06 10:08:00,81.47,54.01675771747133,52.83903925415793,12,977.64,79.43325,83.50675,2025-10-07 09:56:00,83.50675,TAKE_PROFIT,24.440999999999974,2.499999999999991
ICE,2025-10-03 00:00:00,2025-10-06 00:00:00,0.0397672162948593,5.0,2025-10-06 10:12:00,159.12,38.796641282695084,35.016206673940545,6,954.72,155.142,163.09799999999998,2025-10-10 15:59:00,157.475,WEEK_END_CLOSE,-9.870000000000061,-1.033810960281556
LITE,2025-10-03 00:00:00,2025-10-06 00:00:00,0.0520254169976171,6.0,2025-10-06 10:38:00,159.2,43.322126903202815,43.048612750713595,6,955.1999999999999,155.22,163.17999999999998,2025-10-06 12:17:00,163.17999999999998,TAKE_PROFIT,23.87999999999994,2.499999999999991
LITE,2025-10-03 00:00:00,2025-10-06 00:00:00,0.0520254169976171,6.0,2025-10-06 12:49:00,163.59,59.121466003278385,57.79117045027589,6,981.54,159.50025,167.67974999999998,2025-10-07 09:30:00,159.50025,STOP_LOSS,-24.538500000000056,-2.500000000000002
TT,2025-10-06 00:00:00,2025-10-07 00:00:00,0.1333333333333333,10.0,2025-10-07 09:50:00,425.79,51.588191329764896,48.77094352743855,2,851.58,415.14525000000003,436.43475,2025-10-10 15:54:00,415.14525000000003,STOP_LOSS,-21.289499999999975,-2.500000000000002
BSX,2025-10-06 00:00:00,2025-10-07 00:00:00,0.1187598398694337,8.0,2025-10-07 09:55:00,95.59,38.292949153414554,38.02033847760562,10,955.9000000000001,93.20025,97.97975,2025-10-10 15:59:00,95.41,WEEK_END_CLOSE,-1.8000000000000682,-0.18830421592217483
DHR,2025-10-06 00:00:00,2025-10-07 00:00:00,0.1218192619735427,9.0,2025-10-07 09:55:00,213.59,59.12507722948419,51.43907413167915,4,854.36,208.25025,218.92974999999998,2025-10-08 09:30:00,206.895,STOP_LOSS_GAP,-26.779999999999973,-3.1345100426049877
HPE,2025-10-06 00:00:00,2025-10-07 00:00:00,0.0850192764731809,5.0,2025-10-07 09:58:00,25.575,51.50011631138649,49.80478788665251,39,997.425,24.935624999999998,26.214374999999997,2025-10-07 11:13:00,24.935624999999998,STOP_LOSS,-24.935625000000044,-2.500000000000002
ITW,2025-10-06 00:00:00,2025-10-07 00:00:00,0.0892857142857142,6.0,2025-10-07 10:17:00,257.27,46.17938751010922,45.15135150687852,3,771.81,250.83825,263.70174999999995,2025-10-09 09:50:00,250.83825,STOP_LOSS,-19.29524999999998,-2.500000000000002
PCAR,2025-10-06 00:00:00,2025-10-07 00:00:00,0.0459016393442622,3.0,2025-10-07 10:44:00,97.03,45.578978921894155,39.742953720206955,10,970.3,94.60425,99.45575,2025-10-10 10:06:00,94.59,STOP_LOSS_GAP,-24.399999999999977,-2.5146861795320996
HPE,2025-10-06 00:00:00,2025-10-07 00:00:00,0.0850192764731809,5.0,2025-10-07 11:17:00,24.9951,42.901212653274264,38.13079733110905,40,999.8040000000001,24.3702225,25.619977499999997,2025-10-08 10:02:00,25.619977499999997,TAKE_PROFIT,24.995099999999866,2.499999999999991
FDX,2025-10-07 00:00:00,2025-10-08 00:00:00,0.0113810041757832,3.0,2025-10-08 09:48:00,238.04,38.83951462322701,37.11408850874156,4,952.16,232.089,243.99099999999996,2025-10-10 11:19:00,232.089,STOP_LOSS,-23.803999999999974,-2.500000000000002
JCI,2025-10-07 00:00:00,2025-10-08 00:00:00,0.0222965440356744,6.0,2025-10-08 09:57:00,107.71,52.491174867195376,50.57801383913255,9,969.39,105.01724999999999,110.40274999999998,2025-10-10 15:59:00,105.57,WEEK_END_CLOSE,-19.260000000000005,-1.9868164515829512
USB,2025-10-07 00:00:00,2025-10-08 00:00:00,0.0511846659708155,8.0,2025-10-08 10:00:00,47.28,47.82569752116746,46.39992867306478,21,992.88,46.098,48.461999999999996,2025-10-10 11:33:00,46.098,STOP_LOSS,-24.822000000000045,-2.500000000000002
KMI,2025-10-07 00:00:00,2025-10-08 00:00:00,0.0592637291137906,9.0,2025-10-08 10:01:00,27.745,47.169320674825514,46.94287337311649,36,998.82,27.051375,28.438625,2025-10-10 15:59:00,27.1,WEEK_END_CLOSE,-23.219999999999985,-2.324743196972423
PH,2025-10-07 00:00:00,2025-10-08 00:00:00,0.0,1.0,2025-10-08 10:02:00,750.87,55.897998241922565,53.91413191042247,1,750.87,732.09825,769.6417499999999,2025-10-10 11:02:00,732.02,STOP_LOSS_GAP,-18.850000000000023,-2.510421244689498
MCO,2025-10-08 00:00:00,2025-10-09 00:00:00,0.0594059405940594,8.0,2025-10-09 09:48:00,494.21,59.23269376799654,58.49580431528029,2,988.42,481.85474999999997,506.56524999999993,2025-10-10 15:59:00,484.045,WEEK_END_CLOSE,-20.329999999999927,-2.0568179518827945
AEP,2025-10-08 00:00:00,2025-10-09 00:00:00,0.0396419437340153,6.0,2025-10-09 10:04:00,118.45,63.63599311831975,61.126128722971316,8,947.6,115.48875,121.41125,2025-10-10 15:59:00,117.07,WEEK_END_CLOSE,-11.040000000000077,-1.1650485436893288
SHW,2025-10-08 00:00:00,2025-10-09 00:00:00,0.04,7.0,2025-10-09 10:04:00,335.275,47.686862913343234,45.85476069197179,2,670.55,326.893125,343.65687499999996,2025-10-10 15:59:00,332.87,WEEK_END_CLOSE,-4.809999999999945,-0.7173216016702622
NSC,2025-10-08 00:00:00,2025-10-09 00:00:00,0.09375,10.0,2025-10-09 10:11:00,295.505,48.17850041860794,45.063396735202865,3,886.515,288.117375,302.89262499999995,2025-10-10 15:59:00,288.43,WEEK_END_CLOSE,-21.224999999999966,-2.394206527808329
TRV,2025-10-08 00:00:00,2025-10-09 00:00:00,0.0896860986547085,9.0,2025-10-09 10:34:00,280.91,54.651998029451256,47.44757379032149,3,842.73,273.88725,287.93275,2025-10-09 14:47:00,273.88725,STOP_LOSS,-21.06825000000009,-2.5000000000000133
SPGI,2025-10-08 00:00:00,2025-10-09 00:00:00,0.0376131221719457,3.0,2025-10-09 12:01:00,489.7,55.30696735922665,52.43578114329246,2,979.4,477.4575,501.94249999999994,2025-10-10 15:59:00,486.045,WEEK_END_CLOSE,-7.309999999999945,-0.7463753318358135
TRV,2025-10-08 00:00:00,2025-10-09 00:00:00,0.0896860986547085,9.0,2025-10-09 14:48:00,274.295,39.18108744569117,33.31242904483538,3,822.885,267.437625,281.152375,2025-10-10 15:59:00,270.04,WEEK_END_CLOSE,-12.764999999999986,-1.551249567071944
BMY,2025-10-09 00:00:00,2025-10-10 00:00:00,0.0764291219707803,10.0,2025-10-10 09:53:00,44.195,47.30524414950022,44.263701367149245,22,972.29,43.090125,45.29987499999999,2025-10-10 15:59:00,43.97,WEEK_END_CLOSE,-4.950000000000031,-0.5091073650865474
MRK,2025-10-09 00:00:00,2025-10-10 00:00:00,0.0581391759025236,7.0,2025-10-10 10:09:00,87.26,51.76479672228311,50.222391511940074,11,959.86,85.0785,89.44149999999999,2025-10-10 15:59:00,86.025,WEEK_END_CLOSE,-13.584999999999994,-1.4153105661242282
EOG,2025-10-09 00:00:00,2025-10-10 00:00:00,0.0678791565618995,9.0,2025-10-10 10:25:00,110.085,49.134158713487345,44.87203253551498,9,990.765,107.33287499999999,112.83712499999999,2025-10-10 15:59:00,108.06,WEEK_END_CLOSE,-18.224999999999923,-1.8394876686196993
HLT,2025-10-09 00:00:00,2025-10-10 00:00:00,0.0329911615458946,4.0,2025-10-10 10:25:00,262.035,54.91491465803623,49.960224765669814,3,786.105,255.484125,268.585875,2025-10-10 15:59:00,259.54,WEEK_END_CLOSE,-7.485000000000014,-0.9521628790047143
TEL,2025-10-09 00:00:00,2025-10-10 00:00:00,0.0,1.0,2025-10-10 10:27:00,223.455,56.15274139866371,54.89851517311324,4,893.82,217.868625,229.041375,2025-10-10 11:31:00,217.86,STOP_LOSS_GAP,-22.379999999999995,-2.503859837551181
APH,2025-10-09 00:00:00,2025-10-10 00:00:00,0.0508701472556894,6.0,2025-10-10 10:42:00,125.305,47.26318590784775,45.59325684762544,7,877.135,122.172375,128.437625,2025-10-10 15:27:00,122.172375,STOP_LOSS,-21.92837500000003,-2.500000000000002
FDX,2025-10-09 00:00:00,2025-10-10 00:00:00,0.0601187902690048,8.0,2025-10-10 11:42:00,229.56,36.39602102853445,33.145685636277186,4,918.24,223.821,235.29899999999998,2025-10-10 15:59:00,224.62,WEEK_END_CLOSE,-19.75999999999999,-2.151942847185917
TEL,2025-10-09 00:00:00,2025-10-10 00:00:00,0.0,1.0,2025-10-10 11:42:00,217.94,40.66623179951981,36.32601899817447,4,871.76,212.4915,223.38849999999996,2025-10-10 15:59:00,214.61,WEEK_END_CLOSE,-13.319999999999936,-1.5279434706799933
CMCSA,2025-10-09 00:00:00,2025-10-10 00:00:00,0.0053350192998802,2.0,2025-10-10 12:05:00,29.69,42.879551764043356,40.11215013714134,33,979.7700000000001,28.94775,30.43225,2025-10-10 15:59:00,29.46,WEEK_END_CLOSE,-7.590000000000014,-0.7746716066015513
ITW,2025-10-10 00:00:00,2025-10-13 00:00:00,0.0161290322580645,6.0,2025-10-13 09:46:00,245.46,50.812699628364,49.694606371323204,4,981.84,239.3235,251.5965,2025-10-17 15:59:00,249.4,WEEK_END_CLOSE,15.759999999999991,1.6051495151959472
CMCSA,2025-10-10 00:00:00,2025-10-13 00:00:00,0.0088402516480988,2.0,2025-10-13 09:47:00,29.545,52.24269642499572,49.03124932604774,33,974.985,28.806375000000003,30.283625,2025-10-17 15:59:00,29.525,WEEK_END_CLOSE,-0.6600000000001032,-0.06769334912846148
FDX,2025-10-10 00:00:00,2025-10-13 00:00:00,0.0010748504397164,1.0,2025-10-13 09:50:00,228.515,61.07648578029985,52.79849838557396,4,914.06,222.802125,234.22787499999995,2025-10-14 13:48:00,234.265,TAKE_PROFIT_GAP,23.0,2.516246198280192
KMI,2025-10-10 00:00:00,2025-10-13 00:00:00,0.0476741043102599,8.0,2025-10-13 09:50:00,27.1865,47.4522324357411,43.313811578956056,36,978.7139999999999,26.5068375,27.866162499999998,2025-10-17 15:59:00,27.38,WEEK_END_CLOSE,6.966000000000008,0.711750317253057
SLB,2025-10-10 00:00:00,2025-10-13 00:00:00,0.0211372184312895,7.0,2025-10-13 09:50:00,31.79,48.95250780227627,41.65754678808849,31,985.49,30.99525,32.58475,2025-10-14 11:41:00,32.58475,TAKE_PROFIT,24.637250000000016,2.499999999999991
AON,2025-10-10 00:00:00,2025-10-13 00:00:00,0.0088888888888888,3.0,2025-10-13 09:59:00,357.85,48.078003365009884,45.413897528714145,2,715.7,348.90375,366.79625,2025-10-16 09:30:00,348.90375,STOP_LOSS,-17.89250000000004,-2.500000000000002
PLD,2025-10-10 00:00:00,2025-10-13 00:00:00,0.0097087378640776,4.0,2025-10-13 10:03:00,112.44,58.095917155556464,54.91066285140141,8,899.52,109.62899999999999,115.25099999999999,2025-10-14 13:48:00,115.27,TAKE_PROFIT_GAP,22.639999999999986,2.5168979011028103
AJG,2025-10-10 00:00:00,2025-10-13 00:00:00,0.0526315789473684,9.0,2025-10-13 10:14:00,300.045,43.586672684018474,42.323767949948014,3,900.135,292.543875,307.546125,2025-10-16 09:30:00,287.27,STOP_LOSS_GAP,-38.3250000000001,-4.257694679131474
SO,2025-10-10 00:00:00,2025-10-13 00:00:00,0.0547020704915441,10.0,2025-10-13 10:16:00,97.565,49.2539788556121,48.615424091352686,10,975.65,95.125875,100.00412499999999,2025-10-15 09:31:00,100.00412499999999,TAKE_PROFIT,24.3912499999999,2.499999999999991
PH,2025-10-10 00:00:00,2025-10-13 00:00:00,0.0146396396396396,5.0,2025-10-13 10:39:00,730.685,53.10383106964476,51.139364638798824,1,730.685,712.417875,748.9521249999999,2025-10-17 15:59:00,733.67,WEEK_END_CLOSE,2.9850000000000136,0.40852077160473677
DLR,2025-10-13 00:00:00,2025-10-14 00:00:00,0.058083252662149,8.0,2025-10-14 09:50:00,170.27,51.04492306104729,50.83664191978126,5,851.35,166.01325,174.52675,2025-10-15 09:41:00,174.52675,TAKE_PROFIT,21.283749999999912,2.499999999999991
TEL,2025-10-13 00:00:00,2025-10-14 00:00:00,0.0294117647058823,7.0,2025-10-14 09:51:00,217.595,48.37368069932041,46.764065949184186,4,870.38,212.155125,223.03487499999997,2025-10-15 09:30:00,224.6,TAKE_PROFIT_GAP,28.019999999999982,3.2192835313311408
PFE,2025-10-13 00:00:00,2025-10-14 00:00:00,0.0714133322989196,10.0,2025-10-14 09:52:00,24.66,49.71888159792597,45.03612951811987,40,986.4,24.043499999999998,25.2765,2025-10-17 15:59:00,24.5199,WEEK_END_CLOSE,-5.604000000000013,-0.5681265206812669
APH,2025-10-13 00:00:00,2025-10-14 00:00:00,0.0196579830589739,4.0,2025-10-14 09:53:00,121.78,47.21798080416755,46.901359630124894,8,974.24,118.7355,124.82449999999999,2025-10-15 09:30:00,126.64,TAKE_PROFIT_GAP,38.879999999999995,3.9908030875349
SPGI,2025-10-13 00:00:00,2025-10-14 00:00:00,0.0245398773006134,6.0,2025-10-14 10:05:00,485.085,63.55617782912572,59.393363502219835,2,970.17,472.95787499999994,497.21212499999996,2025-10-16 12:30:00,472.95787499999994,STOP_LOSS,-24.25425000000007,-2.500000000000002
MCO,2025-10-13 00:00:00,2025-10-14 00:00:00,0.0204081632653061,5.0,2025-10-14 10:10:00,479.61,61.42596829962495,55.88047034216034,2,959.22,467.61975,491.60024999999996,2025-10-16 15:22:00,467.61975,STOP_LOSS,-23.980500000000006,-2.500000000000002
FDX,2025-10-13 00:00:00,2025-10-14 00:00:00,0.00431344356578,2.0,2025-10-14 14:34:00,234.42,59.60843960484166,59.258306560710636,4,937.68,228.55949999999999,240.28049999999996,2025-10-17 15:59:00,237.77,WEEK_END_CLOSE,13.400000000000091,1.429058954014173
WM,2025-10-14 00:00:00,2025-10-15 00:00:00,0.0650784427658338,10.0,2025-10-15 09:46:00,216.6607,38.45578914961629,38.16026425739144,4,866.6428,211.2441825,222.07721749999996,2025-10-17 15:59:00,215.48,WEEK_END_CLOSE,-4.7228000000000065,-0.5449534687186008
DLR,2025-10-14 00:00:00,2025-10-15 00:00:00,0.0329218106995884,5.0,2025-10-15 10:00:00,175.72,60.75739927318619,58.18758245899932,5,878.6,171.327,180.11299999999997,2025-10-17 11:12:00,171.327,STOP_LOSS,-21.965000000000003,-2.500000000000002
MO,2025-10-14 00:00:00,2025-10-15 00:00:00,0.0619495299356754,9.0,2025-10-15 10:00:00,65.62,61.88029711562078,60.67441263865821,15,984.3000000000001,63.9795,67.2605,2025-10-17 15:59:00,65.04,WEEK_END_CLOSE,-8.699999999999974,-0.883876866808897
TMO,2025-10-14 00:00:00,2025-10-15 00:00:00,0.0411568409343715,7.0,2025-10-15 10:20:00,530.825,53.46187854373619,52.0577945641991,1,530.825,517.554375,544.095625,2025-10-16 09:30:00,544.36,TAKE_PROFIT_GAP,13.534999999999968,2.5498045495219612
APD,2025-10-14 00:00:00,2025-10-15 00:00:00,0.0351351351351351,6.0,2025-10-15 10:28:00,262.965,45.31408561540024,45.23154601375744,3,788.895,256.390875,269.53912499999996,2025-10-15 13:08:00,256.35,STOP_LOSS_GAP,-19.844999999999857,-2.5155438936740437
ECL,2025-10-14 00:00:00,2025-10-15 00:00:00,0.0084151472650771,4.0,2025-10-15 10:28:00,276.0665,63.132933732333115,57.714570662902744,3,828.1995000000001,269.16483750000003,282.9681625,2025-10-16 14:28:00,269.1525,STOP_LOSS_GAP,-20.742000000000132,-2.504469031918055
APD,2025-10-14 00:00:00,2025-10-15 00:00:00,0.0351351351351351,6.0,2025-10-15 13:21:00,256.15,43.636182447788194,33.41796590448632,3,768.4499999999999,249.74624999999997,262.55375,2025-10-17 15:59:00,253.23,WEEK_END_CLOSE,-8.759999999999962,-1.1399570564122552
WELL,2025-10-15 00:00:00,2025-10-16 00:00:00,0.0181818181818181,5.0,2025-10-16 09:55:00,173.02,51.76289341366349,50.27653959959385,5,865.1,168.6945,177.3455,2025-10-17 15:59:00,175.11,WEEK_END_CLOSE,10.450000000000017,1.2079528378222237
SLB,2025-10-15 00:00:00,2025-10-16 00:00:00,0.0399877899877899,7.0,2025-10-16 09:57:00,32.65,51.062869875743345,47.40222470817989,30,979.5,31.83375,33.466249999999995,2025-10-17 10:52:00,31.83375,STOP_LOSS,-24.487500000000004,-2.500000000000002
JCI,2025-10-15 00:00:00,2025-10-16 00:00:00,0.0186781609195402,6.0,2025-10-16 09:58:00,110.335,45.56594859540805,45.4871139272883,9,993.015,107.57662499999999,113.09337499999998,2025-10-17 15:59:00,108.84,WEEK_END_CLOSE,-13.454999999999913,-1.3549644265192229
TJX,2025-10-15 00:00:00,2025-10-16 00:00:00,0.0415300546448087,8.0,2025-10-16 10:00:00,143.52,47.88536153801737,41.95097966526451,6,861.1200000000001,139.93200000000002,147.108,2025-10-17 15:59:00,143.85,WEEK_END_CLOSE,1.9799999999999045,0.22993311036787478
CRH,2025-10-15 00:00:00,2025-10-16 00:00:00,0.0149094781682641,3.0,2025-10-16 10:03:00,117.76,41.53521168240506,39.625532343136555,8,942.08,114.816,120.704,2025-10-17 15:59:00,117.41,WEEK_END_CLOSE,-2.800000000000068,-0.2972146739130488
AJG,2025-10-15 00:00:00,2025-10-16 00:00:00,0.0434782608695652,9.0,2025-10-16 10:05:00,280.72,37.807894624433196,37.66074352660941,3,842.1600000000001,273.702,287.738,2025-10-17 15:59:00,280.63,WEEK_END_CLOSE,-0.2700000000000955,-0.03206041607296539
EMR,2025-10-15 00:00:00,2025-10-16 00:00:00,0.0458715596330275,10.0,2025-10-16 10:15:00,130.0,52.705769202945156,48.493361994444484,7,910.0,126.75,133.25,2025-10-17 15:59:00,129.31,WEEK_END_CLOSE,-4.829999999999984,-0.5307692307692236
ICE,2025-10-15 00:00:00,2025-10-16 00:00:00,0.0168195718654434,4.0,2025-10-16 10:29:00,155.73,43.46200293268358,41.587057231742754,6,934.3799999999999,151.83675,159.62324999999998,2025-10-17 15:59:00,153.575,WEEK_END_CLOSE,-12.930000000000007,-1.3838053040518883
EQIX,2025-10-16 00:00:00,2025-10-17 00:00:00,0.0434782608695652,4.0,2025-10-17 09:45:00,810.42,43.52652959479877,41.318191138962206,1,810.42,790.1595,830.6804999999999,2025-10-17 15:59:00,813.86,WEEK_END_CLOSE,3.4400000000000546,0.4244712618148627
SO,2025-10-16 00:00:00,2025-10-17 00:00:00,0.0505836575875486,5.0,2025-10-17 09:47:00,98.32,48.518805413646774,45.253886568373545,10,983.1999999999999,95.862,100.77799999999998,2025-10-17 15:59:00,97.79,WEEK_END_CLOSE,-5.299999999999869,-0.5390561432058405
SPGI,2025-10-16 00:00:00,2025-10-17 00:00:00,0.0515463917525773,6.0,2025-10-17 09:47:00,473.45,55.179381372216035,49.190332876898715,2,946.9,461.61375,485.28624999999994,2025-10-17 15:59:00,473.17,WEEK_END_CLOSE,-0.5599999999999454,-0.05914035272995832
REGN,2025-10-16 00:00:00,2025-10-17 00:00:00,0.0607356715141146,9.0,2025-10-17 09:48:00,573.0,66.96880042514553,55.78455114445975,1,573.0,558.675,587.3249999999999,2025-10-17 15:59:00,578.25,WEEK_END_CLOSE,5.25,0.9162303664921545
QCOM,2025-10-16 00:00:00,2025-10-17 00:00:00,0.0557783273705188,8.0,2025-10-17 09:51:00,163.22,50.11787948716433,49.825103098935195,6,979.3199999999999,159.1395,167.30049999999997,2025-10-17 15:59:00,163.441,WEEK_END_CLOSE,1.3260000000000218,0.1354000735203975
MDT,2025-10-16 00:00:00,2025-10-17 00:00:00,0.0339285714285714,2.0,2025-10-17 10:14:00,95.365,53.361234717450806,52.27286601790117,10,953.65,92.980875,97.74912499999999,2025-10-17 15:59:00,95.78,WEEK_END_CLOSE,4.1500000000000625,0.4351701357940607
BSX,2025-10-16 00:00:00,2025-10-17 00:00:00,0.0343915343915343,3.0,2025-10-17 10:27:00,98.93,63.12472209176467,60.866850634803036,10,989.3000000000001,96.45675,101.40325,2025-10-17 15:59:00,99.24,WEEK_END_CLOSE,3.0999999999998806,0.3133528757707449
AFL,2025-10-17 00:00:00,2025-10-20 00:00:00,0.0067796610169491,3.0,2025-10-20 09:45:00,108.0,54.592790418516024,47.1426680004432,9,972.0,105.3,110.69999999999999,2025-10-24 15:59:00,107.17,WEEK_END_CLOSE,-7.469999999999985,-0.7685185185185128
EQIX,2025-10-17 00:00:00,2025-10-20 00:00:00,0.0,1.0,2025-10-20 09:46:00,820.89,59.33356637951891,56.472082788594626,1,820.89,800.36775,841.4122499999999,2025-10-24 09:30:00,842.14,TAKE_PROFIT_GAP,21.25,2.588653778216332
FDX,2025-10-17 00:00:00,2025-10-20 00:00:00,0.0468384074941452,8.0,2025-10-20 09:47:00,240.14,58.107766884304795,53.63529972400943,4,960.56,234.13649999999998,246.14349999999996,2025-10-21 11:04:00,246.14349999999996,TAKE_PROFIT,24.013999999999896,2.499999999999991
ROST,2025-10-17 00:00:00,2025-10-20 00:00:00,0.0049875311720698,2.0,2025-10-20 09:50:00,157.15,53.97510631028624,52.237326099460354,6,942.9000000000001,153.22125,161.07874999999999,2025-10-24 15:59:00,156.79,WEEK_END_CLOSE,-2.160000000000082,-0.22908049634108307
SPGI,2025-10-17 00:00:00,2025-10-20 00:00:00,0.0526315789473684,9.0,2025-10-20 09:56:00,473.93,48.37455211953635,48.30524776095456,2,947.86,462.08175,485.77824999999996,2025-10-22 10:17:00,485.77824999999996,TAKE_PROFIT,23.6964999999999,2.499999999999991
CRH,2025-10-17 00:00:00,2025-10-20 00:00:00,0.0285714285714285,6.0,2025-10-20 10:02:00,117.235,52.332613532110805,49.404949350994855,8,937.88,114.304125,120.16587499999999,2025-10-24 09:33:00,120.16587499999999,TAKE_PROFIT,23.44699999999989,2.499999999999991
DHR,2025-10-17 00:00:00,2025-10-20 00:00:00,0.0664804469273743,10.0,2025-10-20 10:07:00,209.7,51.253339147204905,50.92717637763545,4,838.8,204.45749999999998,214.94249999999997,2025-10-21 09:30:00,223.5,TAKE_PROFIT_GAP,55.200000000000045,6.580829756795437
CMCSA,2025-10-17 00:00:00,2025-10-20 00:00:00,0.0079268292682926,4.0,2025-10-20 10:13:00,29.505,54.44187909934285,50.817107430358,33,973.665,28.767374999999998,30.242624999999997,2025-10-24 15:59:00,29.27,WEEK_END_CLOSE,-7.754999999999981,-0.7964751736993736
MCO,2025-10-17 00:00:00,2025-10-20 00:00:00,0.0273722627737226,5.0,2025-10-20 10:21:00,472.82,53.58643432956082,53.15184829608688,2,945.64,460.99949999999995,484.6405,2025-10-21 13:12:00,484.6405,TAKE_PROFIT,23.640999999999963,2.499999999999991
PH,2025-10-17 00:00:00,2025-10-20 00:00:00,0.0389610389610389,7.0,2025-10-20 10:40:00,743.25,58.37257372102798,55.30301595493921,1,743.25,724.6687499999999,761.83125,2025-10-23 14:57:00,761.83125,TAKE_PROFIT,18.581249999999955,2.499999999999991
EMR,2025-10-20 00:00:00,2025-10-21 00:00:00,0.0261437908496732,3.0,2025-10-21 09:49:00,130.255,55.65656485529697,55.33675025456771,7,911.785,126.99862499999999,133.511375,2025-10-22 09:33:00,133.511375,TAKE_PROFIT,22.79462499999994,2.499999999999991
MDLZ,2025-10-20 00:00:00,2025-10-21 00:00:00,0.0483870967741935,5.0,2025-10-21 10:05:00,62.815,53.431186958217964,49.941726007477875,15,942.2249999999999,61.244625,64.385375,2025-10-22 09:31:00,61.244625,STOP_LOSS,-23.555624999999978,-2.500000000000002
PFE,2025-10-20 00:00:00,2025-10-21 00:00:00,0.1167043618739903,10.0,2025-10-21 10:06:00,24.705,57.01101648133313,54.48743601355319,40,988.1999999999999,24.087374999999998,25.322624999999995,2025-10-24 15:59:00,24.775,WEEK_END_CLOSE,2.8000000000000114,0.2833434527423684
CI,2025-10-20 00:00:00,2025-10-21 00:00:00,0.0563663814796175,7.0,2025-10-21 10:08:00,305.495,52.14851130898961,50.25039675060956,3,916.485,297.857625,313.13237499999997,2025-10-24 15:59:00,301.74,WEEK_END_CLOSE,-11.264999999999986,-1.229152686623347
ETN,2025-10-20 00:00:00,2025-10-21 00:00:00,0.0989345509893455,9.0,2025-10-21 10:13:00,373.4,47.884398796383,45.97398676207879,2,746.8,364.065,382.73499999999996,2025-10-22 10:13:00,364.065,STOP_LOSS,-18.66999999999996,-2.499999999999991
AMGN,2025-10-20 00:00:00,2025-10-21 00:00:00,0.020800627943485,2.0,2025-10-21 10:20:00,299.24,48.021973254550204,45.76277451624143,3,897.72,291.759,306.721,2025-10-24 09:51:00,291.759,STOP_LOSS,-22.442999999999984,-2.500000000000002
FDX,2025-10-20 00:00:00,2025-10-21 00:00:00,0.0389380530973451,4.0,2025-10-21 12:23:00,244.81,52.31801302884918,49.25739344888316,4,979.24,238.68975,250.93024999999997,2025-10-23 10:07:00,238.68975,STOP_LOSS,-24.480999999999995,-2.500000000000002
SNPS,2025-10-21 00:00:00,2025-10-22 00:00:00,0.1413489736070381,6.0,2025-10-22 09:46:00,461.23,64.21151426338733,63.92068874519578,2,922.46,449.69925,472.76075,2025-10-22 12:33:00,449.69925,STOP_LOSS,-23.061500000000024,-2.500000000000002
CSX,2025-10-21 00:00:00,2025-10-22 00:00:00,0.0256983240223463,2.0,2025-10-22 09:48:00,36.205,54.842091307496254,52.83905693510986,27,977.535,35.299875,37.110125,2025-10-24 15:59:00,36.13,WEEK_END_CLOSE,-2.024999999999885,-0.20715370805136635
NSC,2025-10-21 00:00:00,2025-10-22 00:00:00,0.0898203592814371,3.0,2025-10-22 09:48:00,290.7,52.383428061311946,49.55934812968401,3,872.0999999999999,283.4325,297.9675,2025-10-23 15:37:00,283.4325,STOP_LOSS,-21.802499999999952,-2.499999999999991
REGN,2025-10-21 00:00:00,2025-10-22 00:00:00,0.196,8.0,2025-10-22 09:50:00,580.855,53.23772196429065,52.5675937919535,1,580.855,566.333625,595.3763749999999,2025-10-24 15:59:00,578.09,WEEK_END_CLOSE,-2.7649999999999864,-0.47602241523271305
TMUS,2025-10-21 00:00:00,2025-10-22 00:00:00,0.1537484116899618,7.0,2025-10-22 09:55:00,223.65,45.51402579421604,42.66129910462793,4,894.6,218.05875,229.24124999999998,2025-10-23 11:10:00,218.05875,STOP_LOSS,-22.36500000000001,-2.500000000000002
QCOM,2025-10-21 00:00:00,2025-10-22 00:00:00,0.1321476381717345,4.0,2025-10-22 10:00:00,166.81,50.347533586984916,50.09720365921528,5,834.05,162.63975,170.98024999999998,2025-10-23 12:13:00,170.98024999999998,TAKE_PROFIT,20.851249999999908,2.499999999999991
JPM,2025-10-21 00:00:00,2025-10-22 00:00:00,0.2044504907200466,10.0,2025-10-22 10:01:00,296.565,45.54646997338022,41.53611149286873,3,889.6949999999999,289.150875,303.97912499999995,2025-10-24 15:59:00,300.51,WEEK_END_CLOSE,11.83499999999998,1.3302311466288907
SNPS,2025-10-21 00:00:00,2025-10-22 00:00:00,0.1413489736070381,6.0,2025-10-22 12:42:00,454.21,44.92056502341413,44.57036409440639,2,908.42,442.85474999999997,465.56524999999993,2025-10-24 10:07:00,465.8499,TAKE_PROFIT_GAP,23.279800000000023,2.562669249906424
KKR,2025-10-22 00:00:00,2025-10-23 00:00:00,0.0498090940645609,3.0,2025-10-23 09:48:00,123.525,52.563622302380494,51.19848759425152,8,988.2,120.436875,126.613125,2025-10-23 10:14:00,120.436875,STOP_LOSS,-24.70500000000004,-2.500000000000002
MRK,2025-10-22 00:00:00,2025-10-23 00:00:00,0.0796434169278996,6.0,2025-10-23 09:48:00,87.76,49.56206348556558,46.463434341862076,11,965.36,85.566,89.954,2025-10-24 15:59:00,87.47,WEEK_END_CLOSE,-3.190000000000069,-0.330446672743856
EOG,2025-10-22 00:00:00,2025-10-23 00:00:00,0.1122931442080378,9.0,2025-10-23 09:49:00,108.5,62.364469367006414,60.40960109382,9,976.5,105.7875,111.21249999999999,2025-10-24 15:59:00,106.38,WEEK_END_CLOSE,-19.08000000000004,-1.953917050691245
TFC,2025-10-22 00:00:00,2025-10-23 00:00:00,0.1341991341991342,10.0,2025-10-23 09:50:00,43.58,49.67394546498336,49.65215426423735,22,958.76,42.4905,44.66949999999999,2025-10-24 15:59:00,44.2,WEEK_END_CLOSE,13.6400000000001,1.4226709499770562
ABBV,2025-10-22 00:00:00,2025-10-23 00:00:00,0.0709745762711864,5.0,2025-10-23 09:59:00,228.16,45.31868333721652,44.37260742884908,4,912.64,222.456,233.86399999999998,2025-10-24 15:59:00,228.0,WEEK_END_CLOSE,-0.6399999999999864,-0.07012622720897754
SPGI,2025-10-22 00:00:00,2025-10-23 00:00:00,0.0024912805181863,1.0,2025-10-23 10:01:00,481.385,52.89690471821175,48.571347961296304,2,962.77,469.350375,493.41962499999994,2025-10-24 15:59:00,489.45,WEEK_END_CLOSE,16.129999999999995,1.6753741807493006
MO,2025-10-22 00:00:00,2025-10-23 00:00:00,0.0827175208581644,7.0,2025-10-23 10:02:00,64.36,54.612280588850545,50.14578989056696,15,965.4,62.751,65.969,2025-10-24 15:59:00,64.67,WEEK_END_CLOSE,4.650000000000034,0.48166563082661096
FDX,2025-10-22 00:00:00,2025-10-23 00:00:00,0.0688524590163934,4.0,2025-10-23 10:28:00,236.49,46.61824634189958,39.513367417520605,4,945.96,230.57775,242.40224999999998,2025-10-24 15:59:00,241.17,WEEK_END_CLOSE,18.719999999999914,1.9789420271470126
KKR,2025-10-22 00:00:00,2025-10-23 00:00:00,0.0498090940645609,3.0,2025-10-23 10:31:00,120.245,40.231779108116186,39.0929925884459,8,961.96,117.23887500000001,123.25112499999999,2025-10-24 09:38:00,123.25112499999999,TAKE_PROFIT,24.048999999999864,2.499999999999991
LOW,2025-10-23 00:00:00,2025-10-24 00:00:00,0.0761865112406328,5.0,2025-10-24 09:50:00,245.34,54.07588250186252,52.51319258523302,4,981.36,239.2065,251.47349999999997,2025-10-24 15:59:00,242.72,WEEK_END_CLOSE,-10.480000000000018,-1.0679057634303435
EMR,2025-10-23 00:00:00,2025-10-24 00:00:00,0.1,9.0,2025-10-24 09:52:00,133.985,59.609364449075436,55.555565876011606,7,937.8950000000001,130.635375,137.334625,2025-10-24 15:59:00,132.7,WEEK_END_CLOSE,-8.995000000000175,-0.9590625816322862
MDT,2025-10-23 00:00:00,2025-10-24 00:00:00,0.0984427141268075,8.0,2025-10-24 10:00:00,94.51,52.632403288044465,48.799515838102,10,945.1,92.14725,96.87275,2025-10-24 15:59:00,93.67,WEEK_END_CLOSE,-8.400000000000034,-0.8887948365252418
KKR,2025-10-23 00:00:00,2025-10-24 00:00:00,0.0545411985018726,3.0,2025-10-24 10:04:00,123.395,59.57284387126948,58.61862784207661,8,987.16,120.310125,126.47987499999998,2025-10-24 15:59:00,121.2899,WEEK_END_CLOSE,-16.840799999999945,-1.7059848454151205
SO,2025-10-23 00:00:00,2025-10-24 00:00:00,0.0940860215053763,7.0,2025-10-24 10:05:00,96.19,49.48982326780577,42.156288266451845,10,961.9,93.78524999999999,98.59474999999999,2025-10-24 15:59:00,95.87,WEEK_END_CLOSE,-3.199999999999932,-0.33267491423224493
WFC,2025-10-23 00:00:00,2025-10-24 00:00:00,0.1185179937659393,10.0,2025-10-24 10:07:00,86.01,62.206467698735814,62.11415036555831,11,946.11,83.85975,88.16024999999999,2025-10-24 15:59:00,86.41,WEEK_END_CLOSE,4.399999999999906,0.46506220206952165
KMI,2025-10-23 00:00:00,2025-10-24 00:00:00,0.0239255981399535,2.0,2025-10-24 10:53:00,26.135,45.6813529018237,45.04745955820502,38,993.1300000000001,25.481625,26.788375,2025-10-24 15:59:00,25.865,WEEK_END_CLOSE,-10.260000000000119,-1.033097378993697
DHR,2025-10-24 00:00:00,2025-10-27 00:00:00,0.1017811704834605,6.0,2025-10-27 09:47:00,223.23,51.716799570845986,50.49577146422608,4,892.92,217.64925,228.81074999999996,2025-10-28 13:33:00,217.64925,STOP_LOSS,-22.32299999999998,-2.500000000000002
MRK,2025-10-24 00:00:00,2025-10-27 00:00:00,0.1294170103667372,9.0,2025-10-27 09:47:00,87.44,51.24305061732678,48.54364422884459,11,961.8399999999999,85.25399999999999,89.62599999999999,2025-10-30 09:30:00,84.62,STOP_LOSS_GAP,-31.019999999999925,-3.2250686184812416
TJX,2025-10-24 00:00:00,2025-10-27 00:00:00,0.0876002467612584,4.0,2025-10-27 09:50:00,142.385,48.71345110254865,46.30978203603925,7,996.6949999999999,138.82537499999998,145.94462499999997,2025-10-31 15:59:00,140.13,WEEK_END_CLOSE,-15.784999999999968,-1.5837342416687106
NEE,2025-10-24 00:00:00,2025-10-27 00:00:00,0.1059479553903345,7.0,2025-10-27 09:51:00,84.54,58.01505810997319,54.209582656545635,11,929.94,82.4265,86.6535,2025-10-27 13:49:00,86.6535,TAKE_PROFIT,23.248499999999865,2.499999999999991
WMB,2025-10-24 00:00:00,2025-10-27 00:00:00,0.1325301204819277,10.0,2025-10-27 09:51:00,57.69,57.80146747099672,54.509263911474974,17,980.73,56.247749999999996,59.13224999999999,2025-10-31 15:59:00,57.88,WEEK_END_CLOSE,3.230000000000082,0.32934650719362857
BRK.B,2025-10-24 00:00:00,2025-10-27 00:00:00,0.1222594789785917,8.0,2025-10-27 09:57:00,489.29,44.714757092367506,41.92949112361547,2,978.58,477.05775,501.52225,2025-10-29 09:30:00,477.05775,STOP_LOSS,-24.464500000000044,-2.500000000000002
CMCSA,2025-10-24 00:00:00,2025-10-27 00:00:00,0.0062408223201174,2.0,2025-10-27 09:57:00,29.605,54.19196193224908,52.55940884490272,33,976.965,28.864875,30.345125,2025-10-29 13:02:00,28.864875,STOP_LOSS,-24.424124999999968,-2.500000000000002
FDX,2025-10-24 00:00:00,2025-10-27 00:00:00,0.0029899429192715,1.0,2025-10-27 09:57:00,245.46,53.56063001425471,51.28775327038348,4,981.84,239.3235,251.5965,2025-10-28 09:30:00,251.5965,TAKE_PROFIT,24.545999999999935,2.499999999999991
KKR,2025-10-24 00:00:00,2025-10-27 00:00:00,0.0729613733905579,3.0,2025-10-27 10:19:00,123.2,52.14169483290663,48.00529652564771,8,985.6,120.12,126.27999999999999,2025-10-29 09:30:00,119.73,STOP_LOSS_GAP,-27.75999999999999,-2.8165584415584366
WBD,2025-10-24 00:00:00,2025-10-27 00:00:00,0.0949861263470349,5.0,2025-10-27 10:32:00,21.145,49.86552551913998,48.75056276398554,47,993.8149999999999,20.616374999999998,21.673624999999998,2025-10-29 11:24:00,21.673624999999998,TAKE_PROFIT,24.845374999999912,2.499999999999991
NEE,2025-10-24 00:00:00,2025-10-27 00:00:00,0.1059479553903345,7.0,2025-10-27 14:40:00,85.43,55.0688873829486,53.5536089501313,11,939.73,83.29425,87.56575,2025-10-28 10:57:00,83.29425,STOP_LOSS,-23.493250000000018,-2.500000000000002
ISRG,2025-10-27 00:00:00,2025-10-28 00:00:00,0.1264559068219634,5.0,2025-10-28 09:46:00,551.2,59.95366196630265,56.64734684205936,1,551.2,537.4200000000001,564.98,2025-10-29 14:35:00,537.4200000000001,STOP_LOSS,-13.779999999999973,-2.499999999999991
FDX,2025-10-27 00:00:00,2025-10-28 00:00:00,0.0481162051747616,3.0,2025-10-28 09:53:00,250.91,51.76051205435595,50.12319897888855,3,752.73,244.63725,257.18275,2025-10-31 15:59:00,253.93,WEEK_END_CLOSE,9.06000000000003,1.2036188274680226
KMI,2025-10-27 00:00:00,2025-10-28 00:00:00,0.0922442941673711,4.0,2025-10-28 09:54:00,25.935,46.01461168538032,45.036570186039,38,985.53,25.286624999999997,26.583374999999997,2025-10-31 15:59:00,26.19,WEEK_END_CLOSE,9.690000000000097,0.9832272990167867
HON,2025-10-27 00:00:00,2025-10-28 00:00:00,0.1384358009201171,6.0,2025-10-28 09:55:00,202.0782,49.36907010595653,48.82868128770596,4,808.3128,197.02624500000002,207.130155,2025-10-31 15:59:00,201.35,WEEK_END_CLOSE,-2.912800000000061,-0.36035554552644733
HPE,2025-10-27 00:00:00,2025-10-28 00:00:00,0.0119565217391304,1.0,2025-10-28 10:03:00,23.82,48.41893672086364,48.28810390832804,41,976.62,23.2245,24.415499999999998,2025-10-28 14:40:00,24.415499999999998,TAKE_PROFIT,24.415499999999906,2.499999999999991
SO,2025-10-27 00:00:00,2025-10-28 00:00:00,0.024,2.0,2025-10-28 10:04:00,94.905,58.183902478848175,49.9129430070445,10,949.05,92.532375,97.27762499999999,2025-10-31 15:59:00,94.055,WEEK_END_CLOSE,-8.499999999999943,-0.8956324745798327
NEE,2025-10-27 00:00:00,2025-10-28 00:00:00,0.1864509851617611,10.0,2025-10-28 11:02:00,83.76,50.99750582689182,41.30418822839666,11,921.36,81.666,85.854,2025-10-29 13:54:00,81.666,STOP_LOSS,-23.03400000000009,-2.5000000000000133
DHR,2025-10-27 00:00:00,2025-10-28 00:00:00,0.1392645314353499,7.0,2025-10-28 13:49:00,217.5282,44.62411653260902,44.57063429758721,4,870.1128,212.089995,222.96640499999998,2025-10-31 15:59:00,215.38,WEEK_END_CLOSE,-8.592800000000011,-0.987550119938474
HPE,2025-10-27 00:00:00,2025-10-28 00:00:00,0.0119565217391304,1.0,2025-10-28 14:54:00,24.425,55.7079716596333,54.02679969111393,40,977.0,23.814375000000002,25.035625,2025-10-31 15:59:00,24.42,WEEK_END_CLOSE,-0.1999999999999602,-0.020470829068575114
BRK.B,2025-10-28 00:00:00,2025-10-29 00:00:00,0.1137986240318463,10.0,2025-10-29 09:48:00,475.79,39.24362017598854,36.97572307058857,2,951.58,463.89525000000003,487.68474999999995,2025-10-31 15:59:00,477.89,WEEK_END_CLOSE,4.199999999999932,0.4413711931734454
BSX,2025-10-28 00:00:00,2025-10-29 00:00:00,0.068230277185501,7.0,2025-10-29 09:50:00,100.13,40.19793610556543,40.00607902645821,9,901.17,97.62674999999999,102.63324999999999,2025-10-31 15:59:00,100.73,WEEK_END_CLOSE,5.400000000000077,0.5992210126835262
AFL,2025-10-28 00:00:00,2025-10-29 00:00:00,0.0769230769230769,9.0,2025-10-29 09:57:00,106.15,48.27252412016806,47.05957940853452,9,955.35,103.49625,108.80375,2025-10-31 15:59:00,107.2,WEEK_END_CLOSE,9.449999999999974,0.9891662741403628
BX,2025-10-28 00:00:00,2025-10-29 00:00:00,0.0768543342269883,8.0,2025-10-29 10:04:00,150.66,43.66544077160271,43.29898950656957,6,903.96,146.8935,154.42649999999998,2025-10-30 09:36:00,146.8935,STOP_LOSS,-22.599000000000046,-2.500000000000002
AMGN,2025-10-28 00:00:00,2025-10-29 00:00:00,0.0527823240589198,6.0,2025-10-29 10:08:00,292.27,60.49060265144426,55.90638212078394,3,876.81,284.96324999999996,299.57674999999995,2025-10-31 15:59:00,298.4,WEEK_END_CLOSE,18.389999999999986,2.0973757142368266
CMCSA,2025-10-28 00:00:00,2025-10-29 00:00:00,0.0310434916244044,3.0,2025-10-29 13:09:00,28.875,45.794294522314225,42.607886965453304,34,981.75,28.153125,29.596874999999997,2025-10-30 09:30:00,26.09,STOP_LOSS_GAP,-94.69,-9.645021645021645
CRH,2025-10-29 00:00:00,2025-10-30 00:00:00,0.0588235294117647,7.0,2025-10-30 09:48:00,117.64,53.892410021938936,46.55537710095682,8,941.12,114.699,120.58099999999999,2025-10-31 15:59:00,119.1,WEEK_END_CLOSE,11.67999999999995,1.2410744644678617
CTAS,2025-10-29 00:00:00,2025-10-30 00:00:00,0.0344827586206896,4.0,2025-10-30 09:48:00,184.43,49.659398428364014,49.371809294392634,5,922.1500000000001,179.81925,189.04075,2025-10-31 15:59:00,183.27,WEEK_END_CLOSE,-5.799999999999983,-0.6289649189394342
EMR,2025-10-29 00:00:00,2025-10-30 00:00:00,0.0519480519480519,5.0,2025-10-30 10:08:00,137.42,55.63701919943646,55.422109121008965,7,961.9399999999999,133.9845,140.85549999999998,2025-10-31 15:59:00,139.56,WEEK_END_CLOSE,14.980000000000103,1.5572696841799072
SPGI,2025-10-29 00:00:00,2025-10-30 00:00:00,0.0568965517241379,6.0,2025-10-30 10:10:00,496.5941,60.22661940555028,59.830993089152614,2,993.1882,484.17924750000003,509.00895249999996,2025-10-31 15:59:00,487.08,WEEK_END_CLOSE,-19.028200000000083,-1.9158705268548348
ADP,2025-10-29 00:00:00,2025-10-30 00:00:00,0.0911411794740873,10.0,2025-10-30 10:16:00,261.23,49.94432145175113,49.65082828481692,3,783.69,254.69925,267.76075,2025-10-31 15:59:00,260.28,WEEK_END_CLOSE,-2.8500000000001364,-0.36366420395821386
DLR,2025-10-29 00:00:00,2025-10-30 00:00:00,0.0890052356020942,9.0,2025-10-30 10:17:00,170.95,57.502063007067775,53.60427659726067,5,854.75,166.67624999999998,175.22374999999997,2025-10-31 15:59:00,170.52,WEEK_END_CLOSE,-2.149999999999892,-0.2515355367066263
RTX,2025-10-30 00:00:00,2025-10-31 00:00:00,0.0158687896054103,2.0,2025-10-31 09:47:00,177.2275,44.1094868302123,40.90541086588189,5,886.1374999999999,172.7968125,181.65818749999997,2025-10-31 15:59:00,178.59,WEEK_END_CLOSE,6.812500000000057,0.7687858825520921
ADI,2025-10-30 00:00:00,2025-10-31 00:00:00,0.1023622047244094,8.0,2025-10-31 10:07:00,234.81,53.153342678146466,52.96974812967223,4,939.24,228.93975,240.68024999999997,2025-10-31 15:59:00,234.13,WEEK_END_CLOSE,-2.7200000000000273,-0.28959584344789846
MDT,2025-10-30 00:00:00,2025-10-31 00:00:00,0.0392670157068062,3.0,2025-10-31 10:09:00,91.04,54.38432759363886,48.39634861013868,10,910.4000000000001,88.76400000000001,93.316,2025-10-31 15:59:00,90.7,WEEK_END_CLOSE,-3.400000000000034,-0.3734622144112465
CMCSA,2025-10-30 00:00:00,2025-10-31 00:00:00,0.0744332646381379,5.0,2025-10-31 10:11:00,27.059,45.52831909690117,45.471477952467964,36,974.124,26.382525,27.735474999999997,2025-10-31 15:32:00,27.735474999999997,TAKE_PROFIT,24.35309999999987,2.499999999999991
DASH,2025-10-30 00:00:00,2025-10-31 00:00:00,0.0479677226539151,4.0,2025-10-31 10:13:00,259.2,58.78041825238411,56.60276448796712,3,777.5999999999999,252.71999999999997,265.67999999999995,2025-10-31 15:59:00,254.36,WEEK_END_CLOSE,-14.519999999999925,-1.8672839506172711
PFE,2025-10-30 00:00:00,2025-10-31 00:00:00,0.0969076588311011,7.0,2025-10-31 10:31:00,24.4993,52.07631256379395,51.62715864589129,40,979.9720000000001,23.8868175,25.1117825,2025-10-31 15:59:00,24.65,WEEK_END_CLOSE,6.027999999999878,0.6151196156624739
T,2025-10-30 00:00:00,2025-10-31 00:00:00,0.1184003771213073,9.0,2025-10-31 10:51:00,24.905,57.24053438320683,56.82111006043469,40,996.2,24.282375000000002,25.527625,2025-10-31 15:59:00,24.73,WEEK_END_CLOSE,-7.000000000000028,-0.7026701465569163
DHR,2025-10-31 00:00:00,2025-11-03 00:00:00,0.0634146341463414,4.0,2025-11-03 09:46:00,213.59,45.026275339113944,43.665239776958636,4,854.36,208.25025,218.92974999999998,2025-11-07 10:11:00,208.25025,STOP_LOSS,-21.359000000000037,-2.500000000000002
EMR,2025-10-31 00:00:00,2025-11-03 00:00:00,0.0952380952380952,6.0,2025-11-03 09:55:00,138.71,49.81524102872908,48.37004698384616,7,970.97,135.24225,142.17775,2025-11-05 09:30:00,129.49,STOP_LOSS_GAP,-64.53999999999999,-6.646961286136543
CME,2025-10-31 00:00:00,2025-11-03 00:00:00,0.0454545454545454,3.0,2025-11-03 09:59:00,262.19,41.53924130924368,40.832295529607826,3,786.5699999999999,255.63524999999998,268.74474999999995,2025-11-05 09:31:00,268.74474999999995,TAKE_PROFIT,19.664249999999868,2.499999999999991
BSX,2025-10-31 00:00:00,2025-11-03 00:00:00,0.0654205607476635,5.0,2025-11-03 10:00:00,99.12,45.04848368178693,41.832376594447005,10,991.2,96.642,101.598,2025-11-07 15:59:00,100.0,WEEK_END_CLOSE,8.799999999999955,0.8878127522195189
T,2025-10-31 00:00:00,2025-11-03 00:00:00,0.1281776826331281,8.0,2025-11-03 10:00:00,24.2161,39.90917591150622,34.265255785956754,41,992.8601,23.6106975,24.821502499999998,2025-11-06 10:35:00,24.821502499999998,TAKE_PROFIT,24.821502499999866,2.499999999999991
FDX,2025-10-31 00:00:00,2025-11-03 00:00:00,0.0028885037550548,1.0,2025-11-03 10:01:00,251.885,47.864316093685005,45.969051074459806,3,755.655,245.587875,258.182125,2025-11-05 12:05:00,258.182125,TAKE_PROFIT,18.891374999999982,2.499999999999991
SO,2025-10-31 00:00:00,2025-11-03 00:00:00,0.096629213483146,7.0,2025-11-03 10:03:00,92.52,44.26745180989993,38.727606155544464,10,925.1999999999999,90.207,94.83299999999998,2025-11-03 12:59:00,94.83299999999998,TAKE_PROFIT,23.12999999999988,2.499999999999991
PGR,2025-10-31 00:00:00,2025-11-03 00:00:00,0.131578947368421,9.0,2025-11-03 10:06:00,201.24,36.94727699484624,36.094008717089615,4,804.96,196.209,206.271,2025-11-04 09:30:00,206.271,TAKE_PROFIT,20.12399999999991,2.499999999999991
HPE,2025-10-31 00:00:00,2025-11-03 00:00:00,0.037108744756373,2.0,2025-11-03 10:08:00,24.585,53.36755194817881,52.241240044805295,40,983.4000000000001,23.970375,25.199624999999997,2025-11-04 09:30:00,23.935,STOP_LOSS_GAP,-26.000000000000085,-2.64388854992883
ETN,2025-10-31 00:00:00,2025-11-03 00:00:00,0.136986301369863,10.0,2025-11-03 10:19:00,380.59,45.8924457826472,45.66564114970435,2,761.18,371.07525,390.10474999999997,2025-11-04 09:30:00,360.63,STOP_LOSS_GAP,-39.91999999999996,-5.244488819990012
SO,2025-10-31 00:00:00,2025-11-03 00:00:00,0.096629213483146,7.0,2025-11-03 13:38:00,93.7,60.01416076931273,58.811698506240774,10,937.0,91.3575,96.04249999999999,2025-11-05 09:30:00,91.32,STOP_LOSS_GAP,-23.800000000000097,-2.5400213447171915
LIN,2025-11-03 00:00:00,2025-11-04 00:00:00,0.0411764705882352,4.0,2025-11-04 09:46:00,416.425,58.487489962583254,54.28678444204254,2,832.85,406.01437500000003,426.835625,2025-11-07 15:59:00,420.5,WEEK_END_CLOSE,8.149999999999977,0.9785675691901252
USB,2025-11-03 00:00:00,2025-11-04 00:00:00,0.1012929767962893,7.0,2025-11-04 09:46:00,46.46,52.02641365955346,49.562503334352776,21,975.66,45.2985,47.6215,2025-11-07 15:59:00,47.315,WEEK_END_CLOSE,17.954999999999934,1.8402927249246526
NSC,2025-11-03 00:00:00,2025-11-04 00:00:00,0.1032608695652173,8.0,2025-11-04 09:47:00,281.31,45.510709280222166,43.15896616877872,3,843.9300000000001,274.27725,288.34274999999997,2025-11-07 15:59:00,284.25,WEEK_END_CLOSE,8.819999999999993,1.045110376453029
CSCO,2025-11-03 00:00:00,2025-11-04 00:00:00,0.1295974674246876,10.0,2025-11-04 09:48:00,73.4,48.74918836635527,47.79121099650075,13,954.2,71.565,75.235,2025-11-05 09:31:00,71.565,STOP_LOSS,-23.855000000000103,-2.5000000000000133
CMCSA,2025-11-03 00:00:00,2025-11-04 00:00:00,0.0887449108398295,6.0,2025-11-04 09:51:00,27.125,57.110671594162824,51.079900218330266,36,976.5,26.446875,27.803124999999998,2025-11-05 09:46:00,27.803124999999998,TAKE_PROFIT,24.412499999999923,2.499999999999991
PCAR,2025-11-03 00:00:00,2025-11-04 00:00:00,0.0520951302378255,5.0,2025-11-04 09:54:00,96.38,34.754503881470086,34.70384909575338,10,963.8,93.97049999999999,98.78949999999999,2025-11-05 11:57:00,98.78949999999999,TAKE_PROFIT,24.094999999999942,2.499999999999991
AJG,2025-11-03 00:00:00,2025-11-04 00:00:00,0.0390243902439024,3.0,2025-11-04 09:55:00,245.25,61.086643517267596,57.37172478420526,4,981.0,239.11875,251.38124999999997,2025-11-04 14:49:00,251.38124999999997,TAKE_PROFIT,24.524999999999864,2.499999999999991
DUK,2025-11-03 00:00:00,2025-11-04 00:00:00,0.1242840778923253,9.0,2025-11-04 09:56:00,124.07,54.091029034829134,53.816263214725424,8,992.56,120.96825,127.17174999999999,2025-11-07 15:59:00,123.64,WEEK_END_CLOSE,-3.439999999999941,-0.34657854437011304
JCI,2025-11-03 00:00:00,2025-11-04 00:00:00,0.0300965360590573,2.0,2025-11-04 09:58:00,111.765,43.4345052674472,39.555023119341165,8,894.12,108.97087499999999,114.559125,2025-11-05 09:30:00,120.925,TAKE_PROFIT_GAP,73.27999999999997,8.195767905873929
AJG,2025-11-03 00:00:00,2025-11-04 00:00:00,0.0390243902439024,3.0,2025-11-04 15:04:00,251.59,68.35221473266671,65.69346525928093,3,754.77,245.30025,257.87975,2025-11-06 15:31:00,245.30025,STOP_LOSS,-18.869249999999994,-2.500000000000002
AMT,2025-11-04 00:00:00,2025-11-05 00:00:00,0.0189155107187894,1.0,2025-11-05 09:53:00,181.18,52.43017657436777,52.18747315461512,5,905.9000000000001,176.6505,185.7095,2025-11-07 09:33:00,176.6505,STOP_LOSS,-22.647500000000065,-2.500000000000002
CMCSA,2025-11-04 00:00:00,2025-11-05 00:00:00,0.0210107709484904,2.0,2025-11-05 10:00:00,27.705,57.377892630456124,56.984992444999875,36,997.3799999999999,27.012375,28.397624999999994,2025-11-07 13:20:00,27.012375,STOP_LOSS,-24.934499999999986,-2.500000000000002
AON,2025-11-04 00:00:00,2025-11-05 00:00:00,0.1,8.0,2025-11-05 10:04:00,344.365,56.179107606554716,55.65051414852343,2,688.73,335.755875,352.97412499999996,2025-11-07 15:59:00,346.37,WEEK_END_CLOSE,4.009999999999991,0.5822310629709726
APD,2025-11-04 00:00:00,2025-11-05 00:00:00,0.0960365853658536,7.0,2025-11-05 10:04:00,239.555,48.81660757011528,47.87374074359601,4,958.22,233.566125,245.54387499999999,2025-11-06 09:30:00,249.39,TAKE_PROFIT_GAP,39.33999999999992,4.105529001690633
PM,2025-11-04 00:00:00,2025-11-05 00:00:00,0.1171066672943726,9.0,2025-11-05 10:07:00,148.42,56.33163870383721,56.27520195153784,6,890.52,144.7095,152.13049999999998,2025-11-07 11:54:00,152.13049999999998,TAKE_PROFIT,22.262999999999977,2.499999999999991
MSI,2025-11-04 00:00:00,2025-11-05 00:00:00,0.0730994152046783,6.0,2025-11-05 10:15:00,392.6,50.05390506681462,47.20248617638812,2,785.2,382.785,402.41499999999996,2025-11-07 15:59:00,390.685,WEEK_END_CLOSE,-3.830000000000041,-0.48777381558838817
HLT,2025-11-04 00:00:00,2025-11-05 00:00:00,0.1214337046352856,10.0,2025-11-05 10:20:00,261.38,58.52108345272293,57.02232918311785,3,784.14,254.8455,267.9145,2025-11-06 09:34:00,267.9145,TAKE_PROFIT,19.60349999999994,2.499999999999991
ICE,2025-11-04 00:00:00,2025-11-05 00:00:00,0.06,5.0,2025-11-05 10:59:00,148.15,48.819003293107144,48.09609105733905,6,888.9000000000001,144.44625,151.85375,2025-11-07 15:59:00,149.01,WEEK_END_CLOSE,5.159999999999911,0.5804927438406882
FDX,2025-11-04 00:00:00,2025-11-05 00:00:00,0.0341680106385988,4.0,2025-11-05 12:22:00,258.115,67.5696880743999,65.0475303892177,3,774.345,251.662125,264.56787499999996,2025-11-07 15:59:00,262.1,WEEK_END_CLOSE,11.955000000000041,1.543885477403495
KMI,2025-11-05 00:00:00,2025-11-06 00:00:00,0.0442279740026135,4.0,2025-11-06 09:56:00,26.159,54.43309248842292,50.531402568339296,38,994.0419999999999,25.505025,26.812974999999998,2025-11-07 15:59:00,26.56,WEEK_END_CLOSE,15.237999999999992,1.5329332161015286
RSG,2025-11-05 00:00:00,2025-11-06 00:00:00,0.054054054054054,6.0,2025-11-06 10:02:00,204.08,42.91802222047102,37.333737557613276,4,816.32,198.978,209.182,2025-11-07 15:59:00,205.64,WEEK_END_CLOSE,6.239999999999895,0.7644061152489057
BX,2025-11-05 00:00:00,2025-11-06 00:00:00,0.1227415038125536,9.0,2025-11-06 10:11:00,143.5,52.151575186822896,49.47310370612579,6,861.0,139.9125,147.08749999999998,2025-11-07 15:59:00,145.97,WEEK_END_CLOSE,14.819999999999993,1.721254355400692
ECL,2025-11-06 00:00:00,2025-11-07 00:00:00,0.0833333333333333,7.0,2025-11-07 09:45:00,253.63,49.34906547746548,46.547612216754175,3,760.89,247.28924999999998,259.97074999999995,2025-11-07 15:59:00,256.13,WEEK_END_CLOSE,7.5,0.985687812955871
GD,2025-11-06 00:00:00,2025-11-07 00:00:00,0.0921434689060182,9.0,2025-11-07 09:45:00,341.12,55.24893502874599,50.904917076672064,2,682.24,332.592,349.64799999999997,2025-11-07 15:59:00,346.41,WEEK_END_CLOSE,10.580000000000041,1.5507739212007543
ADP,2025-11-06 00:00:00,2025-11-07 00:00:00,0.0829895847592489,6.0,2025-11-07 09:48:00,254.175,58.727040572712774,57.555101831709294,3,762.5250000000001,247.820625,260.529375,2025-11-07 15:59:00,254.26,WEEK_END_CLOSE,0.2549999999999386,0.033441526507327346
TT,2025-11-06 00:00:00,2025-11-07 00:00:00,0.0166270783847981,1.0,2025-11-07 09:56:00,427.835,44.32860985193914,43.11932407742825,2,855.67,417.139125,438.5308749999999,2025-11-07 15:59:00,434.37,WEEK_END_CLOSE,13.07000000000005,1.5274580153563866
SYK,2025-11-06 00:00:00,2025-11-07 00:00:00,0.0663265306122449,3.0,2025-11-07 10:03:00,356.635,60.15149515349939,53.438620943518046,2,713.27,347.71912499999996,365.55087499999996,2025-11-07 15:59:00,356.06,WEEK_END_CLOSE,-1.1499999999999773,-0.16122926801912518
MO,2025-11-06 00:00:00,2025-11-07 00:00:00,0.0749766517832097,4.0,2025-11-07 10:06:00,57.455,54.10544603260088,48.8435527196125,17,976.735,56.018625,58.891375,2025-11-07 15:59:00,58.02,WEEK_END_CLOSE,9.605000000000082,0.9833782960577908
ACN,2025-11-06 00:00:00,2025-11-07 00:00:00,0.0799516323952714,5.0,2025-11-07 10:07:00,242.33,51.4193418827569,43.03566306634997,4,969.32,236.27175,248.38825,2025-11-07 15:59:00,245.78,WEEK_END_CLOSE,13.799999999999955,1.4236784549993775
SHW,2025-11-06 00:00:00,2025-11-07 00:00:00,0.0884955752212389,8.0,2025-11-07 10:21:00,339.175,56.01648955007925,55.51006802477465,2,678.35,330.695625,347.65437499999996,2025-11-07 15:59:00,340.24,WEEK_END_CLOSE,2.1299999999999955,0.31399719908602464
CMCSA,2025-11-06 00:00:00,2025-11-07 00:00:00,0.0257437683192111,2.0,2025-11-07 13:30:00,27.075,41.47520671112073,40.71909968776482,36,974.6999999999999,26.398125,27.751875,2025-11-07 15:59:00,27.345,WEEK_END_CLOSE,9.719999999999985,0.9972299168975018
BSX,2025-11-07 00:00:00,2025-11-10 00:00:00,0.0650454899684093,7.0,2025-11-10 09:45:00,99.54,48.63947315448643,44.39574626632644,10,995.4000000000001,97.0515,102.0285,2025-11-11 09:36:00,102.0285,TAKE_PROFIT,24.884999999999877,2.499999999999991
CMCSA,2025-11-07 00:00:00,2025-11-10 00:00:00,0.0939140212864298,10.0,2025-11-10 09:45:00,27.3799,55.228012561205034,53.39463751848799,36,985.6764,26.6954025,28.0643975,2025-11-13 09:33:00,28.0643975,TAKE_PROFIT,24.641909999999967,2.499999999999991
ROST,2025-11-07 00:00:00,2025-11-10 00:00:00,0.0910334584115071,9.0,2025-11-10 09:45:00,160.905,48.144152157702145,47.350853473792476,6,965.4300000000001,156.882375,164.92762499999998,2025-11-14 15:59:00,160.57,WEEK_END_CLOSE,-2.0100000000000477,-0.20819738354930228
SYK,2025-11-07 00:00:00,2025-11-10 00:00:00,0.0158371040723981,3.0,2025-11-10 09:45:00,353.62,48.20749847612625,43.56856305032771,2,707.24,344.7795,362.46049999999997,2025-11-11 14:30:00,362.46049999999997,TAKE_PROFIT,17.680999999999926,2.499999999999991
KMI,2025-11-07 00:00:00,2025-11-10 00:00:00,0.0588377780374864,6.0,2025-11-10 09:47:00,26.585,52.73363600150769,49.18752183838983,37,983.645,25.920375,27.249624999999998,2025-11-12 09:36:00,27.249624999999998,TAKE_PROFIT,24.591124999999902,2.499999999999991
FDX,2025-11-07 00:00:00,2025-11-10 00:00:00,0.011187573640606,1.0,2025-11-10 09:51:00,258.62,48.3820713470031,40.08971327554647,3,775.86,252.15449999999998,265.08549999999997,2025-11-11 12:16:00,265.08549999999997,TAKE_PROFIT,19.39649999999989,2.499999999999991
MCO,2025-11-07 00:00:00,2025-11-10 00:00:00,0.0253164556962025,4.0,2025-11-10 09:55:00,484.1,50.385628675420975,46.52840019244497,2,968.2,471.9975,496.2025,2025-11-12 09:33:00,496.2025,TAKE_PROFIT,24.204999999999927,2.499999999999991
JCI,2025-11-07 00:00:00,2025-11-10 00:00:00,0.0457809694793536,5.0,2025-11-10 10:04:00,122.64,49.912042363546334,49.51694584446292,8,981.12,119.574,125.70599999999999,2025-11-14 09:30:00,118.6,STOP_LOSS_GAP,-32.32000000000005,-3.2941943900848036
AON,2025-11-07 00:00:00,2025-11-10 00:00:00,0.0707964601769911,8.0,2025-11-10 10:10:00,344.19,59.3723372521316,50.541501190476694,2,688.38,335.58525,352.79474999999996,2025-11-13 11:33:00,352.79474999999996,TAKE_PROFIT,17.209499999999935,2.499999999999991
MSI,2025-11-07 00:00:00,2025-11-10 00:00:00,0.0131578947368421,2.0,2025-11-10 10:18:00,392.555,54.34989112152879,53.494068701315506,2,785.11,382.741125,402.36887499999995,2025-11-13 15:11:00,382.741125,STOP_LOSS,-19.627749999999992,-2.500000000000002
SPGI,2025-11-10 00:00:00,2025-11-11 00:00:00,0.0972915236133364,6.0,2025-11-11 09:46:00,496.36,60.83712913713296,59.80500672332403,2,992.72,483.951,508.76899999999995,2025-11-14 15:59:00,493.89,WEEK_END_CLOSE,-4.940000000000055,-0.4976226932065453
PNC,2025-11-10 00:00:00,2025-11-11 00:00:00,0.1060074690527193,7.0,2025-11-11 09:47:00,184.98,47.76472335773342,45.27582003100536,5,924.9,180.35549999999998,189.60449999999997,2025-11-14 15:59:00,184.04,WEEK_END_CLOSE,-4.699999999999989,-0.5081630446534757
ITW,2025-11-10 00:00:00,2025-11-11 00:00:00,0.2,10.0,2025-11-11 09:48:00,245.055,56.162027088621215,49.6901895953224,4,980.22,238.928625,251.18137499999997,2025-11-14 15:59:00,244.08,WEEK_END_CLOSE,-3.8999999999999773,-0.39786986594846363
LIN,2025-11-10 00:00:00,2025-11-11 00:00:00,0.1421319796954314,8.0,2025-11-11 09:49:00,424.3345,61.152385575053216,60.54602939771699,2,848.669,413.7261375,434.94286249999993,2025-11-14 15:59:00,423.27,WEEK_END_CLOSE,-2.129000000000019,-0.25086341082329877
DUK,2025-11-10 00:00:00,2025-11-11 00:00:00,0.1664684898929845,9.0,2025-11-11 09:50:00,122.86,47.33689933594223,44.32594536383546,8,982.88,119.7885,125.93149999999999,2025-11-14 15:59:00,122.715,WEEK_END_CLOSE,-1.1599999999999682,-0.11802051115089585
ALL,2025-11-10 00:00:00,2025-11-11 00:00:00,0.06184012066365,5.0,2025-11-11 10:13:00,205.5244,52.62316459222968,51.62490454134055,4,822.0976,200.38629,210.66251,2025-11-13 09:34:00,210.99,TAKE_PROFIT_GAP,21.86239999999998,2.6593436107829493
ELV,2025-11-10 00:00:00,2025-11-11 00:00:00,0.0580498866213151,4.0,2025-11-11 10:20:00,307.5585,60.395182008141745,59.28848730379142,3,922.6754999999999,299.8695375,315.2474624999999,2025-11-11 15:00:00,315.2474624999999,TAKE_PROFIT,23.066887499999837,2.499999999999991
FDX,2025-11-10 00:00:00,2025-11-11 00:00:00,0.0451485668163004,2.0,2025-11-11 12:46:00,264.58,60.85562711357556,59.23886531927433,3,793.74,257.96549999999996,271.19449999999995,2025-11-12 09:49:00,271.19449999999995,TAKE_PROFIT,19.843499999999892,2.499999999999991
ELV,2025-11-10 00:00:00,2025-11-11 00:00:00,0.0580498866213151,4.0,2025-11-11 15:30:00,317.29,66.93843360801418,57.03568111496396,3,951.8700000000001,309.35775,325.22225,2025-11-12 09:56:00,325.22225,TAKE_PROFIT,23.79674999999986,2.499999999999991
ICE,2025-11-11 00:00:00,2025-11-12 00:00:00,0.0947368421052631,6.0,2025-11-12 09:47:00,152.735,60.517797176018206,59.88585916099947,6,916.4100000000001,148.916625,156.553375,2025-11-14 15:59:00,152.08,WEEK_END_CLOSE,-3.930000000000007,-0.42884734998527296
ORLY,2025-11-11 00:00:00,2025-11-12 00:00:00,0.1413690476190476,10.0,2025-11-12 09:49:00,98.49,43.44842946525741,42.760401069524995,10,984.9,96.02775,100.95224999999999,2025-11-14 15:59:00,98.795,WEEK_END_CLOSE,3.050000000000068,0.30967610924967914
FDX,2025-11-11 00:00:00,2025-11-12 00:00:00,0.0805665239707792,5.0,2025-11-12 09:51:00,270.785,56.80493336893474,52.73938452587853,3,812.355,264.015375,277.554625,2025-11-14 15:59:00,267.51,WEEK_END_CLOSE,-9.825000000000102,-1.2094466089332956
WELL,2025-11-11 00:00:00,2025-11-12 00:00:00,0.0493358633776091,3.0,2025-11-12 09:51:00,191.665,48.269241055222956,46.45248248875983,5,958.3249999999999,186.87337499999998,196.45662499999997,2025-11-14 15:59:00,193.93,WEEK_END_CLOSE,11.325000000000074,1.1817494065165857
SYK,2025-11-11 00:00:00,2025-11-12 00:00:00,0.1339285714285714,8.0,2025-11-12 09:58:00,366.035,58.885737070136656,57.053588854942596,2,732.07,356.88412500000004,375.185875,2025-11-13 13:45:00,375.2,TAKE_PROFIT_GAP,18.329999999999927,2.5038589205950146
MPWR,2025-11-11 00:00:00,2025-11-12 00:00:00,0.1128526645768025,7.0,2025-11-12 10:08:00,977.49,57.336241926109274,56.480612429009355,1,977.49,953.05275,1001.92725,2025-11-13 09:30:00,950.67,STOP_LOSS_GAP,-26.82000000000005,-2.743762084522605
TT,2025-11-11 00:00:00,2025-11-12 00:00:00,0.0215827338129496,2.0,2025-11-12 10:49:00,428.24,55.963830523032854,55.80016953261537,2,856.48,417.534,438.94599999999997,2025-11-12 14:31:00,417.534,STOP_LOSS,-21.412000000000035,-2.500000000000002
TT,2025-11-11 00:00:00,2025-11-12 00:00:00,0.0215827338129496,2.0,2025-11-12 14:42:00,418.4,46.30240172893158,39.37818015137895,2,836.8,407.93999999999994,428.85999999999996,2025-11-13 09:30:00,430.72,TAKE_PROFIT_GAP,24.6400000000001,2.944550669216084
PWR,2025-11-12 00:00:00,2025-11-13 00:00:00,0.0935251798561151,8.0,2025-11-13 09:47:00,444.29,40.66069767149111,39.696701101128454,2,888.58,433.18275,455.39725,2025-11-13 10:54:00,433.18275,STOP_LOSS,-22.214500000000044,-2.500000000000002
TEL,2025-11-12 00:00:00,2025-11-13 00:00:00,0.0527225583405358,3.0,2025-11-13 09:50:00,244.54,44.768192925226565,44.68175047791322,4,978.16,238.42649999999998,250.65349999999998,2025-11-13 13:02:00,238.42649999999998,STOP_LOSS,-24.454000000000065,-2.500000000000002
DLR,2025-11-12 00:00:00,2025-11-13 00:00:00,0.0901206636500754,7.0,2025-11-13 09:51:00,161.365,43.91155374788804,42.83876691375825,6,968.19,157.330875,165.399125,2025-11-14 09:30:00,157.02,STOP_LOSS_GAP,-26.069999999999993,-2.692653301521397
NSC,2025-11-12 00:00:00,2025-11-13 00:00:00,0.0646153846153846,4.0,2025-11-13 09:58:00,285.68,44.06479029026061,37.71257235850214,3,857.04,278.538,292.822,2025-11-14 15:59:00,284.0,WEEK_END_CLOSE,-5.0400000000000205,-0.588070568468213
RSG,2025-11-12 00:00:00,2025-11-13 00:00:00,0.1176470588235294,10.0,2025-11-13 10:11:00,207.29,57.80654778424002,54.8846617476671,4,829.16,202.10774999999998,212.47224999999997,2025-11-14 15:59:00,209.82,WEEK_END_CLOSE,10.120000000000005,1.220512325727241
TT,2025-11-12 00:00:00,2025-11-13 00:00:00,0.0424528301886792,2.0,2025-11-13 10:12:00,426.69,61.93208778091826,58.932227762734264,2,853.38,416.02275,437.35724999999996,2025-11-13 14:40:00,416.02275,STOP_LOSS,-21.334500000000048,-2.500000000000002
PWR,2025-11-12 00:00:00,2025-11-13 00:00:00,0.0935251798561151,8.0,2025-11-13 10:58:00,435.01,47.300598933850566,40.19978264597308,2,870.02,424.13475,445.8852499999999,2025-11-14 09:30:00,418.0,STOP_LOSS_GAP,-34.01999999999998,-3.9102549366681227
AON,2025-11-12 00:00:00,2025-11-13 00:00:00,0.0666666666666666,5.0,2025-11-13 11:58:00,352.335,52.709554487819986,52.2653107839156,2,704.67,343.52662499999997,361.14337499999993,2025-11-14 15:59:00,350.14,WEEK_END_CLOSE,-4.389999999999986,-0.6229866462315714
TEL,2025-11-12 00:00:00,2025-11-13 00:00:00,0.0527225583405358,3.0,2025-11-13 13:16:00,238.5,48.99550626757746,44.70426772649179,4,954.0,232.5375,244.46249999999998,2025-11-14 09:30:00,232.5375,STOP_LOSS,-23.850000000000023,-2.500000000000002
TT,2025-11-12 00:00:00,2025-11-13 00:00:00,0.0424528301886792,2.0,2025-11-13 14:50:00,416.4953,48.784994716097565,45.13989236854927,2,832.9906,406.08291749999995,426.90768249999996,2025-11-14 15:59:00,418.21,WEEK_END_CLOSE,3.429399999999987,0.41169732287495986
ECL,2025-11-13 00:00:00,2025-11-14 00:00:00,0.1428571428571428,10.0,2025-11-14 09:47:00,260.87,45.44202076354494,43.89231302628462,3,782.61,254.34825,267.39175,2025-11-14 15:59:00,258.58,WEEK_END_CLOSE,-6.870000000000061,-0.8778318702802212
TFC,2025-11-13 00:00:00,2025-11-14 00:00:00,0.0803511141120864,7.0,2025-11-14 09:49:00,44.52,41.821726141908144,41.804314343020856,22,979.44,43.407000000000004,45.633,2025-11-14 15:59:00,44.86,WEEK_END_CLOSE,7.479999999999919,0.7637017070979191
MSI,2025-11-13 00:00:00,2025-11-14 00:00:00,0.0055197792088316,1.0,2025-11-14 10:00:00,378.79,44.645270336435885,40.20607618282555,2,757.58,369.32025,388.25975,2025-11-14 15:59:00,379.88,WEEK_END_CLOSE,2.17999999999995,0.2877583885530166
ALL,2025-11-13 00:00:00,2025-11-14 00:00:00,0.1155378486055776,9.0,2025-11-14 10:02:00,212.19,51.933591557197104,50.19394845507173,4,848.76,206.88524999999998,217.49474999999998,2025-11-14 15:59:00,214.37,WEEK_END_CLOSE,8.720000000000027,1.0273811206937156
TEL,2025-11-13 00:00:00,2025-11-14 00:00:00,0.0427402862985685,6.0,2025-11-14 10:05:00,236.725,53.284837194437245,53.005428419095814,4,946.9,230.806875,242.64312499999997,2025-11-14 15:59:00,237.31,WEEK_END_CLOSE,2.340000000000032,0.24712218819304965
CMCSA,2025-11-13 00:00:00,2025-11-14 00:00:00,0.0252783959255598,4.0,2025-11-14 10:12:00,27.4,40.38771598766534,35.98971434124352,36,986.4,26.714999999999996,28.084999999999997,2025-11-14 15:59:00,27.51,WEEK_END_CLOSE,3.9600000000001074,0.4014598540146075
SPGI,2025-11-14 00:00:00,2025-11-17 00:00:00,0.040078950423778,1.0,2025-11-17 09:46:00,491.19,37.65892688016798,33.04211589775471,2,982.38,478.91024999999996,503.46975,2025-11-21 15:59:00,493.79,WEEK_END_CLOSE,5.2000000000000455,0.5293267371078381
PFE,2025-11-14 00:00:00,2025-11-17 00:00:00,0.1564222004077016,10.0,2025-11-17 09:49:00,25.1842,48.59044814981647,48.417433128300885,39,982.1838,24.554595,25.813805,2025-11-20 11:32:00,24.554595,STOP_LOSS,-24.55459500000006,-2.500000000000002
ADI,2025-11-14 00:00:00,2025-11-17 00:00:00,0.1171971084100856,7.0,2025-11-17 09:50:00,232.84,46.64417540913919,43.913233175732174,4,931.36,227.019,238.66099999999997,2025-11-20 14:04:00,227.019,STOP_LOSS,-23.283999999999992,-2.500000000000002
MRK,2025-11-14 00:00:00,2025-11-17 00:00:00,0.1284907397303669,8.0,2025-11-17 09:51:00,93.08,43.25439985009446,41.6887446122682,10,930.8,90.753,95.407,2025-11-18 09:47:00,95.407,TAKE_PROFIT,23.269999999999982,2.499999999999991
T,2025-11-14 00:00:00,2025-11-17 00:00:00,0.092889524865612,4.0,2025-11-17 09:52:00,25.63,53.65954600776656,47.47514800470363,39,999.5699999999999,24.98925,26.270749999999996,2025-11-21 15:59:00,25.955,WEEK_END_CLOSE,12.674999999999972,1.2680452594615588
TT,2025-11-14 00:00:00,2025-11-17 00:00:00,0.0789473684210526,3.0,2025-11-17 09:52:00,417.26,51.24299021009385,44.16637289855982,2,834.52,406.82849999999996,427.69149999999996,2025-11-19 09:32:00,406.82849999999996,STOP_LOSS,-20.863000000000056,-2.500000000000002
AON,2025-11-14 00:00:00,2025-11-17 00:00:00,0.06,2.0,2025-11-17 09:54:00,348.99,52.004480021535336,48.31251623133965,2,697.98,340.26525,357.71475,2025-11-19 11:09:00,340.26525,STOP_LOSS,-17.449500000000057,-2.5000000000000133
PCAR,2025-11-14 00:00:00,2025-11-17 00:00:00,0.1530054644808743,9.0,2025-11-17 09:54:00,95.715,53.654668677218424,49.90571561931055,10,957.1500000000001,93.322125,98.10787499999999,2025-11-18 12:54:00,98.10787499999999,TAKE_PROFIT,23.928749999999894,2.499999999999991
AMT,2025-11-14 00:00:00,2025-11-17 00:00:00,0.1024390243902439,6.0,2025-11-17 09:58:00,182.52,52.32857110506621,50.88342498067756,5,912.6,177.957,187.083,2025-11-21 15:59:00,179.58,WEEK_END_CLOSE,-14.699999999999989,-1.6107823800131427
BSX,2025-11-14 00:00:00,2025-11-17 00:00:00,0.0973456319990973,5.0,2025-11-17 10:29:00,102.375,46.79036147906287,46.63316176075068,9,921.375,99.815625,104.93437499999999,2025-11-18 14:12:00,99.815625,STOP_LOSS,-23.034375000000026,-2.500000000000002
CRH,2025-11-17 00:00:00,2025-11-18 00:00:00,0.0543478260869565,3.0,2025-11-18 09:45:00,109.245,55.48672289373876,50.33041462377162,9,983.205,106.513875,111.976125,2025-11-21 15:59:00,110.14,WEEK_END_CLOSE,8.054999999999964,0.8192594626756255
FDX,2025-11-17 00:00:00,2025-11-18 00:00:00,0.0597560975609756,4.0,2025-11-18 09:45:00,263.45,51.878979524572024,50.64027933539314,3,790.3499999999999,256.86375,270.03624999999994,2025-11-20 10:21:00,270.08,TAKE_PROFIT_GAP,19.889999999999986,2.516606566710955
GM,2025-11-17 00:00:00,2025-11-18 00:00:00,0.119677909870058,7.0,2025-11-18 09:45:00,67.635,51.82070451621156,48.60806517078336,14,946.8900000000001,65.944125,69.325875,2025-11-19 10:22:00,69.325875,TAKE_PROFIT,23.672249999999877,2.499999999999991
CVS,2025-11-17 00:00:00,2025-11-18 00:00:00,0.121101856326577,8.0,2025-11-18 09:46:00,78.035,49.73226397432332,44.22903208553614,12,936.42,76.084125,79.985875,2025-11-20 12:33:00,76.084125,STOP_LOSS,-23.410499999999956,-2.499999999999991
DHR,2025-11-17 00:00:00,2025-11-18 00:00:00,0.1175492453312867,6.0,2025-11-18 09:53:00,221.45,57.76369459410985,51.34627155915512,4,885.8,215.91375,226.98624999999996,2025-11-21 11:57:00,226.98624999999996,TAKE_PROFIT,22.144999999999868,2.499999999999991
CMCSA,2025-11-17 00:00:00,2025-11-18 00:00:00,0.0284533073929961,1.0,2025-11-18 10:02:00,27.395,54.55330764674458,53.548257457170735,36,986.22,26.710124999999998,28.079874999999998,2025-11-20 12:54:00,26.710124999999998,STOP_LOSS,-24.65550000000006,-2.500000000000002
MO,2025-11-17 00:00:00,2025-11-18 00:00:00,0.1423984891406987,10.0,2025-11-18 10:10:00,59.06,68.67807092217797,66.26280858826874,16,944.96,57.5835,60.5365,2025-11-21 15:59:00,58.2,WEEK_END_CLOSE,-13.759999999999991,-1.4561462919065349
JCI,2025-11-17 00:00:00,2025-11-18 00:00:00,0.1357702349869451,9.0,2025-11-18 10:13:00,114.82,44.87601346020801,41.63494687671604,8,918.56,111.94949999999999,117.69049999999999,2025-11-21 15:59:00,113.56,WEEK_END_CLOSE,-10.079999999999927,-1.0973697962027407
UBER,2025-11-17 00:00:00,2025-11-18 00:00:00,0.1119916786368814,5.0,2025-11-18 10:20:00,90.73,48.56203756639221,47.6169336766527,11,998.0300000000001,88.46175,92.99825,2025-11-20 10:29:00,88.46175,STOP_LOSS,-24.9507500000001,-2.5000000000000133
PCAR,2025-11-18 00:00:00,2025-11-19 00:00:00,0.0636942675159235,9.0,2025-11-19 09:46:00,96.53,40.3547334277266,38.824491396080155,10,965.3,94.11675,98.94324999999999,2025-11-20 10:21:00,98.94324999999999,TAKE_PROFIT,24.132499999999908,2.499999999999991
USB,2025-11-18 00:00:00,2025-11-19 00:00:00,0.0500658761528326,8.0,2025-11-19 09:46:00,46.045,52.971205805644495,48.148613349914164,21,966.945,44.893875,47.196124999999995,2025-11-20 09:30:00,47.2,TAKE_PROFIT_GAP,24.255000000000024,2.5084156803127478
GD,2025-11-18 00:00:00,2025-11-19 00:00:00,0.0300518134715025,4.0,2025-11-19 09:52:00,340.24,46.2740624159492,44.39111355034054,2,680.48,331.734,348.746,2025-11-20 09:31:00,348.746,TAKE_PROFIT,17.011999999999944,2.499999999999991
MPC,2025-11-18 00:00:00,2025-11-19 00:00:00,0.0415518824609733,5.0,2025-11-19 09:58:00,192.33,43.81322492752044,43.291203380937695,5,961.6500000000001,187.52175,197.13825,2025-11-20 10:28:00,197.13825,TAKE_PROFIT,24.041249999999934,2.499999999999991
ETN,2025-11-18 00:00:00,2025-11-19 00:00:00,0.0422535211267605,6.0,2025-11-19 10:09:00,342.79,53.522362744721136,50.259741352822125,2,685.58,334.22025,351.35974999999996,2025-11-20 09:30:00,356.38,TAKE_PROFIT_GAP,27.17999999999995,3.964526386417333
AON,2025-11-18 00:00:00,2025-11-19 00:00:00,0.0666666666666666,10.0,2025-11-19 11:14:00,340.69,39.36066032852559,37.92053185290309,2,681.38,332.17275,349.20725,2025-11-21 11:48:00,349.20725,TAKE_PROFIT,17.03449999999998,2.499999999999991
TEL,2025-11-18 00:00:00,2025-11-19 00:00:00,0.0029880478087649,1.0,2025-11-19 11:15:00,233.61,52.39186753228742,51.5164401435159,4,934.44,227.76975000000002,239.45024999999998,2025-11-20 10:33:00,227.76975000000002,STOP_LOSS,-23.36099999999999,-2.500000000000002
NSC,2025-11-19 00:00:00,2025-11-20 00:00:00,0.0,1.0,2025-11-20 09:45:00,282.98,59.371900184113784,58.774521612757276,3,848.94,275.9055,290.0545,2025-11-21 15:59:00,286.4,WEEK_END_CLOSE,10.259999999999877,1.2085659763940715
SHW,2025-11-19 00:00:00,2025-11-20 00:00:00,0.0952380952380952,10.0,2025-11-20 09:47:00,331.8899,65.67827300291762,59.59852256920139,3,995.6697,323.5926525,340.1871475,2025-11-21 11:47:00,340.1871475,TAKE_PROFIT,24.891742499999907,2.499999999999991
SPG,2025-11-19 00:00:00,2025-11-20 00:00:00,0.056338028169014,6.0,2025-11-20 09:48:00,182.69,55.66863008796662,54.06612682225622,5,913.45,178.12275,187.25724999999997,2025-11-21 15:59:00,183.09,WEEK_END_CLOSE,2.0000000000000284,0.2189501341069544
CSCO,2025-11-19 00:00:00,2025-11-20 00:00:00,0.0722157155025553,7.0,2025-11-20 09:51:00,79.46,59.017584188257466,56.22981750037572,12,953.52,77.47349999999999,81.44649999999999,2025-11-20 12:15:00,77.47349999999999,STOP_LOSS,-23.83800000000008,-2.5000000000000133
DASH,2025-11-19 00:00:00,2025-11-20 00:00:00,0.0742535866614967,8.0,2025-11-20 09:58:00,199.765,47.454756956374794,43.56802540055384,5,998.8249999999999,194.770875,204.75912499999995,2025-11-20 11:29:00,194.770875,STOP_LOSS,-24.970624999999984,-2.500000000000002
ABNB,2025-11-19 00:00:00,2025-11-20 00:00:00,0.0906520292747837,9.0,2025-11-20 10:01:00,114.32,49.49215449932077,49.39861904188673,8,914.56,111.46199999999999,117.17799999999998,2025-11-20 12:33:00,111.46199999999999,STOP_LOSS,-22.864000000000033,-2.500000000000002
AFL,2025-11-19 00:00:00,2025-11-20 00:00:00,0.040880503144654,5.0,2025-11-20 10:05:00,110.34,62.779020557812025,59.03512993416013,9,993.0600000000001,107.5815,113.09849999999999,2025-11-21 15:59:00,110.97,WEEK_END_CLOSE,5.669999999999959,0.5709624796084833
TEL,2025-11-19 00:00:00,2025-11-20 00:00:00,0.0019762845849802,2.0,2025-11-20 10:49:00,226.27,40.62002568323072,40.320418387353406,4,905.08,220.61325,231.92675,2025-11-20 11:57:00,220.61325,STOP_LOSS,-22.627000000000066,-2.500000000000002
DASH,2025-11-19 00:00:00,2025-11-20 00:00:00,0.0742535866614967,8.0,2025-11-20 11:45:00,193.77,41.09979522365294,36.244528056094865,5,968.85,188.92575,198.61425,2025-11-20 15:44:00,188.92575,STOP_LOSS,-24.221250000000083,-2.5000000000000133
TEL,2025-11-19 00:00:00,2025-11-20 00:00:00,0.0019762845849802,2.0,2025-11-20 12:04:00,221.34,47.235296647329235,39.77210773686715,4,885.36,215.8065,226.87349999999998,2025-11-20 15:37:00,215.8065,STOP_LOSS,-22.134000000000015,-2.500000000000002
CSCO,2025-11-19 00:00:00,2025-11-20 00:00:00,0.0722157155025553,7.0,2025-11-20 12:18:00,77.36,34.20935439244262,32.448768237526,12,928.3199999999999,75.426,79.294,2025-11-20 15:53:00,75.426,STOP_LOSS,-23.20799999999997,-2.500000000000002
ABNB,2025-11-19 00:00:00,2025-11-20 00:00:00,0.0906520292747837,9.0,2025-11-20 12:38:00,111.5,44.20549799314936,38.03106376120443,8,892.0,108.71249999999999,114.2875,2025-11-21 11:57:00,114.2875,TAKE_PROFIT,22.299999999999955,2.499999999999991
CMCSA,2025-11-19 00:00:00,2025-11-20 00:00:00,0.0244343891402714,4.0,2025-11-20 12:55:00,26.765,47.84568123636477,41.69523048201718,37,990.3050000000001,26.095875,27.434124999999998,2025-11-21 15:59:00,27.35,WEEK_END_CLOSE,21.64500000000003,2.185690267139928
CL,2025-11-20 00:00:00,2025-11-21 00:00:00,0.0325972660357518,7.0,2025-11-21 09:45:00,79.395,59.42935527569135,58.45396923725785,12,952.74,77.410125,81.37987499999998,2025-11-21 15:59:00,80.94,WEEK_END_CLOSE,18.54000000000002,1.9459663706782537
CSX,2025-11-20 00:00:00,2025-11-21 00:00:00,0.0061683599419448,2.0,2025-11-21 09:45:00,33.82,52.25775243366338,51.71756690685892,29,980.78,32.9745,34.665499999999994,2025-11-21 15:59:00,34.29,WEEK_END_CLOSE,13.629999999999967,1.389710230632768
MCO,2025-11-20 00:00:00,2025-11-21 00:00:00,0.0310965630114566,6.0,2025-11-21 09:47:00,476.4,49.29524607588531,47.942114297792166,2,952.8,464.48999999999995,488.30999999999995,2025-11-21 15:59:00,479.78,WEEK_END_CLOSE,6.759999999999991,0.7094878253568471
RSG,2025-11-20 00:00:00,2025-11-21 00:00:00,0.0165289256198347,5.0,2025-11-21 09:47:00,217.57,47.43711925627075,45.84023223773803,4,870.28,212.13074999999998,223.00924999999998,2025-11-21 15:59:00,219.0,WEEK_END_CLOSE,5.720000000000027,0.6572597324998819
WMB,2025-11-20 00:00:00,2025-11-21 00:00:00,0.0161943319838056,4.0,2025-11-21 09:47:00,58.8,45.642770081642674,40.35931248283943,17,999.5999999999999,57.33,60.26999999999999,2025-11-21 15:59:00,59.62,WEEK_END_CLOSE,13.940000000000005,1.39455782312925
PSX,2025-11-20 00:00:00,2025-11-21 00:00:00,0.0692520775623268,9.0,2025-11-21 09:53:00,131.39,44.12750501509639,43.4139995278487,7,919.7299999999999,128.10524999999998,134.67474999999996,2025-11-21 15:59:00,133.75,WEEK_END_CLOSE,16.520000000000095,1.796179313494184
TEL,2025-11-20 00:00:00,2025-11-21 00:00:00,0.0053835800807537,1.0,2025-11-21 10:15:00,215.44,44.12117983410448,44.08750217697831,4,861.76,210.054,220.82599999999996,2025-11-21 13:50:00,220.89,TAKE_PROFIT_GAP,21.799999999999955,2.5297066468622287
DHR,2025-11-20 00:00:00,2025-11-21 00:00:00,0.071072319201995,10.0,2025-11-21 13:20:00,226.426,48.950646747700254,46.86226905730676,4,905.704,220.76534999999998,232.08664999999996,2025-11-21 15:59:00,227.41,WEEK_END_CLOSE,3.9360000000000355,0.4345790677749095
SHW,2025-11-20 00:00:00,2025-11-21 00:00:00,0.0681818181818181,8.0,2025-11-21 13:24:00,339.53,45.247299770700494,41.94872742067692,2,679.06,331.04175,348.01824999999997,2025-11-21 15:59:00,337.25,WEEK_END_CLOSE,-4.559999999999945,-0.671516508114145
TEL,2025-11-20 00:00:00,2025-11-21 00:00:00,0.0053835800807537,1.0,2025-11-21 13:59:00,220.1059,54.46214794817316,52.532303869756994,4,880.4236,214.6032525,225.60854749999996,2025-11-21 15:59:00,218.92,WEEK_END_CLOSE,-4.743600000000015,-0.5387861025079266
SPGI,2025-11-21 00:00:00,2025-11-24 00:00:00,0.0446927374301676,6.0,2025-11-24 09:46:00,492.075,43.904870279475944,43.24253067493956,2,984.15,479.773125,504.3768749999999,2025-11-28 13:00:00,498.83,WEEK_END_CLOSE,13.509999999999991,1.3727582177513575
AON,2025-11-21 00:00:00,2025-11-24 00:00:00,0.005889281507656,1.0,2025-11-24 09:47:00,344.83,41.38909244189876,41.020676341260895,2,689.66,336.20925,353.45074999999997,2025-11-28 10:07:00,353.45074999999997,TAKE_PROFIT,17.241499999999974,2.499999999999991
PCAR,2025-11-21 00:00:00,2025-11-24 00:00:00,0.063063063063063,7.0,2025-11-24 09:49:00,102.675,47.97432462123505,46.80390739225785,9,924.0749999999999,100.108125,105.241875,2025-11-25 11:07:00,105.241875,TAKE_PROFIT,23.101874999999964,2.499999999999991
CMCSA,2025-11-21 00:00:00,2025-11-24 00:00:00,0.0167853509664293,4.0,2025-11-24 09:52:00,27.125,45.2043271914832,43.85191459596896,36,976.5,26.446875,27.803124999999998,2025-11-24 15:50:00,26.446875,STOP_LOSS,-24.41250000000005,-2.500000000000002
CB,2025-11-21 00:00:00,2025-11-24 00:00:00,0.0867430441898527,9.0,2025-11-24 09:55:00,296.16,40.353689714233,37.95039660622483,3,888.48,288.75600000000003,303.564,2025-11-28 13:00:00,296.18,WEEK_END_CLOSE,0.05999999999994543,0.00675310642894722
DHR,2025-11-21 00:00:00,2025-11-24 00:00:00,0.0138806501364337,2.0,2025-11-24 09:56:00,225.76,56.097480492105745,45.458694716835126,4,903.04,220.11599999999999,231.40399999999997,2025-11-25 10:41:00,231.40399999999997,TAKE_PROFIT,22.575999999999908,2.499999999999991
PLD,2025-11-21 00:00:00,2025-11-24 00:00:00,0.0631047538914598,8.0,2025-11-24 09:57:00,125.94,53.392310400548965,48.23641955880513,7,881.5799999999999,122.7915,129.08849999999998,2025-11-26 11:22:00,129.08849999999998,TAKE_PROFIT,22.03949999999989,2.499999999999991
FDX,2025-11-21 00:00:00,2025-11-24 00:00:00,0.0162921348314606,3.0,2025-11-24 09:58:00,267.46,48.096059781668686,44.28720388242433,3,802.3799999999999,260.77349999999996,274.14649999999995,2025-11-25 15:19:00,274.15,TAKE_PROFIT_GAP,20.069999999999993,2.501308606894481
AEP,2025-11-21 00:00:00,2025-11-24 00:00:00,0.1020408163265306,10.0,2025-11-24 10:04:00,119.89,40.39061182804751,39.661787998796456,8,959.12,116.89274999999999,122.88725,2025-11-28 09:30:00,122.88725,TAKE_PROFIT,23.977999999999952,2.499999999999991
ORLY,2025-11-21 00:00:00,2025-11-24 00:00:00,0.0446623093681917,5.0,2025-11-24 10:07:00,98.83,37.947737605418034,36.93516958681702,10,988.3,96.35925,101.30075,2025-11-25 14:37:00,101.30075,TAKE_PROFIT,24.707499999999953,2.499999999999991
CRH,2025-11-24 00:00:00,2025-11-25 00:00:00,0.0061996280223186,1.0,2025-11-25 09:55:00,114.44,59.9507547777165,59.812927145502975,8,915.52,111.579,117.30099999999999,2025-11-26 09:30:00,117.30099999999999,TAKE_PROFIT,22.88799999999992,2.499999999999991
HWM,2025-11-24 00:00:00,2025-11-25 00:00:00,0.1048951048951049,9.0,2025-11-25 09:58:00,201.19,56.277045860101104,52.98614481497617,4,804.76,196.16025,206.21974999999998,2025-11-26 09:35:00,206.21974999999998,TAKE_PROFIT,20.118999999999915,2.499999999999991
APO,2025-11-24 00:00:00,2025-11-25 00:00:00,0.042298960449277,4.0,2025-11-25 09:59:00,128.75,51.349752937313944,47.83183379108895,7,901.25,125.53125,131.96875,2025-11-26 09:42:00,131.96875,TAKE_PROFIT,22.53125,2.499999999999991
NEE,2025-11-24 00:00:00,2025-11-25 00:00:00,0.032293012208842,3.0,2025-11-25 10:01:00,84.63,57.24738992585276,54.013467450646395,11,930.93,82.51424999999999,86.74574999999999,2025-11-28 13:00:00,86.29,WEEK_END_CLOSE,18.26000000000012,1.9614793808342412
CMCSA,2025-11-24 00:00:00,2025-11-25 00:00:00,0.0120224418915308,2.0,2025-11-25 10:05:00,26.895,50.17904292719623,48.06771558573826,37,995.115,26.222625,27.567375,2025-11-28 13:00:00,26.69,WEEK_END_CLOSE,-7.584999999999937,-0.7622234616099566
DLR,2025-11-24 00:00:00,2025-11-25 00:00:00,0.1442622950819672,10.0,2025-11-25 10:09:00,157.94,52.7181567250542,52.60592977441586,6,947.64,153.9915,161.8885,2025-11-28 13:00:00,160.12,WEEK_END_CLOSE,13.080000000000041,1.3802709889831677
BSX,2025-11-24 00:00:00,2025-11-25 00:00:00,0.0996784565916398,8.0,2025-11-25 10:22:00,100.24,63.199857890517755,60.84787697895251,9,902.16,97.734,102.74599999999998,2025-11-28 13:00:00,101.58,WEEK_END_CLOSE,12.06000000000003,1.3367916999202034
WMB,2025-11-24 00:00:00,2025-11-25 00:00:00,0.0735930735930736,7.0,2025-11-25 10:29:00,58.83,50.511931097358136,46.620235886458566,16,941.28,57.359249999999996,60.300749999999994,2025-11-26 10:21:00,60.300749999999994,TAKE_PROFIT,23.531999999999925,2.499999999999991
MDLZ,2025-11-25 00:00:00,2025-11-26 00:00:00,0.1308411214953271,9.0,2025-11-26 09:45:00,56.64,62.77353234135695,60.81481675893722,17,962.88,55.224,58.056,2025-11-28 13:00:00,57.57,WEEK_END_CLOSE,15.809999999999995,1.6419491525423657
FDX,2025-11-25 00:00:00,2025-11-26 00:00:00,0.0393013100436681,3.0,2025-11-26 09:48:00,273.99,55.517869290147225,51.412492830183346,3,821.97,267.14025,280.83975,2025-11-28 13:00:00,275.68,WEEK_END_CLOSE,5.069999999999993,0.6168108325121269
USB,2025-11-25 00:00:00,2025-11-26 00:00:00,0.1363088057901085,10.0,2025-11-26 09:56:00,48.93,45.61990442318527,45.43540918570305,20,978.6,47.70675,50.15324999999999,2025-11-28 13:00:00,49.05,WEEK_END_CLOSE,2.399999999999949,0.24524831391783408
ABBV,2025-11-25 00:00:00,2025-11-26 00:00:00,0.0773195876288659,5.0,2025-11-26 09:59:00,229.14,41.346001435374376,39.78722318021632,4,916.56,223.4115,234.86849999999995,2025-11-28 13:00:00,227.7,WEEK_END_CLOSE,-5.759999999999991,-0.628436763550666
NSC,2025-11-25 00:00:00,2025-11-26 00:00:00,0.0,1.0,2025-11-26 10:01:00,290.09,59.083855265838864,58.30702894757844,3,870.27,282.83774999999997,297.3422499999999,2025-11-28 13:00:00,292.09,WEEK_END_CLOSE,6.0,0.6894412079009982
NEM,2025-11-25 00:00:00,2025-11-26 00:00:00,0.0973230490018148,7.0,2025-11-26 10:05:00,88.55,62.62096327771954,60.855992101884816,11,974.05,86.33624999999999,90.76374999999999,2025-11-26 13:21:00,90.76374999999999,TAKE_PROFIT,24.351249999999894,2.499999999999991
CI,2025-11-25 00:00:00,2025-11-26 00:00:00,0.1082251082251082,8.0,2025-11-26 10:06:00,279.48,55.190706701487045,48.42077137681312,3,838.44,272.493,286.467,2025-11-28 13:00:00,277.28,WEEK_END_CLOSE,-6.600000000000136,-0.7871761843423641
NEM,2025-11-25 00:00:00,2025-11-26 00:00:00,0.0973230490018148,7.0,2025-11-26 14:00:00,90.51,61.44658610521551,59.044105535515,11,995.61,88.24725000000001,92.77275,2025-11-28 13:00:00,90.73,WEEK_END_CLOSE,2.4199999999999875,0.24306706441277193
MDT,2025-11-26 00:00:00,2025-11-28 00:00:00,0.0772128060263653,8.0,2025-11-28 09:48:00,104.81,45.8180234786633,45.55266508546274,9,943.29,102.18975,107.43024999999999,2025-11-28 13:00:00,105.33,WEEK_END_CLOSE,4.679999999999964,0.4961358648983838
UNP,2025-11-26 00:00:00,2025-11-28 00:00:00,0.0952380952380952,10.0,2025-11-28 09:48:00,231.01,47.76586996842385,47.632930285296084,4,924.04,225.23475,236.78524999999996,2025-11-28 13:00:00,231.83,WEEK_END_CLOSE,3.2800000000000864,0.354962988615215
SO,2025-11-26 00:00:00,2025-11-28 00:00:00,0.087012987012987,9.0,2025-11-28 09:54:00,90.765,61.77963018276956,60.8006794335246,11,998.415,88.495875,93.03412499999999,2025-11-28 13:00:00,91.12,WEEK_END_CLOSE,3.9050000000000438,0.3911199250812514
BX,2025-11-26 00:00:00,2025-11-28 00:00:00,0.0734421364985163,7.0,2025-11-28 09:59:00,145.88,46.209521935920286,46.096330305764546,6,875.28,142.233,149.527,2025-11-28 13:00:00,146.42,WEEK_END_CLOSE,3.2399999999999523,0.37016726076226636
HPE,2025-11-26 00:00:00,2025-11-28 00:00:00,0.0430188679245283,3.0,2025-11-28 10:13:00,21.755,54.15982243308838,53.10161259371535,45,978.9749999999999,21.211125,22.298874999999995,2025-11-28 13:00:00,21.87,WEEK_END_CLOSE,5.1750000000000895,0.5286141116984666
CRH,2025-11-28 00:00:00,2025-12-01 00:00:00,0.0,1.0,2025-12-01 09:45:00,118.265,38.278363825731745,36.718183805216974,8,946.12,115.308375,121.22162499999999,2025-12-03 12:23:00,121.22162499999999,TAKE_PROFIT,23.652999999999906,2.499999999999991
FDX,2025-11-28 00:00:00,2025-12-01 00:00:00,0.014251781472684,3.0,2025-12-01 09:48:00,274.715,48.03408228378833,40.87376873308667,3,824.145,267.84712499999995,281.58287499999994,2025-12-02 10:28:00,267.84712499999995,STOP_LOSS,-20.60362500000008,-2.5000000000000133
NEE,2025-11-28 00:00:00,2025-12-01 00:00:00,0.0197628458498023,4.0,2025-12-01 09:51:00,85.39,44.95577250203579,42.8328609420024,11,939.29,83.25525,87.52475,2025-12-04 12:09:00,83.25525,STOP_LOSS,-23.482249999999965,-2.499999999999991
PFE,2025-11-28 00:00:00,2025-12-01 00:00:00,0.0904418635696168,9.0,2025-12-01 09:56:00,25.815,49.867365699942795,49.46026074936006,38,980.97,25.169625,26.460375,2025-12-02 09:34:00,25.169625,STOP_LOSS,-24.524250000000052,-2.500000000000002
CMCSA,2025-11-28 00:00:00,2025-12-01 00:00:00,0.0013876040703052,2.0,2025-12-01 10:10:00,26.715,48.94276143947463,45.721324823070056,37,988.455,26.047124999999998,27.382875,2025-12-03 11:17:00,27.382875,TAKE_PROFIT,24.71137499999995,2.499999999999991
UPS,2025-11-28 00:00:00,2025-12-01 00:00:00,0.0865847140566542,8.0,2025-12-01 10:13:00,96.15,50.45107109536034,50.03522797190456,10,961.5,93.74625,98.55375,2025-12-04 09:31:00,98.55375,TAKE_PROFIT,24.03749999999988,2.499999999999991
APO,2025-11-28 00:00:00,2025-12-01 00:00:00,0.0218054949847361,5.0,2025-12-01 10:16:00,131.215,48.03862722667084,45.88555887903541,7,918.505,127.934625,134.495375,2025-12-03 11:18:00,134.495375,TAKE_PROFIT,22.962624999999946,2.499999999999991
USB,2025-11-28 00:00:00,2025-12-01 00:00:00,0.0428211586901763,7.0,2025-12-01 10:40:00,49.52,61.215807087563554,60.06024025057504,20,990.4000000000001,48.282000000000004,50.757999999999996,2025-12-03 12:30:00,50.757999999999996,TAKE_PROFIT,24.75999999999985,2.499999999999991
BX,2025-11-28 00:00:00,2025-12-01 00:00:00,0.0233497979344409,6.0,2025-12-01 10:42:00,145.62,52.84808485298868,48.24069987302008,6,873.72,141.9795,149.26049999999998,2025-12-03 10:05:00,149.26049999999998,TAKE_PROFIT,21.842999999999847,2.499999999999991
COF,2025-11-28 00:00:00,2025-12-01 00:00:00,0.0932669635839664,10.0,2025-12-01 10:42:00,220.56,56.97139932968769,53.145840119932735,4,882.24,215.046,226.07399999999998,2025-12-03 09:37:00,226.07399999999998,TAKE_PROFIT,22.055999999999926,2.499999999999991
RSG,2025-12-01 00:00:00,2025-12-02 00:00:00,0.0,1.0,2025-12-02 09:45:00,213.495,38.2305982703727,37.412872747534,4,853.98,208.157625,218.83237499999998,2025-12-04 09:30:00,218.83237499999998,TAKE_PROFIT,21.34949999999992,2.499999999999991
ECL,2025-12-01 00:00:00,2025-12-02 00:00:00,0.0100806451612903,2.0,2025-12-02 09:46:00,272.56,39.513109505135695,38.34814415607734,3,817.6800000000001,265.746,279.37399999999997,2025-12-03 11:39:00,265.746,STOP_LOSS,-20.442000000000064,-2.5000000000000133
AON,2025-12-01 00:00:00,2025-12-02 00:00:00,0.0131578947368421,3.0,2025-12-02 09:47:00,348.75,39.327647123643615,37.275073556002916,2,697.5,340.03125,357.46874999999994,2025-12-05 15:59:00,345.16,WEEK_END_CLOSE,-7.17999999999995,-1.0293906810035724
ICE,2025-12-01 00:00:00,2025-12-02 00:00:00,0.1176470588235294,9.0,2025-12-02 09:48:00,156.74,47.14879613914215,47.0200193973086,6,940.44,152.82150000000001,160.6585,2025-12-05 15:59:00,157.78,WEEK_END_CLOSE,6.239999999999952,0.6635192037769411
SPGI,2025-12-01 00:00:00,2025-12-02 00:00:00,0.1046766692989383,8.0,2025-12-02 09:54:00,492.16,39.92778194496396,37.2473022567086,2,984.32,479.856,504.464,2025-12-05 15:59:00,498.38,WEEK_END_CLOSE,12.43999999999994,1.2638166449934873
TEL,2025-12-01 00:00:00,2025-12-02 00:00:00,0.0454959053685168,5.0,2025-12-02 09:56:00,228.89,57.47631180000318,54.78249878631563,4,915.56,223.16774999999998,234.61224999999996,2025-12-05 09:59:00,234.61224999999996,TAKE_PROFIT,22.888999999999896,2.499999999999991
INTU,2025-12-01 00:00:00,2025-12-02 00:00:00,0.129517393043753,10.0,2025-12-02 10:02:00,627.94,51.64579873225867,49.80015566497005,1,627.94,612.2415000000001,643.6385,2025-12-03 11:29:00,643.6385,TAKE_PROFIT,15.698499999999967,2.499999999999991
FDX,2025-12-01 00:00:00,2025-12-02 00:00:00,0.0757894443905819,7.0,2025-12-02 10:30:00,268.36,41.38013765470825,36.561008625840095,3,805.08,261.651,275.069,2025-12-04 11:50:00,275.069,TAKE_PROFIT,20.12700000000001,2.499999999999991
PCAR,2025-12-01 00:00:00,2025-12-02 00:00:00,0.0323450134770889,4.0,2025-12-02 10:36:00,104.13,50.116138531004836,47.088284407448896,9,937.17,101.52674999999999,106.73324999999998,2025-12-03 10:12:00,106.74,TAKE_PROFIT_GAP,23.489999999999995,2.506482281763178
EQIX,2025-12-02 00:00:00,2025-12-03 00:00:00,0.0955414012738853,8.0,2025-12-03 09:50:00,728.17,51.81523016076541,51.57492844871566,1,728.17,709.96575,746.3742499999998,2025-12-05 11:22:00,746.74,TAKE_PROFIT_GAP,18.57000000000005,2.5502286553964026
DLR,2025-12-02 00:00:00,2025-12-03 00:00:00,0.0657300275482093,4.0,2025-12-03 09:55:00,157.355,61.62313020120708,52.159361313670345,6,944.1299999999999,153.421125,161.28887499999996,2025-12-04 09:43:00,161.28887499999996,TAKE_PROFIT,23.603249999999832,2.499999999999991
TT,2025-12-02 00:00:00,2025-12-03 00:00:00,0.09375,7.0,2025-12-03 09:57:00,406.22,48.7750492542087,45.55585878150404,2,812.44,396.0645,416.3755,2025-12-05 15:59:00,401.29,WEEK_END_CLOSE,-9.860000000000014,-1.2136280833046187
LIN,2025-12-02 00:00:00,2025-12-03 00:00:00,0.0329289428076256,3.0,2025-12-03 10:29:00,407.32,42.741619086367315,41.52275014435805,2,814.64,397.137,417.50299999999993,2025-12-05 15:59:00,399.57,WEEK_END_CLOSE,-15.5,-1.9026809388196009
CSX,2025-12-02 00:00:00,2025-12-03 00:00:00,0.086332478298045,5.0,2025-12-03 10:55:00,35.3,51.851915281062304,46.40773009370015,28,988.3999999999999,34.4175,36.1825,2025-12-04 10:07:00,36.1825,TAKE_PROFIT,24.710000000000008,2.499999999999991
NSC,2025-12-02 00:00:00,2025-12-03 00:00:00,0.0306818181818181,2.0,2025-12-03 10:58:00,292.6425,46.00658355621042,45.037646960122395,3,877.9275,285.3264375,299.95856249999997,2025-12-05 15:59:00,294.21,WEEK_END_CLOSE,4.702499999999986,0.5356364847894701
CMCSA,2025-12-02 00:00:00,2025-12-03 00:00:00,0.0893033675300593,6.0,2025-12-03 11:35:00,27.36,56.81629010205996,54.83212184587459,36,984.96,26.676,28.043999999999997,2025-12-05 09:52:00,28.043999999999997,TAKE_PROFIT,24.62399999999991,2.499999999999991
MDT,2025-12-03 00:00:00,2025-12-04 00:00:00,0.1314877173228625,8.0,2025-12-04 09:47:00,102.32,60.261111353016865,58.152706265882,9,920.8799999999999,99.76199999999999,104.87799999999999,2025-12-05 15:59:00,101.37,WEEK_END_CLOSE,-8.549999999999898,-0.9284597341673084
SHW,2025-12-03 00:00:00,2025-12-04 00:00:00,0.0357142857142857,2.0,2025-12-04 09:47:00,339.44,50.74181855261192,48.092941208510695,2,678.88,330.954,347.926,2025-12-05 15:59:00,333.13,WEEK_END_CLOSE,-12.620000000000005,-1.8589441432948384
ABBV,2025-12-03 00:00:00,2025-12-04 00:00:00,0.1211640843535168,4.0,2025-12-04 09:52:00,229.945,50.16785014690179,48.07509440767847,4,919.78,224.196375,235.69362499999997,2025-12-05 15:59:00,226.05,WEEK_END_CLOSE,-15.579999999999927,-1.6938833199243164
MMM,2025-12-03 00:00:00,2025-12-04 00:00:00,0.1272829175213801,6.0,2025-12-04 09:55:00,170.765,40.75563047861518,39.9882989238705,5,853.8249999999999,166.49587499999998,175.03412499999996,2025-12-05 12:11:00,166.49587499999998,STOP_LOSS,-21.345625000000013,-2.500000000000002
APD,2025-12-03 00:00:00,2025-12-04 00:00:00,0.1516587677725118,10.0,2025-12-04 10:17:00,258.82,46.92538390853106,46.790776490506175,3,776.46,252.34949999999998,265.29049999999995,2025-12-05 10:03:00,265.29049999999995,TAKE_PROFIT,19.411499999999876,2.499999999999991
AEP,2025-12-03 00:00:00,2025-12-04 00:00:00,0.1439252336448598,9.0,2025-12-04 10:29:00,118.655,50.72167610890307,50.419725899511086,8,949.24,115.688625,121.62137499999999,2025-12-05 15:59:00,117.54,WEEK_END_CLOSE,-8.919999999999959,-0.9396991277232258
VZ,2025-12-03 00:00:00,2025-12-04 00:00:00,0.1297323561747765,7.0,2025-12-04 10:53:00,41.095,53.247747089584585,51.37798064178138,24,986.28,40.067625,42.122375,2025-12-05 15:59:00,41.69,WEEK_END_CLOSE,14.279999999999973,1.4478647037352355
FDX,2025-12-03 00:00:00,2025-12-04 00:00:00,0.0470986260116694,3.0,2025-12-04 12:09:00,275.34,58.02783575428529,56.202804516294265,3,826.02,268.45649999999995,282.22349999999994,2025-12-05 15:59:00,274.3,WEEK_END_CLOSE,-3.119999999999891,-0.37771482530688516
DUK,2025-12-04 00:00:00,2025-12-05 00:00:00,0.1057818659658344,10.0,2025-12-05 09:45:00,117.985,55.56914033228435,48.795586875602936,8,943.88,115.035375,120.93462499999998,2025-12-05 15:59:00,116.52,WEEK_END_CLOSE,-11.720000000000027,-1.2416832648218024
USB,2025-12-04 00:00:00,2025-12-05 00:00:00,0.0793320644814769,7.0,2025-12-05 09:51:00,51.51,58.690903281631726,58.25322953326952,19,978.6899999999999,50.222249999999995,52.79774999999999,2025-12-05 15:59:00,51.255,WEEK_END_CLOSE,-4.844999999999914,-0.4950495049504844
JCI,2025-12-04 00:00:00,2025-12-05 00:00:00,0.0108695652173913,2.0,2025-12-05 09:52:00,113.88,43.54521400959375,41.23802763782248,8,911.04,111.03299999999999,116.72699999999999,2025-12-05 15:59:00,114.21,WEEK_END_CLOSE,2.6399999999999864,0.2897787144362507
SO,2025-12-04 00:00:00,2025-12-05 00:00:00,0.0929669661178869,9.0,2025-12-05 10:00:00,88.005,65.33639993232394,60.78192135155886,11,968.055,85.804875,90.20512499999998,2025-12-05 15:59:00,86.31,WEEK_END_CLOSE,-18.644999999999925,-1.9260269302880495
PCAR,2025-12-04 00:00:00,2025-12-05 00:00:00,0.0413746326023061,4.0,2025-12-05 10:07:00,109.25,56.28018551803953,51.799423755255475,9,983.25,106.51875,111.98124999999999,2025-12-05 15:59:00,110.34,WEEK_END_CLOSE,9.81000000000003,0.99771167048055
APD,2025-12-04 00:00:00,2025-12-05 00:00:00,0.068274259151656,5.0,2025-12-05 10:24:00,264.9651,56.3559640471631,54.61540325468995,3,794.8953,258.3409725,271.5892275,2025-12-05 15:59:00,260.69,WEEK_END_CLOSE,-12.825300000000027,-1.613457772363236
CMCSA,2025-12-04 00:00:00,2025-12-05 00:00:00,0.0234490642725867,3.0,2025-12-05 11:33:00,27.505,40.137798328686834,38.81617988088369,36,990.18,26.817375,28.192624999999996,2025-12-05 15:59:00,27.31,WEEK_END_CLOSE,-7.02000000000001,-0.7089620069078317
ORLY,2025-12-05 00:00:00,2025-12-08 00:00:00,0.0732708089097303,7.0,2025-12-08 09:46:00,98.59,49.4542794953791,45.50589168422415,10,985.9000000000001,96.12525,101.05475,2025-12-09 09:39:00,96.12525,STOP_LOSS,-24.647500000000093,-2.5000000000000133
PCAR,2025-12-05 00:00:00,2025-12-08 00:00:00,0.0152838427947598,3.0,2025-12-08 09:47:00,110.58,57.94494961688527,54.96039637190684,9,995.22,107.8155,113.34449999999998,2025-12-10 14:56:00,113.34449999999998,TAKE_PROFIT,24.880499999999856,2.499999999999991
CME,2025-12-05 00:00:00,2025-12-08 00:00:00,0.0739654051711685,9.0,2025-12-08 09:48:00,269.74,48.779912416225734,47.52890341109828,3,809.22,262.9965,276.4835,2025-12-12 15:59:00,273.53,WEEK_END_CLOSE,11.36999999999989,1.4050567212871456
MSI,2025-12-05 00:00:00,2025-12-08 00:00:00,0.0735785953177257,8.0,2025-12-08 09:48:00,371.305,42.97007878053542,42.81255419897817,2,742.61,362.022375,380.58762499999995,2025-12-12 15:59:00,364.79,WEEK_END_CLOSE,-13.029999999999973,-1.754622210850909
CMCSA,2025-12-05 00:00:00,2025-12-08 00:00:00,0.0319544187178877,5.0,2025-12-08 09:49:00,27.005,39.18231812406717,38.311001177192146,37,999.185,26.329874999999998,27.680124999999997,2025-12-10 15:18:00,27.680124999999997,TAKE_PROFIT,24.979624999999917,2.499999999999991
FDX,2025-12-05 00:00:00,2025-12-08 00:00:00,0.0153567495753093,4.0,2025-12-08 09:54:00,277.285,51.687633698780644,49.385438323838436,3,831.855,270.35287500000004,284.217125,2025-12-10 14:57:00,284.217125,TAKE_PROFIT,20.796374999999955,2.499999999999991
TEL,2025-12-05 00:00:00,2025-12-08 00:00:00,0.0088888888888888,2.0,2025-12-08 09:59:00,237.28,67.49045353055642,67.2156490918058,4,949.12,231.34799999999998,243.212,2025-12-10 15:25:00,243.212,TAKE_PROFIT,23.727999999999952,2.499999999999991
DASH,2025-12-05 00:00:00,2025-12-08 00:00:00,0.0888023700590869,10.0,2025-12-08 10:14:00,223.19,46.718415300650435,45.86018083173602,4,892.76,217.61024999999998,228.76975,2025-12-09 11:24:00,228.76975,TAKE_PROFIT,22.31899999999996,2.499999999999991
TT,2025-12-05 00:00:00,2025-12-08 00:00:00,0.0,1.0,2025-12-08 10:28:00,401.41,52.971665017379856,51.6637455887909,2,802.82,391.37475,411.44525,2025-12-12 11:10:00,391.37475,STOP_LOSS,-20.070500000000038,-2.500000000000002
SO,2025-12-05 00:00:00,2025-12-08 00:00:00,0.0390895596239485,6.0,2025-12-08 10:40:00,85.55,37.714656245165465,37.58888420215245,11,941.05,83.41125,87.68874999999998,2025-12-12 15:59:00,84.445,WEEK_END_CLOSE,-12.155000000000044,-1.2916423144360034
DE,2025-12-08 00:00:00,2025-12-09 00:00:00,0.1495111083731654,10.0,2025-12-09 09:47:00,464.72,39.22242597264777,39.036129606827316,2,929.44,453.10200000000003,476.33799999999997,2025-12-11 09:41:00,476.33799999999997,TAKE_PROFIT,23.235999999999876,2.499999999999991
ITW,2025-12-08 00:00:00,2025-12-09 00:00:00,0.0769230769230769,5.0,2025-12-09 09:52:00,248.68,51.57694120450855,49.599799702575744,4,994.72,242.463,254.897,2025-12-11 09:30:00,254.99,TAKE_PROFIT_GAP,25.24000000000001,2.537397458581303
SHW,2025-12-08 00:00:00,2025-12-09 00:00:00,0.1403508771929824,8.0,2025-12-09 09:53:00,326.53,52.92050358236402,48.575876794981056,3,979.5899999999999,318.36674999999997,334.6932499999999,2025-12-12 15:59:00,328.62,WEEK_END_CLOSE,6.2700000000000955,0.640063700119442
SPG,2025-12-08 00:00:00,2025-12-09 00:00:00,0.1139601139601139,7.0,2025-12-09 09:54:00,181.06,51.844578271581376,51.80238969771218,5,905.3,176.5335,185.58649999999997,2025-12-12 15:59:00,182.03,WEEK_END_CLOSE,4.849999999999994,0.5357340108251396
RSG,2025-12-08 00:00:00,2025-12-09 00:00:00,0.0681818181818181,4.0,2025-12-09 09:55:00,211.7894,45.83916444706778,45.11066688606028,4,847.1576,206.494665,217.08413499999997,2025-12-12 15:59:00,213.64,WEEK_END_CLOSE,7.402399999999943,0.8737925505242439
AON,2025-12-08 00:00:00,2025-12-09 00:00:00,0.0,1.0,2025-12-09 11:08:00,347.065,54.12208823666207,50.15832463374364,2,694.13,338.388375,355.74162499999994,2025-12-10 13:48:00,338.388375,STOP_LOSS,-17.353250000000003,-2.500000000000002
JCI,2025-12-09 00:00:00,2025-12-10 00:00:00,0.0015964240102171,1.0,2025-12-10 09:45:00,115.81,49.41284550325284,43.30842221906038,8,926.48,112.91475,118.70524999999999,2025-12-12 15:59:00,114.76,WEEK_END_CLOSE,-8.399999999999977,-0.906657456178217
ICE,2025-12-09 00:00:00,2025-12-10 00:00:00,0.0608695652173913,6.0,2025-12-10 09:51:00,158.25,50.29068641857449,48.20344662765537,6,949.5,154.29375,162.20624999999998,2025-12-11 09:43:00,162.20624999999998,TAKE_PROFIT,23.737499999999898,2.499999999999991
DUK,2025-12-09 00:00:00,2025-12-10 00:00:00,0.0435161009573542,5.0,2025-12-10 09:57:00,115.0936,48.46495417473635,48.42594985987205,8,920.7488,112.21625999999999,117.97093999999998,2025-12-12 15:59:00,115.28,WEEK_END_CLOSE,1.491200000000049,0.16195513912156123
PM,2025-12-09 00:00:00,2025-12-10 00:00:00,0.0686195886195886,7.0,2025-12-10 09:57:00,149.05,46.444224237751186,46.2503849258433,6,894.3000000000001,145.32375000000002,152.77625,2025-12-12 13:13:00,152.77625,TAKE_PROFIT,22.35749999999996,2.499999999999991
DLR,2025-12-09 00:00:00,2025-12-10 00:00:00,0.1065134099616858,9.0,2025-12-10 10:13:00,159.98,43.307843624911065,40.896759132572164,6,959.8799999999999,155.98049999999998,163.97949999999997,2025-12-11 10:02:00,155.98049999999998,STOP_LOSS,-23.99700000000007,-2.500000000000002
TJX,2025-12-09 00:00:00,2025-12-10 00:00:00,0.0810136078521266,8.0,2025-12-10 10:43:00,155.42,59.76643075796756,56.662746268698044,6,932.52,151.53449999999998,159.30549999999997,2025-12-12 15:59:00,156.16,WEEK_END_CLOSE,4.440000000000055,0.47612919830137823
FDX,2025-12-09 00:00:00,2025-12-10 00:00:00,0.1094210729963041,10.0,2025-12-10 15:02:00,284.04,67.75195592067513,64.41067111616195,3,852.1200000000001,276.939,291.141,2025-12-12 15:59:00,284.44,WEEK_END_CLOSE,1.1999999999999318,0.14082523588225815
PCAR,2025-12-09 00:00:00,2025-12-10 00:00:00,0.0383480825958702,4.0,2025-12-10 15:02:00,113.52,73.53361371312391,69.92672812506618,8,908.16,110.68199999999999,116.35799999999999,2025-12-12 15:59:00,111.56,WEEK_END_CLOSE,-15.67999999999995,-1.726568005637763
CMCSA,2025-12-09 00:00:00,2025-12-10 00:00:00,0.0100330558036002,3.0,2025-12-10 15:29:00,27.665,72.65582359725919,69.9985652587372,36,995.9399999999999,26.973374999999997,28.356624999999998,2025-12-12 15:59:00,27.23,WEEK_END_CLOSE,-15.659999999999954,-1.5723838785469013
ABBV,2025-12-10 00:00:00,2025-12-11 00:00:00,0.0978177015912865,10.0,2025-12-11 09:47:00,224.83,49.8716148494471,49.73649911118096,4,899.32,219.20925,230.45075,2025-12-12 15:59:00,223.33,WEEK_END_CLOSE,-6.0,-0.6671707512342695
TEL,2025-12-10 00:00:00,2025-12-11 00:00:00,0.0044977511244377,2.0,2025-12-11 10:11:00,243.725,56.46572468905442,55.48215572755643,4,974.9,237.63187499999998,249.81812499999998,2025-12-12 10:29:00,237.63187499999998,STOP_LOSS,-24.37250000000006,-2.500000000000002
SPGI,2025-12-10 00:00:00,2025-12-11 00:00:00,0.0563972736124634,6.0,2025-12-11 10:18:00,494.99,56.79388263937558,56.09210355276147,2,989.98,482.61525,507.36474999999996,2025-12-12 15:59:00,501.08,WEEK_END_CLOSE,12.17999999999995,1.2303278854118194
ICE,2025-12-10 00:00:00,2025-12-11 00:00:00,0.0806451612903225,8.0,2025-12-11 10:22:00,161.383,52.659853114250524,51.4238654628995,6,968.298,157.348425,165.417575,2025-12-12 15:59:00,163.22,WEEK_END_CLOSE,11.021999999999935,1.1382859408983537
AJG,2025-12-10 00:00:00,2025-12-11 00:00:00,0.0,1.0,2025-12-11 10:32:00,245.42,64.1477245936891,63.036600581335136,4,981.68,239.28449999999998,251.55549999999997,2025-12-12 09:45:00,251.55549999999997,TAKE_PROFIT,24.541999999999916,2.499999999999991
MO,2025-12-11 00:00:00,2025-12-12 00:00:00,0.0626333207508221,4.0,2025-12-12 09:45:00,58.53,46.0686218147594,44.88315256942257,17,995.01,57.06675,59.993249999999996,2025-12-12 15:59:00,58.76,WEEK_END_CLOSE,3.909999999999947,0.39296087476508035
MPC,2025-12-11 00:00:00,2025-12-12 00:00:00,0.0647709320695102,6.0,2025-12-12 09:46:00,187.3,49.04792352799638,47.44692118983652,5,936.5,182.6175,191.9825,2025-12-12 15:59:00,185.79,WEEK_END_CLOSE,-7.550000000000097,-0.8061932728243515
AMT,2025-12-11 00:00:00,2025-12-12 00:00:00,0.1126760563380281,10.0,2025-12-12 09:50:00,182.585,59.30864446073747,58.09905277505018,5,912.9250000000001,178.020375,187.149625,2025-12-12 15:59:00,180.6,WEEK_END_CLOSE,-9.925000000000068,-1.0871648821097146
AON,2025-12-11 00:00:00,2025-12-12 00:00:00,0.0308641975308641,2.0,2025-12-12 09:53:00,349.857,58.96887886380083,51.69593272059839,2,699.714,341.11057500000004,358.603425,2025-12-12 15:59:00,353.79,WEEK_END_CLOSE,7.8659999999999854,1.1241735909242934
FDX,2025-12-12 00:00:00,2025-12-15 00:00:00,0.0211197736265542,3.0,2025-12-15 09:47:00,282.785,51.949346183682486,48.76597326515001,3,848.355,275.715375,289.854625,2025-12-19 09:30:00,272.06,STOP_LOSS_GAP,-32.17500000000007,-3.7926339798787123
AON,2025-12-12 00:00:00,2025-12-15 00:00:00,0.0579710144927536,8.0,2025-12-15 09:52:00,353.525,52.49591474357708,52.19727041975948,2,707.05,344.686875,362.36312499999997,2025-12-19 15:59:00,350.04,WEEK_END_CLOSE,-6.969999999999914,-0.9857860123046347
CME,2025-12-12 00:00:00,2025-12-15 00:00:00,0.0554487863904904,6.0,2025-12-15 09:52:00,274.69,57.034356436367126,54.06692542934566,3,824.0699999999999,267.82275,281.55724999999995,2025-12-18 13:55:00,267.82275,STOP_LOSS,-20.601750000000038,-2.500000000000002
PCAR,2025-12-12 00:00:00,2025-12-15 00:00:00,0.0054585152838427,1.0,2025-12-15 09:52:00,112.32,51.99692909822263,50.18016335970939,8,898.56,109.51199999999999,115.12799999999999,2025-12-19 15:59:00,111.57,WEEK_END_CLOSE,-6.0,-0.6677350427350404
AEP,2025-12-12 00:00:00,2025-12-15 00:00:00,0.04,4.0,2025-12-15 10:03:00,115.115,57.86417225083499,57.18488092957036,8,920.92,112.23712499999999,117.99287499999998,2025-12-19 15:59:00,114.49,WEEK_END_CLOSE,-5.0,-0.542935325544025
CRH,2025-12-12 00:00:00,2025-12-15 00:00:00,0.0584999408494025,9.0,2025-12-15 10:05:00,127.99,65.3250277035637,57.14368565302476,7,895.93,124.79024999999999,131.18974999999998,2025-12-17 10:46:00,124.79024999999999,STOP_LOSS,-22.39825000000006,-2.500000000000002
QCOM,2025-12-12 00:00:00,2025-12-15 00:00:00,0.0902655205547113,10.0,2025-12-15 10:05:00,178.6,49.28690273936919,44.29603173037058,5,893.0,174.135,183.06499999999997,2025-12-17 10:58:00,174.135,STOP_LOSS,-22.325000000000017,-2.500000000000002
CMCSA,2025-12-12 00:00:00,2025-12-15 00:00:00,0.0062038031498416,2.0,2025-12-15 10:08:00,27.72,54.68116552489619,53.333520348117325,36,997.92,27.026999999999997,28.412999999999997,2025-12-16 09:46:00,28.412999999999997,TAKE_PROFIT,24.947999999999922,2.499999999999991
SPGI,2025-12-12 00:00:00,2025-12-15 00:00:00,0.0494595199536543,5.0,2025-12-15 10:09:00,501.46,54.17759735836024,49.308579037462856,1,501.46,488.9235,513.9965,2025-12-18 09:33:00,513.9965,TAKE_PROFIT,12.53649999999999,2.499999999999991
RSG,2025-12-12 00:00:00,2025-12-15 00:00:00,0.0555555555555555,7.0,2025-12-15 10:23:00,215.195,63.74913247153664,60.18650598581079,4,860.78,209.815125,220.57487499999996,2025-12-19 15:59:00,213.02,WEEK_END_CLOSE,-8.699999999999932,-1.0107112154092768
LIN,2025-12-15 00:00:00,2025-12-16 00:00:00,0.0742481203007518,9.0,2025-12-16 09:50:00,417.9,54.70003888639994,51.13919087014943,2,835.8,407.4525,428.3474999999999,2025-12-19 15:59:00,421.56,WEEK_END_CLOSE,7.32000000000005,0.8758076094759648
MO,2025-12-15 00:00:00,2025-12-16 00:00:00,0.0443773305802952,2.0,2025-12-16 09:51:00,59.08,47.755162351399825,46.368768060514604,16,945.28,57.602999999999994,60.556999999999995,2025-12-19 15:59:00,58.04,WEEK_END_CLOSE,-16.639999999999986,-1.7603249830738021
CEG,2025-12-15 00:00:00,2025-12-16 00:00:00,0.0537293460553874,5.0,2025-12-16 09:55:00,360.57,48.75097725922223,48.04887079597675,2,721.14,351.55575,369.58424999999994,2025-12-16 10:26:00,351.55575,STOP_LOSS,-18.028500000000008,-2.500000000000002
MDT,2025-12-15 00:00:00,2025-12-16 00:00:00,0.0573577809120827,7.0,2025-12-16 09:55:00,97.77,44.37439006254103,41.19966516233089,10,977.6999999999999,95.32575,100.21424999999999,2025-12-19 15:59:00,98.6,WEEK_END_CLOSE,8.299999999999983,0.8489311649790388
CI,2025-12-15 00:00:00,2025-12-16 00:00:00,0.0360424028268551,1.0,2025-12-16 09:59:00,276.635,51.88563947443222,50.368599225688996,3,829.905,269.71912499999996,283.55087499999996,2025-12-19 15:59:00,271.89,WEEK_END_CLOSE,-14.235000000000014,-1.7152565655105145
SO,2025-12-15 00:00:00,2025-12-16 00:00:00,0.0817120622568093,10.0,2025-12-16 10:07:00,85.43,50.7962936971983,48.505985810326365,11,939.73,83.29425,87.56575,2025-12-17 15:44:00,87.56575,TAKE_PROFIT,23.49324999999986,2.499999999999991
TT,2025-12-15 00:00:00,2025-12-16 00:00:00,0.0552763819095477,6.0,2025-12-16 10:08:00,396.67,51.92088517174192,50.49259258050723,2,793.34,386.75325,406.58675,2025-12-17 11:29:00,386.75325,STOP_LOSS,-19.833500000000072,-2.5000000000000133
CEG,2025-12-15 00:00:00,2025-12-16 00:00:00,0.0537293460553874,5.0,2025-12-16 10:31:00,354.565,48.255214501044875,47.92478200624259,2,709.13,345.700875,363.42912499999994,2025-12-16 13:59:00,363.42912499999994,TAKE_PROFIT,17.72824999999989,2.499999999999991
CMCSA,2025-12-15 00:00:00,2025-12-16 00:00:00,0.0502269732025186,3.0,2025-12-16 10:49:00,29.265,64.62777396125557,61.697043136342145,34,995.01,28.533375,29.996624999999998,2025-12-17 10:11:00,29.996624999999998,TAKE_PROFIT,24.875249999999916,2.499999999999991
CEG,2025-12-15 00:00:00,2025-12-16 00:00:00,0.0537293460553874,5.0,2025-12-16 14:05:00,364.05,58.552838320691095,56.15167381818581,2,728.1,354.94875,373.15125,2025-12-17 09:43:00,354.94875,STOP_LOSS,-18.202499999999986,-2.500000000000002
JCI,2025-12-16 00:00:00,2025-12-17 00:00:00,0.0769230769230769,9.0,2025-12-17 09:45:00,119.13,53.161134111560195,52.964687646793244,8,953.04,116.15174999999999,122.10824999999998,2025-12-17 13:48:00,116.14,STOP_LOSS_GAP,-23.91999999999996,-2.5098631746831135
TRV,2025-12-16 00:00:00,2025-12-17 00:00:00,0.0227272727272727,4.0,2025-12-17 09:45:00,289.57,57.04759448317774,55.121067303906216,3,868.71,282.33074999999997,296.80924999999996,2025-12-19 15:59:00,292.74,WEEK_END_CLOSE,9.510000000000048,1.0947266636737396
PH,2025-12-16 00:00:00,2025-12-17 00:00:00,0.0357142857142857,5.0,2025-12-17 09:50:00,878.81,57.53838969796601,56.01012061611373,1,878.81,856.83975,900.7802499999999,2025-12-19 15:59:00,873.8,WEEK_END_CLOSE,-5.009999999999991,-0.5700890977571982
ICE,2025-12-16 00:00:00,2025-12-17 00:00:00,0.0163487738419618,2.0,2025-12-17 10:00:00,161.09,49.164748887256856,48.52418979424172,6,966.54,157.06275,165.11724999999998,2025-12-19 15:59:00,160.29,WEEK_END_CLOSE,-4.800000000000068,-0.4966167980631986
WMB,2025-12-16 00:00:00,2025-12-17 00:00:00,0.0175438596491228,3.0,2025-12-17 10:23:00,58.575,51.828060875143116,46.3638983720911,17,995.7750000000001,57.110625,60.039375,2025-12-19 15:59:00,58.24,WEEK_END_CLOSE,-5.6950000000000145,-0.5719163465642385
CMCSA,2025-12-16 00:00:00,2025-12-17 00:00:00,0.0585634756031001,7.0,2025-12-17 10:38:00,29.805,52.37224194659711,50.78155618101163,33,983.5649999999999,29.059874999999998,30.550124999999998,2025-12-17 14:32:00,30.550124999999998,TAKE_PROFIT,24.589124999999935,2.499999999999991
JCI,2025-12-16 00:00:00,2025-12-17 00:00:00,0.0769230769230769,9.0,2025-12-17 13:56:00,116.175,44.55878224656073,44.0632270057395,8,929.4,113.270625,119.07937499999998,2025-12-18 09:30:00,119.07937499999998,TAKE_PROFIT,23.2349999999999,2.499999999999991
CMCSA,2025-12-16 00:00:00,2025-12-17 00:00:00,0.0585634756031001,7.0,2025-12-17 14:42:00,30.535,63.5391095118698,61.81907456353234,32,977.12,29.771625,31.298374999999997,2025-12-18 09:39:00,29.771625,STOP_LOSS,-24.427999999999997,-2.500000000000002
CMCSA,2025-12-17 00:00:00,2025-12-18 00:00:00,0.0774827925270403,6.0,2025-12-18 09:47:00,30.005,48.38179707934904,44.02436883006715,33,990.165,29.254875,30.755124999999996,2025-12-19 15:59:00,29.56,WEEK_END_CLOSE,-14.68500000000001,-1.4830861523079442
WM,2025-12-17 00:00:00,2025-12-18 00:00:00,0.079295154185022,7.0,2025-12-18 09:47:00,218.77,47.74798620103393,46.64341332900999,4,875.08,213.30075,224.23925,2025-12-19 15:59:00,216.333,WEEK_END_CLOSE,-9.748000000000047,-1.113955295515845
GILD,2025-12-17 00:00:00,2025-12-18 00:00:00,0.0455252918287937,5.0,2025-12-18 09:56:00,121.47,53.34945696972153,52.564608419625436,8,971.76,118.43325,124.50674999999998,2025-12-19 10:09:00,124.50674999999998,TAKE_PROFIT,24.29399999999987,2.499999999999991
RTX,2025-12-17 00:00:00,2025-12-18 00:00:00,0.0840759395583107,9.0,2025-12-18 09:59:00,179.105,58.599107133971835,55.938346283510455,5,895.525,174.62737499999997,183.58262499999998,2025-12-19 15:59:00,182.09,WEEK_END_CLOSE,14.925000000000068,1.6666201390246105
TXN,2025-12-18 00:00:00,2025-12-19 00:00:00,0.0521890403015366,10.0,2025-12-19 09:50:00,177.645,53.81356651101322,52.980128377203954,5,888.225,173.203875,182.08612499999998,2025-12-19 15:59:00,176.31,WEEK_END_CLOSE,-6.67500000000004,-0.7514987756480629
CSX,2025-12-18 00:00:00,2025-12-19 00:00:00,0.0064935064935064,1.0,2025-12-19 09:51:00,36.605,56.27546512042547,47.58205823236673,27,988.3349999999999,35.689874999999994,37.52012499999999,2025-12-19 15:59:00,36.47,WEEK_END_CLOSE,-3.6449999999999463,-0.368802076219088
ROST,2025-12-18 00:00:00,2025-12-19 00:00:00,0.0424028268551236,8.0,2025-12-19 09:51:00,182.72,58.339978902841914,54.67746697456494,5,913.6,178.152,187.28799999999998,2025-12-19 15:59:00,182.39,WEEK_END_CLOSE,-1.6500000000000625,-0.18060420315236803
EMR,2025-12-18 00:00:00,2025-12-19 00:00:00,0.0158102766798418,4.0,2025-12-19 09:53:00,132.25,51.10406713060093,49.32522017735417,7,925.75,128.94375,135.55624999999998,2025-12-19 15:59:00,132.96,WEEK_END_CLOSE,4.970000000000056,0.5368620037807137
TFC,2025-12-18 00:00:00,2025-12-19 00:00:00,0.0490867579908675,9.0,2025-12-19 09:58:00,50.08,53.05769505744572,51.89771930260077,19,951.52,48.827999999999996,51.331999999999994,2025-12-19 15:59:00,50.075,WEEK_END_CLOSE,-0.0949999999999136,-0.0099840255590955
USB,2025-12-18 00:00:00,2025-12-19 00:00:00,0.0080526688067903,2.0,2025-12-19 10:03:00,54.05,61.01022599707003,54.80369522161915,18,972.9,52.69875,55.40124999999999,2025-12-19 15:59:00,54.155,WEEK_END_CLOSE,1.8900000000000716,0.1942645698427503
SO,2025-12-19 00:00:00,2025-12-22 00:00:00,0.0277777777777777,7.0,2025-12-22 09:46:00,85.04,38.05195029597122,37.96081272579042,11,935.44,82.914,87.166,2025-12-24 12:55:00,87.166,TAKE_PROFIT,23.385999999999896,2.499999999999991
CMCSA,2025-12-19 00:00:00,2025-12-22 00:00:00,0.0040287769784172,1.0,2025-12-22 09:50:00,29.605,47.71036214493177,46.52795685393382,33,976.965,28.864875,30.345125,2025-12-26 15:59:00,29.655,WEEK_END_CLOSE,1.6500000000000234,0.16889039013681106
MDT,2025-12-19 00:00:00,2025-12-22 00:00:00,0.019222367846221,6.0,2025-12-22 09:51:00,97.415,38.073513116486524,37.03490715862081,10,974.1500000000001,94.979625,99.850375,2025-12-26 15:59:00,96.54,WEEK_END_CLOSE,-8.75,-0.8982189601190793
CRH,2025-12-19 00:00:00,2025-12-22 00:00:00,0.0287408759124087,8.0,2025-12-22 09:53:00,124.9,46.33024251890155,46.14149536516527,8,999.2,121.7775,128.0225,2025-12-26 10:06:00,128.0225,TAKE_PROFIT,24.980000000000018,2.499999999999991
ICE,2025-12-19 00:00:00,2025-12-22 00:00:00,0.0081967213114754,3.0,2025-12-22 09:54:00,160.255,51.2851551430778,46.71698065350389,6,961.53,156.248625,164.261375,2025-12-26 15:59:00,163.52,WEEK_END_CLOSE,19.59000000000009,2.0373779289257765
SPGI,2025-12-19 00:00:00,2025-12-22 00:00:00,0.0059405940594059,2.0,2025-12-22 10:00:00,515.62,57.03944451863569,56.09860282944195,1,515.62,502.7295,528.5105,2025-12-26 09:46:00,528.5105,TAKE_PROFIT,12.890499999999975,2.499999999999991
AFL,2025-12-19 00:00:00,2025-12-22 00:00:00,0.0173010380622837,5.0,2025-12-22 10:01:00,110.12,43.78004382696269,43.61712226105314,9,991.08,107.367,112.87299999999999,2025-12-26 15:59:00,109.91,WEEK_END_CLOSE,-1.8900000000000716,-0.19070105339630272
FDX,2025-12-19 00:00:00,2025-12-22 00:00:00,0.0111344537815126,4.0,2025-12-22 10:16:00,288.49,55.12433394392648,49.50739748029673,3,865.47,281.27775,295.70225,2025-12-24 12:28:00,295.70225,TAKE_PROFIT,21.63674999999995,2.499999999999991
AJG,2025-12-19 00:00:00,2025-12-22 00:00:00,0.04,10.0,2025-12-22 10:18:00,257.1099,56.623871725368474,55.0977079234112,3,771.3297,250.68215249999997,263.53764749999993,2025-12-26 15:59:00,261.56,WEEK_END_CLOSE,13.350300000000061,1.730816277397329
BX,2025-12-22 00:00:00,2025-12-23 00:00:00,0.1256101062302612,10.0,2025-12-23 09:45:00,156.4,56.91481204484539,56.00914888701326,6,938.4000000000001,152.49,160.31,2025-12-26 15:59:00,155.44,WEEK_END_CLOSE,-5.760000000000048,-0.6138107416879812
RTX,2025-12-22 00:00:00,2025-12-23 00:00:00,0.1185819070904645,9.0,2025-12-23 09:45:00,187.015,63.22249090547719,54.20881226261526,5,935.0749999999999,182.33962499999998,191.69037499999996,2025-12-26 15:59:00,185.17,WEEK_END_CLOSE,-9.224999999999994,-0.9865518808651719
WMB,2025-12-22 00:00:00,2025-12-23 00:00:00,0.0634920634920634,6.0,2025-12-23 09:45:00,59.05,52.63032717895119,52.4350219853886,16,944.8,57.57375,60.52624999999999,2025-12-26 15:59:00,59.52,WEEK_END_CLOSE,7.5200000000000955,0.7959356477561519
NSC,2025-12-22 00:00:00,2025-12-23 00:00:00,0.0952380952380952,8.0,2025-12-23 09:47:00,291.5,49.01423410732745,47.27094518029829,3,874.5,284.2125,298.78749999999997,2025-12-26 15:59:00,291.07,WEEK_END_CLOSE,-1.2900000000000205,-0.1475128644940038
ADP,2025-12-22 00:00:00,2025-12-23 00:00:00,0.0617283950617283,5.0,2025-12-23 09:55:00,258.77,52.02590822414421,46.173706054587115,3,776.31,252.30074999999997,265.23924999999997,2025-12-26 15:59:00,258.75,WEEK_END_CLOSE,-0.05999999999994543,-0.007728871198353637
KMI,2025-12-22 00:00:00,2025-12-23 00:00:00,0.0068717623427423,1.0,2025-12-23 10:10:00,26.975,56.99003397307106,56.3677860336908,37,998.075,26.300625,27.649375,2025-12-26 15:59:00,27.195,WEEK_END_CLOSE,8.139999999999958,0.8155699721964726
COP,2025-12-22 00:00:00,2025-12-23 00:00:00,0.0907281001137656,7.0,2025-12-23 10:16:00,92.845,43.21335605923368,43.10260894738751,10,928.45,90.523875,95.166125,2025-12-26 15:59:00,91.54,WEEK_END_CLOSE,-13.049999999999926,-1.4055684204857477
APO,2025-12-23 00:00:00,2025-12-24 00:00:00,0.155,10.0,2025-12-24 09:47:00,148.15,47.64834685690615,45.98522413946526,6,888.9000000000001,144.44625,151.85375,2025-12-26 15:59:00,148.53,WEEK_END_CLOSE,2.2799999999999727,0.25649679379007306
HPE,2025-12-23 00:00:00,2025-12-24 00:00:00,0.1176470588235294,6.0,2025-12-24 09:54:00,24.64,55.63908267349825,46.61089534377447,40,985.6,24.024,25.255999999999997,2025-12-26 15:59:00,24.5,WEEK_END_CLOSE,-5.600000000000023,-0.5681818181818232
UBER,2025-12-23 00:00:00,2025-12-24 00:00:00,0.1397625749602251,9.0,2025-12-24 10:01:00,80.865,59.06997495639304,57.97391730323722,12,970.3799999999999,78.843375,82.88662499999998,2025-12-26 15:59:00,81.255,WEEK_END_CLOSE,4.680000000000007,0.4822852902986563
FDX,2025-12-23 00:00:00,2025-12-24 00:00:00,0.0560180612388881,4.0,2025-12-24 12:48:00,295.5499,53.63538281988437,51.934886737020804,3,886.6496999999999,288.16115249999996,302.93864749999995,2025-12-26 15:59:00,296.44,WEEK_END_CLOSE,2.6703000000000543,0.3011674170757761
DHR,2025-12-24 00:00:00,2025-12-26 00:00:00,0.0,1.0,2025-12-26 09:53:00,231.18,52.608399719633425,50.65884635823617,4,924.72,225.4005,236.9595,2025-12-26 15:59:00,230.37,WEEK_END_CLOSE,-3.240000000000009,-0.3503763301323626
REGN,2025-12-24 00:00:00,2025-12-26 00:00:00,0.0099099099099099,6.0,2025-12-26 09:58:00,784.82,51.25616354532007,47.094518694214734,1,784.82,765.1995000000001,804.4404999999999,2025-12-26 15:59:00,784.48,WEEK_END_CLOSE,-0.34000000000003183,-0.04332203562600334
DASH,2025-12-24 00:00:00,2025-12-26 00:00:00,0.0190440627333831,7.0,2025-12-26 10:07:00,232.67,54.657947179463996,50.99056525877816,4,930.68,226.85324999999997,238.48674999999997,2025-12-26 15:59:00,233.95,WEEK_END_CLOSE,5.1200000000000045,0.5501353848798685
CRH,2025-12-24 00:00:00,2025-12-26 00:00:00,0.0,3.0,2025-12-26 10:41:00,128.69,63.18019192571327,60.31416961177533,7,900.8299999999999,125.47274999999999,131.90724999999998,2025-12-26 15:59:00,128.97,WEEK_END_CLOSE,1.960000000000008,0.2175771233196011
ABNB,2025-12-26 00:00:00,2025-12-29 00:00:00,0.0827740492170022,8.0,2025-12-29 09:47:00,136.97,57.445812829275795,55.71544664551341,7,958.79,133.54575,140.39425,2026-01-02 09:36:00,133.54575,STOP_LOSS,-23.969750000000005,-2.500000000000002
CMCSA,2025-12-26 00:00:00,2025-12-29 00:00:00,0.009417304296645,1.0,2025-12-29 09:47:00,29.675,56.20961956852615,54.91107894383626,33,979.275,28.933125,30.416874999999997,2026-01-02 15:59:00,29.533,WEEK_END_CLOSE,-4.685999999999982,-0.47851727042965697
FTNT,2025-12-26 00:00:00,2025-12-29 00:00:00,0.1226158038147139,10.0,2025-12-29 09:47:00,81.6202,54.56611215413608,52.1740006484597,12,979.4423999999999,79.579695,83.660705,2025-12-31 15:03:00,79.579695,STOP_LOSS,-24.486059999999952,-2.499999999999991
SPGI,2025-12-26 00:00:00,2025-12-29 00:00:00,0.1020408163265306,9.0,2025-12-29 09:47:00,530.48,57.67137546106999,55.10784029112539,1,530.48,517.218,543.742,2026-01-02 10:49:00,517.218,STOP_LOSS,-13.262000000000057,-2.5000000000000133
CSX,2025-12-26 00:00:00,2025-12-29 00:00:00,0.0476190476190476,2.0,2025-12-29 09:49:00,36.669,53.99221069475308,53.05544549021982,27,990.0629999999999,35.752275,37.585725,2026-01-02 15:59:00,36.26,WEEK_END_CLOSE,-11.04299999999997,-1.1153835665003053
ISRG,2025-12-26 00:00:00,2025-12-29 00:00:00,0.0571081409477521,3.0,2025-12-29 09:54:00,579.6,58.94573648725929,58.19296935995825,1,579.6,565.11,594.0899999999999,2026-01-02 09:31:00,565.11,STOP_LOSS,-14.490000000000009,-2.500000000000002
CL,2025-12-26 00:00:00,2025-12-29 00:00:00,0.08,7.0,2025-12-29 10:12:00,79.95,54.3043839853053,51.035128605711364,12,959.4000000000001,77.95125,81.94874999999999,2026-01-02 09:41:00,77.95125,STOP_LOSS,-23.985000000000014,-2.500000000000002
GLW,2025-12-26 00:00:00,2025-12-29 00:00:00,0.0613069016152716,5.0,2025-12-29 10:15:00,88.7,47.861948989512605,41.89048472202967,11,975.7,86.4825,90.91749999999999,2026-01-02 15:59:00,90.67,WEEK_END_CLOSE,21.669999999999987,2.2209695603156776
KMI,2025-12-26 00:00:00,2025-12-29 00:00:00,0.0597722960151802,4.0,2025-12-29 10:33:00,27.415,63.36486306377167,62.806317494807395,36,986.9399999999999,26.729625,28.100374999999996,2026-01-02 15:59:00,27.71,WEEK_END_CLOSE,10.620000000000061,1.076053255517051
T,2025-12-26 00:00:00,2025-12-29 00:00:00,0.0742201505916099,6.0,2025-12-29 10:48:00,24.905,62.6095457096572,60.041663236068025,40,996.2,24.282375000000002,25.527625,2026-01-02 15:59:00,24.55,WEEK_END_CLOSE,-14.200000000000017,-1.4254165830154597
MS,2025-12-29 00:00:00,2025-12-30 00:00:00,0.166887919590366,6.0,2025-12-30 09:47:00,179.01,41.08083253341821,41.068137174723454,5,895.05,174.53474999999997,183.48524999999998,2026-01-02 15:59:00,181.92,WEEK_END_CLOSE,14.549999999999983,1.6256075079604582
WMB,2025-12-29 00:00:00,2025-12-30 00:00:00,0.1027397260273972,4.0,2025-12-30 09:47:00,60.075,50.14574093500041,47.79357426427909,16,961.2,58.573125000000005,61.576874999999994,2026-01-02 15:59:00,60.84,WEEK_END_CLOSE,12.240000000000009,1.2734082397003688
CSCO,2025-12-29 00:00:00,2025-12-30 00:00:00,0.2276480301958009,10.0,2025-12-30 09:48:00,77.41,47.01704892332539,44.547796424584085,12,928.92,75.47475,79.34525,2026-01-02 15:59:00,76.04,WEEK_END_CLOSE,-16.439999999999884,-1.7697971838263715
HPE,2025-12-29 00:00:00,2025-12-30 00:00:00,0.1753554502369668,9.0,2025-12-30 09:48:00,24.325,53.164600247043644,47.73070118534381,41,997.3249999999999,23.716874999999998,24.933124999999997,2026-01-02 15:59:00,24.17,WEEK_END_CLOSE,-6.354999999999901,-0.6372045220966016
UNP,2025-12-29 00:00:00,2025-12-30 00:00:00,0.174496644295302,8.0,2025-12-30 10:00:00,234.425,54.197508676191894,50.12998731039874,4,937.7,228.564375,240.28562499999998,2026-01-02 15:59:00,231.91,WEEK_END_CLOSE,-10.06000000000006,-1.0728377946038203
REGN,2025-12-29 00:00:00,2025-12-30 00:00:00,0.0934959349593495,3.0,2025-12-30 10:04:00,774.77,47.50189036964406,44.06695138504897,1,774.77,755.40075,794.13925,2026-01-02 15:59:00,776.28,WEEK_END_CLOSE,1.509999999999991,0.19489654994384598
VZ,2025-12-29 00:00:00,2025-12-30 00:00:00,0.1720820189274448,7.0,2025-12-30 10:05:00,40.48,49.88518321246904,45.48917383912591,24,971.52,39.467999999999996,41.49199999999999,2026-01-02 15:59:00,40.46,WEEK_END_CLOSE,-0.4799999999999045,-0.04940711462450009
PEP,2025-12-29 00:00:00,2025-12-30 00:00:00,0.1199281867145422,5.0,2025-12-30 10:50:00,144.2227,45.328398771605514,44.88626711313212,6,865.3362,140.6171325,147.82826749999998,2026-01-02 15:59:00,142.24,WEEK_END_CLOSE,-11.896199999999965,-1.3747489126191614
ADP,2025-12-30 00:00:00,2025-12-31 00:00:00,0.0964705882352941,5.0,2025-12-31 09:46:00,259.28,48.18494313168314,47.73399881918799,3,777.8399999999999,252.79799999999997,265.76199999999994,2026-01-02 10:23:00,252.79799999999997,STOP_LOSS,-19.445999999999998,-2.500000000000002
HLT,2025-12-30 00:00:00,2025-12-31 00:00:00,0.1306666666666666,7.0,2025-12-31 09:46:00,289.435,44.454116416985705,33.55894435280409,3,868.3050000000001,282.199125,296.67087499999997,2026-01-02 15:59:00,292.98,WEEK_END_CLOSE,10.635000000000048,1.2248000414600835
CTAS,2025-12-30 00:00:00,2025-12-31 00:00:00,0.1466666666666666,10.0,2025-12-31 09:47:00,190.345,47.54286764529422,46.41802684302367,5,951.725,185.586375,195.103625,2026-01-02 09:41:00,185.586375,STOP_LOSS,-23.793124999999975,-2.500000000000002
FDX,2025-12-30 00:00:00,2025-12-31 00:00:00,0.0045708481462671,2.0,2025-12-31 09:49:00,290.4,44.6596253021064,43.78373924943182,3,871.1999999999999,283.14,297.65999999999997,2026-01-02 15:59:00,293.12,WEEK_END_CLOSE,8.160000000000082,0.9366391184573164
NSC,2025-12-30 00:00:00,2025-12-31 00:00:00,0.0,1.0,2025-12-31 09:50:00,290.27,48.956538859575936,47.58953946568818,3,870.81,283.01324999999997,297.52674999999994,2026-01-02 15:59:00,287.81,WEEK_END_CLOSE,-7.379999999999939,-0.8474868226134191
RTX,2025-12-30 00:00:00,2025-12-31 00:00:00,0.142548596112311,9.0,2025-12-31 09:51:00,183.29,50.50842851439078,47.1961410010209,5,916.4499999999999,178.70774999999998,187.87224999999998,2026-01-02 15:59:00,187.24,WEEK_END_CLOSE,19.750000000000085,2.1550548311419115
DLR,2025-12-31 00:00:00,2026-01-02 00:00:00,0.0769230769230769,5.0,2026-01-02 09:45:00,154.47,47.631940237909426,45.3078051250288,6,926.8199999999999,150.60825,158.33174999999997,2026-01-02 15:59:00,155.03,WEEK_END_CLOSE,3.3600000000000136,0.362529941088896
FTNT,2025-12-31 00:00:00,2026-01-02 00:00:00,0.1048780487804878,8.0,2026-01-02 09:47:00,78.655,40.18683800687981,34.04281204474888,12,943.86,76.688625,80.621375,2026-01-02 15:59:00,77.865,WEEK_END_CLOSE,-9.480000000000075,-1.0043862437225992
TXN,2025-12-31 00:00:00,2026-01-02 00:00:00,0.1142578125,10.0,2026-01-02 09:47:00,175.62,53.29082407115881,46.306391070794184,5,878.1,171.2295,180.01049999999998,2026-01-02 15:59:00,177.51,WEEK_END_CLOSE,9.449999999999932,1.0761872224120284
MDT,2025-12-31 00:00:00,2026-01-02 00:00:00,0.0357142857142857,3.0,2026-01-02 09:50:00,95.46,39.10655280325636,37.15389086459233,10,954.5999999999999,93.0735,97.84649999999999,2026-01-02 15:59:00,96.05,WEEK_END_CLOSE,5.900000000000034,0.6180599203855053
USB,2025-12-31 00:00:00,2026-01-02 00:00:00,0.0121415654869542,2.0,2026-01-02 09:50:00,53.14,38.42908612810109,37.934480110515366,18,956.52,51.8115,54.4685,2026-01-02 15:59:00,53.92,WEEK_END_CLOSE,14.04000000000002,1.4678208505833679
CDNS,2025-12-31 00:00:00,2026-01-02 00:00:00,0.1,7.0,2026-01-02 09:54:00,313.91,50.523427600034914,47.417045618851446,3,941.73,306.06225,321.75775,2026-01-02 15:59:00,310.29,WEEK_END_CLOSE,-10.860000000000014,-1.153196776146026
ETN,2025-12-31 00:00:00,2026-01-02 00:00:00,0.0855949895615866,6.0,2026-01-02 10:19:00,326.505,58.70810813749314,57.41078442021213,3,979.515,318.342375,334.667625,2026-01-02 15:59:00,327.26,WEEK_END_CLOSE,2.2649999999999864,0.23123688764337125
KMI,2026-01-02 00:00:00,2026-01-05 00:00:00,0.0882012222343129,4.0,2026-01-05 09:46:00,27.575,40.561563916618255,35.98240859867985,36,992.6999999999999,26.885624999999997,28.264374999999998,2026-01-06 12:58:00,26.885624999999997,STOP_LOSS,-24.817500000000067,-2.500000000000002
MO,2026-01-02 00:00:00,2026-01-05 00:00:00,0.1041681149461871,5.0,2026-01-05 09:46:00,56.53,33.020943284560886,27.52624954983417,17,961.01,55.11675,57.94325,2026-01-06 11:06:00,55.11675,STOP_LOSS,-24.025249999999964,-2.499999999999991
FDX,2026-01-02 00:00:00,2026-01-05 00:00:00,0.0499421207658321,1.0,2026-01-05 09:47:00,293.795,57.59630651756184,49.10216633592351,3,881.385,286.450125,301.139875,2026-01-06 10:00:00,301.139875,TAKE_PROFIT,22.034625000000005,2.499999999999991
DUK,2026-01-02 00:00:00,2026-01-05 00:00:00,0.1849148418491484,9.0,2026-01-05 09:48:00,116.08,33.39610800840782,30.495643050184707,8,928.64,113.178,118.98199999999999,2026-01-09 15:59:00,116.815,WEEK_END_CLOSE,5.8799999999999955,0.6331840110268772
NFLX,2026-01-02 00:00:00,2026-01-05 00:00:00,0.1204385936306999,6.0,2026-01-05 10:00:00,91.74,50.878765799317236,50.39228712669103,10,917.4,89.44649999999999,94.03349999999999,2026-01-09 09:30:00,89.44649999999999,STOP_LOSS,-22.935000000000088,-2.5000000000000133
CTAS,2026-01-02 00:00:00,2026-01-05 00:00:00,0.1773774916943521,8.0,2026-01-05 10:20:00,185.445,50.98589539398997,46.32847492657801,5,927.2249999999999,180.808875,190.081125,2026-01-08 10:05:00,190.081125,TAKE_PROFIT,23.180624999999964,2.499999999999991
MA,2026-01-02 00:00:00,2026-01-05 00:00:00,0.2158836235836694,10.0,2026-01-05 10:25:00,572.84,62.66128020898318,62.56685663793934,1,572.84,558.519,587.161,2026-01-08 09:57:00,587.161,TAKE_PROFIT,14.320999999999913,2.499999999999991
SPGI,2026-01-02 00:00:00,2026-01-05 00:00:00,0.1285697746217968,7.0,2026-01-05 10:27:00,532.445,71.73763139387798,71.64297085314642,1,532.445,519.133875,545.756125,2026-01-09 09:31:00,545.756125,TAKE_PROFIT,13.311124999999947,2.499999999999991
AON,2026-01-02 00:00:00,2026-01-05 00:00:00,0.074074074074074,2.0,2026-01-05 10:28:00,345.53,56.39560641511796,55.664853088783424,2,691.06,336.89174999999994,354.16824999999994,2026-01-08 09:59:00,354.16824999999994,TAKE_PROFIT,17.276499999999942,2.499999999999991
CMCSA,2026-01-02 00:00:00,2026-01-05 00:00:00,0.0820532428041521,3.0,2026-01-05 10:41:00,27.855,39.352950275076104,36.30146993100437,35,974.9250000000001,27.158625,28.551374999999997,2026-01-05 11:18:00,28.551374999999997,TAKE_PROFIT,24.373124999999867,2.499999999999991
CMCSA,2026-01-02 00:00:00,2026-01-05 00:00:00,0.0820532428041521,3.0,2026-01-05 11:38:00,28.79,66.76842429356086,62.677317646217695,34,978.86,28.070249999999998,29.509749999999997,2026-01-05 15:20:00,28.070249999999998,STOP_LOSS,-24.47150000000004,-2.500000000000002
CMCSA,2026-01-02 00:00:00,2026-01-05 00:00:00,0.0820532428041521,3.0,2026-01-05 15:23:00,28.11,42.7383096879382,41.503183905701896,35,983.85,27.407249999999998,28.812749999999998,2026-01-06 11:30:00,27.407249999999998,STOP_LOSS,-24.59625000000006,-2.500000000000002
MPC,2026-01-05 00:00:00,2026-01-06 00:00:00,0.0994437661104327,7.0,2026-01-06 09:45:00,173.78,41.809952271407575,39.815723414940756,5,868.9,169.4355,178.12449999999998,2026-01-07 12:25:00,169.4355,STOP_LOSS,-21.722500000000053,-2.500000000000002
JCI,2026-01-05 00:00:00,2026-01-06 00:00:00,0.0105680317040951,1.0,2026-01-06 09:49:00,111.97,39.590690556240695,35.26020333653331,8,895.76,109.17075,114.76924999999999,2026-01-06 14:45:00,114.76924999999999,TAKE_PROFIT,22.39399999999989,2.499999999999991
MDT,2026-01-05 00:00:00,2026-01-06 00:00:00,0.1103876640456079,8.0,2026-01-06 09:50:00,99.71,66.28575355946964,63.97512199339106,10,997.0999999999999,97.21724999999999,102.20274999999998,2026-01-09 10:29:00,97.21724999999999,STOP_LOSS,-24.92750000000001,-2.500000000000002
ITW,2026-01-05 00:00:00,2026-01-06 00:00:00,0.0317460317460317,3.0,2026-01-06 10:00:00,248.48,50.19015303996771,50.046705705044936,4,993.92,242.26799999999997,254.69199999999998,2026-01-07 09:30:00,254.69199999999998,TAKE_PROFIT,24.847999999999956,2.499999999999991
DHR,2026-01-05 00:00:00,2026-01-06 00:00:00,0.1534964918891299,10.0,2026-01-06 10:03:00,238.83,64.1213983503689,61.34208334229054,4,955.32,232.85925,244.80075,2026-01-09 15:59:00,238.33,WEEK_END_CLOSE,-2.0,-0.20935393376041445
MCO,2026-01-05 00:00:00,2026-01-06 00:00:00,0.1508704061895551,9.0,2026-01-06 10:14:00,529.3,47.22636865410055,47.05683918137355,1,529.3,516.0675,542.5324999999999,2026-01-09 15:59:00,531.8,WEEK_END_CLOSE,2.5,0.4723219346306484
FDX,2026-01-05 00:00:00,2026-01-06 00:00:00,0.0540520799041015,5.0,2026-01-06 10:22:00,303.37,63.02986975598572,60.22362360726549,3,910.11,295.78575,310.95425,2026-01-08 09:47:00,310.95425,TAKE_PROFIT,22.752749999999992,2.499999999999991
ECL,2026-01-05 00:00:00,2026-01-06 00:00:00,0.0609756097560975,6.0,2026-01-06 10:30:00,268.21,64.31239015462565,63.088988935106435,3,804.6299999999999,261.50475,274.91524999999996,2026-01-09 15:59:00,271.73,WEEK_END_CLOSE,10.560000000000116,1.3124044591924289
WELL,2026-01-05 00:00:00,2026-01-06 00:00:00,0.031578947368421,2.0,2026-01-06 11:20:00,184.25,50.868165378465555,46.79170722521928,5,921.25,179.64374999999998,188.85625,2026-01-07 09:56:00,188.85625,TAKE_PROFIT,23.031249999999943,2.499999999999991
JCI,2026-01-05 00:00:00,2026-01-06 00:00:00,0.0105680317040951,1.0,2026-01-06 15:16:00,114.88,59.12416893511409,56.40341555322302,8,919.04,112.008,117.75199999999998,2026-01-08 09:30:00,111.31,STOP_LOSS_GAP,-28.559999999999945,-3.1075905292479056
CMCSA,2026-01-06 00:00:00,2026-01-07 00:00:00,0.0737507525586995,5.0,2026-01-07 09:45:00,27.645,63.41644908260724,59.923595649779095,36,995.22,26.953875,28.336124999999996,2026-01-08 14:02:00,28.336124999999996,TAKE_PROFIT,24.880499999999856,2.499999999999991
MSI,2026-01-06 00:00:00,2026-01-07 00:00:00,0.0694444444444444,4.0,2026-01-07 09:47:00,380.2186,45.8159628179537,44.0084502967745,2,760.4372,370.71313499999997,389.72406499999994,2026-01-08 10:40:00,389.72406499999994,TAKE_PROFIT,19.010929999999917,2.499999999999991
ALL,2026-01-06 00:00:00,2026-01-07 00:00:00,0.0851063829787234,7.0,2026-01-07 09:56:00,208.82,52.8850785723337,46.412155130537904,4,835.28,203.59949999999998,214.04049999999998,2026-01-09 09:48:00,214.04049999999998,TAKE_PROFIT,20.881999999999948,2.499999999999991
TFC,2026-01-06 00:00:00,2026-01-07 00:00:00,0.102803738317757,9.0,2026-01-07 09:59:00,50.7021,42.487069853425936,42.278980062520795,19,963.3399000000001,49.4345475,51.969652499999995,2026-01-09 15:59:00,50.61,WEEK_END_CLOSE,-1.7499000000000393,-0.18164928079902332
APH,2026-01-06 00:00:00,2026-01-07 00:00:00,0.0596990243095749,3.0,2026-01-07 10:03:00,139.315,52.93511550497265,51.53383071489946,7,975.2049999999999,135.832125,142.79787499999998,2026-01-08 09:41:00,135.832125,STOP_LOSS,-24.38012500000005,-2.500000000000002
CSX,2026-01-06 00:00:00,2026-01-07 00:00:00,0.0442608803232337,2.0,2026-01-07 10:26:00,35.435,39.0580072809368,35.19865122077844,28,992.1800000000001,34.549125000000004,36.320875,2026-01-09 15:59:00,35.19,WEEK_END_CLOSE,-6.860000000000127,-0.6914068011852792
PGR,2026-01-06 00:00:00,2026-01-07 00:00:00,0.1306122448979591,10.0,2026-01-07 10:32:00,212.32,50.980203131507956,44.91030272321154,4,849.28,207.012,217.628,2026-01-09 15:59:00,215.15,WEEK_END_CLOSE,11.32000000000005,1.3328937452901313
ITW,2026-01-06 00:00:00,2026-01-07 00:00:00,0.1,8.0,2026-01-07 10:34:00,248.345,39.340696986133636,35.31437925605453,4,993.38,242.136375,254.55362499999998,2026-01-08 13:34:00,254.55362499999998,TAKE_PROFIT,24.834499999999935,2.499999999999991
APH,2026-01-07 00:00:00,2026-01-08 00:00:00,0.084694204290746,7.0,2026-01-08 09:51:00,135.705,37.85952047443258,36.88683218490678,7,949.9350000000001,132.312375,139.097625,2026-01-09 11:05:00,139.097625,TAKE_PROFIT,23.748374999999868,2.499999999999991
APD,2026-01-07 00:00:00,2026-01-08 00:00:00,0.0935251798561151,9.0,2026-01-08 09:52:00,262.72,54.99611163027377,53.369414156861275,3,788.1600000000001,256.15200000000004,269.288,2026-01-09 15:59:00,263.73,WEEK_END_CLOSE,3.0299999999999727,0.3844397076735673
JCI,2026-01-07 00:00:00,2026-01-08 00:00:00,0.1014851485148514,10.0,2026-01-08 09:57:00,112.17,43.27115690982238,43.20981239540008,8,897.36,109.36575,114.97425,2026-01-09 15:59:00,110.85,WEEK_END_CLOSE,-10.56000000000006,-1.176785236694311
MPC,2026-01-07 00:00:00,2026-01-08 00:00:00,0.0849825378346915,8.0,2026-01-08 10:10:00,172.67,51.85515018535081,50.32360560967927,5,863.3499999999999,168.35324999999997,176.98674999999997,2026-01-08 13:01:00,177.0,TAKE_PROFIT_GAP,21.650000000000063,2.5076735970348096
KMI,2026-01-07 00:00:00,2026-01-08 00:00:00,0.053913281030439,4.0,2026-01-08 10:15:00,27.25,56.35127215965095,50.64754910698583,36,981.0,26.568749999999998,27.93125,2026-01-09 15:59:00,27.13,WEEK_END_CLOSE,-4.320000000000036,-0.4403669724770687
FDX,2026-01-07 00:00:00,2026-01-08 00:00:00,0.0140403752443886,1.0,2026-01-08 10:16:00,312.2,59.39652597837819,56.810736146129415,3,936.5999999999999,304.395,320.00499999999994,2026-01-09 15:59:00,312.36,WEEK_END_CLOSE,0.48000000000007503,0.05124919923127358
AON,2026-01-07 00:00:00,2026-01-08 00:00:00,0.0555555555555555,5.0,2026-01-08 10:25:00,353.45,51.818335305494756,51.80355077677033,2,706.9,344.61375,362.28624999999994,2026-01-09 15:59:00,350.79,WEEK_END_CLOSE,-5.319999999999936,-0.752581694723431
EQIX,2026-01-07 00:00:00,2026-01-08 00:00:00,0.0350877192982456,3.0,2026-01-08 10:53:00,778.69,51.85085239790897,50.14718536939102,1,778.69,759.22275,798.15725,2026-01-09 10:15:00,798.15725,TAKE_PROFIT,19.467249999999922,2.499999999999991
MSI,2026-01-07 00:00:00,2026-01-08 00:00:00,0.0555555555555555,6.0,2026-01-08 11:47:00,385.055,50.88230008306685,45.66030732078499,2,770.11,375.428625,394.68137499999995,2026-01-09 15:59:00,383.29,WEEK_END_CLOSE,-3.5299999999999727,-0.4583760761449618
MPC,2026-01-07 00:00:00,2026-01-08 00:00:00,0.0849825378346915,8.0,2026-01-08 13:15:00,178.29,71.82490062003876,70.89546629531218,5,891.4499999999999,173.83274999999998,182.74724999999998,2026-01-09 15:59:00,176.26,WEEK_END_CLOSE,-10.150000000000006,-1.1385944248135105
SPGI,2026-01-08 00:00:00,2026-01-09 00:00:00,0.0326913199794555,5.0,2026-01-09 09:46:00,543.84,50.206052870852446,48.19895964605391,1,543.84,530.244,557.436,2026-01-09 15:59:00,541.95,WEEK_END_CLOSE,-1.8899999999999864,-0.3475286849073278
ITW,2026-01-08 00:00:00,2026-01-09 00:00:00,0.0,1.0,2026-01-09 09:48:00,253.01,44.07023213926862,42.60837793312589,3,759.03,246.68474999999998,259.33525,2026-01-09 15:59:00,255.08,WEEK_END_CLOSE,6.210000000000065,0.8181494802577127
ORLY,2026-01-08 00:00:00,2026-01-09 00:00:00,0.0379746835443038,6.0,2026-01-09 09:51:00,92.42,58.44471161499045,52.18017288250883,10,924.2,90.1095,94.73049999999999,2026-01-09 15:59:00,93.8,WEEK_END_CLOSE,13.799999999999955,1.4931832936593725
T,2026-01-08 00:00:00,2026-01-09 00:00:00,0.0773854045938337,10.0,2026-01-09 09:51:00,24.225,49.517960716228046,45.50121674295445,41,993.225,23.619375,24.830624999999998,2026-01-09 15:59:00,23.985,WEEK_END_CLOSE,-9.840000000000082,-0.9907120743034126
ICE,2026-01-08 00:00:00,2026-01-09 00:00:00,0.0196078431372549,3.0,2026-01-09 10:05:00,163.74,52.46664367833462,50.99197774225409,6,982.44,159.6465,167.8335,2026-01-09 15:59:00,165.98,WEEK_END_CLOSE,13.439999999999884,1.3680224746549285
FDX,2026-01-09 00:00:00,2026-01-12 00:00:00,0.0043838141713786,1.0,2026-01-12 09:45:00,312.06,57.093740112810025,49.6642503248746,3,936.1800000000001,304.25849999999997,319.8615,2026-01-16 15:59:00,308.27,WEEK_END_CLOSE,-11.370000000000061,-1.2145100301224176
KMI,2026-01-09 00:00:00,2026-01-12 00:00:00,0.124134326452321,10.0,2026-01-12 09:45:00,27.1737,51.55671895646612,49.23319422947242,36,978.2532,26.4943575,27.853042499999997,2026-01-16 11:35:00,27.853042499999997,TAKE_PROFIT,24.456329999999895,2.499999999999991
ADP,2026-01-09 00:00:00,2026-01-12 00:00:00,0.0643410952276979,5.0,2026-01-12 09:52:00,264.135,39.00548219544,38.37523209511855,3,792.405,257.53162499999996,270.73837499999996,2026-01-13 13:09:00,257.53162499999996,STOP_LOSS,-19.810125000000085,-2.5000000000000133
MPC,2026-01-09 00:00:00,2026-01-12 00:00:00,0.1,7.0,2026-01-12 09:52:00,175.27,48.29568290451527,43.451067695638244,5,876.35,170.88825,179.65175,2026-01-14 09:42:00,179.65175,TAKE_PROFIT,21.908749999999912,2.499999999999991
DHR,2026-01-09 00:00:00,2026-01-12 00:00:00,0.0206297437402059,2.0,2026-01-12 10:05:00,238.97,60.113640585994084,58.31884398789794,4,955.88,232.99575,244.94424999999998,2026-01-13 11:54:00,232.99575,STOP_LOSS,-23.897000000000048,-2.500000000000002
SPGI,2026-01-09 00:00:00,2026-01-12 00:00:00,0.0936507936507936,6.0,2026-01-12 10:09:00,543.045,50.59009968956617,47.78192037693578,1,543.045,529.4688749999999,556.6211249999999,2026-01-16 15:59:00,546.3,WEEK_END_CLOSE,3.2549999999999955,0.5993978399580158
MSI,2026-01-09 00:00:00,2026-01-12 00:00:00,0.058252427184466,4.0,2026-01-12 10:11:00,385.83,56.46072781530037,51.947425933750424,2,771.66,376.18424999999996,395.47574999999995,2026-01-15 13:15:00,395.47574999999995,TAKE_PROFIT,19.291499999999928,2.499999999999991
AFL,2026-01-09 00:00:00,2026-01-12 00:00:00,0.1008470353761833,8.0,2026-01-12 10:16:00,109.69,51.20356182965021,46.66092238704134,9,987.21,106.94775,112.43224999999998,2026-01-16 15:59:00,109.5,WEEK_END_CLOSE,-1.7099999999999795,-0.17321542528945244
TRV,2026-01-09 00:00:00,2026-01-12 00:00:00,0.1111111111111111,9.0,2026-01-12 10:19:00,282.09,52.23898128014929,47.09035324302049,3,846.27,275.03774999999996,289.14224999999993,2026-01-13 14:00:00,275.03774999999996,STOP_LOSS,-21.156750000000045,-2.500000000000002
CB,2026-01-09 00:00:00,2026-01-12 00:00:00,0.0253807106598984,3.0,2026-01-12 10:26:00,308.22,48.1598340907581,46.571671005013094,3,924.6600000000001,300.5145,315.9255,2026-01-13 14:56:00,300.5145,STOP_LOSS,-23.116500000000087,-2.5000000000000133
EMR,2026-01-12 00:00:00,2026-01-13 00:00:00,0.0398671096345514,5.0,2026-01-13 09:46:00,146.51,59.305689601183666,55.488272888409114,6,879.06,142.84724999999997,150.17274999999998,2026-01-15 09:30:00,150.17274999999998,TAKE_PROFIT,21.97649999999993,2.499999999999991
JCI,2026-01-12 00:00:00,2026-01-13 00:00:00,0.0211267605633802,1.0,2026-01-13 09:48:00,111.72,51.50582679902586,50.299686904335395,8,893.76,108.92699999999999,114.51299999999999,2026-01-16 09:45:00,114.51299999999999,TAKE_PROFIT,22.343999999999937,2.499999999999991
ICE,2026-01-12 00:00:00,2026-01-13 00:00:00,0.0244252873563218,3.0,2026-01-13 09:50:00,165.67,43.3652590861555,42.09044817906293,6,994.02,161.52824999999999,169.81174999999996,2026-01-14 10:39:00,169.81174999999996,TAKE_PROFIT,24.85049999999984,2.499999999999991
PLD,2026-01-12 00:00:00,2026-01-13 00:00:00,0.0803571428571428,8.0,2026-01-13 09:56:00,128.57,44.311710514688805,40.073142879949536,7,899.99,125.35574999999999,131.78425,2026-01-14 13:03:00,131.78425,TAKE_PROFIT,22.49974999999995,2.499999999999991
AMT,2026-01-12 00:00:00,2026-01-13 00:00:00,0.0808678500986193,9.0,2026-01-13 10:14:00,170.29,51.28511837459908,49.901573080985955,5,851.4499999999999,166.03275,174.54724999999996,2026-01-14 09:30:00,174.54724999999996,TAKE_PROFIT,21.286249999999853,2.499999999999991
TMO,2026-01-12 00:00:00,2026-01-13 00:00:00,0.0571428571428571,7.0,2026-01-13 10:18:00,614.02,59.60275076436665,55.62897178562711,1,614.02,598.6695,629.3704999999999,2026-01-13 13:07:00,598.6695,STOP_LOSS,-15.350500000000011,-2.500000000000002
CRH,2026-01-12 00:00:00,2026-01-13 00:00:00,0.0881024096385542,10.0,2026-01-13 10:21:00,126.76,43.17193008523961,42.06612927767978,7,887.32,123.59100000000001,129.929,2026-01-14 11:36:00,123.59100000000001,STOP_LOSS,-22.18299999999998,-2.500000000000002
TMO,2026-01-12 00:00:00,2026-01-13 00:00:00,0.0571428571428571,7.0,2026-01-13 13:13:00,597.63,38.138890343391054,36.76690908632037,1,597.63,582.68925,612.57075,2026-01-14 09:34:00,612.57075,TAKE_PROFIT,14.94074999999998,2.499999999999991
PCAR,2026-01-13 00:00:00,2026-01-14 00:00:00,0.1111111111111111,8.0,2026-01-14 09:48:00,119.99,56.931239157713165,56.76449572538634,8,959.92,116.99024999999999,122.98974999999999,2026-01-16 15:59:00,121.37,WEEK_END_CLOSE,11.040000000000077,1.150095841320109
CDNS,2026-01-13 00:00:00,2026-01-14 00:00:00,0.0503355704697986,3.0,2026-01-14 09:54:00,315.03,39.809821695489504,38.16527408109757,3,945.0899999999999,307.15425,322.90574999999995,2026-01-15 09:45:00,322.90574999999995,TAKE_PROFIT,23.627249999999947,2.499999999999991
COP,2026-01-13 00:00:00,2026-01-14 00:00:00,0.1067143221853459,7.0,2026-01-14 10:06:00,100.02,65.19116284646898,60.43182137741634,9,900.18,97.5195,102.52049999999998,2026-01-16 09:30:00,97.5,STOP_LOSS_GAP,-22.679999999999964,-2.519496100779839
SCHW,2026-01-13 00:00:00,2026-01-14 00:00:00,0.0787316942093242,4.0,2026-01-14 10:06:00,99.9488,45.93922611054554,44.121720824208026,10,999.488,97.45008,102.44752,2026-01-15 09:30:00,102.44752,TAKE_PROFIT,24.987199999999916,2.499999999999991
MO,2026-01-13 00:00:00,2026-01-14 00:00:00,0.0892975480450629,5.0,2026-01-14 10:07:00,60.75,64.18237035786109,63.194152351324156,16,972.0,59.231249999999996,62.26875,2026-01-16 15:59:00,61.76,WEEK_END_CLOSE,16.159999999999968,1.6625514403292074
RSG,2026-01-13 00:00:00,2026-01-14 00:00:00,0.1183431952662721,9.0,2026-01-14 10:12:00,210.62,60.46884012481496,54.112490218721135,4,842.48,205.3545,215.88549999999998,2026-01-16 15:59:00,210.94,WEEK_END_CLOSE,1.2799999999999727,0.1519323900864178
HWM,2026-01-13 00:00:00,2026-01-14 00:00:00,0.09375,6.0,2026-01-14 10:42:00,219.96,53.15450490903998,49.555583812349866,4,879.84,214.461,225.45899999999997,2026-01-15 10:55:00,225.45899999999997,TAKE_PROFIT,21.995999999999867,2.499999999999991
PEP,2026-01-13 00:00:00,2026-01-14 00:00:00,0.1229797979797979,10.0,2026-01-14 10:42:00,145.855,64.9087610155994,63.37777399614606,6,875.1299999999999,142.20862499999998,149.50137499999997,2026-01-16 15:59:00,146.31,WEEK_END_CLOSE,2.730000000000075,0.31195365260019425
AEP,2026-01-14 00:00:00,2026-01-15 00:00:00,0.01859410430839,2.0,2026-01-15 09:45:00,118.06,49.685978412375356,44.614785455601215,8,944.48,115.1085,121.0115,2026-01-16 15:59:00,119.96,WEEK_END_CLOSE,15.199999999999932,1.609351177367424
LIN,2026-01-14 00:00:00,2026-01-15 00:00:00,0.019873532068654,3.0,2026-01-15 09:45:00,441.015,56.770724191980634,54.879644911473065,2,882.03,429.989625,452.0403749999999,2026-01-16 15:59:00,438.94,WEEK_END_CLOSE,-4.149999999999977,-0.47050553836036624
T,2026-01-14 00:00:00,2026-01-15 00:00:00,0.0739386427022001,10.0,2026-01-15 09:55:00,23.57,53.79809079476811,44.190175398480235,42,989.94,22.98075,24.159249999999997,2026-01-16 15:59:00,23.495,WEEK_END_CLOSE,-3.14999999999997,-0.3182011030971599
ROST,2026-01-14 00:00:00,2026-01-15 00:00:00,0.0298507462686567,7.0,2026-01-15 10:01:00,193.305,71.55047120828324,63.450151122230444,5,966.5250000000001,188.472375,198.13762499999999,2026-01-16 15:59:00,192.35,WEEK_END_CLOSE,-4.7750000000000625,-0.4940379193502542
CME,2026-01-14 00:00:00,2026-01-15 00:00:00,0.0557575757575757,9.0,2026-01-15 10:09:00,273.43,52.108451549146714,47.25269219928361,3,820.29,266.59425,280.26574999999997,2026-01-16 15:59:00,279.52,WEEK_END_CLOSE,18.269999999999925,2.227261090589905
WMB,2026-01-14 00:00:00,2026-01-15 00:00:00,0.027923917442331,6.0,2026-01-15 10:33:00,60.78,54.344436828087034,48.57909682170623,16,972.48,59.2605,62.299499999999995,2026-01-16 15:59:00,61.54,WEEK_END_CLOSE,12.159999999999968,1.2504113195130007
ETN,2026-01-14 00:00:00,2026-01-15 00:00:00,0.0440134278254382,8.0,2026-01-15 10:58:00,336.88,56.86945943350726,49.62208423286394,2,673.76,328.45799999999997,345.30199999999996,2026-01-16 09:42:00,345.30199999999996,TAKE_PROFIT,16.843999999999937,2.499999999999991
EMR,2026-01-15 00:00:00,2026-01-16 00:00:00,0.0260115606936416,4.0,2026-01-16 09:52:00,149.74,57.69260433869792,54.89005108412477,6,898.44,145.9965,153.4835,2026-01-16 15:59:00,149.44,WEEK_END_CLOSE,-1.8000000000000682,-0.2003472685989105
CSX,2026-01-15 00:00:00,2026-01-16 00:00:00,0.0193423597678916,3.0,2026-01-16 09:56:00,36.34,51.007132511866295,50.353558773414086,27,981.1800000000001,35.4315,37.2485,2026-01-16 15:59:00,36.235,WEEK_END_CLOSE,-2.8350000000001074,-0.2889378095762396
AON,2026-01-15 00:00:00,2026-01-16 00:00:00,0.0526315789473684,7.0,2026-01-16 10:04:00,342.04,51.332577204004075,49.46908333902741,2,684.08,333.48900000000003,350.591,2026-01-16 15:59:00,343.87,WEEK_END_CLOSE,3.659999999999968,0.5350251432580944
CMCSA,2026-01-15 00:00:00,2026-01-16 00:00:00,0.0021736643404644,1.0,2026-01-16 10:10:00,27.97,56.66875692023056,38.32944303718135,35,978.9499999999999,27.27075,28.669249999999998,2026-01-16 15:59:00,27.82,WEEK_END_CLOSE,-5.24999999999995,-0.5362888809438582
MCO,2026-01-15 00:00:00,2026-01-16 00:00:00,0.08,10.0,2026-01-16 10:14:00,536.84,53.24961038155252,51.501947786471284,1,536.84,523.419,550.261,2026-01-16 15:59:00,538.87,WEEK_END_CLOSE,2.0299999999999727,0.378138737798972
KMI,2026-01-15 00:00:00,2026-01-16 00:00:00,0.0577586206896551,8.0,2026-01-16 11:41:00,27.845,59.69243991208501,58.987745211058844,35,974.5749999999999,27.148874999999997,28.541124999999997,2026-01-16 15:59:00,27.95,WEEK_END_CLOSE,3.675000000000015,0.37708744837492425
KMI,2026-01-16 00:00:00,2026-01-20 00:00:00,0.0242252291575731,8.0,2026-01-20 09:49:00,27.975,47.66295678172511,47.15370774295324,35,979.125,27.275625,28.674374999999998,2026-01-22 09:30:00,29.13,TAKE_PROFIT_GAP,40.42499999999991,4.128686327077746
MDLZ,2026-01-16 00:00:00,2026-01-20 00:00:00,0.0084602368866328,5.0,2026-01-20 09:49:00,57.22,53.59749594851833,47.54972791398327,17,972.74,55.7895,58.650499999999994,2026-01-23 15:59:00,58.39,WEEK_END_CLOSE,19.89000000000003,2.044739601537926
PH,2026-01-16 00:00:00,2026-01-20 00:00:00,0.0175284837861524,6.0,2026-01-20 09:50:00,931.3,43.04100909924089,42.54992852651597,1,931.3,908.0174999999999,954.5824999999999,2026-01-23 15:59:00,928.0,WEEK_END_CLOSE,-3.2999999999999545,-0.3543433909588667
TEL,2026-01-16 00:00:00,2026-01-20 00:00:00,0.0257510729613733,9.0,2026-01-20 09:50:00,238.08,40.511631807901,38.00502334233075,4,952.32,232.12800000000001,244.03199999999998,2026-01-21 09:30:00,226.79,STOP_LOSS_GAP,-45.16000000000008,-4.742103494623661
APO,2026-01-16 00:00:00,2026-01-20 00:00:00,0.0051849291393017,3.0,2026-01-20 09:51:00,142.34,45.27657105070328,43.259583034099926,7,996.38,138.7815,145.89849999999998,2026-01-20 13:54:00,138.7815,STOP_LOSS,-24.909500000000065,-2.500000000000002
ALL,2026-01-16 00:00:00,2026-01-20 00:00:00,0.0204081632653061,7.0,2026-01-20 09:54:00,194.555,54.179404443508744,51.988270837769086,5,972.7750000000001,189.691125,199.41887499999999,2026-01-23 15:59:00,193.61,WEEK_END_CLOSE,-4.724999999999966,-0.48572383130733865
AEP,2026-01-16 00:00:00,2026-01-20 00:00:00,0.0051260145237078,2.0,2026-01-20 10:01:00,118.5,41.545225783329215,41.437360941720655,8,948.0,115.5375,121.46249999999999,2026-01-23 15:59:00,116.62,WEEK_END_CLOSE,-15.039999999999964,-1.5864978902953575
SPGI,2026-01-16 00:00:00,2026-01-20 00:00:00,0.0265486725663716,10.0,2026-01-20 10:02:00,541.41,39.84002689654431,39.70576152675043,1,541.41,527.87475,554.9452499999999,2026-01-20 12:58:00,527.76,STOP_LOSS_GAP,-13.649999999999977,-2.5211946583919675
FDX,2026-01-16 00:00:00,2026-01-20 00:00:00,0.0083876980428704,4.0,2026-01-20 10:13:00,308.05,45.79020130693056,42.72597840249268,3,924.1500000000001,300.34875,315.75124999999997,2026-01-20 15:16:00,300.34875,STOP_LOSS,-23.103750000000048,-2.500000000000002
PCAR,2026-01-16 00:00:00,2026-01-20 00:00:00,0.0,1.0,2026-01-20 10:15:00,119.79,49.497491162675445,45.29173244943219,8,958.32,116.79525000000001,122.78475,2026-01-21 14:28:00,122.78475,TAKE_PROFIT,23.95799999999997,2.499999999999991
SPGI,2026-01-16 00:00:00,2026-01-20 00:00:00,0.0265486725663716,10.0,2026-01-20 13:11:00,527.07,42.2644092441527,33.273726665217396,1,527.07,513.8932500000001,540.24675,2026-01-22 15:51:00,540.24675,TAKE_PROFIT,13.17674999999997,2.499999999999991
APO,2026-01-16 00:00:00,2026-01-20 00:00:00,0.0051849291393017,3.0,2026-01-20 14:00:00,139.08,47.33578779433429,44.95733368829642,7,973.5600000000001,135.603,142.557,2026-01-23 15:59:00,136.27,WEEK_END_CLOSE,-19.670000000000016,-2.020419902214554
FDX,2026-01-16 00:00:00,2026-01-20 00:00:00,0.0083876980428704,4.0,2026-01-20 15:18:00,300.96,56.222608749140406,41.01707537848159,3,902.8799999999999,293.436,308.484,2026-01-21 14:29:00,308.484,TAKE_PROFIT,22.572000000000003,2.499999999999991
CVS,2026-01-20 00:00:00,2026-01-21 00:00:00,0.0230400144848814,3.0,2026-01-21 09:45:00,80.66,55.430334091053794,55.16236642090428,12,967.92,78.64349999999999,82.67649999999999,2026-01-22 15:59:00,82.67649999999999,TAKE_PROFIT,24.197999999999922,2.499999999999991
NOW,2026-01-20 00:00:00,2026-01-21 00:00:00,0.1350791414601806,10.0,2026-01-21 09:45:00,126.143,53.019569116820136,47.30697165703922,7,883.001,122.989425,129.296575,2026-01-23 09:30:00,129.296575,TAKE_PROFIT,22.075024999999926,2.499999999999991
SO,2026-01-20 00:00:00,2026-01-21 00:00:00,0.0883392226148409,6.0,2026-01-21 09:49:00,89.2,56.45371756848331,53.868241529008365,11,981.2,86.97,91.42999999999999,2026-01-23 11:49:00,86.97,STOP_LOSS,-24.530000000000044,-2.500000000000002
CTAS,2026-01-20 00:00:00,2026-01-21 00:00:00,0.0134328358208955,1.0,2026-01-21 09:55:00,194.475,55.89215592900172,54.139064048553145,5,972.375,189.613125,199.33687499999996,2026-01-23 15:59:00,192.9,WEEK_END_CLOSE,-7.874999999999943,-0.8098727342846113
HPE,2026-01-20 00:00:00,2026-01-21 00:00:00,0.0914454277286135,7.0,2026-01-21 09:56:00,20.685,59.044442456780445,58.654577227449515,48,992.8799999999999,20.167875,21.202124999999995,2026-01-22 09:30:00,21.3,TAKE_PROFIT_GAP,29.520000000000095,2.9731689630166924
BSX,2026-01-20 00:00:00,2026-01-21 00:00:00,0.0792264504054897,5.0,2026-01-21 09:57:00,91.305,54.66374476688071,52.29730845840421,10,913.0500000000001,89.02237500000001,93.587625,2026-01-23 15:59:00,92.5,WEEK_END_CLOSE,11.949999999999932,1.308800175236846
CSCO,2026-01-20 00:00:00,2026-01-21 00:00:00,0.1165246387550944,8.0,2026-01-21 10:13:00,74.1129,62.43547311731889,57.32681057687152,13,963.4676999999999,72.2600775,75.96572249999998,2026-01-23 15:59:00,74.58,WEEK_END_CLOSE,6.072300000000027,0.6302546520241536
CDNS,2026-01-20 00:00:00,2026-01-21 00:00:00,0.0539772727272727,4.0,2026-01-21 10:16:00,310.4358,58.152484650734074,56.09151875914977,3,931.3073999999999,302.67490499999997,318.1966949999999,2026-01-23 10:05:00,318.1966949999999,TAKE_PROFIT,23.282684999999844,2.499999999999991
CME,2026-01-21 00:00:00,2026-01-22 00:00:00,0.0543478260869565,5.0,2026-01-22 09:46:00,279.475,49.898135544975005,48.2036986239873,3,838.4250000000001,272.488125,286.461875,2026-01-23 15:59:00,282.73,WEEK_END_CLOSE,9.764999999999986,1.1646837820914246
WMB,2026-01-21 00:00:00,2026-01-22 00:00:00,0.0808823529411764,7.0,2026-01-22 09:48:00,63.63,59.60661416917537,58.11029470315083,15,954.45,62.03925,65.22075,2026-01-23 15:59:00,64.96,WEEK_END_CLOSE,19.949999999999868,2.0902090209020674
VZ,2026-01-21 00:00:00,2026-01-22 00:00:00,0.04297273124363,3.0,2026-01-22 09:49:00,39.36,55.00802611734444,51.259598196019525,25,984.0,38.376,40.343999999999994,2026-01-23 15:59:00,39.52,WEEK_END_CLOSE,4.000000000000092,0.40650406504065817
MDT,2026-01-21 00:00:00,2026-01-22 00:00:00,0.0235294117647058,2.0,2026-01-22 09:58:00,100.73,49.1097066488916,47.98417633628891,9,906.57,98.21175,103.24825,2026-01-23 15:59:00,100.91,WEEK_END_CLOSE,1.6199999999999335,0.17869552268439115
BMY,2026-01-21 00:00:00,2026-01-22 00:00:00,0.1131628787878787,9.0,2026-01-22 09:59:00,55.075,60.42938946269422,55.95368209464615,18,991.35,53.698125000000005,56.451875,2026-01-23 15:59:00,54.645,WEEK_END_CLOSE,-7.739999999999995,-0.7807535179300995
NEE,2026-01-21 00:00:00,2026-01-22 00:00:00,0.1210084033613445,10.0,2026-01-22 10:13:00,83.985,53.51552149519113,51.16862462091673,11,923.835,81.885375,86.08462499999999,2026-01-23 15:59:00,84.81,WEEK_END_CLOSE,9.075000000000031,0.982318271119853
ROST,2026-01-21 00:00:00,2026-01-22 00:00:00,0.0227272727272727,1.0,2026-01-22 10:20:00,190.295,45.53032926299673,45.359218506704146,5,951.4749999999999,185.537625,195.05237499999998,2026-01-23 15:59:00,188.505,WEEK_END_CLOSE,-8.94999999999996,-0.9406447883549163
CVS,2026-01-22 00:00:00,2026-01-23 00:00:00,0.1355648535564853,9.0,2026-01-23 09:47:00,82.765,57.31771869348132,56.49659716112254,12,993.1800000000001,80.695875,84.834125,2026-01-23 15:59:00,83.015,WEEK_END_CLOSE,3.0,0.3020600495378556
FDX,2026-01-22 00:00:00,2026-01-23 00:00:00,0.1126543209876543,6.0,2026-01-23 09:54:00,307.5299,50.160134411019975,43.6358682533513,3,922.5897,299.8416525,315.2181475,2026-01-23 15:59:00,304.04,WEEK_END_CLOSE,-10.469699999999932,-1.1348164845109254
UPS,2026-01-22 00:00:00,2026-01-23 00:00:00,0.0504749487800335,2.0,2026-01-23 09:56:00,108.62,47.14867616178138,45.87216336727037,9,977.58,105.9045,111.3355,2026-01-23 15:59:00,107.94,WEEK_END_CLOSE,-6.120000000000061,-0.6260357208617284
SPGI,2026-01-22 00:00:00,2026-01-23 00:00:00,0.064516129032258,4.0,2026-01-23 09:57:00,537.44,50.70511157544012,50.154037213091186,1,537.44,524.004,550.876,2026-01-23 15:59:00,533.6,WEEK_END_CLOSE,-3.840000000000032,-0.7144983626079293
CMCSA,2026-01-22 00:00:00,2026-01-23 00:00:00,0.0610367892976588,3.0,2026-01-23 10:05:00,28.95,51.624363427235494,51.601552505149016,34,984.3,28.22625,29.67375,2026-01-23 15:59:00,29.32,WEEK_END_CLOSE,12.580000000000034,1.2780656303972293
BRK.B,2026-01-22 00:00:00,2026-01-23 00:00:00,0.1308710033076075,8.0,2026-01-23 10:12:00,481.12,44.656733691274844,43.60149420781072,2,962.24,469.092,493.14799999999997,2026-01-23 15:59:00,479.34,WEEK_END_CLOSE,-3.560000000000059,-0.3699700698370556
CDNS,2026-01-22 00:00:00,2026-01-23 00:00:00,0.0391173520561685,1.0,2026-01-23 10:20:00,317.98,56.73239847088324,52.43124166775754,3,953.94,310.0305,325.9295,2026-01-23 15:59:00,318.24,WEEK_END_CLOSE,0.7799999999999727,0.08176614881438837
SPGI,2026-01-23 00:00:00,2026-01-26 00:00:00,0.005524861878453,1.0,2026-01-26 09:47:00,533.35,51.18146794458442,50.991094504054026,1,533.35,520.01625,546.68375,2026-01-30 15:59:00,527.98,WEEK_END_CLOSE,-5.3700000000000045,-1.0068435361395012
KKR,2026-01-23 00:00:00,2026-01-26 00:00:00,0.0583941605839416,6.0,2026-01-26 09:49:00,121.135,51.42052482008278,51.30004257175279,8,969.08,118.10662500000001,124.16337499999999,2026-01-26 10:54:00,118.10662500000001,STOP_LOSS,-24.226999999999975,-2.500000000000002
BSX,2026-01-23 00:00:00,2026-01-26 00:00:00,0.0747126436781609,9.0,2026-01-26 09:54:00,92.985,64.4194117540456,62.46031436873032,10,929.85,90.660375,95.309625,2026-01-30 15:59:00,93.59,WEEK_END_CLOSE,6.05000000000004,0.6506425767596857
CRH,2026-01-23 00:00:00,2026-01-26 00:00:00,0.0364963503649635,5.0,2026-01-26 09:54:00,123.95,61.62854881218049,59.276243216899715,8,991.6,120.85125,127.04875,2026-01-30 15:59:00,122.43,WEEK_END_CLOSE,-12.159999999999968,-1.2263009277934667
MDLZ,2026-01-23 00:00:00,2026-01-26 00:00:00,0.018348623853211,2.0,2026-01-26 09:54:00,58.715,61.23999896347274,60.73040675554349,17,998.1550000000001,57.247125000000004,60.182874999999996,2026-01-27 15:25:00,60.182874999999996,TAKE_PROFIT,24.95387499999987,2.499999999999991
ABNB,2026-01-23 00:00:00,2026-01-26 00:00:00,0.0837625372729737,10.0,2026-01-26 09:58:00,132.56,51.07471986131748,46.07421604578379,7,927.9200000000001,129.246,135.874,2026-01-30 15:15:00,129.246,STOP_LOSS,-23.19799999999995,-2.499999999999991
GD,2026-01-23 00:00:00,2026-01-26 00:00:00,0.0672268907563025,7.0,2026-01-26 10:02:00,363.4243,52.38377607265524,48.228010429679635,2,726.8486,354.33869250000004,372.5099075,2026-01-28 09:31:00,351.79,STOP_LOSS_GAP,-23.268599999999992,-3.201299417787973
FDX,2026-01-23 00:00:00,2026-01-26 00:00:00,0.0323275862068965,3.0,2026-01-26 10:04:00,302.3775,46.26618110636588,45.68840851292984,3,907.1324999999999,294.8180625,309.9369375,2026-01-27 09:41:00,309.9369375,TAKE_PROFIT,22.678312500000004,2.499999999999991
CI,2026-01-23 00:00:00,2026-01-26 00:00:00,0.0730337078651685,8.0,2026-01-26 10:13:00,277.9,47.538271026502166,47.49652375189303,3,833.6999999999999,270.9525,284.84749999999997,2026-01-27 13:00:00,270.9525,STOP_LOSS,-20.842499999999973,-2.500000000000002
CDNS,2026-01-23 00:00:00,2026-01-26 00:00:00,0.0333642261353104,4.0,2026-01-26 11:03:00,321.95,59.19328343744411,57.43977462858659,3,965.8499999999999,313.90125,329.99875,2026-01-29 09:30:00,313.90125,STOP_LOSS,-24.146249999999952,-2.499999999999991
KKR,2026-01-23 00:00:00,2026-01-26 00:00:00,0.0583941605839416,6.0,2026-01-26 11:06:00,117.505,37.045770979320544,35.905174022360754,8,940.04,114.567375,120.44262499999998,2026-01-29 11:06:00,114.567375,STOP_LOSS,-23.500999999999976,-2.500000000000002
AFL,2026-01-26 00:00:00,2026-01-27 00:00:00,0.0260416666666666,1.0,2026-01-27 09:52:00,108.9799,57.1844225188495,51.63400612319396,9,980.8191,106.2554025,111.70439749999998,2026-01-30 15:59:00,110.97,WEEK_END_CLOSE,17.910899999999984,1.8261165591086037
ORCL,2026-01-26 00:00:00,2026-01-27 00:00:00,0.1738894907908992,9.0,2026-01-27 09:52:00,175.92,35.355368581054876,34.84676965410203,5,879.5999999999999,171.522,180.31799999999998,2026-01-28 09:44:00,180.31799999999998,TAKE_PROFIT,21.98999999999998,2.499999999999991
USB,2026-01-26 00:00:00,2026-01-27 00:00:00,0.0768970189701897,2.0,2026-01-27 10:00:00,56.155,53.93011278632862,48.4596612065549,17,954.635,54.751125,57.55887499999999,2026-01-30 15:59:00,56.12,WEEK_END_CLOSE,-0.5950000000000628,-0.06232748642152064
SO,2026-01-26 00:00:00,2026-01-27 00:00:00,0.1186264308012487,4.0,2026-01-27 10:01:00,88.52,50.01337431879106,48.173137396881394,11,973.7199999999999,86.30699999999999,90.73299999999999,2026-01-30 15:59:00,89.34,WEEK_END_CLOSE,9.020000000000081,0.9263443289652118
APO,2026-01-26 00:00:00,2026-01-27 00:00:00,0.0974899148363962,3.0,2026-01-27 10:07:00,129.86,48.54252570603885,48.13828659917745,7,909.0200000000001,126.61350000000002,133.1065,2026-01-28 14:31:00,133.1065,TAKE_PROFIT,22.725499999999982,2.499999999999991
CME,2026-01-26 00:00:00,2026-01-27 00:00:00,0.1240506329113924,5.0,2026-01-27 10:20:00,283.57,45.55795501205266,45.034468943121176,3,850.71,276.48075,290.65925,2026-01-29 10:16:00,290.65925,TAKE_PROFIT,21.267749999999978,2.499999999999991
ETN,2026-01-26 00:00:00,2026-01-27 00:00:00,0.1856617647058823,10.0,2026-01-27 10:26:00,336.75,60.04584142166738,57.78939328774332,2,673.5,328.33125,345.16875,2026-01-28 09:51:00,345.16875,TAKE_PROFIT,16.837499999999977,2.499999999999991
CI,2026-01-26 00:00:00,2026-01-27 00:00:00,0.155230596175478,8.0,2026-01-27 13:04:00,271.2,44.8627334900674,41.382391339309116,3,813.5999999999999,264.41999999999996,277.97999999999996,2026-01-30 15:59:00,274.09,WEEK_END_CLOSE,8.669999999999959,1.065634218289091
BMY,2026-01-27 00:00:00,2026-01-28 00:00:00,0.1773551525873507,9.0,2026-01-28 09:46:00,55.23,47.06312581959622,44.68760433187579,18,994.14,53.84925,56.61074999999999,2026-01-30 15:59:00,55.05,WEEK_END_CLOSE,-3.239999999999995,-0.32590983161325804
HLT,2026-01-27 00:00:00,2026-01-28 00:00:00,0.1428571428571428,5.0,2026-01-28 09:48:00,297.33,63.16743765202224,60.52367095369151,3,891.99,289.89675,304.76324999999997,2026-01-30 15:59:00,298.52,WEEK_END_CLOSE,3.569999999999993,0.40022870211549044
FTNT,2026-01-27 00:00:00,2026-01-28 00:00:00,0.127565982404692,3.0,2026-01-28 10:01:00,82.335,54.35656400989828,50.77755402252287,12,988.02,80.276625,84.39337499999999,2026-01-29 09:45:00,80.276625,STOP_LOSS,-24.700499999999977,-2.500000000000002
CTAS,2026-01-27 00:00:00,2026-01-28 00:00:00,0.1428571428571428,4.0,2026-01-28 10:02:00,190.398,50.03862876156333,48.65739606794711,5,951.99,185.63805,195.15794999999997,2026-01-30 15:59:00,191.36,WEEK_END_CLOSE,4.8100000000000875,0.505257408166071
HON,2026-01-27 00:00:00,2026-01-28 00:00:00,0.1437019515079834,6.0,2026-01-28 10:20:00,218.96,42.55531982634064,39.57235263252706,4,875.84,213.486,224.434,2026-01-29 09:30:00,224.434,TAKE_PROFIT,21.895999999999958,2.499999999999991
EOG,2026-01-27 00:00:00,2026-01-28 00:00:00,0.1783132530120482,10.0,2026-01-28 10:31:00,110.11,61.44775760149537,59.088987549106264,9,990.99,107.35725,112.86274999999999,2026-01-29 09:30:00,113.83,TAKE_PROFIT_GAP,33.47999999999999,3.3784397420761003
BRK.B,2026-01-27 00:00:00,2026-01-28 00:00:00,0.159723164608495,7.0,2026-01-28 10:52:00,474.91,57.30520061648849,54.267044233092015,2,949.82,463.03725000000003,486.78274999999996,2026-01-30 15:59:00,480.79,WEEK_END_CLOSE,11.759999999999991,1.2381293297677454
FDX,2026-01-28 00:00:00,2026-01-29 00:00:00,0.1039697542533081,3.0,2026-01-29 09:45:00,316.84,50.55097901148799,49.52159464521435,3,950.52,308.919,324.76099999999997,2026-01-30 15:59:00,322.27,WEEK_END_CLOSE,16.29000000000002,1.7137987627824813
CSCO,2026-01-28 00:00:00,2026-01-29 00:00:00,0.1549609810479375,9.0,2026-01-29 09:48:00,79.12,53.26372099581124,52.170967648220355,12,949.44,77.142,81.098,2026-01-30 15:59:00,78.34,WEEK_END_CLOSE,-9.360000000000014,-0.9858442871587436
MAR,2026-01-28 00:00:00,2026-01-29 00:00:00,0.1136363636363636,6.0,2026-01-29 09:49:00,314.98,53.701521538457555,49.54321092085829,3,944.94,307.1055,322.8545,2026-01-30 15:59:00,315.405,WEEK_END_CLOSE,1.2749999999998636,0.13492920185407264
COF,2026-01-28 00:00:00,2026-01-29 00:00:00,0.1549392619757048,8.0,2026-01-29 09:51:00,219.825,44.80177716041519,43.488869385121134,4,879.3,214.32937499999997,225.32062499999998,2026-01-30 15:59:00,219.0,WEEK_END_CLOSE,-3.2999999999999545,-0.3752985329239067
QCOM,2026-01-28 00:00:00,2026-01-29 00:00:00,0.1553358613217768,10.0,2026-01-29 09:54:00,152.4723,51.70908217582494,48.129879322572876,6,914.8337999999999,148.66049249999998,156.28410749999998,2026-01-30 15:59:00,151.59,WEEK_END_CLOSE,-5.293799999999919,-0.5786624849234867
KMI,2026-01-28 00:00:00,2026-01-29 00:00:00,0.039212885254098,2.0,2026-01-29 09:56:00,30.445,59.62582370824185,58.433073142023545,32,974.24,29.683875,31.206124999999997,2026-01-30 15:59:00,30.48,WEEK_END_CLOSE,1.1200000000000045,0.11496140581377379
EOG,2026-01-28 00:00:00,2026-01-29 00:00:00,0.1095890410958904,4.0,2026-01-29 10:47:00,113.045,54.190260527202604,48.748736860889025,8,904.36,110.218875,115.87112499999999,2026-01-30 12:36:00,110.218875,STOP_LOSS,-22.609000000000037,-2.500000000000002
KKR,2026-01-28 00:00:00,2026-01-29 00:00:00,0.1308411214953271,7.0,2026-01-29 11:11:00,114.99,45.38865028200041,38.788912531508736,8,919.92,112.11524999999999,117.86474999999999,2026-01-30 15:59:00,114.27,WEEK_END_CLOSE,-5.759999999999991,-0.626141403600311
WMB,2026-01-28 00:00:00,2026-01-29 00:00:00,0.112,5.0,2026-01-29 11:11:00,67.29,54.2566606543394,44.632308635444446,14,942.0600000000001,65.60775000000001,68.97225,2026-01-30 15:59:00,67.255,WEEK_END_CLOSE,-0.4900000000001512,-0.052013672165274194
ROST,2026-01-29 00:00:00,2026-01-30 00:00:00,0.0247349823321554,1.0,2026-01-30 09:46:00,186.645,52.70848232373469,48.18678602705739,5,933.225,181.97887500000002,191.311125,2026-01-30 15:59:00,188.58,WEEK_END_CLOSE,9.675000000000011,1.036727477296484
UNP,2026-01-29 00:00:00,2026-01-30 00:00:00,0.1908713692946058,9.0,2026-01-30 09:51:00,232.445,54.28197171352325,47.05642942137835,4,929.78,226.633875,238.25612499999997,2026-01-30 15:59:00,235.035,WEEK_END_CLOSE,10.360000000000014,1.1142420787713325
FTNT,2026-01-29 00:00:00,2026-01-30 00:00:00,0.117571533382245,8.0,2026-01-30 10:05:00,80.9,55.07360448453808,53.279183353888165,12,970.8000000000001,78.8775,82.9225,2026-01-30 15:59:00,81.26,WEEK_END_CLOSE,4.319999999999993,0.4449938195302927
SNPS,2026-01-29 00:00:00,2026-01-30 00:00:00,0.0349946977730646,2.0,2026-01-30 10:11:00,468.45,44.80162352010396,43.98305152373305,2,936.9,456.73875,480.16124999999994,2026-01-30 15:59:00,465.24,WEEK_END_CLOSE,-6.419999999999959,-0.6852385526737059
EOG,2026-01-29 00:00:00,2026-01-30 00:00:00,0.0715490243314863,4.0,2026-01-30 12:43:00,110.5,43.242889001971236,38.69846062166477,9,994.5,107.7375,113.26249999999999,2026-01-30 15:59:00,112.13,WEEK_END_CLOSE,14.669999999999959,1.475113122171945
ABNB,2026-01-29 00:00:00,2026-01-30 00:00:00,0.1960297766749379,10.0,2026-01-30 15:18:00,129.48,47.11155911235647,44.32549985414315,7,906.3599999999999,126.24299999999998,132.71699999999998,2026-01-30 15:59:00,129.37,WEEK_END_CLOSE,-0.7699999999998965,-0.08495520543712054
UNP,2026-01-30 00:00:00,2026-02-02 00:00:00,0.0562983814215341,8.0,2026-02-02 09:46:00,234.55,51.067943150224956,49.306260637036964,4,938.2,228.68625,240.41375,2026-02-03 10:19:00,240.41375,TAKE_PROFIT,23.454999999999927,2.499999999999991
CRH,2026-01-30 00:00:00,2026-02-02 00:00:00,0.05,7.0,2026-02-02 09:50:00,122.73,54.09987205030158,50.87020235554735,8,981.84,119.66175,125.79825,2026-02-03 09:46:00,125.79825,TAKE_PROFIT,24.545999999999935,2.499999999999991
FDX,2026-01-30 00:00:00,2026-02-02 00:00:00,0.0193103448275862,2.0,2026-02-02 09:50:00,325.18,59.815720147420606,59.749151284300105,3,975.54,317.0505,333.30949999999996,2026-02-02 15:06:00,333.30949999999996,TAKE_PROFIT,24.38849999999985,2.499999999999991
AFL,2026-01-30 00:00:00,2026-02-02 00:00:00,0.0104166666666666,1.0,2026-02-02 09:53:00,111.35,56.74911237305638,56.35786615486155,8,890.8,108.56625,114.13374999999998,2026-02-04 12:09:00,114.13374999999998,TAKE_PROFIT,22.269999999999868,2.499999999999991
ABBV,2026-01-30 00:00:00,2026-02-02 00:00:00,0.0654088050314465,10.0,2026-02-02 10:01:00,229.475,68.10538136792391,66.12378535472759,4,917.9,223.738125,235.21187499999996,2026-02-03 09:30:00,223.738125,STOP_LOSS,-22.94749999999999,-2.500000000000002
ADI,2026-01-30 00:00:00,2026-02-02 00:00:00,0.0366182014001077,6.0,2026-02-02 10:01:00,312.43,51.29248254657115,49.422316777263106,3,937.29,304.61925,320.24075,2026-02-03 09:31:00,320.24075,TAKE_PROFIT,23.432249999999954,2.499999999999991
KKR,2026-01-30 00:00:00,2026-02-02 00:00:00,0.0308788598574821,3.0,2026-02-02 10:31:00,113.05,43.40143808245925,42.64417287409389,8,904.4,110.22375,115.87624999999998,2026-02-03 09:59:00,110.22375,STOP_LOSS,-22.610000000000014,-2.500000000000002
MDLZ,2026-01-30 00:00:00,2026-02-02 00:00:00,0.0357142857142857,5.0,2026-02-02 10:31:00,58.45,50.750117121111,49.618317274115284,17,993.6500000000001,56.98875,59.911249999999995,2026-02-03 12:59:00,59.911249999999995,TAKE_PROFIT,24.841249999999874,2.499999999999991
SPGI,2026-01-30 00:00:00,2026-02-02 00:00:00,0.0333333333333333,4.0,2026-02-02 10:32:00,525.085,48.90745690030318,43.87541760832269,1,525.085,511.957875,538.212125,2026-02-03 09:30:00,503.0,STOP_LOSS_GAP,-22.085000000000036,-4.2059856975537375
CME,2026-01-30 00:00:00,2026-02-02 00:00:00,0.0588235294117647,9.0,2026-02-02 10:33:00,290.0,57.661382592183216,51.696353725388704,3,870.0,282.75,297.25,2026-02-05 09:32:00,297.25,TAKE_PROFIT,21.75,2.499999999999991
FDX,2026-01-30 00:00:00,2026-02-02 00:00:00,0.0193103448275862,2.0,2026-02-02 15:27:00,333.05,54.623165089166804,54.18623123130104,3,999.1500000000001,324.72375,341.37624999999997,2026-02-03 09:30:00,343.34,TAKE_PROFIT_GAP,30.86999999999989,3.089626182254901
DLR,2026-02-02 00:00:00,2026-02-03 00:00:00,0.1317504485043752,7.0,2026-02-03 09:47:00,165.66,51.04553831674032,50.06367833667479,6,993.96,161.5185,169.80149999999998,2026-02-06 09:30:00,169.80149999999998,TAKE_PROFIT,24.848999999999876,2.499999999999991
AEP,2026-02-02 00:00:00,2026-02-03 00:00:00,0.0603015075376884,3.0,2026-02-03 09:50:00,119.95,57.725732678254715,55.412392791971975,8,959.6,116.95125,122.94874999999999,2026-02-06 15:59:00,120.77,WEEK_END_CLOSE,6.559999999999945,0.6836181742392533
AMT,2026-02-02 00:00:00,2026-02-03 00:00:00,0.0927643784786641,4.0,2026-02-03 09:50:00,173.085,45.4509742006186,41.966774693734195,5,865.4250000000001,168.757875,177.412125,2026-02-04 13:50:00,177.412125,TAKE_PROFIT,21.635624999999976,2.499999999999991
SPGI,2026-02-02 00:00:00,2026-02-03 00:00:00,0.1388953578636857,9.0,2026-02-03 10:00:00,482.5325,38.03594535048494,36.42900591847887,2,965.065,470.46918750000003,494.59581249999997,2026-02-03 11:24:00,470.46918750000003,STOP_LOSS,-24.12662499999999,-2.500000000000002
MCO,2026-02-02 00:00:00,2026-02-03 00:00:00,0.0,1.0,2026-02-03 10:01:00,482.985,36.427879027459255,30.566449286061566,2,965.97,470.910375,495.059625,2026-02-03 11:24:00,470.910375,STOP_LOSS,-24.149250000000052,-2.500000000000002
ITW,2026-02-02 00:00:00,2026-02-03 00:00:00,0.15625,10.0,2026-02-03 10:05:00,273.97,60.05290576131063,59.551814198216405,3,821.9100000000001,267.12075000000004,280.81925,2026-02-03 10:27:00,280.81925,TAKE_PROFIT,20.54774999999995,2.499999999999991
FDX,2026-02-02 00:00:00,2026-02-03 00:00:00,0.1377066867574237,8.0,2026-02-03 10:19:00,352.995,67.19041023436873,66.07128488440846,2,705.99,344.170125,361.81987499999997,2026-02-04 09:45:00,361.82,TAKE_PROFIT_GAP,17.649999999999977,2.5000354112664436
ICE,2026-02-02 00:00:00,2026-02-03 00:00:00,0.0081355932203389,2.0,2026-02-03 10:30:00,162.825,22.075102355612486,20.796680533530008,6,976.9499999999999,158.75437499999998,166.89562499999997,2026-02-05 09:30:00,168.68,TAKE_PROFIT_GAP,35.13000000000011,3.595885152771383
ROST,2026-02-02 00:00:00,2026-02-03 00:00:00,0.1220819081182554,6.0,2026-02-03 10:31:00,193.19,58.097968036404346,58.089351336086594,5,965.95,188.36024999999998,198.01975,2026-02-04 14:16:00,188.36024999999998,STOP_LOSS,-24.148750000000092,-2.5000000000000133
TT,2026-02-02 00:00:00,2026-02-03 00:00:00,0.1130952380952381,5.0,2026-02-03 10:36:00,432.63,60.72351561284034,58.718392202085205,2,865.26,421.81424999999996,443.44575,2026-02-04 09:32:00,443.44575,TAKE_PROFIT,21.63149999999996,2.499999999999991
ITW,2026-02-02 00:00:00,2026-02-03 00:00:00,0.15625,10.0,2026-02-03 10:55:00,280.66,64.08305893566825,63.97981124650281,3,841.98,273.6435,287.6765,2026-02-04 09:47:00,287.6765,TAKE_PROFIT,21.049499999999853,2.499999999999991
MCO,2026-02-02 00:00:00,2026-02-03 00:00:00,0.0,1.0,2026-02-03 11:26:00,472.4253,39.7827139339311,39.39573224517853,2,944.8506,460.6146675,484.23593249999993,2026-02-04 09:32:00,460.6146675,STOP_LOSS,-23.621264999999994,-2.500000000000002
SPGI,2026-02-02 00:00:00,2026-02-03 00:00:00,0.1388953578636857,9.0,2026-02-03 11:29:00,473.09,42.715511370063275,39.057422891512545,2,946.18,461.26275,484.9172499999999,2026-02-04 09:30:00,461.26275,STOP_LOSS,-23.654499999999985,-2.500000000000002
MO,2026-02-03 00:00:00,2026-02-04 00:00:00,0.1257192146389558,9.0,2026-02-04 09:51:00,64.76,59.32863014993885,57.66624099270985,15,971.4000000000001,63.141000000000005,66.379,2026-02-06 15:59:00,65.4,WEEK_END_CLOSE,9.600000000000009,0.9882643607164843
RSG,2026-02-03 00:00:00,2026-02-04 00:00:00,0.0444444444444444,1.0,2026-02-04 09:52:00,213.47,49.400843846142585,44.51762889231048,4,853.88,208.13325,218.80675,2026-02-04 12:38:00,218.81,TAKE_PROFIT_GAP,21.360000000000014,2.5015224621726784
PG,2026-02-03 00:00:00,2026-02-04 00:00:00,0.117076877537586,8.0,2026-02-04 09:56:00,157.2094,59.65292020471987,58.451450765021846,6,943.2564,153.27916499999998,161.13963499999997,2026-02-06 15:59:00,159.18,WEEK_END_CLOSE,11.823600000000113,1.2534873868865537
CTAS,2026-02-03 00:00:00,2026-02-04 00:00:00,0.056198347107438,2.0,2026-02-04 09:58:00,191.09,54.36151091565522,52.018445140588156,5,955.45,186.31275,195.86724999999998,2026-02-05 09:33:00,195.86724999999998,TAKE_PROFIT,23.886249999999905,2.499999999999991
FDX,2026-02-03 00:00:00,2026-02-04 00:00:00,0.0779551300643111,6.0,2026-02-04 09:59:00,362.91,64.43222423376633,61.002849197905675,2,725.82,353.83725000000004,371.98275,2026-02-06 15:59:00,369.15,WEEK_END_CLOSE,12.479999999999905,1.7194345705546787
SHW,2026-02-03 00:00:00,2026-02-04 00:00:00,0.0774647887323943,5.0,2026-02-04 10:00:00,368.605,60.94388853702715,58.39428698579476,2,737.21,359.389875,377.82012499999996,2026-02-06 15:59:00,361.93,WEEK_END_CLOSE,-13.350000000000023,-1.8108815669890532
ITW,2026-02-03 00:00:00,2026-02-04 00:00:00,0.1293588301462317,10.0,2026-02-04 10:05:00,288.62,63.17912308609487,62.85496349665743,3,865.86,281.4045,295.83549999999997,2026-02-06 15:59:00,293.715,WEEK_END_CLOSE,15.284999999999911,1.7652969302196508
APD,2026-02-03 00:00:00,2026-02-04 00:00:00,0.0962566844919786,7.0,2026-02-04 10:21:00,286.155,69.72830887453858,69.14699385556438,3,858.4649999999999,279.00112499999994,293.30887499999994,2026-02-06 15:59:00,283.07,WEEK_END_CLOSE,-9.254999999999939,-1.0780870507242524
CSX,2026-02-03 00:00:00,2026-02-04 00:00:00,0.060410162228344,3.0,2026-02-04 10:26:00,39.81,61.87263095268273,61.86164033586013,25,995.25,38.814750000000004,40.80525,2026-02-06 15:59:00,40.58,WEEK_END_CLOSE,19.2499999999999,1.9341873901029816
TEL,2026-02-03 00:00:00,2026-02-04 00:00:00,0.0714285714285714,4.0,2026-02-04 10:38:00,222.13,51.693120304549524,42.89926104629455,4,888.52,216.57675,227.68325,2026-02-04 12:27:00,216.57675,STOP_LOSS,-22.212999999999965,-2.499999999999991
TEL,2026-02-03 00:00:00,2026-02-04 00:00:00,0.0714285714285714,4.0,2026-02-04 12:55:00,216.025,49.77007024144103,33.19344442793876,4,864.1,210.62437500000001,221.425625,2026-02-05 09:32:00,210.62437500000001,STOP_LOSS,-21.602499999999964,-2.499999999999991
RSG,2026-02-03 00:00:00,2026-02-04 00:00:00,0.0444444444444444,1.0,2026-02-04 13:05:00,219.77,68.42860192638555,66.12012450585577,4,879.08,214.27575000000002,225.26425,2026-02-06 15:59:00,219.84,WEEK_END_CLOSE,0.2799999999999727,0.0318514810938586
AMT,2026-02-04 00:00:00,2026-02-05 00:00:00,0.0333333333333333,4.0,2026-02-05 09:46:00,171.565,41.6293268452855,39.84117583069803,5,857.825,167.27587499999998,175.85412499999998,2026-02-06 15:59:00,171.26,WEEK_END_CLOSE,-1.525000000000034,-0.1777751872468203
AJG,2026-02-04 00:00:00,2026-02-05 00:00:00,0.0359712230215827,5.0,2026-02-05 09:47:00,249.2225,44.708514741711355,41.96424771887444,4,996.89,242.99193749999998,255.4530625,2026-02-05 14:40:00,242.99193749999998,STOP_LOSS,-24.922250000000076,-2.500000000000002
NSC,2026-02-04 00:00:00,2026-02-05 00:00:00,0.0884803921568627,7.0,2026-02-05 09:53:00,307.04,50.82499947971458,50.48477918108984,3,921.1200000000001,299.36400000000003,314.716,2026-02-06 15:59:00,306.41,WEEK_END_CLOSE,-1.8899999999999864,-0.205184992183427
CMCSA,2026-02-04 00:00:00,2026-02-05 00:00:00,0.1054232677420127,8.0,2026-02-05 09:55:00,30.47,47.41948606776223,42.71890630123087,32,975.04,29.70825,31.231749999999995,2026-02-06 12:06:00,31.231749999999995,TAKE_PROFIT,24.375999999999863,2.499999999999991
WELL,2026-02-04 00:00:00,2026-02-05 00:00:00,0.1428571428571428,9.0,2026-02-05 09:55:00,187.96,58.044297601907964,51.98069191899871,5,939.8000000000001,183.261,192.659,2026-02-06 09:30:00,192.91,TAKE_PROFIT_GAP,24.749999999999943,2.6335390508618772
ADP,2026-02-04 00:00:00,2026-02-05 00:00:00,0.1453861556704029,10.0,2026-02-05 09:58:00,234.69,42.4248452297338,41.712017331848635,4,938.76,228.82274999999998,240.55724999999998,2026-02-06 15:59:00,231.34,WEEK_END_CLOSE,-13.399999999999977,-1.427414887724232
SPGI,2026-02-04 00:00:00,2026-02-05 00:00:00,0.0256703224640832,3.0,2026-02-05 10:02:00,459.2325,42.84180606897783,41.89705970108137,2,918.465,447.7516875,470.7133125,2026-02-05 12:54:00,447.7516875,STOP_LOSS,-22.961625000000026,-2.500000000000002
SPGI,2026-02-04 00:00:00,2026-02-05 00:00:00,0.0256703224640832,3.0,2026-02-05 13:19:00,448.815,50.36863596825226,46.848550134753964,2,897.63,437.594625,460.03537499999993,2026-02-06 09:32:00,460.03537499999993,TAKE_PROFIT,22.440749999999866,2.499999999999991
AJG,2026-02-04 00:00:00,2026-02-05 00:00:00,0.0359712230215827,5.0,2026-02-05 14:47:00,243.075,42.068335472075184,41.3749405650103,4,972.3,236.998125,249.15187499999996,2026-02-06 15:59:00,241.48,WEEK_END_CLOSE,-6.3799999999999955,-0.6561760773423853
ELV,2026-02-05 00:00:00,2026-02-06 00:00:00,0.049966239027684,5.0,2026-02-06 09:47:00,329.89,43.42166945653359,42.93668674793954,3,989.67,321.64275,338.13724999999994,2026-02-06 13:50:00,338.13724999999994,TAKE_PROFIT,24.741749999999854,2.499999999999991
CTAS,2026-02-05 00:00:00,2026-02-06 00:00:00,0.0625,7.0,2026-02-06 09:48:00,194.95,45.58668142604954,41.67977725641276,5,974.75,190.07625,199.82374999999996,2026-02-06 15:59:00,195.82,WEEK_END_CLOSE,4.350000000000023,0.4462682739163837
PCAR,2026-02-05 00:00:00,2026-02-06 00:00:00,0.057391304347826,6.0,2026-02-06 09:48:00,127.12,43.579526307701116,42.562808904687394,7,889.84,123.94200000000001,130.298,2026-02-06 15:59:00,127.31,WEEK_END_CLOSE,1.329999999999984,0.14946507237256768
AON,2026-02-05 00:00:00,2026-02-06 00:00:00,0.0,1.0,2026-02-06 09:55:00,342.09,43.11931922545749,37.43362082577894,2,684.18,333.53774999999996,350.64224999999993,2026-02-06 15:59:00,342.01,WEEK_END_CLOSE,-0.15999999999996817,-0.023385658744767834
TMO,2026-02-05 00:00:00,2026-02-06 00:00:00,0.0850044682752457,10.0,2026-02-06 09:58:00,538.91,41.32334653309248,40.21475795274583,1,538.91,525.43725,552.3827499999999,2026-02-06 15:59:00,542.8,WEEK_END_CLOSE,3.8899999999999864,0.7218273923289553
TMUS,2026-02-05 00:00:00,2026-02-06 00:00:00,0.0271159343553815,4.0,2026-02-06 10:00:00,200.065,46.23598911490007,45.53002479384321,4,800.26,195.06337499999998,205.066625,2026-02-06 15:59:00,197.35,WEEK_END_CLOSE,-10.860000000000014,-1.357058955839352
CDNS,2026-02-05 00:00:00,2026-02-06 00:00:00,0.0767938087341072,8.0,2026-02-06 10:11:00,277.255,56.16981133795917,53.5666015185025,3,831.765,270.323625,284.186375,2026-02-06 13:00:00,284.186375,TAKE_PROFIT,20.794125000000008,2.499999999999991
CDNS,2026-02-05 00:00:00,2026-02-06 00:00:00,0.0767938087341072,8.0,2026-02-06 13:05:00,283.8579,60.0217654405872,59.24462624766034,3,851.5736999999999,276.76145249999996,290.9543474999999,2026-02-06 15:59:00,283.4,WEEK_END_CLOSE,-1.3736999999999853,-0.16131310772045104
ELV,2026-02-05 00:00:00,2026-02-06 00:00:00,0.049966239027684,5.0,2026-02-06 13:55:00,337.75,65.5476676354387,65.46849282418675,2,675.5,329.30625,346.19374999999997,2026-02-06 15:59:00,338.95,WEEK_END_CLOSE,2.3999999999999773,0.3552923760177684
KMI,2026-02-06 00:00:00,2026-02-09 00:00:00,0.0247245023429451,1.0,2026-02-09 09:53:00,30.555,52.3590460223491,51.976570566791786,32,977.76,29.791124999999997,31.318875,2026-02-10 09:31:00,31.318875,TAKE_PROFIT,24.44399999999996,2.499999999999991
AMT,2026-02-06 00:00:00,2026-02-09 00:00:00,0.0608537693006357,6.0,2026-02-09 09:57:00,170.16,51.70633605293436,50.85827846397872,5,850.8,165.906,174.414,2026-02-10 09:30:00,174.414,TAKE_PROFIT,21.269999999999953,2.499999999999991
MMM,2026-02-06 00:00:00,2026-02-09 00:00:00,0.1635948632206117,9.0,2026-02-09 09:57:00,169.84,44.775303493918564,43.07216884454195,5,849.2,165.594,174.08599999999998,2026-02-11 09:30:00,174.08599999999998,TAKE_PROFIT,21.229999999999905,2.499999999999991
MRSH,2026-02-06 00:00:00,2026-02-09 00:00:00,0.0333333333333333,2.0,2026-02-09 09:57:00,182.92,44.7017931171936,44.262626959175144,5,914.5999999999999,178.34699999999998,187.49299999999997,2026-02-09 11:38:00,178.34699999999998,STOP_LOSS,-22.865000000000038,-2.500000000000002
UPS,2026-02-06 00:00:00,2026-02-09 00:00:00,0.0813442294287998,7.0,2026-02-09 09:57:00,116.685,57.27339272213476,51.48806774358911,8,933.48,113.767875,119.60212499999999,2026-02-11 09:30:00,119.7,TAKE_PROFIT_GAP,24.120000000000005,2.5838796760509153
SO,2026-02-06 00:00:00,2026-02-09 00:00:00,0.0474983811672306,5.0,2026-02-09 09:59:00,89.38,46.3597922699054,45.315676489778035,11,983.18,87.1455,91.61449999999999,2026-02-12 09:34:00,91.61449999999999,TAKE_PROFIT,24.579499999999967,2.499999999999991
PCAR,2026-02-06 00:00:00,2026-02-09 00:00:00,0.0430686406460296,4.0,2026-02-09 10:00:00,125.93,48.31309734335632,42.97812089853868,7,881.51,122.78175,129.07825,2026-02-11 09:59:00,129.07825,TAKE_PROFIT,22.03774999999993,2.499999999999991
FDX,2026-02-06 00:00:00,2026-02-09 00:00:00,0.0347893807227927,3.0,2026-02-09 10:06:00,365.0,44.09047782208937,43.55962432956092,2,730.0,355.875,374.12499999999994,2026-02-11 09:41:00,374.12499999999994,TAKE_PROFIT,18.249999999999886,2.499999999999991
ADP,2026-02-06 00:00:00,2026-02-09 00:00:00,0.1127354595835199,8.0,2026-02-09 10:21:00,226.13,40.65200604486882,40.62065111377149,4,904.52,220.47674999999998,231.78324999999998,2026-02-11 10:46:00,220.47674999999998,STOP_LOSS,-22.613000000000056,-2.500000000000002
CDNS,2026-02-06 00:00:00,2026-02-09 00:00:00,0.1728187919463087,10.0,2026-02-09 10:28:00,284.63,55.01071271262124,51.11214242646648,3,853.89,277.51425,291.74575,2026-02-09 14:35:00,291.74575,TAKE_PROFIT,21.347249999999974,2.499999999999991
MRSH,2026-02-06 00:00:00,2026-02-09 00:00:00,0.0333333333333333,2.0,2026-02-09 12:18:00,176.985,30.838083166076103,29.331778330576363,5,884.9250000000001,172.56037500000002,181.409625,2026-02-09 14:26:00,172.56037500000002,STOP_LOSS,-22.12312499999996,-2.499999999999991
MRSH,2026-02-06 00:00:00,2026-02-09 00:00:00,0.0333333333333333,2.0,2026-02-09 14:33:00,172.06,34.021309306960816,26.728117889701938,5,860.3,167.7585,176.36149999999998,2026-02-10 09:39:00,176.36149999999998,TAKE_PROFIT,21.50749999999988,2.499999999999991
TT,2026-02-09 00:00:00,2026-02-10 00:00:00,0.1372549019607843,7.0,2026-02-10 09:47:00,460.825,45.28046096875632,44.46572261270673,2,921.65,449.304375,472.3456249999999,2026-02-11 14:55:00,472.3456249999999,TAKE_PROFIT,23.041249999999877,2.499999999999991
ICE,2026-02-09 00:00:00,2026-02-10 00:00:00,0.1052631578947368,5.0,2026-02-10 09:48:00,166.075,49.08224357290154,42.436076701732624,6,996.4499999999999,161.923125,170.22687499999998,2026-02-11 09:54:00,161.91,STOP_LOSS_GAP,-24.989999999999952,-2.5079030558482596
MCO,2026-02-09 00:00:00,2026-02-10 00:00:00,0.1409395973154362,8.0,2026-02-10 09:48:00,420.185,42.778068757029864,42.55055734965658,2,840.37,409.68037499999997,430.689625,2026-02-12 10:40:00,409.6,STOP_LOSS_GAP,-21.16999999999996,-2.51912847912229
QCOM,2026-02-09 00:00:00,2026-02-10 00:00:00,0.2273303874251279,10.0,2026-02-10 09:50:00,138.375,42.12682526637828,41.02365370433099,7,968.625,134.915625,141.834375,2026-02-11 11:13:00,141.88,TAKE_PROFIT_GAP,24.534999999999968,2.5329719963866237
ABT,2026-02-09 00:00:00,2026-02-10 00:00:00,0.0923772638103211,4.0,2026-02-10 09:51:00,112.235,60.56836469237889,59.849633736683714,8,897.88,109.429125,115.04087499999999,2026-02-13 15:59:00,112.61,WEEK_END_CLOSE,3.0,0.33412037243283343
KMI,2026-02-09 00:00:00,2026-02-10 00:00:00,0.1075754471516881,6.0,2026-02-10 10:19:00,31.135,49.33838250284611,48.87761351439733,32,996.32,30.356625,31.913375,2026-02-12 09:54:00,31.913375,TAKE_PROFIT,24.9079999999999,2.499999999999991
RSG,2026-02-09 00:00:00,2026-02-10 00:00:00,0.0579710144927536,1.0,2026-02-10 10:24:00,224.08,56.06089649599289,54.954220684224055,4,896.32,218.478,229.682,2026-02-13 15:59:00,223.12,WEEK_END_CLOSE,-3.840000000000032,-0.4284184219921494
SYK,2026-02-09 00:00:00,2026-02-10 00:00:00,0.1900826446280991,9.0,2026-02-10 10:26:00,367.035,67.08781295675489,64.5317153313703,2,734.07,357.859125,376.210875,2026-02-11 09:31:00,357.859125,STOP_LOSS,-18.351750000000038,-2.500000000000002
SPG,2026-02-09 00:00:00,2026-02-10 00:00:00,0.0754516471838469,2.0,2026-02-10 10:51:00,195.66,41.19620713228642,40.94304618739862,5,978.3,190.7685,200.55149999999998,2026-02-13 15:59:00,196.83,WEEK_END_CLOSE,5.85000000000008,0.5979760809567747
CSX,2026-02-10 00:00:00,2026-02-11 00:00:00,0.0406546259216455,2.0,2026-02-11 09:51:00,41.28,51.89839096686915,46.23087559708356,24,990.72,40.248,42.312,2026-02-13 09:30:00,40.22,STOP_LOSS_GAP,-25.440000000000055,-2.5678294573643456
MDT,2026-02-10 00:00:00,2026-02-11 00:00:00,0.1446262333762333,8.0,2026-02-11 09:54:00,99.09,31.970196727957585,31.29757480129484,10,990.9000000000001,96.61275,101.56725,2026-02-12 09:30:00,101.56725,TAKE_PROFIT,24.77249999999998,2.499999999999991
ELV,2026-02-10 00:00:00,2026-02-11 00:00:00,0.09375,5.0,2026-02-11 10:04:00,327.85,53.981957046296806,46.801949240181784,3,983.5500000000001,319.65375,336.04625,2026-02-12 09:57:00,336.04625,TAKE_PROFIT,24.58874999999989,2.499999999999991
NEE,2026-02-10 00:00:00,2026-02-11 00:00:00,0.0969282294484866,6.0,2026-02-11 10:11:00,90.59,39.95214610327363,36.2327309282828,11,996.49,88.32525,92.85475,2026-02-12 10:42:00,92.85475,TAKE_PROFIT,24.912249999999915,2.499999999999991
ALL,2026-02-10 00:00:00,2026-02-11 00:00:00,0.1736334405144694,10.0,2026-02-11 10:13:00,199.5,53.95858630486836,50.71938840654128,5,997.5,194.5125,204.48749999999998,2026-02-11 12:57:00,204.595,TAKE_PROFIT_GAP,25.474999999999994,2.5538847117794417
ITW,2026-02-10 00:00:00,2026-02-11 00:00:00,0.0237154150197628,1.0,2026-02-11 10:13:00,297.17,51.27184502977169,50.921650136343146,3,891.51,289.74075,304.59925,2026-02-13 15:59:00,299.55,WEEK_END_CLOSE,7.139999999999986,0.8008883803883204
PCAR,2026-02-10 00:00:00,2026-02-11 00:00:00,0.0408163265306122,3.0,2026-02-11 10:15:00,128.955,57.069400059892295,56.039275149873475,7,902.6850000000001,125.731125,132.178875,2026-02-12 12:01:00,125.731125,STOP_LOSS,-22.567125000000047,-2.500000000000002
BSX,2026-02-10 00:00:00,2026-02-11 00:00:00,0.1508938961176346,9.0,2026-02-11 10:25:00,72.945,40.51804920963331,39.017795627559636,13,948.2849999999999,71.12137499999999,74.76862499999999,2026-02-12 11:04:00,74.76862499999999,TAKE_PROFIT,23.707124999999905,2.499999999999991
ALL,2026-02-10 00:00:00,2026-02-11 00:00:00,0.1736334405144694,10.0,2026-02-11 13:38:00,204.955,68.44815902219075,65.53188583714929,4,819.82,199.83112500000001,210.07887499999998,2026-02-13 15:59:00,207.5,WEEK_END_CLOSE,10.17999999999995,1.2417359908272418
NSC,2026-02-11 00:00:00,2026-02-12 00:00:00,0.0979020979020978,9.0,2026-02-12 09:47:00,319.47,59.25627456672124,57.042367891031226,3,958.4100000000001,311.48325,327.45675,2026-02-13 15:59:00,315.16,WEEK_END_CLOSE,-12.930000000000007,-1.3491094625473488
SPGI,2026-02-11 00:00:00,2026-02-12 00:00:00,0.0787181543396459,7.0,2026-02-12 09:47:00,391.255,46.387165056135274,45.93405930416335,2,782.51,381.47362499999997,401.03637499999996,2026-02-13 09:30:00,401.03637499999996,TAKE_PROFIT,19.562749999999937,2.499999999999991
CMCSA,2026-02-11 00:00:00,2026-02-12 00:00:00,0.0133418794655282,2.0,2026-02-12 09:48:00,32.76,58.09716731852622,56.636449053833374,30,982.8,31.941,33.57899999999999,2026-02-12 13:28:00,31.941,STOP_LOSS,-24.569999999999972,-2.500000000000002
ICE,2026-02-11 00:00:00,2026-02-12 00:00:00,0.0750670241286863,6.0,2026-02-12 09:48:00,148.645,36.55575242265504,33.23257388557532,6,891.8700000000001,144.928875,152.361125,2026-02-12 11:09:00,144.928875,STOP_LOSS,-22.29675000000003,-2.500000000000002
KMI,2026-02-11 00:00:00,2026-02-12 00:00:00,0.0663774070485623,4.0,2026-02-12 10:05:00,31.765,52.60200520335904,47.90371678517134,31,984.715,30.970875,32.559124999999995,2026-02-13 15:59:00,32.32,WEEK_END_CLOSE,17.20499999999999,1.7472060443884718
FDX,2026-02-11 00:00:00,2026-02-12 00:00:00,0.1196815181391016,10.0,2026-02-12 10:08:00,379.045,61.958564515572654,56.83495899498064,2,758.09,369.568875,388.521125,2026-02-12 10:49:00,369.568875,STOP_LOSS,-18.95225000000005,-2.500000000000002
ELV,2026-02-11 00:00:00,2026-02-12 00:00:00,0.0556792873051225,3.0,2026-02-12 10:50:00,343.2575,68.98448771389215,67.33816735645246,2,686.515,334.6760625,351.8389375,2026-02-13 09:30:00,334.6760625,STOP_LOSS,-17.162874999999985,-2.500000000000002
FDX,2026-02-11 00:00:00,2026-02-12 00:00:00,0.1196815181391016,10.0,2026-02-12 10:59:00,374.54,53.87918317921809,52.009569728703276,2,749.08,365.17650000000003,383.9035,2026-02-12 11:54:00,365.17650000000003,STOP_LOSS,-18.726999999999975,-2.499999999999991
ICE,2026-02-11 00:00:00,2026-02-12 00:00:00,0.0750670241286863,6.0,2026-02-12 11:23:00,144.74,40.03946072292913,35.46974184839811,6,868.44,141.1215,148.3585,2026-02-12 13:34:00,148.3585,TAKE_PROFIT,21.7109999999999,2.499999999999991
FDX,2026-02-11 00:00:00,2026-02-12 00:00:00,0.1196815181391016,10.0,2026-02-12 11:57:00,366.31,45.14930665219353,41.549007802709376,2,732.62,357.15225,375.46774999999997,2026-02-13 11:42:00,375.46774999999997,TAKE_PROFIT,18.31549999999993,2.499999999999991
PCAR,2026-02-11 00:00:00,2026-02-12 00:00:00,0.0676470588235294,5.0,2026-02-12 12:32:00,125.17,35.004136176555946,32.90814770223439,7,876.19,122.04075,128.29925,2026-02-13 15:59:00,127.02,WEEK_END_CLOSE,12.94999999999996,1.4779899336901714
CMCSA,2026-02-11 00:00:00,2026-02-12 00:00:00,0.0133418794655282,2.0,2026-02-12 13:29:00,32.04,46.12354350509092,43.36478020339049,31,993.24,31.238999999999997,32.840999999999994,2026-02-13 09:48:00,31.238999999999997,STOP_LOSS,-24.83100000000006,-2.500000000000002
ICE,2026-02-11 00:00:00,2026-02-12 00:00:00,0.0750670241286863,6.0,2026-02-12 13:49:00,148.54,57.3720372290743,57.10968517834086,6,891.24,144.82649999999998,152.25349999999997,2026-02-13 09:31:00,152.25349999999997,TAKE_PROFIT,22.280999999999892,2.499999999999991
ETN,2026-02-12 00:00:00,2026-02-13 00:00:00,0.1471399590980594,10.0,2026-02-13 09:45:00,388.47,47.692949012706464,44.167323780365486,2,776.94,378.75825000000003,398.18174999999997,2026-02-13 15:59:00,389.11,WEEK_END_CLOSE,1.2799999999999727,0.1647488866579172
AFL,2026-02-12 00:00:00,2026-02-13 00:00:00,0.0567667626491155,2.0,2026-02-13 09:46:00,115.22,43.815022475005314,39.01095984267455,8,921.76,112.3395,118.10049999999998,2026-02-13 15:59:00,114.9,WEEK_END_CLOSE,-2.5599999999999454,-0.2777295608401231
MO,2026-02-12 00:00:00,2026-02-13 00:00:00,0.1259247166797829,8.0,2026-02-13 09:50:00,66.65,46.5299793248566,42.60797711049944,15,999.7500000000001,64.98375,68.31625,2026-02-13 15:59:00,67.23,WEEK_END_CLOSE,8.699999999999974,0.870217554388586
CMI,2026-02-12 00:00:00,2026-02-13 00:00:00,0.144,9.0,2026-02-13 09:51:00,592.26,53.662379165476835,53.37987158022418,1,592.26,577.4535,607.0664999999999,2026-02-13 10:39:00,607.0664999999999,TAKE_PROFIT,14.806499999999915,2.499999999999991
SO,2026-02-12 00:00:00,2026-02-13 00:00:00,0.0919549658552591,5.0,2026-02-13 09:51:00,93.2,59.05863420612231,57.80480786302113,10,932.0,90.87,95.53,2026-02-13 15:59:00,94.945,WEEK_END_CLOSE,17.449999999999903,1.8723175965665195
CSX,2026-02-12 00:00:00,2026-02-13 00:00:00,0.0865565190272476,4.0,2026-02-13 11:01:00,40.78,60.44691515987043,57.89673160205804,24,978.72,39.7605,41.799499999999995,2026-02-13 15:59:00,40.87,WEEK_END_CLOSE,2.1599999999999113,0.2206964198136152
ROST,2026-02-12 00:00:00,2026-02-13 00:00:00,0.0568446475881839,3.0,2026-02-13 11:14:00,196.0,64.29365584010145,60.333189713211,5,980.0,191.1,200.89999999999998,2026-02-13 15:59:00,196.52,WEEK_END_CLOSE,2.600000000000051,0.2653061224489939
CMI,2026-02-12 00:00:00,2026-02-13 00:00:00,0.144,9.0,2026-02-13 11:41:00,603.86,54.22952696908121,53.08460418304978,1,603.86,588.7635,618.9565,2026-02-13 15:59:00,601.0,WEEK_END_CLOSE,-2.8600000000000136,-0.47361971317855245
DLR,2026-02-13 00:00:00,2026-02-17 00:00:00,0.093311758360302,6.0,2026-02-17 09:45:00,181.075,50.88312067057375,50.80971509987023,5,905.375,176.548125,185.60187499999998,2026-02-18 10:27:00,176.548125,STOP_LOSS,-22.63437499999995,-2.499999999999991
KKR,2026-02-13 00:00:00,2026-02-17 00:00:00,0.0695584315375982,5.0,2026-02-17 09:45:00,102.095,50.958024963615884,47.06751061850156,9,918.855,99.542625,104.647375,2026-02-18 10:12:00,104.647375,TAKE_PROFIT,22.97137499999998,2.499999999999991
BMY,2026-02-13 00:00:00,2026-02-17 00:00:00,0.0643040182442973,4.0,2026-02-17 09:46:00,60.74,51.246293711736264,47.76614672955115,16,971.84,59.2215,62.2585,2026-02-20 15:59:00,60.68,WEEK_END_CLOSE,-0.9600000000000364,-0.09878169245967072
SNPS,2026-02-13 00:00:00,2026-02-17 00:00:00,0.1363651024028382,10.0,2026-02-17 09:49:00,423.18,43.28733636143033,42.76875267364919,2,846.36,412.6005,433.75949999999995,2026-02-17 10:11:00,412.6005,STOP_LOSS,-21.158999999999992,-2.500000000000002
FDX,2026-02-13 00:00:00,2026-02-17 00:00:00,0.105123325867959,8.0,2026-02-17 09:56:00,378.33,52.06197381386613,46.96605247653266,2,756.66,368.87174999999996,387.78824999999995,2026-02-20 10:01:00,387.78824999999995,TAKE_PROFIT,18.916499999999928,2.499999999999991
PCAR,2026-02-13 00:00:00,2026-02-17 00:00:00,0.0558659217877094,3.0,2026-02-17 09:56:00,126.965,49.73821723217486,49.52889355649576,7,888.755,123.790875,130.13912499999998,2026-02-20 15:59:00,128.45,WEEK_END_CLOSE,10.394999999999897,1.1696136730594997
WMB,2026-02-13 00:00:00,2026-02-17 00:00:00,0.0975108707428741,7.0,2026-02-17 10:12:00,71.8801,47.36029850315953,46.9209410670172,13,934.4413,70.0830975,73.67710249999999,2026-02-20 15:59:00,72.975,WEEK_END_CLOSE,14.233699999999942,1.523231047257867
SNPS,2026-02-13 00:00:00,2026-02-17 00:00:00,0.1363651024028382,10.0,2026-02-17 10:16:00,415.83,47.167251851053685,38.89262679358366,2,831.66,405.43424999999996,426.22574999999995,2026-02-18 09:30:00,438.36,TAKE_PROFIT_GAP,45.06000000000006,5.418079503643325
MDLZ,2026-02-13 00:00:00,2026-02-17 00:00:00,0.0344935385157299,2.0,2026-02-17 10:20:00,60.36,33.60101314307356,29.601606763090462,16,965.76,58.851,61.86899999999999,2026-02-19 10:41:00,58.851,STOP_LOSS,-24.144000000000005,-2.500000000000002
MO,2026-02-13 00:00:00,2026-02-17 00:00:00,0.1230577215871333,9.0,2026-02-17 10:20:00,67.04,47.409693880265,46.76290946676344,14,938.5600000000001,65.364,68.716,2026-02-20 15:59:00,67.57,WEEK_END_CLOSE,7.419999999999817,0.7905727923627426
AFL,2026-02-13 00:00:00,2026-02-17 00:00:00,0.0209553749360759,1.0,2026-02-17 10:58:00,114.955,41.73944068229764,41.1179531210976,8,919.64,112.081125,117.82887499999998,2026-02-20 15:59:00,114.03,WEEK_END_CLOSE,-7.399999999999977,-0.8046626940976909
APD,2026-02-17 00:00:00,2026-02-18 00:00:00,0.144927536231884,10.0,2026-02-18 09:48:00,279.8526,53.130189641986206,51.8854003745067,3,839.5578,272.856285,286.848915,2026-02-20 15:59:00,281.27,WEEK_END_CLOSE,4.252199999999959,0.5064809117371061
BSX,2026-02-17 00:00:00,2026-02-18 00:00:00,0.0702970297029703,5.0,2026-02-18 09:49:00,75.88,52.502804502978734,47.26831331225699,13,986.4399999999999,73.98299999999999,77.77699999999999,2026-02-20 15:59:00,74.59,WEEK_END_CLOSE,-16.769999999999897,-1.7000527148128497
SLB,2026-02-17 00:00:00,2026-02-18 00:00:00,0.0910032094419712,6.0,2026-02-18 09:49:00,50.95,62.1544464086903,55.775149250989415,19,968.0500000000001,49.67625,52.223749999999995,2026-02-19 09:48:00,52.223749999999995,TAKE_PROFIT,24.20124999999986,2.499999999999991
ELV,2026-02-17 00:00:00,2026-02-18 00:00:00,0.119047619047619,7.0,2026-02-18 09:50:00,343.6554,48.68848734438303,45.871428977151574,2,687.3108,335.064015,352.24678499999993,2026-02-20 15:59:00,342.94,WEEK_END_CLOSE,-1.4307999999999765,-0.20817365302567836
JCI,2026-02-17 00:00:00,2026-02-18 00:00:00,0.0657276995305164,4.0,2026-02-18 09:51:00,142.29,52.608145253049464,52.24279071087515,7,996.03,138.73274999999998,145.84724999999997,2026-02-20 15:59:00,143.81,WEEK_END_CLOSE,10.640000000000072,1.0682409164382678
EMR,2026-02-17 00:00:00,2026-02-18 00:00:00,0.1299212598425196,8.0,2026-02-18 09:58:00,151.56,62.35665365563291,56.417477998866765,6,909.36,147.771,155.349,2026-02-20 11:30:00,147.771,STOP_LOSS,-22.734000000000094,-2.5000000000000133
PGR,2026-02-17 00:00:00,2026-02-18 00:00:00,0.0552092609082813,2.0,2026-02-18 10:08:00,202.5,40.270927699020525,37.37037443360865,4,810.0,197.4375,207.56249999999997,2026-02-20 15:59:00,204.06,WEEK_END_CLOSE,6.240000000000009,0.7703703703703768
KKR,2026-02-17 00:00:00,2026-02-18 00:00:00,0.0565320665083135,3.0,2026-02-18 10:32:00,104.9,57.36426980125204,56.5810625117985,9,944.1,102.2775,107.5225,2026-02-19 09:30:00,102.2775,STOP_LOSS,-23.60250000000002,-2.500000000000002
PH,2026-02-17 00:00:00,2026-02-18 00:00:00,0.1428571428571428,9.0,2026-02-18 14:23:00,997.64,39.4969978247273,37.94565918502282,1,997.64,972.699,1022.5809999999999,2026-02-20 10:01:00,1022.5809999999999,TAKE_PROFIT,24.940999999999917,2.499999999999991
AJG,2026-02-18 00:00:00,2026-02-19 00:00:00,0.0204081632653061,1.0,2026-02-19 09:47:00,215.5,62.47061623180118,59.834681638118234,4,862.0,210.11249999999998,220.8875,2026-02-20 09:30:00,220.8875,TAKE_PROFIT,21.549999999999955,2.499999999999991
CMCSA,2026-02-18 00:00:00,2026-02-19 00:00:00,0.0220440881763527,2.0,2026-02-19 09:49:00,31.63,52.311255504979854,50.792836963129844,31,980.53,30.83925,32.42075,2026-02-20 09:35:00,30.83925,STOP_LOSS,-24.513249999999974,-2.500000000000002
DLR,2026-02-18 00:00:00,2026-02-19 00:00:00,0.1094890510948905,9.0,2026-02-19 09:52:00,176.965,56.54317044602897,55.676505254337975,5,884.825,172.540875,181.38912499999998,2026-02-20 15:59:00,175.67,WEEK_END_CLOSE,-6.47500000000008,-0.731783120956131
NSC,2026-02-18 00:00:00,2026-02-19 00:00:00,0.0454545454545454,5.0,2026-02-19 09:53:00,316.86,52.92203982314051,52.293750254496125,3,950.58,308.93850000000003,324.7815,2026-02-20 15:59:00,316.32,WEEK_END_CLOSE,-1.6200000000000614,-0.17042226850976228
SLB,2026-02-18 00:00:00,2026-02-19 00:00:00,0.0536175710594315,7.0,2026-02-19 09:55:00,52.12,63.16507710330795,61.36971799907355,19,990.28,50.81699999999999,53.422999999999995,2026-02-20 11:01:00,50.81699999999999,STOP_LOSS,-24.757000000000083,-2.5000000000000133
AEP,2026-02-18 00:00:00,2026-02-19 00:00:00,0.0574572127139364,8.0,2026-02-19 09:59:00,127.92,55.9857719250156,55.94765945316889,7,895.44,124.722,131.118,2026-02-20 15:59:00,129.39,WEEK_END_CLOSE,10.289999999999893,1.1491557223264337
AMT,2026-02-18 00:00:00,2026-02-19 00:00:00,0.0378787878787878,4.0,2026-02-19 10:09:00,187.67,56.066497714466834,54.44431202342993,5,938.3499999999999,182.97824999999997,192.36174999999997,2026-02-20 15:59:00,187.32,WEEK_END_CLOSE,-1.7499999999999716,-0.18649757553151902
CSX,2026-02-18 00:00:00,2026-02-19 00:00:00,0.0502261366341347,6.0,2026-02-19 10:19:00,41.15,50.79837676863516,49.99329981493171,24,987.5999999999999,40.121249999999996,42.178749999999994,2026-02-20 10:26:00,42.178749999999994,TAKE_PROFIT,24.689999999999884,2.499999999999991
RSG,2026-02-18 00:00:00,2026-02-19 00:00:00,0.1171132238547968,10.0,2026-02-19 10:25:00,223.685,67.39187852016656,66.86173943574484,4,894.74,218.092875,229.27712499999998,2026-02-20 15:59:00,219.57,WEEK_END_CLOSE,-16.460000000000036,-1.8396405659744763
DUK,2026-02-19 00:00:00,2026-02-20 00:00:00,0.0102127659574468,3.0,2026-02-20 09:47:00,126.335,55.26534551310593,54.374511547499,7,884.3449999999999,123.17662499999999,129.493375,2026-02-20 15:59:00,126.78,WEEK_END_CLOSE,3.1150000000000517,0.3522380971227257
ITW,2026-02-19 00:00:00,2026-02-20 00:00:00,0.0466666666666666,7.0,2026-02-20 09:53:00,293.97,58.00216504400173,52.47700806029939,3,881.9100000000001,286.62075000000004,301.31925,2026-02-20 15:59:00,294.99,WEEK_END_CLOSE,3.0599999999999454,0.3469741810388838
HWM,2026-02-19 00:00:00,2026-02-20 00:00:00,0.0331753554502369,4.0,2026-02-20 09:55:00,254.19,66.00174990098225,63.06748914654043,3,762.5699999999999,247.83525,260.54474999999996,2026-02-20 15:59:00,258.16,WEEK_END_CLOSE,11.910000000000082,1.5618238325662004
SPGI,2026-02-19 00:00:00,2026-02-20 00:00:00,0.060377358490566,8.0,2026-02-20 09:55:00,414.38,55.95600466948643,51.56974751458749,2,828.76,404.02049999999997,424.73949999999996,2026-02-20 15:59:00,417.59,WEEK_END_CLOSE,6.419999999999959,0.7746512862589761
TT,2026-02-19 00:00:00,2026-02-20 00:00:00,0.0,1.0,2026-02-20 10:15:00,466.17,53.97021565173786,52.52475397090196,2,932.34,454.51575,477.82424999999995,2026-02-20 15:59:00,466.99,WEEK_END_CLOSE,1.6399999999999864,0.17590149516271136
FDX,2026-02-19 00:00:00,2026-02-20 00:00:00,0.0724191063174114,9.0,2026-02-20 11:32:00,384.8,46.19100926041642,45.795150131952845,2,769.6,375.18,394.41999999999996,2026-02-20 15:59:00,388.43,WEEK_END_CLOSE,7.259999999999991,0.9433471933471882
EMR,2026-02-19 00:00:00,2026-02-20 00:00:00,0.0067534973468403,2.0,2026-02-20 11:33:00,148.25,38.78965444328818,38.48252964346401,6,889.5,144.54375,151.95624999999998,2026-02-20 15:59:00,148.61,WEEK_END_CLOSE,2.160000000000082,0.24283305227656982
FDX,2026-02-20 00:00:00,2026-02-23 00:00:00,0.0051432770022042,1.0,2026-02-23 09:45:00,388.285,48.549084605427154,48.20459130062003,2,776.57,378.577875,397.992125,2026-02-27 15:59:00,387.1,WEEK_END_CLOSE,-2.3700000000000045,-0.3051881993896277
APD,2026-02-20 00:00:00,2026-02-23 00:00:00,0.0151006711409395,4.0,2026-02-23 09:50:00,283.79,56.85180093478936,53.98279275226067,3,851.3700000000001,276.69525,290.88475,2026-02-25 10:06:00,276.68,STOP_LOSS_GAP,-21.33000000000004,-2.505373691814372
DUK,2026-02-20 00:00:00,2026-02-23 00:00:00,0.0492051476154428,10.0,2026-02-23 09:53:00,127.93,55.37251046655193,54.034063387421554,7,895.51,124.73175,131.12825,2026-02-27 11:21:00,131.12825,TAKE_PROFIT,22.38775000000001,2.499999999999991
RSG,2026-02-20 00:00:00,2026-02-23 00:00:00,0.0121580547112462,3.0,2026-02-23 09:54:00,221.14,54.59760655891938,50.86666108203542,4,884.56,215.61149999999998,226.66849999999997,2026-02-27 09:40:00,226.7315,TAKE_PROFIT_GAP,22.3660000000001,2.528488740164603
CI,2026-02-20 00:00:00,2026-02-23 00:00:00,0.0484189723320158,9.0,2026-02-23 10:05:00,282.09,53.681609958526,53.61535085997246,3,846.27,275.03774999999996,289.14224999999993,2026-02-26 09:40:00,289.14224999999993,TAKE_PROFIT,21.156749999999874,2.499999999999991
SPGI,2026-02-20 00:00:00,2026-02-23 00:00:00,0.008130081300813,2.0,2026-02-23 10:14:00,410.1,46.18512953156167,44.06952066373218,2,820.2,399.8475,420.35249999999996,2026-02-25 09:30:00,420.35249999999996,TAKE_PROFIT,20.50499999999988,2.499999999999991
AFL,2026-02-20 00:00:00,2026-02-23 00:00:00,0.0357142857142857,7.0,2026-02-23 10:42:00,113.57,46.3448078875033,45.78381241322816,8,908.56,110.73074999999999,116.40924999999999,2026-02-27 15:59:00,112.93,WEEK_END_CLOSE,-5.119999999999891,-0.5635291009949639
SYK,2026-02-20 00:00:00,2026-02-23 00:00:00,0.0301003344481605,6.0,2026-02-23 10:45:00,382.86,51.71071757892947,49.61364451108654,2,765.72,373.2885,392.43149999999997,2026-02-27 15:59:00,387.55,WEEK_END_CLOSE,9.379999999999995,1.2249908582771862
ABT,2026-02-23 00:00:00,2026-02-24 00:00:00,0.1488095238095238,5.0,2026-02-24 09:46:00,115.1099,53.707383857599574,51.481822793160454,8,920.8792,112.2321525,117.98764749999998,2026-02-27 15:59:00,116.32,WEEK_END_CLOSE,9.680799999999977,1.0512562342596121
KMI,2026-02-23 00:00:00,2026-02-24 00:00:00,0.0242336558459173,2.0,2026-02-24 09:46:00,32.41,47.25756591822764,41.30520808296906,30,972.3,31.599749999999997,33.22024999999999,2026-02-26 11:29:00,33.22024999999999,TAKE_PROFIT,24.30749999999989,2.499999999999991
DE,2026-02-23 00:00:00,2026-02-24 00:00:00,0.2382261315741249,10.0,2026-02-24 09:58:00,641.5,45.46767331544099,45.065001754999734,1,641.5,625.4625,657.5374999999999,2026-02-25 15:50:00,625.4625,STOP_LOSS,-16.037500000000023,-2.500000000000002
MDT,2026-02-23 00:00:00,2026-02-24 00:00:00,0.1019801980198019,3.0,2026-02-24 10:05:00,97.975,43.10878247451495,42.297631640990524,10,979.75,95.52562499999999,100.42437499999998,2026-02-27 15:59:00,97.64,WEEK_END_CLOSE,-3.3499999999999375,-0.3419239601939239
ANET,2026-02-23 00:00:00,2026-02-24 00:00:00,0.2157077625570776,9.0,2026-02-24 10:06:00,125.855,53.43637237933222,53.28997703361916,7,880.985,122.708625,129.001375,2026-02-24 11:02:00,129.001375,TAKE_PROFIT,22.024624999999943,2.499999999999991
CTAS,2026-02-23 00:00:00,2026-02-24 00:00:00,0.1346153846153846,4.0,2026-02-24 10:06:00,197.85,47.606179064659905,47.33330008313461,5,989.25,192.90375,202.79625,2026-02-27 13:28:00,202.79625,TAKE_PROFIT,24.73124999999996,2.499999999999991
CVS,2026-02-23 00:00:00,2026-02-24 00:00:00,0.2151233319854427,8.0,2026-02-24 10:14:00,73.57,31.59742166580878,25.984005435996888,13,956.4099999999999,71.73074999999999,75.40924999999999,2026-02-25 09:30:00,75.40924999999999,TAKE_PROFIT,23.910249999999905,2.499999999999991
ANET,2026-02-23 00:00:00,2026-02-24 00:00:00,0.2157077625570776,9.0,2026-02-24 11:23:00,128.94,62.2500018548954,60.515845302096345,7,902.5799999999999,125.7165,132.1635,2026-02-25 09:47:00,132.1635,TAKE_PROFIT,22.56450000000001,2.499999999999991
NOW,2026-02-24 00:00:00,2026-02-25 00:00:00,0.1834134615384615,8.0,2026-02-25 09:45:00,101.31,49.28256749525533,41.526303929123614,9,911.79,98.77725,103.84275,2026-02-25 09:58:00,103.84275,TAKE_PROFIT,22.794749999999937,2.499999999999991
MAR,2026-02-24 00:00:00,2026-02-25 00:00:00,0.1812080536912751,7.0,2026-02-25 09:47:00,344.7988,50.613261072527635,50.2969803850371,2,689.5976,336.17883,353.41877,2026-02-26 09:37:00,353.41877,TAKE_PROFIT,17.239939999999933,2.499999999999991
REGN,2026-02-24 00:00:00,2026-02-25 00:00:00,0.0831234256926952,3.0,2026-02-25 09:58:00,784.615,59.36219386215774,58.7724495948651,1,784.615,764.999625,804.230375,2026-02-26 10:12:00,764.999625,STOP_LOSS,-19.615374999999972,-2.499999999999991
NOW,2026-02-24 00:00:00,2026-02-25 00:00:00,0.1834134615384615,8.0,2026-02-25 10:11:00,103.52,54.79304594194349,53.538592137541556,9,931.68,100.93199999999999,106.10799999999999,2026-02-26 09:30:00,107.45,TAKE_PROFIT_GAP,35.37000000000006,3.7963678516228727
CSX,2026-02-24 00:00:00,2026-02-25 00:00:00,0.09375,4.0,2026-02-25 10:17:00,42.28,46.41921127236882,45.41925092581494,23,972.44,41.223,43.336999999999996,2026-02-27 15:59:00,42.7,WEEK_END_CLOSE,9.66000000000004,0.9933774834437026
TXN,2026-02-24 00:00:00,2026-02-25 00:00:00,0.204241948153967,10.0,2026-02-25 10:17:00,213.55,54.05884693507534,49.822270978202994,4,854.2,208.21125,218.88875,2026-02-27 15:59:00,212.08,WEEK_END_CLOSE,-5.8799999999999955,-0.688363380941226
NSC,2026-02-24 00:00:00,2026-02-25 00:00:00,0.1515151515151515,6.0,2026-02-25 10:30:00,311.205,44.10093750137521,43.19718481538764,3,933.615,303.424875,318.985125,2026-02-27 15:59:00,314.56,WEEK_END_CLOSE,10.065000000000055,1.0780675117687766
ISRG,2026-02-24 00:00:00,2026-02-25 00:00:00,0.0789636027143738,2.0,2026-02-25 11:07:00,501.465,53.55436138291831,48.78825714371306,1,501.465,488.92837499999996,514.0016249999999,2026-02-27 15:59:00,503.34,WEEK_END_CLOSE,1.875,0.37390445993239485
CL,2026-02-25 00:00:00,2026-02-26 00:00:00,0.0916030534351145,6.0,2026-02-26 09:45:00,97.21,59.96452843402554,54.90529186920961,10,972.0999999999999,94.77974999999999,99.64024999999998,2026-02-27 15:59:00,99.1,WEEK_END_CLOSE,18.900000000000006,1.9442444192984354
EMR,2026-02-25 00:00:00,2026-02-26 00:00:00,0.1886792452830188,7.0,2026-02-26 09:45:00,149.08,47.36131227053359,46.53845940374792,6,894.48,145.353,152.807,2026-02-27 15:59:00,150.76,WEEK_END_CLOSE,10.07999999999987,1.1269117252481697
CRH,2026-02-25 00:00:00,2026-02-26 00:00:00,0.0344827586206896,2.0,2026-02-26 09:46:00,120.275,45.99472431335833,40.96870427384324,8,962.2,117.268125,123.281875,2026-02-27 09:50:00,117.268125,STOP_LOSS,-24.055000000000064,-2.500000000000002
BMY,2026-02-25 00:00:00,2026-02-26 00:00:00,0.0353107344632768,3.0,2026-02-26 09:52:00,61.215,54.56911274835227,53.40409435327012,16,979.44,59.684625000000004,62.745374999999996,2026-02-27 15:59:00,62.36,WEEK_END_CLOSE,18.319999999999936,1.8704565874377188
JPM,2026-02-25 00:00:00,2026-02-26 00:00:00,0.2425531914893617,10.0,2026-02-26 09:52:00,307.015,57.633141883635545,54.41810191397737,3,921.045,299.33962499999996,314.69037499999996,2026-02-27 09:35:00,299.33962499999996,STOP_LOSS,-23.026125000000093,-2.5000000000000133
HLT,2026-02-25 00:00:00,2026-02-26 00:00:00,0.0520833333333333,5.0,2026-02-26 10:11:00,317.28,54.38278063199668,53.36259266151194,3,951.8399999999999,309.34799999999996,325.21199999999993,2026-02-27 09:45:00,309.34799999999996,STOP_LOSS,-23.79600000000005,-2.500000000000002
BSX,2026-02-25 00:00:00,2026-02-26 00:00:00,0.1895043731778425,8.0,2026-02-26 10:23:00,74.84,54.8104860056852,53.77676356801241,13,972.9200000000001,72.96900000000001,76.711,2026-02-27 15:58:00,76.711,TAKE_PROFIT,24.322999999999936,2.499999999999991
SPGI,2026-02-25 00:00:00,2026-02-26 00:00:00,0.2025316455696202,9.0,2026-02-26 10:35:00,436.56,62.99080258395791,60.758919940034346,2,873.12,425.646,447.474,2026-02-27 15:59:00,441.87,WEEK_END_CLOSE,10.620000000000005,1.2163276525563482
KMI,2026-02-25 00:00:00,2026-02-26 00:00:00,0.0467590301830776,4.0,2026-02-26 12:35:00,33.0199,50.221807348976824,46.25948333849913,30,990.597,32.1944025,33.8453975,2026-02-27 15:59:00,33.27,WEEK_END_CLOSE,7.5030000000001,0.7574220394368281
DASH,2026-02-26 00:00:00,2026-02-27 00:00:00,0.1697217460108136,9.0,2026-02-27 09:46:00,178.0,51.46727192685458,42.53134122992796,5,890.0,173.54999999999998,182.45,2026-02-27 15:59:00,176.7,WEEK_END_CLOSE,-6.500000000000057,-0.7303370786516883
TGT,2026-02-26 00:00:00,2026-02-27 00:00:00,0.1099800209304538,4.0,2026-02-27 09:46:00,112.72,48.17014035232179,44.56105099609304,8,901.76,109.902,115.53799999999998,2026-02-27 15:59:00,113.77,WEEK_END_CLOSE,8.399999999999977,0.9315117104329307
NEE,2026-02-26 00:00:00,2026-02-27 00:00:00,0.1310067405957816,6.0,2026-02-27 09:48:00,91.53,44.25647108039424,40.79546530068911,10,915.3,89.24175,93.81824999999999,2026-02-27 15:45:00,93.81824999999999,TAKE_PROFIT,22.882499999999908,2.499999999999991
RTX,2026-02-26 00:00:00,2026-02-27 00:00:00,0.1568322981366459,8.0,2026-02-27 09:48:00,198.61,54.16405524416485,50.381527051438525,5,993.0500000000001,193.64475000000002,203.57524999999998,2026-02-27 15:59:00,202.45,WEEK_END_CLOSE,19.199999999999875,1.9334373898595159
MDLZ,2026-02-26 00:00:00,2026-02-27 00:00:00,0.0706106870229007,2.0,2026-02-27 09:52:00,60.3872,51.96574035032297,51.097843011464235,16,966.1952,58.87752,61.896879999999996,2026-02-27 15:59:00,61.56,WEEK_END_CLOSE,18.764800000000037,1.9421334322505368
REGN,2026-02-26 00:00:00,2026-02-27 00:00:00,0.1739130434782608,10.0,2026-02-27 10:05:00,781.605,58.26888539226271,57.08670298152814,1,781.605,762.064875,801.1451249999999,2026-02-27 15:59:00,781.24,WEEK_END_CLOSE,-0.3650000000000091,-0.04669878007433903
PG,2026-02-26 00:00:00,2026-02-27 00:00:00,0.1553856532493816,7.0,2026-02-27 10:25:00,165.65,65.53812254022257,64.35350130492066,6,993.9000000000001,161.50875,169.79125,2026-02-27 15:59:00,167.135,WEEK_END_CLOSE,8.909999999999911,0.896468457591304
CMCSA,2026-02-27 00:00:00,2026-03-02 00:00:00,0.130098452883263,7.0,2026-03-02 09:45:00,30.815,52.29512299389428,49.38058040066926,32,986.08,30.044625,31.585375,2026-03-04 11:32:00,31.585375,TAKE_PROFIT,24.65199999999993,2.499999999999991
FDX,2026-02-27 00:00:00,2026-03-02 00:00:00,0.0019120458891013,1.0,2026-03-02 09:45:00,384.21,38.59621002923432,36.57210663761677,2,768.42,374.60474999999997,393.81524999999993,2026-03-03 09:30:00,374.60474999999997,STOP_LOSS,-19.210500000000025,-2.500000000000002
MDLZ,2026-02-27 00:00:00,2026-03-02 00:00:00,0.1701030927835051,10.0,2026-03-02 09:48:00,61.075,52.66911281575175,51.923972634228036,16,977.2,59.548125,62.601875,2026-03-03 09:41:00,59.548125,STOP_LOSS,-24.430000000000064,-2.500000000000002
SO,2026-02-27 00:00:00,2026-03-02 00:00:00,0.0987654320987654,5.0,2026-03-02 09:48:00,97.395,51.04577689570832,48.09879177682192,10,973.9499999999999,94.96012499999999,99.82987499999999,2026-03-06 15:59:00,97.49,WEEK_END_CLOSE,0.9499999999999886,0.09754094152676362
WMB,2026-02-27 00:00:00,2026-03-02 00:00:00,0.0693069306930693,2.0,2026-03-02 09:52:00,75.47,58.3892704580407,58.252905722236584,13,981.11,73.58324999999999,77.35674999999999,2026-03-06 15:59:00,74.23,WEEK_END_CLOSE,-16.119999999999933,-1.6430369683317791
DLR,2026-02-27 00:00:00,2026-03-02 00:00:00,0.0833333333333333,4.0,2026-03-02 09:54:00,175.63,49.656246608648395,48.38454538608196,5,878.15,171.23925,180.02075,2026-03-04 10:12:00,180.05,TAKE_PROFIT_GAP,22.10000000000008,2.516654330125845
PEP,2026-02-27 00:00:00,2026-03-02 00:00:00,0.0718308558766503,3.0,2026-03-02 09:58:00,168.82,53.31011853352773,51.28165504972729,5,844.0999999999999,164.59949999999998,173.04049999999998,2026-03-03 11:29:00,164.59949999999998,STOP_LOSS,-21.102500000000077,-2.5000000000000133
ADI,2026-02-27 00:00:00,2026-03-02 00:00:00,0.1473354231974921,9.0,2026-03-02 10:01:00,351.98,56.43467140946795,56.01008059660893,2,703.96,343.1805,360.7795,2026-03-03 09:30:00,339.15,STOP_LOSS_GAP,-25.660000000000082,-3.6450934712199623
MO,2026-02-27 00:00:00,2026-03-02 00:00:00,0.1032967032967032,6.0,2026-03-02 10:12:00,69.38,51.47437659560071,51.25576692750561,14,971.3199999999999,67.6455,71.11449999999999,2026-03-03 10:11:00,67.6455,STOP_LOSS,-24.28299999999996,-2.499999999999991
PGR,2026-02-27 00:00:00,2026-03-02 00:00:00,0.1327433628318584,8.0,2026-03-02 10:31:00,212.585,48.441495939571645,47.41255810805353,4,850.34,207.270375,217.899625,2026-03-06 15:59:00,210.61,WEEK_END_CLOSE,-7.899999999999977,-0.9290401486464206
APD,2026-03-02 00:00:00,2026-03-03 00:00:00,0.085,5.0,2026-03-03 09:54:00,270.825,49.864098069700546,44.48904759260306,3,812.4749999999999,264.054375,277.595625,2026-03-05 12:03:00,277.64,TAKE_PROFIT_GAP,20.444999999999993,2.5163851195421305
MRSH,2026-03-02 00:00:00,2026-03-03 00:00:00,0.05,4.0,2026-03-03 09:54:00,183.91,39.06424346077649,38.940252814142454,5,919.55,179.31225,188.50775,2026-03-06 15:59:00,183.12,WEEK_END_CLOSE,-3.94999999999996,-0.4295579359469226
TRV,2026-03-02 00:00:00,2026-03-03 00:00:00,0.1756756756756756,10.0,2026-03-03 09:55:00,305.91,36.56301384434736,35.82328343556575,3,917.73,298.26225,313.55775,2026-03-06 15:59:00,306.3,WEEK_END_CLOSE,1.169999999999959,0.1274884770030349
SPG,2026-03-02 00:00:00,2026-03-03 00:00:00,0.0978723404255319,6.0,2026-03-03 09:58:00,199.21,40.09837700351406,35.75275377120719,5,996.0500000000001,194.22975,204.19025,2026-03-06 12:52:00,194.22975,STOP_LOSS,-24.90125000000006,-2.500000000000002
RSG,2026-03-02 00:00:00,2026-03-03 00:00:00,0.1538461538461538,8.0,2026-03-03 10:02:00,228.43,46.08110530992887,45.40953343110798,4,913.72,222.71925,234.14075,2026-03-06 15:59:00,231.05,WEEK_END_CLOSE,10.480000000000018,1.146959681302806
WELL,2026-03-02 00:00:00,2026-03-03 00:00:00,0.0170212765957446,1.0,2026-03-03 10:02:00,207.24,50.933701272588024,49.622139242589164,4,828.96,202.059,212.421,2026-03-05 11:00:00,202.059,STOP_LOSS,-20.724000000000046,-2.500000000000002
FDX,2026-03-02 00:00:00,2026-03-03 00:00:00,0.0373499519958024,3.0,2026-03-03 10:06:00,378.8732,47.55925947847556,46.41403916722926,2,757.7464,369.40137,388.34502999999995,2026-03-06 09:30:00,364.97,STOP_LOSS_GAP,-27.80639999999994,-3.6696182258338594
JCI,2026-03-02 00:00:00,2026-03-03 00:00:00,0.0190703218116805,2.0,2026-03-03 10:06:00,139.51,41.591978078434636,38.401002628906504,7,976.5699999999999,136.02224999999999,142.99774999999997,2026-03-05 11:16:00,136.02224999999999,STOP_LOSS,-24.414250000000038,-2.500000000000002
SLB,2026-03-02 00:00:00,2026-03-03 00:00:00,0.1063181135956451,7.0,2026-03-03 10:07:00,48.86,31.488033065577795,31.410504401976848,20,977.2,47.6385,50.0815,2026-03-04 09:50:00,47.6385,STOP_LOSS,-24.42999999999998,-2.500000000000002
AON,2026-03-03 00:00:00,2026-03-04 00:00:00,0.0833333333333333,4.0,2026-03-04 09:49:00,339.76,56.60294305769564,50.86039870604697,2,679.52,331.26599999999996,348.25399999999996,2026-03-06 15:59:00,340.6,WEEK_END_CLOSE,1.6800000000000637,0.24723334118201823
AFL,2026-03-03 00:00:00,2026-03-04 00:00:00,0.0387079187678887,2.0,2026-03-04 09:51:00,111.545,41.22161438249295,40.78564692692943,8,892.36,108.756375,114.333625,2026-03-06 15:59:00,111.28,WEEK_END_CLOSE,-2.1200000000000045,-0.23757228024564592
SHW,2026-03-03 00:00:00,2026-03-04 00:00:00,0.1167883211678832,8.0,2026-03-04 09:51:00,345.35,42.296910208501195,35.50094929680093,2,690.7,336.71625,353.98375,2026-03-05 10:28:00,336.525,STOP_LOSS_GAP,-17.65000000000009,-2.5553786014188673
VRTX,2026-03-03 00:00:00,2026-03-04 00:00:00,0.1332311998622522,10.0,2026-03-04 09:58:00,472.76,46.66368769153594,44.61202257323125,2,945.52,460.941,484.57899999999995,2026-03-05 14:03:00,460.941,STOP_LOSS,-23.638000000000034,-2.500000000000002
SLB,2026-03-03 00:00:00,2026-03-04 00:00:00,0.1218598569424176,9.0,2026-03-04 10:04:00,47.93,51.38017492037694,48.436651418046274,20,958.6,46.73175,49.128249999999994,2026-03-05 10:32:00,46.73175,STOP_LOSS,-23.965000000000032,-2.500000000000002
SPGI,2026-03-03 00:00:00,2026-03-04 00:00:00,0.0901864801864801,6.0,2026-03-04 10:05:00,445.66,52.51260355151059,48.49311308216522,2,891.32,434.5185,456.8015,2026-03-06 15:59:00,452.22,WEEK_END_CLOSE,13.120000000000005,1.4719741506978412
NSC,2026-03-03 00:00:00,2026-03-04 00:00:00,0.009090909090909,1.0,2026-03-04 10:06:00,315.07,45.5738905666893,44.77951175956934,3,945.21,307.19325,322.94674999999995,2026-03-06 09:32:00,307.19325,STOP_LOSS,-23.630250000000046,-2.500000000000002
AJG,2026-03-03 00:00:00,2026-03-04 00:00:00,0.0978260869565217,7.0,2026-03-04 10:31:00,227.445,55.99483884536957,53.30207366708009,4,909.78,221.758875,233.13112499999997,2026-03-06 15:59:00,227.93,WEEK_END_CLOSE,1.9400000000000546,0.21323836531910167
DUK,2026-03-04 00:00:00,2026-03-05 00:00:00,0.1502732240437158,9.0,2026-03-05 09:47:00,130.47,36.73052700124965,35.336407786539674,7,913.29,127.20824999999999,133.73174999999998,2026-03-06 15:59:00,132.48,WEEK_END_CLOSE,14.069999999999936,1.5405840423085682
CRH,2026-03-04 00:00:00,2026-03-05 00:00:00,0.0622891992990915,3.0,2026-03-05 09:50:00,113.12,52.13736998525587,51.09682684313305,8,904.96,110.292,115.948,2026-03-05 13:03:00,110.292,STOP_LOSS,-22.624000000000024,-2.500000000000002
APO,2026-03-04 00:00:00,2026-03-05 00:00:00,0.1391288715592276,7.0,2026-03-05 09:57:00,111.18,57.8212006117454,55.3161755852079,8,889.44,108.40050000000001,113.95949999999999,2026-03-06 09:30:00,107.4,STOP_LOSS_GAP,-30.24000000000001,-3.3998920669185084
CL,2026-03-04 00:00:00,2026-03-05 00:00:00,0.2162878787878787,10.0,2026-03-05 09:57:00,94.04,35.80747237485153,34.19291669386458,10,940.4000000000001,91.68900000000001,96.39099999999999,2026-03-06 09:40:00,91.68900000000001,STOP_LOSS,-23.50999999999999,-2.500000000000002
EQIX,2026-03-04 00:00:00,2026-03-05 00:00:00,0.0727272727272727,5.0,2026-03-05 10:00:00,952.0,48.26725619540289,45.750784569300464,1,952.0,928.1999999999999,975.8,2026-03-06 15:59:00,936.65,WEEK_END_CLOSE,-15.350000000000023,-1.6123949579831987
BSX,2026-03-04 00:00:00,2026-03-05 00:00:00,0.1415873507424169,8.0,2026-03-05 10:09:00,71.69,41.37455010171214,39.16731315009157,13,931.97,69.89775,73.48225,2026-03-06 15:59:00,71.3,WEEK_END_CLOSE,-5.070000000000007,-0.5440089273259896
WELL,2026-03-04 00:00:00,2026-03-05 00:00:00,0.0666666666666666,4.0,2026-03-05 11:22:00,200.045,36.47275714155186,35.2293936551987,4,800.18,195.04387499999999,205.04612499999996,2026-03-05 15:55:00,205.04612499999996,TAKE_PROFIT,20.004499999999894,2.499999999999991
CRH,2026-03-04 00:00:00,2026-03-05 00:00:00,0.0622891992990915,3.0,2026-03-05 13:04:00,110.515,48.84322352338248,45.553031107110236,9,994.635,107.75212499999999,113.277875,2026-03-06 09:30:00,107.75212499999999,STOP_LOSS,-24.865875000000074,-2.500000000000002
REGN,2026-03-05 00:00:00,2026-03-06 00:00:00,0.0970772776281106,10.0,2026-03-06 09:48:00,757.83,52.187159749864385,51.64635450707601,1,757.83,738.8842500000001,776.77575,2026-03-06 15:59:00,759.635,WEEK_END_CLOSE,1.80499999999995,0.2381800667695888
FDX,2026-03-05 00:00:00,2026-03-06 00:00:00,0.0178836534395006,4.0,2026-03-06 09:58:00,359.83,40.07722726275287,37.305222877736085,2,719.66,350.83425,368.82574999999997,2026-03-06 15:59:00,358.98,WEEK_END_CLOSE,-1.6999999999999318,-0.23622266070087994
TEL,2026-03-05 00:00:00,2026-03-06 00:00:00,0.0137457044673539,3.0,2026-03-06 09:59:00,205.785,46.440866141773746,43.34234811211169,4,823.14,200.640375,210.929625,2026-03-06 15:59:00,205.81,WEEK_END_CLOSE,0.10000000000002274,0.012148601695938233
CI,2026-03-05 00:00:00,2026-03-06 00:00:00,0.089162420311914,9.0,2026-03-06 10:08:00,271.74,42.24907732687624,36.83997042420922,3,815.22,264.9465,278.5335,2026-03-06 15:59:00,271.62,WEEK_END_CLOSE,-0.36000000000001364,-0.04415985868845285
SLB,2026-03-05 00:00:00,2026-03-06 00:00:00,0.0558231737386932,6.0,2026-03-06 10:14:00,46.67,46.67656502484767,46.675534396374,21,980.07,45.50325,47.836749999999995,2026-03-06 15:59:00,46.8704,WEEK_END_CLOSE,4.208399999999891,0.4293979001499748
BSX,2026-03-06 00:00:00,2026-03-09 00:00:00,0.0873844141170873,8.0,2026-03-09 09:45:00,70.48,46.10869861181725,42.1569428619858,14,986.72,68.718,72.242,2026-03-09 15:29:00,72.242,TAKE_PROFIT,24.668000000000006,2.499999999999991
KMI,2026-03-06 00:00:00,2026-03-09 00:00:00,0.0668082175801299,6.0,2026-03-09 09:46:00,33.41,47.88993702145034,42.25801739665762,29,968.8899999999999,32.574749999999995,34.24524999999999,2026-03-13 15:59:00,33.39,WEEK_END_CLOSE,-0.5799999999998846,-0.05986231667164388
ABBV,2026-03-06 00:00:00,2026-03-09 00:00:00,0.1339573979090194,10.0,2026-03-09 09:47:00,229.255,47.303091459073535,45.397865625501396,4,917.02,223.52362499999998,234.98637499999998,2026-03-09 10:41:00,223.52362499999998,STOP_LOSS,-22.925500000000056,-2.500000000000002
DHR,2026-03-06 00:00:00,2026-03-09 00:00:00,0.0583056573522675,5.0,2026-03-09 09:47:00,194.54,43.95569808459684,40.133160319212486,5,972.6999999999999,189.67649999999998,199.40349999999998,2026-03-12 10:42:00,189.67649999999998,STOP_LOSS,-24.31750000000008,-2.5000000000000133
RSG,2026-03-06 00:00:00,2026-03-09 00:00:00,0.125,9.0,2026-03-09 09:54:00,229.66,52.0588852573731,50.39311310036924,4,918.64,223.9185,235.40149999999997,2026-03-10 09:52:00,223.275,STOP_LOSS_GAP,-25.539999999999964,-2.780196812679614
PCAR,2026-03-06 00:00:00,2026-03-09 00:00:00,0.0859375,7.0,2026-03-09 09:55:00,117.62,40.23305063835339,38.6449674531919,8,940.96,114.6795,120.56049999999999,2026-03-09 15:27:00,120.56049999999999,TAKE_PROFIT,23.523999999999887,2.499999999999991
ITW,2026-03-06 00:00:00,2026-03-09 00:00:00,0.0109664153529814,3.0,2026-03-09 09:57:00,271.45,43.40827218765408,42.295908372237584,3,814.3499999999999,264.66375,278.23625,2026-03-13 15:59:00,267.01,WEEK_END_CLOSE,-13.319999999999993,-1.635660342604528
AON,2026-03-06 00:00:00,2026-03-09 00:00:00,0.0408163265306122,4.0,2026-03-09 10:00:00,336.31,46.491753619962985,46.01434290242197,2,672.62,327.90225,344.71774999999997,2026-03-10 09:43:00,327.90225,STOP_LOSS,-16.815500000000043,-2.500000000000002
FDX,2026-03-06 00:00:00,2026-03-09 00:00:00,0.0086278792248034,2.0,2026-03-09 10:00:00,348.03,43.99602552732487,43.20901487622585,2,696.06,339.32924999999994,356.73074999999994,2026-03-09 15:21:00,356.73074999999994,TAKE_PROFIT,17.401499999999942,2.499999999999991
ABBV,2026-03-06 00:00:00,2026-03-09 00:00:00,0.1339573979090194,10.0,2026-03-09 10:48:00,223.96,36.24319083077946,35.26927045395344,4,895.84,218.361,229.559,2026-03-10 09:33:00,229.559,TAKE_PROFIT,22.395999999999958,2.499999999999991
AMT,2026-03-09 00:00:00,2026-03-10 00:00:00,0.1108647450110864,6.0,2026-03-10 09:45:00,187.655,54.30843496128933,49.619546371389255,5,938.275,182.963625,192.346375,2026-03-11 14:58:00,182.963625,STOP_LOSS,-23.456874999999968,-2.499999999999991
ECL,2026-03-09 00:00:00,2026-03-10 00:00:00,0.1666666666666666,9.0,2026-03-10 09:55:00,281.87,59.579568845226746,58.70206388374571,3,845.61,274.82325,288.91675,2026-03-12 09:31:00,274.82325,STOP_LOSS,-21.140250000000094,-2.5000000000000133
LIN,2026-03-09 00:00:00,2026-03-10 00:00:00,0.0210084033613445,2.0,2026-03-10 09:57:00,478.16,50.772586828713656,45.79479480204303,2,956.32,466.206,490.114,2026-03-12 11:12:00,490.114,TAKE_PROFIT,23.9079999999999,2.499999999999991
QCOM,2026-03-09 00:00:00,2026-03-10 00:00:00,0.1812729946778769,10.0,2026-03-10 10:04:00,133.565,49.350890447168,47.443795584710244,7,934.9549999999999,130.225875,136.904125,2026-03-11 09:34:00,136.904125,TAKE_PROFIT,23.37387499999997,2.499999999999991
NSC,2026-03-09 00:00:00,2026-03-10 00:00:00,0.1126050420168067,7.0,2026-03-10 10:05:00,300.985,54.45825167868172,53.618017436236535,3,902.955,293.460375,308.50962499999997,2026-03-12 09:33:00,293.460375,STOP_LOSS,-22.573875000000044,-2.500000000000002
PCAR,2026-03-09 00:00:00,2026-03-10 00:00:00,0.0224719101123595,3.0,2026-03-10 10:14:00,119.175,50.991026498077034,45.47317473612079,8,953.4,116.19562499999999,122.15437499999999,2026-03-13 10:15:00,116.19562499999999,STOP_LOSS,-23.835000000000036,-2.500000000000002
RSG,2026-03-09 00:00:00,2026-03-10 00:00:00,0.006310958118187,1.0,2026-03-10 10:21:00,220.745,32.38429277700921,30.02442881496085,4,882.98,215.226375,226.263625,2026-03-12 09:53:00,226.263625,TAKE_PROFIT,22.074499999999944,2.499999999999991
AON,2026-03-09 00:00:00,2026-03-10 00:00:00,0.0289855072463768,4.0,2026-03-10 10:29:00,322.88,40.57289042328022,34.802960538297214,3,968.64,314.808,330.95199999999994,2026-03-12 09:30:00,314.808,STOP_LOSS,-24.216000000000008,-2.500000000000002
WELL,2026-03-09 00:00:00,2026-03-10 00:00:00,0.0636363636363636,5.0,2026-03-10 10:42:00,209.25,58.6958063384324,55.5892931071949,4,837.0,204.01874999999998,214.48125,2026-03-12 09:30:00,204.01874999999998,STOP_LOSS,-20.925000000000068,-2.5000000000000133
APH,2026-03-10 00:00:00,2026-03-11 00:00:00,0.1076363636363636,9.0,2026-03-11 09:46:00,134.375,45.608804010663356,41.544759480337675,7,940.625,131.015625,137.734375,2026-03-12 09:30:00,131.015625,STOP_LOSS,-23.515625,-2.500000000000002
EMR,2026-03-10 00:00:00,2026-03-11 00:00:00,0.0117135447389563,2.0,2026-03-11 09:53:00,138.11,41.98819026945233,38.46785381704961,7,966.7700000000001,134.65725,141.56275,2026-03-12 10:30:00,134.65725,STOP_LOSS,-24.169250000000062,-2.500000000000002
FDX,2026-03-10 00:00:00,2026-03-11 00:00:00,0.0190766525820264,3.0,2026-03-11 09:53:00,358.09,43.68512469409692,36.76739164915941,2,716.18,349.13775,367.04224999999997,2026-03-13 10:18:00,349.13775,STOP_LOSS,-17.904499999999985,-2.500000000000002
HWM,2026-03-10 00:00:00,2026-03-11 00:00:00,0.0999219248213508,8.0,2026-03-11 09:53:00,249.46,45.240578136833605,42.673745821803,4,997.84,243.2235,255.6965,2026-03-12 10:40:00,243.2235,STOP_LOSS,-24.946000000000026,-2.500000000000002
TT,2026-03-10 00:00:00,2026-03-11 00:00:00,0.1258278145695364,10.0,2026-03-11 09:53:00,428.83,43.68150747487361,39.72463961964649,2,857.66,418.10925,439.55074999999994,2026-03-13 10:25:00,418.10925,STOP_LOSS,-21.44150000000002,-2.500000000000002
EQIX,2026-03-10 00:00:00,2026-03-11 00:00:00,0.0600924499229583,6.0,2026-03-11 10:27:00,966.48,56.303941988437956,55.20687443916332,1,966.48,942.318,990.6419999999999,2026-03-13 15:59:00,970.13,WEEK_END_CLOSE,3.6499999999999773,0.3776591341776214
REGN,2026-03-11 00:00:00,2026-03-12 00:00:00,0.0773942697528102,9.0,2026-03-12 09:46:00,761.14,42.22549505940289,40.0807378458568,1,761.14,742.1115,780.1684999999999,2026-03-13 12:00:00,742.1115,STOP_LOSS,-19.028500000000008,-2.500000000000002
SHW,2026-03-11 00:00:00,2026-03-12 00:00:00,0.0583657587548638,6.0,2026-03-12 09:48:00,321.1,43.65674710964273,41.96348946290516,3,963.3000000000001,313.0725,329.1275,2026-03-13 09:37:00,329.1275,TAKE_PROFIT,24.082499999999925,2.499999999999991
ORLY,2026-03-11 00:00:00,2026-03-12 00:00:00,0.0761421319796954,8.0,2026-03-12 10:04:00,95.24,57.34856279370719,56.87151956297815,10,952.4,92.859,97.62099999999998,2026-03-12 15:45:00,92.81,STOP_LOSS_GAP,-24.299999999999926,-2.5514489710205757
EMR,2026-03-11 00:00:00,2026-03-12 00:00:00,0.0589001912351992,7.0,2026-03-12 10:41:00,134.215,33.69673761378935,33.40180216068719,7,939.505,130.859625,137.57037499999998,2026-03-13 15:59:00,132.25,WEEK_END_CLOSE,-13.755000000000024,-1.4640688447639993
MO,2026-03-12 00:00:00,2026-03-13 00:00:00,0.0683939858099689,7.0,2026-03-13 09:46:00,67.875,53.107329063984245,52.579886929752995,14,950.25,66.178125,69.57187499999999,2026-03-13 15:59:00,67.93,WEEK_END_CLOSE,0.7700000000000955,0.08103130755066079
CI,2026-03-12 00:00:00,2026-03-13 00:00:00,0.0656244948853534,6.0,2026-03-13 09:52:00,267.61,51.57300354072133,49.25595413635482,3,802.83,260.91975,274.30025,2026-03-13 15:59:00,267.14,WEEK_END_CLOSE,-1.4100000000000819,-0.17562871342626796
SLB,2026-03-12 00:00:00,2026-03-13 00:00:00,0.0547257351859842,5.0,2026-03-13 09:57:00,44.35,50.308486776514975,49.21938622419315,22,975.7,43.24125,45.458749999999995,2026-03-13 15:59:00,44.735,WEEK_END_CLOSE,8.469999999999956,0.8680947012401408
WELL,2026-03-12 00:00:00,2026-03-13 00:00:00,0.0902255639097744,10.0,2026-03-13 09:58:00,209.32,62.932088385813486,61.99986648151297,4,837.28,204.087,214.55299999999997,2026-03-13 15:59:00,207.82,WEEK_END_CLOSE,-6.0,-0.7166061532581702
CSX,2026-03-12 00:00:00,2026-03-13 00:00:00,0.0868323729250881,9.0,2026-03-13 10:13:00,39.27,45.58515983335718,44.42046742071956,25,981.7500000000001,38.288250000000005,40.25175,2026-03-13 15:59:00,39.31,WEEK_END_CLOSE,0.9999999999999787,0.10185892538834285
FDX,2026-03-12 00:00:00,2026-03-13 00:00:00,0.0181602044843723,4.0,2026-03-13 10:20:00,350.315,40.54746022641325,38.08697156728209,2,700.63,341.557125,359.07287499999995,2026-03-13 15:59:00,351.62,WEEK_END_CLOSE,2.6100000000000136,0.37252187317129426
RSG,2026-03-12 00:00:00,2026-03-13 00:00:00,0.00920245398773,3.0,2026-03-13 10:22:00,225.2825,43.762417273392686,41.53896045880509,4,901.13,219.65043749999998,230.9145625,2026-03-13 15:59:00,224.29,WEEK_END_CLOSE,-3.9700000000000273,-0.44055796610922293
PCAR,2026-03-12 00:00:00,2026-03-13 00:00:00,0.008130081300813,2.0,2026-03-13 10:29:00,116.02,41.701989771486,41.43500245910244,8,928.16,113.11949999999999,118.92049999999999,2026-03-13 15:59:00,115.32,WEEK_END_CLOSE,-5.600000000000023,-0.6033442509912113
FDX,2026-03-13 00:00:00,2026-03-16 00:00:00,0.0933765573353674,8.0,2026-03-16 09:56:00,356.1125,57.714546904363516,53.33861756721604,2,712.225,347.20968750000003,365.0153125,2026-03-19 09:30:00,345.56,STOP_LOSS_GAP,-21.105000000000018,-2.9632489732879352
ELV,2026-03-13 00:00:00,2026-03-16 00:00:00,0.0417287630402384,3.0,2026-03-16 09:57:00,293.485,50.833655757677704,48.8278409020454,3,880.455,286.147875,300.82212499999997,2026-03-17 10:06:00,300.82212499999997,TAKE_PROFIT,22.011374999999873,2.499999999999991
NSC,2026-03-13 00:00:00,2026-03-16 00:00:00,0.0693400167084377,7.0,2026-03-16 10:02:00,293.2,57.78388540253848,56.6866860719814,3,879.5999999999999,285.87,300.53,2026-03-18 10:46:00,285.87,STOP_LOSS,-21.989999999999952,-2.499999999999991
EMR,2026-03-13 00:00:00,2026-03-16 00:00:00,0.0652173913043478,6.0,2026-03-16 10:04:00,133.8675,52.15587266735831,50.411049729366304,7,937.0725,130.5208125,137.2141875,2026-03-17 11:48:00,130.5208125,STOP_LOSS,-23.42681250000001,-2.500000000000002
BSX,2026-03-13 00:00:00,2026-03-16 00:00:00,0.0584172464125978,4.0,2026-03-16 10:07:00,69.65,54.07468620156505,47.388759350982184,14,975.1000000000001,67.90875,71.39125,2026-03-17 09:49:00,71.39125,TAKE_PROFIT,24.377499999999912,2.499999999999991
ICE,2026-03-13 00:00:00,2026-03-16 00:00:00,0.0409207161125319,2.0,2026-03-16 10:07:00,160.92,57.71187014006825,54.97416135429529,6,965.52,156.897,164.94299999999998,2026-03-18 15:58:00,156.897,STOP_LOSS,-24.137999999999977,-2.500000000000002
PSX,2026-03-13 00:00:00,2026-03-16 00:00:00,0.097183377122355,9.0,2026-03-16 10:07:00,173.705,48.32084133687782,44.120105115172684,5,868.5250000000001,169.36237500000001,178.047625,2026-03-19 10:11:00,178.047625,TAKE_PROFIT,21.71312499999999,2.499999999999991
KO,2026-03-13 00:00:00,2026-03-16 00:00:00,0.1048089691291196,10.0,2026-03-16 10:16:00,78.3079,56.73881507792957,56.30624229864611,12,939.6948,76.35020250000001,80.2655975,2026-03-18 09:43:00,76.35020250000001,STOP_LOSS,-23.492369999999937,-2.499999999999991
ITW,2026-03-13 00:00:00,2026-03-16 00:00:00,0.0068775790921595,1.0,2026-03-16 10:56:00,268.2,53.41202727245637,47.75212118230045,3,804.5999999999999,261.495,274.905,2026-03-18 15:17:00,261.495,STOP_LOSS,-20.114999999999952,-2.499999999999991
SO,2026-03-13 00:00:00,2026-03-16 00:00:00,0.0599462606962666,5.0,2026-03-16 11:18:00,98.53,56.436341965157936,47.18840650657771,10,985.3,96.06675,100.99324999999999,2026-03-19 12:17:00,96.06675,STOP_LOSS,-24.63250000000002,-2.500000000000002
JCI,2026-03-16 00:00:00,2026-03-17 00:00:00,0.033722438391699,4.0,2026-03-17 09:47:00,132.015,53.85629873287956,53.768568190641055,7,924.1049999999999,128.71462499999998,135.31537499999996,2026-03-18 14:01:00,135.31537499999996,TAKE_PROFIT,23.10262499999982,2.499999999999991
EQIX,2026-03-16 00:00:00,2026-03-17 00:00:00,0.0837988826815642,9.0,2026-03-17 09:48:00,984.58,52.721088525595114,45.76159555833932,1,984.58,959.9655,1009.1945,2026-03-19 09:30:00,959.9655,STOP_LOSS,-24.61450000000002,-2.500000000000002
CSX,2026-03-16 00:00:00,2026-03-17 00:00:00,0.0289276807980049,3.0,2026-03-17 09:52:00,40.295,58.68069872567441,56.22069338969404,24,967.08,39.287625,41.302375,2026-03-19 09:30:00,39.175,STOP_LOSS_GAP,-26.88000000000011,-2.7795011788063095
MSI,2026-03-16 00:00:00,2026-03-17 00:00:00,0.0909090909090909,10.0,2026-03-17 09:59:00,471.63,51.47678805466695,47.53207591819668,2,943.26,459.83925,483.42074999999994,2026-03-19 15:44:00,459.83925,STOP_LOSS,-23.581500000000005,-2.500000000000002
UNP,2026-03-16 00:00:00,2026-03-17 00:00:00,0.0674055643519565,6.0,2026-03-17 10:02:00,243.71,53.461891103111704,48.97983786164941,4,974.84,237.61725,249.80274999999997,2026-03-18 10:46:00,237.61725,STOP_LOSS,-24.37099999999998,-2.500000000000002
FTNT,2026-03-16 00:00:00,2026-03-17 00:00:00,0.0678950025239777,7.0,2026-03-17 10:49:00,84.9,51.625615995845,49.38441608030003,11,933.9000000000001,82.7775,87.0225,2026-03-18 09:30:00,82.435,STOP_LOSS_GAP,-27.115000000000038,-2.9034157832744434
EMR,2026-03-16 00:00:00,2026-03-17 00:00:00,0.042490118577075,5.0,2026-03-17 12:11:00,131.255,52.07967611245391,47.03797100096642,7,918.785,127.973625,134.536375,2026-03-19 09:30:00,127.655,STOP_LOSS_GAP,-25.19999999999996,-2.742752657041636
DASH,2026-03-17 00:00:00,2026-03-18 00:00:00,0.0666061941168848,6.0,2026-03-18 09:47:00,169.13,52.84478890689115,47.88266788558065,5,845.65,164.90175,173.35824999999997,2026-03-18 15:50:00,164.90175,STOP_LOSS,-21.141250000000014,-2.500000000000002
MDT,2026-03-17 00:00:00,2026-03-18 00:00:00,0.0628218331616889,5.0,2026-03-18 09:47:00,87.9399,47.590259604588944,44.422487809441876,11,967.3389,85.74140249999999,90.13839749999998,2026-03-20 15:59:00,86.2,WEEK_END_CLOSE,-19.138899999999907,-1.9785103235277601
MCO,2026-03-17 00:00:00,2026-03-18 00:00:00,0.025297619047619,4.0,2026-03-18 09:50:00,439.42,49.53252134301013,48.48907911539284,2,878.84,428.4345,450.40549999999996,2026-03-20 15:59:00,435.03,WEEK_END_CLOSE,-8.780000000000086,-0.9990441946201911
MRSH,2026-03-17 00:00:00,2026-03-18 00:00:00,0.0009389671361502,2.0,2026-03-18 09:59:00,171.51,50.38504535412597,48.90862708646731,5,857.55,167.22224999999997,175.79774999999998,2026-03-20 12:27:00,175.79774999999998,TAKE_PROFIT,21.438749999999942,2.499999999999991
MMM,2026-03-17 00:00:00,2026-03-18 00:00:00,0.1005061460592914,9.0,2026-03-18 10:21:00,144.95,39.554830121405566,37.37250785540253,6,869.6999999999999,141.32625,148.57374999999996,2026-03-19 14:34:00,141.32625,STOP_LOSS,-21.742500000000007,-2.500000000000002
ADBE,2026-03-17 00:00:00,2026-03-18 00:00:00,0.114850253280801,10.0,2026-03-18 10:22:00,250.32,42.77732589522581,41.013398344651435,3,750.96,244.06199999999998,256.578,2026-03-20 09:30:00,242.8,STOP_LOSS_GAP,-22.559999999999945,-3.004154682007021
RSG,2026-03-17 00:00:00,2026-03-18 00:00:00,0.0,1.0,2026-03-18 10:30:00,224.91,50.00434599993927,47.23470827778184,4,899.64,219.28725,230.53274999999996,2026-03-20 15:45:00,219.28725,STOP_LOSS,-22.490999999999985,-2.500000000000002
ITW,2026-03-17 00:00:00,2026-03-18 00:00:00,0.0980392156862745,8.0,2026-03-18 15:22:00,261.82,38.48167332650706,38.1323795668346,3,785.46,255.2745,268.3655,2026-03-20 15:59:00,257.73,WEEK_END_CLOSE,-12.269999999999925,-1.5621419295699268
TEL,2026-03-18 00:00:00,2026-03-19 00:00:00,0.05,10.0,2026-03-19 09:45:00,193.21,46.26660190958431,42.39213002561447,5,966.0500000000001,188.37975,198.04025,2026-03-19 15:05:00,198.04025,TAKE_PROFIT,24.15124999999989,2.499999999999991
CB,2026-03-18 00:00:00,2026-03-19 00:00:00,0.04,7.0,2026-03-19 09:46:00,328.79,47.813582519228156,44.72509717783431,3,986.3700000000001,320.57025,337.00975,2026-03-20 15:59:00,322.59,WEEK_END_CLOSE,-18.600000000000136,-1.8857021198941726
AON,2026-03-18 00:00:00,2026-03-19 00:00:00,0.0192307692307692,4.0,2026-03-19 09:47:00,319.42,51.96109118285254,51.883828599357734,3,958.26,311.4345,327.40549999999996,2026-03-20 15:59:00,325.74,WEEK_END_CLOSE,18.95999999999998,1.9785861874647814
MDLZ,2026-03-18 00:00:00,2026-03-19 00:00:00,0.0091977516607051,3.0,2026-03-19 09:53:00,56.46,52.59527284300551,52.058464266458756,17,959.82,55.0485,57.8715,2026-03-20 15:59:00,56.23,WEEK_END_CLOSE,-3.9100000000000676,-0.4073680481757047
REGN,2026-03-18 00:00:00,2026-03-19 00:00:00,0.042,8.0,2026-03-19 09:59:00,743.04,50.22050225974206,46.60000802556692,1,743.04,724.4639999999999,761.6159999999999,2026-03-20 15:59:00,732.79,WEEK_END_CLOSE,-10.25,-1.379468130921624
KMI,2026-03-18 00:00:00,2026-03-19 00:00:00,0.0210378681626928,5.0,2026-03-19 10:29:00,33.545,65.2942765592814,65.08338944135835,29,972.8050000000001,32.706375,34.383625,2026-03-20 15:59:00,32.86,WEEK_END_CLOSE,-19.865000000000066,-2.0420330898792693
DUK,2026-03-18 00:00:00,2026-03-19 00:00:00,0.0491978609625668,9.0,2026-03-19 10:30:00,131.14,51.5190500569682,48.94516262125224,7,917.9799999999999,127.86149999999998,134.41849999999997,2026-03-20 12:08:00,127.86149999999998,STOP_LOSS,-22.949500000000057,-2.500000000000002
EMR,2026-03-18 00:00:00,2026-03-19 00:00:00,0.0079754601226993,1.0,2026-03-19 10:31:00,128.27,49.232284074969016,46.160183499732355,7,897.8900000000001,125.06325000000001,131.47675,2026-03-20 15:59:00,128.17,WEEK_END_CLOSE,-0.7000000000001592,-0.07796055196072071
AFL,2026-03-18 00:00:00,2026-03-19 00:00:00,0.0090452261306532,2.0,2026-03-19 10:34:00,107.58,46.76169038981694,43.529456538227606,9,968.22,104.8905,110.2695,2026-03-20 15:59:00,106.28,WEEK_END_CLOSE,-11.699999999999974,-1.2084030488938469
WELL,2026-03-18 00:00:00,2026-03-19 00:00:00,0.0271493212669683,6.0,2026-03-19 10:42:00,210.52,52.14382810197321,51.980197139380266,4,842.08,205.257,215.783,2026-03-20 09:30:00,205.05,STOP_LOSS_GAP,-21.879999999999995,-2.598327949838497
HWM,2026-03-19 00:00:00,2026-03-20 00:00:00,0.0509868421052631,6.0,2026-03-20 09:45:00,232.78,56.13012225259252,48.97376373408554,4,931.12,226.9605,238.59949999999998,2026-03-20 15:59:00,231.25,WEEK_END_CLOSE,-6.1200000000000045,-0.6572729615946349
MCK,2026-03-19 00:00:00,2026-03-20 00:00:00,0.0245215311004784,4.0,2026-03-20 09:45:00,895.75,45.587924759976545,37.38193423626768,1,895.75,873.3562499999999,918.14375,2026-03-20 15:59:00,886.48,WEEK_END_CLOSE,-9.269999999999982,-1.0348869662294091
KO,2026-03-19 00:00:00,2026-03-20 00:00:00,0.0810498514361175,10.0,2026-03-20 09:47:00,75.68,47.600918551270254,46.79696173501501,13,983.8400000000001,73.78800000000001,77.572,2026-03-20 15:59:00,74.775,WEEK_END_CLOSE,-11.765000000000015,-1.195824524312894
PCAR,2026-03-19 00:00:00,2026-03-20 00:00:00,0.037037037037037,5.0,2026-03-20 09:48:00,112.94,53.76484707718699,48.498191307272904,8,903.52,110.1165,115.7635,2026-03-20 15:59:00,111.33,WEEK_END_CLOSE,-12.879999999999995,-1.4255356826633592
MPC,2026-03-19 00:00:00,2026-03-20 00:00:00,0.0762032085561497,9.0,2026-03-20 09:49:00,235.705,49.147367384146726,43.79750573400159,4,942.82,229.812375,241.597625,2026-03-20 15:59:00,232.75,WEEK_END_CLOSE,-11.82000000000005,-1.2536857512568722
NSC,2026-03-19 00:00:00,2026-03-20 00:00:00,0.0142857142857142,3.0,2026-03-20 09:51:00,278.88,49.556029439467444,48.19277124008238,3,836.64,271.908,285.852,2026-03-20 15:59:00,281.25,WEEK_END_CLOSE,7.110000000000014,0.8498278829604189
VRTX,2026-03-19 00:00:00,2026-03-20 00:00:00,0.0541516245487364,7.0,2026-03-20 09:51:00,459.75,57.19710920094189,56.75427878147309,2,919.5,448.25624999999997,471.24375,2026-03-20 15:59:00,454.18,WEEK_END_CLOSE,-11.139999999999986,-1.211528004350193
EQIX,2026-03-19 00:00:00,2026-03-20 00:00:00,0.069946195234435,8.0,2026-03-20 10:02:00,976.59,59.222173119083756,52.09478364253594,1,976.59,952.17525,1001.00475,2026-03-20 15:59:00,959.5,WEEK_END_CLOSE,-17.090000000000032,-1.7499667209371461
WELL,2026-03-20 00:00:00,2026-03-23 00:00:00,0.027027027027027,4.0,2026-03-23 09:57:00,199.02,56.29961999392481,56.16675287060745,5,995.1,194.0445,203.9955,2026-03-24 09:31:00,193.34,STOP_LOSS_GAP,-28.400000000000034,-2.853984524168429
FDX,2026-03-20 00:00:00,2026-03-23 00:00:00,0.0152506289916779,2.0,2026-03-23 09:59:00,366.705,55.91877713113952,53.733269646810776,2,733.41,357.537375,375.87262499999997,2026-03-23 15:35:00,357.537375,STOP_LOSS,-18.335249999999974,-2.499999999999991
NEE,2026-03-20 00:00:00,2026-03-23 00:00:00,0.0385321100917431,8.0,2026-03-23 10:07:00,90.885,52.66910103366389,51.98363088866202,11,999.735,88.612875,93.157125,2026-03-27 15:59:00,91.37,WEEK_END_CLOSE,5.334999999999994,0.5336414149749613
SO,2026-03-20 00:00:00,2026-03-23 00:00:00,0.0120614035087719,1.0,2026-03-23 10:07:00,94.0,50.79583356358085,47.77269935165515,10,940.0,91.64999999999999,96.35,2026-03-27 12:15:00,96.35,TAKE_PROFIT,23.499999999999943,2.499999999999991
HPE,2026-03-20 00:00:00,2026-03-23 00:00:00,0.0433864915572232,9.0,2026-03-23 10:09:00,22.15,58.1437656275067,54.43622913328796,45,996.7499999999999,21.596249999999998,22.703749999999996,2026-03-24 10:52:00,22.703749999999996,TAKE_PROFIT,24.91874999999988,2.499999999999991
PCAR,2026-03-20 00:00:00,2026-03-23 00:00:00,0.0165289256198347,3.0,2026-03-23 10:21:00,114.665,64.7163515666377,62.98398281624377,8,917.32,111.79837500000001,117.53162499999999,2026-03-25 09:30:00,117.53162499999999,TAKE_PROFIT,22.93299999999988,2.499999999999991
REGN,2026-03-20 00:00:00,2026-03-23 00:00:00,0.0360824742268041,7.0,2026-03-23 10:23:00,743.1799,57.226898268709476,52.92455732232996,1,743.1799,724.6004025,761.7593974999999,2026-03-27 15:59:00,737.71,WEEK_END_CLOSE,-5.469899999999939,-0.7360129088528788
DLR,2026-03-20 00:00:00,2026-03-23 00:00:00,0.029585798816568,5.0,2026-03-23 10:26:00,177.21,60.36691245823689,57.13558178721431,5,886.0500000000001,172.77975,181.64024999999998,2026-03-27 15:59:00,175.42,WEEK_END_CLOSE,-8.950000000000102,-1.0101010101010166
MPC,2026-03-20 00:00:00,2026-03-23 00:00:00,0.032258064516129,6.0,2026-03-23 10:39:00,236.57,56.34621735801897,55.177171397267145,4,946.28,230.65574999999998,242.48424999999997,2026-03-24 09:42:00,242.48424999999997,TAKE_PROFIT,23.656999999999925,2.499999999999991
KMI,2026-03-20 00:00:00,2026-03-23 00:00:00,0.0463302752293578,10.0,2026-03-23 11:54:00,33.165,53.82642621683562,52.68968270760221,30,994.9499999999999,32.335875,33.994125,2026-03-24 09:58:00,33.994125,TAKE_PROFIT,24.87374999999993,2.499999999999991
GE,2026-03-23 00:00:00,2026-03-24 00:00:00,0.2014471304061832,8.0,2026-03-24 09:51:00,286.66,38.5224223494501,31.985267696990345,3,859.98,279.49350000000004,293.8265,2026-03-25 09:30:00,295.1,TAKE_PROFIT_GAP,25.319999999999993,2.944254517546918
ADP,2026-03-23 00:00:00,2026-03-24 00:00:00,0.1709677419354838,6.0,2026-03-24 09:52:00,206.945,41.05425632040236,39.9576162035979,4,827.78,201.77137499999998,212.11862499999998,2026-03-25 10:03:00,201.77137499999998,STOP_LOSS,-20.694500000000062,-2.500000000000002
BSX,2026-03-23 00:00:00,2026-03-24 00:00:00,0.1399899648770697,3.0,2026-03-24 09:55:00,68.6,43.89030248584234,41.185230600799684,14,960.3999999999999,66.88499999999999,70.31499999999998,2026-03-26 09:41:00,70.31499999999998,TAKE_PROFIT,24.00999999999985,2.499999999999991
SPGI,2026-03-23 00:00:00,2026-03-24 00:00:00,0.1884057971014492,7.0,2026-03-24 09:55:00,416.795,36.81069561449781,32.6627861027828,2,833.59,406.375125,427.214875,2026-03-25 11:12:00,406.375125,STOP_LOSS,-20.83974999999998,-2.500000000000002
ABBV,2026-03-23 00:00:00,2026-03-24 00:00:00,0.1620970171738475,4.0,2026-03-24 10:00:00,202.91,49.260852975866406,45.246850852699666,4,811.64,197.83724999999998,207.98274999999998,2026-03-25 09:42:00,207.98274999999998,TAKE_PROFIT,20.29099999999994,2.499999999999991
FDX,2026-03-23 00:00:00,2026-03-24 00:00:00,0.001088139281828,1.0,2026-03-24 10:26:00,354.01,44.08459082252018,41.61011596891173,2,708.02,345.15975,362.86024999999995,2026-03-27 10:08:00,345.15975,STOP_LOSS,-17.700500000000034,-2.500000000000002
MDLZ,2026-03-23 00:00:00,2026-03-24 00:00:00,0.2294117647058823,10.0,2026-03-24 10:39:00,57.67,59.260198931440925,58.356554187757084,17,980.39,56.22825,59.111749999999994,2026-03-27 15:59:00,58.27,WEEK_END_CLOSE,10.200000000000024,1.040402288885045
KMI,2026-03-23 00:00:00,2026-03-24 00:00:00,0.0223831468071099,2.0,2026-03-24 10:40:00,34.175,60.83283736355853,60.83002858131996,29,991.0749999999999,33.320625,35.029374999999995,2026-03-27 15:59:00,34.02,WEEK_END_CLOSE,-4.494999999999827,-0.45354791514262693
TXN,2026-03-23 00:00:00,2026-03-24 00:00:00,0.2273806383539963,9.0,2026-03-24 10:58:00,194.28,61.68631351774807,61.05746741517904,5,971.4,189.423,199.13699999999997,2026-03-27 14:14:00,189.423,STOP_LOSS,-24.284999999999997,-2.500000000000002
HWM,2026-03-23 00:00:00,2026-03-24 00:00:00,0.1666666666666666,5.0,2026-03-24 11:16:00,237.34,57.41121683106149,56.93896490674182,4,949.36,231.4065,243.27349999999998,2026-03-25 09:30:00,243.27349999999998,TAKE_PROFIT,23.733999999999924,2.499999999999991
MO,2026-03-24 00:00:00,2026-03-25 00:00:00,0.0418888042650418,2.0,2026-03-25 09:51:00,63.39,34.92757881534541,32.26576051626432,15,950.85,61.80525,64.97475,2026-03-26 10:13:00,64.97475,TAKE_PROFIT,23.771249999999995,2.499999999999991
EMR,2026-03-24 00:00:00,2026-03-25 00:00:00,0.1875,10.0,2026-03-25 09:52:00,131.1844,51.381186821728654,48.639350553699174,7,918.2908000000001,127.90479,134.46401,2026-03-26 12:48:00,127.90479,STOP_LOSS,-22.957270000000037,-2.500000000000002
GOOGL,2026-03-24 00:00:00,2026-03-25 00:00:00,0.1609360008398446,7.0,2026-03-25 09:53:00,292.64,44.34540093201583,43.40909315916233,3,877.92,285.32399999999996,299.95599999999996,2026-03-26 09:30:00,285.32399999999996,STOP_LOSS,-21.948000000000093,-2.5000000000000133
PFE,2026-03-24 00:00:00,2026-03-25 00:00:00,0.1587045622522341,6.0,2026-03-25 09:53:00,27.125,51.24397789002818,49.526763418556286,36,976.5,26.446875,27.803124999999998,2026-03-26 10:12:00,27.803124999999998,TAKE_PROFIT,24.412499999999923,2.499999999999991
CSCO,2026-03-24 00:00:00,2026-03-25 00:00:00,0.1641799881586737,8.0,2026-03-25 10:05:00,81.92,62.4567076136214,62.425540548506575,12,983.04,79.872,83.96799999999999,2026-03-27 10:13:00,79.872,STOP_LOSS,-24.576000000000022,-2.500000000000002
MDT,2026-03-24 00:00:00,2026-03-25 00:00:00,0.1828410689170183,9.0,2026-03-25 10:06:00,86.58,43.93387276072323,41.8019349779537,11,952.38,84.4155,88.74449999999999,2026-03-26 11:07:00,88.74449999999999,TAKE_PROFIT,23.809499999999886,2.499999999999991
WMB,2026-03-24 00:00:00,2026-03-25 00:00:00,0.1377870563674321,4.0,2026-03-25 10:22:00,74.42,49.93068522769547,49.32470720681215,13,967.46,72.5595,76.28049999999999,2026-03-27 15:59:00,73.565,WEEK_END_CLOSE,-11.115000000000052,-1.1488847084117237
CME,2026-03-25 00:00:00,2026-03-26 00:00:00,0.2146596858638743,10.0,2026-03-26 09:46:00,295.525,53.06815401030073,49.76153422637814,3,886.5749999999999,288.136875,302.9131249999999,2026-03-27 15:59:00,293.67,WEEK_END_CLOSE,-5.564999999999884,-0.6276964723796463
URI,2026-03-25 00:00:00,2026-03-26 00:00:00,0.0580137659783677,5.0,2026-03-26 09:50:00,745.91,54.42690426987582,51.154706857293746,1,745.91,727.26225,764.5577499999999,2026-03-27 09:30:00,726.57,STOP_LOSS_GAP,-19.339999999999918,-2.59280610261291
TMUS,2026-03-25 00:00:00,2026-03-26 00:00:00,0.1715116279069767,8.0,2026-03-26 09:54:00,212.46,54.50512474705711,54.011635838941295,4,849.84,207.1485,217.7715,2026-03-27 15:59:00,210.82,WEEK_END_CLOSE,-6.560000000000059,-0.7719100065894824
MRVL,2026-03-25 00:00:00,2026-03-26 00:00:00,0.1405376247415265,7.0,2026-03-26 10:04:00,99.94,54.38730218522038,52.426938321732315,10,999.4,97.44149999999999,102.43849999999999,2026-03-26 12:30:00,97.44149999999999,STOP_LOSS,-24.98500000000007,-2.500000000000002
BMY,2026-03-25 00:00:00,2026-03-26 00:00:00,0.0443638608132088,4.0,2026-03-26 10:06:00,59.24,57.855623788426065,54.329242211175185,16,947.84,57.759,60.721,2026-03-27 15:59:00,58.515,WEEK_END_CLOSE,-11.600000000000023,-1.2238352464550961
MRK,2026-03-25 00:00:00,2026-03-26 00:00:00,0.0389258438038925,3.0,2026-03-26 10:08:00,119.37,55.78441370548568,52.175818270042924,8,954.96,116.38575,122.35425,2026-03-27 15:59:00,119.63,WEEK_END_CLOSE,2.0799999999999272,0.21781017005946257
CSX,2026-03-25 00:00:00,2026-03-26 00:00:00,0.1091549295774647,6.0,2026-03-26 10:09:00,39.86,58.73180995770773,51.68112133213759,25,996.5,38.8635,40.8565,2026-03-27 15:59:00,39.67,WEEK_END_CLOSE,-4.749999999999943,-0.47666833918714735
MRVL,2026-03-25 00:00:00,2026-03-26 00:00:00,0.1405376247415265,7.0,2026-03-26 12:36:00,97.665,47.72867064808736,40.76051496823202,10,976.6500000000001,95.223375,100.106625,2026-03-27 10:37:00,95.223375,STOP_LOSS,-24.41625000000002,-2.500000000000002
EMR,2026-03-25 00:00:00,2026-03-26 00:00:00,0.0263157894736842,2.0,2026-03-26 12:55:00,128.1499,45.812014779451246,42.39817908338269,7,897.0493,124.9461525,131.3536475,2026-03-27 09:30:00,124.625,STOP_LOSS_GAP,-24.674300000000017,-2.750606906443165
SPGI,2026-03-26 00:00:00,2026-03-27 00:00:00,0.0676328502415458,6.0,2026-03-27 09:46:00,408.275,41.69443307069445,40.36200496160073,2,816.55,398.06812499999995,418.48187499999995,2026-03-27 15:59:00,406.08,WEEK_END_CLOSE,-4.389999999999986,-0.537627824383069
CVS,2026-03-26 00:00:00,2026-03-27 00:00:00,0.0578186596583442,4.0,2026-03-27 09:57:00,71.17,48.64097181793651,47.38976514579615,14,996.38,69.39075,72.94924999999999,2026-03-27 15:59:00,70.07,WEEK_END_CLOSE,-15.40000000000012,-1.5455950540958385
HWM,2026-03-26 00:00:00,2026-03-27 00:00:00,0.0162454873646209,2.0,2026-03-27 10:00:00,228.95,44.910266139356104,42.81367907812208,4,915.8,223.22625,234.67374999999996,2026-03-27 15:59:00,227.77,WEEK_END_CLOSE,-4.719999999999914,-0.5153963747543067
DASH,2026-03-26 00:00:00,2026-03-27 00:00:00,0.0298948751642575,3.0,2026-03-27 10:06:00,145.145,42.23613038904301,42.14954758502984,6,870.8700000000001,141.516375,148.773625,2026-03-27 15:59:00,146.6,WEEK_END_CLOSE,8.729999999999905,1.0024458300320171
FDX,2026-03-26 00:00:00,2026-03-27 00:00:00,0.0038647342995169,1.0,2026-03-27 10:10:00,346.29,42.97603612618788,41.065635191001334,2,692.58,337.63275,354.94725,2026-03-27 15:59:00,343.89,WEEK_END_CLOSE,-4.800000000000068,-0.6930607294464264
CMCSA,2026-03-26 00:00:00,2026-03-27 00:00:00,0.1008403361344537,9.0,2026-03-27 10:18:00,28.735,54.50901642651485,52.19117709980421,34,976.99,28.016624999999998,29.453374999999998,2026-03-27 15:59:00,28.34,WEEK_END_CLOSE,-13.429999999999986,-1.3746302418653156
SO,2026-03-26 00:00:00,2026-03-27 00:00:00,0.0811965811965812,8.0,2026-03-27 12:21:00,96.32,56.9224705954417,55.99878679848077,10,963.1999999999999,93.91199999999999,98.72799999999998,2026-03-27 15:59:00,95.51,WEEK_END_CLOSE,-8.09999999999988,-0.840946843853807
KMI,2026-03-27 00:00:00,2026-03-30 00:00:00,0.0117951022242192,3.0,2026-03-30 09:48:00,33.97,41.72632258578538,41.2610968563403,29,985.13,33.12075,34.81925,2026-03-31 13:13:00,33.12075,STOP_LOSS,-24.628249999999937,-2.499999999999991
ABNB,2026-03-27 00:00:00,2026-03-30 00:00:00,0.0763809523809523,8.0,2026-03-30 09:52:00,125.45,61.78530533580089,56.165430440583,7,878.15,122.31375,128.58624999999998,2026-04-02 09:30:00,122.31375,STOP_LOSS,-21.953750000000028,-2.500000000000002
MCK,2026-03-27 00:00:00,2026-03-30 00:00:00,0.0827067669172932,9.0,2026-03-30 09:52:00,866.719,57.81818998990925,55.97956938860549,1,866.719,845.051025,888.386975,2026-04-02 15:59:00,884.8,WEEK_END_CLOSE,18.080999999999904,2.0861432598108465
MRK,2026-03-27 00:00:00,2026-03-30 00:00:00,0.0596965699208443,5.0,2026-03-30 09:53:00,121.01,52.1519213856045,51.12266802958054,8,968.08,117.98475,124.03524999999999,2026-03-30 11:03:00,117.98475,STOP_LOSS,-24.201999999999998,-2.500000000000002
MO,2026-03-27 00:00:00,2026-03-30 00:00:00,0.0414154236750238,4.0,2026-03-30 09:55:00,66.55,55.87993049512777,49.466579612785566,15,998.25,64.88624999999999,68.21374999999999,2026-04-01 09:33:00,64.88624999999999,STOP_LOSS,-24.95625000000011,-2.5000000000000133
GD,2026-03-27 00:00:00,2026-03-30 00:00:00,0.0901960784313725,10.0,2026-03-30 10:00:00,347.48,52.49484125779864,46.50838540429876,2,694.96,338.793,356.167,2026-03-30 15:31:00,338.793,STOP_LOSS,-17.374000000000024,-2.500000000000002
GILD,2026-03-27 00:00:00,2026-03-30 00:00:00,0.0656303972366148,6.0,2026-03-30 10:12:00,135.025,49.474595076400895,46.13546100224751,7,945.1750000000001,131.649375,138.400625,2026-03-31 09:33:00,138.400625,TAKE_PROFIT,23.629374999999897,2.499999999999991
FDX,2026-03-27 00:00:00,2026-03-30 00:00:00,0.005859375,2.0,2026-03-30 10:13:00,345.415,54.88023644748231,53.284237975749804,2,690.83,336.779625,354.050375,2026-03-31 15:16:00,354.050375,TAKE_PROFIT,17.270749999999907,2.499999999999991
SPGI,2026-03-27 00:00:00,2026-03-30 00:00:00,0.073170731707317,7.0,2026-03-30 10:21:00,413.055,55.97629520522878,55.5492437540941,2,826.11,402.728625,423.381375,2026-03-31 09:30:00,423.381375,TAKE_PROFIT,20.65274999999997,2.499999999999991
NSC,2026-03-27 00:00:00,2026-03-30 00:00:00,0.0,1.0,2026-03-30 10:23:00,286.005,54.78769697330313,53.21599589925523,3,858.015,278.854875,293.155125,2026-04-02 15:59:00,288.32,WEEK_END_CLOSE,6.944999999999993,0.8094264086292213
MRK,2026-03-27 00:00:00,2026-03-30 00:00:00,0.0596965699208443,5.0,2026-03-30 11:09:00,118.28,39.21056668392214,37.148645105254985,8,946.24,115.323,121.237,2026-03-31 10:05:00,121.237,TAKE_PROFIT,23.65599999999995,2.499999999999991
PM,2026-03-30 00:00:00,2026-03-31 00:00:00,0.027891156462585,4.0,2026-03-31 09:51:00,166.1777,58.04015839850063,51.55798845250798,6,997.0662,162.02325749999997,170.33214249999997,2026-04-01 09:30:00,161.5,STOP_LOSS_GAP,-28.066199999999924,-2.814878289926981
SO,2026-03-30 00:00:00,2026-03-31 00:00:00,0.0268595041322314,3.0,2026-03-31 10:01:00,96.1,44.8126985934618,39.895703721165965,10,961.0,93.69749999999999,98.50249999999998,2026-04-02 15:59:00,97.425,WEEK_END_CLOSE,13.250000000000028,1.378772112382931
PG,2026-03-30 00:00:00,2026-03-31 00:00:00,0.0786259541984732,10.0,2026-03-31 10:05:00,143.67,47.66112228164385,46.754134453333414,6,862.02,140.07825,147.26174999999998,2026-04-02 15:59:00,143.14,WEEK_END_CLOSE,-3.180000000000007,-0.3689009535741583
AFL,2026-03-30 00:00:00,2026-03-31 00:00:00,0.0250352609308885,2.0,2026-03-31 10:08:00,109.02,57.482811376481365,55.504993473375926,9,981.18,106.2945,111.74549999999999,2026-04-02 15:59:00,110.47,WEEK_END_CLOSE,13.050000000000026,1.3300311869381742
SNPS,2026-03-30 00:00:00,2026-03-31 00:00:00,0.0553709856035437,7.0,2026-03-31 10:15:00,394.855,65.23533604087892,64.62582548460274,2,789.71,384.983625,404.72637499999996,2026-04-02 15:59:00,395.825,WEEK_END_CLOSE,1.9399999999999409,0.24565979916677527
CMCSA,2026-03-30 00:00:00,2026-03-31 00:00:00,0.0744391912282466,9.0,2026-03-31 10:22:00,28.495,47.62191247146041,44.72158051012226,35,997.325,27.782625,29.207375,2026-04-01 10:40:00,27.782625,STOP_LOSS,-24.933125000000054,-2.500000000000002
GILD,2026-03-30 00:00:00,2026-03-31 00:00:00,0.0391506303915063,5.0,2026-03-31 11:01:00,138.28,50.497798150126634,50.266583068669625,7,967.96,134.823,141.737,2026-04-02 15:59:00,139.71,WEEK_END_CLOSE,10.010000000000048,1.0341336418860259
HWM,2026-03-30 00:00:00,2026-03-31 00:00:00,0.0480863591756624,6.0,2026-03-31 11:06:00,229.43,57.8844562688428,55.09573220497627,4,917.72,223.69425,235.16574999999997,2026-04-01 09:30:00,235.16574999999997,TAKE_PROFIT,22.94299999999987,2.499999999999991
SPGI,2026-03-31 00:00:00,2026-04-01 00:00:00,0.1705426356589147,7.0,2026-04-01 09:58:00,419.96,49.44575475079276,49.267097001117264,2,839.92,409.46099999999996,430.45899999999995,2026-04-02 10:36:00,430.45899999999995,TAKE_PROFIT,20.997999999999934,2.499999999999991
CSX,2026-03-31 00:00:00,2026-04-01 00:00:00,0.0744186046511627,3.0,2026-04-01 10:01:00,41.79,70.14990176793322,68.82276201123693,23,961.17,40.74525,42.83474999999999,2026-04-02 09:30:00,40.36,STOP_LOSS_GAP,-32.88999999999999,-3.421871261067244
EMR,2026-03-31 00:00:00,2026-04-01 00:00:00,0.1909090909090909,10.0,2026-04-01 10:01:00,134.23,68.1663088582653,65.60307359011783,7,939.6099999999999,130.87425,137.58575,2026-04-02 09:30:00,128.74,STOP_LOSS_GAP,-38.429999999999865,-4.089994785070383
FDX,2026-03-31 00:00:00,2026-04-01 00:00:00,0.0109409190371991,1.0,2026-04-01 10:03:00,365.04,74.44326032533438,71.81508823543504,2,730.08,355.914,374.166,2026-04-02 09:30:00,354.0,STOP_LOSS_GAP,-22.08000000000004,-3.024326101249186
BSX,2026-03-31 00:00:00,2026-04-01 00:00:00,0.1475409836065573,5.0,2026-04-01 10:15:00,62.51,53.16475925063308,52.06516573583556,15,937.65,60.94725,64.07275,2026-04-02 15:59:00,62.8,WEEK_END_CLOSE,4.349999999999987,0.4639257718765055
ABBV,2026-03-31 00:00:00,2026-04-01 00:00:00,0.1847133757961783,9.0,2026-04-01 10:29:00,216.705,48.01966019459973,46.748524876216926,4,866.82,211.287375,222.122625,2026-04-02 10:21:00,211.287375,STOP_LOSS,-21.67050000000006,-2.500000000000002
NEE,2026-03-31 00:00:00,2026-04-01 00:00:00,0.1632985658409387,6.0,2026-04-01 10:45:00,92.76,50.191992034109035,47.61044917373501,10,927.6,90.441,95.079,2026-04-02 15:59:00,93.19,WEEK_END_CLOSE,4.299999999999926,0.46356188012073307
CMCSA,2026-03-31 00:00:00,2026-04-01 00:00:00,0.0951076320939334,4.0,2026-04-01 11:23:00,27.955,49.0245797235722,48.7109807425794,35,978.425,27.256124999999997,28.653874999999996,2026-04-02 15:59:00,27.93,WEEK_END_CLOSE,-0.8749999999999503,-0.08942944017169552
FDX,2026-04-01 00:00:00,2026-04-02 00:00:00,0.0354311520214203,3.0,2026-04-02 09:45:00,356.51,49.08686341548812,42.53081886445699,2,713.02,347.59725,365.42274999999995,2026-04-02 15:59:00,361.5,WEEK_END_CLOSE,9.980000000000018,1.3996802333735348
MDLZ,2026-04-01 00:00:00,2026-04-02 00:00:00,0.1386045544645099,10.0,2026-04-02 09:50:00,57.279,54.24290883559067,51.69468576912244,17,973.743,55.847025,58.710975,2026-04-02 15:59:00,57.535,WEEK_END_CLOSE,4.351999999999883,0.44693517694092133
WM,2026-04-01 00:00:00,2026-04-02 00:00:00,0.1129032258064516,9.0,2026-04-02 09:54:00,235.14,68.64669482664908,65.02665272938303,4,940.56,229.26149999999998,241.01849999999996,2026-04-02 15:59:00,235.43,WEEK_END_CLOSE,1.1600000000000819,0.12333078166200107
DLR,2026-04-01 00:00:00,2026-04-02 00:00:00,0.020804128966484,2.0,2026-04-02 09:58:00,180.5,57.34634612048192,56.18753351030985,5,902.5,175.98749999999998,185.0125,2026-04-02 15:59:00,181.88,WEEK_END_CLOSE,6.899999999999977,0.7645429362880929
SPG,2026-04-01 00:00:00,2026-04-02 00:00:00,0.0643153526970954,7.0,2026-04-02 09:58:00,186.8395,47.130555199348535,46.59306553936475,5,934.1975,182.1685125,191.51048749999998,2026-04-02 15:59:00,188.7,WEEK_END_CLOSE,9.302500000000009,0.9957744481225772
ECL,2026-04-01 00:00:00,2026-04-02 00:00:00,0.0086410054988216,1.0,2026-04-02 10:07:00,264.46,41.75422223763318,41.206265768601504,3,793.3799999999999,257.8485,271.07149999999996,2026-04-02 15:59:00,264.25,WEEK_END_CLOSE,-0.6299999999999386,-0.07940709370036769
NOC,2026-04-01 00:00:00,2026-04-02 00:00:00,0.0408759124087591,4.0,2026-04-02 10:13:00,707.225,58.27921096084494,58.08690611363204,1,707.225,689.5443750000001,724.905625,2026-04-02 15:59:00,702.3,WEEK_END_CLOSE,-4.925000000000068,-0.6963837534023964
MRSH,2026-04-01 00:00:00,2026-04-02 00:00:00,0.0833333333333333,8.0,2026-04-02 11:35:00,174.44,57.63806169801276,53.65772879496781,5,872.2,170.079,178.801,2026-04-02 15:59:00,174.6,WEEK_END_CLOSE,0.799999999999983,0.0917220820912723
SPGI,2026-04-02 00:00:00,2026-04-06 00:00:00,0.0661275596713186,7.0,2026-04-06 09:45:00,432.485,60.570196076457655,59.13497046399742,2,864.97,421.672875,443.297125,2026-04-09 10:02:00,421.672875,STOP_LOSS,-21.624250000000075,-2.5000000000000133
EQIX,2026-04-02 00:00:00,2026-04-06 00:00:00,0.0460772104607721,4.0,2026-04-06 09:46:00,999.94,48.4134426119395,43.17235998152996,1,999.94,974.9415,1024.9385,2026-04-09 09:34:00,1025.0,TAKE_PROFIT_GAP,25.059999999999945,2.506150369022131
MSI,2026-04-02 00:00:00,2026-04-06 00:00:00,0.0714285714285714,9.0,2026-04-06 09:47:00,439.195,57.92578970840178,55.198499087024814,2,878.39,428.215125,450.17487499999993,2026-04-10 15:59:00,433.72,WEEK_END_CLOSE,-10.949999999999932,-1.2465988911531278
ORLY,2026-04-02 00:00:00,2026-04-06 00:00:00,0.0536585365853658,5.0,2026-04-06 09:48:00,90.685,44.74121613928373,41.90937450344248,11,997.5350000000001,88.417875,92.952125,2026-04-08 14:03:00,92.952125,TAKE_PROFIT,24.938374999999922,2.499999999999991
APD,2026-04-02 00:00:00,2026-04-06 00:00:00,0.0703986429177268,8.0,2026-04-06 09:51:00,290.765,45.324139950795654,42.40133670461087,3,872.295,283.49587499999996,298.03412499999996,2026-04-08 09:30:00,283.49587499999996,STOP_LOSS,-21.807375000000093,-2.5000000000000133
NOC,2026-04-02 00:00:00,2026-04-06 00:00:00,0.0949044585987261,10.0,2026-04-06 09:55:00,693.87,47.2930573099723,43.567474655338486,1,693.87,676.52325,711.2167499999999,2026-04-08 09:30:00,676.52325,STOP_LOSS,-17.346750000000043,-2.500000000000002
RSG,2026-04-02 00:00:00,2026-04-06 00:00:00,0.0096930533117932,1.0,2026-04-06 09:55:00,222.07,46.99194084126963,44.99829947589993,4,888.28,216.51825,227.62174999999996,2026-04-08 09:30:00,216.51825,STOP_LOSS,-22.206999999999994,-2.500000000000002
SO,2026-04-02 00:00:00,2026-04-06 00:00:00,0.0555635872398919,6.0,2026-04-06 09:55:00,97.61,57.65125481743238,53.65679949441698,10,976.1,95.16975,100.05024999999999,2026-04-10 15:59:00,97.155,WEEK_END_CLOSE,-4.549999999999983,-0.4661407642659543
CSX,2026-04-02 00:00:00,2026-04-06 00:00:00,0.031160420752114,3.0,2026-04-06 09:59:00,41.01,50.933756901742896,49.41347436660234,24,984.24,39.98475,42.03525,2026-04-08 09:30:00,42.03525,TAKE_PROFIT,24.605999999999995,2.499999999999991
NSC,2026-04-02 00:00:00,2026-04-06 00:00:00,0.0163398692810457,2.0,2026-04-06 09:59:00,287.75,51.179097837039144,46.47701192580582,3,863.25,280.55625,294.94374999999997,2026-04-08 10:00:00,294.94374999999997,TAKE_PROFIT,21.581249999999898,2.499999999999991
MRSH,2026-04-06 00:00:00,2026-04-07 00:00:00,0.0125786163522012,2.0,2026-04-07 09:45:00,174.07,45.31375816860706,42.715891456674335,5,870.3499999999999,169.71824999999998,178.42174999999997,2026-04-10 09:37:00,169.71824999999998,STOP_LOSS,-21.75875000000005,-2.500000000000002
HCA,2026-04-06 00:00:00,2026-04-07 00:00:00,0.1816283924843423,10.0,2026-04-07 09:50:00,485.255,60.533828947021,57.502827390683144,2,970.51,473.123625,497.38637499999993,2026-04-08 09:30:00,497.99,TAKE_PROFIT_GAP,25.470000000000027,2.6243933601920677
TEL,2026-04-06 00:00:00,2026-04-07 00:00:00,0.013215859030837,3.0,2026-04-07 09:50:00,208.8225,49.50189104824175,47.437111034166115,4,835.29,203.6019375,214.04306249999996,2026-04-08 09:30:00,220.735,TAKE_PROFIT_GAP,47.65000000000009,5.704605586083877
EOG,2026-04-06 00:00:00,2026-04-07 00:00:00,0.1726387873658292,9.0,2026-04-07 09:51:00,144.66,57.470635052990765,53.55371347891083,6,867.96,141.0435,148.27649999999997,2026-04-08 09:30:00,135.44,STOP_LOSS_GAP,-55.31999999999999,-6.373565602101483
FDX,2026-04-06 00:00:00,2026-04-07 00:00:00,0.0997139371088599,6.0,2026-04-07 09:52:00,356.41,43.98380126410923,42.14121873198359,2,712.82,347.49975,365.32025,2026-04-08 09:30:00,365.32025,TAKE_PROFIT,17.820499999999925,2.499999999999991
PLD,2026-04-06 00:00:00,2026-04-07 00:00:00,0.0636550308008213,5.0,2026-04-07 09:53:00,131.28,41.83210853349374,41.04896775362718,7,918.96,127.998,134.56199999999998,2026-04-08 09:30:00,136.1,TAKE_PROFIT_GAP,33.73999999999995,3.6715417428397235
AJG,2026-04-06 00:00:00,2026-04-07 00:00:00,0.16,8.0,2026-04-07 10:13:00,220.24,56.81980622004107,54.7524423428396,4,880.96,214.734,225.74599999999998,2026-04-10 09:35:00,214.734,STOP_LOSS,-22.024,-2.500000000000002
TMUS,2026-04-07 00:00:00,2026-04-08 00:00:00,0.0902156275760336,7.0,2026-04-08 09:49:00,199.555,47.81909458873144,44.244544239540694,5,997.7750000000001,194.566125,204.54387499999999,2026-04-10 11:29:00,194.566125,STOP_LOSS,-24.944375000000036,-2.500000000000002
PCAR,2026-04-07 00:00:00,2026-04-08 00:00:00,0.0338983050847457,4.0,2026-04-08 09:55:00,123.52,68.66652315392938,68.3645031020032,8,988.16,120.43199999999999,126.60799999999999,2026-04-09 12:52:00,126.60799999999999,TAKE_PROFIT,24.70399999999995,2.499999999999991
ITW,2026-04-07 00:00:00,2026-04-08 00:00:00,0.0789473684210526,6.0,2026-04-08 09:56:00,268.2325,66.22621846359408,63.93925037760639,3,804.6975,261.52668750000004,274.9383125,2026-04-10 15:59:00,270.52,WEEK_END_CLOSE,6.862499999999898,0.8528049360163159
NSC,2026-04-07 00:00:00,2026-04-08 00:00:00,0.0555555555555555,5.0,2026-04-08 10:03:00,295.07,67.11495711868776,63.57523510056998,3,885.21,287.69325,302.44674999999995,2026-04-10 15:59:00,296.41,WEEK_END_CLOSE,4.0200000000000955,0.4541295285864555
AON,2026-04-07 00:00:00,2026-04-08 00:00:00,0.0060240963855421,2.0,2026-04-08 10:18:00,330.395,64.6449628327785,62.771046634083504,3,991.185,322.13512499999996,338.65487499999995,2026-04-10 09:30:00,322.13512499999996,STOP_LOSS,-24.779625000000067,-2.500000000000002
ABT,2026-04-07 00:00:00,2026-04-08 00:00:00,0.1166971696290362,9.0,2026-04-08 10:29:00,102.92,56.89027651017485,55.86266078469272,9,926.28,100.347,105.493,2026-04-10 12:11:00,100.347,STOP_LOSS,-23.157000000000068,-2.500000000000002
MO,2026-04-07 00:00:00,2026-04-08 00:00:00,0.1023195791565746,8.0,2026-04-08 10:33:00,64.95,43.23780306654241,39.7784115155549,15,974.25,63.32625,66.57375,2026-04-08 15:30:00,66.57375,TAKE_PROFIT,24.356250000000017,2.499999999999991
APD,2026-04-08 00:00:00,2026-04-09 00:00:00,0.050251256281407,2.0,2026-04-09 09:46:00,298.7344,65.98864295170057,65.76769880608155,3,896.2031999999999,291.26604,306.20275999999996,2026-04-10 15:59:00,298.8,WEEK_END_CLOSE,0.19680000000005293,0.02195930565747073
BMY,2026-04-08 00:00:00,2026-04-09 00:00:00,0.1268532791711599,10.0,2026-04-09 09:55:00,59.255,65.53774124646615,64.31097379794066,16,948.08,57.773625,60.736374999999995,2026-04-10 15:59:00,58.62,WEEK_END_CLOSE,-10.160000000000082,-1.071639524090806
ADP,2026-04-08 00:00:00,2026-04-09 00:00:00,0.1089715736017986,9.0,2026-04-09 09:58:00,195.88,41.564152517665555,39.39605066626294,5,979.4,190.983,200.777,2026-04-10 09:51:00,190.983,STOP_LOSS,-24.484999999999957,-2.499999999999991
ACN,2026-04-08 00:00:00,2026-04-09 00:00:00,0.1011611843006722,7.0,2026-04-09 10:04:00,184.335,37.59596481175825,36.142278129742834,5,921.6750000000001,179.726625,188.943375,2026-04-10 11:30:00,179.726625,STOP_LOSS,-23.041874999999976,-2.500000000000002
SPGI,2026-04-08 00:00:00,2026-04-09 00:00:00,0.0715031996865613,4.0,2026-04-09 10:05:00,423.93,38.88434478543055,38.247907088855584,2,847.86,413.33175,434.52824999999996,2026-04-10 09:51:00,413.33175,STOP_LOSS,-21.196500000000015,-2.500000000000002
TEL,2026-04-09 00:00:00,2026-04-10 00:00:00,0.125,8.0,2026-04-10 09:46:00,230.31,59.89505091649274,55.15780829843611,4,921.24,224.55225,236.06775,2026-04-10 15:59:00,229.87,WEEK_END_CLOSE,-1.759999999999991,-0.19104684989795784
MCK,2026-04-09 00:00:00,2026-04-10 00:00:00,0.144927536231884,10.0,2026-04-10 09:51:00,865.0,50.777264441446874,39.13464270361796,1,865.0,843.375,886.6249999999999,2026-04-10 15:59:00,865.94,WEEK_END_CLOSE,0.9400000000000546,0.10867052023122437
MPC,2026-04-09 00:00:00,2026-04-10 00:00:00,0.0644518272425249,4.0,2026-04-10 09:55:00,220.69,43.80606546137789,40.76555155941903,4,882.76,215.17274999999998,226.20725,2026-04-10 15:59:00,222.64,WEEK_END_CLOSE,7.7999999999999545,0.8835923693869097
AFL,2026-04-09 00:00:00,2026-04-10 00:00:00,0.0125200255302905,1.0,2026-04-10 09:56:00,111.17,37.0714858709048,36.386737591594304,8,889.36,108.39075,113.94924999999999,2026-04-10 15:59:00,110.74,WEEK_END_CLOSE,-3.4400000000000546,-0.3867949986507191
SPGI,2026-04-09 00:00:00,2026-04-10 00:00:00,0.0965403248788828,5.0,2026-04-10 09:58:00,418.515,49.84041238623944,48.72647930526527,2,837.03,408.052125,428.9778749999999,2026-04-10 15:59:00,415.41,WEEK_END_CLOSE,-6.209999999999923,-0.741908892154397
PM,2026-04-09 00:00:00,2026-04-10 00:00:00,0.1232657258981636,7.0,2026-04-10 10:00:00,159.405,41.13695649747585,37.42658421902762,6,956.4300000000001,155.419875,163.39012499999998,2026-04-10 15:59:00,160.49,WEEK_END_CLOSE,6.510000000000048,0.6806561902073405
RSG,2026-04-09 00:00:00,2026-04-10 00:00:00,0.1111111111111111,6.0,2026-04-10 10:02:00,214.85,49.41324855017517,42.95159767784948,4,859.4,209.47875,220.22124999999997,2026-04-10 15:59:00,214.62,WEEK_END_CLOSE,-0.9199999999999591,-0.10705143123108662
KO,2026-04-10 00:00:00,2026-04-13 00:00:00,0.0540134929393529,4.0,2026-04-13 09:46:00,77.02,38.31525610251276,37.49003551748586,12,924.24,75.0945,78.9455,2026-04-15 09:33:00,75.0945,STOP_LOSS,-23.105999999999995,-2.500000000000002
CSX,2026-04-10 00:00:00,2026-04-13 00:00:00,0.1178499607122404,7.0,2026-04-13 09:47:00,42.205,53.89731752576996,53.81162252421843,23,970.7149999999999,41.149874999999994,43.260124999999995,2026-04-17 10:16:00,43.260124999999995,TAKE_PROFIT,24.267874999999925,2.499999999999991
ELV,2026-04-10 00:00:00,2026-04-13 00:00:00,0.1376146788990825,9.0,2026-04-13 09:47:00,309.06,40.4264674627065,38.564574265563955,3,927.1800000000001,301.3335,316.7865,2026-04-14 09:30:00,317.86,TAKE_PROFIT_GAP,26.400000000000034,2.847343557885207
FDX,2026-04-10 00:00:00,2026-04-13 00:00:00,0.032640921175953,2.0,2026-04-13 09:47:00,372.05,47.1180254659868,43.7437514157463,2,744.1,362.74875000000003,381.35125,2026-04-14 09:30:00,362.74875000000003,STOP_LOSS,-18.602499999999964,-2.499999999999991
MPC,2026-04-10 00:00:00,2026-04-13 00:00:00,0.1471962616822429,10.0,2026-04-13 09:47:00,224.12,55.99916390087065,53.689902599210164,4,896.48,218.517,229.72299999999998,2026-04-16 09:56:00,229.72299999999998,TAKE_PROFIT,22.41199999999992,2.499999999999991
ABNB,2026-04-10 00:00:00,2026-04-13 00:00:00,0.0973031800333547,6.0,2026-04-13 09:49:00,127.87,62.540141303014735,54.49315191158063,7,895.09,124.67325,131.06674999999998,2026-04-14 09:30:00,131.06674999999998,TAKE_PROFIT,22.37724999999986,2.499999999999991
ADI,2026-04-10 00:00:00,2026-04-13 00:00:00,0.1200358931451368,8.0,2026-04-13 09:49:00,346.6325,43.105143618264854,41.95440150584054,2,693.265,337.9666875,355.29831249999995,2026-04-16 11:39:00,355.29831249999995,TAKE_PROFIT,17.331624999999917,2.499999999999991
MDLZ,2026-04-10 00:00:00,2026-04-13 00:00:00,0.0585147444804693,5.0,2026-04-13 09:49:00,58.2,41.05315449344762,39.65266714462139,17,989.4000000000001,56.745000000000005,59.655,2026-04-15 09:35:00,56.745000000000005,STOP_LOSS,-24.73499999999997,-2.500000000000002
PCAR,2026-04-10 00:00:00,2026-04-13 00:00:00,0.027027027027027,1.0,2026-04-13 09:58:00,126.54,46.71718557608341,46.30439843043965,7,885.7800000000001,123.37650000000001,129.7035,2026-04-15 09:45:00,123.37650000000001,STOP_LOSS,-22.144499999999994,-2.500000000000002
TT,2026-04-10 00:00:00,2026-04-13 00:00:00,0.0530973451327433,3.0,2026-04-13 09:58:00,467.33,51.562239728082474,46.18169780836066,2,934.66,455.64675,479.0132499999999,2026-04-15 10:10:00,455.64675,STOP_LOSS,-23.366499999999974,-2.500000000000002
HCA,2026-04-13 00:00:00,2026-04-14 00:00:00,0.0979228486646884,10.0,2026-04-14 09:47:00,498.835,64.08569081833647,60.224037519475196,2,997.67,486.36412499999994,511.30587499999996,2026-04-15 13:48:00,486.36412499999994,STOP_LOSS,-24.94175000000007,-2.500000000000002
APD,2026-04-13 00:00:00,2026-04-14 00:00:00,0.0536912751677852,6.0,2026-04-14 09:55:00,295.285,50.65763973724758,46.77941770101191,3,885.855,287.902875,302.667125,2026-04-17 15:59:00,291.58,WEEK_END_CLOSE,-11.115000000000123,-1.254720016255495
UNP,2026-04-13 00:00:00,2026-04-14 00:00:00,0.076537712218202,9.0,2026-04-14 09:56:00,250.945,54.104778514224954,52.90552271268203,3,752.835,244.67137499999998,257.218625,2026-04-17 15:59:00,251.07,WEEK_END_CLOSE,0.375,0.0498117117296637
NSC,2026-04-13 00:00:00,2026-04-14 00:00:00,0.0,1.0,2026-04-14 09:57:00,297.32,59.977997264173275,56.86170354301662,3,891.96,289.887,304.753,2026-04-17 09:55:00,304.83,TAKE_PROFIT_GAP,22.529999999999973,2.5258980223328287
CB,2026-04-13 00:00:00,2026-04-14 00:00:00,0.0434782608695652,5.0,2026-04-14 10:00:00,327.22,54.43405244286484,53.606267226184656,3,981.6600000000001,319.03950000000003,335.4005,2026-04-17 15:59:00,330.78,WEEK_END_CLOSE,10.679999999999836,1.087953059103941
MRSH,2026-04-13 00:00:00,2026-04-14 00:00:00,0.0153793574846206,4.0,2026-04-14 10:00:00,172.78,55.783643212463566,55.00922251257812,5,863.9,168.4605,177.09949999999998,2026-04-16 09:30:00,178.19,TAKE_PROFIT_GAP,27.049999999999983,3.131149438592429
MSI,2026-04-13 00:00:00,2026-04-14 00:00:00,0.0583090379008746,7.0,2026-04-14 10:00:00,437.495,55.72574624948038,54.5137407573201,2,874.99,426.557625,448.432375,2026-04-17 15:59:00,441.9,WEEK_END_CLOSE,8.809999999999945,1.0068686499274282
ITW,2026-04-13 00:00:00,2026-04-14 00:00:00,0.0069444444444444,3.0,2026-04-14 10:03:00,274.34,63.88660169072549,59.40511725991189,3,823.02,267.4815,281.19849999999997,2026-04-15 09:34:00,267.4815,STOP_LOSS,-20.575499999999977,-2.500000000000002
FTNT,2026-04-13 00:00:00,2026-04-14 00:00:00,0.0710727333111923,8.0,2026-04-14 10:18:00,78.86,51.81395732303096,50.90923904614427,12,946.3199999999999,76.8885,80.83149999999999,2026-04-16 09:32:00,80.83149999999999,TAKE_PROFIT,23.6579999999999,2.499999999999991
MCO,2026-04-14 00:00:00,2026-04-15 00:00:00,0.0826446280991735,6.0,2026-04-15 09:49:00,446.12,61.06124173624093,60.0637421691906,2,892.24,434.967,457.27299999999997,2026-04-17 10:40:00,457.27299999999997,TAKE_PROFIT,22.305999999999926,2.499999999999991
AJG,2026-04-14 00:00:00,2026-04-15 00:00:00,0.0925925925925925,8.0,2026-04-15 09:56:00,220.22,46.02167701685919,45.87328279530421,4,880.88,214.7145,225.72549999999998,2026-04-17 15:59:00,221.62,WEEK_END_CLOSE,5.600000000000023,0.6357279084551859
CRH,2026-04-14 00:00:00,2026-04-15 00:00:00,0.055045871559633,2.0,2026-04-15 09:58:00,116.37,41.508353168325364,37.553583726887496,8,930.96,113.46075,119.27924999999999,2026-04-17 10:04:00,119.27924999999999,TAKE_PROFIT,23.273999999999887,2.499999999999991
UPS,2026-04-14 00:00:00,2026-04-15 00:00:00,0.100750069450875,9.0,2026-04-15 10:06:00,102.765,59.012978851999144,57.168134939411765,9,924.885,100.195875,105.33412499999999,2026-04-16 11:58:00,105.33412499999999,TAKE_PROFIT,23.12212499999987,2.499999999999991
TJX,2026-04-14 00:00:00,2026-04-15 00:00:00,0.0723961803242282,4.0,2026-04-15 10:07:00,159.68,56.37273287233141,56.318710689876944,6,958.08,155.68800000000002,163.672,2026-04-17 15:59:00,160.67,WEEK_END_CLOSE,5.939999999999884,0.6199899799599118
HD,2026-04-14 00:00:00,2026-04-15 00:00:00,0.1060527138243567,10.0,2026-04-15 10:22:00,339.0899,47.34869004124401,44.92575663201421,2,678.1798,330.61265249999997,347.5671475,2026-04-17 10:02:00,347.5671475,TAKE_PROFIT,16.95449499999995,2.499999999999991
ABNB,2026-04-15 00:00:00,2026-04-16 00:00:00,0.0264670296430732,3.0,2026-04-16 09:46:00,138.86,53.65870591320702,50.22237900655906,7,972.0200000000001,135.38850000000002,142.3315,2026-04-17 10:18:00,142.3315,TAKE_PROFIT,24.300499999999943,2.499999999999991
PCAR,2026-04-15 00:00:00,2026-04-16 00:00:00,0.0,1.0,2026-04-16 09:49:00,124.54,59.08830591049002,58.66551666552785,8,996.32,121.4265,127.6535,2026-04-17 10:49:00,127.6535,TAKE_PROFIT,24.9079999999999,2.499999999999991
MCD,2026-04-15 00:00:00,2026-04-16 00:00:00,0.0665399239543726,6.0,2026-04-16 09:50:00,306.23,53.59285459796296,53.03722541415804,3,918.69,298.57425,313.88575,2026-04-17 15:59:00,311.36,WEEK_END_CLOSE,15.389999999999986,1.675211442379898
SPG,2026-04-15 00:00:00,2026-04-16 00:00:00,0.0149625935162094,2.0,2026-04-16 09:52:00,202.605,58.20760073732854,57.89229046939502,4,810.42,197.539875,207.67012499999998,2026-04-17 15:59:00,206.12,WEEK_END_CLOSE,14.06000000000006,1.7349028898595797
ICE,2026-04-15 00:00:00,2026-04-16 00:00:00,0.036144578313253,4.0,2026-04-16 09:56:00,164.39,46.26605622161686,41.149564765574915,6,986.3399999999999,160.28025,168.49974999999998,2026-04-17 10:18:00,160.28025,STOP_LOSS,-24.658499999999947,-2.499999999999991
QCOM,2026-04-15 00:00:00,2026-04-16 00:00:00,0.0606564488143435,5.0,2026-04-16 09:57:00,133.61,50.40144488663038,48.11436290197236,7,935.2700000000001,130.26975000000002,136.95025,2026-04-17 12:33:00,136.95025,TAKE_PROFIT,23.381749999999982,2.499999999999991
PWR,2026-04-15 00:00:00,2026-04-16 00:00:00,0.0943627450980392,10.0,2026-04-16 10:00:00,586.6,50.92714208538528,48.87737666321194,1,586.6,571.9350000000001,601.265,2026-04-17 12:33:00,601.265,TAKE_PROFIT,14.664999999999964,2.499999999999991
FDX,2026-04-15 00:00:00,2026-04-16 00:00:00,0.0756843800322061,8.0,2026-04-16 10:07:00,372.7,64.00696989604334,63.17973430653462,2,745.4,363.3825,382.0174999999999,2026-04-17 09:30:00,383.37,TAKE_PROFIT_GAP,21.340000000000032,2.8628924067614747
AON,2026-04-15 00:00:00,2026-04-16 00:00:00,0.074074074074074,7.0,2026-04-16 10:08:00,334.28,59.8845350819091,57.780293792872335,2,668.56,325.92299999999994,342.63699999999994,2026-04-17 15:59:00,331.82,WEEK_END_CLOSE,-4.919999999999959,-0.7359100155558185
CME,2026-04-16 00:00:00,2026-04-17 00:00:00,0.0398162327718223,7.0,2026-04-17 09:46:00,292.01,37.36146231648179,34.3811318111303,3,876.03,284.70975,299.31024999999994,2026-04-17 11:16:00,284.70975,STOP_LOSS,-21.900750000000016,-2.500000000000002
JCI,2026-04-16 00:00:00,2026-04-17 00:00:00,0.0292792792792792,6.0,2026-04-17 09:47:00,139.615,62.368398044796244,60.769207856649274,7,977.3050000000001,136.124625,143.105375,2026-04-17 15:59:00,140.88,WEEK_END_CLOSE,8.854999999999905,0.9060631021021948
UPS,2026-04-16 00:00:00,2026-04-17 00:00:00,0.0596914822266934,9.0,2026-04-17 09:48:00,105.98,55.923778755878914,54.39180763251584,9,953.82,103.3305,108.6295,2026-04-17 15:59:00,106.43,WEEK_END_CLOSE,4.050000000000026,0.4246084166823927
FDX,2026-04-16 00:00:00,2026-04-17 00:00:00,0.0036443148688046,2.0,2026-04-17 09:49:00,383.745,60.57749101927493,60.57022740612313,2,767.49,374.151375,393.338625,2026-04-17 15:59:00,392.04,WEEK_END_CLOSE,16.590000000000032,2.161591681976316
NSC,2026-04-16 00:00:00,2026-04-17 00:00:00,0.0151515151515151,3.0,2026-04-17 10:15:00,305.33,65.4905569122859,58.357630347857175,3,915.99,297.69674999999995,312.96324999999996,2026-04-17 15:59:00,302.34,WEEK_END_CLOSE,-8.970000000000027,-0.9792683326237173
WM,2026-04-16 00:00:00,2026-04-17 00:00:00,0.0746887966804979,10.0,2026-04-17 10:20:00,223.59,52.61436504699839,48.8399737339237,4,894.36,218.00025,229.17974999999998,2026-04-17 15:59:00,223.92,WEEK_END_CLOSE,1.3199999999999363,0.1475915738628597
ABNB,2026-04-16 00:00:00,2026-04-17 00:00:00,0.0578282828282828,8.0,2026-04-17 10:31:00,143.0,70.50352647619428,67.21698917028145,6,858.0,139.42499999999998,146.575,2026-04-17 15:59:00,141.55,WEEK_END_CLOSE,-8.699999999999932,-1.0139860139860013
CSX,2026-04-16 00:00:00,2026-04-17 00:00:00,0.0014823599169878,1.0,2026-04-17 10:31:00,43.455,67.68980415600706,65.33317033225016,23,999.4649999999999,42.368624999999994,44.541374999999995,2026-04-17 15:59:00,43.32,WEEK_END_CLOSE,-3.1049999999999542,-0.3106662064204291
CME,2026-04-16 00:00:00,2026-04-17 00:00:00,0.0398162327718223,7.0,2026-04-17 11:17:00,285.22,42.17948605708764,39.62767758005926,3,855.6600000000001,278.08950000000004,292.3505,2026-04-17 15:59:00,287.68,WEEK_END_CLOSE,7.379999999999939,0.8624921113526307
MCO,2026-04-17 00:00:00,2026-04-20 00:00:00,0.0054794520547945,1.0,2026-04-20 09:45:00,455.5,52.76149136895986,45.60773865377604,2,911.0,444.1125,466.88749999999993,2026-04-21 09:35:00,466.88749999999993,TAKE_PROFIT,22.774999999999864,2.499999999999991
SPGI,2026-04-17 00:00:00,2026-04-20 00:00:00,0.0165975103734439,6.0,2026-04-20 09:45:00,441.345,50.75767223848074,46.67391725722282,2,882.69,430.311375,452.378625,2026-04-21 10:29:00,452.378625,TAKE_PROFIT,22.067249999999945,2.499999999999991
AJG,2026-04-17 00:00:00,2026-04-20 00:00:00,0.0222222222222222,8.0,2026-04-20 09:53:00,222.39,55.89349251243551,54.185386345116264,4,889.56,216.83024999999998,227.94974999999997,2026-04-24 09:30:00,216.83024999999998,STOP_LOSS,-22.239000000000033,-2.500000000000002
ITW,2026-04-17 00:00:00,2026-04-20 00:00:00,0.0173410404624277,7.0,2026-04-20 09:54:00,271.74,49.027097539927325,47.74081066071022,3,815.22,264.9465,278.5335,2026-04-24 15:59:00,269.31,WEEK_END_CLOSE,-7.2900000000000205,-0.8942371384411563
JCI,2026-04-17 00:00:00,2026-04-20 00:00:00,0.009375,5.0,2026-04-20 09:57:00,141.37,50.623266472652986,47.91761748981311,7,989.59,137.83575,144.90425,2026-04-24 15:59:00,141.93,WEEK_END_CLOSE,3.920000000000016,0.39612364716701265
CB,2026-04-17 00:00:00,2026-04-20 00:00:00,0.0224719101123595,9.0,2026-04-20 09:58:00,333.08,57.941924545531364,57.203909823073,3,999.24,324.753,341.407,2026-04-22 09:30:00,321.66,STOP_LOSS_GAP,-34.25999999999988,-3.428605740362667
TT,2026-04-17 00:00:00,2026-04-20 00:00:00,0.0093457943925233,4.0,2026-04-20 10:03:00,477.71,53.473562887204835,49.10417950528399,2,955.42,465.76725,489.6527499999999,2026-04-23 13:00:00,489.6527499999999,TAKE_PROFIT,23.885499999999865,2.499999999999991
FDX,2026-04-17 00:00:00,2026-04-20 00:00:00,0.006820765441455,2.0,2026-04-20 10:30:00,394.66,63.27314252153065,55.106257394617884,2,789.32,384.7935,404.5265,2026-04-24 15:59:00,387.94,WEEK_END_CLOSE,-13.440000000000055,-1.702731465058538
NSC,2026-04-17 00:00:00,2026-04-20 00:00:00,0.0229885057471264,10.0,2026-04-20 10:39:00,304.22,54.752199629083975,54.51676457724791,3,912.6600000000001,296.6145,311.8255,2026-04-23 10:12:00,311.8899,TAKE_PROFIT_GAP,23.009699999999953,2.521168890934189
APD,2026-04-17 00:00:00,2026-04-20 00:00:00,0.0089820359281437,3.0,2026-04-20 10:43:00,297.72,62.320856222969894,61.50899646569327,3,893.1600000000001,290.27700000000004,305.163,2026-04-24 15:59:00,301.76,WEEK_END_CLOSE,12.11999999999989,1.3569797124815208
AFL,2026-04-20 00:00:00,2026-04-21 00:00:00,0.1266375545851528,8.0,2026-04-21 09:49:00,115.11,55.922980751484204,55.47318422205145,8,920.88,112.23225,117.98774999999999,2026-04-24 15:59:00,114.65,WEEK_END_CLOSE,-3.67999999999995,-0.39961775692815005
TGT,2026-04-20 00:00:00,2026-04-21 00:00:00,0.0673108525603102,4.0,2026-04-21 09:53:00,132.305,58.71283310192845,57.91621139999001,7,926.135,128.997375,135.612625,2026-04-24 09:31:00,128.997375,STOP_LOSS,-23.15337500000001,-2.500000000000002
TMUS,2026-04-20 00:00:00,2026-04-21 00:00:00,0.1106110847939365,7.0,2026-04-21 09:54:00,195.56,41.22863549231581,40.46547312098354,5,977.8,190.671,200.44899999999998,2026-04-21 14:02:00,200.44899999999998,TAKE_PROFIT,24.444999999999908,2.499999999999991
CSX,2026-04-20 00:00:00,2026-04-21 00:00:00,0.0943643512450851,6.0,2026-04-21 10:01:00,43.68,48.87697597128264,45.637680549895485,22,960.96,42.588,44.772,2026-04-23 09:30:00,45.465,TAKE_PROFIT_GAP,39.27000000000008,4.08653846153848
UNP,2026-04-20 00:00:00,2026-04-21 00:00:00,0.0386547281065734,2.0,2026-04-21 10:01:00,252.57,47.706654665769065,47.290441787229184,3,757.71,246.25574999999998,258.88424999999995,2026-04-23 09:30:00,262.76,TAKE_PROFIT_GAP,30.569999999999993,4.034525082155449
ICE,2026-04-20 00:00:00,2026-04-21 00:00:00,0.0891719745222929,5.0,2026-04-21 10:15:00,161.5165,56.90733560146224,49.76056634176365,6,969.099,157.4785875,165.55441249999998,2026-04-23 09:47:00,157.4785875,STOP_LOSS,-24.227475000000027,-2.500000000000002
CME,2026-04-20 00:00:00,2026-04-21 00:00:00,0.1504424778761062,10.0,2026-04-21 10:29:00,285.94,47.94496170074938,46.60815605431559,3,857.8199999999999,278.7915,293.08849999999995,2026-04-22 09:30:00,275.06,STOP_LOSS_GAP,-32.639999999999986,-3.8049940546967864
UPS,2026-04-20 00:00:00,2026-04-21 00:00:00,0.0451932290003193,3.0,2026-04-21 10:38:00,107.26,55.00653754678968,49.633764590996215,9,965.34,104.5785,109.94149999999999,2026-04-24 15:59:00,107.02,WEEK_END_CLOSE,-2.160000000000082,-0.22375536080553315
KMI,2026-04-20 00:00:00,2026-04-21 00:00:00,0.1281553398058252,9.0,2026-04-21 10:39:00,31.475,38.21012512943517,37.58717224757792,31,975.725,30.688125,32.261874999999996,2026-04-23 09:30:00,32.27,TAKE_PROFIT_GAP,24.645000000000053,2.5258141382049404
TMUS,2026-04-20 00:00:00,2026-04-21 00:00:00,0.1106110847939365,7.0,2026-04-21 15:14:00,196.745,46.6654373651836,42.763240114239814,5,983.725,191.826375,201.663625,2026-04-22 09:30:00,191.826375,STOP_LOSS,-24.593124999999958,-2.499999999999991
PGR,2026-04-21 00:00:00,2026-04-22 00:00:00,0.0776545166402535,8.0,2026-04-22 09:46:00,207.13,49.464514679709986,47.31078874128511,4,828.52,201.95175,212.30825,2026-04-24 09:34:00,201.95175,STOP_LOSS,-20.712999999999965,-2.499999999999991
WMB,2026-04-21 00:00:00,2026-04-22 00:00:00,0.0061068702290076,3.0,2026-04-22 09:46:00,70.99,58.25992374678706,56.41216338746528,14,993.8599999999999,69.21525,72.76474999999999,2026-04-24 15:59:00,72.17,WEEK_END_CLOSE,16.520000000000095,1.6622059444992399
FTNT,2026-04-21 00:00:00,2026-04-22 00:00:00,0.0547785547785547,5.0,2026-04-22 09:54:00,86.5,59.59783467070273,57.371781800476604,11,951.5,84.33749999999999,88.6625,2026-04-23 09:31:00,84.33749999999999,STOP_LOSS,-23.787500000000094,-2.5000000000000133
HD,2026-04-21 00:00:00,2026-04-22 00:00:00,0.130650292224606,9.0,2026-04-22 09:54:00,343.87,53.06154154578476,48.6071155238977,2,687.74,335.27325,352.46675,2026-04-24 14:06:00,335.27325,STOP_LOSS,-17.193499999999972,-2.499999999999991
ACN,2026-04-21 00:00:00,2026-04-22 00:00:00,0.0705176294073518,7.0,2026-04-22 10:23:00,193.56,46.58262420260398,43.89525002117945,5,967.8,188.721,198.39899999999997,2026-04-22 13:24:00,188.721,STOP_LOSS,-24.194999999999993,-2.500000000000002
SLB,2026-04-21 00:00:00,2026-04-22 00:00:00,0.0696818870374377,6.0,2026-04-22 10:46:00,54.745,65.84776184418995,65.50175760698914,18,985.41,53.376374999999996,56.11362499999999,2026-04-24 10:51:00,56.11362499999999,TAKE_PROFIT,24.6352499999999,2.499999999999991
ACN,2026-04-21 00:00:00,2026-04-22 00:00:00,0.0705176294073518,7.0,2026-04-22 13:43:00,188.53,39.723554125033395,34.8897064658942,5,942.65,183.81674999999998,193.24325,2026-04-23 09:30:00,181.0,STOP_LOSS_GAP,-37.650000000000006,-3.9940593009070158
WBD,2026-04-22 00:00:00,2026-04-23 00:00:00,0.137310606060606,9.0,2026-04-23 09:45:00,27.335,57.3333730912633,56.18817570031907,36,984.0600000000001,26.651625,28.018375,2026-04-24 15:59:00,27.055,WEEK_END_CLOSE,-10.080000000000041,-1.0243277848911658
SPGI,2026-04-22 00:00:00,2026-04-23 00:00:00,0.1220657276995305,7.0,2026-04-23 10:05:00,440.47,46.995800510002915,42.288128565159106,2,880.94,429.45825,451.48175,2026-04-24 15:59:00,436.9,WEEK_END_CLOSE,-7.1400000000001,-0.8104978772674798
BRK.B,2026-04-22 00:00:00,2026-04-23 00:00:00,0.1117632965979875,4.0,2026-04-23 10:07:00,471.3206,63.29527874482555,62.46687731760555,2,942.6412,459.537585,483.103615,2026-04-24 15:59:00,469.31,WEEK_END_CLOSE,-4.021200000000022,-0.42658861080971944
CVS,2026-04-22 00:00:00,2026-04-23 00:00:00,0.0718525066296249,3.0,2026-04-23 10:11:00,77.47,52.34344539662076,51.500504016706714,12,929.64,75.53325,79.40674999999999,2026-04-23 14:44:00,79.40674999999999,TAKE_PROFIT,23.24099999999987,2.499999999999991
SNPS,2026-04-22 00:00:00,2026-04-23 00:00:00,0.1216356107660455,6.0,2026-04-23 10:11:00,460.39,42.57958843587868,41.719719739615805,2,920.78,448.88025,471.8997499999999,2026-04-24 09:31:00,471.8997499999999,TAKE_PROFIT,23.01949999999988,2.499999999999991
MA,2026-04-22 00:00:00,2026-04-23 00:00:00,0.1163980557687388,5.0,2026-04-23 10:12:00,504.3,46.209421564478234,45.923539543849294,1,504.3,491.6925,516.9074999999999,2026-04-24 15:59:00,504.25,WEEK_END_CLOSE,-0.05000000000001137,-0.009914733293681088
UNP,2026-04-22 00:00:00,2026-04-23 00:00:00,0.1285366931918656,8.0,2026-04-23 10:29:00,263.5,63.79863365322259,63.46053225211795,3,790.5,256.91249999999997,270.0875,2026-04-23 15:42:00,270.0875,TAKE_PROFIT,19.762499999999932,2.499999999999991
MDLZ,2026-04-23 00:00:00,2026-04-24 00:00:00,0.0403225806451612,2.0,2026-04-24 09:45:00,57.42,47.95211752639192,46.72410986417677,17,976.14,55.9845,58.8555,2026-04-24 15:59:00,57.63,WEEK_END_CLOSE,3.5700000000000145,0.3657262277952045
MCD,2026-04-23 00:00:00,2026-04-24 00:00:00,0.1077770973668095,8.0,2026-04-24 09:46:00,301.415,46.04518053932839,42.669244714931445,3,904.2450000000001,293.87962500000003,308.950375,2026-04-24 15:59:00,299.42,WEEK_END_CLOSE,-5.985000000000014,-0.6618781414329145
CI,2026-04-23 00:00:00,2026-04-24 00:00:00,0.1077844311377245,9.0,2026-04-24 09:50:00,277.68,51.08007801838873,50.018533748547256,3,833.04,270.738,284.62199999999996,2026-04-24 15:59:00,275.66,WEEK_END_CLOSE,-6.059999999999945,-0.727456064534715
HWM,2026-04-23 00:00:00,2026-04-24 00:00:00,0.0796915167095115,5.0,2026-04-24 09:50:00,243.22,45.22698057353698,40.6900270798008,4,972.88,237.1395,249.30049999999997,2026-04-24 15:59:00,242.43,WEEK_END_CLOSE,-3.159999999999968,-0.32480881506454784
CSX,2026-04-23 00:00:00,2026-04-24 00:00:00,0.0815115552779512,7.0,2026-04-24 09:55:00,45.985,57.80814720796679,51.67101595275824,21,965.685,44.835375,47.13462499999999,2026-04-24 15:59:00,45.39,WEEK_END_CLOSE,-12.494999999999976,-1.2939001848428777
FCX,2026-04-23 00:00:00,2026-04-24 00:00:00,0.1251874062968515,10.0,2026-04-24 10:46:00,61.7,55.17500801222874,55.14566449512272,16,987.2,60.1575,63.2425,2026-04-24 15:59:00,61.05,WEEK_END_CLOSE,-10.400000000000091,-1.053484602917354
ICE,2026-04-24 00:00:00,2026-04-27 00:00:00,0.0100755667506297,2.0,2026-04-27 09:45:00,158.91,58.012769179271764,56.372750028670715,6,953.46,154.93725,162.88275,2026-04-29 09:36:00,154.93725,STOP_LOSS,-23.836499999999944,-2.499999999999991
CMCSA,2026-04-24 00:00:00,2026-04-27 00:00:00,0.0455092704069347,4.0,2026-04-27 09:47:00,27.62,42.80384622425811,40.523010299849965,36,994.32,26.9295,28.310499999999998,2026-04-29 13:56:00,26.9295,STOP_LOSS,-24.858000000000004,-2.500000000000002
UNP,2026-04-24 00:00:00,2026-04-27 00:00:00,0.1301369863013698,9.0,2026-04-27 09:50:00,268.94,43.96414969446459,42.731277461774035,3,806.8199999999999,262.2165,275.6635,2026-05-01 15:59:00,266.47,WEEK_END_CLOSE,-7.409999999999911,-0.9184204655313333
APO,2026-04-24 00:00:00,2026-04-27 00:00:00,0.0602205258693808,5.0,2026-04-27 09:51:00,124.39,47.73126141518602,45.42831372548465,8,995.12,121.28025,127.49974999999999,2026-04-30 09:30:00,121.28025,STOP_LOSS,-24.878000000000043,-2.500000000000002
CDNS,2026-04-24 00:00:00,2026-04-27 00:00:00,0.1385041551246537,10.0,2026-04-27 09:54:00,334.38,57.45184412922259,56.035933741174524,2,668.76,326.02049999999997,342.73949999999996,2026-04-28 09:47:00,326.02049999999997,STOP_LOSS,-16.71900000000005,-2.500000000000002
PFE,2026-04-24 00:00:00,2026-04-27 00:00:00,0.1131740755412411,7.0,2026-04-27 10:03:00,27.245,58.8429345450349,57.72896217897417,36,980.82,26.563875,27.926125,2026-04-28 10:27:00,26.563875,STOP_LOSS,-24.520500000000055,-2.500000000000002
KMI,2026-04-24 00:00:00,2026-04-27 00:00:00,0.0838491840180078,6.0,2026-04-27 10:19:00,31.665,50.85057484798768,48.807811607082805,31,981.615,30.873375,32.456624999999995,2026-04-27 12:25:00,30.873375,STOP_LOSS,-24.540374999999994,-2.500000000000002
AFL,2026-04-24 00:00:00,2026-04-27 00:00:00,0.03475935828877,3.0,2026-04-27 10:22:00,115.4,52.84750349183678,51.526124506546225,8,923.2,112.515,118.285,2026-04-30 09:30:00,112.27,STOP_LOSS_GAP,-25.040000000000077,-2.712305025996542
FDX,2026-04-24 00:00:00,2026-04-27 00:00:00,0.0032822757111597,1.0,2026-04-27 10:35:00,385.53,48.84621671904485,48.69940042872154,2,771.06,375.89174999999994,395.16824999999994,2026-04-29 10:13:00,395.16824999999994,TAKE_PROFIT,19.276499999999942,2.499999999999991
PGR,2026-04-24 00:00:00,2026-04-27 00:00:00,0.1147540983606557,8.0,2026-04-27 10:37:00,203.72,61.76265126188014,61.71798248982823,4,814.88,198.62699999999998,208.813,2026-04-30 09:30:00,198.24,STOP_LOSS_GAP,-21.91999999999996,-2.6899666208521467
KMI,2026-04-24 00:00:00,2026-04-27 00:00:00,0.0838491840180078,6.0,2026-04-27 12:29:00,30.915,41.08869344094084,31.263334899414765,32,989.28,30.142125,31.687874999999995,2026-04-28 11:15:00,31.687874999999995,TAKE_PROFIT,24.731999999999857,2.499999999999991
FTNT,2026-04-27 00:00:00,2026-04-28 00:00:00,0.1304938830992297,6.0,2026-04-28 09:45:00,86.25,53.78756973014766,50.1666632715522,11,948.75,84.09375,88.40624999999999,2026-04-30 09:31:00,84.09375,STOP_LOSS,-23.71875,-2.500000000000002
WMB,2026-04-27 00:00:00,2026-04-28 00:00:00,0.1253263707571801,5.0,2026-04-28 09:51:00,72.52,59.43371465115162,56.80879739198141,13,942.76,70.707,74.33299999999998,2026-04-30 09:38:00,74.33299999999998,TAKE_PROFIT,23.568999999999846,2.499999999999991
BSX,2026-04-27 00:00:00,2026-04-28 00:00:00,0.1961869618696187,10.0,2026-04-28 10:10:00,59.41,42.20720213836028,41.622798421958116,16,950.56,57.924749999999996,60.89524999999999,2026-04-29 09:30:00,57.71,STOP_LOSS_GAP,-27.199999999999932,-2.861471132805915
RTX,2026-04-27 00:00:00,2026-04-28 00:00:00,0.1069340016708437,4.0,2026-04-28 10:13:00,174.18,54.394368168933624,53.94652957654287,5,870.9000000000001,169.8255,178.53449999999998,2026-05-01 15:59:00,173.99,WEEK_END_CLOSE,-0.9499999999999886,-0.1090825582730548
GD,2026-04-27 00:00:00,2026-04-28 00:00:00,0.1584821428571428,8.0,2026-04-28 10:17:00,307.635,40.08170745785255,38.679259368883585,3,922.905,299.944125,315.32587499999994,2026-04-29 09:30:00,338.08,TAKE_PROFIT_GAP,91.33499999999998,9.896468217205445
DHR,2026-04-27 00:00:00,2026-04-28 00:00:00,0.0763975155279503,2.0,2026-04-28 10:24:00,178.11,44.23888915267776,37.333403940916504,5,890.5500000000001,173.65725,182.56275,2026-05-01 15:59:00,175.14,WEEK_END_CLOSE,-14.850000000000136,-1.6675088428499407
SCHW,2026-04-27 00:00:00,2026-04-28 00:00:00,0.0748198146665141,1.0,2026-04-28 10:24:00,90.54,52.92491972440207,48.056028118915194,11,995.94,88.2765,92.8035,2026-05-01 10:30:00,92.8035,TAKE_PROFIT,24.898499999999927,2.499999999999991
AXP,2026-04-27 00:00:00,2026-04-28 00:00:00,0.1022769004774146,3.0,2026-04-28 10:31:00,318.85,52.86954788472333,51.61825277343358,3,956.5500000000001,310.87875,326.82125,2026-05-01 15:59:00,319.65,WEEK_END_CLOSE,2.3999999999998636,0.25090167790495777
T,2026-04-27 00:00:00,2026-04-28 00:00:00,0.1875,9.0,2026-04-28 10:37:00,26.275,63.7640342626547,63.048583776512224,38,998.4499999999999,25.618125,26.931874999999994,2026-05-01 15:59:00,26.13,WEEK_END_CLOSE,-5.509999999999984,-0.551855375832544
KMI,2026-04-27 00:00:00,2026-04-28 00:00:00,0.1338582677165354,7.0,2026-04-28 12:33:00,31.85,66.41092933563954,64.08114128655447,31,987.35,31.05375,32.64625,2026-04-30 10:36:00,32.64625,TAKE_PROFIT,24.683750000000018,2.499999999999991
ACN,2026-04-28 00:00:00,2026-04-29 00:00:00,0.1662354463130659,10.0,2026-04-29 09:45:00,176.635,47.43598656744148,44.3852927662093,5,883.175,172.219125,181.05087499999996,2026-05-01 09:30:00,181.3,TAKE_PROFIT_GAP,23.325000000000102,2.641039431596237
SLB,2026-04-28 00:00:00,2026-04-29 00:00:00,0.164066852367688,9.0,2026-04-29 09:53:00,55.71,49.397872101705346,48.97044349448686,17,947.07,54.31725,57.10274999999999,2026-05-01 10:29:00,57.10274999999999,TAKE_PROFIT,23.67674999999987,2.499999999999991
ICE,2026-04-28 00:00:00,2026-04-29 00:00:00,0.1012658227848101,4.0,2026-04-29 09:54:00,154.62,44.910942672250634,43.275570562484766,6,927.72,150.7545,158.4855,2026-04-30 09:34:00,158.4855,TAKE_PROFIT,23.192999999999984,2.499999999999991
BX,2026-04-28 00:00:00,2026-04-29 00:00:00,0.0947850599013389,3.0,2026-04-29 09:56:00,120.82,53.78844338240507,49.07471394075959,8,966.56,117.7995,123.84049999999998,2026-04-30 10:56:00,123.84049999999998,TAKE_PROFIT,24.163999999999874,2.499999999999991
JNJ,2026-04-28 00:00:00,2026-04-29 00:00:00,0.0710905513904397,2.0,2026-04-29 10:02:00,225.685,50.12790097559484,45.47903639393035,4,902.74,220.042875,231.327125,2026-05-01 15:59:00,227.2,WEEK_END_CLOSE,6.059999999999945,0.6712896293506354
TJX,2026-04-28 00:00:00,2026-04-29 00:00:00,0.1161290322580645,5.0,2026-04-29 10:02:00,155.69,48.24198337476632,43.11091526467768,6,934.14,151.79775,159.58225,2026-05-01 15:59:00,156.85,WEEK_END_CLOSE,6.9599999999999795,0.7450703320701413
LOW,2026-04-28 00:00:00,2026-04-29 00:00:00,0.1299000768639508,6.0,2026-04-29 10:05:00,234.605,42.15535247126289,38.74197968356079,4,938.42,228.73987499999998,240.47012499999997,2026-05-01 15:59:00,233.35,WEEK_END_CLOSE,-5.019999999999982,-0.5349417105347309
KKR,2026-04-28 00:00:00,2026-04-29 00:00:00,0.1345381526104417,7.0,2026-04-29 10:10:00,100.18,51.45876544460564,49.925077178502946,9,901.6200000000001,97.6755,102.6845,2026-04-30 09:30:00,97.43,STOP_LOSS_GAP,-24.75,-2.745058893990815
FDX,2026-04-28 00:00:00,2026-04-29 00:00:00,0.0576923076923076,1.0,2026-04-29 10:37:00,393.1,54.484592121439704,54.05915011328624,2,786.2,383.27250000000004,402.9275,2026-04-29 14:54:00,383.27250000000004,STOP_LOSS,-19.654999999999973,-2.499999999999991
FDX,2026-04-28 00:00:00,2026-04-29 00:00:00,0.0576923076923076,1.0,2026-04-29 14:58:00,383.87,45.7944192561644,39.38572492782421,2,767.74,374.27325,393.46675,2026-04-30 12:26:00,393.46675,TAKE_PROFIT,19.193499999999972,2.499999999999991
PG,2026-04-29 00:00:00,2026-04-30 00:00:00,0.0653543307086614,1.0,2026-04-30 09:52:00,146.5699,55.104353953388795,53.32012075682286,6,879.4194,142.90565249999997,150.23414749999998,2026-05-01 15:59:00,147.27,WEEK_END_CLOSE,4.200600000000122,0.47765605352805274
CL,2026-04-29 00:00:00,2026-04-30 00:00:00,0.0698005698005698,2.0,2026-04-30 09:54:00,85.19,59.505386759640565,58.22633910796917,11,937.0899999999999,83.06025,87.31974999999998,2026-05-01 09:30:00,88.17,TAKE_PROFIT_GAP,32.780000000000044,3.4980631529522244
HWM,2026-04-29 00:00:00,2026-04-30 00:00:00,0.1434599156118143,9.0,2026-04-30 10:02:00,241.82,60.822860445043645,58.88623377221912,4,967.28,235.7745,247.86549999999997,2026-05-01 15:59:00,239.51,WEEK_END_CLOSE,-9.240000000000009,-0.9552559755189871
DE,2026-04-29 00:00:00,2026-04-30 00:00:00,0.1323529411764706,8.0,2026-04-30 10:03:00,580.29,65.2300474885121,64.22012764661254,1,580.29,565.78275,594.79725,2026-05-01 15:59:00,577.41,WEEK_END_CLOSE,-2.8799999999999955,-0.4963035723517528
VZ,2026-04-29 00:00:00,2026-04-30 00:00:00,0.0764925373134328,3.0,2026-04-30 10:10:00,47.805,74.51838755610883,68.92284836305589,20,956.1,46.609874999999995,49.000125,2026-05-01 15:59:00,48.145,WEEK_END_CLOSE,6.800000000000068,0.711222675452361
WMB,2026-04-29 00:00:00,2026-04-30 00:00:00,0.1483644859813084,10.0,2026-04-30 10:26:00,75.96,72.03697795580388,70.72177672692372,13,987.4799999999999,74.06099999999999,77.85899999999998,2026-05-01 15:59:00,75.56,WEEK_END_CLOSE,-5.199999999999889,-0.5265929436545469
APO,2026-04-29 00:00:00,2026-04-30 00:00:00,0.1227436823104693,6.0,2026-04-30 10:45:00,126.32,70.93390585473908,66.41985861279242,7,884.24,123.16199999999999,129.47799999999998,2026-05-01 09:30:00,129.82,TAKE_PROFIT_GAP,24.5,2.770740975300834
ROST,2026-04-30 00:00:00,2026-05-01 00:00:00,0.0124605915027773,1.0,2026-05-01 09:50:00,227.92,52.46648994005878,49.772199918164524,4,911.68,222.22199999999998,233.61799999999997,2026-05-01 15:59:00,228.91,WEEK_END_CLOSE,3.9600000000000364,0.4343629343629418
PM,2026-04-30 00:00:00,2026-05-01 00:00:00,0.117750439367311,7.0,2026-05-01 09:51:00,167.28,61.068327334019386,57.10288816177069,5,836.4,163.09799999999998,171.462,2026-05-01 15:59:00,166.4,WEEK_END_CLOSE,-4.399999999999977,-0.5260640841702524
CMCSA,2026-04-30 00:00:00,2026-05-01 00:00:00,0.0733628754308222,4.0,2026-05-01 09:53:00,27.205,49.456930550221486,47.43560545358581,36,979.3799999999999,26.524874999999998,27.885124999999995,2026-05-01 15:59:00,27.185,WEEK_END_CLOSE,-0.7199999999999847,-0.07351589781290357
TGT,2026-04-30 00:00:00,2026-05-01 00:00:00,0.1286872520269104,8.0,2026-05-01 09:53:00,129.93,52.63679924124535,51.94086293569417,7,909.51,126.68175000000001,133.17825,2026-05-01 15:59:00,128.89,WEEK_END_CLOSE,-7.280000000000143,-0.8004310013084104
GE,2026-04-30 00:00:00,2026-05-01 00:00:00,0.1457444576543814,10.0,2026-05-01 09:55:00,288.41,55.77275249225077,53.145493200433734,3,865.23,281.19975,295.62025,2026-05-01 15:59:00,286.5,WEEK_END_CLOSE,-5.730000000000075,-0.6622516556291425
FDX,2026-04-30 00:00:00,2026-05-01 00:00:00,0.0151515151515151,2.0,2026-05-01 09:56:00,400.61,53.30859133090688,52.70028530675116,2,801.22,390.59475,410.62525,2026-05-01 15:59:00,393.72,WEEK_END_CLOSE,-13.779999999999973,-1.7198771872893759
DLR,2026-04-30 00:00:00,2026-05-01 00:00:00,0.1153846153846153,6.0,2026-05-01 09:59:00,199.928,57.51328252991336,49.47792409349842,5,999.64,194.9298,204.92619999999997,2026-05-01 15:59:00,200.69,WEEK_END_CLOSE,3.8100000000000023,0.381137209395388
HWM,2026-05-01 00:00:00,2026-05-04 00:00:00,0.0764230139230139,7.0,2026-05-04 09:46:00,241.89,59.23009848197243,52.097377893759244,4,967.56,235.84275,247.93724999999998,2026-05-06 09:30:00,250.72,TAKE_PROFIT_GAP,35.32000000000005,3.6504196122204347
PCAR,2026-05-01 00:00:00,2026-05-04 00:00:00,0.0802292263610315,8.0,2026-05-04 09:46:00,115.52,46.74342749772703,40.42694773915778,8,924.16,112.63199999999999,118.40799999999999,2026-05-08 15:59:00,114.31,WEEK_END_CLOSE,-9.67999999999995,-1.0474376731301915
SYK,2026-05-01 00:00:00,2026-05-04 00:00:00,0.0701665825340737,5.0,2026-05-04 09:46:00,294.87,44.879217403860814,42.42767420995691,3,884.61,287.49825,302.24174999999997,2026-05-08 13:05:00,287.49825,STOP_LOSS,-22.11525000000006,-2.500000000000002
V,2026-05-01 00:00:00,2026-05-04 00:00:00,0.073143158316734,6.0,2026-05-04 09:47:00,326.78,46.61406503417272,42.65194446031163,3,980.3399999999999,318.61049999999994,334.94949999999994,2026-05-06 11:29:00,318.61049999999994,STOP_LOSS,-24.508500000000083,-2.5000000000000133
AEP,2026-05-01 00:00:00,2026-05-04 00:00:00,0.0587288817377312,3.0,2026-05-04 09:52:00,136.175,56.66498075019703,51.47788491869206,7,953.2250000000001,132.770625,139.579375,2026-05-06 14:19:00,132.770625,STOP_LOSS,-23.83062500000011,-2.5000000000000133
ROST,2026-05-01 00:00:00,2026-05-04 00:00:00,0.0672854693623085,4.0,2026-05-04 09:52:00,226.205,43.38588223190698,42.68135406225428,4,904.82,220.54987500000001,231.86012499999998,2026-05-08 15:59:00,225.77,WEEK_END_CLOSE,-1.740000000000009,-0.19230344156848656
FDX,2026-05-01 00:00:00,2026-05-04 00:00:00,0.0226652865404837,1.0,2026-05-04 09:53:00,369.41,37.38218366154792,35.53460948233735,2,738.82,360.17475,378.64525,2026-05-04 11:00:00,360.17475,STOP_LOSS,-18.470500000000015,-2.500000000000002
PG,2026-05-01 00:00:00,2026-05-04 00:00:00,0.1154556498504411,10.0,2026-05-04 09:59:00,144.735,45.8950504772613,45.76887199305941,6,868.4100000000001,141.116625,148.353375,2026-05-06 14:48:00,148.353375,TAKE_PROFIT,21.710249999999917,2.499999999999991
APD,2026-05-01 00:00:00,2026-05-04 00:00:00,0.1065088757396449,9.0,2026-05-04 10:01:00,297.965,49.177412199896196,42.56375672333128,3,893.895,290.515875,305.41412499999996,2026-05-08 15:59:00,295.37,WEEK_END_CLOSE,-7.784999999999911,-0.870907656939568
ECL,2026-05-01 00:00:00,2026-05-04 00:00:00,0.0555555555555555,2.0,2026-05-04 10:53:00,260.34,53.808752274463274,53.5098034030995,3,781.02,253.83149999999998,266.84849999999994,2026-05-08 10:35:00,253.83149999999998,STOP_LOSS,-19.525499999999994,-2.500000000000002
FDX,2026-05-01 00:00:00,2026-05-04 00:00:00,0.0226652865404837,1.0,2026-05-04 11:05:00,361.14,37.31562789268921,36.62198764831768,2,722.28,352.1115,370.16849999999994,2026-05-06 09:39:00,370.16849999999994,TAKE_PROFIT,18.056999999999903,2.499999999999991
COF,2026-05-04 00:00:00,2026-05-05 00:00:00,0.0919255588701524,8.0,2026-05-05 09:47:00,189.79,47.4054081392499,47.07312730760519,5,948.9499999999999,185.04524999999998,194.53474999999997,2026-05-06 09:32:00,194.53474999999997,TAKE_PROFIT,23.72374999999991,2.499999999999991
PLD,2026-05-04 00:00:00,2026-05-05 00:00:00,0.1292517006802721,10.0,2026-05-05 09:49:00,139.325,55.9938216634695,54.88536585297822,7,975.2749999999999,135.841875,142.808125,2026-05-06 10:24:00,142.808125,TAKE_PROFIT,24.381875000000008,2.499999999999991
NSC,2026-05-04 00:00:00,2026-05-05 00:00:00,0.0714285714285714,6.0,2026-05-05 09:51:00,311.52,51.54502066022465,51.28460053181118,3,934.56,303.73199999999997,319.30799999999994,2026-05-06 14:59:00,319.30799999999994,TAKE_PROFIT,23.363999999999862,2.499999999999991
JCI,2026-05-04 00:00:00,2026-05-05 00:00:00,0.0234892163143284,3.0,2026-05-05 09:53:00,145.665,52.725889726552346,52.58488010928783,6,873.99,142.023375,149.30662499999997,2026-05-06 09:30:00,138.83,STOP_LOSS_GAP,-41.00999999999988,-4.6922733669721435
TT,2026-05-04 00:00:00,2026-05-05 00:00:00,0.0439560439560439,4.0,2026-05-05 09:53:00,487.81,58.46516858366186,57.14547232529311,2,975.62,475.61475,500.00524999999993,2026-05-05 11:38:00,475.61475,STOP_LOSS,-24.390499999999975,-2.500000000000002
NOC,2026-05-04 00:00:00,2026-05-05 00:00:00,0.1193737769080234,9.0,2026-05-05 10:00:00,559.89,43.7804615705822,43.45487008959135,1,559.89,545.89275,573.8872499999999,2026-05-08 09:46:00,545.89275,STOP_LOSS,-13.997250000000008,-2.500000000000002
AJG,2026-05-04 00:00:00,2026-05-05 00:00:00,0.0526315789473684,5.0,2026-05-05 10:01:00,206.0975,52.65090500019074,44.03485886030865,4,824.39,200.9450625,211.2499375,2026-05-06 13:18:00,200.9450625,STOP_LOSS,-20.609749999999963,-2.499999999999991
RSG,2026-05-04 00:00:00,2026-05-05 00:00:00,0.0128205128205128,1.0,2026-05-05 10:11:00,204.845,53.12033624647448,50.786284883055,4,819.38,199.723875,209.96612499999998,2026-05-06 15:59:00,199.723875,STOP_LOSS,-20.484500000000025,-2.500000000000002
AMT,2026-05-04 00:00:00,2026-05-05 00:00:00,0.0838264299802761,7.0,2026-05-05 10:14:00,179.26,50.868117270392396,49.63399887284546,5,896.3,174.77849999999998,183.74149999999997,2026-05-08 15:59:00,176.52,WEEK_END_CLOSE,-13.699999999999903,-1.5285060805533712
TT,2026-05-04 00:00:00,2026-05-05 00:00:00,0.0439560439560439,4.0,2026-05-05 11:44:00,480.22,43.58058868523483,41.17300861422712,2,960.44,468.21450000000004,492.2255,2026-05-08 13:49:00,468.21,STOP_LOSS_GAP,-24.020000000000095,-2.500937070509357
QCOM,2026-05-05 00:00:00,2026-05-06 00:00:00,0.1659951763558144,9.0,2026-05-06 09:45:00,194.4253,65.82276300493592,64.8892430116859,5,972.1265,189.56466749999998,199.28593249999997,2026-05-06 10:18:00,189.56466749999998,STOP_LOSS,-24.30316250000004,-2.500000000000002
HCA,2026-05-05 00:00:00,2026-05-06 00:00:00,0.1403508771929824,8.0,2026-05-06 09:47:00,432.49,52.44861693188782,52.266376674372864,2,864.98,421.67775,443.30224999999996,2026-05-08 15:59:00,435.13,WEEK_END_CLOSE,5.279999999999973,0.6104187380054915
CME,2026-05-05 00:00:00,2026-05-06 00:00:00,0.2034824314461474,10.0,2026-05-06 09:50:00,284.36,47.36612516342382,42.57558112876565,3,853.08,277.25100000000003,291.469,2026-05-08 15:59:00,281.24,WEEK_END_CLOSE,-9.360000000000014,-1.0972007314671517
ITW,2026-05-05 00:00:00,2026-05-06 00:00:00,0.0476190476190476,2.0,2026-05-06 09:50:00,259.03,59.87258544833327,57.007274198890336,3,777.0899999999999,252.55424999999997,265.5057499999999,2026-05-08 15:59:00,254.76,WEEK_END_CLOSE,-12.809999999999945,-1.648457707601425
FDX,2026-05-05 00:00:00,2026-05-06 00:00:00,0.0021677015100399,1.0,2026-05-06 09:54:00,370.59,62.258950965459086,61.9942174710294,2,741.18,361.32525,379.85474999999997,2026-05-07 09:30:00,379.99,TAKE_PROFIT_GAP,18.800000000000068,2.5364958579562336
AON,2026-05-05 00:00:00,2026-05-06 00:00:00,0.1111111111111111,6.0,2026-05-06 10:14:00,314.865,54.39216238144746,51.90836407758021,3,944.595,306.993375,322.736625,2026-05-06 15:29:00,306.993375,STOP_LOSS,-23.614874999999984,-2.500000000000002
MPC,2026-05-05 00:00:00,2026-05-06 00:00:00,0.0731821006836544,4.0,2026-05-06 10:19:00,246.06,37.28151923115844,34.11496858689279,4,984.24,239.9085,252.21149999999997,2026-05-07 09:30:00,239.9085,STOP_LOSS,-24.605999999999995,-2.500000000000002
GE,2026-05-05 00:00:00,2026-05-06 00:00:00,0.0750206717259358,5.0,2026-05-06 10:24:00,303.66,67.89112607299842,66.30940263627369,3,910.98,296.06850000000003,311.2515,2026-05-08 15:59:00,297.125,WEEK_END_CLOSE,-19.605000000000075,-2.152077981953504
TEL,2026-05-05 00:00:00,2026-05-06 00:00:00,0.1354166666666666,7.0,2026-05-06 10:25:00,213.4,59.407880745085905,56.607094795242716,4,853.6,208.065,218.73499999999999,2026-05-07 15:24:00,208.065,STOP_LOSS,-21.340000000000032,-2.500000000000002
QCOM,2026-05-05 00:00:00,2026-05-06 00:00:00,0.1659951763558144,9.0,2026-05-06 10:35:00,190.565,56.09127288915559,52.518273123900634,5,952.825,185.800875,195.32912499999998,2026-05-06 11:46:00,195.32912499999998,TAKE_PROFIT,23.820624999999893,2.499999999999991
QCOM,2026-05-05 00:00:00,2026-05-06 00:00:00,0.1659951763558144,9.0,2026-05-06 12:26:00,195.15,61.620246731260764,60.05353960329932,5,975.75,190.27125,200.02875,2026-05-07 09:30:00,190.27125,STOP_LOSS,-24.393749999999983,-2.500000000000002
UNP,2026-05-06 00:00:00,2026-05-07 00:00:00,0.1252239344857958,5.0,2026-05-07 09:45:00,267.86,47.38995193784291,45.57827893435658,3,803.58,261.1635,274.55649999999997,2026-05-08 15:59:00,264.65,WEEK_END_CLOSE,-9.63000000000011,-1.198387217203034
NSC,2026-05-06 00:00:00,2026-05-07 00:00:00,0.0808080808080808,4.0,2026-05-07 09:46:00,317.065,46.18350515279318,44.742602934301345,3,951.1949999999999,309.138375,324.99162499999994,2026-05-08 15:59:00,312.06,WEEK_END_CLOSE,-15.014999999999986,-1.5785406777790056
TMO,2026-05-06 00:00:00,2026-05-07 00:00:00,0.1370596652984978,6.0,2026-05-07 09:55:00,478.245,58.17536540393356,56.945953801562425,2,956.49,466.288875,490.201125,2026-05-08 09:30:00,466.288875,STOP_LOSS,-23.912249999999972,-2.500000000000002
VZ,2026-05-06 00:00:00,2026-05-07 00:00:00,0.1839403231415175,10.0,2026-05-07 09:58:00,47.485,56.17196011433352,56.125255162284816,21,997.185,46.297875,48.672124999999994,2026-05-08 15:59:00,47.23,WEEK_END_CLOSE,-5.355000000000054,-0.5370116879014453
FDX,2026-05-06 00:00:00,2026-05-07 00:00:00,0.0171068009904623,1.0,2026-05-07 10:01:00,379.28,59.13940025772747,56.834770140857295,2,758.56,369.79799999999994,388.76199999999994,2026-05-08 15:59:00,378.37,WEEK_END_CLOSE,-1.8199999999999363,-0.23992828517189757
MSI,2026-05-06 00:00:00,2026-05-07 00:00:00,0.1702127659574468,9.0,2026-05-07 10:01:00,434.235,53.789501612433206,53.77426968538824,2,868.47,423.379125,445.090875,2026-05-08 09:31:00,417.0,STOP_LOSS_GAP,-34.47000000000003,-3.969049017237214
AJG,2026-05-06 00:00:00,2026-05-07 00:00:00,0.03125,2.0,2026-05-07 10:03:00,198.735,47.054314319778015,46.984736356366355,5,993.6750000000001,193.766625,203.703375,2026-05-08 15:59:00,198.87,WEEK_END_CLOSE,0.6749999999999545,0.06792965506829951
SPGI,2026-05-06 00:00:00,2026-05-07 00:00:00,0.1634339840893962,8.0,2026-05-07 10:44:00,428.11,56.43399700138887,53.065344154940384,2,856.22,417.40725,438.81275,2026-05-08 09:44:00,417.40725,STOP_LOSS,-21.405500000000075,-2.5000000000000133
AMGN,2026-05-07 00:00:00,2026-05-08 00:00:00,0.0682775481349841,9.0,2026-05-08 09:46:00,329.63,56.707920643680474,52.815680572816554,3,988.89,321.38925,337.87075,2026-05-08 15:59:00,331.73,WEEK_END_CLOSE,6.300000000000068,0.6370779358674916
AON,2026-05-07 00:00:00,2026-05-08 00:00:00,0.0674157303370786,8.0,2026-05-08 09:55:00,310.135,37.62066895274932,36.9754292439133,3,930.405,302.381625,317.88837499999994,2026-05-08 15:59:00,312.84,WEEK_END_CLOSE,8.114999999999952,0.8722008157737715
CVNA,2026-05-07 00:00:00,2026-05-08 00:00:00,0.0007160687091557,1.0,2026-05-08 09:56:00,80.08,55.63718875359582,53.455972854509575,12,960.96,78.078,82.082,2026-05-08 11:15:00,78.078,STOP_LOSS,-24.023999999999944,-2.499999999999991
SPGI,2026-05-07 00:00:00,2026-05-08 00:00:00,0.0539823828887265,7.0,2026-05-08 09:57:00,417.73,35.236644121239465,34.05107594378326,2,835.46,407.28675,428.17325,2026-05-08 15:59:00,420.1,WEEK_END_CLOSE,4.740000000000009,0.5673521173964025
ADP,2026-05-07 00:00:00,2026-05-08 00:00:00,0.0854666257223416,10.0,2026-05-08 09:58:00,209.34,38.90660722212414,37.80508755764879,4,837.36,204.1065,214.5735,2026-05-08 15:59:00,213.02,WEEK_END_CLOSE,14.720000000000027,1.757905799178383
CB,2026-05-07 00:00:00,2026-05-08 00:00:00,0.0171026156941649,3.0,2026-05-08 09:58:00,321.33,48.87676627487782,48.06804811353402,3,963.99,313.29675,329.36324999999994,2026-05-08 15:59:00,319.6,WEEK_END_CLOSE,-5.189999999999884,-0.5383873276693651
CVNA,2026-05-07 00:00:00,2026-05-08 00:00:00,0.0007160687091557,1.0,2026-05-08 11:20:00,78.53,46.88090882726073,41.165634582097695,12,942.36,76.56675,80.49324999999999,2026-05-08 14:00:00,76.56675,STOP_LOSS,-23.559000000000026,-2.500000000000002
CVNA,2026-05-07 00:00:00,2026-05-08 00:00:00,0.0007160687091557,1.0,2026-05-08 14:06:00,77.185,48.02497318804045,47.163428627470886,12,926.22,75.255375,79.11462499999999,2026-05-08 15:59:00,77.94,WEEK_END_CLOSE,9.059999999999945,0.9781693334196984
PCAR,2026-05-08 00:00:00,2026-05-11 00:00:00,0.0273224043715847,2.0,2026-05-11 09:50:00,113.625,48.69329073912882,45.76861328081605,8,909.0,110.784375,116.46562499999999,2026-05-15 09:33:00,110.784375,STOP_LOSS,-22.725000000000023,-2.500000000000002
ORLY,2026-05-08 00:00:00,2026-05-11 00:00:00,0.0381679389312977,4.0,2026-05-11 09:53:00,91.41,40.31565024440563,39.69201219894817,10,914.0999999999999,89.12474999999999,93.69524999999999,2026-05-13 11:37:00,89.12474999999999,STOP_LOSS,-22.85250000000005,-2.500000000000002
ADP,2026-05-08 00:00:00,2026-05-11 00:00:00,0.0829042889615167,6.0,2026-05-11 09:57:00,211.12,48.77258707201831,48.35729604502357,4,844.48,205.842,216.398,2026-05-13 12:18:00,205.842,STOP_LOSS,-21.111999999999966,-2.499999999999991
EOG,2026-05-08 00:00:00,2026-05-11 00:00:00,0.0989379453979725,10.0,2026-05-11 10:03:00,131.65,53.728753022484966,48.80778691976936,7,921.5500000000001,128.35875000000001,134.94125,2026-05-13 15:47:00,134.94125,TAKE_PROFIT,23.038749999999936,2.499999999999991
PWR,2026-05-08 00:00:00,2026-05-11 00:00:00,0.0800711743772242,5.0,2026-05-11 10:12:00,753.939,52.47506493592484,52.31826339913207,1,753.939,735.090525,772.7874749999999,2026-05-11 12:18:00,772.7874749999999,TAKE_PROFIT,18.848474999999894,2.499999999999991
WELL,2026-05-08 00:00:00,2026-05-11 00:00:00,0.09375,7.0,2026-05-11 10:12:00,216.02,46.009807416417075,44.421792376830595,4,864.08,210.61950000000002,221.4205,2026-05-13 14:47:00,221.44,TAKE_PROFIT_GAP,21.67999999999995,2.50902694194981
FDX,2026-05-08 00:00:00,2026-05-11 00:00:00,0.097616273803406,9.0,2026-05-11 10:17:00,382.625,58.58098369822053,57.77144877120784,2,765.25,373.059375,392.19062499999995,2026-05-12 10:50:00,373.02,STOP_LOSS_GAP,-19.210000000000036,-2.510290754655342
AFL,2026-05-08 00:00:00,2026-05-11 00:00:00,0.0955448201825013,8.0,2026-05-11 10:18:00,113.9,53.222588916208416,52.33217424733086,8,911.2,111.05250000000001,116.7475,2026-05-14 09:58:00,116.7475,TAKE_PROFIT,22.779999999999973,2.499999999999991
CB,2026-05-08 00:00:00,2026-05-11 00:00:00,0.0309278350515463,3.0,2026-05-11 10:24:00,320.09,52.4154306097792,49.43488539830207,3,960.27,312.08774999999997,328.0922499999999,2026-05-15 15:59:00,324.165,WEEK_END_CLOSE,12.225000000000136,1.2730794464057116
PWR,2026-05-08 00:00:00,2026-05-11 00:00:00,0.0800711743772242,5.0,2026-05-11 12:24:00,773.83,72.7508003798362,68.62032584956562,1,773.83,754.48425,793.17575,2026-05-12 11:15:00,754.48425,STOP_LOSS,-19.345750000000066,-2.5000000000000133
ABBV,2026-05-11 00:00:00,2026-05-12 00:00:00,0.0396742638661303,3.0,2026-05-12 09:47:00,204.45,58.8718138070037,53.010497401651534,4,817.8,199.33874999999998,209.56124999999997,2026-05-12 11:21:00,209.56124999999997,TAKE_PROFIT,20.444999999999936,2.499999999999991
MSI,2026-05-11 00:00:00,2026-05-12 00:00:00,0.0375586854460093,2.0,2026-05-12 09:50:00,395.185,49.44565624189114,49.37727738190689,2,790.37,385.30537499999997,405.064625,2026-05-15 15:59:00,393.42,WEEK_END_CLOSE,-3.5299999999999727,-0.446626263648664
SPGI,2026-05-11 00:00:00,2026-05-12 00:00:00,0.0772145902415916,9.0,2026-05-12 09:50:00,423.21,52.53334795808422,52.435167252729116,2,846.42,412.62974999999994,433.79024999999996,2026-05-13 09:34:00,412.62974999999994,STOP_LOSS,-21.16050000000007,-2.5000000000000133
COP,2026-05-11 00:00:00,2026-05-12 00:00:00,0.0815926892950391,10.0,2026-05-12 09:51:00,116.075,53.50564395566506,50.03121999212779,8,928.6,113.173125,118.97687499999999,2026-05-14 12:23:00,118.97687499999999,TAKE_PROFIT,23.214999999999918,2.499999999999991
ECL,2026-05-11 00:00:00,2026-05-12 00:00:00,0.0454545454545454,4.0,2026-05-12 09:56:00,249.98,51.20904914414046,50.50245507288192,4,999.92,243.73049999999998,256.2295,2026-05-15 15:59:00,247.69,WEEK_END_CLOSE,-9.159999999999968,-0.9160732858628617
CME,2026-05-11 00:00:00,2026-05-12 00:00:00,0.0545454545454545,6.0,2026-05-12 10:03:00,283.605,55.075536461095275,53.49777673294661,3,850.815,276.514875,290.695125,2026-05-13 10:08:00,290.695125,TAKE_PROFIT,21.270375,2.499999999999991
MCO,2026-05-11 00:00:00,2026-05-12 00:00:00,0.051056338028169,5.0,2026-05-12 10:24:00,453.67,60.01479494271982,56.88911713059396,2,907.34,442.32825,465.01174999999995,2026-05-13 09:34:00,442.32825,STOP_LOSS,-22.68349999999998,-2.500000000000002
ABBV,2026-05-11 00:00:00,2026-05-12 00:00:00,0.0396742638661303,3.0,2026-05-12 11:37:00,209.735,65.80153932048637,64.87256365230776,4,838.94,204.491625,214.978375,2026-05-13 11:07:00,204.491625,STOP_LOSS,-20.973500000000058,-2.500000000000002
KMI,2026-05-12 00:00:00,2026-05-13 00:00:00,0.0392551585304479,3.0,2026-05-13 09:50:00,32.36,48.59007103441754,48.48553380293426,30,970.8,31.551,33.169,2026-05-14 10:38:00,33.169,TAKE_PROFIT,24.269999999999925,2.499999999999991
MCO,2026-05-12 00:00:00,2026-05-13 00:00:00,0.0407450523864959,4.0,2026-05-13 09:50:00,442.82,42.64008965260671,39.333193034693636,2,885.64,431.7495,453.8905,2026-05-15 11:41:00,431.7495,STOP_LOSS,-22.140999999999963,-2.499999999999991
FDX,2026-05-12 00:00:00,2026-05-13 00:00:00,0.0271247739602169,2.0,2026-05-13 09:55:00,378.33,54.67834528926045,50.09485576758263,2,756.66,368.87174999999996,387.78824999999995,2026-05-13 14:35:00,368.87174999999996,STOP_LOSS,-18.916500000000042,-2.500000000000002
PLD,2026-05-12 00:00:00,2026-05-13 00:00:00,0.0561797752808988,5.0,2026-05-13 09:57:00,143.545,51.527098192497,50.32449894512341,6,861.27,139.95637499999998,147.13362499999997,2026-05-15 15:59:00,140.53,WEEK_END_CLOSE,-18.089999999999918,-2.1003866383364045
AEP,2026-05-12 00:00:00,2026-05-13 00:00:00,0.0614525139664804,6.0,2026-05-13 10:09:00,127.0,33.85360351795579,33.73387657804518,7,889.0,123.825,130.17499999999998,2026-05-15 15:59:00,125.13,WEEK_END_CLOSE,-13.090000000000032,-1.472440944881892
MO,2026-05-12 00:00:00,2026-05-13 00:00:00,0.0707314619176979,9.0,2026-05-13 10:25:00,71.0,55.84971723419051,54.004055318011154,14,994.0,69.225,72.77499999999999,2026-05-15 09:30:00,73.02,TAKE_PROFIT_GAP,28.279999999999944,2.845070422535212
PGR,2026-05-12 00:00:00,2026-05-13 00:00:00,0.0722543352601156,10.0,2026-05-13 10:37:00,200.29,56.904403212220295,53.8214125005225,4,801.16,195.28275,205.29724999999996,2026-05-15 15:59:00,199.81,WEEK_END_CLOSE,-1.919999999999959,-0.23965250386938086
ADI,2026-05-12 00:00:00,2026-05-13 00:00:00,0.063150074294205,7.0,2026-05-13 10:48:00,432.85,57.39458679516455,56.938733336630065,2,865.7,422.02875,443.67125,2026-05-15 09:30:00,415.18,STOP_LOSS_GAP,-35.34000000000003,-4.082245581610266
ADP,2026-05-12 00:00:00,2026-05-13 00:00:00,0.0674300254452926,8.0,2026-05-13 12:33:00,207.0,46.88541372100607,44.72050138991332,4,828.0,201.825,212.17499999999998,2026-05-15 09:30:00,212.17499999999998,TAKE_PROFIT,20.699999999999932,2.499999999999991
FDX,2026-05-12 00:00:00,2026-05-13 00:00:00,0.0271247739602169,2.0,2026-05-13 14:42:00,369.405,47.051137124223764,44.77791183759305,2,738.81,360.169875,378.64012499999995,2026-05-14 12:13:00,378.64012499999995,TAKE_PROFIT,18.470249999999965,2.499999999999991
NSC,2026-05-13 00:00:00,2026-05-14 00:00:00,0.0,1.0,2026-05-14 09:46:00,312.3699,55.335680327136345,51.652885387876616,3,937.1097,304.56065249999995,320.17914749999994,2026-05-15 15:59:00,316.62,WEEK_END_CLOSE,12.750300000000095,1.360598444344352
UNP,2026-05-13 00:00:00,2026-05-14 00:00:00,0.0724149545301448,9.0,2026-05-14 09:48:00,265.745,52.22675492299682,51.38866398777031,3,797.235,259.101375,272.388625,2026-05-15 15:59:00,270.58,WEEK_END_CLOSE,14.504999999999939,1.8194133473818708
APO,2026-05-13 00:00:00,2026-05-14 00:00:00,0.0721247563352826,8.0,2026-05-14 09:49:00,132.42,47.989607046797104,47.3467983673068,7,926.9399999999999,129.1095,135.73049999999998,2026-05-14 10:54:00,135.73049999999998,TAKE_PROFIT,23.173499999999933,2.499999999999991
CL,2026-05-13 00:00:00,2026-05-14 00:00:00,0.046692607003891,6.0,2026-05-14 09:53:00,88.56,64.59444184819603,64.00194466174567,11,974.1600000000001,86.346,90.774,2026-05-15 15:59:00,88.15,WEEK_END_CLOSE,-4.5099999999999625,-0.4629629629629539
KMI,2026-05-13 00:00:00,2026-05-14 00:00:00,0.0391541038525963,5.0,2026-05-14 10:50:00,33.215,60.734707773092225,60.59926337055775,30,996.45,32.384625,34.045375,2026-05-15 15:59:00,33.63,WEEK_END_CLOSE,12.449999999999974,1.2494354960108423
AFL,2026-05-13 00:00:00,2026-05-14 00:00:00,0.0050813008130081,2.0,2026-05-14 10:58:00,116.4,51.181874259207795,50.99834481950405,8,931.2,113.49000000000001,119.31,2026-05-15 15:59:00,116.84,WEEK_END_CLOSE,3.519999999999982,0.37800687285223233
APO,2026-05-13 00:00:00,2026-05-14 00:00:00,0.0721247563352826,8.0,2026-05-14 11:15:00,136.44,67.78301757586462,65.52905354184784,7,955.0799999999999,133.029,139.851,2026-05-15 09:33:00,133.029,STOP_LOSS,-23.87700000000001,-2.500000000000002
AMT,2026-05-14 00:00:00,2026-05-15 00:00:00,0.0458015267175572,8.0,2026-05-15 09:46:00,169.35,40.611535523020635,40.34793305392677,5,846.75,165.11624999999998,173.58374999999998,2026-05-15 15:59:00,170.71,WEEK_END_CLOSE,6.800000000000068,0.8030705639208824
CTAS,2026-05-14 00:00:00,2026-05-15 00:00:00,0.0625,10.0,2026-05-15 09:46:00,167.75,61.73596664848267,61.231501805543694,5,838.75,163.55625,171.94375,2026-05-15 15:59:00,168.34,WEEK_END_CLOSE,2.950000000000017,0.351713859910574
GD,2026-05-14 00:00:00,2026-05-15 00:00:00,0.0125,2.0,2026-05-15 09:46:00,340.585,51.2698886319278,48.17552219227738,2,681.17,332.07037499999996,349.09962499999995,2026-05-15 15:59:00,334.5,WEEK_END_CLOSE,-12.169999999999959,-1.7866318246546276
CMCSA,2026-05-14 00:00:00,2026-05-15 00:00:00,0.039784739573323,6.0,2026-05-15 09:56:00,25.29,48.87908502571044,47.74743562955833,39,986.31,24.65775,25.92225,2026-05-15 15:59:00,24.755,WEEK_END_CLOSE,-20.865000000000006,-2.1154606563859257
FDX,2026-05-14 00:00:00,2026-05-15 00:00:00,0.0389610389610389,5.0,2026-05-15 09:56:00,376.5,56.31822012997921,48.9036782575623,2,753.0,367.0875,385.91249999999997,2026-05-15 15:59:00,375.855,WEEK_END_CLOSE,-1.2899999999999636,-0.1713147410358551
TT,2026-05-14 00:00:00,2026-05-15 00:00:00,0.0446428571428571,7.0,2026-05-15 09:56:00,471.81,48.014258293209096,47.80110115247175,2,943.62,460.01475,483.60524999999996,2026-05-15 15:59:00,466.4,WEEK_END_CLOSE,-10.82000000000005,-1.1466480150908231
RSG,2026-05-14 00:00:00,2026-05-15 00:00:00,0.0154999148356327,3.0,2026-05-15 09:57:00,210.46,60.760732952759675,59.31728041380511,4,841.84,205.1985,215.7215,2026-05-15 15:59:00,208.36,WEEK_END_CLOSE,-8.399999999999977,-0.9978143115081273
SO,2026-05-14 00:00:00,2026-05-15 00:00:00,0.0549450549450549,9.0,2026-05-15 10:00:00,93.58,53.49249197369428,53.43495755684743,10,935.8,91.2405,95.91949999999999,2026-05-15 15:59:00,92.575,WEEK_END_CLOSE,-10.049999999999955,-1.0739474246633796
MPC,2026-05-14 00:00:00,2026-05-15 00:00:00,0.012210796915167,1.0,2026-05-15 10:07:00,254.18,57.82498677709088,56.51815080974518,3,762.54,247.8255,260.5345,2026-05-15 15:59:00,255.02,WEEK_END_CLOSE,2.5200000000000102,0.3304744669132109
APD,2026-05-14 00:00:00,2026-05-15 00:00:00,0.0360824742268041,4.0,2026-05-15 10:27:00,297.565,51.153861252033025,46.79388513785946,3,892.6949999999999,290.125875,305.004125,2026-05-15 15:59:00,295.37,WEEK_END_CLOSE,-6.5849999999999795,-0.7376539579587615
JCI,2026-05-15 00:00:00,2026-05-18 00:00:00,0.0469483568075117,6.0,2026-05-18 09:50:00,142.185,48.7500784211274,48.29655102346193,7,995.2950000000001,138.630375,145.739625,2026-05-18 12:09:00,138.630375,STOP_LOSS,-24.88237500000011,-2.5000000000000133
VRTX,2026-05-15 00:00:00,2026-05-18 00:00:00,0.0498338870431893,7.0,2026-05-18 09:53:00,436.25,52.92911579934236,46.23147545295634,2,872.5,425.34375,447.15624999999994,2026-05-22 15:59:00,434.53,WEEK_END_CLOSE,-3.4400000000000546,-0.3942693409742182
MO,2026-05-15 00:00:00,2026-05-18 00:00:00,0.0608391608391608,8.0,2026-05-18 09:55:00,73.14,54.38331565682854,53.72494248708157,13,950.82,71.3115,74.96849999999999,2026-05-22 15:59:00,73.91,WEEK_END_CLOSE,10.009999999999948,1.052775499042924
RSG,2026-05-15 00:00:00,2026-05-18 00:00:00,0.0054744525547445,1.0,2026-05-18 09:55:00,210.34,57.804927451160275,56.9670441295686,4,841.36,205.0815,215.59849999999997,2026-05-19 09:30:00,216.19,TAKE_PROFIT_GAP,23.399999999999977,2.781211372064285
AXP,2026-05-15 00:00:00,2026-05-18 00:00:00,0.0455585498550872,5.0,2026-05-18 10:04:00,314.835,52.360077844556166,50.87451795645515,3,944.5049999999999,306.96412499999997,322.70587499999993,2026-05-20 09:31:00,306.96412499999997,STOP_LOSS,-23.612625000000037,-2.500000000000002
UNP,2026-05-15 00:00:00,2026-05-18 00:00:00,0.0753114382785957,9.0,2026-05-18 10:05:00,273.285,64.6053973025729,61.414904878885736,3,819.855,266.452875,280.117125,2026-05-20 15:30:00,266.452875,STOP_LOSS,-20.496375000000057,-2.500000000000002
MRSH,2026-05-15 00:00:00,2026-05-18 00:00:00,0.0350877192982456,4.0,2026-05-18 10:18:00,164.88,58.878506575517136,55.97110776802359,6,989.28,160.75799999999998,169.00199999999998,2026-05-19 10:22:00,169.00199999999998,TAKE_PROFIT,24.731999999999914,2.499999999999991
PLD,2026-05-15 00:00:00,2026-05-18 00:00:00,0.0159744408945686,2.0,2026-05-18 10:18:00,142.0999,57.77268727743763,54.70089027615658,7,994.6993,138.54740249999998,145.65239749999998,2026-05-22 09:47:00,145.74,TAKE_PROFIT_GAP,25.480700000000127,2.561648530364913
MDLZ,2026-05-15 00:00:00,2026-05-18 00:00:00,0.0766666666666666,10.0,2026-05-18 10:33:00,61.68,63.629982772203164,63.28572340045191,16,986.88,60.138,63.221999999999994,2026-05-22 15:59:00,61.74,WEEK_END_CLOSE,0.9600000000000364,0.09727626459143934
SO,2026-05-15 00:00:00,2026-05-18 00:00:00,0.0343473994111874,3.0,2026-05-18 10:33:00,92.65,57.91195100247648,48.888281678292444,10,926.5,90.33375000000001,94.96625,2026-05-22 15:59:00,94.56,WEEK_END_CLOSE,19.099999999999966,2.061521856448989
JCI,2026-05-15 00:00:00,2026-05-18 00:00:00,0.0469483568075117,6.0,2026-05-18 12:14:00,138.91,42.10748599168578,38.07120191388327,7,972.37,135.43725,142.38275,2026-05-19 09:32:00,135.25,STOP_LOSS_GAP,-25.619999999999976,-2.634799510474406
SPGI,2026-05-18 00:00:00,2026-05-19 00:00:00,0.0459770114942528,2.0,2026-05-19 09:45:00,417.28,53.59359516620895,50.91393642277792,2,834.56,406.84799999999996,427.71199999999993,2026-05-20 09:30:00,406.84799999999996,STOP_LOSS,-20.864000000000033,-2.500000000000002
MRK,2026-05-18 00:00:00,2026-05-19 00:00:00,0.1328182487122884,7.0,2026-05-19 09:46:00,113.12,62.293797595433325,59.33844623195532,8,904.96,110.292,115.948,2026-05-21 14:32:00,115.948,TAKE_PROFIT,22.62399999999991,2.499999999999991
GE,2026-05-18 00:00:00,2026-05-19 00:00:00,0.0336784799316823,1.0,2026-05-19 09:47:00,284.695,52.27698902868738,50.36695999626641,3,854.085,277.577625,291.812375,2026-05-20 09:46:00,291.812375,TAKE_PROFIT,21.352124999999944,2.499999999999991
PGR,2026-05-18 00:00:00,2026-05-19 00:00:00,0.1553030303030303,10.0,2026-05-19 09:47:00,203.745,54.6760094171901,52.335628083948315,4,814.98,198.651375,208.83862499999998,2026-05-22 09:30:00,198.15,STOP_LOSS_GAP,-22.379999999999995,-2.7460796583965275
HLT,2026-05-18 00:00:00,2026-05-19 00:00:00,0.0558035714285714,3.0,2026-05-19 09:50:00,314.78,45.13673143096673,40.144424292624215,3,944.3399999999999,306.91049999999996,322.64949999999993,2026-05-20 11:05:00,322.64949999999993,TAKE_PROFIT,23.60849999999988,2.499999999999991
AMGN,2026-05-18 00:00:00,2026-05-19 00:00:00,0.0851699663802764,5.0,2026-05-19 09:51:00,323.67,56.03600315650738,53.54444058374327,3,971.01,315.57825,331.76175,2026-05-19 11:19:00,331.76175,TAKE_PROFIT,24.27524999999997,2.499999999999991
KKR,2026-05-18 00:00:00,2026-05-19 00:00:00,0.1170454545454545,6.0,2026-05-19 09:51:00,94.9,51.614925295383365,47.297447014581785,10,949.0,92.5275,97.2725,2026-05-19 15:04:00,92.5275,STOP_LOSS,-23.725000000000023,-2.500000000000002
USB,2026-05-18 00:00:00,2026-05-19 00:00:00,0.1455108359133126,9.0,2026-05-19 09:52:00,52.79,44.288848527724454,42.294717069458976,18,950.22,51.47025,54.10974999999999,2026-05-20 10:20:00,54.10974999999999,TAKE_PROFIT,23.755499999999856,2.499999999999991
AMGN,2026-05-18 00:00:00,2026-05-19 00:00:00,0.0851699663802764,5.0,2026-05-19 12:13:00,330.675,55.56989396195364,53.11518525153486,3,992.0250000000001,322.408125,338.941875,2026-05-22 09:30:00,340.26,TAKE_PROFIT_GAP,28.75499999999994,2.898616466318882
KKR,2026-05-18 00:00:00,2026-05-19 00:00:00,0.1170454545454545,6.0,2026-05-19 15:15:00,92.77,54.69761958033785,44.00796716527409,10,927.6999999999999,90.45075,95.08924999999999,2026-05-21 14:19:00,95.08924999999999,TAKE_PROFIT,23.192499999999967,2.499999999999991
ABBV,2026-05-19 00:00:00,2026-05-20 00:00:00,0.0632680928538916,5.0,2026-05-20 09:45:00,213.875,53.332131674525485,51.7505309932231,4,855.5,208.528125,219.22187499999998,2026-05-22 10:11:00,219.22187499999998,TAKE_PROFIT,21.387499999999932,2.499999999999991
BKNG,2026-05-19 00:00:00,2026-05-20 00:00:00,0.1016733535570995,9.0,2026-05-20 09:45:00,152.38,45.97077128883883,44.46105754788548,6,914.28,148.57049999999998,156.18949999999998,2026-05-20 11:26:00,156.18949999999998,TAKE_PROFIT,22.856999999999914,2.499999999999991
JNJ,2026-05-19 00:00:00,2026-05-20 00:00:00,0.0612467603328331,4.0,2026-05-20 09:45:00,231.22,61.65025120685131,60.63736889727539,4,924.88,225.43949999999998,237.0005,2026-05-22 15:59:00,234.38,WEEK_END_CLOSE,12.639999999999986,1.3666637834097273
KMI,2026-05-19 00:00:00,2026-05-20 00:00:00,0.0255640465793304,1.0,2026-05-20 09:47:00,34.47,49.335547637671006,47.8536188808503,29,999.63,33.60825,35.33174999999999,2026-05-20 13:56:00,33.60825,STOP_LOSS,-24.99075000000002,-2.500000000000002
MDT,2026-05-19 00:00:00,2026-05-20 00:00:00,0.0802757941393745,8.0,2026-05-20 09:51:00,78.34,55.582545465196894,52.81308039911596,12,940.08,76.3815,80.29849999999999,2026-05-22 15:59:00,78.58,WEEK_END_CLOSE,2.8799999999999386,0.30635690579523533
PEP,2026-05-19 00:00:00,2026-05-20 00:00:00,0.0280199566597792,2.0,2026-05-20 09:54:00,150.41,60.79999809920447,57.738949126486624,6,902.46,146.64974999999998,154.17024999999998,2026-05-21 09:41:00,146.64974999999998,STOP_LOSS,-22.56150000000008,-2.5000000000000133
AFL,2026-05-19 00:00:00,2026-05-20 00:00:00,0.0379131561892417,3.0,2026-05-20 10:10:00,118.18,50.05903156242254,43.10906663996365,8,945.44,115.22550000000001,121.1345,2026-05-22 15:59:00,117.85,WEEK_END_CLOSE,-2.6400000000001,-0.2792350651548592
ADP,2026-05-19 00:00:00,2026-05-20 00:00:00,0.0725138121546961,7.0,2026-05-20 10:42:00,219.33,52.56128497941469,48.89119411483206,4,877.32,213.84675000000001,224.81324999999998,2026-05-22 09:41:00,224.81324999999998,TAKE_PROFIT,21.93299999999988,2.499999999999991
SNPS,2026-05-19 00:00:00,2026-05-20 00:00:00,0.0702479338842975,6.0,2026-05-20 11:01:00,491.82,58.97694038001663,58.68230873049006,2,983.64,479.5245,504.11549999999994,2026-05-21 13:17:00,504.4,TAKE_PROFIT_GAP,25.159999999999968,2.5578463665568707
BKNG,2026-05-19 00:00:00,2026-05-20 00:00:00,0.1016733535570995,9.0,2026-05-20 11:39:00,156.15,64.66292220737037,63.2965568438891,6,936.9000000000001,152.24625,160.05374999999998,2026-05-21 13:52:00,160.05374999999998,TAKE_PROFIT,23.422499999999843,2.499999999999991
KMI,2026-05-19 00:00:00,2026-05-20 00:00:00,0.0255640465793304,1.0,2026-05-20 14:13:00,33.615,45.10666381396691,42.55225337163111,29,974.835,32.774625,34.455375,2026-05-22 15:59:00,33.79,WEEK_END_CLOSE,5.074999999999918,0.5206009222073371
MS,2026-05-20 00:00:00,2026-05-21 00:00:00,0.0722875377897211,3.0,2026-05-21 09:45:00,198.84,58.29079273452083,57.20678492329395,5,994.2,193.869,203.81099999999998,2026-05-22 15:59:00,201.04,WEEK_END_CLOSE,10.999999999999943,1.1064172198752775
BSX,2026-05-20 00:00:00,2026-05-21 00:00:00,0.10250569476082,5.0,2026-05-21 09:47:00,56.61,54.76773804350464,52.686645435007314,17,962.37,55.19475,58.02524999999999,2026-05-22 09:32:00,58.02524999999999,TAKE_PROFIT,24.059249999999885,2.499999999999991
USB,2026-05-20 00:00:00,2026-05-21 00:00:00,0.053127677806341,1.0,2026-05-21 09:48:00,54.19,50.864555391311114,49.11000878952369,18,975.42,52.835249999999995,55.54474999999999,2026-05-22 15:59:00,54.825,WEEK_END_CLOSE,11.430000000000092,1.1718029156670973
GE,2026-05-20 00:00:00,2026-05-21 00:00:00,0.1127798765318345,6.0,2026-05-21 09:55:00,298.21,51.864870014948835,51.843202820588736,3,894.6299999999999,290.75475,305.66524999999996,2026-05-22 09:32:00,305.66524999999996,TAKE_PROFIT,22.365749999999935,2.499999999999991
WMB,2026-05-20 00:00:00,2026-05-21 00:00:00,0.05720823798627,2.0,2026-05-21 10:11:00,77.79,52.9593427061067,51.81497936878181,12,933.48,75.84525000000001,79.73475,2026-05-22 15:59:00,78.46,WEEK_END_CLOSE,8.03999999999985,0.8612932253502903
MCD,2026-05-21 00:00:00,2026-05-22 00:00:00,0.1101449275362318,9.0,2026-05-22 09:46:00,282.845,44.321062836910876,43.683427426146295,3,848.5350000000001,275.77387500000003,289.916125,2026-05-22 15:59:00,282.23,WEEK_END_CLOSE,-1.8450000000000273,-0.21743357669394836
CMCSA,2026-05-21 00:00:00,2026-05-22 00:00:00,0.0368157597287259,3.0,2026-05-22 09:57:00,25.245,53.71636238467592,53.18195932541247,39,984.5550000000001,24.613875,25.876125,2026-05-22 15:59:00,25.205,WEEK_END_CLOSE,-1.5600000000001053,-0.15844721727075184
TMO,2026-05-21 00:00:00,2026-05-22 00:00:00,0.0689045936395759,4.0,2026-05-22 10:03:00,450.87,47.1058470381938,46.7794538236368,2,901.74,439.59825,462.14174999999994,2026-05-22 15:59:00,448.205,WEEK_END_CLOSE,-5.330000000000041,-0.5910794685829668
CSX,2026-05-21 00:00:00,2026-05-22 00:00:00,0.0856031128404669,6.0,2026-05-22 10:07:00,45.885,45.36113633654001,44.63243350253158,21,963.5849999999999,44.737874999999995,47.03212499999999,2026-05-22 15:59:00,45.51,WEEK_END_CLOSE,-7.875,-0.8172605426610025
DASH,2026-05-21 00:00:00,2026-05-22 00:00:00,0.0968033230991511,7.0,2026-05-22 10:10:00,163.69,52.929931021349034,51.20961737299024,6,982.14,159.59775,167.78224999999998,2026-05-22 15:59:00,160.27,WEEK_END_CLOSE,-20.519999999999925,-2.08931516891685
PSX,2026-05-21 00:00:00,2026-05-22 00:00:00,0.102127659574468,8.0,2026-05-22 10:16:00,176.615,57.212374020689175,54.79898720671648,5,883.075,172.199625,181.030375,2026-05-22 15:59:00,177.68,WEEK_END_CLOSE,5.324999999999989,0.6030065396483764
BKNG,2026-05-21 00:00:00,2026-05-22 00:00:00,0.1130360205831904,10.0,2026-05-22 10:41:00,159.595,48.2429327590508,47.22172276137922,6,957.5699999999999,155.605125,163.58487499999998,2026-05-22 15:59:00,161.12,WEEK_END_CLOSE,9.150000000000034,0.955543720041363
ABBV,2026-05-21 00:00:00,2026-05-22 00:00:00,0.025812274368231,2.0,2026-05-22 11:11:00,218.21,52.44138633376092,50.49967330081783,4,872.84,212.75475,223.66525,2026-05-22 15:59:00,215.76,WEEK_END_CLOSE,-9.800000000000068,-1.1227716419962452
PM,2026-05-21 00:00:00,2026-05-22 00:00:00,0.0786516853932584,5.0,2026-05-22 11:17:00,189.205,49.86915815921216,49.181960526772194,5,946.0250000000001,184.474875,193.935125,2026-05-22 15:59:00,189.07,WEEK_END_CLOSE,-0.6750000000000966,-0.07135117993711804
DHR,2026-05-22 00:00:00,2026-05-26 00:00:00,0.0471976401179941,3.0,2026-05-26 09:45:00,171.11,51.05041687664697,42.28824861247287,5,855.5500000000001,166.83225000000002,175.38775,2026-05-27 09:34:00,175.38775,TAKE_PROFIT,21.388749999999987,2.499999999999991
COF,2026-05-22 00:00:00,2026-05-26 00:00:00,0.0754716981132075,5.0,2026-05-26 09:49:00,189.28,52.68365023687296,51.01040476427057,5,946.4,184.548,194.01199999999997,2026-05-28 10:11:00,184.548,STOP_LOSS,-23.659999999999997,-2.500000000000002
ADP,2026-05-22 00:00:00,2026-05-26 00:00:00,0.0920716112531969,7.0,2026-05-26 09:50:00,220.94,41.81737954111974,40.50541148334942,4,883.76,215.41649999999998,226.46349999999998,2026-05-29 15:59:00,221.83,WEEK_END_CLOSE,3.560000000000059,0.4028242961890083
ABBV,2026-05-22 00:00:00,2026-05-26 00:00:00,0.1020154267230654,9.0,2026-05-26 09:52:00,213.63,40.266473027176055,35.24740095076624,4,854.52,208.28924999999998,218.97074999999998,2026-05-28 10:24:00,218.97074999999998,TAKE_PROFIT,21.362999999999943,2.499999999999991
KMI,2026-05-22 00:00:00,2026-05-26 00:00:00,0.1090047393364928,10.0,2026-05-26 09:52:00,33.63,53.60405495207309,53.0171864931459,29,975.2700000000001,32.78925,34.47075,2026-05-27 09:30:00,32.58,STOP_LOSS_GAP,-30.450000000000124,-3.1222123104371224
AFL,2026-05-22 00:00:00,2026-05-26 00:00:00,0.078125,6.0,2026-05-26 09:56:00,117.55,53.67709051970905,48.135981401258455,8,940.4,114.61125,120.48874999999998,2026-05-27 15:31:00,114.61,STOP_LOSS_GAP,-23.519999999999982,-2.501063377286261
BSX,2026-05-22 00:00:00,2026-05-26 00:00:00,0.0623781676413255,4.0,2026-05-26 10:00:00,57.49,48.066574087017955,47.745674423421896,17,977.33,56.05275,58.927249999999994,2026-05-27 09:30:00,53.13,STOP_LOSS_GAP,-74.11999999999999,-7.5839276395894935
UPS,2026-05-22 00:00:00,2026-05-26 00:00:00,0.0342597199516667,2.0,2026-05-26 10:02:00,102.4458,61.983051626489704,57.99674259582006,9,922.0122,99.88465500000001,105.006945,2026-05-28 10:03:00,105.006945,TAKE_PROFIT,23.050304999999966,2.499999999999991
EMR,2026-05-22 00:00:00,2026-05-26 00:00:00,0.0264150943396226,1.0,2026-05-26 10:07:00,138.61,59.47518604105674,54.75718006047769,7,970.2700000000001,135.14475000000002,142.07525,2026-05-27 09:30:00,142.07525,TAKE_PROFIT,24.256749999999982,2.499999999999991
SNPS,2026-05-22 00:00:00,2026-05-26 00:00:00,0.1004366812227074,8.0,2026-05-26 10:13:00,534.29,56.04950242533854,55.01915880652741,1,534.29,520.9327499999999,547.6472499999999,2026-05-28 09:30:00,510.0,STOP_LOSS_GAP,-24.289999999999964,-4.546220217484875
NEE,2026-05-26 00:00:00,2026-05-27 00:00:00,0.1135864449325384,9.0,2026-05-27 09:45:00,87.51,47.68789472618586,47.50725752691857,11,962.61,85.32225,89.69775,2026-05-29 15:59:00,86.97,WEEK_END_CLOSE,-5.940000000000069,-0.6170723345903406
REGN,2026-05-26 00:00:00,2026-05-27 00:00:00,0.1098696461824953,7.0,2026-05-27 09:52:00,635.0,48.052343913120325,47.39029410393288,1,635.0,619.125,650.875,2026-05-29 09:35:00,619.125,STOP_LOSS,-15.875,-2.500000000000002
WFC,2026-05-26 00:00:00,2026-05-27 00:00:00,0.0316788281420169,3.0,2026-05-27 09:55:00,76.26,49.78298714281217,47.65134613686465,13,991.3800000000001,74.3535,78.1665,2026-05-29 15:59:00,77.54,WEEK_END_CLOSE,16.640000000000015,1.6784683975872072
SPGI,2026-05-26 00:00:00,2026-05-27 00:00:00,0.1246376811594203,10.0,2026-05-27 09:58:00,414.87,53.537663472225475,51.202808517318154,2,829.74,404.49825,425.24174999999997,2026-05-29 11:32:00,425.24174999999997,TAKE_PROFIT,20.743499999999926,2.499999999999991
SO,2026-05-26 00:00:00,2026-05-27 00:00:00,0.106060606060606,6.0,2026-05-27 10:05:00,94.175,48.69394289434529,47.713409104798416,10,941.75,91.82062499999999,96.52937499999999,2026-05-29 09:43:00,91.82062499999999,STOP_LOSS,-23.543750000000045,-2.500000000000002
MMM,2026-05-26 00:00:00,2026-05-27 00:00:00,0.0358161286643093,4.0,2026-05-27 10:17:00,156.33,63.29412183868402,61.00019069873616,6,937.98,152.42175,160.23825,2026-05-28 09:30:00,152.42175,STOP_LOSS,-23.449500000000057,-2.500000000000002
TJX,2026-05-26 00:00:00,2026-05-27 00:00:00,0.0520833333333333,5.0,2026-05-27 10:17:00,159.11,53.46908429929302,52.096262705932794,6,954.6600000000001,155.13225,163.08775,2026-05-28 10:57:00,155.13225,STOP_LOSS,-23.866500000000087,-2.5000000000000133
UNP,2026-05-26 00:00:00,2026-05-27 00:00:00,0.0069813923373588,1.0,2026-05-27 10:30:00,274.79,60.574701981084914,54.877951278034594,3,824.3700000000001,267.92025,281.65975,2026-05-28 09:34:00,267.92025,STOP_LOSS,-20.60925000000003,-2.500000000000002
DLR,2026-05-27 00:00:00,2026-05-28 00:00:00,0.0183299389002036,3.0,2026-05-28 09:45:00,191.045,41.51469375759465,37.935079578112514,5,955.2249999999999,186.26887499999998,195.82112499999997,2026-05-29 15:59:00,189.97,WEEK_END_CLOSE,-5.374999999999943,-0.5626946530921995
WMB,2026-05-27 00:00:00,2026-05-28 00:00:00,0.082901554404145,9.0,2026-05-28 09:48:00,74.165,35.42212204315912,35.003880836332115,13,964.1450000000001,72.31087500000001,76.019125,2026-05-29 09:40:00,72.31087500000001,STOP_LOSS,-24.10362499999995,-2.499999999999991
PG,2026-05-27 00:00:00,2026-05-28 00:00:00,0.0713828267402335,7.0,2026-05-28 09:50:00,145.83,41.34579387999087,40.90620740881312,6,874.98,142.18425000000002,149.47575,2026-05-29 15:59:00,143.56,WEEK_END_CLOSE,-13.620000000000061,-1.5566070081601935
CSX,2026-05-27 00:00:00,2026-05-28 00:00:00,0.0697424892703862,6.0,2026-05-28 09:52:00,45.95,43.3608848295565,39.58451170865893,21,964.95,44.80125,47.098749999999995,2026-05-29 15:59:00,45.25,WEEK_END_CLOSE,-14.70000000000006,-1.5233949945593128
DHR,2026-05-27 00:00:00,2026-05-28 00:00:00,0.0156041016495764,2.0,2026-05-28 09:54:00,179.06,71.433068944137,70.67636230993543,5,895.3,174.5835,183.5365,2026-05-29 11:26:00,183.54,TAKE_PROFIT_GAP,22.39999999999995,2.501954652071925
ICE,2026-05-27 00:00:00,2026-05-28 00:00:00,0.0762081784386617,8.0,2026-05-28 09:58:00,149.82,53.795784569939066,51.63186855317444,6,898.92,146.0745,153.5655,2026-05-29 15:59:00,147.95,WEEK_END_CLOSE,-11.220000000000027,-1.2481644640234935
CI,2026-05-27 00:00:00,2026-05-28 00:00:00,0.0630252100840336,5.0,2026-05-28 10:01:00,287.935,61.789009184095725,61.45338042472852,3,863.8050000000001,280.736625,295.133375,2026-05-29 09:55:00,280.736625,STOP_LOSS,-21.595124999999996,-2.500000000000002
PM,2026-05-27 00:00:00,2026-05-28 00:00:00,0.0934579439252336,10.0,2026-05-28 10:02:00,182.45,50.209299905959504,49.17380494442201,5,912.25,177.88875,187.01124999999996,2026-05-29 09:30:00,176.65,STOP_LOSS_GAP,-28.999999999999915,-3.1789531378459746
UPS,2026-05-27 00:00:00,2026-05-28 00:00:00,0.0365940553745928,4.0,2026-05-28 10:07:00,104.81,54.20613864101437,51.19473385943559,9,943.29,102.18975,107.43024999999999,2026-05-29 15:59:00,106.7,WEEK_END_CLOSE,17.010000000000005,1.8032630474191347
RTX,2026-05-28 00:00:00,2026-05-29 00:00:00,0.0272775705913692,3.0,2026-05-29 09:45:00,177.66,46.786134794053424,42.977955843443226,5,888.3,173.2185,182.1015,2026-05-29 15:59:00,179.61,WEEK_END_CLOSE,9.750000000000085,1.0976021614319542
WMB,2026-05-28 00:00:00,2026-05-29 00:00:00,0.03954802259887,4.0,2026-05-29 10:03:00,71.68,37.27988899184043,34.986919935379966,13,931.8400000000001,69.888,73.472,2026-05-29 15:59:00,71.38,WEEK_END_CLOSE,-3.900000000000148,-0.4185267857143016
SO,2026-05-28 00:00:00,2026-05-29 00:00:00,0.0677966101694915,7.0,2026-05-29 10:07:00,91.53,40.477635338396645,40.10344165664586,10,915.3,89.24175,93.81824999999999,2026-05-29 15:59:00,92.01,WEEK_END_CLOSE,4.80000000000004,0.5244182235332628
ABBV,2026-05-28 00:00:00,2026-05-29 00:00:00,0.0473988439306358,5.0,2026-05-29 10:08:00,216.895,48.154008715797836,48.026742805556076,4,867.58,211.472625,222.317375,2026-05-29 15:59:00,217.6,WEEK_END_CLOSE,2.8199999999999363,0.32504207104819827
GILD,2026-05-28 00:00:00,2026-05-29 00:00:00,0.0022454564591958,1.0,2026-05-29 10:10:00,135.78,53.15573602293559,52.89241527533603,7,950.46,132.3855,139.1745,2026-05-29 15:59:00,134.47,WEEK_END_CLOSE,-9.170000000000016,-0.9647959935189299
MRK,2026-05-28 00:00:00,2026-05-29 00:00:00,0.0481369077727196,6.0,2026-05-29 10:10:00,118.965,48.5277867467298,48.31254681102909,8,951.72,115.990875,121.93912499999999,2026-05-29 15:59:00,118.74,WEEK_END_CLOSE,-1.8000000000000682,-0.18913125709243417
DASH,2026-05-28 00:00:00,2026-05-29 00:00:00,0.0833478034380968,10.0,2026-05-29 10:18:00,159.9175,52.521909519620046,51.373163338842396,6,959.5049999999999,155.91956249999998,163.91543749999997,2026-05-29 15:59:00,159.34,WEEK_END_CLOSE,-3.464999999999918,-0.36112370441008235
FTNT,2026-05-28 00:00:00,2026-05-29 00:00:00,0.0799719396702911,9.0,2026-05-29 10:30:00,133.62,67.22311433314732,67.1639137837764,7,935.34,130.2795,136.9605,2026-05-29 14:08:00,136.9605,TAKE_PROFIT,23.38349999999994,2.499999999999991
FTNT,2026-05-28 00:00:00,2026-05-29 00:00:00,0.0799719396702911,9.0,2026-05-29 15:08:00,137.06,58.59401982776573,55.847850580113914,7,959.4200000000001,133.6335,140.48649999999998,2026-05-29 15:59:00,137.93,WEEK_END_CLOSE,6.090000000000032,0.6347584999270461
CMCSA,2026-05-29 00:00:00,2026-06-01 00:00:00,0.0861130825644665,6.0,2026-06-01 09:47:00,24.655,45.59153128403087,45.56261085504332,40,986.2,24.038625,25.271375,2026-06-03 11:00:00,24.038625,STOP_LOSS,-24.655000000000058,-2.500000000000002
WMB,2026-05-29 00:00:00,2026-06-01 00:00:00,0.0204081632653061,2.0,2026-06-01 09:50:00,71.13,44.214709336804226,41.73534791754893,14,995.8199999999999,69.35175,72.90825,2026-06-05 15:59:00,71.965,WEEK_END_CLOSE,11.690000000000111,1.17390693097148
V,2026-05-29 00:00:00,2026-06-01 00:00:00,0.0460927877377856,3.0,2026-06-01 09:52:00,323.62,45.218767520034355,40.58944666290123,3,970.86,315.5295,331.71049999999997,2026-06-02 09:54:00,315.5295,STOP_LOSS,-24.27150000000006,-2.500000000000002
NVDA,2026-05-29 00:00:00,2026-06-01 00:00:00,0.1105401731145577,10.0,2026-06-01 10:02:00,218.995,50.11227087314674,48.656986217931944,4,875.98,213.520125,224.46987499999997,2026-06-01 14:21:00,224.46987499999997,TAKE_PROFIT,21.899499999999875,2.499999999999991
CDNS,2026-05-29 00:00:00,2026-06-01 00:00:00,0.0677419354838709,4.0,2026-06-01 10:04:00,392.21,65.54460402480856,63.017045119108296,2,784.42,382.40475,402.0152499999999,2026-06-01 11:43:00,402.0152499999999,TAKE_PROFIT,19.610499999999888,2.499999999999991
CME,2026-05-29 00:00:00,2026-06-01 00:00:00,0.096551724137931,7.0,2026-06-01 10:04:00,267.67,41.421132456843104,39.22567127804697,3,803.01,260.97825,274.36175,2026-06-01 14:10:00,260.97825,STOP_LOSS,-20.07525000000004,-2.500000000000002
KMI,2026-05-29 00:00:00,2026-06-01 00:00:00,0.0742574257425742,5.0,2026-06-01 10:04:00,31.14,43.56210190602315,43.230548552059965,32,996.48,30.3615,31.918499999999998,2026-06-03 11:46:00,31.918499999999998,TAKE_PROFIT,24.91199999999992,2.499999999999991
HPE,2026-05-29 00:00:00,2026-06-01 00:00:00,0.104558856883647,9.0,2026-06-01 10:07:00,44.82,60.41970763718659,59.352831692729175,22,986.04,43.6995,45.94049999999999,2026-06-01 12:00:00,45.94049999999999,TAKE_PROFIT,24.65099999999984,2.499999999999991
GILD,2026-05-29 00:00:00,2026-06-01 00:00:00,0.1021834061135371,8.0,2026-06-01 10:08:00,132.48,42.67701866553366,42.53002468444466,7,927.3599999999999,129.16799999999998,135.79199999999997,2026-06-02 09:30:00,128.99,STOP_LOSS_GAP,-24.429999999999865,-2.6343599033816334
ADP,2026-05-29 00:00:00,2026-06-01 00:00:00,0.0124653739612188,1.0,2026-06-01 10:46:00,230.14,66.41099578670952,63.02366954750342,4,920.56,224.38649999999998,235.89349999999996,2026-06-04 09:43:00,235.97,TAKE_PROFIT_GAP,23.32000000000005,2.533240636134537
CDNS,2026-05-29 00:00:00,2026-06-01 00:00:00,0.0677419354838709,4.0,2026-06-01 12:03:00,402.095,67.22722196875611,66.35633434945616,2,804.19,392.04262500000004,412.147375,2026-06-01 15:55:00,412.147375,TAKE_PROFIT,20.104749999999967,2.499999999999991
HPE,2026-05-29 00:00:00,2026-06-01 00:00:00,0.104558856883647,9.0,2026-06-01 12:38:00,45.265,50.90150065743213,48.83416140804827,22,995.83,44.133375,46.39662499999999,2026-06-01 14:55:00,46.39662499999999,TAKE_PROFIT,24.895749999999836,2.499999999999991
CME,2026-05-29 00:00:00,2026-06-01 00:00:00,0.096551724137931,7.0,2026-06-01 14:12:00,261.84,43.51903729842201,35.14497981438565,3,785.52,255.29399999999998,268.38599999999997,2026-06-02 09:36:00,255.29399999999998,STOP_LOSS,-19.637999999999977,-2.500000000000002
NVDA,2026-05-29 00:00:00,2026-06-01 00:00:00,0.1105401731145577,10.0,2026-06-01 14:25:00,224.48,63.86611703968785,61.36830393993009,4,897.92,218.868,230.09199999999996,2026-06-02 09:50:00,230.09199999999996,TAKE_PROFIT,22.447999999999865,2.499999999999991
NSC,2026-06-01 00:00:00,2026-06-02 00:00:00,0.1,5.0,2026-06-02 09:46:00,307.03,53.89038217323977,52.730924454716565,3,921.0899999999999,299.35425,314.70574999999997,2026-06-05 13:14:00,314.70574999999997,TAKE_PROFIT,23.02724999999998,2.499999999999991
APO,2026-06-01 00:00:00,2026-06-02 00:00:00,0.1044978146785082,9.0,2026-06-02 09:55:00,128.35,41.490436017415625,36.651661894551076,7,898.4499999999999,125.14124999999999,131.55874999999997,2026-06-03 09:30:00,124.0,STOP_LOSS_GAP,-30.44999999999996,-3.389170237631467
NOC,2026-06-01 00:00:00,2026-06-02 00:00:00,0.0684570826750921,3.0,2026-06-02 09:55:00,535.07,46.59535673368596,41.39983076573956,1,535.07,521.69325,548.44675,2026-06-05 09:30:00,550.0,TAKE_PROFIT_GAP,14.92999999999995,2.7902891210495717
SHW,2026-06-01 00:00:00,2026-06-02 00:00:00,0.1023622047244094,6.0,2026-06-02 09:56:00,291.72,45.65952651660174,43.976141882204175,3,875.1600000000001,284.427,299.013,2026-06-03 09:30:00,300.51,TAKE_PROFIT_GAP,26.36999999999989,3.0131633072809416
AON,2026-06-01 00:00:00,2026-06-02 00:00:00,0.0263157894736842,1.0,2026-06-02 10:04:00,315.91,54.2427615002654,48.48931591966878,3,947.73,308.01225,323.80775,2026-06-04 09:44:00,324.0,TAKE_PROFIT_GAP,24.269999999999925,2.560855939982898
DHR,2026-06-01 00:00:00,2026-06-02 00:00:00,0.1037794352872747,7.0,2026-06-02 10:05:00,177.215,45.45590685796059,43.99866888382663,5,886.075,172.784625,181.645375,2026-06-04 09:30:00,182.27,TAKE_PROFIT_GAP,25.275000000000034,2.852467341929299
MSI,2026-06-01 00:00:00,2026-06-02 00:00:00,0.0497076023391812,2.0,2026-06-02 10:05:00,409.3775,54.33999782448566,50.248422429877614,2,818.755,399.1430625,419.61193749999995,2026-06-05 15:59:00,410.32,WEEK_END_CLOSE,1.884999999999991,0.23022760166349077
ORLY,2026-06-01 00:00:00,2026-06-02 00:00:00,0.1043017088980553,8.0,2026-06-02 10:09:00,85.625,42.34982864188537,40.65202951382704,11,941.875,83.484375,87.76562499999999,2026-06-03 09:54:00,87.76562499999999,TAKE_PROFIT,23.546874999999844,2.499999999999991
UPS,2026-06-01 00:00:00,2026-06-02 00:00:00,0.105699021453133,10.0,2026-06-02 10:09:00,109.3,49.794137381428854,47.16594931932818,9,983.6999999999999,106.5675,112.03249999999998,2026-06-05 15:59:00,108.55,WEEK_END_CLOSE,-6.75,-0.6861848124428138
AJG,2026-06-02 00:00:00,2026-06-03 00:00:00,0.0694444444444444,6.0,2026-06-03 09:45:00,204.66,53.10749746690424,40.24889997929203,4,818.64,199.5435,209.77649999999997,2026-06-04 09:32:00,209.77649999999997,TAKE_PROFIT,20.465999999999894,2.499999999999991
PCAR,2026-06-02 00:00:00,2026-06-03 00:00:00,0.0049822064056939,2.0,2026-06-03 09:55:00,114.56,56.59252083910553,55.06125559766398,8,916.48,111.696,117.42399999999999,2026-06-04 11:22:00,117.42399999999999,TAKE_PROFIT,22.91199999999992,2.499999999999991
TMO,2026-06-02 00:00:00,2026-06-03 00:00:00,0.0667470002020943,5.0,2026-06-03 09:57:00,473.45,52.21848043884715,47.85741198434976,2,946.9,461.61375,485.28624999999994,2026-06-04 09:55:00,485.28624999999994,TAKE_PROFIT,23.6724999999999,2.499999999999991
SO,2026-06-02 00:00:00,2026-06-03 00:00:00,0.07738947910028,8.0,2026-06-03 09:59:00,92.115,65.64458781232725,64.26744910268833,10,921.15,89.812125,94.41787499999998,2026-06-05 15:59:00,92.635,WEEK_END_CLOSE,5.200000000000102,0.564511751614849
TRV,2026-06-02 00:00:00,2026-06-03 00:00:00,0.0428015564202334,4.0,2026-06-03 10:07:00,294.04,52.95445930909702,52.36572657774585,3,882.1200000000001,286.689,301.391,2026-06-05 11:14:00,301.391,TAKE_PROFIT,22.052999999999997,2.499999999999991
APD,2026-06-02 00:00:00,2026-06-03 00:00:00,0.0264900662251655,3.0,2026-06-03 10:08:00,283.5869,57.906905638418685,55.99201775688234,3,850.7607,276.4972275,290.67657249999996,2026-06-05 15:59:00,282.34,WEEK_END_CLOSE,-3.7407000000001176,-0.4396888572779756
CTAS,2026-06-02 00:00:00,2026-06-03 00:00:00,0.0713449382703659,7.0,2026-06-03 10:19:00,173.34,50.87356549781426,49.13639831954544,5,866.7,169.0065,177.6735,2026-06-04 09:30:00,178.75,TAKE_PROFIT_GAP,27.049999999999983,3.1210338063920595
GD,2026-06-02 00:00:00,2026-06-03 00:00:00,0.0802080725288916,9.0,2026-06-03 10:23:00,337.79,52.546449623496706,47.064743178417146,2,675.58,329.34525,346.23474999999996,2026-06-05 10:57:00,346.23474999999996,TAKE_PROFIT,16.889499999999884,2.499999999999991
PM,2026-06-02 00:00:00,2026-06-03 00:00:00,0.08232005962111,10.0,2026-06-03 11:08:00,176.25,48.27975264029953,45.937193548393566,5,881.25,171.84375,180.65624999999997,2026-06-05 15:59:00,178.31,WEEK_END_CLOSE,10.300000000000011,1.1687943262411293
FDX,2026-06-03 00:00:00,2026-06-04 00:00:00,0.0338983050847457,5.0,2026-06-04 09:59:00,330.09,55.21386664201382,54.992216089480394,3,990.27,321.83774999999997,338.3422499999999,2026-06-05 15:59:00,331.07,WEEK_END_CLOSE,2.9400000000000546,0.29688872731679083
DUK,2026-06-03 00:00:00,2026-06-04 00:00:00,0.0548885077186964,6.0,2026-06-04 10:07:00,121.92,49.191942160697614,48.101290217782456,8,975.36,118.872,124.96799999999999,2026-06-05 14:19:00,124.96799999999999,TAKE_PROFIT,24.3839999999999,2.499999999999991
PH,2026-06-03 00:00:00,2026-06-04 00:00:00,0.0734463276836158,7.0,2026-06-04 10:10:00,860.44,53.7335390249882,53.52070431682739,1,860.44,838.9290000000001,881.951,2026-06-05 09:35:00,881.951,TAKE_PROFIT,21.510999999999967,2.499999999999991
JNJ,2026-06-03 00:00:00,2026-06-04 00:00:00,0.0881843102182788,9.0,2026-06-04 10:14:00,227.24,61.45195196762793,55.62906811257529,4,908.96,221.559,232.921,2026-06-05 11:14:00,232.921,TAKE_PROFIT,22.723999999999933,2.499999999999991
ABBV,2026-06-03 00:00:00,2026-06-04 00:00:00,0.0927102238354507,10.0,2026-06-04 10:27:00,222.32,58.71992443363829,58.04775962558959,4,889.28,216.762,227.878,2026-06-05 09:30:00,227.878,TAKE_PROFIT,22.23199999999997,2.499999999999991
TFC,2026-06-03 00:00:00,2026-06-04 00:00:00,0.0302233902759526,4.0,2026-06-04 11:09:00,48.72,51.956110308976,50.68620554078442,20,974.4,47.501999999999995,49.937999999999995,2026-06-05 15:59:00,49.2,WEEK_END_CLOSE,9.60000000000008,0.9852216748768461
PCAR,2026-06-03 00:00:00,2026-06-04 00:00:00,0.0,2.0,2026-06-04 11:39:00,117.3,62.52506839828804,60.06293400273731,8,938.4,114.36749999999999,120.23249999999999,2026-06-05 15:59:00,116.67,WEEK_END_CLOSE,-5.039999999999964,-0.5370843989769836
PH,2026-06-04 00:00:00,2026-06-05 00:00:00,0.0303030303030303,2.0,2026-06-05 09:45:00,882.0,70.03188440800878,66.78344721063908,1,882.0,859.9499999999999,904.05,2026-06-05 15:59:00,882.54,WEEK_END_CLOSE,0.5399999999999636,0.061224489795908
SHW,2026-06-04 00:00:00,2026-06-05 00:00:00,0.1266666666666666,10.0,2026-06-05 09:48:00,305.405,68.06317148086444,66.74715576567833,3,916.2149999999999,297.76987499999996,313.04012499999993,2026-06-05 15:59:00,305.29,WEEK_END_CLOSE,-0.34499999999985675,-0.037654917241025654
AMT,2026-06-04 00:00:00,2026-06-05 00:00:00,0.106029106029106,8.0,2026-06-05 09:56:00,195.6,63.613034790756224,59.981318610558056,5,978.0,190.70999999999998,200.48999999999998,2026-06-05 15:59:00,194.115,WEEK_END_CLOSE,-7.424999999999926,-0.7592024539877174
SBUX,2026-06-04 00:00:00,2026-06-05 00:00:00,0.1152979064782467,9.0,2026-06-05 09:56:00,95.115,57.999160278295385,54.576418127036305,10,951.15,92.73712499999999,97.49287499999998,2026-06-05 15:59:00,95.31,WEEK_END_CLOSE,1.950000000000074,0.2050149818640712
PLD,2026-06-04 00:00:00,2026-06-05 00:00:00,0.064,5.0,2026-06-05 10:02:00,144.83,67.67692320529531,64.1409895764695,6,868.98,141.20925,148.45075,2026-06-05 15:59:00,144.57,WEEK_END_CLOSE,-1.560000000000116,-0.17952081751019255
SYK,2026-06-04 00:00:00,2026-06-05 00:00:00,0.0626003210272873,4.0,2026-06-05 10:04:00,309.92,65.1067330606264,63.90500160771869,3,929.76,302.172,317.668,2026-06-05 15:59:00,305.68,WEEK_END_CLOSE,-12.720000000000027,-1.3680949922560637
DHR,2026-06-04 00:00:00,2026-06-05 00:00:00,0.0899014972867945,6.0,2026-06-05 10:16:00,184.59,48.1366325747521,44.15068386362395,5,922.95,179.97525,189.20475,2026-06-05 15:59:00,184.39,WEEK_END_CLOSE,-1.0000000000000853,-0.10834823121513848
TMUS,2026-06-04 00:00:00,2026-06-05 00:00:00,0.1059563133766553,7.0,2026-06-05 10:40:00,179.075,59.44127485288124,52.33193543016977,5,895.375,174.59812499999998,183.55187499999997,2026-06-05 15:59:00,178.18,WEEK_END_CLOSE,-4.474999999999909,-0.49979059053467667
PCAR,2026-06-05 00:00:00,2026-06-08 00:00:00,0.0152173913043478,3.0,2026-06-08 09:45:00,116.76,49.36075783325586,47.8157385177452,8,934.08,113.84100000000001,119.67899999999999,2026-06-09 09:32:00,119.67899999999999,TAKE_PROFIT,23.35199999999986,2.499999999999991
SYK,2026-06-05 00:00:00,2026-06-08 00:00:00,0.0610169491525423,10.0,2026-06-08 09:45:00,303.535,50.24609280743626,42.839932183602215,3,910.605,295.94662500000004,311.123375,2026-06-09 11:58:00,311.123375,TAKE_PROFIT,22.765124999999955,2.499999999999991
MDLZ,2026-06-05 00:00:00,2026-06-08 00:00:00,0.0403434684684684,6.0,2026-06-08 09:47:00,61.68,35.063849198930484,33.39212278935705,16,986.88,60.138,63.221999999999994,2026-06-09 12:17:00,63.221999999999994,TAKE_PROFIT,24.671999999999912,2.499999999999991
GILD,2026-06-05 00:00:00,2026-06-08 00:00:00,0.0138944872962746,2.0,2026-06-08 09:49:00,129.76,47.18931835304871,46.05789290426809,7,908.3199999999999,126.51599999999999,133.004,2026-06-09 09:31:00,126.51599999999999,STOP_LOSS,-22.708,-2.500000000000002
MRSH,2026-06-05 00:00:00,2026-06-08 00:00:00,0.0076161462300076,1.0,2026-06-08 09:50:00,164.45,47.67814487869451,46.557545424033876,6,986.6999999999999,160.33874999999998,168.56124999999997,2026-06-10 11:12:00,168.56124999999997,TAKE_PROFIT,24.667499999999905,2.499999999999991
PH,2026-06-05 00:00:00,2026-06-08 00:00:00,0.0286885245901639,5.0,2026-06-08 09:52:00,883.975,54.200163008125706,50.62162872993298,1,883.975,861.875625,906.0743749999999,2026-06-09 10:01:00,906.0743749999999,TAKE_PROFIT,22.099374999999895,2.499999999999991
AFL,2026-06-05 00:00:00,2026-06-08 00:00:00,0.0279623477297895,4.0,2026-06-08 09:54:00,117.13,43.3751111896763,41.35358363710577,8,937.04,114.20174999999999,120.05824999999999,2026-06-12 15:59:00,117.8,WEEK_END_CLOSE,5.360000000000014,0.572014001536747
AJG,2026-06-05 00:00:00,2026-06-08 00:00:00,0.0596491228070175,9.0,2026-06-08 09:58:00,214.52,53.14238707249398,49.12108990085842,4,858.08,209.157,219.88299999999998,2026-06-10 09:39:00,219.88299999999998,TAKE_PROFIT,21.451999999999884,2.499999999999991
TFC,2026-06-05 00:00:00,2026-06-08 00:00:00,0.0404255319148936,7.0,2026-06-08 10:01:00,49.2092,54.288946718929125,46.26638722708726,20,984.1840000000001,47.978970000000004,50.43943,2026-06-11 13:29:00,50.43943,TAKE_PROFIT,24.604599999999976,2.499999999999991
TT,2026-06-05 00:00:00,2026-06-08 00:00:00,0.0462962962962962,8.0,2026-06-08 11:15:00,462.97,54.95355676766847,49.75429913453225,2,925.94,451.39575,474.54425,2026-06-10 11:48:00,451.39575,STOP_LOSS,-23.148500000000013,-2.500000000000002
NOC,2026-06-08 00:00:00,2026-06-09 00:00:00,0.1434426229508196,8.0,2026-06-09 09:48:00,542.36,59.14411177084917,57.25965686709511,1,542.36,528.801,555.919,2026-06-11 11:52:00,556.17,TAKE_PROFIT_GAP,13.809999999999945,2.5462792241315535
RSG,2026-06-08 00:00:00,2026-06-09 00:00:00,0.1282051282051282,6.0,2026-06-09 09:48:00,205.9,54.38544777344865,49.862228768602506,4,823.6,200.7525,211.04749999999999,2026-06-09 12:47:00,211.04749999999999,TAKE_PROFIT,20.589999999999918,2.499999999999991
AEP,2026-06-08 00:00:00,2026-06-09 00:00:00,0.0680555555555555,3.0,2026-06-09 09:50:00,126.79,55.95717515862447,50.14784778328559,7,887.5300000000001,123.62025,129.95974999999999,2026-06-11 14:31:00,129.95974999999999,TAKE_PROFIT,22.188249999999854,2.499999999999991
SO,2026-06-08 00:00:00,2026-06-09 00:00:00,0.1637891333728292,10.0,2026-06-09 09:50:00,91.265,51.81331776228732,50.18067861856327,10,912.65,88.983375,93.54662499999999,2026-06-10 09:30:00,93.61,TAKE_PROFIT_GAP,23.44999999999999,2.5694406398948155
CSX,2026-06-08 00:00:00,2026-06-09 00:00:00,0.1376370910059885,7.0,2026-06-09 10:01:00,47.25,62.178775251164915,52.646260216817346,21,992.25,46.06875,48.43125,2026-06-12 15:59:00,47.58,WEEK_END_CLOSE,6.929999999999964,0.698412698412687
PCAR,2026-06-08 00:00:00,2026-06-09 00:00:00,0.0181818181818181,1.0,2026-06-09 10:07:00,120.33,57.77327666889715,57.10984057696173,8,962.64,117.32175,123.33824999999999,2026-06-09 12:08:00,117.32175,STOP_LOSS,-24.06600000000003,-2.500000000000002
HD,2026-06-08 00:00:00,2026-06-09 00:00:00,0.1147340400342505,5.0,2026-06-09 10:08:00,318.42,68.69783317246083,59.931242651921536,3,955.26,310.4595,326.3805,2026-06-11 15:36:00,326.3805,TAKE_PROFIT,23.881499999999903,2.499999999999991
APD,2026-06-08 00:00:00,2026-06-09 00:00:00,0.0912408759124087,4.0,2026-06-09 10:11:00,280.32,56.550262891727435,53.96340984335447,3,840.96,273.312,287.328,2026-06-12 15:59:00,281.62,WEEK_END_CLOSE,3.900000000000034,0.4637557077625587
PLD,2026-06-08 00:00:00,2026-06-09 00:00:00,0.0628930817610062,2.0,2026-06-09 10:18:00,146.7598,69.70721770978494,69.2857507857631,6,880.5588,143.09080500000002,150.428795,2026-06-12 15:59:00,148.72,WEEK_END_CLOSE,11.761199999999917,1.33565186106821
SPGI,2026-06-08 00:00:00,2026-06-09 00:00:00,0.149389464262882,9.0,2026-06-09 10:22:00,425.76,63.24776649113429,61.26507862896199,2,851.52,415.116,436.40399999999994,2026-06-11 10:39:00,415.116,STOP_LOSS,-21.28800000000001,-2.500000000000002
PCAR,2026-06-08 00:00:00,2026-06-09 00:00:00,0.0181818181818181,1.0,2026-06-09 12:11:00,117.31,40.64050319397137,36.864072653072135,8,938.48,114.37725,120.24274999999999,2026-06-10 09:30:00,120.24274999999999,TAKE_PROFIT,23.461999999999875,2.499999999999991
RSG,2026-06-08 00:00:00,2026-06-09 00:00:00,0.1282051282051282,6.0,2026-06-09 12:48:00,210.93,66.56271462315317,62.399262579410255,4,843.72,205.65675,216.20325,2026-06-12 15:59:00,209.9,WEEK_END_CLOSE,-4.1200000000000045,-0.48831365855971365
ORLY,2026-06-09 00:00:00,2026-06-10 00:00:00,0.1476923076923077,10.0,2026-06-10 09:49:00,90.215,51.61102324450379,49.63365283955883,11,992.365,87.959625,92.47037499999999,2026-06-12 15:59:00,91.02,WEEK_END_CLOSE,8.854999999999919,0.8923128082912957
PCAR,2026-06-09 00:00:00,2026-06-10 00:00:00,0.1333333333333333,8.0,2026-06-10 09:50:00,117.45,41.801304643639895,41.76918141038225,8,939.6,114.51375,120.38624999999999,2026-06-10 14:49:00,114.51375,STOP_LOSS,-23.49000000000001,-2.500000000000002
V,2026-06-09 00:00:00,2026-06-10 00:00:00,0.0566138631845026,3.0,2026-06-10 09:50:00,324.0975,49.5069371857381,48.95048531857854,3,972.2925,315.9950625,332.1999375,2026-06-12 15:59:00,322.27,WEEK_END_CLOSE,-5.48250000000013,-0.5638735257137206
MDLZ,2026-06-09 00:00:00,2026-06-10 00:00:00,0.0544233544233544,2.0,2026-06-10 09:53:00,63.61,66.20429007945029,62.624441287676476,15,954.15,62.019749999999995,65.20025,2026-06-12 15:59:00,62.98,WEEK_END_CLOSE,-9.450000000000038,-0.9904103128438924
ELV,2026-06-09 00:00:00,2026-06-10 00:00:00,0.1132596685082873,5.0,2026-06-10 09:55:00,409.68,37.247049388444275,35.595976218088545,2,819.36,399.438,419.92199999999997,2026-06-11 09:35:00,399.438,STOP_LOSS,-20.484000000000037,-2.500000000000002
NSC,2026-06-09 00:00:00,2026-06-10 00:00:00,0.1153846153846153,6.0,2026-06-10 10:04:00,310.99,48.073869650463585,45.506332965927825,3,932.97,303.21525,318.76475,2026-06-12 15:59:00,313.67,WEEK_END_CLOSE,8.04000000000002,0.8617640438599361
AJG,2026-06-09 00:00:00,2026-06-10 00:00:00,0.1428571428571428,9.0,2026-06-10 10:14:00,222.68,62.63619585765334,61.96331178437531,4,890.72,217.113,228.24699999999999,2026-06-12 15:59:00,218.77,WEEK_END_CLOSE,-15.639999999999986,-1.7558828812645921
PCAR,2026-06-09 00:00:00,2026-06-10 00:00:00,0.1333333333333333,8.0,2026-06-10 15:01:00,114.44,38.60303976310527,38.53372335432522,8,915.52,111.579,117.30099999999999,2026-06-11 13:42:00,117.414,TAKE_PROFIT_GAP,23.79200000000003,2.5987416987067524
JNJ,2026-06-10 00:00:00,2026-06-11 00:00:00,0.1382635824868403,7.0,2026-06-11 09:48:00,240.535,59.74155895259461,58.834043782504146,4,962.14,234.521625,246.54837499999996,2026-06-12 15:59:00,240.88,WEEK_END_CLOSE,1.3799999999999955,0.14343027002308162
ELV,2026-06-10 00:00:00,2026-06-11 00:00:00,0.0972972972972973,2.0,2026-06-11 09:53:00,398.175,46.72640976927435,43.00805611416683,2,796.35,388.220625,408.129375,2026-06-12 15:59:00,404.05,WEEK_END_CLOSE,11.75,1.4754818861053565
EMR,2026-06-10 00:00:00,2026-06-11 00:00:00,0.1445188167009923,8.0,2026-06-11 09:53:00,138.78,56.96179843054642,54.716290412023646,7,971.46,135.3105,142.24949999999998,2026-06-11 15:30:00,142.24949999999998,TAKE_PROFIT,24.286499999999876,2.499999999999991
DLR,2026-06-10 00:00:00,2026-06-11 00:00:00,0.0944444444444444,1.0,2026-06-11 09:54:00,180.16,44.841312599034,43.58240310193791,5,900.8,175.656,184.664,2026-06-12 09:30:00,184.664,TAKE_PROFIT,22.519999999999953,2.499999999999991
ABBV,2026-06-10 00:00:00,2026-06-11 00:00:00,0.1708517938064021,9.0,2026-06-11 09:57:00,226.11,57.709519430193794,49.90805070505705,4,904.44,220.45725000000002,231.76274999999998,2026-06-12 15:59:00,227.63,WEEK_END_CLOSE,6.079999999999927,0.6722391756224688
AMT,2026-06-10 00:00:00,2026-06-11 00:00:00,0.1019736842105263,3.0,2026-06-11 09:57:00,190.33,43.879783056331014,43.22353808819165,5,951.6500000000001,185.57175,195.08825,2026-06-12 15:59:00,187.14,WEEK_END_CLOSE,-15.95000000000013,-1.6760363579047088
APH,2026-06-10 00:00:00,2026-06-11 00:00:00,0.1209430496019595,4.0,2026-06-11 10:04:00,150.89,51.34775061181626,50.57711696592086,6,905.3399999999999,147.11774999999997,154.66224999999997,2026-06-12 11:18:00,154.66224999999997,TAKE_PROFIT,22.633499999999913,2.499999999999991
JCI,2026-06-11 00:00:00,2026-06-12 00:00:00,0.0102214650766609,5.0,2026-06-12 10:00:00,145.04,61.713141155932945,55.66850887581952,6,870.24,141.414,148.66599999999997,2026-06-12 15:59:00,144.93,WEEK_END_CLOSE,-0.6599999999999113,-0.07584114726970625
TEL,2026-06-11 00:00:00,2026-06-12 00:00:00,0.0,2.0,2026-06-12 10:00:00,209.68,57.66357021009283,55.904960989203666,4,838.72,204.438,214.922,2026-06-12 15:59:00,210.19,WEEK_END_CLOSE,2.0399999999999636,0.24322777565815024
CL,2026-06-11 00:00:00,2026-06-12 00:00:00,0.0648166023166023,8.0,2026-06-12 10:03:00,88.7075,41.181329441704506,39.035005957480344,11,975.7824999999999,86.4898125,90.92518749999999,2026-06-12 15:59:00,89.45,WEEK_END_CLOSE,8.167500000000075,0.8370205450497492
ECL,2026-06-11 00:00:00,2026-06-12 00:00:00,0.0,1.0,2026-06-12 10:06:00,263.935,54.537577672802016,53.61096202994931,3,791.8050000000001,257.33662499999997,270.533375,2026-06-12 15:59:00,265.34,WEEK_END_CLOSE,4.214999999999918,0.5323280353117132
SPG,2026-06-11 00:00:00,2026-06-12 00:00:00,0.0283018867924528,6.0,2026-06-12 10:53:00,219.66,63.51448377006775,63.00433216326354,4,878.64,214.1685,225.15149999999997,2026-06-12 15:59:00,218.99,WEEK_END_CLOSE,-2.67999999999995,-0.30501684421377906
SO,2026-06-11 00:00:00,2026-06-12 00:00:00,0.0756068226547124,10.0,2026-06-12 11:28:00,93.92,46.20292678707981,44.993483200663306,10,939.2,91.572,96.26799999999999,2026-06-12 15:59:00,94.0,WEEK_END_CLOSE,0.799999999999983,0.08517887563883608
CVS,2026-06-12 00:00:00,2026-06-15 00:00:00,0.1265587751401806,8.0,2026-06-15 09:45:00,100.255,45.84942248457615,44.33331172948654,9,902.295,97.74862499999999,102.76137499999999,2026-06-18 15:59:00,98.33,WEEK_END_CLOSE,-17.324999999999974,-1.920103735474532
MDLZ,2026-06-12 00:00:00,2026-06-15 00:00:00,0.1219367588932806,7.0,2026-06-15 09:45:00,62.56,50.25365773309097,44.582278722699144,15,938.4000000000001,60.996,64.124,2026-06-16 11:05:00,60.996,STOP_LOSS,-23.46,-2.500000000000002
CSX,2026-06-12 00:00:00,2026-06-15 00:00:00,0.143605014575703,9.0,2026-06-15 09:47:00,47.32,44.27373502273887,41.15434176084042,21,993.72,46.137,48.50299999999999,2026-06-17 10:47:00,46.137,STOP_LOSS,-24.842999999999996,-2.500000000000002
PG,2026-06-12 00:00:00,2026-06-15 00:00:00,0.0643051450921472,3.0,2026-06-15 09:52:00,150.14,48.7318613223594,48.46434212714392,6,900.8399999999999,146.38649999999998,153.89349999999996,2026-06-18 15:59:00,150.37,WEEK_END_CLOSE,1.3800000000001091,0.1531903556680536
RTX,2026-06-12 00:00:00,2026-06-15 00:00:00,0.1572472794817597,10.0,2026-06-15 09:54:00,183.74,49.234501229862644,44.166733806851724,5,918.7,179.1465,188.3335,2026-06-17 09:30:00,188.75,TAKE_PROFIT_GAP,25.049999999999955,2.7266790029389254
SNPS,2026-06-12 00:00:00,2026-06-15 00:00:00,0.0987411445588946,6.0,2026-06-15 09:54:00,459.01,54.173683058260124,52.18161670464361,2,918.02,447.53475,470.48524999999995,2026-06-16 09:33:00,447.53475,STOP_LOSS,-22.950500000000034,-2.500000000000002
CL,2026-06-12 00:00:00,2026-06-15 00:00:00,0.0983475479744136,5.0,2026-06-15 09:57:00,90.11,51.09576778976435,48.54625970982868,11,991.21,87.85725,92.36274999999999,2026-06-18 15:59:00,89.45,WEEK_END_CLOSE,-7.2599999999999625,-0.7324381311730077
PCAR,2026-06-12 00:00:00,2026-06-15 00:00:00,0.0,1.0,2026-06-15 10:03:00,121.07,58.3304597716876,56.26062776796132,8,968.56,118.04324999999999,124.09674999999999,2026-06-17 14:02:00,118.04324999999999,STOP_LOSS,-24.214000000000055,-2.500000000000002
MCD,2026-06-12 00:00:00,2026-06-15 00:00:00,0.095305189969163,4.0,2026-06-15 10:18:00,286.55,53.296380471135734,50.98557884642918,3,859.6500000000001,279.38625,293.71375,2026-06-18 13:39:00,279.38625,STOP_LOSS,-21.49124999999998,-2.500000000000002
MCK,2026-06-12 00:00:00,2026-06-15 00:00:00,0.0450966356478167,2.0,2026-06-15 10:44:00,777.19,49.38134676633549,49.2561659194418,1,777.19,757.76025,796.61975,2026-06-18 10:55:00,757.76025,STOP_LOSS,-19.429750000000013,-2.500000000000002
WMB,2026-06-15 00:00:00,2026-06-16 00:00:00,0.0190735694822888,2.0,2026-06-16 09:46:00,71.18,42.327436055842554,41.71065725217232,14,996.5200000000001,69.40050000000001,72.9595,2026-06-18 11:51:00,72.9595,TAKE_PROFIT,24.912999999999982,2.499999999999991
BNY,2026-06-15 00:00:00,2026-06-16 00:00:00,0.0727969348659003,8.0,2026-06-16 09:47:00,143.19,42.98730817444249,40.988560656782816,6,859.14,139.61025,146.76975,2026-06-18 09:30:00,147.66,TAKE_PROFIT_GAP,26.819999999999993,3.1217263775403348
ICE,2026-06-15 00:00:00,2026-06-16 00:00:00,0.086140254003313,9.0,2026-06-16 09:48:00,140.61,49.85030538756172,48.16555768622467,7,984.2700000000001,137.09475,144.12525,2026-06-17 12:34:00,137.09475,STOP_LOSS,-24.606750000000062,-2.500000000000002
PH,2026-06-15 00:00:00,2026-06-16 00:00:00,0.0518731988472622,5.0,2026-06-16 09:59:00,936.64,55.09738200477103,51.973917768132644,1,936.64,913.2239999999999,960.0559999999999,2026-06-18 09:33:00,960.7,TAKE_PROFIT_GAP,24.06000000000006,2.568756405876327
UNP,2026-06-15 00:00:00,2026-06-16 00:00:00,0.0210282068015372,3.0,2026-06-16 09:59:00,268.13,49.13860821507038,48.99253698360125,3,804.39,261.42674999999997,274.83324999999996,2026-06-17 10:47:00,261.42674999999997,STOP_LOSS,-20.109750000000076,-2.5000000000000133
MS,2026-06-15 00:00:00,2026-06-16 00:00:00,0.0552835196052779,6.0,2026-06-16 10:04:00,219.12,44.749030309758126,44.73600210574292,4,876.48,213.642,224.59799999999998,2026-06-17 09:44:00,224.59799999999998,TAKE_PROFIT,21.91199999999992,2.499999999999991
JCI,2026-06-15 00:00:00,2026-06-16 00:00:00,0.1139240506329113,10.0,2026-06-16 10:50:00,147.04,47.51301424786045,47.45515671011494,6,882.24,143.36399999999998,150.71599999999998,2026-06-18 15:59:00,144.88,WEEK_END_CLOSE,-12.95999999999998,-1.4689880304678993
MDLZ,2026-06-15 00:00:00,2026-06-16 00:00:00,0.0248469571480014,4.0,2026-06-16 11:19:00,61.04,46.54257742443395,43.95077163845126,16,976.64,59.513999999999996,62.565999999999995,2026-06-18 15:59:00,60.09,WEEK_END_CLOSE,-15.199999999999932,-1.5563564875491376
AMT,2026-06-16 00:00:00,2026-06-17 00:00:00,0.0582255083179297,10.0,2026-06-17 09:49:00,183.49,55.801057028781464,47.18167588705057,5,917.45,178.90275,188.07725,2026-06-18 11:56:00,178.9,STOP_LOSS_GAP,-22.950000000000017,-2.5014987192762517
EMR,2026-06-16 00:00:00,2026-06-17 00:00:00,0.0483091787439613,9.0,2026-06-17 10:14:00,152.35,57.91689414442432,55.22911925652741,6,914.0999999999999,148.54125,156.15874999999997,2026-06-18 15:59:00,150.72,WEEK_END_CLOSE,-9.779999999999973,-1.0699048244174558
MMM,2026-06-16 00:00:00,2026-06-17 00:00:00,0.0272863304286594,7.0,2026-06-17 10:16:00,162.36,52.5491090947795,49.10913369164848,6,974.1600000000001,158.30100000000002,166.419,2026-06-18 15:59:00,160.63,WEEK_END_CLOSE,-10.38000000000011,-1.065533382606565
TRV,2026-06-16 00:00:00,2026-06-17 00:00:00,0.0185567010309278,6.0,2026-06-17 10:16:00,308.54,51.8999938280886,51.682123568769796,3,925.6200000000001,300.8265,316.2535,2026-06-18 15:59:00,307.79,WEEK_END_CLOSE,-2.25,-0.2430803137356552
AON,2026-06-16 00:00:00,2026-06-17 00:00:00,0.0,1.0,2026-06-17 10:31:00,331.41,57.48400633053444,51.11263123959791,3,994.23,323.12475,339.69525,2026-06-18 09:33:00,323.12475,STOP_LOSS,-24.855750000000057,-2.500000000000002
MRSH,2026-06-16 00:00:00,2026-06-17 00:00:00,0.0303030303030303,8.0,2026-06-17 10:32:00,167.16,54.169529080347075,52.47147867711766,5,835.8,162.981,171.33899999999997,2026-06-18 09:33:00,162.981,STOP_LOSS,-20.89500000000001,-2.500000000000002
CSX,2026-06-16 00:00:00,2026-06-17 00:00:00,0.0142536458251573,5.0,2026-06-17 10:48:00,46.2117,45.66208703853481,38.824159820373595,21,970.4457,45.0564075,47.366992499999995,2026-06-18 15:59:00,45.6,WEEK_END_CLOSE,-12.84569999999998,-1.3236907536403053
PCAR,2026-06-16 00:00:00,2026-06-17 00:00:00,0.0071428571428571,4.0,2026-06-17 14:14:00,117.85,39.37950177029732,37.07176295467652,8,942.8,114.90374999999999,120.79624999999999,2026-06-18 11:08:00,120.79624999999999,TAKE_PROFIT,23.569999999999936,2.499999999999991
HPE,2026-06-17 00:00:00,2026-06-18 00:00:00,0.0372736280648493,7.0,2026-06-18 09:45:00,47.9,44.43609407197927,40.86558426407583,20,958.0,46.7025,49.0975,2026-06-18 15:59:00,47.41,WEEK_END_CLOSE,-9.80000000000004,-1.022964509394575
MCO,2026-06-17 00:00:00,2026-06-18 00:00:00,0.0093945720250521,1.0,2026-06-18 09:45:00,455.165,45.41544749726603,44.068569090108554,2,910.33,443.78587500000003,466.544125,2026-06-18 15:59:00,450.67,WEEK_END_CLOSE,-8.990000000000009,-0.9875539639471409
ELV,2026-06-17 00:00:00,2026-06-18 00:00:00,0.0523560209424083,10.0,2026-06-18 09:47:00,390.05,42.978174915790476,42.31429278758449,2,780.1,380.29875,399.80125,2026-06-18 15:59:00,388.52,WEEK_END_CLOSE,-3.060000000000059,-0.3922574028970671
ADP,2026-06-17 00:00:00,2026-06-18 00:00:00,0.0196656833824975,4.0,2026-06-18 10:00:00,216.73,50.78963946060036,42.3058514769268,4,866.92,211.31175,222.14824999999996,2026-06-18 15:59:00,217.83,WEEK_END_CLOSE,4.400000000000091,0.5075439486919242
TT,2026-06-17 00:00:00,2026-06-18 00:00:00,0.0476190476190476,9.0,2026-06-18 10:02:00,488.505,55.8432192830468,55.82689255053375,2,977.01,476.292375,500.71762499999994,2026-06-18 15:59:00,483.14,WEEK_END_CLOSE,-10.730000000000018,-1.0982487384980755
ITW,2026-06-17 00:00:00,2026-06-18 00:00:00,0.0185567010309278,3.0,2026-06-18 10:16:00,268.115,57.62382864880296,56.29483284881259,3,804.345,261.412125,274.81787499999996,2026-06-18 15:59:00,264.0,WEEK_END_CLOSE,-12.345000000000027,-1.5347891762862997
V,2026-06-17 00:00:00,2026-06-18 00:00:00,0.0398247710075667,8.0,2026-06-18 10:16:00,330.57,53.021213933768664,48.53709555932241,3,991.71,322.30575,338.83424999999994,2026-06-18 15:59:00,327.21,WEEK_END_CLOSE,-10.080000000000041,-1.016426172973961
CRH,2026-06-17 00:00:00,2026-06-18 00:00:00,0.0334572490706319,6.0,2026-06-18 10:31:00,112.815,62.41297941295601,57.841653563245856,8,902.52,109.994625,115.63537499999998,2026-06-18 15:59:00,111.26,WEEK_END_CLOSE,-12.43999999999994,-1.3783628063643971
EMR,2026-06-18 00:00:00,2026-06-22 00:00:00,0.0202020202020202,5.0,2026-06-22 09:45:00,151.15,48.38154525551085,47.95202130856129,6,906.9000000000001,147.37125,154.92874999999998,2026-06-23 09:30:00,146.84,STOP_LOSS_GAP,-25.860000000000014,-2.8514720476348066
MDLZ,2026-06-18 00:00:00,2026-06-22 00:00:00,0.0108736407949006,2.0,2026-06-22 09:45:00,60.16,48.754799332690375,44.872158026309755,16,962.56,58.656,61.663999999999994,2026-06-24 09:30:00,61.663999999999994,TAKE_PROFIT,24.063999999999965,2.499999999999991
CL,2026-06-18 00:00:00,2026-06-22 00:00:00,0.021043000914913,6.0,2026-06-22 09:48:00,90.0519,54.25167949929085,47.28061066059443,11,990.5709,87.8006025,92.3031975,2026-06-24 09:30:00,92.62,TAKE_PROFIT_GAP,28.249100000000013,2.8517999064983757
MCO,2026-06-18 00:00:00,2026-06-22 00:00:00,0.0276923076923076,8.0,2026-06-22 09:57:00,451.955,52.002790947078836,51.72857511878528,2,903.91,440.656125,463.25387499999994,2026-06-25 15:45:00,440.656125,STOP_LOSS,-22.59775000000002,-2.500000000000002
CB,2026-06-18 00:00:00,2026-06-22 00:00:00,0.0218514104092173,7.0,2026-06-22 10:00:00,327.645,62.186673505356076,57.298237748011815,3,982.935,319.453875,335.8361249999999,2026-06-24 12:36:00,335.8361249999999,TAKE_PROFIT,24.573374999999828,2.499999999999991
CRH,2026-06-18 00:00:00,2026-06-22 00:00:00,0.0117647058823529,3.0,2026-06-22 10:07:00,110.08,51.50891890099721,43.76569701522127,9,990.72,107.328,112.832,2026-06-24 10:50:00,112.832,TAKE_PROFIT,24.767999999999958,2.499999999999991
BNY,2026-06-18 00:00:00,2026-06-22 00:00:00,0.0297029702970297,9.0,2026-06-22 10:08:00,145.51,55.10779738501674,53.303490688151264,6,873.06,141.87224999999998,149.14774999999997,2026-06-26 09:44:00,141.87224999999998,STOP_LOSS,-21.826500000000067,-2.5000000000000133
PH,2026-06-18 00:00:00,2026-06-22 00:00:00,0.0053908355795148,1.0,2026-06-22 10:08:00,955.045,55.51695130009022,53.19679037144066,1,955.045,931.168875,978.9211249999998,2026-06-23 09:36:00,930.2,STOP_LOSS_GAP,-24.844999999999914,-2.6014480993042155
APO,2026-06-18 00:00:00,2026-06-22 00:00:00,0.0338664158043273,10.0,2026-06-22 10:34:00,135.9,45.54580682522425,43.011895640569406,7,951.3000000000001,132.5025,139.29749999999999,2026-06-23 09:30:00,132.0,STOP_LOSS_GAP,-27.30000000000004,-2.8697571743929395
ITW,2026-06-18 00:00:00,2026-06-22 00:00:00,0.0174050632911392,4.0,2026-06-22 10:35:00,264.635,53.03897784405725,51.11838959237742,3,793.905,258.019125,271.25087499999995,2026-06-25 10:03:00,271.25087499999995,TAKE_PROFIT,19.84762499999988,2.499999999999991
CVS,2026-06-22 00:00:00,2026-06-23 00:00:00,0.0276303300875312,1.0,2026-06-23 09:45:00,101.14,45.59571588267981,39.68656287355212,9,910.26,98.61149999999999,103.6685,2026-06-25 09:32:00,103.6685,TAKE_PROFIT,22.756499999999946,2.499999999999991
ISRG,2026-06-22 00:00:00,2026-06-23 00:00:00,0.1419902912621359,9.0,2026-06-23 09:48:00,404.63,52.746972437994394,52.49571810588179,2,809.26,394.51425,414.74575,2026-06-26 15:59:00,404.24,WEEK_END_CLOSE,-0.7799999999999727,-0.09638435113560329
IBM,2026-06-22 00:00:00,2026-06-23 00:00:00,0.0800993821595831,4.0,2026-06-23 09:50:00,262.92,67.06551277934335,65.78069291277369,3,788.76,256.34700000000004,269.493,2026-06-24 10:00:00,256.34700000000004,STOP_LOSS,-19.718999999999937,-2.499999999999991
FTNT,2026-06-22 00:00:00,2026-06-23 00:00:00,0.1487327701200533,10.0,2026-06-23 09:56:00,146.12,60.22637531028656,58.32574218679262,6,876.72,142.467,149.773,2026-06-25 09:39:00,149.773,TAKE_PROFIT,21.91799999999995,2.499999999999991
JNJ,2026-06-22 00:00:00,2026-06-23 00:00:00,0.0822258238789843,5.0,2026-06-23 09:56:00,236.52,62.45764744358847,60.05026338978848,4,946.08,230.607,242.433,2026-06-24 09:50:00,242.433,TAKE_PROFIT,23.65199999999993,2.499999999999991
PSX,2026-06-22 00:00:00,2026-06-23 00:00:00,0.1,7.0,2026-06-23 09:57:00,168.9,53.30133798794194,50.54313972511974,5,844.5,164.6775,173.1225,2026-06-26 10:16:00,173.1225,TAKE_PROFIT,21.112499999999983,2.499999999999991
SO,2026-06-22 00:00:00,2026-06-23 00:00:00,0.0444444444444444,2.0,2026-06-23 10:06:00,94.52,55.53562280275286,49.19939050387146,10,945.1999999999999,92.157,96.88299999999998,2026-06-26 11:00:00,96.88299999999998,TAKE_PROFIT,23.629999999999853,2.499999999999991
V,2026-06-22 00:00:00,2026-06-23 00:00:00,0.09689880304679,6.0,2026-06-23 10:17:00,329.4399,56.26150307407034,53.74110715708312,3,988.3197,321.2039025,337.6758975,2026-06-25 10:14:00,337.6758975,TAKE_PROFIT,24.70799249999999,2.499999999999991
SPGI,2026-06-22 00:00:00,2026-06-23 00:00:00,0.1037735849056603,8.0,2026-06-23 10:32:00,405.425,50.85271155142509,47.116598676020764,2,810.85,395.289375,415.56062499999996,2026-06-25 15:58:00,395.289375,STOP_LOSS,-20.27125000000001,-2.500000000000002
REGN,2026-06-23 00:00:00,2026-06-24 00:00:00,0.2160804020100502,10.0,2026-06-24 09:55:00,626.825,55.54736400389846,54.15554518386702,1,626.825,611.1543750000001,642.495625,2026-06-26 15:59:00,633.29,WEEK_END_CLOSE,6.464999999999918,1.0313883460295825
DIS,2026-06-23 00:00:00,2026-06-24 00:00:00,0.1798612772064099,9.0,2026-06-24 10:05:00,103.67,51.86792849929954,51.422485668551225,9,933.03,101.07825,106.26174999999999,2026-06-24 15:50:00,101.07825,STOP_LOSS,-23.325750000000042,-2.500000000000002
EMR,2026-06-23 00:00:00,2026-06-24 00:00:00,0.0853658536585365,4.0,2026-06-24 10:07:00,143.9326,51.94377062959961,47.871170528048275,6,863.5956000000001,140.334285,147.530915,2026-06-26 15:59:00,143.45,WEEK_END_CLOSE,-2.8956000000001154,-0.3352958259630001
IBM,2026-06-23 00:00:00,2026-06-24 00:00:00,0.0954905286966355,5.0,2026-06-24 10:08:00,259.02,51.7370957581018,47.86673643353419,3,777.06,252.54449999999997,265.49549999999994,2026-06-25 09:30:00,267.67,TAKE_PROFIT_GAP,25.950000000000102,3.3395104625125516
ABBV,2026-06-23 00:00:00,2026-06-24 00:00:00,0.0823207776427703,3.0,2026-06-24 10:27:00,234.7066,52.22619201649688,51.41495691658818,4,938.8264,228.838935,240.574265,2026-06-25 09:47:00,240.574265,TAKE_PROFIT,23.470659999999953,2.499999999999991
BA,2026-06-24 00:00:00,2026-06-25 00:00:00,0.1736908555281669,10.0,2026-06-25 09:48:00,219.67,44.756665063516834,42.82099222861328,4,878.68,214.17825,225.16174999999996,2026-06-26 15:59:00,217.29,WEEK_END_CLOSE,-9.519999999999982,-1.083443346838442
DIS,2026-06-24 00:00:00,2026-06-25 00:00:00,0.090988882387361,2.0,2026-06-25 09:48:00,100.21,36.530309350373194,35.935564154470455,9,901.89,97.70474999999999,102.71524999999998,2026-06-26 15:59:00,98.73,WEEK_END_CLOSE,-13.319999999999908,-1.4768985131224377
FTNT,2026-06-24 00:00:00,2026-06-25 00:00:00,0.1129310344827586,4.0,2026-06-25 09:49:00,148.215,58.29673368348245,57.02542046706115,6,889.29,144.509625,151.92037499999998,2026-06-25 14:29:00,151.92037499999998,TAKE_PROFIT,22.23224999999985,2.499999999999991
IBM,2026-06-24 00:00:00,2026-06-25 00:00:00,0.1467228217952092,8.0,2026-06-25 09:49:00,261.96,47.79160810370273,47.34088170286059,3,785.8799999999999,255.41099999999997,268.50899999999996,2026-06-26 10:35:00,268.50899999999996,TAKE_PROFIT,19.646999999999935,2.499999999999991
NEM,2026-06-24 00:00:00,2026-06-25 00:00:00,0.1395864106351551,6.0,2026-06-25 09:49:00,94.695,56.892479572354894,55.819619966963536,10,946.9499999999999,92.327625,97.06237499999999,2026-06-26 10:01:00,97.06237499999999,TAKE_PROFIT,23.673749999999956,2.499999999999991
MSFT,2026-06-24 00:00:00,2026-06-25 00:00:00,0.131705141130494,5.0,2026-06-25 09:53:00,357.835,35.84845440134703,35.2148527089734,2,715.67,348.889125,366.7808749999999,2026-06-26 10:25:00,366.7808749999999,TAKE_PROFIT,17.891749999999888,2.499999999999991
SNPS,2026-06-24 00:00:00,2026-06-25 00:00:00,0.0945890128046261,3.0,2026-06-25 09:57:00,453.78,43.645559764111994,40.53755296657523,2,907.56,442.4355,465.12449999999995,2026-06-25 10:52:00,465.12449999999995,TAKE_PROFIT,22.688999999999965,2.499999999999991
NOW,2026-06-24 00:00:00,2026-06-25 00:00:00,0.1434640845766228,7.0,2026-06-25 09:58:00,90.43,45.74523920715394,43.76483920638428,11,994.73,88.16925,92.69075,2026-06-26 09:31:00,92.69075,TAKE_PROFIT,24.86824999999986,2.499999999999991
PEP,2026-06-24 00:00:00,2026-06-25 00:00:00,0.0679872419002853,1.0,2026-06-25 10:56:00,141.0,44.738930696601706,43.06168599202132,7,987.0,137.475,144.52499999999998,2026-06-26 15:59:00,141.18,WEEK_END_CLOSE,1.2600000000000477,0.1276595744680975
SNPS,2026-06-24 00:00:00,2026-06-25 00:00:00,0.0945890128046261,3.0,2026-06-25 10:58:00,463.5,56.57943317139127,54.821754901631024,2,927.0,451.91249999999997,475.0875,2026-06-25 15:30:00,451.91249999999997,STOP_LOSS,-23.175000000000068,-2.500000000000002
CL,2026-06-25 00:00:00,2026-06-26 00:00:00,0.0841121495327102,7.0,2026-06-26 09:47:00,91.93,57.17668683653439,56.25988456561538,10,919.3000000000001,89.63175000000001,94.22825,2026-06-26 15:59:00,92.06,WEEK_END_CLOSE,1.2999999999999545,0.14141194387033984
ABBV,2026-06-25 00:00:00,2026-06-26 00:00:00,0.0562420110779718,5.0,2026-06-26 09:49:00,247.4,60.41922364330372,56.08961724989101,4,989.6,241.215,253.58499999999998,2026-06-26 15:59:00,251.64,WEEK_END_CLOSE,16.959999999999923,1.7138237671786571
AXP,2026-06-25 00:00:00,2026-06-26 00:00:00,0.0722788556395922,6.0,2026-06-26 09:50:00,340.673,53.17136514645674,50.50945987875033,2,681.346,332.156175,349.189825,2026-06-26 15:59:00,340.2,WEEK_END_CLOSE,-0.9460000000000264,-0.13884281994758219
DASH,2026-06-25 00:00:00,2026-06-26 00:00:00,0.0892923304927751,8.0,2026-06-26 09:54:00,178.615,60.22046549627452,58.649302740159655,5,893.075,174.14962500000001,183.080375,2026-06-26 11:27:00,183.080375,TAKE_PROFIT,22.326874999999973,2.499999999999991
AFL,2026-06-25 00:00:00,2026-06-26 00:00:00,0.02,1.0,2026-06-26 10:02:00,119.33,57.96184108677316,48.91446592469704,8,954.64,116.34675,122.31324999999998,2026-06-26 15:59:00,120.12,WEEK_END_CLOSE,6.32000000000005,0.6620296656331126
TMUS,2026-06-25 00:00:00,2026-06-26 00:00:00,0.0523930897762673,4.0,2026-06-26 10:11:00,181.32,49.50913980387288,43.397326627738224,5,906.5999999999999,176.78699999999998,185.85299999999998,2026-06-26 15:59:00,182.545,WEEK_END_CLOSE,6.124999999999972,0.6756011471431789
SPGI,2026-06-25 00:00:00,2026-06-26 00:00:00,0.1025641025641025,9.0,2026-06-26 10:42:00,401.34,61.52403320747342,55.47511300951736,2,802.68,391.30649999999997,411.3734999999999,2026-06-26 11:45:00,411.3734999999999,TAKE_PROFIT,20.066999999999894,2.499999999999991
KMI,2026-06-25 00:00:00,2026-06-26 00:00:00,0.1218961625282167,10.0,2026-06-26 11:00:00,33.235,57.242692673247454,53.02780474932695,30,997.05,32.404125,34.065875,2026-06-26 15:59:00,33.18,WEEK_END_CLOSE,-1.6499999999999915,-0.16548819016097838
SO,2026-06-25 00:00:00,2026-06-26 00:00:00,0.0464285714285714,3.0,2026-06-26 11:17:00,96.985,58.57106324053316,57.32128583683853,10,969.85,94.560375,99.40962499999999,2026-06-26 15:59:00,97.02,WEEK_END_CLOSE,0.3499999999999659,0.036088054853844476
DASH,2026-06-25 00:00:00,2026-06-26 00:00:00,0.0892923304927751,8.0,2026-06-26 11:37:00,183.16,65.81260250809744,63.213865243698024,5,915.8,178.581,187.73899999999998,2026-06-26 15:59:00,182.75,WEEK_END_CLOSE,-2.049999999999983,-0.22384800174710673
SPGI,2026-06-25 00:00:00,2026-06-26 00:00:00,0.1025641025641025,9.0,2026-06-26 11:54:00,412.015,67.9397849723988,67.72020946935771,2,824.03,401.71462499999996,422.31537499999996,2026-06-26 15:59:00,408.3,WEEK_END_CLOSE,-7.42999999999995,-0.9016662014732391
COF,2026-06-26 00:00:00,2026-06-29 00:00:00,0.0401776700989299,2.0,2026-06-29 09:49:00,203.75,50.592796437022535,47.85729957535828,4,815.0,198.65625,208.84374999999997,2026-07-02 09:31:00,208.84374999999997,TAKE_PROFIT,20.374999999999886,2.499999999999991
ICE,2026-06-26 00:00:00,2026-06-29 00:00:00,0.0997624703087886,10.0,2026-06-29 09:50:00,124.05,43.796272064441524,41.87661078514753,8,992.4,120.94874999999999,127.15124999999999,2026-07-01 12:13:00,127.15124999999999,TAKE_PROFIT,24.809999999999945,2.499999999999991
CVS,2026-06-26 00:00:00,2026-06-29 00:00:00,0.0684697021567956,7.0,2026-06-29 09:54:00,103.6,48.320274840893006,45.90139869960751,9,932.4,101.00999999999999,106.18999999999998,2026-07-02 15:59:00,104.72,WEEK_END_CLOSE,10.080000000000041,1.0810810810810922
ADP,2026-06-26 00:00:00,2026-06-29 00:00:00,0.0902255639097744,9.0,2026-06-29 09:57:00,226.28,60.010112305645585,57.73118168718941,4,905.12,220.623,231.93699999999998,2026-07-01 09:35:00,231.93699999999998,TAKE_PROFIT,22.62799999999993,2.499999999999991
EMR,2026-06-26 00:00:00,2026-06-29 00:00:00,0.0454545454545454,5.0,2026-06-29 09:58:00,142.76,48.18533734411677,46.80452407646165,7,999.3199999999999,139.19099999999997,146.32899999999998,2026-07-02 11:16:00,139.19099999999997,STOP_LOSS,-24.983000000000118,-2.5000000000000133
BSX,2026-06-26 00:00:00,2026-06-29 00:00:00,0.0438144329896907,4.0,2026-06-29 10:01:00,44.24,48.33588793545836,48.25200192660812,22,973.2800000000001,43.134,45.346,2026-06-30 09:30:00,43.134,STOP_LOSS,-24.332000000000036,-2.500000000000002
CSX,2026-06-26 00:00:00,2026-06-29 00:00:00,0.0093283582089552,1.0,2026-06-29 10:05:00,48.315,60.49071771882635,57.425921446521244,20,966.3,47.107124999999996,49.52287499999999,2026-07-02 15:59:00,48.87,WEEK_END_CLOSE,11.099999999999994,1.14871158025458
AMGN,2026-06-26 00:00:00,2026-06-29 00:00:00,0.0759668508287292,8.0,2026-06-29 10:16:00,362.19,62.101399356344196,61.48035914396132,2,724.38,353.13525,371.24474999999995,2026-07-02 10:26:00,371.24474999999995,TAKE_PROFIT,18.109499999999912,2.499999999999991
WMB,2026-06-26 00:00:00,2026-06-29 00:00:00,0.0542521994134897,6.0,2026-06-29 10:17:00,74.245,35.75629428951861,34.943367250085686,13,965.1850000000001,72.388875,76.101125,2026-07-01 10:36:00,72.388875,STOP_LOSS,-24.129625000000075,-2.500000000000002
MRK,2026-06-26 00:00:00,2026-06-29 00:00:00,0.042362487027078,3.0,2026-06-29 10:22:00,128.02,59.137381012007225,54.99614467852958,7,896.1400000000001,124.8195,131.2205,2026-07-01 15:20:00,124.8195,STOP_LOSS,-22.403500000000037,-2.500000000000002
COP,2026-06-29 00:00:00,2026-06-30 00:00:00,0.1550802139037433,9.0,2026-06-30 09:50:00,104.1267,41.15490715759847,39.5095078569636,9,937.1403,101.5235325,106.72986749999998,2026-07-02 15:59:00,104.72,WEEK_END_CLOSE,5.3396999999999935,0.569786615728729
FTNT,2026-06-29 00:00:00,2026-06-30 00:00:00,0.1278180354267311,7.0,2026-06-30 09:51:00,153.52,45.0011431168424,37.308341265328146,6,921.1200000000001,149.68200000000002,157.358,2026-07-01 10:02:00,157.358,TAKE_PROFIT,23.027999999999963,2.499999999999991
HPE,2026-06-29 00:00:00,2026-06-30 00:00:00,0.1273423608261523,6.0,2026-06-30 09:52:00,43.815,46.29749816277465,44.665361842094896,22,963.93,42.71962499999999,44.910374999999995,2026-06-30 14:40:00,44.910374999999995,TAKE_PROFIT,24.098249999999936,2.499999999999991
SPGI,2026-06-29 00:00:00,2026-06-30 00:00:00,0.0393541876892028,3.0,2026-06-30 09:52:00,406.877,56.96089080701554,54.978692850986064,2,813.754,396.705075,417.048925,2026-07-01 12:05:00,417.048925,TAKE_PROFIT,20.343849999999975,2.499999999999991
ABNB,2026-06-29 00:00:00,2026-06-30 00:00:00,0.0713219934347955,5.0,2026-06-30 10:18:00,147.04,51.225425496435015,46.55381588708236,6,882.24,143.36399999999998,150.71599999999998,2026-06-30 14:30:00,143.36399999999998,STOP_LOSS,-22.056000000000097,-2.5000000000000133
DHR,2026-06-29 00:00:00,2026-06-30 00:00:00,0.0075617853190704,1.0,2026-06-30 10:20:00,190.15,43.838574178681206,43.16654147442446,5,950.75,185.39625,194.90375,2026-07-01 10:39:00,194.90375,TAKE_PROFIT,23.768749999999983,2.499999999999991
BMY,2026-06-29 00:00:00,2026-06-30 00:00:00,0.0390385631273111,2.0,2026-06-30 10:40:00,57.415,39.89577920265421,37.53227121097804,17,976.055,55.979625,58.85037499999999,2026-07-02 15:59:00,58.11,WEEK_END_CLOSE,11.815000000000005,1.2104850648785082
ABNB,2026-06-29 00:00:00,2026-06-30 00:00:00,0.0713219934347955,5.0,2026-06-30 14:32:00,143.59,36.06379632708835,33.50396934550425,6,861.54,140.00025,147.17974999999998,2026-07-01 10:37:00,147.17974999999998,TAKE_PROFIT,21.538499999999885,2.499999999999991
HPE,2026-06-29 00:00:00,2026-06-30 00:00:00,0.1273423608261523,6.0,2026-06-30 14:47:00,44.955,70.22946414699608,67.3914947599573,22,989.01,43.831125,46.078875,2026-07-01 09:32:00,43.831125,STOP_LOSS,-24.72524999999996,-2.499999999999991
PM,2026-06-30 00:00:00,2026-07-01 00:00:00,0.0898809523809523,6.0,2026-07-01 09:45:00,179.265,48.607994118497395,40.359327002771956,5,896.3249999999999,174.78337499999998,183.74662499999997,2026-07-02 15:50:00,183.74662499999997,TAKE_PROFIT,22.4081249999999,2.499999999999991
INTU,2026-06-30 00:00:00,2026-07-01 00:00:00,0.1189303307529908,9.0,2026-07-01 09:46:00,271.24,57.91162411853373,57.297234645547,3,813.72,264.459,278.02099999999996,2026-07-02 15:59:00,275.35,WEEK_END_CLOSE,12.330000000000041,1.5152632355109885
CTAS,2026-06-30 00:00:00,2026-07-01 00:00:00,0.04,3.0,2026-07-01 09:49:00,172.12,57.162399415258264,54.532223619876106,5,860.6,167.817,176.423,2026-07-01 11:05:00,176.423,TAKE_PROFIT,21.514999999999986,2.499999999999991
RTX,2026-06-30 00:00:00,2026-07-01 00:00:00,0.02686005909213,2.0,2026-07-01 09:50:00,189.88,53.8753802043741,50.32386416289921,5,949.4,185.13299999999998,194.62699999999998,2026-07-02 09:30:00,194.77,TAKE_PROFIT_GAP,24.450000000000074,2.57531072256163
ACN,2026-06-30 00:00:00,2026-07-01 00:00:00,0.1200970481196926,10.0,2026-07-01 09:53:00,127.09,54.79307240113961,54.74203711034404,7,889.63,123.91275,130.26725,2026-07-01 11:07:00,130.26725,TAKE_PROFIT,22.240749999999906,2.499999999999991
CVX,2026-06-30 00:00:00,2026-07-01 00:00:00,0.0764112232449817,5.0,2026-07-01 10:04:00,166.305,44.7387296233963,44.12246913883145,6,997.83,162.147375,170.462625,2026-07-02 15:59:00,169.2,WEEK_END_CLOSE,17.36999999999989,1.7407774871470938
NOW,2026-06-30 00:00:00,2026-07-01 00:00:00,0.1137607505863956,8.0,2026-07-01 10:06:00,103.9599,66.35916792000174,65.53337126015192,9,935.6391000000001,101.36090250000001,106.5588975,2026-07-01 12:03:00,106.5588975,TAKE_PROFIT,23.390977499999963,2.499999999999991
WMB,2026-06-30 00:00:00,2026-07-01 00:00:00,0.1058394160583941,7.0,2026-07-01 10:40:00,72.57,39.138214831567396,36.709869756893305,13,943.4099999999999,70.75574999999999,74.38424999999998,2026-07-02 15:59:00,73.14,WEEK_END_CLOSE,7.410000000000096,0.7854485324514382
APO,2026-06-30 00:00:00,2026-07-01 00:00:00,0.062206572769953,4.0,2026-07-01 11:04:00,117.15,45.40814806575702,37.91560338456119,8,937.2,114.22125,120.07875,2026-07-02 09:30:00,120.07875,TAKE_PROFIT,23.42999999999995,2.499999999999991
ACN,2026-06-30 00:00:00,2026-07-01 00:00:00,0.1200970481196926,10.0,2026-07-01 11:15:00,130.45,67.6488825560551,63.41557027675799,7,913.1499999999999,127.18874999999998,133.71124999999998,2026-07-01 12:50:00,133.71124999999998,TAKE_PROFIT,22.82874999999993,2.499999999999991
CTAS,2026-06-30 00:00:00,2026-07-01 00:00:00,0.04,3.0,2026-07-01 11:41:00,176.15,59.20956194096189,58.90844702823093,5,880.75,171.74625,180.55374999999998,2026-07-02 13:25:00,180.55374999999998,TAKE_PROFIT,22.01874999999987,2.499999999999991
SPGI,2026-06-30 00:00:00,2026-07-01 00:00:00,0.0117813383600377,1.0,2026-07-01 12:11:00,416.5,57.783283552488705,57.66301510063344,2,833.0,406.0875,426.91249999999997,2026-07-02 09:30:00,426.91249999999997,TAKE_PROFIT,20.824999999999932,2.499999999999991
NOW,2026-06-30 00:00:00,2026-07-01 00:00:00,0.1137607505863956,8.0,2026-07-01 12:28:00,105.6541,51.18303588794465,51.181114353519796,9,950.8869,103.0127475,108.2954525,2026-07-02 15:59:00,106.16,WEEK_END_CLOSE,4.553099999999972,0.4788266617197001
ACN,2026-06-30 00:00:00,2026-07-01 00:00:00,0.1200970481196926,10.0,2026-07-01 13:25:00,133.45,62.66361269320026,58.688863898764524,7,934.1499999999999,130.11374999999998,136.78624999999997,2026-07-02 11:58:00,136.78624999999997,TAKE_PROFIT,23.35374999999985,2.499999999999991
IBM,2026-07-01 00:00:00,2026-07-02 00:00:00,0.1319492911603847,7.0,2026-07-02 09:46:00,288.46,53.51071499355273,49.75594873493164,3,865.3799999999999,281.2485,295.6715,2026-07-02 15:59:00,289.12,WEEK_END_CLOSE,1.980000000000075,0.22880122027317817
ITW,2026-07-01 00:00:00,2026-07-02 00:00:00,0.0684931506849315,2.0,2026-07-02 09:55:00,271.74,55.14874469628951,53.37073857478744,3,815.22,264.9465,278.5335,2026-07-02 15:59:00,272.7,WEEK_END_CLOSE,2.8799999999999386,0.35327886950760057
UBER,2026-07-01 00:00:00,2026-07-02 00:00:00,0.1610700485492421,10.0,2026-07-02 09:56:00,73.23,46.468799866907965,46.230497359076566,13,951.99,71.39925000000001,75.06075,2026-07-02 15:59:00,74.425,WEEK_END_CLOSE,15.534999999999911,1.6318448723200873
PLD,2026-07-01 00:00:00,2026-07-02 00:00:00,0.0835694050991501,3.0,2026-07-02 09:57:00,137.56,44.32520965313767,39.84474936914176,7,962.9200000000001,134.121,140.999,2026-07-02 15:59:00,139.43,WEEK_END_CLOSE,13.090000000000032,1.3594068043035756
TT,2026-07-01 00:00:00,2026-07-02 00:00:00,0.1212121212121212,6.0,2026-07-02 10:02:00,481.46,39.50115144061779,39.44956181472719,2,962.92,469.4235,493.4964999999999,2026-07-02 13:13:00,469.4235,STOP_LOSS,-24.07299999999998,-2.500000000000002
HD,2026-07-01 00:00:00,2026-07-02 00:00:00,0.1547631892003496,9.0,2026-07-02 10:05:00,349.07,45.12317731123441,40.404860816059944,2,698.14,340.34325,357.79675,2026-07-02 15:51:00,357.79675,TAKE_PROFIT,17.453499999999963,2.499999999999991
KO,2026-07-01 00:00:00,2026-07-02 00:00:00,0.0959687001413196,4.0,2026-07-02 10:06:00,81.775,58.81365582506095,57.72321648557566,12,981.3000000000001,79.730625,83.819375,2026-07-02 15:50:00,83.819375,TAKE_PROFIT,24.532499999999857,2.499999999999991
ORLY,2026-07-01 00:00:00,2026-07-02 00:00:00,0.1337966985230234,8.0,2026-07-02 10:10:00,91.74,45.171542637722844,44.85484591685047,10,917.4,89.44649999999999,94.03349999999999,2026-07-02 15:14:00,89.44649999999999,STOP_LOSS,-22.935000000000088,-2.5000000000000133
TFC,2026-07-01 00:00:00,2026-07-02 00:00:00,0.1078224101479915,5.0,2026-07-02 10:26:00,50.87,53.56733038857265,52.764200425626505,19,966.53,49.59824999999999,52.141749999999995,2026-07-02 15:59:00,50.97,WEEK_END_CLOSE,1.900000000000027,0.19657951641438576
EQIX,2026-07-01 00:00:00,2026-07-02 00:00:00,0.0668103448275862,1.0,2026-07-02 12:05:00,996.385,40.326473707206716,39.30699173587368,1,996.385,971.475375,1021.2946249999999,2026-07-02 15:59:00,1002.03,WEEK_END_CLOSE,5.644999999999982,0.5665480712776727
TT,2026-07-01 00:00:00,2026-07-02 00:00:00,0.1212121212121212,6.0,2026-07-02 13:20:00,470.64,50.09479025603916,38.553289862761275,2,941.28,458.87399999999997,482.40599999999995,2026-07-02 15:59:00,477.92,WEEK_END_CLOSE,14.56000000000006,1.5468298487166576
AON,2026-07-02 00:00:00,2026-07-06 00:00:00,0.0493827160493827,3.0,2026-07-06 09:45:00,354.46,52.016298462832026,50.31348084850779,2,708.92,345.59849999999994,363.32149999999996,2026-07-07 09:34:00,363.32149999999996,TAKE_PROFIT,17.722999999999956,2.499999999999991
TEL,2026-07-02 00:00:00,2026-07-06 00:00:00,0.0252365930599369,1.0,2026-07-06 09:46:00,200.41,62.95442755659898,62.19352646552088,4,801.64,195.39974999999998,205.42024999999998,2026-07-07 10:42:00,195.32,STOP_LOSS_GAP,-20.360000000000014,-2.539793423481862
RTX,2026-07-02 00:00:00,2026-07-06 00:00:00,0.0768480071367493,10.0,2026-07-06 09:47:00,199.28,59.142339874384724,56.278987885357246,5,996.4,194.298,204.26199999999997,2026-07-09 09:30:00,193.99,STOP_LOSS_GAP,-26.44999999999996,-2.6545564030509783
ORLY,2026-07-02 00:00:00,2026-07-06 00:00:00,0.0619389587073608,6.0,2026-07-06 09:48:00,85.71,39.155165252167535,35.28941047297297,11,942.81,83.56724999999999,87.85274999999999,2026-07-06 10:15:00,83.56724999999999,STOP_LOSS,-23.570250000000073,-2.5000000000000133
CTAS,2026-07-02 00:00:00,2026-07-06 00:00:00,0.0713285620714727,9.0,2026-07-06 09:50:00,179.94,50.808207416693335,50.31438944384025,5,899.7,175.4415,184.43849999999998,2026-07-10 15:59:00,179.64,WEEK_END_CLOSE,-1.5000000000000568,-0.16672224074691933
TT,2026-07-02 00:00:00,2026-07-06 00:00:00,0.0692307692307692,8.0,2026-07-06 09:50:00,484.275,63.5888649419807,62.17738903593354,2,968.55,472.168125,496.3818749999999,2026-07-07 09:38:00,472.168125,STOP_LOSS,-24.213750000000005,-2.500000000000002
PLD,2026-07-02 00:00:00,2026-07-06 00:00:00,0.0297619047619047,2.0,2026-07-06 09:52:00,139.01,53.43130800822725,52.39270042405809,7,973.0699999999999,135.53474999999997,142.48524999999998,2026-07-07 10:37:00,142.48524999999998,TAKE_PROFIT,24.32674999999992,2.499999999999991
TFC,2026-07-02 00:00:00,2026-07-06 00:00:00,0.0678391959798995,7.0,2026-07-06 09:57:00,51.15,60.624521335072124,55.85434743351721,19,971.85,49.871249999999996,52.428749999999994,2026-07-08 10:30:00,49.871249999999996,STOP_LOSS,-24.296250000000043,-2.500000000000002
ABBV,2026-07-02 00:00:00,2026-07-06 00:00:00,0.0595561259746544,5.0,2026-07-06 09:59:00,255.48,43.94100764201677,43.495893055760455,3,766.4399999999999,249.093,261.86699999999996,2026-07-09 13:51:00,249.093,STOP_LOSS,-19.161,-2.500000000000002
DHR,2026-07-02 00:00:00,2026-07-06 00:00:00,0.0526724102219047,4.0,2026-07-06 10:01:00,191.79,45.57675000640597,42.811661021885904,5,958.9499999999999,186.99525,196.58474999999999,2026-07-07 09:30:00,197.42,TAKE_PROFIT_GAP,28.149999999999977,2.935502372386467
ORLY,2026-07-02 00:00:00,2026-07-06 00:00:00,0.0619389587073608,6.0,2026-07-06 10:23:00,83.64,43.927234471682105,39.06929850215132,11,920.04,81.54899999999999,85.731,2026-07-07 09:30:00,85.731,TAKE_PROFIT,23.000999999999934,2.499999999999991
MPC,2026-07-06 00:00:00,2026-07-07 00:00:00,0.0832929782082324,4.0,2026-07-07 09:48:00,267.58,47.78970978595963,46.999231105170075,3,802.74,260.8905,274.26949999999994,2026-07-08 09:33:00,274.26949999999994,TAKE_PROFIT,20.068499999999858,2.499999999999991
AON,2026-07-06 00:00:00,2026-07-07 00:00:00,0.0,1.0,2026-07-07 09:50:00,361.95,58.88619507648436,57.76188989493145,2,723.9,352.90125,370.99875,2026-07-10 15:59:00,356.92,WEEK_END_CLOSE,-10.059999999999945,-1.3896947092139733
PH,2026-07-06 00:00:00,2026-07-07 00:00:00,0.1224489795918367,7.0,2026-07-07 09:56:00,952.63,42.606180902262594,38.51352785856818,1,952.63,928.81425,976.4457499999999,2026-07-10 15:59:00,960.73,WEEK_END_CLOSE,8.100000000000023,0.8502776523938937
APH,2026-07-06 00:00:00,2026-07-07 00:00:00,0.1463414634146341,8.0,2026-07-07 09:59:00,159.92,40.94361686033111,35.579382061842495,6,959.52,155.922,163.91799999999998,2026-07-08 09:30:00,154.8,STOP_LOSS_GAP,-30.719999999999857,-3.201600800400184
AFL,2026-07-06 00:00:00,2026-07-07 00:00:00,0.0830493496914297,3.0,2026-07-07 10:04:00,122.1,63.83830541930858,61.32144041390072,8,976.8,119.04749999999999,125.15249999999999,2026-07-10 15:59:00,121.92,WEEK_END_CLOSE,-1.4399999999999409,-0.14742014742014087
PCAR,2026-07-06 00:00:00,2026-07-07 00:00:00,0.1617647058823529,10.0,2026-07-07 10:04:00,124.295,50.39693049548305,49.00843376023712,8,994.36,121.187625,127.40237499999999,2026-07-10 15:59:00,124.57,WEEK_END_CLOSE,2.199999999999932,0.22124783780521629
WELL,2026-07-06 00:00:00,2026-07-07 00:00:00,0.1126760563380281,6.0,2026-07-07 10:10:00,236.675,59.542939307542774,55.96050108672746,4,946.7,230.758125,242.591875,2026-07-10 09:38:00,230.758125,STOP_LOSS,-23.667500000000018,-2.500000000000002
CRH,2026-07-06 00:00:00,2026-07-07 00:00:00,0.0971676749554201,5.0,2026-07-07 10:13:00,105.58,48.25735334555477,44.75216361452534,9,950.22,102.9405,108.21949999999998,2026-07-08 09:30:00,102.9,STOP_LOSS_GAP,-24.119999999999933,-2.538359537791246
UBER,2026-07-06 00:00:00,2026-07-07 00:00:00,0.1515303639329359,9.0,2026-07-07 10:29:00,73.915,60.45368860816346,54.38930178646074,13,960.8950000000001,72.067125,75.762875,2026-07-10 09:36:00,75.762875,TAKE_PROFIT,24.02237499999984,2.499999999999991
AEP,2026-07-07 00:00:00,2026-07-08 00:00:00,0.0880733944954128,2.0,2026-07-08 09:47:00,137.265,51.201572747093174,40.952800429237215,7,960.8549999999999,133.833375,140.69662499999998,2026-07-09 14:36:00,133.83,STOP_LOSS_GAP,-24.044999999999817,-2.502458747677827
WMT,2026-07-07 00:00:00,2026-07-08 00:00:00,0.1419092835658625,8.0,2026-07-08 09:47:00,112.29,56.09929340536477,51.07854990066732,8,898.32,109.48275000000001,115.09725,2026-07-10 15:59:00,113.89,WEEK_END_CLOSE,12.799999999999955,1.4248820019592046
ADBE,2026-07-07 00:00:00,2026-07-08 00:00:00,0.1214755604542262,6.0,2026-07-08 09:48:00,218.33,33.6352625100438,32.771111179844944,4,873.32,212.87175000000002,223.78825,2026-07-10 09:30:00,226.5,TAKE_PROFIT_GAP,32.67999999999995,3.7420418632345465
PG,2026-07-07 00:00:00,2026-07-08 00:00:00,0.1245814273575694,7.0,2026-07-08 09:53:00,150.18,51.54112247385049,50.91383981742359,6,901.08,146.4255,153.93449999999999,2026-07-09 09:31:00,146.4255,STOP_LOSS,-22.527000000000044,-2.500000000000002
WM,2026-07-07 00:00:00,2026-07-08 00:00:00,0.1149851632047477,4.0,2026-07-08 09:54:00,236.0,48.91681694270383,46.98178523455555,4,944.0,230.1,241.89999999999998,2026-07-09 09:31:00,230.1,STOP_LOSS,-23.600000000000023,-2.500000000000002
JCI,2026-07-07 00:00:00,2026-07-08 00:00:00,0.0187313750532141,1.0,2026-07-08 10:00:00,140.445,61.04045105993834,54.440273857768744,7,983.115,136.933875,143.956125,2026-07-10 12:02:00,143.956125,TAKE_PROFIT,24.57787499999995,2.499999999999991
NSC,2026-07-07 00:00:00,2026-07-08 00:00:00,0.1147540983606557,3.0,2026-07-08 10:03:00,321.95,55.52431404532365,55.37903482220629,3,965.8499999999999,313.90125,329.99875,2026-07-10 15:59:00,327.54,WEEK_END_CLOSE,16.770000000000095,1.7362944556608362
MDLZ,2026-07-07 00:00:00,2026-07-08 00:00:00,0.1204272998646838,5.0,2026-07-08 10:06:00,59.54,52.34331774335069,43.569208143896624,16,952.64,58.0515,61.028499999999994,2026-07-10 09:30:00,58.0515,STOP_LOSS,-23.81600000000003,-2.500000000000002
RSG,2026-07-08 00:00:00,2026-07-09 00:00:00,0.0625,5.0,2026-07-09 09:45:00,218.325,43.10747932813001,41.33074682588038,4,873.3,212.866875,223.78312499999996,2026-07-10 15:59:00,219.13,WEEK_END_CLOSE,3.2200000000000273,0.3687163632199786
PG,2026-07-08 00:00:00,2026-07-09 00:00:00,0.1085858531107833,9.0,2026-07-09 09:48:00,146.6799,46.685367579539275,39.591424078281726,6,880.0794000000001,143.0129025,150.34689749999998,2026-07-10 15:59:00,147.024,WEEK_END_CLOSE,2.0645999999999844,0.23459246972488135
SO,2026-07-08 00:00:00,2026-07-09 00:00:00,0.0735208977069442,7.0,2026-07-09 09:48:00,95.98,45.60618643935486,45.07354506445095,10,959.8000000000001,93.5805,98.3795,2026-07-10 15:59:00,95.61,WEEK_END_CLOSE,-3.7000000000000455,-0.3854969785372031
SHW,2026-07-08 00:00:00,2026-07-09 00:00:00,0.1117824773413897,10.0,2026-07-09 09:49:00,330.75,50.65480952280413,49.39885732007839,3,992.25,322.48125,339.01874999999995,2026-07-10 15:59:00,334.0,WEEK_END_CLOSE,9.75,0.9826152683295453
CVS,2026-07-08 00:00:00,2026-07-09 00:00:00,0.0764439293736028,8.0,2026-07-09 09:58:00,104.54,53.10125962424081,48.661288530091454,9,940.86,101.9265,107.1535,2026-07-10 15:59:00,104.19,WEEK_END_CLOSE,-3.1500000000000767,-0.33480007652574306
CSX,2026-07-08 00:00:00,2026-07-09 00:00:00,0.0042577932897279,2.0,2026-07-09 10:01:00,49.09,62.37857190799844,62.27719349236359,20,981.8000000000001,47.862750000000005,50.31725,2026-07-10 15:59:00,49.41,WEEK_END_CLOSE,6.399999999999864,0.6518639234059709
SYK,2026-07-08 00:00:00,2026-07-09 00:00:00,0.0352941176470588,4.0,2026-07-09 10:25:00,328.44,55.138424462669725,52.99156211381341,3,985.3199999999999,320.229,336.65099999999995,2026-07-10 15:59:00,329.76,WEEK_END_CLOSE,3.9599999999999795,0.4018998903909443
SPG,2026-07-09 00:00:00,2026-07-10 00:00:00,0.0210526315789473,5.0,2026-07-10 09:47:00,220.11,48.45966788566086,46.209727503075484,4,880.44,214.60725000000002,225.61275,2026-07-10 12:05:00,214.60725000000002,STOP_LOSS,-22.010999999999967,-2.499999999999991
DHR,2026-07-09 00:00:00,2026-07-10 00:00:00,0.1130492004000468,10.0,2026-07-10 09:49:00,197.315,63.442814775807676,62.67022805913834,5,986.575,192.382125,202.247875,2026-07-10 15:59:00,198.95,WEEK_END_CLOSE,8.174999999999955,0.8286242809720346
WM,2026-07-09 00:00:00,2026-07-10 00:00:00,0.0463890353189246,6.0,2026-07-10 09:49:00,231.89,45.10747213960551,43.81948554020569,4,927.56,226.09275,237.68724999999998,2026-07-10 15:59:00,233.35,WEEK_END_CLOSE,5.840000000000032,0.6296088662728128
ITW,2026-07-09 00:00:00,2026-07-10 00:00:00,0.0008503401360544,2.0,2026-07-10 09:55:00,267.69,59.38652909317799,55.147098017209686,3,803.0699999999999,260.99775,274.38225,2026-07-10 15:59:00,268.755,WEEK_END_CLOSE,3.194999999999993,0.3978482573125719
XOM,2026-07-09 00:00:00,2026-07-10 00:00:00,0.0956296087318759,9.0,2026-07-10 10:02:00,137.9618,52.199432080464746,51.04679550708257,7,965.7326,134.512755,141.410845,2026-07-10 15:59:00,138.83,WEEK_END_CLOSE,6.0774000000000115,0.6293046336014685
ADP,2026-07-09 00:00:00,2026-07-10 00:00:00,0.0569891646814723,7.0,2026-07-10 10:17:00,243.15,61.15395486128986,60.73887564597266,4,972.6,237.07125,249.22875,2026-07-10 15:59:00,241.95,WEEK_END_CLOSE,-4.800000000000068,-0.4935225169648394
TEL,2026-07-09 00:00:00,2026-07-10 00:00:00,0.0089235917456776,3.0,2026-07-10 10:26:00,202.54,60.18466678073999,53.87343326396165,4,810.16,197.4765,207.60349999999997,2026-07-10 15:59:00,200.36,WEEK_END_CLOSE,-8.719999999999914,-1.076330601362685
SPG,2026-07-09 00:00:00,2026-07-10 00:00:00,0.0210526315789473,5.0,2026-07-10 12:07:00,214.96,39.18678956821174,39.17349012353984,4,859.84,209.586,220.334,2026-07-10 15:59:00,218.77,WEEK_END_CLOSE,15.240000000000009,1.7724227763304734
HPE,2026-07-10 00:00:00,2026-07-13 00:00:00,0.0753592486164425,6.0,2026-07-13 09:47:00,47.34,40.50521696095913,39.15776737877142,21,994.1400000000001,46.1565,48.5235,2026-07-14 09:30:00,48.86,TAKE_PROFIT_GAP,31.919999999999916,3.210815378115739
AEP,2026-07-10 00:00:00,2026-07-13 00:00:00,0.0256410256410256,2.0,2026-07-13 09:50:00,136.165,60.03302324194601,59.34134302099627,7,953.155,132.760875,139.56912499999999,2026-07-15 15:04:00,132.76,STOP_LOSS_GAP,-23.835000000000008,-2.5006426027246342
DE,2026-07-10 00:00:00,2026-07-13 00:00:00,0.1107697704510317,9.0,2026-07-13 09:51:00,584.1,39.920396282681196,36.62604384911372,1,584.1,569.4975000000001,598.7025,2026-07-14 09:35:00,598.7025,TAKE_PROFIT,14.602499999999964,2.499999999999991
MSI,2026-07-10 00:00:00,2026-07-13 00:00:00,0.0666666666666666,5.0,2026-07-13 09:56:00,424.59,53.186551002786445,51.74023128302546,2,849.18,413.97524999999996,435.20474999999993,2026-07-14 09:30:00,413.97524999999996,STOP_LOSS,-21.22950000000003,-2.500000000000002
KO,2026-07-10 00:00:00,2026-07-13 00:00:00,0.1035730138751109,7.0,2026-07-13 10:04:00,84.43,58.29277435841362,56.687159290151506,11,928.73,82.31925000000001,86.54075,2026-07-15 09:30:00,82.31925000000001,STOP_LOSS,-23.218249999999955,-2.499999999999991
PFE,2026-07-10 00:00:00,2026-07-13 00:00:00,0.1037560128186785,8.0,2026-07-13 10:11:00,24.6387,57.56588714696513,56.189933408690884,40,985.548,24.0227325,25.254667499999996,2026-07-16 10:00:00,25.254667499999996,TAKE_PROFIT,24.638699999999858,2.499999999999991
BNY,2026-07-10 00:00:00,2026-07-13 00:00:00,0.0410404624277456,3.0,2026-07-13 10:20:00,150.99,49.28660094529583,48.34244547236102,6,905.94,147.21525,154.76475,2026-07-14 10:14:00,154.76475,TAKE_PROFIT,22.6484999999999,2.499999999999991
MDT,2026-07-10 00:00:00,2026-07-13 00:00:00,0.1127064111486622,10.0,2026-07-13 10:54:00,83.89,54.72419216363792,47.1240768262109,11,922.79,81.79275,85.98724999999999,2026-07-14 09:30:00,81.59,STOP_LOSS_GAP,-25.29999999999997,-2.7416855405888674
CSX,2026-07-10 00:00:00,2026-07-13 00:00:00,0.0051168091347315,1.0,2026-07-13 11:14:00,49.505,45.43746042574245,43.660941673064684,20,990.1,48.267375,50.742625,2026-07-16 10:30:00,50.742625,TAKE_PROFIT,24.752499999999884,2.499999999999991
ITW,2026-07-13 00:00:00,2026-07-14 00:00:00,0.0408163265306122,3.0,2026-07-14 09:46:00,274.27,62.82170121599782,61.286962389415564,3,822.81,267.41324999999995,281.12674999999996,2026-07-16 11:24:00,281.12674999999996,TAKE_PROFIT,20.57024999999993,2.499999999999991
ORLY,2026-07-13 00:00:00,2026-07-14 00:00:00,0.0766246362754607,10.0,2026-07-14 09:49:00,86.52,39.68036080195794,39.57817930084221,11,951.7199999999999,84.357,88.68299999999999,2026-07-15 11:50:00,84.357,STOP_LOSS,-23.792999999999964,-2.499999999999991
SYK,2026-07-13 00:00:00,2026-07-14 00:00:00,0.0245901639344262,2.0,2026-07-14 09:50:00,313.85,36.4349608424808,34.94953751781965,3,941.5500000000001,306.00375,321.69625,2026-07-16 09:31:00,321.69625,TAKE_PROFIT,23.538749999999993,2.499999999999991
TJX,2026-07-13 00:00:00,2026-07-14 00:00:00,0.0710116731517509,8.0,2026-07-14 09:50:00,149.74,42.271863024710115,39.80682829011105,6,898.44,145.9965,153.4835,2026-07-16 09:39:00,153.5,TAKE_PROFIT_GAP,22.559999999999945,2.5110190997729376
PCAR,2026-07-13 00:00:00,2026-07-14 00:00:00,0.0541871921182266,5.0,2026-07-14 09:51:00,124.86,53.33260254931673,51.30905758354367,8,998.88,121.7385,127.98149999999998,2026-07-17 09:47:00,127.98149999999998,TAKE_PROFIT,24.971999999999866,2.499999999999991
MSI,2026-07-13 00:00:00,2026-07-14 00:00:00,0.0751445086705202,9.0,2026-07-14 09:58:00,415.19,43.4080725557736,40.29218452287358,2,830.38,404.81025,425.56974999999994,2026-07-17 15:59:00,413.28,WEEK_END_CLOSE,-3.82000000000005,-0.460030347551732
SPG,2026-07-13 00:00:00,2026-07-14 00:00:00,0.0545454545454545,6.0,2026-07-14 10:04:00,221.25,63.36810511603465,57.97027755972113,4,885.0,215.71875,226.78124999999997,2026-07-16 10:09:00,226.78124999999997,TAKE_PROFIT,22.124999999999886,2.499999999999991
ECL,2026-07-13 00:00:00,2026-07-14 00:00:00,0.0689655172413793,7.0,2026-07-14 10:05:00,272.225,58.73815720253587,54.9774806788232,3,816.6750000000001,265.419375,279.030625,2026-07-17 09:39:00,279.030625,TAKE_PROFIT,20.41687499999989,2.499999999999991
RTX,2026-07-14 00:00:00,2026-07-15 00:00:00,0.0418917722079532,2.0,2026-07-15 09:46:00,194.5,47.42660575320614,45.31967526864378,5,972.5,189.6375,199.36249999999998,2026-07-17 15:59:00,193.49,WEEK_END_CLOSE,-5.0499999999999545,-0.5192802056555257
DHR,2026-07-14 00:00:00,2026-07-15 00:00:00,0.017221249270286,1.0,2026-07-15 09:47:00,201.03,56.08128946664275,56.07931900630242,4,804.12,196.00424999999998,206.05575,2026-07-17 09:40:00,206.05575,TAKE_PROFIT,20.102999999999952,2.499999999999991
RSG,2026-07-14 00:00:00,2026-07-15 00:00:00,0.0857142857142857,10.0,2026-07-15 09:48:00,219.23,45.374267769411375,41.7567071326038,4,876.92,213.74925,224.71074999999996,2026-07-16 12:17:00,224.71074999999996,TAKE_PROFIT,21.922999999999888,2.499999999999991
SHW,2026-07-14 00:00:00,2026-07-15 00:00:00,0.0847457627118644,9.0,2026-07-15 09:48:00,330.46,56.70955826770954,51.43434783374149,3,991.3799999999999,322.19849999999997,338.72149999999993,2026-07-16 11:12:00,338.72149999999993,TAKE_PROFIT,24.784499999999866,2.499999999999991
TEL,2026-07-14 00:00:00,2026-07-15 00:00:00,0.0714285714285714,8.0,2026-07-15 09:57:00,202.32,53.793867983142064,52.473980485241675,4,809.28,197.262,207.378,2026-07-17 09:37:00,197.04,STOP_LOSS_GAP,-21.120000000000005,-2.60972716488731
HD,2026-07-14 00:00:00,2026-07-15 00:00:00,0.0673805913570887,5.0,2026-07-15 10:16:00,344.33,61.693045529677214,60.97189226143977,2,688.66,335.72175,352.9382499999999,2026-07-17 09:41:00,352.9382499999999,TAKE_PROFIT,17.216499999999883,2.499999999999991
ORLY,2026-07-14 00:00:00,2026-07-15 00:00:00,0.0704225352112676,6.0,2026-07-15 12:14:00,83.42,40.8366447809344,34.357363499467276,11,917.62,81.3345,85.5055,2026-07-16 10:48:00,85.5055,TAKE_PROFIT,22.940499999999957,2.499999999999991
EMR,2026-07-15 00:00:00,2026-07-16 00:00:00,0.0610687022900763,3.0,2026-07-16 09:50:00,135.67,58.81263655045231,49.145769259292294,7,949.6899999999999,132.27824999999999,139.06175,2026-07-16 15:54:00,139.06175,TAKE_PROFIT,23.742250000000013,2.499999999999991
ACN,2026-07-15 00:00:00,2026-07-16 00:00:00,0.1196172248803827,10.0,2026-07-16 09:51:00,139.28,59.3790194298477,53.951535872265595,7,974.96,135.798,142.762,2026-07-16 10:19:00,135.798,STOP_LOSS,-24.373999999999995,-2.500000000000002
ADP,2026-07-15 00:00:00,2026-07-16 00:00:00,0.0700636942675159,4.0,2026-07-16 09:55:00,253.03,60.347619694953664,58.804204390221344,3,759.09,246.70425,259.35575,2026-07-17 09:31:00,259.41,TAKE_PROFIT_GAP,19.14000000000007,2.5214401454373148
WELL,2026-07-15 00:00:00,2026-07-16 00:00:00,0.0833333333333333,6.0,2026-07-16 10:07:00,236.98,57.03115773718248,55.44543809152697,4,947.92,231.0555,242.90449999999996,2026-07-17 09:30:00,244.07,TAKE_PROFIT_GAP,28.360000000000014,2.991813655160769
TJX,2026-07-15 00:00:00,2026-07-16 00:00:00,0.072072072072072,5.0,2026-07-16 10:22:00,154.72,64.41608146249044,63.27825841476875,6,928.3199999999999,150.852,158.588,2026-07-17 15:59:00,154.39,WEEK_END_CLOSE,-1.980000000000075,-0.21328852119959496
TFC,2026-07-15 00:00:00,2026-07-16 00:00:00,0.0929705215419501,9.0,2026-07-16 10:28:00,53.47,59.57415195505176,59.35085481162039,18,962.46,52.13325,54.806749999999994,2026-07-17 15:59:00,52.51,WEEK_END_CLOSE,-17.280000000000015,-1.7953992893211201
ACN,2026-07-15 00:00:00,2026-07-16 00:00:00,0.1196172248803827,10.0,2026-07-16 10:35:00,136.2,48.661191988040876,46.75800510886857,7,953.3999999999999,132.795,139.605,2026-07-16 11:14:00,139.605,TAKE_PROFIT,23.835000000000008,2.499999999999991
CSX,2026-07-15 00:00:00,2026-07-16 00:00:00,0.0326180850696244,2.0,2026-07-16 10:37:00,50.785,72.57038734354876,71.98459842045517,19,964.915,49.515375,52.054624999999994,2026-07-17 15:59:00,50.735,WEEK_END_CLOSE,-0.949999999999946,-0.09845426799250934
MDLZ,2026-07-15 00:00:00,2026-07-16 00:00:00,0.0857142857142857,8.0,2026-07-16 10:45:00,59.85,55.12346844523757,54.779250794687414,16,957.6,58.35375,61.34625,2026-07-16 14:47:00,61.34625,TAKE_PROFIT,23.93999999999994,2.499999999999991
ACN,2026-07-15 00:00:00,2026-07-16 00:00:00,0.1196172248803827,10.0,2026-07-16 11:37:00,140.31,64.48559381345581,62.711593153501276,7,982.1700000000001,136.80225,143.81775,2026-07-16 12:49:00,143.81775,TAKE_PROFIT,24.55424999999991,2.499999999999991
ITW,2026-07-15 00:00:00,2026-07-16 00:00:00,0.0,1.0,2026-07-16 11:40:00,281.4,61.06336663355721,59.07441530962103,3,844.1999999999999,274.36499999999995,288.43499999999995,2026-07-17 15:59:00,276.05,WEEK_END_CLOSE,-16.049999999999898,-1.9012082444918144
RSG,2026-07-15 00:00:00,2026-07-16 00:00:00,0.0833333333333333,7.0,2026-07-16 12:22:00,224.545,56.33593531551618,56.07205305062121,4,898.18,218.93137499999997,230.15862499999997,2026-07-17 15:59:00,222.3,WEEK_END_CLOSE,-8.979999999999905,-0.9997995947360061
ACN,2026-07-15 00:00:00,2026-07-16 00:00:00,0.1196172248803827,10.0,2026-07-16 13:31:00,143.58,64.97687844970028,62.173336888148526,6,861.48,139.9905,147.1695,2026-07-17 09:40:00,147.1695,TAKE_PROFIT,21.53699999999992,2.499999999999991
MDLZ,2026-07-15 00:00:00,2026-07-16 00:00:00,0.0857142857142857,8.0,2026-07-16 14:51:00,61.37,70.15521654034683,68.91989872471335,16,981.92,59.83575,62.90424999999999,2026-07-17 09:39:00,62.90424999999999,TAKE_PROFIT,24.547999999999888,2.499999999999991
SLB,2026-07-16 00:00:00,2026-07-17 00:00:00,0.032557005243263,9.0,2026-07-17 09:45:00,46.985,52.31128821380032,51.01537257147567,21,986.685,45.810375,48.159625,2026-07-17 15:59:00,46.99,WEEK_END_CLOSE,0.10500000000005372,0.010641694157720316
DASH,2026-07-16 00:00:00,2026-07-17 00:00:00,0.0369489665264313,10.0,2026-07-17 09:46:00,185.54,41.3563753379614,41.16672463031455,5,927.6999999999999,180.9015,190.17849999999999,2026-07-17 15:59:00,184.16,WEEK_END_CLOSE,-6.899999999999977,-0.7437749272394045
SYK,2026-07-16 00:00:00,2026-07-17 00:00:00,0.0194336479733481,6.0,2026-07-17 09:46:00,328.375,51.95033478326649,47.56190156570984,3,985.125,320.165625,336.58437499999997,2026-07-17 10:07:00,320.165625,STOP_LOSS,-24.628125000000068,-2.500000000000002
AON,2026-07-16 00:00:00,2026-07-17 00:00:00,0.0,1.0,2026-07-17 09:50:00,374.7,64.89118329580788,63.66663619433023,2,749.4,365.3325,384.06749999999994,2026-07-17 15:59:00,367.01,WEEK_END_CLOSE,-15.379999999999995,-2.052308513477452
ABBV,2026-07-16 00:00:00,2026-07-17 00:00:00,0.0244590780809031,7.0,2026-07-17 09:54:00,260.61,68.06559947510824,67.99016724841506,3,781.83,254.09475,267.12525,2026-07-17 15:59:00,254.49,WEEK_END_CLOSE,-18.360000000000014,-2.3483365949119372
PCAR,2026-07-16 00:00:00,2026-07-17 00:00:00,0.0125,4.0,2026-07-17 10:02:00,127.53,59.15857797570709,58.08932618274105,7,892.71,124.34175,130.71824999999998,2026-07-17 15:59:00,126.22,WEEK_END_CLOSE,-9.170000000000016,-1.0272092840900249
SYK,2026-07-16 00:00:00,2026-07-17 00:00:00,0.0194336479733481,6.0,2026-07-17 10:22:00,320.36,44.44220869241119,43.19145799133117,3,961.08,312.351,328.36899999999997,2026-07-17 15:59:00,319.88,WEEK_END_CLOSE,-1.4400000000000546,-0.14983143963042123
CB,2026-07-16 00:00:00,2026-07-17 00:00:00,0.0177514792899408,5.0,2026-07-17 10:54:00,353.94,64.68426271375478,57.11591340139463,2,707.88,345.0915,362.78849999999994,2026-07-17 15:59:00,352.18,WEEK_END_CLOSE,-3.519999999999982,-0.4972594225009841
BMY,2026-07-17 00:00:00,2026-07-20 00:00:00,0.0404699738903394,8.0,2026-07-20 09:45:00,60.91,52.72704959606192,51.99487364975949,16,974.56,59.387249999999995,62.43274999999999,2026-07-24 10:12:00,62.43274999999999,TAKE_PROFIT,24.36399999999992,2.499999999999991
ABBV,2026-07-17 00:00:00,2026-07-20 00:00:00,0.0437049362174154,9.0,2026-07-20 09:48:00,255.62,54.181730549838946,47.61785122043962,3,766.86,249.2295,262.0105,2026-07-24 15:59:00,259.22,WEEK_END_CLOSE,10.800000000000068,1.4083405054377662
BNY,2026-07-17 00:00:00,2026-07-20 00:00:00,0.0353982300884955,5.0,2026-07-20 09:50:00,157.9275,52.17158882395122,51.8683644877359,6,947.565,153.9793125,161.8756875,2026-07-24 15:59:00,158.95,WEEK_END_CLOSE,6.134999999999877,0.6474489876683753
CB,2026-07-17 00:00:00,2026-07-20 00:00:00,0.0181159420289855,2.0,2026-07-20 09:50:00,352.985,58.21322858322158,53.86806725516302,2,705.97,344.160375,361.809625,2026-07-22 09:30:00,344.160375,STOP_LOSS,-17.649250000000052,-2.500000000000002
COF,2026-07-17 00:00:00,2026-07-20 00:00:00,0.0534521158129175,10.0,2026-07-20 09:50:00,208.27,54.5170755128036,50.168463896954826,4,833.08,203.06325,213.47674999999998,2026-07-22 09:30:00,203.06325,STOP_LOSS,-20.826999999999998,-2.500000000000002
AON,2026-07-17 00:00:00,2026-07-20 00:00:00,0.0,1.0,2026-07-20 09:51:00,363.82,44.240094244293886,42.533514695535395,2,727.64,354.7245,372.91549999999995,2026-07-22 09:33:00,354.7245,STOP_LOSS,-18.19100000000003,-2.500000000000002
ECL,2026-07-17 00:00:00,2026-07-20 00:00:00,0.037037037037037,6.0,2026-07-20 09:57:00,271.775,51.90405749079356,49.16938059463046,3,815.3249999999999,264.980625,278.569375,2026-07-21 09:36:00,264.980625,STOP_LOSS,-20.383125000000007,-2.500000000000002
MRK,2026-07-17 00:00:00,2026-07-20 00:00:00,0.0263956711099379,4.0,2026-07-20 09:58:00,127.44,56.190825763856864,48.92166791114876,7,892.0799999999999,124.25399999999999,130.62599999999998,2026-07-20 15:59:00,124.25399999999999,STOP_LOSS,-22.30200000000005,-2.500000000000002
SPG,2026-07-17 00:00:00,2026-07-20 00:00:00,0.0209790209790209,3.0,2026-07-20 10:06:00,230.58,62.94403502449717,59.66787181949745,4,922.32,224.81550000000001,236.34449999999998,2026-07-23 13:14:00,224.77,STOP_LOSS_GAP,-23.24000000000001,-2.5197328476016967
ITW,2026-07-17 00:00:00,2026-07-20 00:00:00,0.0392156862745098,7.0,2026-07-20 10:21:00,272.45,43.9381227542509,41.41033154220556,3,817.3499999999999,265.63874999999996,279.26124999999996,2026-07-24 09:40:00,279.26124999999996,TAKE_PROFIT,20.433749999999918,2.499999999999991
CI,2026-07-20 00:00:00,2026-07-21 00:00:00,0.1412103746397694,10.0,2026-07-21 09:45:00,283.99,55.246630624916016,50.85875908635413,3,851.97,276.89025,291.08975,2026-07-22 09:30:00,291.68,TAKE_PROFIT_GAP,23.069999999999993,2.7078418254163905
DLR,2026-07-20 00:00:00,2026-07-21 00:00:00,0.0977777777777777,5.0,2026-07-21 09:51:00,176.99,55.78826061468991,55.41420112223898,5,884.95,172.56525,181.41475,2026-07-23 09:49:00,181.41475,TAKE_PROFIT,22.123749999999944,2.499999999999991
GILD,2026-07-20 00:00:00,2026-07-21 00:00:00,0.0507196710075394,3.0,2026-07-21 09:52:00,130.63,47.51610720306469,44.416554653987504,7,914.41,127.36425,133.89575,2026-07-24 15:59:00,129.33,WEEK_END_CLOSE,-9.09999999999988,-0.9951772180968987
CME,2026-07-20 00:00:00,2026-07-21 00:00:00,0.1407056798623063,9.0,2026-07-21 09:53:00,241.6,46.85526208563258,41.50754780946482,4,966.4,235.56,247.64,2026-07-22 09:31:00,247.64,TAKE_PROFIT,24.159999999999968,2.499999999999991
CL,2026-07-20 00:00:00,2026-07-21 00:00:00,0.0833333333333333,4.0,2026-07-21 09:54:00,91.2,51.109660758256666,50.75693788006049,10,912.0,88.92,93.47999999999999,2026-07-24 15:59:00,90.76,WEEK_END_CLOSE,-4.399999999999977,-0.48245614035087314
SO,2026-07-20 00:00:00,2026-07-21 00:00:00,0.0382848392036753,2.0,2026-07-21 09:57:00,93.79,46.036688282104095,45.097201169679266,10,937.9000000000001,91.44525,96.13475,2026-07-23 10:16:00,96.13475,TAKE_PROFIT,23.447499999999906,2.499999999999991
WMB,2026-07-20 00:00:00,2026-07-21 00:00:00,0.1216617210682492,7.0,2026-07-21 10:00:00,73.38,43.0780140609146,38.920208615006715,13,953.9399999999999,71.54549999999999,75.21449999999999,2026-07-23 09:30:00,75.37,TAKE_PROFIT_GAP,25.87000000000012,2.71191060234397
MDLZ,2026-07-20 00:00:00,2026-07-21 00:00:00,0.0273224043715847,1.0,2026-07-21 10:01:00,59.4,47.06369816123729,45.17586457995631,16,950.4,57.915,60.88499999999999,2026-07-22 13:54:00,60.88499999999999,TAKE_PROFIT,23.759999999999877,2.499999999999991
PGR,2026-07-20 00:00:00,2026-07-21 00:00:00,0.1320293398533007,8.0,2026-07-21 10:03:00,208.76,54.56318710500314,51.886100732048305,4,835.04,203.541,213.97899999999998,2026-07-23 09:45:00,203.541,STOP_LOSS,-20.875999999999976,-2.500000000000002
FCX,2026-07-20 00:00:00,2026-07-21 00:00:00,0.1020634568449079,6.0,2026-07-21 10:50:00,61.82,66.48783223119598,63.45469445879671,16,989.12,60.274499999999996,63.3655,2026-07-22 09:33:00,63.3655,TAKE_PROFIT,24.727999999999952,2.499999999999991
MCD,2026-07-21 00:00:00,2026-07-22 00:00:00,0.1781800857551214,8.0,2026-07-22 09:45:00,264.6177,49.25305390136236,46.59987126237807,3,793.8531,258.0022575,271.2331425,2026-07-24 15:59:00,264.76,WEEK_END_CLOSE,0.42689999999993233,0.053775692253377194
UPS,2026-07-21 00:00:00,2026-07-22 00:00:00,0.0386202830188679,1.0,2026-07-22 09:52:00,117.0602,59.3974446048643,56.3051132372306,8,936.4816,114.13369499999999,119.98670499999999,2026-07-23 13:35:00,114.13369499999999,STOP_LOSS,-23.412040000000047,-2.500000000000002
SLB,2026-07-21 00:00:00,2026-07-22 00:00:00,0.1297602256699576,6.0,2026-07-22 09:54:00,47.445,58.47942940060477,54.752369201437425,21,996.345,46.258874999999996,48.631125,2026-07-24 09:30:00,50.07,TAKE_PROFIT_GAP,55.125,5.5327220992728465
XOM,2026-07-21 00:00:00,2026-07-22 00:00:00,0.2254153141111323,9.0,2026-07-22 09:54:00,153.735,63.4194147315868,62.52874248200713,6,922.4100000000001,149.891625,157.578375,2026-07-23 09:41:00,157.578375,TAKE_PROFIT,23.060249999999883,2.499999999999991
CSX,2026-07-21 00:00:00,2026-07-22 00:00:00,0.1684446939921392,7.0,2026-07-22 09:58:00,50.005,52.94218670257719,49.41368717171245,19,950.095,48.754875,51.255125,2026-07-23 09:30:00,51.96,TAKE_PROFIT_GAP,37.14499999999997,3.909609039096096
FTNT,2026-07-21 00:00:00,2026-07-22 00:00:00,0.1214574898785425,5.0,2026-07-22 10:00:00,156.62,54.630051888073424,49.29136579246059,6,939.72,152.7045,160.53549999999998,2026-07-23 09:59:00,152.7045,STOP_LOSS,-23.493000000000052,-2.500000000000002
MRK,2026-07-21 00:00:00,2026-07-22 00:00:00,0.0897583429228998,4.0,2026-07-22 10:04:00,127.885,62.8112596616427,61.80757140311546,7,895.195,124.687875,131.082125,2026-07-24 09:30:00,131.44,TAKE_PROFIT_GAP,24.88499999999995,2.7798412636352854
CVS,2026-07-21 00:00:00,2026-07-22 00:00:00,0.0387118193891102,2.0,2026-07-22 10:06:00,110.64,65.32586791251424,60.22973404609447,9,995.76,107.874,113.40599999999999,2026-07-22 15:52:00,107.874,STOP_LOSS,-24.894000000000048,-2.500000000000002
PFE,2026-07-21 00:00:00,2026-07-22 00:00:00,0.2267437379576108,10.0,2026-07-22 10:06:00,25.145,62.530900585087764,59.23181910165503,39,980.655,24.516375,25.773624999999996,2026-07-24 15:57:00,24.516375,STOP_LOSS,-24.516374999999982,-2.500000000000002
CVS,2026-07-22 00:00:00,2026-07-23 00:00:00,0.1357765328353563,9.0,2026-07-23 09:59:00,106.47,38.96217552740735,31.45182913087643,9,958.23,103.80825,109.13174999999998,2026-07-24 15:59:00,107.74,WEEK_END_CLOSE,11.429999999999964,1.192824269747339
KO,2026-07-22 00:00:00,2026-07-23 00:00:00,0.1425006239081607,10.0,2026-07-23 09:59:00,81.26,43.922170614274016,40.80784726301605,12,975.1200000000001,79.2285,83.2915,2026-07-24 15:59:00,82.25,WEEK_END_CLOSE,11.879999999999939,1.2183115924193855
APO,2026-07-22 00:00:00,2026-07-23 00:00:00,0.0218151307509439,2.0,2026-07-23 10:00:00,121.0,59.89202601675317,53.65214619150447,8,968.0,117.975,124.02499999999999,2026-07-24 15:59:00,122.65,WEEK_END_CLOSE,13.200000000000045,1.3636363636363669
MMM,2026-07-22 00:00:00,2026-07-23 00:00:00,0.0497393945669807,3.0,2026-07-23 10:00:00,170.0,53.15245232090856,49.52519070497684,5,850.0,165.75,174.24999999999997,2026-07-24 15:59:00,172.59,WEEK_END_CLOSE,12.950000000000017,1.5235294117647014
FTNT,2026-07-22 00:00:00,2026-07-23 00:00:00,0.0986382681564245,5.0,2026-07-23 10:01:00,153.65,47.8995248975055,44.83561977928864,6,921.9000000000001,149.80875,157.49124999999998,2026-07-24 15:59:00,152.35,WEEK_END_CLOSE,-7.800000000000068,-0.8460787504067757
MDLZ,2026-07-22 00:00:00,2026-07-23 00:00:00,0.1328125,7.0,2026-07-23 10:09:00,60.2,52.034681091492224,52.00705159446323,16,963.2,58.695,61.705,2026-07-24 15:59:00,60.53,WEEK_END_CLOSE,5.279999999999973,0.5481727574750739
SO,2026-07-22 00:00:00,2026-07-23 00:00:00,0.0699340785325308,4.0,2026-07-23 10:32:00,95.94,55.94418017524542,55.024432775905645,10,959.4,93.5415,98.3385,2026-07-24 15:59:00,97.27,WEEK_END_CLOSE,13.299999999999983,1.3862830936001602
EMR,2026-07-22 00:00:00,2026-07-23 00:00:00,0.1333333333333333,8.0,2026-07-23 11:16:00,143.67,47.45352993647032,46.066251291880334,6,862.02,140.07825,147.26174999999998,2026-07-24 10:09:00,147.33,TAKE_PROFIT_GAP,21.96000000000015,2.547504698266878
JNJ,2026-07-23 00:00:00,2026-07-24 00:00:00,0.0291417501895056,2.0,2026-07-24 09:50:00,262.01,58.95626889455694,57.71153199636332,3,786.03,255.45974999999999,268.56024999999994,2026-07-24 15:59:00,263.42,WEEK_END_CLOSE,4.230000000000075,0.5381473989542584
UNP,2026-07-23 00:00:00,2026-07-24 00:00:00,0.0511215440792905,5.0,2026-07-24 09:52:00,304.545,50.57868859152779,48.475198012722764,3,913.635,296.931375,312.158625,2026-07-24 15:59:00,307.55,WEEK_END_CLOSE,9.014999999999986,0.9867178906237228
DASH,2026-07-23 00:00:00,2026-07-24 00:00:00,0.0286699328615496,1.0,2026-07-24 10:00:00,171.42,52.21093099907131,51.84892699104613,5,857.0999999999999,167.13449999999997,175.70549999999997,2026-07-24 15:59:00,172.98,WEEK_END_CLOSE,7.800000000000011,0.9100455022751142
SLB,2026-07-23 00:00:00,2026-07-24 00:00:00,0.1152795292139554,9.0,2026-07-24 10:02:00,51.23,63.119874605362746,58.070705162429284,19,973.3699999999999,49.94925,52.510749999999994,2026-07-24 14:30:00,52.510749999999994,TAKE_PROFIT,24.334249999999955,2.499999999999991
MRK,2026-07-23 00:00:00,2026-07-24 00:00:00,0.0449191601433901,3.0,2026-07-24 10:14:00,130.81,55.9646985817264,52.45114944592808,7,915.6700000000001,127.53975,134.08024999999998,2026-07-24 15:59:00,131.09,WEEK_END_CLOSE,1.960000000000008,0.2140509135387214
EMR,2026-07-23 00:00:00,2026-07-24 00:00:00,0.048780487804878,4.0,2026-07-24 10:20:00,147.63,61.66025108442917,59.35018296065226,6,885.78,143.93925,151.32074999999998,2026-07-24 15:59:00,147.94,WEEK_END_CLOSE,1.8600000000000136,0.20998442051074484
SLB,2026-07-23 00:00:00,2026-07-24 00:00:00,0.1152795292139554,9.0,2026-07-24 15:00:00,52.28,53.9514393115953,53.66972172462338,19,993.32,50.973,53.586999999999996,2026-07-24 15:59:00,52.45,WEEK_END_CLOSE,3.2300000000000324,0.3251721499617499
ICE,2026-07-24 00:00:00,2026-07-27 00:00:00,0.0688073394495412,4.0,2026-07-27 09:46:00,146.7,62.30952150880828,62.25684155779152,6,880.1999999999999,143.0325,150.36749999999998,2026-07-28 09:35:00,150.42,TAKE_PROFIT_GAP,22.319999999999993,2.5357873210633874
EOG,2026-07-24 00:00:00,2026-07-27 00:00:00,0.1241379310344827,7.0,2026-07-27 09:53:00,144.043,43.059405052905376,42.243040731736414,6,864.258,140.441925,147.644075,2026-07-27 15:47:00,140.441925,STOP_LOSS,-21.606450000000052,-2.500000000000002
DIS,2026-07-24 00:00:00,2026-07-27 00:00:00,0.1212705590282395,6.0,2026-07-27 09:58:00,96.4001,53.41709679615263,52.75175145931945,10,964.001,93.99009749999999,98.81010249999999,2026-07-28 10:19:00,98.81010249999999,TAKE_PROFIT,24.100024999999903,2.499999999999991
MDLZ,2026-07-24 00:00:00,2026-07-27 00:00:00,0.0857142857142857,5.0,2026-07-27 10:01:00,60.33,48.339413241982264,46.35751787167848,16,965.28,58.821749999999994,61.838249999999995,2026-07-28 09:30:00,62.04,TAKE_PROFIT_GAP,27.360000000000014,2.8344107409249197
MRK,2026-07-24 00:00:00,2026-07-27 00:00:00,0.0527481377088786,2.0,2026-07-27 10:01:00,131.775,51.15058407549937,49.48105907939892,7,922.4250000000001,128.480625,135.069375,2026-07-30 09:30:00,128.195,STOP_LOSS_GAP,-25.060000000000088,-2.716752039461212
CI,2026-07-24 00:00:00,2026-07-27 00:00:00,0.0666666666666666,3.0,2026-07-27 10:02:00,288.515,48.91080517521526,48.62939833799619,3,865.545,281.302125,295.727875,2026-07-28 09:38:00,295.727875,TAKE_PROFIT,21.63862499999999,2.499999999999991
ORCL,2026-07-24 00:00:00,2026-07-27 00:00:00,0.1371004722331721,9.0,2026-07-27 10:07:00,121.1,57.68465300721331,57.61403831593198,8,968.8,118.07249999999999,124.12749999999998,2026-07-28 09:30:00,118.07249999999999,STOP_LOSS,-24.220000000000027,-2.500000000000002
META,2026-07-24 00:00:00,2026-07-27 00:00:00,0.1375263174433585,10.0,2026-07-27 10:21:00,608.125,54.26253710843022,52.28250061452397,1,608.125,592.921875,623.328125,2026-07-28 09:47:00,592.921875,STOP_LOSS,-15.203125,-2.500000000000002
SNPS,2026-07-24 00:00:00,2026-07-27 00:00:00,0.1263586956521739,8.0,2026-07-27 10:46:00,392.73,63.04366932992656,59.585574636511424,2,785.46,382.91175,402.54825,2026-07-28 14:32:00,382.91175,STOP_LOSS,-19.63650000000007,-2.5000000000000133
JNJ,2026-07-24 00:00:00,2026-07-27 00:00:00,0.0361734435633541,1.0,2026-07-27 11:44:00,267.87,55.46563424987137,54.08937698143259,3,803.61,261.17325,274.56674999999996,2026-07-28 09:42:00,274.56674999999996,TAKE_PROFIT,20.090249999999855,2.499999999999991
CSX,2026-07-27 00:00:00,2026-07-28 00:00:00,0.0106326422115895,1.0,2026-07-28 09:51:00,52.18,66.46949043745059,56.56920258709822,19,991.42,50.875499999999995,53.4845,2026-07-28 15:55:00,50.875499999999995,STOP_LOSS,-24.785500000000084,-2.5000000000000133
UNP,2026-07-27 00:00:00,2026-07-28 00:00:00,0.0218563370935633,2.0,2026-07-28 09:51:00,300.15,59.09219643304341,56.08244570907358,3,900.4499999999999,292.64624999999995,307.65374999999995,2026-07-29 09:44:00,292.64624999999995,STOP_LOSS,-22.511250000000075,-2.5000000000000133
VRTX,2026-07-27 00:00:00,2026-07-28 00:00:00,0.1854545454545454,10.0,2026-07-28 10:01:00,484.684,54.33650427851929,54.02652904215222,2,969.368,472.56690000000003,496.80109999999996,2026-07-30 10:19:00,472.56690000000003,STOP_LOSS,-24.234199999999987,-2.500000000000002
GILD,2026-07-27 00:00:00,2026-07-28 00:00:00,0.148064637354378,7.0,2026-07-28 10:03:00,134.26,57.33827835678545,55.415211025011445,7,939.8199999999999,130.90349999999998,137.61649999999997,2026-07-30 09:30:00,130.02,STOP_LOSS_GAP,-29.679999999999865,-3.158051541784579
MDLZ,2026-07-27 00:00:00,2026-07-28 00:00:00,0.0539067231980617,3.0,2026-07-28 10:03:00,62.97,67.16055060184371,64.85666129082945,15,944.55,61.39575,64.54424999999999,2026-07-29 09:30:00,64.54424999999999,TAKE_PROFIT,23.613749999999882,2.499999999999991
CMCSA,2026-07-27 00:00:00,2026-07-28 00:00:00,0.1143057503506311,5.0,2026-07-28 10:06:00,23.62,54.880399443950466,54.380645807073115,42,992.0400000000001,23.0295,24.2105,2026-07-28 12:31:00,24.2105,TAKE_PROFIT,24.800999999999945,2.499999999999991
CRH,2026-07-27 00:00:00,2026-07-28 00:00:00,0.075187969924812,4.0,2026-07-28 10:11:00,103.8,66.84757936230992,64.27621279719723,9,934.1999999999999,101.205,106.39499999999998,2026-07-29 10:42:00,101.205,STOP_LOSS,-23.35499999999999,-2.500000000000002
JNJ,2026-07-27 00:00:00,2026-07-28 00:00:00,0.1626240352811466,9.0,2026-07-28 10:15:00,273.06,57.46114128366447,56.590719083632884,3,819.1800000000001,266.2335,279.88649999999996,2026-07-28 15:54:00,266.2335,STOP_LOSS,-20.47950000000003,-2.500000000000002
AFL,2026-07-27 00:00:00,2026-07-28 00:00:00,0.1605839416058394,8.0,2026-07-28 10:59:00,129.23,61.80167696058973,57.18992541728502,7,904.6099999999999,125.99924999999999,132.46075,2026-07-31 15:59:00,127.49,WEEK_END_CLOSE,-12.179999999999964,-1.3464365859320537
COP,2026-07-27 00:00:00,2026-07-28 00:00:00,0.143752303722816,6.0,2026-07-28 11:08:00,116.17,48.91097970968884,45.48810854147691,8,929.36,113.26575,119.07424999999999,2026-07-28 12:27:00,113.26575,STOP_LOSS,-23.234000000000037,-2.500000000000002
COP,2026-07-27 00:00:00,2026-07-28 00:00:00,0.143752303722816,6.0,2026-07-28 12:28:00,113.27,33.877264234660345,33.15525214306755,8,906.16,110.43825,116.10174999999998,2026-07-29 09:30:00,117.95,TAKE_PROFIT_GAP,37.440000000000055,4.131720667431815
CMCSA,2026-07-27 00:00:00,2026-07-28 00:00:00,0.1143057503506311,5.0,2026-07-28 12:38:00,24.2,60.200338435409115,59.55874272458168,41,992.1999999999999,23.595,24.804999999999996,2026-07-29 14:00:00,24.804999999999996,TAKE_PROFIT,24.804999999999872,2.499999999999991
CME,2026-07-28 00:00:00,2026-07-29 00:00:00,0.0872971460548405,6.0,2026-07-29 09:45:00,261.355,56.739949061713546,55.72309258846344,3,784.065,254.82112500000002,267.888875,2026-07-31 09:53:00,267.888875,TAKE_PROFIT,19.6016249999999,2.499999999999991
UNP,2026-07-28 00:00:00,2026-07-29 00:00:00,0.0390401828223195,3.0,2026-07-29 09:47:00,292.93,37.209437084858635,34.2696964123068,3,878.79,285.60675,300.25325,2026-07-30 11:15:00,285.60675,STOP_LOSS,-21.96975000000009,-2.5000000000000133
HON,2026-07-28 00:00:00,2026-07-29 00:00:00,0.1330049261083744,9.0,2026-07-29 09:51:00,244.67,42.72352002216971,41.4035510831873,4,978.68,238.55325,250.78674999999996,2026-07-30 09:37:00,238.55325,STOP_LOSS,-24.466999999999985,-2.500000000000002
CSX,2026-07-28 00:00:00,2026-07-29 00:00:00,0.003784713688867,1.0,2026-07-29 09:52:00,50.605,42.088403117716766,37.343203662667136,19,961.4949999999999,49.339875,51.870124999999994,2026-07-31 15:59:00,50.38,WEEK_END_CLOSE,-4.274999999999892,-0.4446200968283631
NEM,2026-07-28 00:00:00,2026-07-29 00:00:00,0.1581180100269957,10.0,2026-07-29 09:59:00,90.25,41.76459324784561,38.8831735398997,11,992.75,87.99374999999999,92.50625,2026-07-29 14:00:00,92.50625,TAKE_PROFIT,24.818749999999937,2.499999999999991
KMI,2026-07-28 00:00:00,2026-07-29 00:00:00,0.0134883720930232,2.0,2026-07-29 10:01:00,32.115,52.502497599545386,52.10836829660182,31,995.565,31.312125,32.917875,2026-07-30 10:39:00,31.31,STOP_LOSS_GAP,-24.9550000000001,-2.5066168457107407
MDT,2026-07-28 00:00:00,2026-07-29 00:00:00,0.0596217105263157,5.0,2026-07-29 10:03:00,87.6,54.74795232541353,54.62780467752403,11,963.5999999999999,85.41,89.78999999999999,2026-07-30 10:34:00,85.41,STOP_LOSS,-24.089999999999975,-2.500000000000002
SO,2026-07-28 00:00:00,2026-07-29 00:00:00,0.1245487364620938,8.0,2026-07-29 10:06:00,97.28,47.21051799225981,44.38830477886873,10,972.8,94.848,99.71199999999999,2026-07-30 09:59:00,94.848,STOP_LOSS,-24.32000000000002,-2.500000000000002
CMCSA,2026-07-28 00:00:00,2026-07-29 00:00:00,0.1019375109094082,7.0,2026-07-29 14:13:00,24.7501,58.1631735258332,57.11229015361285,40,990.004,24.1313475,25.3688525,2026-07-30 09:30:00,23.85,STOP_LOSS_GAP,-36.003999999999934,-3.636752982816227
NEM,2026-07-28 00:00:00,2026-07-29 00:00:00,0.1581180100269957,10.0,2026-07-29 14:30:00,91.5798,59.24533372558611,57.685070025612696,10,915.798,89.290305,93.869295,2026-07-30 09:48:00,93.869295,TAKE_PROFIT,22.89494999999988,2.499999999999991
LOW,2026-07-29 00:00:00,2026-07-30 00:00:00,0.0101087898334456,1.0,2026-07-30 09:45:00,212.845,39.53370778841537,32.7821752145374,4,851.38,207.523875,218.166125,2026-07-31 09:31:00,207.1,STOP_LOSS_GAP,-22.980000000000018,-2.6991472667903915
TGT,2026-07-29 00:00:00,2026-07-30 00:00:00,0.0507761642463695,4.0,2026-07-30 09:57:00,143.81,36.47731729100513,33.36636460691058,6,862.86,140.21475,147.40525,2026-07-31 15:59:00,144.49,WEEK_END_CLOSE,4.080000000000041,0.4728461164035913
WMB,2026-07-29 00:00:00,2026-07-30 00:00:00,0.1325301204819277,10.0,2026-07-30 09:57:00,70.74,54.95510312933379,54.65255992699633,14,990.3599999999999,68.97149999999999,72.50849999999998,2026-07-31 15:59:00,71.56,WEEK_END_CLOSE,11.480000000000103,1.1591744416171945
CL,2026-07-29 00:00:00,2026-07-30 00:00:00,0.0944625407166123,7.0,2026-07-30 10:04:00,91.72,47.206569242713144,44.250713347598115,10,917.2,89.42699999999999,94.01299999999999,2026-07-31 15:59:00,91.3,WEEK_END_CLOSE,-4.200000000000017,-0.4579153946794645
WBD,2026-07-29 00:00:00,2026-07-30 00:00:00,0.0348066298342541,2.0,2026-07-30 10:04:00,25.56,46.045535221373854,41.87381559079034,39,996.8399999999999,24.921,26.198999999999998,2026-07-31 13:00:00,26.198999999999998,TAKE_PROFIT,24.920999999999975,2.499999999999991
JNJ,2026-07-29 00:00:00,2026-07-30 00:00:00,0.0425920292059628,3.0,2026-07-30 10:06:00,256.415,40.824879676186505,34.87009666559792,3,769.2450000000001,250.004625,262.825375,2026-07-31 15:59:00,256.42,WEEK_END_CLOSE,0.014999999999986358,0.0019499639256626011
ANET,2026-07-29 00:00:00,2026-07-30 00:00:00,0.1237190236631265,9.0,2026-07-30 10:20:00,169.595,57.034121697661654,56.431532055382064,5,847.975,165.355125,173.83487499999998,2026-07-31 09:30:00,177.6,TAKE_PROFIT_GAP,40.02499999999998,4.72006839824286
MDT,2026-07-29 00:00:00,2026-07-30 00:00:00,0.0828912466843501,6.0,2026-07-30 10:35:00,85.5501,40.589009341946756,40.37871372685922,11,941.0511,83.4113475,87.6888525,2026-07-31 15:59:00,85.4,WEEK_END_CLOSE,-1.6510999999999427,-0.1754527464023936
HWM,2026-07-29 00:00:00,2026-07-30 00:00:00,0.1162790697674418,8.0,2026-07-30 10:40:00,277.44,55.463354587981605,55.172377541854075,3,832.3199999999999,270.504,284.376,2026-07-31 13:46:00,284.376,TAKE_PROFIT,20.807999999999936,2.499999999999991
REGN,2026-07-30 00:00:00,2026-07-31 00:00:00,0.1090342679127725,3.0,2026-07-31 09:45:00,740.84,58.53308013309081,57.78077574147911,1,740.84,722.319,759.361,2026-07-31 15:16:00,759.361,TAKE_PROFIT,18.520999999999958,2.499999999999991
SO,2026-07-30 00:00:00,2026-07-31 00:00:00,0.1192307692307692,5.0,2026-07-31 09:45:00,93.76,44.96550614302202,44.218209760816656,10,937.6,91.416,96.104,2026-07-31 15:59:00,94.59,WEEK_END_CLOSE,8.299999999999983,0.8852389078498168
MRK,2026-07-30 00:00:00,2026-07-31 00:00:00,0.1436265709156194,8.0,2026-07-31 09:46:00,129.48,52.09588125875551,49.221119985960804,7,906.3599999999999,126.24299999999998,132.71699999999998,2026-07-31 15:59:00,130.22,WEEK_END_CLOSE,5.180000000000064,0.5715168365770795
DASH,2026-07-30 00:00:00,2026-07-31 00:00:00,0.04881945677259,1.0,2026-07-31 09:48:00,197.46,60.8011967686031,59.68867280506207,5,987.3000000000001,192.5235,202.3965,2026-07-31 15:59:00,196.15,WEEK_END_CLOSE,-6.550000000000011,-0.6634255038995285
JPM,2026-07-30 00:00:00,2026-07-31 00:00:00,0.234679600783509,10.0,2026-07-31 09:51:00,351.12,49.89706861255596,49.195762577908056,2,702.24,342.342,359.89799999999997,2026-07-31 15:59:00,351.78,WEEK_END_CLOSE,1.3199999999999363,0.1879699248120259
NEE,2026-07-30 00:00:00,2026-07-31 00:00:00,0.1018010963194988,2.0,2026-07-31 10:08:00,87.3,49.719947291495174,45.49088613752722,11,960.3,85.11749999999999,89.48249999999999,2026-07-31 15:59:00,86.92,WEEK_END_CLOSE,-4.17999999999995,-0.43528064146620693
CEG,2026-07-30 00:00:00,2026-07-31 00:00:00,0.204660587639311,9.0,2026-07-31 10:18:00,262.99,45.73803075633681,43.68789122031979,3,788.97,256.41525,269.56475,2026-07-31 15:59:00,262.76,WEEK_END_CLOSE,-0.6900000000000546,-0.08745579679836357
MS,2026-07-30 00:00:00,2026-07-31 00:00:00,0.1217078254279037,6.0,2026-07-31 10:18:00,210.05,53.70913333477361,46.61298884000473,4,840.2,204.79875,215.30124999999998,2026-07-31 15:59:00,210.51,WEEK_END_CLOSE,1.8399999999999181,0.21899547726731416
DLR,2026-07-30 00:00:00,2026-07-31 00:00:00,0.1304347826086956,7.0,2026-07-31 10:19:00,191.435,48.74376459470161,44.80680750820166,5,957.175,186.649125,196.22087499999998,2026-07-31 15:59:00,188.52,WEEK_END_CLOSE,-14.57499999999996,-1.5227100582443032
CMCSA,2026-07-30 00:00:00,2026-07-31 00:00:00,0.1134751773049645,4.0,2026-07-31 10:21:00,23.69,52.820035107330064,48.84003140509963,42,994.98,23.09775,24.282249999999998,2026-07-31 15:59:00,23.96,WEEK_END_CLOSE,11.339999999999982,1.139721401435212
MCD,2026-07-31 00:00:00,2026-08-03 00:00:00,0.0518414561537807,2.0,2026-08-03 09:45:00,273.76,55.882874100878716,55.2440607522364,3,821.28,266.916,280.604,2026-08-03 15:12:00,266.916,STOP_LOSS,-20.531999999999982,-2.500000000000002
PGR,2026-07-31 00:00:00,2026-08-03 00:00:00,0.1,5.0,2026-08-03 09:45:00,212.35,48.23212024112339,46.92475212461945,4,849.4,207.04125,217.65874999999997,2026-08-04 09:30:00,207.04125,STOP_LOSS,-21.235000000000014,-2.500000000000002
GILD,2026-07-31 00:00:00,2026-08-03 00:00:00,0.1278195488721804,7.0,2026-08-03 09:46:00,130.8999,54.122012559124805,50.22238042350592,7,916.2993,127.6274025,134.1723975,2026-08-04 15:31:00,134.1723975,TAKE_PROFIT,22.9074824999999,2.499999999999991
USB,2026-07-31 00:00:00,2026-08-03 00:00:00,0.1282952548330404,8.0,2026-08-03 09:46:00,63.545,64.09223041805956,59.705415775973805,15,953.1750000000001,61.956375,65.133625,2026-08-06 15:59:00,63.835,WEEK_END_CLOSE,4.349999999999987,0.4563695019277558
PSX,2026-07-31 00:00:00,2026-08-03 00:00:00,0.0614406779661017,3.0,2026-08-03 09:51:00,207.67,42.622021607364395,42.19459033631802,4,830.68,202.47824999999997,212.86174999999997,2026-08-04 09:30:00,202.43,STOP_LOSS_GAP,-20.959999999999923,-2.5232339769827083
MS,2026-07-31 00:00:00,2026-08-03 00:00:00,0.1402010050251256,10.0,2026-08-03 09:58:00,209.335,52.21525770591423,51.860255406845596,4,837.34,204.101625,214.568375,2026-08-04 09:31:00,214.568375,TAKE_PROFIT,20.93349999999998,2.499999999999991
UPS,2026-07-31 00:00:00,2026-08-03 00:00:00,0.1259069568928723,6.0,2026-08-03 10:00:00,105.625,54.06967213003719,53.112561418789404,9,950.625,102.984375,108.26562499999999,2026-08-04 11:49:00,108.26562499999999,TAKE_PROFIT,23.765624999999872,2.499999999999991
COF,2026-07-31 00:00:00,2026-08-03 00:00:00,0.0258729490954985,1.0,2026-08-03 10:02:00,216.02,75.89495768171462,72.08853376422095,4,864.08,210.61950000000002,221.4205,2026-08-04 10:45:00,221.4205,TAKE_PROFIT,21.601999999999975,2.499999999999991
REGN,2026-07-31 00:00:00,2026-08-03 00:00:00,0.0714285714285714,4.0,2026-08-03 10:05:00,767.64,57.54404251818557,55.90920403135208,1,767.64,748.449,786.8309999999999,2026-08-04 09:37:00,748.449,STOP_LOSS,-19.19100000000003,-2.500000000000002
DASH,2026-07-31 00:00:00,2026-08-03 00:00:00,0.136724960254372,9.0,2026-08-03 10:29:00,200.76,58.870010203491326,54.61786353343387,4,803.04,195.74099999999999,205.77899999999997,2026-08-05 09:30:00,205.77899999999997,TAKE_PROFIT,20.075999999999908,2.499999999999991
ORLY,2026-08-03 00:00:00,2026-08-04 00:00:00,0.0505438259756877,3.0,2026-08-04 09:49:00,88.925,40.73680272275427,38.87456603748889,11,978.175,86.701875,91.148125,2026-08-04 12:44:00,91.148125,TAKE_PROFIT,24.454374999999956,2.499999999999991
PCAR,2026-08-03 00:00:00,2026-08-04 00:00:00,0.12,10.0,2026-08-04 09:50:00,130.8972,47.2745773909696,44.69438385403908,7,916.2804,127.62477,134.16962999999998,2026-08-04 11:48:00,134.16962999999998,TAKE_PROFIT,22.9070099999999,2.499999999999991
WELL,2026-08-03 00:00:00,2026-08-04 00:00:00,0.0735930735930736,5.0,2026-08-04 09:51:00,228.37,41.125401873171285,39.867115677690094,4,913.48,222.66075,234.07924999999997,2026-08-05 09:48:00,234.07924999999997,TAKE_PROFIT,22.836999999999875,2.499999999999991
TRV,2026-08-03 00:00:00,2026-08-04 00:00:00,0.0124495289367429,1.0,2026-08-04 09:52:00,372.835,51.67915724408167,49.958427611119184,2,745.67,363.514125,382.1558749999999,2026-08-05 09:55:00,382.1558749999999,TAKE_PROFIT,18.641749999999888,2.499999999999991
ABT,2026-08-03 00:00:00,2026-08-04 00:00:00,0.096058003102152,7.0,2026-08-04 09:55:00,105.37,41.427547517731874,41.25122114754439,9,948.33,102.73575,108.00425,2026-08-06 15:59:00,107.955,WEEK_END_CLOSE,23.264999999999944,2.4532599411597245
AJG,2026-08-03 00:00:00,2026-08-04 00:00:00,0.0456852791878172,2.0,2026-08-04 09:55:00,242.58,42.425023149100504,37.22889897613076,4,970.32,236.5155,248.6445,2026-08-04 15:57:00,248.6445,TAKE_PROFIT,24.257999999999925,2.499999999999991
MRSH,2026-08-03 00:00:00,2026-08-04 00:00:00,0.1142857142857142,9.0,2026-08-04 09:56:00,190.42,47.49027403899291,44.80234035087146,5,952.0999999999999,185.65949999999998,195.18049999999997,2026-08-06 15:59:00,193.22,WEEK_END_CLOSE,14.000000000000057,1.4704337779644971
AON,2026-08-03 00:00:00,2026-08-04 00:00:00,0.0745762711864406,6.0,2026-08-04 10:00:00,352.615,46.96477689742573,43.45037083106077,2,705.23,343.799625,361.43037499999997,2026-08-06 09:30:00,362.95,TAKE_PROFIT_GAP,20.66999999999996,2.9309586943266686
KLAC,2026-08-03 00:00:00,2026-08-04 00:00:00,0.1024227083709998,8.0,2026-08-04 10:48:00,191.38,58.27780605959047,57.7294410416871,5,956.9,186.5955,196.16449999999998,2026-08-04 15:01:00,196.16449999999998,TAKE_PROFIT,23.9224999999999,2.499999999999991
PCAR,2026-08-03 00:00:00,2026-08-04 00:00:00,0.12,10.0,2026-08-04 11:59:00,134.29,72.36629599451958,70.100283481885,7,940.03,130.93275,137.64724999999999,2026-08-06 15:59:00,132.09,WEEK_END_CLOSE,-15.39999999999992,-1.6382455879067614
ORLY,2026-08-03 00:00:00,2026-08-04 00:00:00,0.0505438259756877,3.0,2026-08-04 13:03:00,91.18,68.21485590555307,67.25754873869538,10,911.8000000000001,88.90050000000001,93.4595,2026-08-05 09:59:00,93.4595,TAKE_PROFIT,22.794999999999987,2.499999999999991
APD,2026-08-04 00:00:00,2026-08-05 00:00:00,0.1685393258426966,6.0,2026-08-05 09:47:00,295.335,53.51237501277261,47.71318345826785,3,886.0049999999999,287.951625,302.718375,2026-08-06 15:59:00,299.94,WEEK_END_CLOSE,13.815000000000055,1.5592462796485407
AEP,2026-08-04 00:00:00,2026-08-05 00:00:00,0.1317829457364341,3.0,2026-08-05 09:52:00,127.0,46.79481712862031,42.62238931361701,7,889.0,123.825,130.17499999999998,2026-08-06 15:59:00,125.24,WEEK_END_CLOSE,-12.320000000000036,-1.3858267716535422
CRH,2026-08-04 00:00:00,2026-08-05 00:00:00,0.1569549449873993,5.0,2026-08-05 09:52:00,99.98,59.89291250095385,56.21130436014782,10,999.8000000000001,97.4805,102.4795,2026-08-06 11:56:00,97.4805,STOP_LOSS,-24.994999999999976,-2.500000000000002
WM,2026-08-04 00:00:00,2026-08-05 00:00:00,0.2149122807017544,9.0,2026-08-05 09:52:00,223.93,48.77495501498637,46.96925012791282,4,895.72,218.33175,229.52824999999999,2026-08-06 15:59:00,229.05,WEEK_END_CLOSE,20.480000000000018,2.286428794712636
DLR,2026-08-04 00:00:00,2026-08-05 00:00:00,0.1378258105530833,4.0,2026-08-05 10:00:00,193.19,50.07806558381804,47.81715005451546,5,965.95,188.36024999999998,198.01975,2026-08-06 15:59:00,192.55,WEEK_END_CLOSE,-3.199999999999932,-0.33128008696101663
ELV,2026-08-04 00:00:00,2026-08-05 00:00:00,0.2448979591836734,10.0,2026-08-05 10:03:00,383.62,56.913494070258075,56.803692502171806,2,767.24,374.0295,393.21049999999997,2026-08-06 15:59:00,391.41,WEEK_END_CLOSE,15.580000000000041,2.0306553360095903
ECL,2026-08-04 00:00:00,2026-08-05 00:00:00,0.1791044776119403,7.0,2026-08-05 10:06:00,285.32,61.14415380648138,60.93303116249721,3,855.96,278.187,292.453,2026-08-06 15:59:00,283.67,WEEK_END_CLOSE,-4.949999999999932,-0.5782980513107994
ORLY,2026-08-04 00:00:00,2026-08-05 00:00:00,0.0955665024630541,2.0,2026-08-05 11:34:00,93.0,56.74133251967753,39.01208678014178,10,930.0,90.675,95.32499999999999,2026-08-06 15:59:00,93.381,WEEK_END_CLOSE,3.8100000000000023,0.409677419354848
TEL,2026-08-05 00:00:00,2026-08-06 00:00:00,0.1657907310081223,9.0,2026-08-06 09:48:00,217.05,49.14074494859223,47.429141328149065,4,868.2,211.62375,222.47625,2026-08-06 15:59:00,215.08,WEEK_END_CLOSE,-7.8799999999999955,-0.9076249712047901
LIN,2026-08-05 00:00:00,2026-08-06 00:00:00,0.1852589641434263,10.0,2026-08-06 09:49:00,495.635,54.5075705581027,52.13402173768457,2,991.27,483.244125,508.0258749999999,2026-08-06 15:59:00,490.2,WEEK_END_CLOSE,-10.870000000000005,-1.096573083014718
PLD,2026-08-05 00:00:00,2026-08-06 00:00:00,0.0771604938271604,6.0,2026-08-06 09:49:00,140.68,51.22166301454654,48.579849468147,7,984.76,137.163,144.197,2026-08-06 15:59:00,139.14,WEEK_END_CLOSE,-10.780000000000143,-1.0946829684390202
JCI,2026-08-05 00:00:00,2026-08-06 00:00:00,0.0238772029562251,1.0,2026-08-06 09:57:00,154.335,52.28349503639273,49.386735494300716,6,926.01,150.476625,158.193375,2026-08-06 15:59:00,154.55,WEEK_END_CLOSE,1.2900000000000205,0.13930735089253687
DUK,2026-08-05 00:00:00,2026-08-06 00:00:00,0.0959488272921108,7.0,2026-08-06 10:02:00,123.595,50.71824126350235,49.928195483677634,8,988.76,120.50512499999999,126.68487499999999,2026-08-06 15:59:00,123.88,WEEK_END_CLOSE,2.2799999999999727,0.2305918524212025
CB,2026-08-05 00:00:00,2026-08-06 00:00:00,0.0603448275862069,3.0,2026-08-06 10:03:00,353.68,60.444663974871425,60.049399410810075,2,707.36,344.838,362.522,2026-08-06 15:59:00,354.09,WEEK_END_CLOSE,0.8199999999999363,0.11592399909521323
NSC,2026-08-05 00:00:00,2026-08-06 00:00:00,0.0476190476190476,2.0,2026-08-06 10:04:00,341.97,58.026723460067075,56.966701229275095,2,683.94,333.42075,350.51925,2026-08-06 15:59:00,342.44,WEEK_END_CLOSE,0.9399999999999409,0.1374389566336065
AJG,2026-08-05 00:00:00,2026-08-06 00:00:00,0.0714285714285714,5.0,2026-08-06 10:38:00,249.26,57.991952630364075,47.207187170221054,4,997.04,243.02849999999998,255.49149999999997,2026-08-06 15:59:00,251.77,WEEK_END_CLOSE,10.040000000000077,1.0069806627617917
