symbol,pcr_date,trade_date,pcr_value,pcr_rank,entry_timestamp,entry_price,rsi14,rsi14_mean100,quantity,capital_used,stop_loss_price,take_profit_price,exit_timestamp,exit_price,exit_reason,gross_pnl,pnl_pct
CVS,2025-08-05 00:00:00,2025-08-06 00:00:00,0.1005330781848004,9.0,2025-08-06 09:45:00,63.11,50.207614860717946,45.73601469732973,15,946.65,61.53225,64.68775,2025-08-08 10:34:00,64.68775,TAKE_PROFIT,23.66624999999992,2.499999999999991
USB,2025-08-05 00:00:00,2025-08-06 00:00:00,0.038619556285949,4.0,2025-08-06 09:46:00,44.6421,52.44385614491096,52.02224570650526,22,982.1261999999999,43.5260475,45.758152499999994,2025-08-08 15:59:00,44.86,WEEK_END_CLOSE,4.7938000000000045,0.48810427824856895
IBM,2025-08-05 00:00:00,2025-08-06 00:00:00,0.1171802054154995,10.0,2025-08-06 09:48:00,250.445,54.17112852947114,52.01704190847857,3,751.335,244.183875,256.706125,2025-08-08 11:56:00,244.183875,STOP_LOSS,-18.783374999999978,-2.500000000000002
LIN,2025-08-05 00:00:00,2025-08-06 00:00:00,0.0484429065743944,5.0,2025-08-06 09:49:00,470.36,56.79211971260369,53.21105622633141,2,940.72,458.601,482.11899999999997,2025-08-08 15:59:00,472.42,WEEK_END_CLOSE,4.1200000000000045,0.43796241176969897
FDX,2025-08-05 00:00:00,2025-08-06 00:00:00,0.0046893317702227,1.0,2025-08-06 09:52:00,222.92,58.20388779388993,57.306734082442134,4,891.68,217.34699999999998,228.49299999999997,2025-08-07 09:30:00,228.75,TAKE_PROFIT_GAP,23.32000000000005,2.615287995693527
ISRG,2025-08-05 00:00:00,2025-08-06 00:00:00,0.0792540792540792,7.0,2025-08-06 10:00:00,478.67,50.792522893584874,45.998320050454765,2,957.34,466.70325,490.63674999999995,2025-08-07 11:27:00,466.63,STOP_LOSS_GAP,-24.08000000000004,-2.5153028182255066
RSG,2025-08-05 00:00:00,2025-08-06 00:00:00,0.0833333333333333,8.0,2025-08-06 10:17:00,232.615,48.57793528807152,46.141395036960425,4,930.46,226.799625,238.430375,2025-08-08 15:59:00,235.35,WEEK_END_CLOSE,10.93999999999994,1.1757625260623739
AON,2025-08-05 00:00:00,2025-08-06 00:00:00,0.0357142857142857,3.0,2025-08-06 10:20:00,359.215,44.097292848106164,43.486378589789794,2,718.43,350.234625,368.19537499999996,2025-08-08 15:59:00,366.37,WEEK_END_CLOSE,14.31000000000006,1.9918433250281975
SNDK,2025-08-05 00:00:00,2025-08-06 00:00:00,0.0666666666666666,6.0,2025-08-06 10:30:00,42.16,59.472850541988066,53.71717289176993,23,969.68,41.105999999999995,43.21399999999999,2025-08-07 11:06:00,41.105999999999995,STOP_LOSS,-24.242000000000047,-2.500000000000002
CMCSA,2025-08-05 00:00:00,2025-08-06 00:00:00,0.0082417582417582,2.0,2025-08-06 10:34:00,32.453,47.44739554928206,46.34510048356417,30,973.5900000000001,31.641675000000003,33.264325,2025-08-07 15:52:00,31.641675000000003,STOP_LOSS,-24.339750000000002,-2.500000000000002
BX,2025-08-06 00:00:00,2025-08-07 00:00:00,0.0429487179487179,9.0,2025-08-07 09:49:00,170.13,49.186024044865036,48.02147874412731,5,850.65,165.87675,174.38324999999998,2025-08-08 15:59:00,168.97,WEEK_END_CLOSE,-5.799999999999983,-0.6818315405866082
KKR,2025-08-06 00:00:00,2025-08-07 00:00:00,0.0131578947368421,2.0,2025-08-07 09:49:00,145.35,50.69205225259806,49.40741568291859,6,872.0999999999999,141.71625,148.98375,2025-08-07 12:01:00,141.71625,STOP_LOSS,-21.802499999999952,-2.499999999999991
FDX,2025-08-06 00:00:00,2025-08-07 00:00:00,0.0134907251264755,3.0,2025-08-07 09:57:00,228.35,54.16803902989522,52.3833621720538,4,913.4,222.64124999999999,234.05874999999997,2025-08-08 09:46:00,222.64124999999999,STOP_LOSS,-22.835000000000036,-2.500000000000002
DLR,2025-08-06 00:00:00,2025-08-07 00:00:00,0.0138888888888888,4.0,2025-08-07 09:59:00,170.16,52.46661467226839,48.995007597011465,5,850.8,165.906,174.414,2025-08-08 15:59:00,169.96,WEEK_END_CLOSE,-0.9999999999999432,-0.11753643629524024
KMI,2025-08-06 00:00:00,2025-08-07 00:00:00,0.0408010012515644,7.0,2025-08-07 10:02:00,27.095,57.95099485085113,55.545006167757435,36,975.42,26.417624999999997,27.772374999999997,2025-08-08 15:59:00,26.885,WEEK_END_CLOSE,-7.559999999999903,-0.7750507473703538
AJG,2025-08-06 00:00:00,2025-08-07 00:00:00,0.0335820895522388,6.0,2025-08-07 10:28:00,286.31,53.44666762437855,48.968470691110916,3,858.9300000000001,279.15225,293.46774999999997,2025-08-08 10:17:00,293.46774999999997,TAKE_PROFIT,21.473249999999894,2.499999999999991
APD,2025-08-06 00:00:00,2025-08-07 00:00:00,0.0821917808219178,10.0,2025-08-07 10:36:00,290.34,50.173443733634045,48.197378949412894,3,871.02,283.08149999999995,297.59849999999994,2025-08-08 15:59:00,288.46,WEEK_END_CLOSE,-5.639999999999986,-0.6475167045532859
CMI,2025-08-06 00:00:00,2025-08-07 00:00:00,0.0422077922077922,8.0,2025-08-07 10:54:00,380.2699,48.11010460183854,44.938636819447204,2,760.5398,370.7631525,389.77664749999997,2025-08-08 10:07:00,389.77664749999997,TAKE_PROFIT,19.01349499999992,2.499999999999991
SNDK,2025-08-06 00:00:00,2025-08-07 00:00:00,0.0217391304347826,5.0,2025-08-07 11:17:00,41.065,41.9435543226302,41.20088774013655,24,985.56,40.038374999999995,42.09162499999999,2025-08-08 09:45:00,42.09162499999999,TAKE_PROFIT,24.638999999999896,2.499999999999991
KKR,2025-08-06 00:00:00,2025-08-07 00:00:00,0.0131578947368421,2.0,2025-08-07 12:13:00,141.605,44.940149484713416,40.897861506374134,7,991.2349999999999,138.064875,145.14512499999998,2025-08-08 15:59:00,142.67,WEEK_END_CLOSE,7.454999999999984,0.7520920871438186
SPGI,2025-08-07 00:00:00,2025-08-08 00:00:00,0.0178571428571428,3.0,2025-08-08 09:46:00,559.325,54.624559051667624,53.71522490837739,1,559.325,545.3418750000001,573.308125,2025-08-08 15:59:00,556.08,WEEK_END_CLOSE,-3.2450000000000045,-0.5801635900415714
NSC,2025-08-07 00:00:00,2025-08-08 00:00:00,0.0219780219780219,4.0,2025-08-08 09:49:00,281.41,56.6315510052204,54.3865008781573,3,844.23,274.37475,288.44525,2025-08-08 15:59:00,279.93,WEEK_END_CLOSE,-4.440000000000055,-0.5259230304537899
FDX,2025-08-07 00:00:00,2025-08-08 00:00:00,0.0333889816360601,6.0,2025-08-08 09:51:00,223.8626,51.793009242884516,40.29624916027469,4,895.4504,218.266035,229.45916499999996,2025-08-08 15:59:00,227.97,WEEK_END_CLOSE,16.42960000000005,1.834786159010049
MS,2025-08-07 00:00:00,2025-08-08 00:00:00,0.0291746914901205,5.0,2025-08-08 09:59:00,141.64,55.41716563824139,54.20446819834427,7,991.4799999999999,138.099,145.18099999999998,2025-08-08 15:59:00,143.21,WEEK_END_CLOSE,10.990000000000151,1.1084439423891812
JCI,2025-08-07 00:00:00,2025-08-08 00:00:00,0.0050847457627118,2.0,2025-08-08 10:02:00,105.145,60.30495773285708,59.0951476804394,9,946.305,102.516375,107.77362499999998,2025-08-08 15:59:00,105.51,WEEK_END_CLOSE,3.285000000000082,0.347139664273155
SNDK,2025-08-07 00:00:00,2025-08-08 00:00:00,0.0530035335689045,8.0,2025-08-08 10:19:00,43.32,71.03486999520777,68.10043776284307,23,996.36,42.237,44.403,2025-08-08 11:28:00,44.403,TAKE_PROFIT,24.908999999999963,2.499999999999991
CMCSA,2025-08-07 00:00:00,2025-08-08 00:00:00,0.0662824207492795,10.0,2025-08-08 10:24:00,31.89,57.22836193873501,55.48048723978151,31,988.59,31.09275,32.68725,2025-08-08 15:59:00,31.665,WEEK_END_CLOSE,-6.975000000000044,-0.705550329256821
AJG,2025-08-07 00:00:00,2025-08-08 00:00:00,0.0547945205479452,9.0,2025-08-08 10:26:00,293.39,66.88521448522313,65.17743022970322,3,880.17,286.05525,300.72475,2025-08-08 15:59:00,289.44,WEEK_END_CLOSE,-11.849999999999966,-1.3463308224547443
ITW,2025-08-07 00:00:00,2025-08-08 00:00:00,0.0,1.0,2025-08-08 10:30:00,258.475,59.47829420781011,58.91578412541658,3,775.4250000000001,252.013125,264.936875,2025-08-08 15:59:00,256.99,WEEK_END_CLOSE,-4.455000000000041,-0.5745236483218896
STX,2025-08-07 00:00:00,2025-08-08 00:00:00,0.0381516197993751,7.0,2025-08-08 10:54:00,149.69,56.85868788262724,50.66009876245351,6,898.14,145.94774999999998,153.43224999999998,2025-08-08 15:59:00,150.448,WEEK_END_CLOSE,4.548000000000059,0.5063798516935059
SNDK,2025-08-07 00:00:00,2025-08-08 00:00:00,0.0530035335689045,8.0,2025-08-08 11:59:00,44.175,57.33372690419215,55.786848943543426,22,971.8499999999999,43.070625,45.279374999999995,2025-08-08 15:59:00,44.34,WEEK_END_CLOSE,3.6300000000001376,0.37351443123940786
EMR,2025-08-08 00:00:00,2025-08-11 00:00:00,0.0516431924882629,10.0,2025-08-11 09:45:00,132.87,47.53902472445283,46.98882567156373,7,930.09,129.54825,136.19174999999998,2025-08-15 15:59:00,131.71,WEEK_END_CLOSE,-8.119999999999976,-0.8730337924286902
AJG,2025-08-08 00:00:00,2025-08-11 00:00:00,0.0,1.0,2025-08-11 09:47:00,290.53,47.81155050891694,47.02875198395012,3,871.5899999999999,283.26674999999994,297.79324999999994,2025-08-15 15:59:00,292.61,WEEK_END_CLOSE,6.240000000000123,0.7159329501256417
ITW,2025-08-08 00:00:00,2025-08-11 00:00:00,0.0294117647058823,5.0,2025-08-11 09:52:00,257.2,44.45506255760222,42.97294055947831,3,771.5999999999999,250.76999999999998,263.62999999999994,2025-08-13 10:03:00,263.62999999999994,TAKE_PROFIT,19.28999999999985,2.499999999999991
SNDK,2025-08-08 00:00:00,2025-08-11 00:00:00,0.041182682154171,8.0,2025-08-11 09:52:00,45.22,53.55993975352227,50.61153247129289,22,994.8399999999999,44.0895,46.3505,2025-08-11 15:14:00,44.0895,STOP_LOSS,-24.870999999999952,-2.499999999999991
CSX,2025-08-08 00:00:00,2025-08-11 00:00:00,0.0315876974231088,6.0,2025-08-11 09:57:00,35.425,49.194785563741796,48.963672447707744,28,991.8999999999999,34.539375,36.310624999999995,2025-08-14 14:59:00,36.310624999999995,TAKE_PROFIT,24.79749999999993,2.499999999999991
ROST,2025-08-08 00:00:00,2025-08-11 00:00:00,0.0115990057995029,2.0,2025-08-11 09:58:00,146.33,65.99324241046358,54.412289156432884,6,877.98,142.67175,149.98825,2025-08-13 11:12:00,149.98825,TAKE_PROFIT,21.949499999999887,2.499999999999991
FDX,2025-08-08 00:00:00,2025-08-11 00:00:00,0.0476947535771065,9.0,2025-08-11 09:59:00,229.73,54.35803887422057,53.48449668029004,4,918.92,223.98674999999997,235.47324999999998,2025-08-11 10:57:00,223.98674999999997,STOP_LOSS,-22.97300000000007,-2.500000000000002
LIN,2025-08-08 00:00:00,2025-08-11 00:00:00,0.0317460317460317,7.0,2025-08-11 09:59:00,470.58,44.23167602396845,41.921492504111136,2,941.16,458.8155,482.3444999999999,2025-08-15 10:42:00,482.4046,TAKE_PROFIT_GAP,23.649200000000064,2.5127714735007967
SPGI,2025-08-08 00:00:00,2025-08-11 00:00:00,0.0222222222222222,4.0,2025-08-11 10:21:00,558.99,52.59096318605475,49.3006600202494,1,558.99,545.01525,572.96475,2025-08-14 09:30:00,572.96475,TAKE_PROFIT,13.974749999999972,2.499999999999991
FDX,2025-08-08 00:00:00,2025-08-11 00:00:00,0.0476947535771065,9.0,2025-08-11 11:02:00,223.76,34.797832926784295,30.919880775475466,4,895.04,218.166,229.35399999999998,2025-08-12 10:04:00,229.46,TAKE_PROFIT_GAP,22.800000000000068,2.5473721844833763
WDC,2025-08-08 00:00:00,2025-08-11 00:00:00,0.020968239284613,3.0,2025-08-11 11:02:00,75.06,45.39755879627286,39.76531265818351,13,975.78,73.1835,76.9365,2025-08-13 10:04:00,76.9365,TAKE_PROFIT,24.39449999999991,2.499999999999991
NSC,2025-08-11 00:00:00,2025-08-12 00:00:00,0.0168954593453009,4.0,2025-08-12 09:46:00,279.64,57.537254027384016,54.39323479619952,3,838.92,272.649,286.631,2025-08-15 15:59:00,280.75,WEEK_END_CLOSE,3.330000000000041,0.39693892147045773
WMB,2025-08-11 00:00:00,2025-08-12 00:00:00,0.0622327790973871,9.0,2025-08-12 09:48:00,57.85,41.955969056783914,38.440597857910866,17,983.45,56.40375,59.29624999999999,2025-08-15 15:59:00,57.46,WEEK_END_CLOSE,-6.63000000000001,-0.6741573033707926
APD,2025-08-11 00:00:00,2025-08-12 00:00:00,0.0857142857142857,10.0,2025-08-12 09:58:00,285.295,61.96743178724177,61.12208114560122,3,855.885,278.162625,292.427375,2025-08-13 12:47:00,292.427375,TAKE_PROFIT,21.397124999999903,2.499999999999991
DUK,2025-08-11 00:00:00,2025-08-12 00:00:00,0.0213740458015267,5.0,2025-08-12 09:59:00,125.26,53.48016940796609,51.32023134868736,7,876.82,122.1285,128.3915,2025-08-15 09:43:00,122.1285,STOP_LOSS,-21.92050000000002,-2.500000000000002
FDX,2025-08-11 00:00:00,2025-08-12 00:00:00,0.0017167381974248,2.0,2025-08-12 10:26:00,231.77,68.4955831937057,67.74639261170329,4,927.08,225.97575,237.56425,2025-08-13 09:31:00,225.97575,STOP_LOSS,-23.17700000000002,-2.500000000000002
AON,2025-08-11 00:00:00,2025-08-12 00:00:00,0.0002237136465324,1.0,2025-08-12 10:43:00,363.405,45.66399244012254,42.558742993057535,2,726.81,354.31987499999997,372.4901249999999,2025-08-15 15:59:00,367.24,WEEK_END_CLOSE,7.670000000000073,1.0552964323550906
CMCSA,2025-08-11 00:00:00,2025-08-12 00:00:00,0.0428189116859946,8.0,2025-08-12 10:47:00,32.195,65.00634825045498,63.56916599885014,31,998.045,31.390125,32.999874999999996,2025-08-13 14:37:00,32.999874999999996,TAKE_PROFIT,24.951124999999863,2.499999999999991
FDX,2025-08-12 00:00:00,2025-08-13 00:00:00,0.0026833631484794,2.0,2025-08-13 09:45:00,223.51,36.75741174337835,36.31233778733177,4,894.04,217.92225,229.09774999999996,2025-08-13 11:38:00,229.09774999999996,TAKE_PROFIT,22.350999999999885,2.499999999999991
AMT,2025-08-12 00:00:00,2025-08-13 00:00:00,0.0813648293963254,10.0,2025-08-13 09:46:00,204.3025,45.219077165941236,36.87197809004448,4,817.21,199.1949375,209.41006249999998,2025-08-15 15:59:00,206.29,WEEK_END_CLOSE,7.949999999999932,0.9728221632138601
UPS,2025-08-12 00:00:00,2025-08-13 00:00:00,0.0789595375722543,9.0,2025-08-13 09:48:00,87.045,51.27535872228041,51.127621648478666,11,957.495,84.868875,89.221125,2025-08-14 12:00:00,89.221125,TAKE_PROFIT,23.93737499999999,2.499999999999991
TEL,2025-08-12 00:00:00,2025-08-13 00:00:00,0.0,1.0,2025-08-13 09:54:00,205.55,62.90537896805942,59.21918010172206,4,822.2,200.41125,210.68875,2025-08-15 15:59:00,202.71,WEEK_END_CLOSE,-11.360000000000014,-1.381658963755783
HPE,2025-08-12 00:00:00,2025-08-13 00:00:00,0.012930508681332,6.0,2025-08-13 10:05:00,21.565,61.027864846668756,59.11972473181606,46,991.99,21.025875,22.104125,2025-08-15 15:59:00,21.165,WEEK_END_CLOSE,-18.400000000000098,-1.8548574078367852
CRH,2025-08-12 00:00:00,2025-08-13 00:00:00,0.0508806262230919,7.0,2025-08-13 10:18:00,113.18,63.01384348063249,60.76303976536839,8,905.44,110.35050000000001,116.0095,2025-08-15 15:59:00,110.82,WEEK_END_CLOSE,-18.88000000000011,-2.0851740590210444
FDX,2025-08-12 00:00:00,2025-08-13 00:00:00,0.0026833631484794,2.0,2025-08-13 12:07:00,229.17,64.72473519067938,62.39059469340774,4,916.68,223.44074999999998,234.89924999999997,2025-08-15 15:59:00,227.4,WEEK_END_CLOSE,-7.079999999999927,-0.7723524021468697
CMCSA,2025-08-12 00:00:00,2025-08-13 00:00:00,0.0033068783068783,3.0,2025-08-13 14:42:00,32.94,61.15695566400544,55.39747134398874,30,988.1999999999999,32.116499999999995,33.76349999999999,2025-08-15 15:59:00,33.47,WEEK_END_CLOSE,15.900000000000034,1.6089860352155538
MCO,2025-08-13 00:00:00,2025-08-14 00:00:00,0.0056497175141242,4.0,2025-08-14 09:45:00,521.48,56.06374054284689,51.56870719283002,1,521.48,508.443,534.5169999999999,2025-08-15 15:59:00,516.6,WEEK_END_CLOSE,-4.8799999999999955,-0.9357981130628246
SPGI,2025-08-13 00:00:00,2025-08-14 00:00:00,0.008130081300813,6.0,2025-08-14 09:47:00,563.75,52.26140121789569,48.211434483113145,1,563.75,549.65625,577.84375,2025-08-15 15:59:00,556.59,WEEK_END_CLOSE,-7.159999999999968,-1.2700665188470017
ALL,2025-08-13 00:00:00,2025-08-14 00:00:00,0.0,2.0,2025-08-14 09:51:00,208.41,54.13894738846405,46.10500197450331,4,833.64,203.19975,213.62024999999997,2025-08-15 15:59:00,206.83,WEEK_END_CLOSE,-6.319999999999936,-0.7581210114677717
ECL,2025-08-13 00:00:00,2025-08-14 00:00:00,0.0,1.0,2025-08-14 10:33:00,279.7,49.252520182534674,48.60188899329653,3,839.0999999999999,272.7075,286.69249999999994,2025-08-15 15:59:00,280.96,WEEK_END_CLOSE,3.7799999999999727,0.45048265999285686
PH,2025-08-13 00:00:00,2025-08-14 00:00:00,0.0193548387096774,7.0,2025-08-14 10:44:00,752.095,47.273117144327124,46.146875359191085,1,752.095,733.292625,770.897375,2025-08-15 10:04:00,733.292625,STOP_LOSS,-18.802374999999984,-2.500000000000002
ITW,2025-08-14 00:00:00,2025-08-15 00:00:00,0.0111801242236024,7.0,2025-08-15 09:45:00,262.785,52.79690215023629,47.75728304587932,3,788.355,256.215375,269.354625,2025-08-15 15:59:00,258.65,WEEK_END_CLOSE,-12.405000000000143,-1.5735296915729724
HON,2025-08-14 00:00:00,2025-08-15 00:00:00,0.0238748627881448,9.0,2025-08-15 09:51:00,205.2309,53.07161176896173,52.491508926152996,4,820.9236,200.10012749999999,210.36167249999997,2025-08-15 15:59:00,204.1942,WEEK_END_CLOSE,-4.146799999999985,-0.5051383587948988
WELL,2025-08-14 00:00:00,2025-08-15 00:00:00,0.0,1.0,2025-08-15 09:52:00,161.63,49.07864191576214,48.92632254838702,6,969.78,157.58925,165.67074999999997,2025-08-15 15:59:00,162.95,WEEK_END_CLOSE,7.919999999999959,0.8166800717688494
KMI,2025-08-14 00:00:00,2025-08-15 00:00:00,0.0060761024964258,5.0,2025-08-15 10:13:00,26.735,49.68250410670162,47.20065542761832,37,989.1949999999999,26.066625,27.403374999999997,2025-08-15 15:59:00,26.66,WEEK_END_CLOSE,-2.7749999999999737,-0.2805311389564191
CSX,2025-08-14 00:00:00,2025-08-15 00:00:00,0.0186575166202015,8.0,2025-08-15 10:24:00,36.12,49.063065933236324,40.88786105416381,27,975.2399999999999,35.217,37.022999999999996,2025-08-15 15:59:00,36.335,WEEK_END_CLOSE,5.805000000000092,0.5952380952381153
ICE,2025-08-14 00:00:00,2025-08-15 00:00:00,0.0241935483870967,10.0,2025-08-15 10:40:00,181.09,43.585471859834996,39.47764146782057,5,905.45,176.56275,185.61724999999998,2025-08-15 15:59:00,181.21,WEEK_END_CLOSE,0.6000000000000227,0.06626539289855682
APD,2025-08-15 00:00:00,2025-08-18 00:00:00,0.0043763676148796,1.0,2025-08-18 09:45:00,289.09,42.69253673200416,41.42615632497631,3,867.27,281.86274999999995,296.31724999999994,2025-08-22 09:32:00,296.52,TAKE_PROFIT_GAP,22.29000000000002,2.5701338683455033
WMB,2025-08-15 00:00:00,2025-08-18 00:00:00,0.0421686746987951,10.0,2025-08-18 09:51:00,56.73,35.83629689614203,32.6798755317214,17,964.41,55.311749999999996,58.14824999999999,2025-08-22 15:59:00,57.06,WEEK_END_CLOSE,5.610000000000092,0.5817028027498727
SPGI,2025-08-15 00:00:00,2025-08-18 00:00:00,0.0084388185654008,4.0,2025-08-18 09:59:00,554.55,42.45712799485976,34.15632000379252,1,554.55,540.68625,568.4137499999999,2025-08-22 15:59:00,556.35,WEEK_END_CLOSE,1.8000000000000682,0.3245875033811352
USB,2025-08-15 00:00:00,2025-08-18 00:00:00,0.0166538164996144,5.0,2025-08-18 10:00:00,45.865,43.35000192607944,41.97649550059324,21,963.1650000000001,44.718375,47.011624999999995,2025-08-22 10:00:00,47.011624999999995,TAKE_PROFIT,24.079124999999856,2.499999999999991
AON,2025-08-15 00:00:00,2025-08-18 00:00:00,0.0072202166064981,2.0,2025-08-18 10:05:00,366.08,40.14488658221889,40.06658930120798,2,732.16,356.928,375.23199999999997,2025-08-20 09:40:00,375.23199999999997,TAKE_PROFIT,18.303999999999974,2.499999999999991
DUK,2025-08-15 00:00:00,2025-08-18 00:00:00,0.0205882352941176,6.0,2025-08-18 10:16:00,122.33,50.43039553982167,47.79504427147803,8,978.64,119.27175,125.38824999999999,2025-08-20 09:46:00,125.38824999999999,TAKE_PROFIT,24.465999999999894,2.499999999999991
FDX,2025-08-15 00:00:00,2025-08-18 00:00:00,0.0072992700729927,3.0,2025-08-18 10:29:00,226.29,44.84692317851625,43.30082789289913,4,905.16,220.63275,231.94724999999997,2025-08-19 09:49:00,231.94724999999997,TAKE_PROFIT,22.628999999999905,2.499999999999991
ITW,2025-08-15 00:00:00,2025-08-18 00:00:00,0.0274725274725274,7.0,2025-08-18 10:35:00,258.61,54.38389563352881,47.87116771096042,3,775.83,252.14475000000002,265.07525,2025-08-20 09:49:00,265.1925,TAKE_PROFIT_GAP,19.747499999999945,2.5453385406596807
AFL,2025-08-15 00:00:00,2025-08-18 00:00:00,0.0406320541760722,9.0,2025-08-18 10:38:00,105.64,59.93771989285886,53.69941099843402,9,950.76,102.999,108.28099999999999,2025-08-20 09:46:00,108.28099999999999,TAKE_PROFIT,23.76899999999992,2.499999999999991
AJG,2025-08-15 00:00:00,2025-08-18 00:00:00,0.0289855072463768,8.0,2025-08-18 10:42:00,295.1,59.46658427250915,54.030918511950425,3,885.3000000000001,287.7225,302.4775,2025-08-20 09:34:00,302.4775,TAKE_PROFIT,22.132499999999993,2.499999999999991
PH,2025-08-18 00:00:00,2025-08-19 00:00:00,0.0087108013937282,3.0,2025-08-19 09:51:00,740.55,59.84136296001491,58.87707039368736,1,740.55,722.03625,759.0637499999999,2025-08-22 10:57:00,759.0637499999999,TAKE_PROFIT,18.51374999999996,2.499999999999991
ICE,2025-08-18 00:00:00,2025-08-19 00:00:00,0.0304841601912731,7.0,2025-08-19 09:53:00,177.91,50.15095355822366,48.887622713382605,5,889.55,173.46224999999998,182.35774999999998,2025-08-22 15:59:00,180.73,WEEK_END_CLOSE,14.099999999999966,1.5850711033668752
PWR,2025-08-18 00:00:00,2025-08-19 00:00:00,0.0580474934036939,10.0,2025-08-19 09:56:00,381.025,52.088117371546645,48.03888831629808,2,762.05,371.499375,390.55062499999997,2025-08-20 09:53:00,371.499375,STOP_LOSS,-19.051249999999982,-2.500000000000002
MO,2025-08-18 00:00:00,2025-08-19 00:00:00,0.0255621615257829,6.0,2025-08-19 10:00:00,65.9454,53.21016807731112,44.87172945258543,15,989.181,64.29676500000001,67.594035,2025-08-20 09:47:00,67.594035,TAKE_PROFIT,24.72952499999998,2.499999999999991
CMCSA,2025-08-18 00:00:00,2025-08-19 00:00:00,0.0032076205287713,1.0,2025-08-19 10:08:00,33.725,55.0535904782264,54.10956325909376,29,978.0250000000001,32.881875,34.568125,2025-08-22 15:59:00,34.16,WEEK_END_CLOSE,12.61499999999986,1.2898443291326833
BMY,2025-08-18 00:00:00,2025-08-19 00:00:00,0.0520893288822378,8.0,2025-08-19 10:10:00,48.57,55.85842102204418,50.8776113537357,20,971.4,47.35575,49.78424999999999,2025-08-22 15:59:00,47.9,WEEK_END_CLOSE,-13.400000000000034,-1.3794523368334421
FDX,2025-08-18 00:00:00,2025-08-19 00:00:00,0.0120481927710843,4.0,2025-08-19 10:10:00,231.37,59.11673105873596,58.3737068144175,4,925.48,225.58575,237.15425,2025-08-21 09:42:00,225.58575,STOP_LOSS,-23.137000000000057,-2.500000000000002
CTAS,2025-08-18 00:00:00,2025-08-19 00:00:00,0.0039028620988725,2.0,2025-08-19 10:26:00,216.01,56.34164982236289,53.427750270927184,4,864.04,210.60975,221.41024999999996,2025-08-22 15:59:00,215.58,WEEK_END_CLOSE,-1.7199999999999136,-0.1990648581084109
AJG,2025-08-19 00:00:00,2025-08-20 00:00:00,0.047945205479452,8.0,2025-08-20 09:52:00,304.43,69.91015194193753,68.472288495795,3,913.29,296.81925,312.04075,2025-08-22 15:59:00,303.15,WEEK_END_CLOSE,-3.8400000000000887,-0.42045790493711044
GILD,2025-08-19 00:00:00,2025-08-20 00:00:00,0.0417840375586854,7.0,2025-08-20 09:58:00,120.2189,59.388151074334154,58.60143352508055,8,961.7512,117.21342750000001,123.2243725,2025-08-21 09:30:00,115.5,STOP_LOSS_GAP,-37.75120000000004,-3.9252563448842093
PWR,2025-08-19 00:00:00,2025-08-20 00:00:00,0.0367647058823529,6.0,2025-08-20 10:11:00,371.06,47.034708536518195,39.78089695068922,2,742.12,361.7835,380.33649999999994,2025-08-21 10:07:00,380.33649999999994,TAKE_PROFIT,18.552999999999884,2.499999999999991
DUK,2025-08-19 00:00:00,2025-08-20 00:00:00,0.0313043478260869,5.0,2025-08-20 10:18:00,125.94,69.48375276043535,67.079737269328,7,881.5799999999999,122.7915,129.08849999999998,2025-08-22 15:59:00,124.34,WEEK_END_CLOSE,-11.19999999999996,-1.270446244243284
MO,2025-08-19 00:00:00,2025-08-20 00:00:00,0.0797196333667103,10.0,2025-08-20 10:18:00,67.7,67.10627923644842,63.98816235993829,14,947.8000000000001,66.00750000000001,69.3925,2025-08-22 15:59:00,67.67,WEEK_END_CLOSE,-0.4200000000000159,-0.04431314623338789
HPE,2025-08-19 00:00:00,2025-08-20 00:00:00,0.0293504064455794,4.0,2025-08-20 10:19:00,20.585,36.39783474194636,31.625252093754106,48,988.08,20.070375000000002,21.099625,2025-08-20 13:53:00,21.099625,TAKE_PROFIT,24.70199999999994,2.499999999999991
WELL,2025-08-19 00:00:00,2025-08-20 00:00:00,0.018018018018018,3.0,2025-08-20 10:53:00,166.5364,59.65667986162646,59.34544737531071,6,999.2184,162.37299,170.69980999999999,2025-08-22 15:59:00,164.37,WEEK_END_CLOSE,-12.99839999999989,-1.300856749635504
HPE,2025-08-19 00:00:00,2025-08-20 00:00:00,0.0293504064455794,4.0,2025-08-20 14:25:00,20.945,49.70790336883126,48.050059975967834,47,984.415,20.421375,21.468625,2025-08-21 09:30:00,21.68,TAKE_PROFIT_GAP,34.54499999999997,3.5091907376462173
PG,2025-08-20 00:00:00,2025-08-21 00:00:00,0.042492513902752,5.0,2025-08-21 09:48:00,158.395,47.274089289994926,46.3364187172412,6,950.3700000000001,154.435125,162.354875,2025-08-22 15:59:00,158.66,WEEK_END_CLOSE,1.5899999999999181,0.16730326083524982
KKR,2025-08-20 00:00:00,2025-08-21 00:00:00,0.0183591508892713,4.0,2025-08-21 09:49:00,137.41,51.546580465010095,47.25953426421064,7,961.87,133.97475,140.84525,2025-08-22 10:03:00,140.84525,TAKE_PROFIT,24.046749999999975,2.499999999999991
PCAR,2025-08-20 00:00:00,2025-08-21 00:00:00,0.0521739130434782,10.0,2025-08-21 09:50:00,97.665,46.96485511139768,44.51505981649022,10,976.6500000000001,95.223375,100.106625,2025-08-22 10:01:00,100.106625,TAKE_PROFIT,24.416249999999877,2.499999999999991
FDX,2025-08-20 00:00:00,2025-08-21 00:00:00,0.0165289256198347,2.0,2025-08-21 09:51:00,225.33,37.49721909808304,35.30159741294801,4,901.32,219.69675,230.96325,2025-08-22 10:02:00,230.96325,TAKE_PROFIT,22.5329999999999,2.499999999999991
HON,2025-08-20 00:00:00,2025-08-21 00:00:00,0.0460385438972162,8.0,2025-08-21 09:51:00,204.147,55.27674914086992,53.07354498084803,4,816.588,199.04332499999998,209.25067499999997,2025-08-22 10:00:00,209.25067499999997,TAKE_PROFIT,20.414699999999925,2.499999999999991
TT,2025-08-20 00:00:00,2025-08-21 00:00:00,0.0434782608695652,6.0,2025-08-21 10:05:00,424.9825,57.75380617795101,55.794750956260415,2,849.965,414.3579375,435.6070625,2025-08-22 15:59:00,424.3,WEEK_END_CLOSE,-1.365000000000009,-0.1605948480231545
MCO,2025-08-20 00:00:00,2025-08-21 00:00:00,0.0454545454545454,7.0,2025-08-21 10:07:00,513.38,55.23061411867129,53.425035304664405,1,513.38,500.5455,526.2144999999999,2025-08-22 15:59:00,515.94,WEEK_END_CLOSE,2.560000000000059,0.49865596634073306
FCX,2025-08-21 00:00:00,2025-08-22 00:00:00,0.0771938057250117,10.0,2025-08-22 09:45:00,41.93,60.78714766942198,57.58448286855715,23,964.39,40.88175,42.978249999999996,2025-08-22 10:34:00,42.978249999999996,TAKE_PROFIT,24.109749999999906,2.499999999999991
APO,2025-08-21 00:00:00,2025-08-22 00:00:00,0.0141200951248513,2.0,2025-08-22 10:00:00,136.505,72.82397770418714,52.66597826620184,7,955.535,133.092375,139.917625,2025-08-22 15:59:00,134.26,WEEK_END_CLOSE,-15.715000000000032,-1.644628401890047
GLW,2025-08-21 00:00:00,2025-08-22 00:00:00,0.0670731707317073,8.0,2025-08-22 10:00:00,65.93,79.83803919222383,54.87265424955596,15,988.95,64.28175,67.57825,2025-08-22 15:59:00,65.76,WEEK_END_CLOSE,-2.5500000000000256,-0.2578492340361005
KMI,2025-08-21 00:00:00,2025-08-22 00:00:00,0.0403387039868281,5.0,2025-08-22 10:16:00,26.875,53.830355197387384,50.73773647441211,37,994.375,26.203125,27.546874999999996,2025-08-22 15:59:00,26.69,WEEK_END_CLOSE,-6.844999999999953,-0.6883720930232484
FDX,2025-08-21 00:00:00,2025-08-22 00:00:00,0.0014781966001478,1.0,2025-08-22 10:35:00,235.2675,73.77178493857686,73.51746647657927,4,941.07,229.38581250000001,241.14918749999998,2025-08-22 15:59:00,236.81,WEEK_END_CLOSE,6.169999999999959,0.655636668898163
FCX,2025-08-21 00:00:00,2025-08-22 00:00:00,0.0771938057250117,10.0,2025-08-22 10:37:00,42.98,67.62587531394945,65.80612043000536,23,988.54,41.905499999999996,44.05449999999999,2025-08-22 15:59:00,43.28,WEEK_END_CLOSE,6.900000000000098,0.6979990693345872
AFL,2025-08-21 00:00:00,2025-08-22 00:00:00,0.0416666666666666,6.0,2025-08-22 10:55:00,109.24,58.15505919971156,55.65068770297134,9,983.16,106.50899999999999,111.97099999999999,2025-08-22 15:59:00,108.44,WEEK_END_CLOSE,-7.199999999999974,-0.7323324789454411
EMR,2025-08-22 00:00:00,2025-08-25 00:00:00,0.0694444444444444,10.0,2025-08-25 09:45:00,133.74,45.194674601957395,45.06405685767153,7,936.1800000000001,130.3965,137.0835,2025-08-29 15:59:00,131.92,WEEK_END_CLOSE,-12.740000000000151,-1.3608494093016454
TT,2025-08-22 00:00:00,2025-08-25 00:00:00,0.025,6.0,2025-08-25 09:45:00,424.85,47.900484036114094,44.649689293501595,2,849.7,414.22875,435.47125,2025-08-29 10:55:00,414.22875,STOP_LOSS,-21.242500000000064,-2.500000000000002
ECL,2025-08-22 00:00:00,2025-08-25 00:00:00,0.0679611650485436,9.0,2025-08-25 09:49:00,283.2,44.92912637343079,44.12723629337187,3,849.5999999999999,276.12,290.28,2025-08-29 15:59:00,276.91,WEEK_END_CLOSE,-18.86999999999989,-2.2210451977401013
KKR,2025-08-22 00:00:00,2025-08-25 00:00:00,0.0516080777860882,8.0,2025-08-25 09:49:00,141.395,43.726804681436946,43.37526860712582,7,989.7650000000001,137.860125,144.929875,2025-08-26 09:33:00,137.860125,STOP_LOSS,-24.744124999999997,-2.500000000000002
DUK,2025-08-22 00:00:00,2025-08-25 00:00:00,0.0050233225690706,3.0,2025-08-25 09:52:00,123.9681,46.39661233350123,45.31521285369254,8,991.7448,120.8688975,127.0673025,2025-08-29 15:59:00,122.51,WEEK_END_CLOSE,-11.664800000000014,-1.176189681055051
CMCSA,2025-08-22 00:00:00,2025-08-25 00:00:00,0.000914913083257,1.0,2025-08-25 09:55:00,34.095,62.33382719569271,60.08251675340876,29,988.755,33.242625,34.947374999999994,2025-08-29 15:59:00,33.99,WEEK_END_CLOSE,-3.0449999999999093,-0.30796304443465594
ITW,2025-08-22 00:00:00,2025-08-25 00:00:00,0.0290697674418604,7.0,2025-08-25 10:19:00,268.295,47.775106233038386,47.35159805899133,3,804.885,261.587625,275.002375,2025-08-29 15:59:00,264.69,WEEK_END_CLOSE,-10.815000000000055,-1.3436702137572532
FDX,2025-08-22 00:00:00,2025-08-25 00:00:00,0.0094562647754137,4.0,2025-08-25 10:28:00,233.805,45.446401516397614,41.80817540661595,4,935.22,227.959875,239.65012499999997,2025-08-29 15:59:00,231.07,WEEK_END_CLOSE,-10.940000000000055,-1.1697782339984197
KMI,2025-08-22 00:00:00,2025-08-25 00:00:00,0.0049530099060198,2.0,2025-08-25 10:55:00,26.495,42.91527411114354,39.22112814967882,37,980.315,25.832625,27.157375,2025-08-29 15:59:00,26.985,WEEK_END_CLOSE,18.129999999999942,1.8494055482166427
APD,2025-08-22 00:00:00,2025-08-25 00:00:00,0.0152380952380952,5.0,2025-08-25 11:25:00,295.55,39.560517262377374,34.84828511198037,3,886.6500000000001,288.16125,302.93874999999997,2025-08-29 15:59:00,294.29,WEEK_END_CLOSE,-3.7799999999999727,-0.4263238030789984
SPGI,2025-08-25 00:00:00,2025-08-26 00:00:00,0.0064102564102564,1.0,2025-08-26 09:48:00,549.71,46.697608705822816,41.52921287032713,1,549.71,535.96725,563.45275,2025-08-29 15:59:00,548.44,WEEK_END_CLOSE,-1.2699999999999818,-0.23103090720560937
RSG,2025-08-25 00:00:00,2025-08-26 00:00:00,0.0769230769230769,9.0,2025-08-26 09:51:00,232.635,53.77452570786511,45.83258399254163,4,930.54,226.81912499999999,238.45087499999997,2025-08-29 15:59:00,234.1,WEEK_END_CLOSE,5.860000000000014,0.6297418703118618
PCAR,2025-08-25 00:00:00,2025-08-26 00:00:00,0.0082015231400117,2.0,2025-08-26 09:57:00,100.41,49.58835891916664,49.4898049056432,9,903.6899999999999,97.89975,102.92024999999998,2025-08-29 15:59:00,99.98,WEEK_END_CLOSE,-3.8699999999999335,-0.4282441987849772
ICE,2025-08-25 00:00:00,2025-08-26 00:00:00,0.0597014925373134,6.0,2025-08-26 09:59:00,178.4,48.08206142310587,42.48090850139404,5,892.0,173.94,182.85999999999999,2025-08-29 15:59:00,176.62,WEEK_END_CLOSE,-8.900000000000006,-0.9977578475336313
TEL,2025-08-25 00:00:00,2025-08-26 00:00:00,0.0714285714285714,8.0,2025-08-26 09:59:00,205.97,58.32025613165776,55.12333468324694,4,823.88,200.82075,211.11925,2025-08-29 15:59:00,206.54,WEEK_END_CLOSE,2.2799999999999727,0.2767393309705213
SYK,2025-08-26 00:00:00,2025-08-27 00:00:00,0.0604395604395604,8.0,2025-08-27 09:46:00,394.9,58.63614373097894,53.39853199138909,2,789.8,385.0275,404.7724999999999,2025-08-29 15:59:00,391.52,WEEK_END_CLOSE,-6.759999999999991,-0.8559128893390722
JCI,2025-08-26 00:00:00,2025-08-27 00:00:00,0.0829694323144104,10.0,2025-08-27 09:49:00,109.04,60.7640471146401,60.695403162716154,9,981.36,106.31400000000001,111.76599999999999,2025-08-29 10:12:00,106.31400000000001,STOP_LOSS,-24.533999999999992,-2.500000000000002
KKR,2025-08-26 00:00:00,2025-08-27 00:00:00,0.0338983050847457,7.0,2025-08-27 09:52:00,140.69,59.43251466362739,57.924908843295576,7,984.8299999999999,137.17275,144.20725,2025-08-29 15:59:00,139.56,WEEK_END_CLOSE,-7.909999999999968,-0.8031843059208121
MCO,2025-08-26 00:00:00,2025-08-27 00:00:00,0.0294117647058823,6.0,2025-08-27 10:03:00,512.9999,62.79626290792204,62.568541548751035,1,512.9999,500.17490250000003,525.8248975,2025-08-29 15:59:00,510.23,WEEK_END_CLOSE,-2.769900000000007,-0.5399416257196199
SNDK,2025-08-26 00:00:00,2025-08-27 00:00:00,0.0083275503122831,2.0,2025-08-27 10:05:00,48.02,54.93295494515882,53.49078940423103,20,960.4000000000001,46.819500000000005,49.2205,2025-08-28 09:37:00,49.2205,TAKE_PROFIT,24.009999999999962,2.499999999999991
USB,2025-08-27 00:00:00,2025-08-28 00:00:00,0.0067379390890306,3.0,2025-08-28 09:49:00,48.7,48.73690708497838,47.6632045326297,20,974.0,47.4825,49.9175,2025-08-29 15:59:00,48.87,WEEK_END_CLOSE,3.399999999999892,0.34907597535933643
EOG,2025-08-27 00:00:00,2025-08-28 00:00:00,0.0637450199203187,9.0,2025-08-28 09:50:00,122.51,47.95752587549284,42.48610568730665,8,980.08,119.44725,125.57275,2025-08-29 09:47:00,125.57275,TAKE_PROFIT,24.501999999999953,2.499999999999991
MCK,2025-08-27 00:00:00,2025-08-28 00:00:00,0.040983606557377,7.0,2025-08-28 09:50:00,681.95,51.33364815857657,49.18727443889229,1,681.95,664.90125,698.99875,2025-08-29 15:59:00,687.09,WEEK_END_CLOSE,5.139999999999986,0.7537209472835205
BMY,2025-08-27 00:00:00,2025-08-28 00:00:00,0.0352609308885754,6.0,2025-08-28 09:51:00,47.32,51.80440715780102,49.4175157691645,21,993.72,46.137,48.50299999999999,2025-08-29 15:59:00,47.2,WEEK_END_CLOSE,-2.5199999999999463,-0.2535925612848655
SHW,2025-08-27 00:00:00,2025-08-28 00:00:00,0.0833333333333333,10.0,2025-08-28 09:52:00,366.51,50.948486170204085,47.28328132480569,2,733.02,357.34725,375.67274999999995,2025-08-29 15:59:00,365.98,WEEK_END_CLOSE,-1.0599999999999454,-0.14460724127580704
CTAS,2025-08-27 00:00:00,2025-08-28 00:00:00,0.0416666666666666,8.0,2025-08-28 10:17:00,211.1,46.63983987080469,38.154931892843855,4,844.4,205.8225,216.37749999999997,2025-08-29 15:59:00,210.11,WEEK_END_CLOSE,-3.9599999999999227,-0.4689720511605766
CME,2025-08-28 00:00:00,2025-08-29 00:00:00,0.0395576350489153,8.0,2025-08-29 09:46:00,266.865,51.831718495756945,49.85328136285262,3,800.595,260.193375,273.53662499999996,2025-08-29 15:59:00,266.45,WEEK_END_CLOSE,-1.2450000000000614,-0.15550933992843907
WBD,2025-08-28 00:00:00,2025-08-29 00:00:00,0.0605317744672826,10.0,2025-08-29 10:17:00,11.735,38.354940696158344,35.527394752069554,85,997.4749999999999,11.441624999999998,12.028374999999999,2025-08-29 15:59:00,11.63,WEEK_END_CLOSE,-8.924999999999885,-0.8947592671495364
RTX,2025-08-28 00:00:00,2025-08-29 00:00:00,0.0324677435080763,6.0,2025-08-29 10:34:00,159.14,44.113268429539026,40.03332172225689,6,954.8399999999999,155.1615,163.11849999999998,2025-08-29 15:59:00,158.64,WEEK_END_CLOSE,-3.0,-0.3141887646097796
BSX,2025-08-29 00:00:00,2025-09-02 00:00:00,0.0472494093823827,9.0,2025-09-02 09:45:00,105.06,50.603370614277246,46.59085034138665,9,945.54,102.4335,107.6865,2025-09-03 09:36:00,107.6865,TAKE_PROFIT,23.638499999999937,2.499999999999991
ECL,2025-08-29 00:00:00,2025-09-02 00:00:00,0.0205479452054794,2.0,2025-09-02 09:49:00,276.055,46.37425963141938,44.20958108161553,3,828.165,269.153625,282.956375,2025-09-05 15:59:00,273.59,WEEK_END_CLOSE,-7.3950000000000955,-0.8929380014852217
USB,2025-08-29 00:00:00,2025-09-02 00:00:00,0.0422832980972515,6.0,2025-09-02 09:49:00,48.15,42.59342799241329,38.33020860745462,20,963.0,46.94625,49.35374999999999,2025-09-05 09:31:00,49.35374999999999,TAKE_PROFIT,24.074999999999847,2.499999999999991
MCO,2025-08-29 00:00:00,2025-09-02 00:00:00,0.0363636363636363,5.0,2025-09-02 09:51:00,500.92,40.28446752096062,40.01986064284565,1,500.92,488.397,513.443,2025-09-05 15:59:00,499.41,WEEK_END_CLOSE,-1.509999999999991,-0.3014453405733475
PH,2025-08-29 00:00:00,2025-09-02 00:00:00,0.0472440944881889,8.0,2025-09-02 09:51:00,744.91,43.19995979161117,41.882291472276236,1,744.91,726.28725,763.5327499999999,2025-09-05 09:39:00,763.72,TAKE_PROFIT_GAP,18.81000000000006,2.5251372649044868
CMCSA,2025-08-29 00:00:00,2025-09-02 00:00:00,0.025,3.0,2025-09-02 09:52:00,33.845,54.43152821618279,52.69695206616816,29,981.505,32.998875,34.69112499999999,2025-09-05 15:59:00,33.92,WEEK_END_CLOSE,2.1750000000000824,0.22159846358400515
AJG,2025-08-29 00:00:00,2025-09-02 00:00:00,0.0287539936102236,4.0,2025-09-02 09:53:00,301.035,50.800805619420885,49.15154654319121,3,903.105,293.50912500000004,308.560875,2025-09-05 15:59:00,299.06,WEEK_END_CLOSE,-5.925000000000068,-0.6560698922052355
SYK,2025-08-29 00:00:00,2025-09-02 00:00:00,0.0441988950276243,7.0,2025-09-02 09:55:00,388.14,48.66395902608949,44.60164841135384,2,776.28,378.43649999999997,397.84349999999995,2025-09-05 15:59:00,392.21,WEEK_END_CLOSE,8.139999999999986,1.048590714690567
FDX,2025-08-29 00:00:00,2025-09-02 00:00:00,0.0003720930232558,1.0,2025-09-02 10:03:00,224.96,45.81522324330634,41.40967444910212,4,899.84,219.336,230.58399999999997,2025-09-05 15:59:00,227.64,WEEK_END_CLOSE,10.719999999999914,1.191322901849201
COHR,2025-08-29 00:00:00,2025-09-02 00:00:00,0.0476190476190476,10.0,2025-09-02 10:20:00,86.88,40.33382027588252,40.03721171875784,11,955.68,84.708,89.05199999999999,2025-09-03 10:09:00,89.05199999999999,TAKE_PROFIT,23.891999999999967,2.499999999999991
CRH,2025-09-02 00:00:00,2025-09-03 00:00:00,0.0671378091872791,9.0,2025-09-03 09:46:00,111.21,48.70878825311419,47.589588678314215,8,889.68,108.42975,113.99024999999999,2025-09-05 15:59:00,112.35,WEEK_END_CLOSE,9.120000000000005,1.025087671971936
SPGI,2025-09-02 00:00:00,2025-09-03 00:00:00,0.0066137566137566,2.0,2025-09-03 09:56:00,538.06,53.63407699003164,46.550959966242125,1,538.06,524.6084999999999,551.5114999999998,2025-09-05 15:59:00,537.96,WEEK_END_CLOSE,-0.09999999999990905,-0.018585287886097035
TJX,2025-09-02 00:00:00,2025-09-03 00:00:00,0.0233065144043602,4.0,2025-09-03 09:57:00,138.76,55.44312258700111,54.43252247365292,7,971.3199999999999,135.291,142.22899999999998,2025-09-05 15:59:00,139.25,WEEK_END_CLOSE,3.4300000000000637,0.35312770250792713
WELL,2025-09-02 00:00:00,2025-09-03 00:00:00,0.0666666666666666,8.0,2025-09-03 10:04:00,167.83,56.65541244416943,53.972529114658236,5,839.1500000000001,163.63425,172.02575,2025-09-05 15:59:00,167.76,WEEK_END_CLOSE,-0.350000000000108,-0.04170887207294305
WM,2025-09-02 00:00:00,2025-09-03 00:00:00,0.0565457897971727,7.0,2025-09-03 10:11:00,223.995,47.432674389274005,45.82951347416205,4,895.98,218.395125,229.59487499999997,2025-09-05 15:59:00,220.1,WEEK_END_CLOSE,-15.580000000000041,-1.738878099957597
BMY,2025-09-02 00:00:00,2025-09-03 00:00:00,0.0546442783655246,6.0,2025-09-03 10:52:00,47.75,49.8282466971246,47.263320679563655,20,955.0,46.55625,48.943749999999994,2025-09-04 12:28:00,46.55625,STOP_LOSS,-23.87500000000003,-2.500000000000002
GILD,2025-09-03 00:00:00,2025-09-04 00:00:00,0.0363702271628806,7.0,2025-09-04 09:46:00,113.38,60.61253628536159,56.1512062173572,8,907.04,110.54549999999999,116.21449999999999,2025-09-05 15:59:00,115.05,WEEK_END_CLOSE,13.360000000000014,1.472922914094199
VLO,2025-09-03 00:00:00,2025-09-04 00:00:00,0.0574173892664635,10.0,2025-09-04 09:48:00,156.08,61.66011524080874,61.169820508999784,6,936.48,152.178,159.982,2025-09-05 15:59:00,156.71,WEEK_END_CLOSE,3.7799999999999727,0.4036391594054223
LOW,2025-09-03 00:00:00,2025-09-04 00:00:00,0.0158767772511848,6.0,2025-09-04 10:23:00,262.9,62.63426616120074,55.66985710892017,3,788.6999999999999,256.3275,269.47249999999997,2025-09-05 09:32:00,269.47249999999997,TAKE_PROFIT,19.717499999999973,2.499999999999991
AON,2025-09-03 00:00:00,2025-09-04 00:00:00,0.0,1.0,2025-09-04 10:43:00,373.5,59.919335035986066,55.51648917421645,2,747.0,364.16249999999997,382.8375,2025-09-05 15:59:00,370.13,WEEK_END_CLOSE,-6.740000000000009,-0.9022757697456529
PG,2025-09-04 00:00:00,2025-09-05 00:00:00,0.034783250867735,9.0,2025-09-05 09:50:00,159.395,51.10780174339172,50.763582715130994,6,956.3700000000001,155.410125,163.379875,2025-09-05 15:59:00,160.045,WEEK_END_CLOSE,3.8999999999998636,0.40779196336144796
ICE,2025-09-04 00:00:00,2025-09-05 00:00:00,0.0198255352894528,5.0,2025-09-05 09:51:00,174.42,52.65937916971693,52.1895168727608,5,872.0999999999999,170.05949999999999,178.78049999999996,2025-09-05 15:59:00,174.33,WEEK_END_CLOSE,-0.44999999999987494,-0.051599587203288166
MCK,2025-09-04 00:00:00,2025-09-05 00:00:00,0.0022042615723732,2.0,2025-09-05 09:55:00,686.0988,49.96987605689667,40.23018794065167,1,686.0988,668.94633,703.25127,2025-09-05 15:59:00,687.2,WEEK_END_CLOSE,1.1012000000000626,0.16050166535783728
DLR,2025-09-04 00:00:00,2025-09-05 00:00:00,0.0238095238095238,6.0,2025-09-05 10:52:00,163.5,54.499273610934786,48.08546631770351,6,981.0,159.4125,167.58749999999998,2025-09-05 15:59:00,163.33,WEEK_END_CLOSE,-1.019999999999925,-0.10397553516818814
TFC,2025-09-04 00:00:00,2025-09-05 00:00:00,0.0357917570498915,10.0,2025-09-05 10:53:00,46.475,43.80359631371938,39.048638168655415,21,975.975,45.313125,47.636874999999996,2025-09-05 15:59:00,46.55,WEEK_END_CLOSE,1.5749999999999105,0.16137708445400634
ECL,2025-09-05 00:00:00,2025-09-08 00:00:00,0.0784313725490196,8.0,2025-09-08 09:46:00,273.015,47.87776577760471,45.39821443692239,3,819.045,266.189625,279.84037499999994,2025-09-12 15:59:00,272.61,WEEK_END_CLOSE,-1.2149999999999181,-0.14834349761001508
WBD,2025-09-05 00:00:00,2025-09-08 00:00:00,0.0751645306546588,7.0,2025-09-08 09:47:00,12.025,50.89744183019591,46.47843680310894,83,998.075,11.724375,12.325624999999999,2025-09-08 15:09:00,12.325624999999999,TAKE_PROFIT,24.951874999999866,2.499999999999991
AON,2025-09-05 00:00:00,2025-09-08 00:00:00,0.0080971659919028,4.0,2025-09-08 09:50:00,366.75,46.21260766512297,44.905420551050085,2,733.5,357.58125,375.91875,2025-09-12 15:59:00,372.13,WEEK_END_CLOSE,10.759999999999991,1.4669393319699964
SPGI,2025-09-05 00:00:00,2025-09-08 00:00:00,0.037037037037037,6.0,2025-09-08 09:53:00,537.75,54.338748760287054,53.915823285308726,1,537.75,524.30625,551.1937499999999,2025-09-11 14:49:00,551.1937499999999,TAKE_PROFIT,13.443749999999909,2.499999999999991
MCO,2025-09-05 00:00:00,2025-09-08 00:00:00,0.0795454545454545,9.0,2025-09-08 09:54:00,499.84,57.11319153876114,54.893407020005235,2,999.68,487.34399999999994,512.3359999999999,2025-09-11 10:01:00,512.3359999999999,TAKE_PROFIT,24.991999999999848,2.499999999999991
CMI,2025-09-05 00:00:00,2025-09-08 00:00:00,0.0869565217391304,10.0,2025-09-08 09:55:00,397.45,44.09221358311377,43.06343422596306,2,794.9,387.51374999999996,407.38624999999996,2025-09-11 09:39:00,407.38624999999996,TAKE_PROFIT,19.872499999999945,2.499999999999991
FDX,2025-09-05 00:00:00,2025-09-08 00:00:00,0.0042613636363636,3.0,2025-09-08 09:58:00,223.5,41.52613040005978,41.06971665134784,4,894.0,217.9125,229.08749999999998,2025-09-11 09:56:00,229.08749999999998,TAKE_PROFIT,22.34999999999991,2.499999999999991
CMCSA,2025-09-05 00:00:00,2025-09-08 00:00:00,0.002283105022831,2.0,2025-09-08 09:59:00,33.365,54.90772685845658,52.64565404353517,29,967.585,32.530875,34.199125,2025-09-12 13:51:00,32.530875,STOP_LOSS,-24.189625000000007,-2.500000000000002
EMR,2025-09-05 00:00:00,2025-09-08 00:00:00,0.0,1.0,2025-09-08 10:01:00,132.01,46.17373045216965,43.75235583094814,7,924.0699999999999,128.70974999999999,135.31024999999997,2025-09-10 10:12:00,135.31024999999997,TAKE_PROFIT,23.10174999999984,2.499999999999991
GLW,2025-09-05 00:00:00,2025-09-08 00:00:00,0.0232558139534883,5.0,2025-09-08 10:05:00,71.79,53.85140142664267,52.189783449081155,13,933.2700000000001,69.99525,73.58475,2025-09-10 09:36:00,73.58475,TAKE_PROFIT,23.331749999999914,2.499999999999991
WBD,2025-09-05 00:00:00,2025-09-08 00:00:00,0.0751645306546588,7.0,2025-09-08 15:13:00,12.31,60.232581213256,59.25041073806173,81,997.11,12.00225,12.61775,2025-09-10 11:02:00,12.00225,STOP_LOSS,-24.92775000000003,-2.500000000000002
CSX,2025-09-08 00:00:00,2025-09-09 00:00:00,0.1138613861386138,9.0,2025-09-09 09:47:00,32.385,52.90849986708215,47.40425120600297,30,971.55,31.575374999999998,33.194624999999995,2025-09-12 15:59:00,32.455,WEEK_END_CLOSE,2.1000000000000085,0.21614945190675527
AEP,2025-09-08 00:00:00,2025-09-09 00:00:00,0.0428051001821493,3.0,2025-09-09 09:48:00,107.405,54.17309868087288,51.30422431246015,9,966.645,104.719875,110.09012499999999,2025-09-12 15:59:00,109.46,WEEK_END_CLOSE,18.494999999999933,1.9133187467994972
AFL,2025-09-08 00:00:00,2025-09-09 00:00:00,0.1034482758620689,7.0,2025-09-09 09:48:00,106.44,59.31363876909023,56.03581731224778,9,957.96,103.779,109.10099999999998,2025-09-12 09:40:00,109.12,TAKE_PROFIT_GAP,24.12000000000006,2.517850432168367
NEE,2025-09-08 00:00:00,2025-09-09 00:00:00,0.104215456674473,8.0,2025-09-09 09:53:00,69.86,51.93325658349348,51.12334766158482,14,978.04,68.1135,71.6065,2025-09-12 09:36:00,71.6065,TAKE_PROFIT,24.450999999999965,2.499999999999991
LRCX,2025-09-08 00:00:00,2025-09-09 00:00:00,0.0677676800295243,5.0,2025-09-09 09:55:00,105.14,51.667457202383055,48.843574326013666,9,946.26,102.5115,107.76849999999999,2025-09-10 15:53:00,107.76849999999999,TAKE_PROFIT,23.656499999999895,2.499999999999991
TRV,2025-09-09 00:00:00,2025-09-10 00:00:00,0.05,6.0,2025-09-10 09:46:00,271.415,41.52206444058126,37.953785020709994,3,814.2450000000001,264.62962500000003,278.200375,2025-09-11 15:34:00,278.200375,TAKE_PROFIT,20.356124999999963,2.499999999999991
USB,2025-09-09 00:00:00,2025-09-10 00:00:00,0.0749178981937602,10.0,2025-09-10 09:46:00,49.465,48.582763479573465,45.02889040576154,20,989.3000000000001,48.228375,50.701625,2025-09-12 15:59:00,49.125,WEEK_END_CLOSE,-6.800000000000068,-0.6873546952390619
BRK.B,2025-09-09 00:00:00,2025-09-10 00:00:00,0.0665775571255808,8.0,2025-09-10 09:48:00,490.105,50.58189639005405,45.457392334785986,2,980.21,477.852375,502.357625,2025-09-12 15:59:00,493.73,WEEK_END_CLOSE,7.25,0.7396374246334991
WELL,2025-09-09 00:00:00,2025-09-10 00:00:00,0.0714285714285714,9.0,2025-09-10 09:59:00,169.75,52.271448647567496,46.8618826829184,5,848.75,165.50625,173.99374999999998,2025-09-12 15:59:00,169.12,WEEK_END_CLOSE,-3.1499999999999773,-0.3711340206185576
HPE,2025-09-09 00:00:00,2025-09-10 00:00:00,0.0638633377135348,7.0,2025-09-10 10:05:00,24.665,68.22415487788442,67.99193381457104,40,986.5999999999999,24.048375,25.281625,2025-09-12 15:59:00,24.73,WEEK_END_CLOSE,2.600000000000051,0.2635313196837741
ALL,2025-09-09 00:00:00,2025-09-10 00:00:00,0.0219244823386114,2.0,2025-09-10 10:28:00,200.5,49.52128088781552,45.36259729030807,4,802.0,195.48749999999998,205.5125,2025-09-12 15:59:00,200.38,WEEK_END_CLOSE,-0.4800000000000182,-0.059850374064840395
EOG,2025-09-09 00:00:00,2025-09-10 00:00:00,0.0279850746268656,3.0,2025-09-10 11:08:00,118.54,49.0510527308624,47.06176844877832,8,948.32,115.57650000000001,121.5035,2025-09-12 15:59:00,118.16,WEEK_END_CLOSE,-3.0400000000000773,-0.3205668972498854
EMR,2025-09-09 00:00:00,2025-09-10 00:00:00,0.0341880341880341,4.0,2025-09-10 11:36:00,133.64,44.356405795352174,35.12579564439562,7,935.4799999999999,130.29899999999998,136.98099999999997,2025-09-11 15:31:00,136.98099999999997,TAKE_PROFIT,23.38699999999986,2.499999999999991
KMI,2025-09-10 00:00:00,2025-09-11 00:00:00,0.0223049865507966,5.0,2025-09-11 09:48:00,27.405,55.660698722377944,55.04998405253461,36,986.58,26.719875000000002,28.090125,2025-09-12 15:59:00,27.57,WEEK_END_CLOSE,5.939999999999969,0.6020799124247356
SNPS,2025-09-10 00:00:00,2025-09-11 00:00:00,0.0378648703817105,10.0,2025-09-11 09:51:00,410.49,54.652293789126155,53.74970255834957,2,820.98,400.22775,420.75224999999995,2025-09-11 10:28:00,420.75224999999995,TAKE_PROFIT,20.524499999999875,2.499999999999991
BSX,2025-09-10 00:00:00,2025-09-11 00:00:00,0.0361379310344827,8.0,2025-09-11 10:19:00,104.505,53.67330405389745,52.15166439606139,9,940.545,101.89237499999999,107.11762499999999,2025-09-12 15:59:00,102.69,WEEK_END_CLOSE,-16.33499999999998,-1.7367590067460914
FDX,2025-09-10 00:00:00,2025-09-11 00:00:00,0.0102941176470588,2.0,2025-09-11 10:26:00,229.0,59.20227108496874,58.59213019455341,4,916.0,223.275,234.72499999999997,2025-09-12 15:59:00,229.56,WEEK_END_CLOSE,2.240000000000009,0.24454148471615422
SNPS,2025-09-10 00:00:00,2025-09-11 00:00:00,0.0378648703817105,10.0,2025-09-11 10:33:00,420.725,61.85094584018483,61.027433685687136,2,841.45,410.206875,431.24312499999996,2025-09-11 11:46:00,431.24312499999996,TAKE_PROFIT,21.03624999999988,2.499999999999991
SNPS,2025-09-10 00:00:00,2025-09-11 00:00:00,0.0378648703817105,10.0,2025-09-11 12:03:00,431.882,63.702156575774794,57.17293181669432,2,863.764,421.08495,442.67904999999996,2025-09-12 09:30:00,443.82,TAKE_PROFIT_GAP,23.875999999999976,2.764180956835438
CSCO,2025-09-11 00:00:00,2025-09-12 00:00:00,0.0286757301107754,4.0,2025-09-12 09:49:00,66.91,48.25335165066562,45.2644444544454,14,936.74,65.23724999999999,68.58274999999999,2025-09-12 15:59:00,66.505,WEEK_END_CLOSE,-5.670000000000016,-0.605290688985205
SPGI,2025-09-11 00:00:00,2025-09-12 00:00:00,0.0526315789473684,8.0,2025-09-12 09:50:00,549.81,54.40464564601984,49.75929413324891,1,549.81,536.0647499999999,563.5552499999999,2025-09-12 15:59:00,544.12,WEEK_END_CLOSE,-5.689999999999941,-1.034902966479323
CI,2025-09-11 00:00:00,2025-09-12 00:00:00,0.0309278350515463,6.0,2025-09-12 09:56:00,307.45,62.03829816669747,53.256765873333784,3,922.3499999999999,299.76374999999996,315.13624999999996,2025-09-12 15:59:00,302.69,WEEK_END_CLOSE,-14.279999999999973,-1.5482192226378255
SO,2025-09-11 00:00:00,2025-09-12 00:00:00,0.0594159113796576,9.0,2025-09-12 10:02:00,92.21,56.59703736871956,55.10985851631737,10,922.0999999999999,89.90474999999999,94.51524999999998,2025-09-12 15:59:00,92.26,WEEK_END_CLOSE,0.5000000000001137,0.05422405379027495
WM,2025-09-11 00:00:00,2025-09-12 00:00:00,0.0150375939849624,1.0,2025-09-12 10:36:00,218.55,40.827065636851565,40.306381292538056,4,874.2,213.08625,224.01375,2025-09-12 15:59:00,218.11,WEEK_END_CLOSE,-1.759999999999991,-0.20132692747655279
CME,2025-09-11 00:00:00,2025-09-12 00:00:00,0.0298759864712514,5.0,2025-09-12 10:37:00,261.405,46.22348175244503,45.44047445443759,3,784.2149999999999,254.86987499999998,267.94012499999997,2025-09-12 15:59:00,262.22,WEEK_END_CLOSE,2.4450000000001637,0.31177674489779594
PH,2025-09-11 00:00:00,2025-09-12 00:00:00,0.0215439856373429,3.0,2025-09-12 10:41:00,760.68,47.33855094798324,39.615429704532914,1,760.68,741.6629999999999,779.6969999999999,2025-09-12 15:59:00,759.23,WEEK_END_CLOSE,-1.4499999999999318,-0.19061891991375424
ITW,2025-09-11 00:00:00,2025-09-12 00:00:00,0.0674157303370786,10.0,2025-09-12 10:49:00,263.305,43.53324938043017,38.91852374675079,3,789.915,256.722375,269.88762499999996,2025-09-12 15:59:00,263.42,WEEK_END_CLOSE,0.3450000000000273,0.043675585347791035
CL,2025-09-12 00:00:00,2025-09-15 00:00:00,0.0280898876404494,5.0,2025-09-15 09:47:00,83.27,41.92758473012061,38.194018356317734,12,999.24,81.18825,85.35175,2025-09-18 09:30:00,81.18825,STOP_LOSS,-24.980999999999995,-2.500000000000002
CMCSA,2025-09-12 00:00:00,2025-09-15 00:00:00,0.0197856553998351,2.0,2025-09-15 09:47:00,33.115,58.38578224016556,56.03248003692962,30,993.45,32.287125,33.942875,2025-09-16 09:50:00,32.287125,STOP_LOSS,-24.836249999999964,-2.499999999999991
CI,2025-09-12 00:00:00,2025-09-15 00:00:00,0.0318471337579617,6.0,2025-09-15 09:49:00,300.4699,35.906202793156965,35.15250015408579,3,901.4096999999999,292.9581525,307.98164749999995,2025-09-16 10:09:00,292.9581525,STOP_LOSS,-22.535242500000038,-2.500000000000002
SPGI,2025-09-12 00:00:00,2025-09-15 00:00:00,0.024390243902439,4.0,2025-09-15 09:54:00,545.115,45.28149459300477,43.27062015711664,1,545.115,531.487125,558.7428749999999,2025-09-18 10:31:00,531.487125,STOP_LOSS,-13.627875000000017,-2.500000000000002
EMR,2025-09-12 00:00:00,2025-09-15 00:00:00,0.0434782608695652,7.0,2025-09-15 10:05:00,135.86,47.957147582712665,46.22788194376081,7,951.0200000000001,132.4635,139.2565,2025-09-16 09:30:00,131.58,STOP_LOSS_GAP,-29.960000000000008,-3.1503017812454015
WDC,2025-09-12 00:00:00,2025-09-15 00:00:00,0.0549073438572409,10.0,2025-09-15 10:09:00,102.37,54.74565549011532,53.07431903772814,9,921.33,99.81075,104.92925,2025-09-17 10:43:00,99.81075,STOP_LOSS,-23.033250000000052,-2.500000000000002
HON,2025-09-12 00:00:00,2025-09-15 00:00:00,0.0234215885947046,3.0,2025-09-15 10:13:00,200.0848,53.6891266732349,49.18429423076343,4,800.3392,195.08268,205.08692,2025-09-19 15:59:00,197.3327,WEEK_END_CLOSE,-11.008400000000051,-1.3754668020759309
KKR,2025-09-12 00:00:00,2025-09-15 00:00:00,0.0444444444444444,8.0,2025-09-15 10:13:00,144.25,54.56252635319084,50.221892930824865,6,865.5,140.64374999999998,147.85625,2025-09-18 09:48:00,147.85625,TAKE_PROFIT,21.637499999999932,2.499999999999991
FDX,2025-09-12 00:00:00,2025-09-15 00:00:00,0.0015420200462606,1.0,2025-09-15 10:16:00,230.89,57.77877915216068,50.20253994835426,4,923.56,225.11774999999997,236.66224999999997,2025-09-17 09:30:00,225.11774999999997,STOP_LOSS,-23.089000000000055,-2.500000000000002
HPE,2025-09-12 00:00:00,2025-09-15 00:00:00,0.0542866600463422,9.0,2025-09-15 10:23:00,24.815,49.65373740821136,46.985694243782156,40,992.6,24.194625000000002,25.435375,2025-09-19 15:59:00,24.99,WEEK_END_CLOSE,6.999999999999886,0.7052186177715081
BSX,2025-09-15 00:00:00,2025-09-16 00:00:00,0.0698074277854195,4.0,2025-09-16 09:46:00,99.2729,45.588155408936764,38.02522519462092,10,992.729,96.7910775,101.7547225,2025-09-19 15:59:00,97.74,WEEK_END_CLOSE,-15.329000000000121,-1.5441273499615882
SHW,2025-09-15 00:00:00,2025-09-16 00:00:00,0.0714285714285714,5.0,2025-09-16 09:46:00,356.41,48.02952295806752,46.89955579748103,2,712.82,347.49975,365.32025,2025-09-19 09:31:00,347.49975,STOP_LOSS,-17.820500000000038,-2.500000000000002
MCO,2025-09-15 00:00:00,2025-09-16 00:00:00,0.1206896551724138,10.0,2025-09-16 09:49:00,507.78,48.03161905994469,46.03247377324789,1,507.78,495.08549999999997,520.4744999999999,2025-09-18 13:01:00,495.04,STOP_LOSS_GAP,-12.739999999999952,-2.508960573476693
CTAS,2025-09-15 00:00:00,2025-09-16 00:00:00,0.0297619047619047,2.0,2025-09-16 09:55:00,199.14,45.81525354002995,45.75568333219343,5,995.6999999999999,194.1615,204.11849999999995,2025-09-19 15:59:00,200.05,WEEK_END_CLOSE,4.550000000000125,0.456964949281935
DHR,2025-09-15 00:00:00,2025-09-16 00:00:00,0.119301648884578,9.0,2025-09-16 10:04:00,188.47,52.65116349180252,49.29117642507393,5,942.35,183.75825,193.18175,2025-09-17 09:36:00,193.18175,TAKE_PROFIT,23.558749999999975,2.499999999999991
CMCSA,2025-09-15 00:00:00,2025-09-16 00:00:00,0.0075225677031093,1.0,2025-09-16 10:07:00,32.245,40.57145644476343,39.26287452710513,31,999.5949999999999,31.438874999999996,33.05112499999999,2025-09-18 10:13:00,31.438874999999996,STOP_LOSS,-24.989875000000048,-2.500000000000002
TT,2025-09-15 00:00:00,2025-09-16 00:00:00,0.09375,8.0,2025-09-16 10:09:00,403.8653,46.67512742339977,45.371032843317344,2,807.7306,393.7686675,413.96193249999993,2025-09-19 15:59:00,406.58,WEEK_END_CLOSE,5.429399999999987,0.6721795608585213
UNP,2025-09-15 00:00:00,2025-09-16 00:00:00,0.0861214374225526,6.0,2025-09-16 10:16:00,217.595,56.86684985409791,55.08890005624113,4,870.38,212.155125,223.03487499999997,2025-09-19 15:59:00,220.66,WEEK_END_CLOSE,12.259999999999991,1.4085801603897163
TJX,2025-09-15 00:00:00,2025-09-16 00:00:00,0.0485187777000233,3.0,2025-09-16 10:28:00,139.765,48.50534663698396,41.69337286251308,7,978.3549999999999,136.270875,143.25912499999998,2025-09-19 15:59:00,139.82,WEEK_END_CLOSE,0.38500000000004775,0.03935176904088511
APD,2025-09-16 00:00:00,2025-09-17 00:00:00,0.0333333333333333,3.0,2025-09-17 09:45:00,287.67,62.825902997005095,58.52825634512957,3,863.01,280.47825,294.86175,2025-09-19 15:59:00,290.12,WEEK_END_CLOSE,7.349999999999966,0.8516703166822959
CRH,2025-09-16 00:00:00,2025-09-17 00:00:00,0.0117647058823529,1.0,2025-09-17 09:57:00,113.5,61.86908417150142,58.5488616415304,8,908.0,110.6625,116.33749999999999,2025-09-19 15:59:00,113.075,WEEK_END_CLOSE,-3.3999999999999773,-0.37444933920705026
AFL,2025-09-16 00:00:00,2025-09-17 00:00:00,0.0246252676659528,2.0,2025-09-17 10:00:00,108.8,67.71234948976381,54.712217807291395,9,979.1999999999999,106.08,111.51999999999998,2025-09-19 15:59:00,108.05,WEEK_END_CLOSE,-6.75,-0.6893382352941124
CB,2025-09-16 00:00:00,2025-09-17 00:00:00,0.0419580419580419,4.0,2025-09-17 10:00:00,273.5,55.89932908679091,55.723674524121535,3,820.5,266.66249999999997,280.3375,2025-09-19 15:59:00,273.83,WEEK_END_CLOSE,0.9899999999999523,0.1206581352833469
EQIX,2025-09-16 00:00:00,2025-09-17 00:00:00,0.0898876404494382,10.0,2025-09-17 10:01:00,785.75,56.75613032882563,53.8426791708526,1,785.75,766.1062499999999,805.39375,2025-09-19 15:59:00,791.61,WEEK_END_CLOSE,5.860000000000014,0.7457842825326244
PH,2025-09-16 00:00:00,2025-09-17 00:00:00,0.0833333333333333,9.0,2025-09-17 10:27:00,751.55,49.1321630822024,48.37525214379682,1,751.55,732.7612499999999,770.3387499999999,2025-09-17 11:00:00,732.7612499999999,STOP_LOSS,-18.78875000000005,-2.500000000000002
AEP,2025-09-16 00:00:00,2025-09-17 00:00:00,0.0694444444444444,8.0,2025-09-17 10:28:00,107.3,55.17359339262044,50.13288944042996,9,965.6999999999999,104.61749999999999,109.98249999999999,2025-09-19 15:59:00,107.04,WEEK_END_CLOSE,-2.339999999999918,-0.2423112767940272
PH,2025-09-16 00:00:00,2025-09-17 00:00:00,0.0833333333333333,9.0,2025-09-17 11:03:00,737.995,41.43750892028661,38.67656490640354,1,737.995,719.545125,756.4448749999999,2025-09-18 10:22:00,756.4448749999999,TAKE_PROFIT,18.449874999999906,2.499999999999991
ICE,2025-09-17 00:00:00,2025-09-18 00:00:00,0.037037037037037,9.0,2025-09-18 09:45:00,172.03,53.6183188455044,51.93692940303731,5,860.15,167.72925,176.33075,2025-09-19 15:59:00,169.765,WEEK_END_CLOSE,-11.325000000000074,-1.3166308202057886
WELL,2025-09-17 00:00:00,2025-09-18 00:00:00,0.0151057401812688,2.0,2025-09-18 09:47:00,166.52,50.96382875784829,50.7159805257665,6,999.1200000000001,162.357,170.683,2025-09-19 15:59:00,165.21,WEEK_END_CLOSE,-7.860000000000014,-0.7866922892145078
GILD,2025-09-17 00:00:00,2025-09-18 00:00:00,0.0319634703196347,6.0,2025-09-18 09:49:00,112.195,50.06552582742766,48.904660533565114,8,897.56,109.390125,114.99987499999999,2025-09-19 09:45:00,114.99987499999999,TAKE_PROFIT,22.438999999999965,2.499999999999991
DE,2025-09-17 00:00:00,2025-09-18 00:00:00,0.0355714285714285,8.0,2025-09-18 09:57:00,470.35,60.59594290889714,54.72474226597521,2,940.7,458.59125,482.10875,2025-09-19 15:59:00,469.99,WEEK_END_CLOSE,-0.7200000000000273,-0.07653874774105063
DUK,2025-09-17 00:00:00,2025-09-18 00:00:00,0.032508311784263,7.0,2025-09-18 10:01:00,120.28,45.7621351638838,45.33888773003707,8,962.24,117.273,123.28699999999999,2025-09-19 15:59:00,121.08,WEEK_END_CLOSE,6.399999999999977,0.6651147322913165
CMCSA,2025-09-17 00:00:00,2025-09-18 00:00:00,0.029520295202952,5.0,2025-09-18 10:16:00,31.515,36.84450914315397,35.90174281624809,31,976.965,30.727125,32.302875,2025-09-19 15:59:00,31.58,WEEK_END_CLOSE,2.0149999999999295,0.20625099159130578
MCK,2025-09-17 00:00:00,2025-09-18 00:00:00,0.0097895252080274,1.0,2025-09-18 10:42:00,695.27,49.70275414632551,49.39439246714194,1,695.27,677.88825,712.6517499999999,2025-09-19 15:59:00,698.38,WEEK_END_CLOSE,3.1100000000000136,0.447308239964328
MCO,2025-09-17 00:00:00,2025-09-18 00:00:00,0.0275229357798165,4.0,2025-09-18 13:08:00,497.185,52.39073648978256,39.55707765821003,2,994.37,484.755375,509.61462499999993,2025-09-18 14:00:00,484.755375,STOP_LOSS,-24.859249999999975,-2.500000000000002
MCO,2025-09-17 00:00:00,2025-09-18 00:00:00,0.0275229357798165,4.0,2025-09-18 14:06:00,485.9,37.644022635428,32.59124499330433,2,971.8,473.75249999999994,498.04749999999996,2025-09-19 15:59:00,480.74,WEEK_END_CLOSE,-10.319999999999936,-1.0619469026548645
EMR,2025-09-18 00:00:00,2025-09-19 00:00:00,0.0265848670756646,4.0,2025-09-19 09:47:00,131.815,48.40381083510876,44.632514064702164,7,922.7049999999999,128.519625,135.11037499999998,2025-09-19 15:59:00,132.33,WEEK_END_CLOSE,3.6050000000001035,0.39069908584001833
PH,2025-09-18 00:00:00,2025-09-19 00:00:00,0.0326594090202177,6.0,2025-09-19 09:51:00,754.0,51.5542268689676,49.3934389988262,1,754.0,735.15,772.8499999999999,2025-09-19 15:59:00,755.19,WEEK_END_CLOSE,1.1900000000000546,0.1578249336870119
USB,2025-09-18 00:00:00,2025-09-19 00:00:00,0.0217909431392577,3.0,2025-09-19 09:51:00,50.16,51.74315632495197,50.45939356707839,19,953.04,48.906,51.413999999999994,2025-09-19 15:59:00,50.4,WEEK_END_CLOSE,4.560000000000038,0.4784688995215447
SPGI,2025-09-18 00:00:00,2025-09-19 00:00:00,0.0033898305084745,2.0,2025-09-19 09:55:00,507.7,54.417385600741746,51.34766371237683,1,507.7,495.0075,520.3924999999999,2025-09-19 15:59:00,506.92,WEEK_END_CLOSE,-0.7799999999999727,-0.15363403584793822
TEL,2025-09-18 00:00:00,2025-09-19 00:00:00,0.0597014925373134,8.0,2025-09-19 09:58:00,215.825,39.02453035784373,38.345566348310726,4,863.3,210.429375,221.22062499999996,2025-09-19 15:59:00,216.1,WEEK_END_CLOSE,1.1000000000000227,0.12741804702884885
SPG,2025-09-18 00:00:00,2025-09-19 00:00:00,0.0303605313092979,5.0,2025-09-19 10:00:00,181.34,58.45519731513796,54.05517694191883,5,906.7,176.8065,185.87349999999998,2025-09-19 15:59:00,180.74,WEEK_END_CLOSE,-2.9999999999999716,-0.3308701885959997
AMT,2025-09-18 00:00:00,2025-09-19 00:00:00,0.0625,9.0,2025-09-19 10:04:00,194.02,53.25114846782891,51.48575394146387,5,970.1,189.1695,198.8705,2025-09-19 15:59:00,193.266,WEEK_END_CLOSE,-3.7700000000000955,-0.38861972992475513
PCAR,2025-09-19 00:00:00,2025-09-22 00:00:00,0.0147540983606557,3.0,2025-09-22 09:45:00,98.815,44.90803509691668,43.45388367506768,10,988.15,96.344625,101.28537499999999,2025-09-25 09:54:00,96.344625,STOP_LOSS,-24.703750000000042,-2.500000000000002
AON,2025-09-19 00:00:00,2025-09-22 00:00:00,0.0727762803234501,10.0,2025-09-22 09:52:00,350.7,52.21905134036394,50.678141621984906,2,701.4,341.9325,359.4675,2025-09-26 15:59:00,356.04,WEEK_END_CLOSE,10.680000000000064,1.5226689478186506
TRV,2025-09-19 00:00:00,2025-09-22 00:00:00,0.0306513409961685,4.0,2025-09-22 09:52:00,276.11,51.74858711193947,49.238289312170906,3,828.33,269.20725,283.01275,2025-09-26 15:59:00,277.82,WEEK_END_CLOSE,5.129999999999939,0.6193183875991437
HLT,2025-09-19 00:00:00,2025-09-22 00:00:00,0.0498338870431893,5.0,2025-09-22 09:53:00,266.3301,48.281359165166215,47.75363791688885,3,798.9903,259.6718475,272.9883525,2025-09-26 15:59:00,261.75,WEEK_END_CLOSE,-13.740300000000047,-1.719707986442398
FDX,2025-09-19 00:00:00,2025-09-22 00:00:00,0.0699955416852429,9.0,2025-09-22 09:55:00,226.58,38.79133635862637,38.324181918827044,4,906.32,220.9155,232.2445,2025-09-23 09:39:00,232.2445,TAKE_PROFIT,22.6579999999999,2.499999999999991
CMCSA,2025-09-19 00:00:00,2025-09-22 00:00:00,0.0030234315948601,1.0,2025-09-22 09:57:00,31.43,52.89598508816547,50.065734637039625,31,974.33,30.64425,32.21575,2025-09-26 15:59:00,31.715,WEEK_END_CLOSE,8.835000000000004,0.9067769646834201
ECL,2025-09-19 00:00:00,2025-09-22 00:00:00,0.0666666666666666,8.0,2025-09-22 09:57:00,265.41,52.482680381839025,50.98232976661207,3,796.23,258.77475000000004,272.04525,2025-09-26 10:26:00,272.04525,TAKE_PROFIT,19.905749999999955,2.499999999999991
PG,2025-09-19 00:00:00,2025-09-22 00:00:00,0.0647921760391198,7.0,2025-09-22 09:57:00,155.11,41.97497363655202,39.01963440081671,6,930.6600000000001,151.23225000000002,158.98775,2025-09-23 10:18:00,151.23225000000002,STOP_LOSS,-23.26649999999995,-2.499999999999991
AJG,2025-09-19 00:00:00,2025-09-22 00:00:00,0.0080256821829855,2.0,2025-09-22 10:02:00,298.765,55.951729852147494,54.513030810677236,3,896.295,291.29587499999997,306.23412499999995,2025-09-25 09:30:00,306.23412499999995,TAKE_PROFIT,22.407374999999888,2.499999999999991
CSX,2025-09-19 00:00:00,2025-09-22 00:00:00,0.0570071258907363,6.0,2025-09-22 10:12:00,33.095,59.70501559881025,53.49429224363765,30,992.8499999999999,32.267624999999995,33.922374999999995,2025-09-23 10:05:00,33.922374999999995,TAKE_PROFIT,24.821249999999893,2.499999999999991
JCI,2025-09-22 00:00:00,2025-09-23 00:00:00,0.0313971742543171,4.0,2025-09-23 09:46:00,109.87,57.887475996809094,53.19654595664986,9,988.83,107.12325,112.61675,2025-09-24 12:11:00,107.12325,STOP_LOSS,-24.720750000000052,-2.500000000000002
PWR,2025-09-22 00:00:00,2025-09-23 00:00:00,0.112215909090909,9.0,2025-09-23 09:50:00,395.3,50.6957670902134,48.473762707469554,2,790.6,385.4175,405.1825,2025-09-24 09:44:00,405.1825,TAKE_PROFIT,19.764999999999986,2.499999999999991
BSX,2025-09-22 00:00:00,2025-09-23 00:00:00,0.0452841973766396,6.0,2025-09-23 09:53:00,96.64,51.93623801088364,50.851921670632045,10,966.4,94.224,99.056,2025-09-26 09:31:00,99.056,TAKE_PROFIT,24.159999999999968,2.499999999999991
FDX,2025-09-22 00:00:00,2025-09-23 00:00:00,0.0136845203060623,3.0,2025-09-23 10:06:00,234.39,66.76342426540907,63.138540094166146,4,937.56,228.53025,240.24974999999998,2025-09-26 09:41:00,240.24974999999998,TAKE_PROFIT,23.438999999999965,2.499999999999991
SPGI,2025-09-22 00:00:00,2025-09-23 00:00:00,0.0077519379844961,2.0,2025-09-23 10:09:00,499.875,46.7041541070606,38.750903355115106,2,999.75,487.378125,512.3718749999999,2025-09-24 09:31:00,487.378125,STOP_LOSS,-24.993749999999977,-2.500000000000002
TJX,2025-09-22 00:00:00,2025-09-23 00:00:00,0.1166892808683853,10.0,2025-09-23 10:09:00,139.45,57.247791640646454,51.53303733564398,7,976.1499999999999,135.96374999999998,142.93624999999997,2025-09-26 13:03:00,142.93624999999997,TAKE_PROFIT,24.40374999999989,2.499999999999991
ICE,2025-09-22 00:00:00,2025-09-23 00:00:00,0.102127659574468,8.0,2025-09-23 10:45:00,168.66,42.35468393059236,35.20855985198218,5,843.3,164.4435,172.8765,2025-09-26 15:59:00,167.73,WEEK_END_CLOSE,-4.650000000000034,-0.5514051938811826
KKR,2025-09-22 00:00:00,2025-09-23 00:00:00,0.0970772442588726,7.0,2025-09-23 11:17:00,149.85,45.869581762534516,45.166757002749314,6,899.0999999999999,146.10375,153.59624999999997,2025-09-24 09:30:00,146.10375,STOP_LOSS,-22.47750000000002,-2.500000000000002
CI,2025-09-23 00:00:00,2025-09-24 00:00:00,0.028169014084507,6.0,2025-09-24 09:45:00,290.436,53.545296186284645,50.87794055375811,3,871.308,283.1751,297.69689999999997,2025-09-25 11:41:00,283.1751,STOP_LOSS,-21.782699999999977,-2.500000000000002
CRH,2025-09-23 00:00:00,2025-09-24 00:00:00,0.008695652173913,2.0,2025-09-24 09:46:00,114.03,49.86241544943439,47.78374432314721,8,912.24,111.17925,116.88074999999999,2025-09-25 09:30:00,109.21,STOP_LOSS_GAP,-38.56000000000006,-4.2269578181180485
EQIX,2025-09-23 00:00:00,2025-09-24 00:00:00,0.1,10.0,2025-09-24 09:46:00,801.42,52.28830939979707,51.20040621421976,1,801.42,781.3844999999999,821.4554999999999,2025-09-26 09:32:00,781.1,STOP_LOSS_GAP,-20.319999999999936,-2.535499488408066
ITW,2025-09-23 00:00:00,2025-09-24 00:00:00,0.028735632183908,7.0,2025-09-24 09:53:00,261.18,51.88399937586435,51.43381569665197,3,783.54,254.6505,267.7095,2025-09-26 15:59:00,261.06,WEEK_END_CLOSE,-0.36000000000001364,-0.045945325063179165
SPGI,2025-09-23 00:00:00,2025-09-24 00:00:00,0.0151133501259445,4.0,2025-09-24 10:04:00,489.91,49.38270121491049,46.98319579309662,2,979.82,477.66225000000003,502.15774999999996,2025-09-26 15:59:00,487.14,WEEK_END_CLOSE,-5.540000000000077,-0.5654099732604001
USB,2025-09-23 00:00:00,2025-09-24 00:00:00,0.0224130403143647,5.0,2025-09-24 10:11:00,49.535,59.034862859410445,57.61505654119836,20,990.6999999999999,48.296625,50.773374999999994,2025-09-26 15:59:00,49.435,WEEK_END_CLOSE,-1.9999999999998863,-0.20187746038153875
AMGN,2025-09-23 00:00:00,2025-09-24 00:00:00,0.0649847094801223,8.0,2025-09-24 10:22:00,282.16,41.21878687545104,39.91301250600527,3,846.48,275.106,289.214,2025-09-25 11:08:00,275.1,STOP_LOSS_GAP,-21.180000000000007,-2.50212645307627
MCK,2025-09-24 00:00:00,2025-09-25 00:00:00,0.037037037037037,8.0,2025-09-25 09:48:00,760.105,52.433477066451374,51.31065264676423,1,760.105,741.102375,779.107625,2025-09-25 11:07:00,741.102375,STOP_LOSS,-19.002624999999966,-2.499999999999991
WMB,2025-09-24 00:00:00,2025-09-25 00:00:00,0.0093538751768589,1.0,2025-09-25 09:55:00,62.465,46.894679083412086,45.924966954584,16,999.44,60.903375000000004,64.026625,2025-09-26 09:42:00,64.026625,TAKE_PROFIT,24.985999999999876,2.499999999999991
MO,2025-09-24 00:00:00,2025-09-25 00:00:00,0.0271167263812936,6.0,2025-09-25 09:58:00,65.765,54.515574999872975,53.59316380866539,15,986.475,64.120875,67.40912499999999,2025-09-26 15:59:00,65.705,WEEK_END_CLOSE,-0.9000000000000341,-0.09123393902532584
PH,2025-09-24 00:00:00,2025-09-25 00:00:00,0.0120817843866171,2.0,2025-09-25 10:04:00,742.22,48.20119777550152,46.90281954204387,1,742.22,723.6645,760.7755,2025-09-26 15:59:00,750.71,WEEK_END_CLOSE,8.490000000000009,1.1438657001967112
SO,2025-09-24 00:00:00,2025-09-25 00:00:00,0.0386879730866274,9.0,2025-09-25 10:22:00,94.58,59.59832967596216,56.33355244979445,10,945.8,92.21549999999999,96.94449999999999,2025-09-26 15:59:00,94.52,WEEK_END_CLOSE,-0.6000000000000227,-0.06343835906111872
HCA,2025-09-24 00:00:00,2025-09-25 00:00:00,0.0398009950248756,10.0,2025-09-25 10:23:00,414.935,56.93142279686058,50.87117714869514,2,829.87,404.561625,425.30837499999996,2025-09-26 15:59:00,418.98,WEEK_END_CLOSE,8.090000000000032,0.9748514827623733
KKR,2025-09-24 00:00:00,2025-09-25 00:00:00,0.0125195618153364,3.0,2025-09-25 10:28:00,137.78,48.84518600755916,48.132483843136995,7,964.46,134.3355,141.22449999999998,2025-09-26 15:01:00,134.3355,STOP_LOSS,-24.111500000000035,-2.500000000000002
MCK,2025-09-24 00:00:00,2025-09-25 00:00:00,0.037037037037037,8.0,2025-09-25 11:26:00,734.09,42.57814494413158,33.948828003733425,1,734.09,715.73775,752.44225,2025-09-25 11:43:00,715.73775,STOP_LOSS,-18.352250000000026,-2.500000000000002
MCK,2025-09-24 00:00:00,2025-09-25 00:00:00,0.037037037037037,8.0,2025-09-25 11:47:00,721.66,39.838235165439144,29.478709126907592,1,721.66,703.6184999999999,739.7014999999999,2025-09-25 13:59:00,739.7014999999999,TAKE_PROFIT,18.041499999999928,2.499999999999991
MCK,2025-09-24 00:00:00,2025-09-25 00:00:00,0.037037037037037,8.0,2025-09-25 14:26:00,738.36,61.011114051365965,60.44628629008777,1,738.36,719.901,756.819,2025-09-26 11:37:00,756.819,TAKE_PROFIT,18.458999999999946,2.499999999999991
MSI,2025-09-25 00:00:00,2025-09-26 00:00:00,0.0240174672489082,8.0,2025-09-26 09:45:00,456.235,58.41495030288396,49.0220300925052,2,912.47,444.829125,467.640875,2025-09-26 15:59:00,456.36,WEEK_END_CLOSE,0.25,0.027398161035430135
NEE,2025-09-25 00:00:00,2025-09-26 00:00:00,0.0123882503192848,5.0,2025-09-26 09:54:00,75.41,56.36416955699655,53.922316299625706,13,980.3299999999999,73.52475,77.29525,2025-09-26 15:59:00,75.82,WEEK_END_CLOSE,5.329999999999956,0.5436944702294166
PLD,2025-09-25 00:00:00,2025-09-26 00:00:00,0.0202020202020202,7.0,2025-09-26 09:57:00,113.612,54.303914158600534,50.3367474012333,8,908.896,110.7717,116.45229999999998,2025-09-26 15:59:00,114.2,WEEK_END_CLOSE,4.704000000000065,0.5175509629264496
TT,2025-09-25 00:00:00,2025-09-26 00:00:00,0.0256410256410256,9.0,2025-09-26 10:07:00,414.4,67.04463164919864,66.04479147311464,2,828.8,404.03999999999996,424.75999999999993,2025-09-26 15:59:00,415.11,WEEK_END_CLOSE,1.4200000000000728,0.17133204633206223
PCAR,2025-09-25 00:00:00,2025-09-26 00:00:00,0.0269622528460155,10.0,2025-09-26 10:39:00,100.09,57.522014821997914,56.67231811748321,9,900.8100000000001,97.58775,102.59224999999999,2025-09-26 15:59:00,100.54,WEEK_END_CLOSE,4.050000000000026,0.44959536417223944
HON,2025-09-25 00:00:00,2025-09-26 00:00:00,0.0068450528935905,3.0,2025-09-26 10:51:00,196.0415,56.82749836989952,49.72996070300679,5,980.2075000000001,191.1404625,200.9425375,2025-09-26 15:59:00,196.1828,WEEK_END_CLOSE,0.7064999999998633,0.07207657562300351
KMI,2025-09-25 00:00:00,2025-09-26 00:00:00,0.0069151083008206,4.0,2025-09-26 10:59:00,28.355,53.91383319266772,53.371057631251546,35,992.4250000000001,27.646125,29.063875,2025-09-26 15:59:00,28.215,WEEK_END_CLOSE,-4.90000000000002,-0.49374008111444656
FDX,2025-09-25 00:00:00,2025-09-26 00:00:00,0.006060606060606,2.0,2025-09-26 11:10:00,239.09,45.83330375172029,45.46818101006733,4,956.36,233.11275,245.06724999999997,2025-09-26 15:59:00,237.82,WEEK_END_CLOSE,-5.080000000000041,-0.5311807269229196
TJX,2025-09-25 00:00:00,2025-09-26 00:00:00,0.0197293668009503,6.0,2025-09-26 13:11:00,142.975,65.67063948725828,60.53841606840653,6,857.8499999999999,139.400625,146.54937499999997,2025-09-26 15:59:00,143.135,WEEK_END_CLOSE,0.9599999999999795,0.11190767616715558
BSX,2025-09-26 00:00:00,2025-09-29 00:00:00,0.0270921131848284,9.0,2025-09-29 09:49:00,97.28,41.64141002277556,39.3189350394641,10,972.8,94.848,99.71199999999999,2025-10-01 10:27:00,94.848,STOP_LOSS,-24.32000000000002,-2.500000000000002
NEE,2025-09-26 00:00:00,2025-09-29 00:00:00,0.0209125475285171,8.0,2025-09-29 09:49:00,75.6,52.76136025315241,50.263693305847575,13,982.8,73.71,77.48999999999998,2025-10-01 09:34:00,77.48999999999998,TAKE_PROFIT,24.569999999999823,2.499999999999991
MDT,2025-09-26 00:00:00,2025-09-29 00:00:00,0.0121827411167512,5.0,2025-09-29 09:54:00,93.615,42.14567777441192,40.07515217797503,10,936.15,91.27462499999999,95.95537499999999,2025-10-03 09:32:00,95.95537499999999,TAKE_PROFIT,23.403749999999945,2.499999999999991
CMCSA,2025-09-26 00:00:00,2025-09-29 00:00:00,0.0088691796008869,3.0,2025-09-29 09:56:00,31.505,43.4961429386103,42.37461763643746,31,976.655,30.717374999999997,32.292624999999994,2025-10-02 09:30:00,30.717374999999997,STOP_LOSS,-24.416375000000063,-2.500000000000002
KMI,2025-09-26 00:00:00,2025-09-29 00:00:00,0.0148826559816828,6.0,2025-09-29 09:56:00,28.1754,49.96794473182252,47.34977892134113,35,986.139,27.471014999999998,28.879785,2025-10-02 09:44:00,28.879785,TAKE_PROFIT,24.653474999999947,2.499999999999991
CRH,2025-09-26 00:00:00,2025-09-29 00:00:00,0.009009009009009,4.0,2025-09-29 10:05:00,112.17,49.41876393830106,42.032849278355705,8,897.36,109.36575,114.97425,2025-09-30 09:30:00,120.95,TAKE_PROFIT_GAP,70.24000000000001,7.827404831951501
FDX,2025-09-26 00:00:00,2025-09-29 00:00:00,0.0007608902415826,2.0,2025-09-29 10:05:00,235.35,41.0865298195751,39.577374606356784,4,941.4,229.46625,241.23375,2025-10-02 09:31:00,241.23375,TAKE_PROFIT,23.534999999999968,2.499999999999991
EOG,2025-09-26 00:00:00,2025-09-29 00:00:00,0.0188405797101449,7.0,2025-09-29 10:07:00,114.98,46.516813600609574,40.151873113757375,8,919.84,112.1055,117.85449999999999,2025-09-30 09:30:00,112.05,STOP_LOSS_GAP,-23.440000000000055,-2.548269264219871
AFL,2025-09-26 00:00:00,2025-09-29 00:00:00,0.0,1.0,2025-09-29 10:15:00,110.89,49.189582121353645,47.05243649191929,9,998.01,108.11775,113.66224999999999,2025-10-03 15:59:00,112.325,WEEK_END_CLOSE,12.91500000000002,1.2940752096672448
DUK,2025-09-26 00:00:00,2025-09-29 00:00:00,0.0315879339783722,10.0,2025-09-29 10:30:00,121.7,48.13785218471387,41.9888440137208,8,973.6,118.6575,124.74249999999999,2025-10-03 15:59:00,123.54,WEEK_END_CLOSE,14.720000000000027,1.5119145439605575
KKR,2025-09-29 00:00:00,2025-09-30 00:00:00,0.013016367887763,4.0,2025-09-30 09:45:00,134.25,44.19423521489392,43.14365996679743,7,939.75,130.89374999999998,137.60625,2025-09-30 10:07:00,130.89374999999998,STOP_LOSS,-23.49375000000012,-2.5000000000000133
AON,2025-09-29 00:00:00,2025-09-30 00:00:00,0.008695652173913,2.0,2025-09-30 09:49:00,353.86,53.124545926185625,52.1315944492511,2,707.72,345.0135,362.7065,2025-10-03 10:00:00,362.7065,TAKE_PROFIT,17.692999999999984,2.499999999999991
SPGI,2025-09-29 00:00:00,2025-09-30 00:00:00,0.0087336244541484,3.0,2025-09-30 09:53:00,489.695,48.081315731345086,46.58570535092471,2,979.39,477.45262499999995,501.937375,2025-10-02 09:34:00,477.45262499999995,STOP_LOSS,-24.484750000000076,-2.5000000000000133
ITW,2025-09-29 00:00:00,2025-09-30 00:00:00,0.1081081081081081,9.0,2025-09-30 10:05:00,261.095,47.25777339591885,45.49198545345078,3,783.2850000000001,254.56762500000002,267.622375,2025-10-03 15:59:00,259.95,WEEK_END_CLOSE,-3.435000000000116,-0.43853769700684664
ADI,2025-09-29 00:00:00,2025-09-30 00:00:00,0.0425243770314192,6.0,2025-09-30 10:17:00,246.505,59.54737271950536,58.14945617926791,4,986.02,240.342375,252.667625,2025-10-01 13:53:00,240.342375,STOP_LOSS,-24.650499999999965,-2.499999999999991
KKR,2025-09-29 00:00:00,2025-09-30 00:00:00,0.013016367887763,4.0,2025-09-30 10:37:00,128.82,31.05642481672217,28.128712356154765,7,901.74,125.59949999999999,132.04049999999998,2025-10-02 09:55:00,125.59949999999999,STOP_LOSS,-22.54350000000001,-2.500000000000002
BX,2025-09-29 00:00:00,2025-09-30 00:00:00,0.0411450442548441,5.0,2025-09-30 10:38:00,170.34,38.78302740049518,31.289903486385473,5,851.7,166.0815,174.5985,2025-10-03 15:59:00,168.47,WEEK_END_CLOSE,-9.350000000000023,-1.0978043912175717
TJX,2025-09-30 00:00:00,2025-10-01 00:00:00,0.0267755102040816,5.0,2025-10-01 09:49:00,144.4975,58.026162459378604,56.39242763012131,6,866.985,140.8850625,148.1099375,2025-10-03 15:59:00,141.32,WEEK_END_CLOSE,-19.065000000000055,-2.1989999826986684
CB,2025-09-30 00:00:00,2025-10-01 00:00:00,0.033487297921478,6.0,2025-10-01 09:54:00,282.19,57.416681696156694,54.63980312302039,3,846.5699999999999,275.13525,289.24474999999995,2025-10-03 15:59:00,283.92,WEEK_END_CLOSE,5.190000000000055,0.6130621212658172
JCI,2025-09-30 00:00:00,2025-10-01 00:00:00,0.0408375151410278,8.0,2025-10-01 10:01:00,108.13,48.625464050519454,47.28560380427425,9,973.17,105.42675,110.83324999999999,2025-10-03 15:59:00,108.79,WEEK_END_CLOSE,5.940000000000097,0.6103763987792554
EMR,2025-09-30 00:00:00,2025-10-01 00:00:00,0.0348837209302325,7.0,2025-10-01 10:10:00,130.19,50.3552378970336,50.076969265513995,7,911.3299999999999,126.93525,133.44475,2025-10-03 09:30:00,133.44475,TAKE_PROFIT,22.78325000000001,2.499999999999991
PH,2025-09-30 00:00:00,2025-10-01 00:00:00,0.0,1.0,2025-10-01 10:17:00,755.72,58.935853307114044,54.69132643431143,1,755.72,736.827,774.6129999999999,2025-10-03 15:59:00,763.34,WEEK_END_CLOSE,7.6200000000000045,1.0083099560683761
CMCSA,2025-10-01 00:00:00,2025-10-02 00:00:00,0.0008391608391608,2.0,2025-10-02 09:49:00,30.59,37.91178785566165,37.61776292144528,32,978.88,29.82525,31.354749999999996,2025-10-03 15:59:00,30.9,WEEK_END_CLOSE,9.919999999999959,1.0134030728996324
WBD,2025-10-01 00:00:00,2025-10-02 00:00:00,0.0733322693903606,9.0,2025-10-02 10:02:00,19.125,47.29198300329031,43.81037636288141,52,994.5,18.646874999999998,19.603125,2025-10-03 09:45:00,19.603125,TAKE_PROFIT,24.862499999999926,2.499999999999991
SPGI,2025-10-01 00:00:00,2025-10-02 00:00:00,0.0317460317460317,5.0,2025-10-02 10:04:00,481.97,50.72972865246483,44.403266041484244,2,963.94,469.92075,494.01925,2025-10-03 15:59:00,479.78,WEEK_END_CLOSE,-4.380000000000109,-0.45438512770505923
MCO,2025-10-01 00:00:00,2025-10-02 00:00:00,0.0746268656716417,10.0,2025-10-02 10:13:00,482.37,55.95011323616613,53.9100066430978,2,964.74,470.31075,494.42924999999997,2025-10-03 15:59:00,485.18,WEEK_END_CLOSE,5.6200000000000045,0.582540373572149
ICE,2025-10-01 00:00:00,2025-10-02 00:00:00,0.05,7.0,2025-10-02 10:23:00,162.1,44.99124543608933,44.97264223750423,6,972.5999999999999,158.04749999999999,166.15249999999997,2025-10-03 15:59:00,162.59,WEEK_END_CLOSE,2.9400000000000546,0.3022825416409747
NEE,2025-10-01 00:00:00,2025-10-02 00:00:00,0.0219537542218758,4.0,2025-10-02 10:25:00,77.83,46.6370502014641,45.75829490550987,12,933.96,75.88425,79.77574999999999,2025-10-03 10:19:00,79.77574999999999,TAKE_PROFIT,23.348999999999876,2.499999999999991
CMI,2025-10-01 00:00:00,2025-10-02 00:00:00,0.0342857142857142,6.0,2025-10-02 10:38:00,428.66,55.71507964715476,52.88308428196918,2,857.32,417.94350000000003,439.37649999999996,2025-10-03 15:59:00,432.82,WEEK_END_CLOSE,8.319999999999936,0.9704661036719076
NSC,2025-10-01 00:00:00,2025-10-02 00:00:00,0.0,1.0,2025-10-02 10:39:00,298.93,50.16374600834915,49.77830359736059,3,896.79,291.45675,306.40324999999996,2025-10-03 15:59:00,300.23,WEEK_END_CLOSE,3.900000000000034,0.43488442110193315
DASH,2025-10-02 00:00:00,2025-10-03 00:00:00,0.060826387657386,10.0,2025-10-03 09:45:00,271.05,63.55295457134977,59.22456550451098,3,813.1500000000001,264.27375,277.82625,2025-10-03 15:59:00,271.22,WEEK_END_CLOSE,0.5100000000000477,0.06271905552481805
UNP,2025-10-02 00:00:00,2025-10-03 00:00:00,0.0356472795497185,7.0,2025-10-03 09:50:00,235.82,61.237885160133565,57.81738305479445,4,943.28,229.9245,241.71549999999996,2025-10-03 15:59:00,236.78,WEEK_END_CLOSE,3.840000000000032,0.407090153506906
KMI,2025-10-02 00:00:00,2025-10-03 00:00:00,0.0153738991989651,3.0,2025-10-03 10:02:00,28.145,50.57183291980546,49.622918884395006,35,985.0749999999999,27.441374999999997,28.848625,2025-10-03 15:59:00,28.46,WEEK_END_CLOSE,11.025000000000045,1.119204121513584
AON,2025-10-02 00:00:00,2025-10-03 00:00:00,0.0,1.0,2025-10-03 10:31:00,363.675,62.49099205723986,58.441993457959576,2,727.35,354.583125,372.76687499999997,2025-10-03 15:59:00,363.81,WEEK_END_CLOSE,0.2699999999999818,0.03712105588780101
NEE,2025-10-02 00:00:00,2025-10-03 00:00:00,0.0505067015364498,9.0,2025-10-03 10:39:00,80.23,73.68357175132594,70.25450833486646,12,962.76,78.22425,82.23575,2025-10-03 15:59:00,80.08,WEEK_END_CLOSE,-1.8000000000000682,-0.18696248286177441
MSI,2025-10-02 00:00:00,2025-10-03 00:00:00,0.043103448275862,8.0,2025-10-03 11:11:00,455.94,65.10326648182834,62.910965342447966,2,911.88,444.5415,467.33849999999995,2025-10-03 15:59:00,452.77,WEEK_END_CLOSE,-6.340000000000032,-0.6952669210861129
FDX,2025-10-03 00:00:00,2025-10-06 00:00:00,0.0030372057706909,1.0,2025-10-06 09:46:00,245.0,57.96234426835938,53.28931010244329,4,980.0,238.875,251.12499999999997,2025-10-08 09:30:00,238.19,STOP_LOSS_GAP,-27.24000000000001,-2.779591836734696
WELL,2025-10-03 00:00:00,2025-10-06 00:00:00,0.0338983050847457,4.0,2025-10-06 09:46:00,173.83,34.20293589694542,33.07446183997323,5,869.1500000000001,169.48425,178.17575,2025-10-08 14:36:00,169.48425,STOP_LOSS,-21.728750000000048,-2.500000000000002
WMB,2025-10-03 00:00:00,2025-10-06 00:00:00,0.0150046168051708,3.0,2025-10-06 09:47:00,64.785,52.02537213590524,49.95506768487056,15,971.775,63.165375,66.404625,2025-10-07 10:30:00,63.165375,STOP_LOSS,-24.294374999999988,-2.500000000000002
ROST,2025-10-03 00:00:00,2025-10-06 00:00:00,0.03971119133574,5.0,2025-10-06 09:48:00,151.95,41.79772982456758,41.75155129201576,6,911.6999999999999,148.15124999999998,155.74874999999997,2025-10-10 11:37:00,148.15124999999998,STOP_LOSS,-22.792500000000075,-2.5000000000000133
SPGI,2025-10-03 00:00:00,2025-10-06 00:00:00,0.0714285714285714,9.0,2025-10-06 09:49:00,477.935,45.306695671670134,44.24969479498802,2,955.87,465.986625,489.88337499999994,2025-10-09 11:12:00,489.88337499999994,TAKE_PROFIT,23.896749999999884,2.499999999999991
AON,2025-10-03 00:00:00,2025-10-06 00:00:00,0.0727272727272727,10.0,2025-10-06 10:05:00,363.83,47.763570991708626,46.41432292101008,2,727.66,354.73425,372.92574999999994,2025-10-10 15:59:00,359.995,WEEK_END_CLOSE,-7.669999999999959,-1.0540637110738493
CMCSA,2025-10-03 00:00:00,2025-10-06 00:00:00,0.0032851511169513,2.0,2025-10-06 10:05:00,30.515,47.930809620514374,40.0901209848518,32,976.48,29.752125,31.277874999999998,2025-10-10 11:40:00,29.752125,STOP_LOSS,-24.412000000000035,-2.500000000000002
NEE,2025-10-03 00:00:00,2025-10-06 00:00:00,0.0459843525467028,7.0,2025-10-06 10:08:00,81.47,54.01675771747133,52.83903925415793,12,977.64,79.43325,83.50675,2025-10-07 09:56:00,83.50675,TAKE_PROFIT,24.440999999999974,2.499999999999991
EMR,2025-10-03 00:00:00,2025-10-06 00:00:00,0.0560747663551401,8.0,2025-10-06 10:12:00,133.415,46.2744069405116,46.192026695846,7,933.905,130.079625,136.750375,2025-10-10 11:02:00,130.079625,STOP_LOSS,-23.347624999999994,-2.500000000000002
ICE,2025-10-03 00:00:00,2025-10-06 00:00:00,0.0397672162948593,6.0,2025-10-06 10:12:00,159.12,38.796641282695084,35.016206673940545,6,954.72,155.142,163.09799999999998,2025-10-10 15:59:00,157.475,WEEK_END_CLOSE,-9.870000000000061,-1.033810960281556
BSX,2025-10-06 00:00:00,2025-10-07 00:00:00,0.011070110701107,4.0,2025-10-07 09:55:00,95.59,38.292949153414554,38.02033847760562,10,955.9000000000001,93.20025,97.97975,2025-10-10 15:59:00,95.41,WEEK_END_CLOSE,-1.8000000000000682,-0.18830421592217483
DHR,2025-10-06 00:00:00,2025-10-07 00:00:00,0.1022408963585434,10.0,2025-10-07 09:55:00,213.59,59.12507722948419,51.43907413167915,4,854.36,208.25025,218.92974999999998,2025-10-08 09:30:00,206.895,STOP_LOSS_GAP,-26.779999999999973,-3.1345100426049877
HPE,2025-10-06 00:00:00,2025-10-07 00:00:00,0.0074125449737743,2.0,2025-10-07 09:58:00,25.575,51.50011631138649,49.80478788665251,39,997.425,24.935624999999998,26.214374999999997,2025-10-07 11:13:00,24.935624999999998,STOP_LOSS,-24.935625000000044,-2.500000000000002
ITW,2025-10-06 00:00:00,2025-10-07 00:00:00,0.0892857142857142,9.0,2025-10-07 10:17:00,257.27,46.17938751010922,45.15135150687852,3,771.81,250.83825,263.70174999999995,2025-10-09 09:50:00,250.83825,STOP_LOSS,-19.29524999999998,-2.500000000000002
PCAR,2025-10-06 00:00:00,2025-10-07 00:00:00,0.0459016393442622,6.0,2025-10-07 10:44:00,97.03,45.578978921894155,39.742953720206955,10,970.3,94.60425,99.45575,2025-10-10 10:06:00,94.59,STOP_LOSS_GAP,-24.399999999999977,-2.5146861795320996
HPE,2025-10-06 00:00:00,2025-10-07 00:00:00,0.0074125449737743,2.0,2025-10-07 11:17:00,24.9951,42.901212653274264,38.13079733110905,40,999.8040000000001,24.3702225,25.619977499999997,2025-10-08 10:02:00,25.619977499999997,TAKE_PROFIT,24.995099999999866,2.499999999999991
NEE,2025-10-06 00:00:00,2025-10-07 00:00:00,0.0313060179257362,5.0,2025-10-07 11:19:00,83.79,52.95278987731794,51.50795199473545,11,921.69,81.69525,85.88475,2025-10-10 15:59:00,83.37,WEEK_END_CLOSE,-4.620000000000019,-0.5012531328320802
FDX,2025-10-07 00:00:00,2025-10-08 00:00:00,0.0089514066496163,4.0,2025-10-08 09:48:00,238.04,38.83951462322701,37.11408850874156,4,952.16,232.089,243.99099999999996,2025-10-10 11:19:00,232.089,STOP_LOSS,-23.803999999999974,-2.500000000000002
JCI,2025-10-07 00:00:00,2025-10-08 00:00:00,0.0222965440356744,6.0,2025-10-08 09:57:00,107.71,52.491174867195376,50.57801383913255,9,969.39,105.01724999999999,110.40274999999998,2025-10-10 15:59:00,105.57,WEEK_END_CLOSE,-19.260000000000005,-1.9868164515829512
USB,2025-10-07 00:00:00,2025-10-08 00:00:00,0.0414746543778801,8.0,2025-10-08 10:00:00,47.28,47.82569752116746,46.39992867306478,21,992.88,46.098,48.461999999999996,2025-10-10 11:33:00,46.098,STOP_LOSS,-24.822000000000045,-2.500000000000002
KMI,2025-10-07 00:00:00,2025-10-08 00:00:00,0.0063659905049633,3.0,2025-10-08 10:01:00,27.745,47.169320674825514,46.9428733731165,36,998.82,27.051375,28.438625,2025-10-10 15:59:00,27.1,WEEK_END_CLOSE,-23.219999999999985,-2.324743196972423
PH,2025-10-07 00:00:00,2025-10-08 00:00:00,0.0,1.0,2025-10-08 10:02:00,750.87,55.897998241922565,53.91413191042247,1,750.87,732.09825,769.6417499999999,2025-10-10 11:02:00,732.02,STOP_LOSS_GAP,-18.850000000000023,-2.510421244689498
MO,2025-10-07 00:00:00,2025-10-08 00:00:00,0.04300914131575,9.0,2025-10-08 10:08:00,65.59,42.36541052348246,42.22432281341547,15,983.85,63.950250000000004,67.22975,2025-10-10 15:59:00,66.53,WEEK_END_CLOSE,14.099999999999966,1.4331452965391067
AEP,2025-10-08 00:00:00,2025-10-09 00:00:00,0.0396419437340153,8.0,2025-10-09 10:04:00,118.45,63.63599311831975,61.126128722971316,8,947.6,115.48875,121.41125,2025-10-10 15:59:00,117.07,WEEK_END_CLOSE,-11.040000000000077,-1.1650485436893288
SHW,2025-10-08 00:00:00,2025-10-09 00:00:00,0.04,9.0,2025-10-09 10:04:00,335.275,47.686862913343234,45.85476069197179,2,670.55,326.893125,343.65687499999996,2025-10-10 15:59:00,332.87,WEEK_END_CLOSE,-4.809999999999945,-0.7173216016702622
NSC,2025-10-08 00:00:00,2025-10-09 00:00:00,0.0,1.0,2025-10-09 10:11:00,295.505,48.17850041860794,45.063396735202865,3,886.515,288.117375,302.89262499999995,2025-10-10 15:59:00,288.43,WEEK_END_CLOSE,-21.224999999999966,-2.394206527808329
CRH,2025-10-08 00:00:00,2025-10-09 00:00:00,0.0,3.0,2025-10-09 10:24:00,117.815,53.922177094065134,50.29550896619573,8,942.52,114.869625,120.76037499999998,2025-10-10 15:59:00,116.03,WEEK_END_CLOSE,-14.279999999999973,-1.5150872130034299
SPGI,2025-10-08 00:00:00,2025-10-09 00:00:00,0.03125,6.0,2025-10-09 12:01:00,489.7,55.30696735922665,52.43578114329246,2,979.4,477.4575,501.94249999999994,2025-10-10 15:59:00,486.045,WEEK_END_CLOSE,-7.309999999999945,-0.7463753318358135
MRK,2025-10-09 00:00:00,2025-10-10 00:00:00,0.0317319805250076,9.0,2025-10-10 10:09:00,87.26,51.76479672228311,50.222391511940074,11,959.86,85.0785,89.44149999999999,2025-10-10 15:59:00,86.025,WEEK_END_CLOSE,-13.584999999999994,-1.4153105661242282
EOG,2025-10-09 00:00:00,2025-10-10 00:00:00,0.0296080780421016,8.0,2025-10-10 10:25:00,110.085,49.134158713487345,44.87203253551498,9,990.765,107.33287499999999,112.83712499999999,2025-10-10 15:59:00,108.06,WEEK_END_CLOSE,-18.224999999999923,-1.8394876686196993
HLT,2025-10-09 00:00:00,2025-10-10 00:00:00,0.0132450331125827,4.0,2025-10-10 10:25:00,262.035,54.91491465803623,49.960224765669814,3,786.105,255.484125,268.585875,2025-10-10 15:59:00,259.54,WEEK_END_CLOSE,-7.485000000000014,-0.9521628790047143
TEL,2025-10-09 00:00:00,2025-10-10 00:00:00,0.0,2.0,2025-10-10 10:27:00,223.455,56.15274139866371,54.89851517311324,4,893.82,217.868625,229.041375,2025-10-10 11:31:00,217.86,STOP_LOSS_GAP,-22.379999999999995,-2.503859837551181
APH,2025-10-09 00:00:00,2025-10-10 00:00:00,0.0508701472556894,10.0,2025-10-10 10:42:00,125.305,47.26318590784775,45.59325684762544,7,877.135,122.172375,128.437625,2025-10-10 15:27:00,122.172375,STOP_LOSS,-21.92837500000003,-2.500000000000002
TEL,2025-10-09 00:00:00,2025-10-10 00:00:00,0.0,2.0,2025-10-10 11:42:00,217.94,40.66623179951981,36.32601899817447,4,871.76,212.4915,223.38849999999996,2025-10-10 15:59:00,214.61,WEEK_END_CLOSE,-13.319999999999936,-1.5279434706799933
CMCSA,2025-10-09 00:00:00,2025-10-10 00:00:00,0.006,3.0,2025-10-10 12:05:00,29.69,42.879551764043356,40.11215013714134,33,979.7700000000001,28.94775,30.43225,2025-10-10 15:59:00,29.46,WEEK_END_CLOSE,-7.590000000000014,-0.7746716066015513
ITW,2025-10-10 00:00:00,2025-10-13 00:00:00,0.0161290322580645,9.0,2025-10-13 09:46:00,245.46,50.812699628364,49.694606371323204,4,981.84,239.3235,251.5965,2025-10-17 15:59:00,249.4,WEEK_END_CLOSE,15.759999999999991,1.6051495151959472
CMCSA,2025-10-10 00:00:00,2025-10-13 00:00:00,0.0082530949105914,4.0,2025-10-13 09:47:00,29.545,52.24269642499572,49.03124932604774,33,974.985,28.806375000000003,30.283625,2025-10-17 15:59:00,29.525,WEEK_END_CLOSE,-0.6600000000001032,-0.06769334912846148
FDX,2025-10-10 00:00:00,2025-10-13 00:00:00,0.0009514747859181,1.0,2025-10-13 09:50:00,228.515,61.07648578029985,52.79849838557396,4,914.06,222.802125,234.22787499999995,2025-10-14 13:48:00,234.265,TAKE_PROFIT_GAP,23.0,2.516246198280192
KMI,2025-10-10 00:00:00,2025-10-13 00:00:00,0.0042674253200568,3.0,2025-10-13 09:50:00,27.1865,47.4522324357411,43.31381157895605,36,978.7139999999999,26.5068375,27.866162499999998,2025-10-17 15:59:00,27.38,WEEK_END_CLOSE,6.966000000000008,0.711750317253057
SLB,2025-10-10 00:00:00,2025-10-13 00:00:00,0.0035246727089627,2.0,2025-10-13 09:50:00,31.79,48.95250780227627,41.65754678808849,31,985.49,30.99525,32.58475,2025-10-14 11:41:00,32.58475,TAKE_PROFIT,24.637250000000016,2.499999999999991
AON,2025-10-10 00:00:00,2025-10-13 00:00:00,0.0088888888888888,5.0,2025-10-13 09:59:00,357.85,48.078003365009884,45.413897528714145,2,715.7,348.90375,366.79625,2025-10-16 09:30:00,348.90375,STOP_LOSS,-17.89250000000004,-2.500000000000002
PLD,2025-10-10 00:00:00,2025-10-13 00:00:00,0.0097087378640776,6.0,2025-10-13 10:03:00,112.44,58.095917155556464,54.91066285140141,8,899.52,109.62899999999999,115.25099999999999,2025-10-14 13:48:00,115.27,TAKE_PROFIT_GAP,22.639999999999986,2.5168979011028103
CDNS,2025-10-10 00:00:00,2025-10-13 00:00:00,0.0180722891566265,10.0,2025-10-13 10:05:00,328.01,50.50412785753312,49.63014815907418,3,984.03,319.80975,336.21025,2025-10-14 09:31:00,319.80975,STOP_LOSS,-24.600749999999948,-2.499999999999991
SO,2025-10-10 00:00:00,2025-10-13 00:00:00,0.0135135135135135,7.0,2025-10-13 10:16:00,97.565,49.2539788556121,48.61542409135269,10,975.65,95.125875,100.00412499999999,2025-10-15 09:31:00,100.00412499999999,TAKE_PROFIT,24.3912499999999,2.499999999999991
PH,2025-10-10 00:00:00,2025-10-13 00:00:00,0.0146396396396396,8.0,2025-10-13 10:39:00,730.685,53.10383106964476,51.139364638798824,1,730.685,712.417875,748.9521249999999,2025-10-17 15:59:00,733.67,WEEK_END_CLOSE,2.9850000000000136,0.40852077160473677
DLR,2025-10-13 00:00:00,2025-10-14 00:00:00,0.058083252662149,8.0,2025-10-14 09:50:00,170.27,51.04492306104729,50.83664191978126,5,851.35,166.01325,174.52675,2025-10-15 09:41:00,174.52675,TAKE_PROFIT,21.283749999999912,2.499999999999991
TEL,2025-10-13 00:00:00,2025-10-14 00:00:00,0.0294117647058823,7.0,2025-10-14 09:51:00,217.595,48.37368069932041,46.764065949184186,4,870.38,212.155125,223.03487499999997,2025-10-15 09:30:00,224.6,TAKE_PROFIT_GAP,28.019999999999982,3.2192835313311408
PFE,2025-10-13 00:00:00,2025-10-14 00:00:00,0.0714133322989196,10.0,2025-10-14 09:52:00,24.66,49.71888159792597,45.03612951811987,40,986.4,24.043499999999998,25.2765,2025-10-17 15:59:00,24.5199,WEEK_END_CLOSE,-5.604000000000013,-0.5681265206812669
APH,2025-10-13 00:00:00,2025-10-14 00:00:00,0.0196579830589739,4.0,2025-10-14 09:53:00,121.78,47.21798080416755,46.901359630124894,8,974.24,118.7355,124.82449999999999,2025-10-15 09:30:00,126.64,TAKE_PROFIT_GAP,38.879999999999995,3.9908030875349
SPGI,2025-10-13 00:00:00,2025-10-14 00:00:00,0.0245398773006134,6.0,2025-10-14 10:05:00,485.085,63.55617782912572,59.393363502219835,2,970.17,472.95787499999994,497.21212499999996,2025-10-16 12:30:00,472.95787499999994,STOP_LOSS,-24.25425000000007,-2.500000000000002
MCO,2025-10-13 00:00:00,2025-10-14 00:00:00,0.0204081632653061,5.0,2025-10-14 10:10:00,479.61,61.42596829962495,55.88047034216034,2,959.22,467.61975,491.60024999999996,2025-10-16 15:22:00,467.61975,STOP_LOSS,-23.980500000000006,-2.500000000000002
FDX,2025-10-13 00:00:00,2025-10-14 00:00:00,0.00431344356578,2.0,2025-10-14 14:34:00,234.42,59.60843960484166,59.258306560710636,4,937.68,228.55949999999999,240.28049999999996,2025-10-17 15:59:00,237.77,WEEK_END_CLOSE,13.400000000000091,1.429058954014173
WM,2025-10-14 00:00:00,2025-10-15 00:00:00,0.0650784427658338,10.0,2025-10-15 09:46:00,216.6607,38.45578914961629,38.16026425739144,4,866.6428,211.2441825,222.07721749999996,2025-10-17 15:59:00,215.48,WEEK_END_CLOSE,-4.7228000000000065,-0.5449534687186008
AJG,2025-10-14 00:00:00,2025-10-15 00:00:00,0.0,1.0,2025-10-15 09:48:00,302.35,54.53597610205868,49.96751394855333,3,907.0500000000001,294.79125,309.90875,2025-10-16 09:30:00,287.27,STOP_LOSS_GAP,-45.24000000000012,-4.987597155614365
DLR,2025-10-14 00:00:00,2025-10-15 00:00:00,0.0329218106995884,5.0,2025-10-15 10:00:00,175.72,60.75739927318619,58.18758245899932,5,878.6,171.327,180.11299999999997,2025-10-17 11:12:00,171.327,STOP_LOSS,-21.965000000000003,-2.500000000000002
MO,2025-10-14 00:00:00,2025-10-15 00:00:00,0.0619495299356754,9.0,2025-10-15 10:00:00,65.62,61.88029711562078,60.67441263865821,15,984.3000000000001,63.9795,67.2605,2025-10-17 15:59:00,65.04,WEEK_END_CLOSE,-8.699999999999974,-0.883876866808897
TMO,2025-10-14 00:00:00,2025-10-15 00:00:00,0.0411568409343715,7.0,2025-10-15 10:20:00,530.825,53.46187854373619,52.0577945641991,1,530.825,517.554375,544.095625,2025-10-16 09:30:00,544.36,TAKE_PROFIT_GAP,13.534999999999968,2.5498045495219612
APD,2025-10-14 00:00:00,2025-10-15 00:00:00,0.0351351351351351,6.0,2025-10-15 10:28:00,262.965,45.31408561540024,45.23154601375743,3,788.895,256.390875,269.53912499999996,2025-10-15 13:08:00,256.35,STOP_LOSS_GAP,-19.844999999999857,-2.5155438936740437
ECL,2025-10-14 00:00:00,2025-10-15 00:00:00,0.0084151472650771,4.0,2025-10-15 10:28:00,276.0665,63.132933732333115,57.714570662902744,3,828.1995000000001,269.16483750000003,282.9681625,2025-10-16 14:28:00,269.1525,STOP_LOSS_GAP,-20.742000000000132,-2.504469031918055
APD,2025-10-14 00:00:00,2025-10-15 00:00:00,0.0351351351351351,6.0,2025-10-15 13:21:00,256.15,43.636182447788194,33.41796590448633,3,768.4499999999999,249.74624999999997,262.55375,2025-10-17 15:59:00,253.23,WEEK_END_CLOSE,-8.759999999999962,-1.1399570564122552
WELL,2025-10-15 00:00:00,2025-10-16 00:00:00,0.0181818181818181,5.0,2025-10-16 09:55:00,173.02,51.76289341366349,50.27653959959385,5,865.1,168.6945,177.3455,2025-10-17 15:59:00,175.11,WEEK_END_CLOSE,10.450000000000017,1.2079528378222237
SLB,2025-10-15 00:00:00,2025-10-16 00:00:00,0.0399877899877899,7.0,2025-10-16 09:57:00,32.65,51.062869875743345,47.40222470817989,30,979.5,31.83375,33.466249999999995,2025-10-17 10:52:00,31.83375,STOP_LOSS,-24.487500000000004,-2.500000000000002
JCI,2025-10-15 00:00:00,2025-10-16 00:00:00,0.0186781609195402,6.0,2025-10-16 09:58:00,110.335,45.56594859540805,45.4871139272883,9,993.015,107.57662499999999,113.09337499999998,2025-10-17 15:59:00,108.84,WEEK_END_CLOSE,-13.454999999999913,-1.3549644265192229
TJX,2025-10-15 00:00:00,2025-10-16 00:00:00,0.0415300546448087,8.0,2025-10-16 10:00:00,143.52,47.88536153801737,41.95097966526451,6,861.1200000000001,139.93200000000002,147.108,2025-10-17 15:59:00,143.85,WEEK_END_CLOSE,1.9799999999999045,0.22993311036787478
CRH,2025-10-15 00:00:00,2025-10-16 00:00:00,0.0149094781682641,3.0,2025-10-16 10:03:00,117.76,41.53521168240506,39.625532343136555,8,942.08,114.816,120.704,2025-10-17 15:59:00,117.41,WEEK_END_CLOSE,-2.800000000000068,-0.2972146739130488
AJG,2025-10-15 00:00:00,2025-10-16 00:00:00,0.0434782608695652,9.0,2025-10-16 10:05:00,280.72,37.807894624433196,37.66074352660941,3,842.1600000000001,273.702,287.738,2025-10-17 15:59:00,280.63,WEEK_END_CLOSE,-0.2700000000000955,-0.03206041607296539
EMR,2025-10-15 00:00:00,2025-10-16 00:00:00,0.0458715596330275,10.0,2025-10-16 10:15:00,130.0,52.705769202945156,48.493361994444484,7,910.0,126.75,133.25,2025-10-17 15:59:00,129.31,WEEK_END_CLOSE,-4.829999999999984,-0.5307692307692236
ICE,2025-10-15 00:00:00,2025-10-16 00:00:00,0.0168195718654434,4.0,2025-10-16 10:29:00,155.73,43.46200293268358,41.587057231742754,6,934.3799999999999,151.83675,159.62324999999998,2025-10-17 15:59:00,153.575,WEEK_END_CLOSE,-12.930000000000007,-1.3838053040518883
EQIX,2025-10-16 00:00:00,2025-10-17 00:00:00,0.0434782608695652,4.0,2025-10-17 09:45:00,810.42,43.52652959479877,41.318191138962206,1,810.42,790.1595,830.6804999999999,2025-10-17 15:59:00,813.86,WEEK_END_CLOSE,3.4400000000000546,0.4244712618148627
SO,2025-10-16 00:00:00,2025-10-17 00:00:00,0.0505836575875486,5.0,2025-10-17 09:47:00,98.32,48.518805413646774,45.25388656837355,10,983.1999999999999,95.862,100.77799999999998,2025-10-17 15:59:00,97.79,WEEK_END_CLOSE,-5.299999999999869,-0.5390561432058405
SPGI,2025-10-16 00:00:00,2025-10-17 00:00:00,0.0515463917525773,6.0,2025-10-17 09:47:00,473.45,55.179381372216035,49.190332876898715,2,946.9,461.61375,485.28624999999994,2025-10-17 15:59:00,473.17,WEEK_END_CLOSE,-0.5599999999999454,-0.05914035272995832
REGN,2025-10-16 00:00:00,2025-10-17 00:00:00,0.0607356715141146,9.0,2025-10-17 09:48:00,573.0,66.96880042514553,55.78455114445975,1,573.0,558.675,587.3249999999999,2025-10-17 15:59:00,578.25,WEEK_END_CLOSE,5.25,0.9162303664921545
QCOM,2025-10-16 00:00:00,2025-10-17 00:00:00,0.0557783273705188,8.0,2025-10-17 09:51:00,163.22,50.11787948716433,49.825103098935195,6,979.3199999999999,159.1395,167.30049999999997,2025-10-17 15:59:00,163.441,WEEK_END_CLOSE,1.3260000000000218,0.1354000735203975
MDT,2025-10-16 00:00:00,2025-10-17 00:00:00,0.0339285714285714,2.0,2025-10-17 10:14:00,95.365,53.361234717450806,52.27286601790118,10,953.65,92.980875,97.74912499999999,2025-10-17 15:59:00,95.78,WEEK_END_CLOSE,4.1500000000000625,0.4351701357940607
BSX,2025-10-16 00:00:00,2025-10-17 00:00:00,0.0343915343915343,3.0,2025-10-17 10:27:00,98.93,63.12472209176467,60.866850634803036,10,989.3000000000001,96.45675,101.40325,2025-10-17 15:59:00,99.24,WEEK_END_CLOSE,3.0999999999998806,0.3133528757707449
AFL,2025-10-17 00:00:00,2025-10-20 00:00:00,0.0067796610169491,3.0,2025-10-20 09:45:00,108.0,54.592790418516024,47.1426680004432,9,972.0,105.3,110.69999999999999,2025-10-24 15:59:00,107.17,WEEK_END_CLOSE,-7.469999999999985,-0.7685185185185128
EQIX,2025-10-17 00:00:00,2025-10-20 00:00:00,0.0,1.0,2025-10-20 09:46:00,820.89,59.33356637951891,56.472082788594626,1,820.89,800.36775,841.4122499999999,2025-10-24 09:30:00,842.14,TAKE_PROFIT_GAP,21.25,2.588653778216332
FDX,2025-10-17 00:00:00,2025-10-20 00:00:00,0.0468384074941452,8.0,2025-10-20 09:47:00,240.14,58.107766884304795,53.63529972400943,4,960.56,234.13649999999998,246.14349999999996,2025-10-21 11:04:00,246.14349999999996,TAKE_PROFIT,24.013999999999896,2.499999999999991
ROST,2025-10-17 00:00:00,2025-10-20 00:00:00,0.0049875311720698,2.0,2025-10-20 09:50:00,157.15,53.97510631028624,52.237326099460354,6,942.9000000000001,153.22125,161.07874999999999,2025-10-24 15:59:00,156.79,WEEK_END_CLOSE,-2.160000000000082,-0.22908049634108307
SPGI,2025-10-17 00:00:00,2025-10-20 00:00:00,0.0526315789473684,9.0,2025-10-20 09:56:00,473.93,48.37455211953635,48.30524776095456,2,947.86,462.08175,485.77824999999996,2025-10-22 10:17:00,485.77824999999996,TAKE_PROFIT,23.6964999999999,2.499999999999991
CRH,2025-10-17 00:00:00,2025-10-20 00:00:00,0.0285714285714285,6.0,2025-10-20 10:02:00,117.235,52.332613532110805,49.404949350994855,8,937.88,114.304125,120.16587499999999,2025-10-24 09:33:00,120.16587499999999,TAKE_PROFIT,23.44699999999989,2.499999999999991
DHR,2025-10-17 00:00:00,2025-10-20 00:00:00,0.0664804469273743,10.0,2025-10-20 10:07:00,209.7,51.253339147204905,50.92717637763545,4,838.8,204.45749999999998,214.94249999999997,2025-10-21 09:30:00,223.5,TAKE_PROFIT_GAP,55.200000000000045,6.580829756795437
CMCSA,2025-10-17 00:00:00,2025-10-20 00:00:00,0.0079268292682926,4.0,2025-10-20 10:13:00,29.505,54.44187909934285,50.817107430358,33,973.665,28.767374999999998,30.242624999999997,2025-10-24 15:59:00,29.27,WEEK_END_CLOSE,-7.754999999999981,-0.7964751736993736
MCO,2025-10-17 00:00:00,2025-10-20 00:00:00,0.0273722627737226,5.0,2025-10-20 10:21:00,472.82,53.58643432956082,53.15184829608688,2,945.64,460.99949999999995,484.6405,2025-10-21 13:12:00,484.6405,TAKE_PROFIT,23.640999999999963,2.499999999999991
PH,2025-10-17 00:00:00,2025-10-20 00:00:00,0.0389610389610389,7.0,2025-10-20 10:40:00,743.25,58.37257372102798,55.30301595493921,1,743.25,724.6687499999999,761.83125,2025-10-23 14:57:00,761.83125,TAKE_PROFIT,18.581249999999955,2.499999999999991
APD,2025-10-20 00:00:00,2025-10-21 00:00:00,0.0483870967741935,7.0,2025-10-21 09:49:00,254.255,60.35752229014748,59.31019485273686,3,762.765,247.89862499999998,260.61137499999995,2025-10-24 15:59:00,254.92,WEEK_END_CLOSE,1.9949999999999761,0.2615484454582928
EMR,2025-10-20 00:00:00,2025-10-21 00:00:00,0.0261437908496732,3.0,2025-10-21 09:49:00,130.255,55.65656485529697,55.33675025456771,7,911.785,126.99862499999999,133.511375,2025-10-22 09:33:00,133.511375,TAKE_PROFIT,22.79462499999994,2.499999999999991
AON,2025-10-20 00:00:00,2025-10-21 00:00:00,0.034090909090909,4.0,2025-10-21 09:59:00,344.485,51.34057068397566,51.1042215550029,2,688.97,335.872875,353.097125,2025-10-24 15:59:00,337.66,WEEK_END_CLOSE,-13.649999999999977,-1.9812183404212091
MDLZ,2025-10-20 00:00:00,2025-10-21 00:00:00,0.0483870967741935,6.0,2025-10-21 10:05:00,62.815,53.431186958217964,49.941726007477875,15,942.2249999999999,61.244625,64.385375,2025-10-22 09:31:00,61.244625,STOP_LOSS,-23.555624999999978,-2.500000000000002
CI,2025-10-20 00:00:00,2025-10-21 00:00:00,0.0563663814796175,9.0,2025-10-21 10:08:00,305.495,52.14851130898961,50.25039675060956,3,916.485,297.857625,313.13237499999997,2025-10-24 15:59:00,301.74,WEEK_END_CLOSE,-11.264999999999986,-1.229152686623347
AMGN,2025-10-20 00:00:00,2025-10-21 00:00:00,0.020800627943485,2.0,2025-10-21 10:20:00,299.24,48.021973254550204,45.762774516241436,3,897.72,291.759,306.721,2025-10-24 09:51:00,291.759,STOP_LOSS,-22.442999999999984,-2.500000000000002
FDX,2025-10-20 00:00:00,2025-10-21 00:00:00,0.0389380530973451,5.0,2025-10-21 12:23:00,244.81,52.31801302884918,49.25739344888316,4,979.24,238.68975,250.93024999999997,2025-10-23 10:07:00,238.68975,STOP_LOSS,-24.480999999999995,-2.500000000000002
RSG,2025-10-21 00:00:00,2025-10-22 00:00:00,0.09009009009009,8.0,2025-10-22 09:47:00,220.97,50.02202888973608,47.09256644830335,4,883.88,215.44575,226.49424999999997,2025-10-24 15:59:00,223.14,WEEK_END_CLOSE,8.67999999999995,0.9820337602389317
CSX,2025-10-21 00:00:00,2025-10-22 00:00:00,0.0256983240223463,3.0,2025-10-22 09:48:00,36.205,54.842091307496254,52.83905693510986,27,977.535,35.299875,37.110125,2025-10-24 15:59:00,36.13,WEEK_END_CLOSE,-2.024999999999885,-0.20715370805136635
NSC,2025-10-21 00:00:00,2025-10-22 00:00:00,0.0898203592814371,7.0,2025-10-22 09:48:00,290.7,52.383428061311946,49.55934812968401,3,872.0999999999999,283.4325,297.9675,2025-10-23 15:37:00,283.4325,STOP_LOSS,-21.802499999999952,-2.499999999999991
ITW,2025-10-21 00:00:00,2025-10-22 00:00:00,0.0068130204390613,1.0,2025-10-22 10:06:00,255.36,47.46937225829006,47.098411780160355,3,766.08,248.976,261.74399999999997,2025-10-24 09:30:00,248.976,STOP_LOSS,-19.152000000000044,-2.500000000000002
SHW,2025-10-21 00:00:00,2025-10-22 00:00:00,0.0963364993215739,9.0,2025-10-22 10:08:00,334.57,44.07006695266341,39.56912581023535,2,669.14,326.20574999999997,342.93424999999996,2025-10-24 15:59:00,334.02,WEEK_END_CLOSE,-1.1000000000000227,-0.1643901126819558
DUK,2025-10-21 00:00:00,2025-10-22 00:00:00,0.0636550308008213,5.0,2025-10-22 10:10:00,128.31,62.199269739106796,60.58097213454738,7,898.1700000000001,125.10225,131.51774999999998,2025-10-24 15:59:00,127.39,WEEK_END_CLOSE,-6.440000000000012,-0.7170134829709296
WELL,2025-10-21 00:00:00,2025-10-22 00:00:00,0.0687022900763358,6.0,2025-10-22 10:14:00,176.13,61.43964262467267,58.09152237563061,5,880.65,171.72674999999998,180.53324999999998,2025-10-24 15:59:00,178.08,WEEK_END_CLOSE,9.750000000000085,1.1071367739737825
JCI,2025-10-21 00:00:00,2025-10-22 00:00:00,0.108695652173913,10.0,2025-10-22 10:46:00,109.37,39.16653532748355,38.30951425835603,9,984.33,106.63575,112.10425,2025-10-24 09:31:00,112.10425,TAKE_PROFIT,24.6082499999999,2.499999999999991
KKR,2025-10-22 00:00:00,2025-10-23 00:00:00,0.0498090940645609,5.0,2025-10-23 09:48:00,123.525,52.563622302380494,51.19848759425152,8,988.2,120.436875,126.613125,2025-10-23 10:14:00,120.436875,STOP_LOSS,-24.70500000000004,-2.500000000000002
MRK,2025-10-22 00:00:00,2025-10-23 00:00:00,0.0796434169278996,8.0,2025-10-23 09:48:00,87.76,49.56206348556558,46.46343434186208,11,965.36,85.566,89.954,2025-10-24 15:59:00,87.47,WEEK_END_CLOSE,-3.190000000000069,-0.330446672743856
ABBV,2025-10-22 00:00:00,2025-10-23 00:00:00,0.0709745762711864,7.0,2025-10-23 09:59:00,228.16,45.31868333721652,44.37260742884908,4,912.64,222.456,233.86399999999998,2025-10-24 15:59:00,228.0,WEEK_END_CLOSE,-0.6399999999999864,-0.07012622720897754
SPGI,2025-10-22 00:00:00,2025-10-23 00:00:00,0.0024912805181863,1.0,2025-10-23 10:01:00,481.385,52.89690471821175,48.571347961296304,2,962.77,469.350375,493.41962499999994,2025-10-24 15:59:00,489.45,WEEK_END_CLOSE,16.129999999999995,1.6753741807493006
MO,2025-10-22 00:00:00,2025-10-23 00:00:00,0.0827175208581644,9.0,2025-10-23 10:02:00,64.36,54.612280588850545,50.14578989056696,15,965.4,62.751,65.969,2025-10-24 15:59:00,64.67,WEEK_END_CLOSE,4.650000000000034,0.48166563082661096
PFE,2025-10-22 00:00:00,2025-10-23 00:00:00,0.0838113640480647,10.0,2025-10-23 10:02:00,24.645,51.41312357599478,50.87377930902422,40,985.8,24.028875,25.261124999999996,2025-10-24 15:59:00,24.775,WEEK_END_CLOSE,5.19999999999996,0.527490363156824
FDX,2025-10-22 00:00:00,2025-10-23 00:00:00,0.0688524590163934,6.0,2025-10-23 10:28:00,236.49,46.61824634189958,39.513367417520605,4,945.96,230.57775,242.40224999999998,2025-10-24 15:59:00,241.17,WEEK_END_CLOSE,18.719999999999914,1.9789420271470126
KKR,2025-10-22 00:00:00,2025-10-23 00:00:00,0.0498090940645609,5.0,2025-10-23 10:31:00,120.245,40.231779108116186,39.0929925884459,8,961.96,117.23887500000001,123.25112499999999,2025-10-24 09:38:00,123.25112499999999,TAKE_PROFIT,24.048999999999864,2.499999999999991
LOW,2025-10-23 00:00:00,2025-10-24 00:00:00,0.0761865112406328,6.0,2025-10-24 09:50:00,245.34,54.07588250186252,52.51319258523302,4,981.36,239.2065,251.47349999999997,2025-10-24 15:59:00,242.72,WEEK_END_CLOSE,-10.480000000000018,-1.0679057634303435
JCI,2025-10-23 00:00:00,2025-10-24 00:00:00,0.0047169811320754,2.0,2025-10-24 09:52:00,112.755,61.7256654472229,58.16539785146798,8,902.04,109.93612499999999,115.57387499999999,2025-10-24 15:59:00,112.94,WEEK_END_CLOSE,1.4800000000000182,0.16407254667198945
EQIX,2025-10-23 00:00:00,2025-10-24 00:00:00,0.0777777777777777,7.0,2025-10-24 10:03:00,845.71,63.60905091024131,63.45268564591514,1,845.71,824.5672500000001,866.85275,2025-10-24 15:59:00,839.85,WEEK_END_CLOSE,-5.860000000000014,-0.6929089167681646
KKR,2025-10-23 00:00:00,2025-10-24 00:00:00,0.0545411985018726,4.0,2025-10-24 10:04:00,123.395,59.57284387126948,58.61862784207661,8,987.16,120.310125,126.47987499999998,2025-10-24 15:59:00,121.2899,WEEK_END_CLOSE,-16.840799999999945,-1.7059848454151205
SO,2025-10-23 00:00:00,2025-10-24 00:00:00,0.0940860215053763,10.0,2025-10-24 10:05:00,96.19,49.48982326780577,42.156288266451845,10,961.9,93.78524999999999,98.59474999999999,2025-10-24 15:59:00,95.87,WEEK_END_CLOSE,-3.199999999999932,-0.33267491423224493
KMI,2025-10-23 00:00:00,2025-10-24 00:00:00,0.0239255981399535,3.0,2025-10-24 10:53:00,26.135,45.6813529018237,45.04745955820502,38,993.1300000000001,25.481625,26.788375,2025-10-24 15:59:00,25.865,WEEK_END_CLOSE,-10.260000000000119,-1.033097378993697
JCI,2025-10-24 00:00:00,2025-10-27 00:00:00,0.0344669117647058,5.0,2025-10-27 09:46:00,114.2151,63.46032616097802,60.52118075938072,8,913.7208,111.3597225,117.0704775,2025-10-31 15:59:00,114.39,WEEK_END_CLOSE,1.3991999999999507,0.1531321165064714
ORLY,2025-10-24 00:00:00,2025-10-27 00:00:00,0.0204285555678916,3.0,2025-10-27 09:47:00,96.09,40.23012418644832,35.581242256849485,10,960.9000000000001,93.68775,98.49225,2025-10-31 15:59:00,94.47,WEEK_END_CLOSE,-16.200000000000045,-1.6859194505151498
AON,2025-10-24 00:00:00,2025-10-27 00:00:00,0.0334869431643625,4.0,2025-10-27 09:49:00,336.785,46.83579532996937,45.8911778631156,2,673.57,328.36537500000003,345.204625,2025-10-29 09:30:00,327.93,STOP_LOSS_GAP,-17.710000000000036,-2.6292738690856243
TJX,2025-10-24 00:00:00,2025-10-27 00:00:00,0.0876002467612584,9.0,2025-10-27 09:50:00,142.385,48.71345110254865,46.30978203603925,7,996.6949999999999,138.82537499999998,145.94462499999997,2025-10-31 15:59:00,140.13,WEEK_END_CLOSE,-15.784999999999968,-1.5837342416687106
PWR,2025-10-24 00:00:00,2025-10-27 00:00:00,0.0813953488372093,8.0,2025-10-27 09:52:00,444.96,56.28736877260826,51.550450695472065,2,889.92,433.83599999999996,456.08399999999995,2025-10-29 11:12:00,456.205,TAKE_PROFIT_GAP,22.49000000000001,2.5271934555915143
CMCSA,2025-10-24 00:00:00,2025-10-27 00:00:00,0.0062408223201174,2.0,2025-10-27 09:57:00,29.605,54.19196193224908,52.55940884490272,33,976.965,28.864875,30.345125,2025-10-29 13:02:00,28.864875,STOP_LOSS,-24.424124999999968,-2.500000000000002
FDX,2025-10-24 00:00:00,2025-10-27 00:00:00,0.0029899429192715,1.0,2025-10-27 09:57:00,245.46,53.56063001425471,51.28775327038348,4,981.84,239.3235,251.5965,2025-10-28 09:30:00,251.5965,TAKE_PROFIT,24.545999999999935,2.499999999999991
KKR,2025-10-24 00:00:00,2025-10-27 00:00:00,0.0729613733905579,6.0,2025-10-27 10:19:00,123.2,52.14169483290663,48.00529652564771,8,985.6,120.12,126.27999999999999,2025-10-29 09:30:00,119.73,STOP_LOSS_GAP,-27.75999999999999,-2.8165584415584366
WBD,2025-10-24 00:00:00,2025-10-27 00:00:00,0.0949861263470349,10.0,2025-10-27 10:32:00,21.145,49.86552551913998,48.75056276398554,47,993.8149999999999,20.616374999999998,21.673624999999998,2025-10-29 11:24:00,21.673624999999998,TAKE_PROFIT,24.845374999999912,2.499999999999991
WELL,2025-10-24 00:00:00,2025-10-27 00:00:00,0.0756302521008403,7.0,2025-10-27 11:08:00,179.025,53.174542672865094,52.732628550257,5,895.125,174.549375,183.50062499999999,2025-10-28 09:30:00,189.53,TAKE_PROFIT_GAP,52.52499999999998,5.867895545314905
ISRG,2025-10-27 00:00:00,2025-10-28 00:00:00,0.1264559068219634,9.0,2025-10-28 09:46:00,551.2,59.95366196630265,56.647346842059356,1,551.2,537.4200000000001,564.98,2025-10-29 14:35:00,537.4200000000001,STOP_LOSS,-13.779999999999973,-2.499999999999991
NOC,2025-10-27 00:00:00,2025-10-28 00:00:00,0.1157894736842105,8.0,2025-10-28 09:51:00,594.21,51.91924026196881,46.128261353113906,1,594.21,579.35475,609.06525,2025-10-30 15:35:00,579.18,STOP_LOSS_GAP,-15.030000000000086,-2.5294087948705135
FDX,2025-10-27 00:00:00,2025-10-28 00:00:00,0.0481162051747616,4.0,2025-10-28 09:53:00,250.91,51.76051205435595,50.12319897888855,3,752.73,244.63725,257.18275,2025-10-31 15:59:00,253.93,WEEK_END_CLOSE,9.06000000000003,1.2036188274680226
KMI,2025-10-27 00:00:00,2025-10-28 00:00:00,0.0922442941673711,7.0,2025-10-28 09:54:00,25.935,46.01461168538032,45.036570186039,38,985.53,25.286624999999997,26.583374999999997,2025-10-31 15:59:00,26.19,WEEK_END_CLOSE,9.690000000000097,0.9832272990167867
MSI,2025-10-27 00:00:00,2025-10-28 00:00:00,0.081081081081081,6.0,2025-10-28 09:58:00,442.51,56.192284940290094,51.82223230139889,2,885.02,431.44725,453.5727499999999,2025-10-29 15:36:00,431.2501,STOP_LOSS_GAP,-22.519800000000032,-2.544552665476485
HPE,2025-10-27 00:00:00,2025-10-28 00:00:00,0.0119565217391304,2.0,2025-10-28 10:03:00,23.82,48.41893672086364,48.28810390832804,41,976.62,23.2245,24.415499999999998,2025-10-28 14:40:00,24.415499999999998,TAKE_PROFIT,24.415499999999906,2.499999999999991
SO,2025-10-27 00:00:00,2025-10-28 00:00:00,0.024,3.0,2025-10-28 10:04:00,94.905,58.183902478848175,49.91294300704449,10,949.05,92.532375,97.27762499999999,2025-10-31 15:59:00,94.055,WEEK_END_CLOSE,-8.499999999999943,-0.8956324745798327
MPC,2025-10-27 00:00:00,2025-10-28 00:00:00,0.1337209302325581,10.0,2025-10-28 10:08:00,194.2566,50.01279599867758,47.89576559549451,5,971.2829999999999,189.400185,199.11301499999996,2025-10-30 10:36:00,199.11301499999996,TAKE_PROFIT,24.28207499999985,2.499999999999991
LIN,2025-10-27 00:00:00,2025-10-28 00:00:00,0.0519480519480519,5.0,2025-10-28 10:46:00,446.675,56.6667959039844,53.81409164019996,2,893.35,435.508125,457.84187499999996,2025-10-29 11:09:00,435.508125,STOP_LOSS,-22.33375000000001,-2.500000000000002
HPE,2025-10-27 00:00:00,2025-10-28 00:00:00,0.0119565217391304,2.0,2025-10-28 14:54:00,24.425,55.7079716596333,54.02679969111393,40,977.0,23.814375000000002,25.035625,2025-10-31 15:59:00,24.42,WEEK_END_CLOSE,-0.1999999999999602,-0.020470829068575114
HON,2025-10-28 00:00:00,2025-10-29 00:00:00,0.0405345865765898,4.0,2025-10-29 09:50:00,201.3195,50.6441782322905,49.14086103233091,4,805.278,196.2865125,206.3524875,2025-10-31 15:59:00,201.35,WEEK_END_CLOSE,0.12199999999995725,0.015150047561207636
ITW,2025-10-28 00:00:00,2025-10-29 00:00:00,0.04251968503937,6.0,2025-10-29 10:04:00,245.76,47.3912010520391,47.24482307056137,4,983.04,239.61599999999999,251.90399999999997,2025-10-31 15:59:00,243.93,WEEK_END_CLOSE,-7.319999999999936,-0.7446289062499889
AMGN,2025-10-28 00:00:00,2025-10-29 00:00:00,0.0527823240589198,10.0,2025-10-29 10:08:00,292.27,60.49060265144426,55.90638212078394,3,876.81,284.96324999999996,299.57674999999995,2025-10-31 15:59:00,298.4,WEEK_END_CLOSE,18.389999999999986,2.0973757142368266
TT,2025-10-28 00:00:00,2025-10-29 00:00:00,0.0440340909090909,7.0,2025-10-29 10:24:00,431.105,49.172437549343165,49.04757694102344,2,862.21,420.327375,441.88262499999996,2025-10-30 09:31:00,420.327375,STOP_LOSS,-21.55525,-2.500000000000002
CMCSA,2025-10-28 00:00:00,2025-10-29 00:00:00,0.0310434916244044,3.0,2025-10-29 13:09:00,28.875,45.794294522314225,42.607886965453304,34,981.75,28.153125,29.596874999999997,2025-10-30 09:30:00,26.09,STOP_LOSS_GAP,-94.69,-9.645021645021645
CRH,2025-10-29 00:00:00,2025-10-30 00:00:00,0.0588235294117647,8.0,2025-10-30 09:48:00,117.64,53.892410021938936,46.55537710095682,8,941.12,114.699,120.58099999999999,2025-10-31 15:59:00,119.1,WEEK_END_CLOSE,11.67999999999995,1.2410744644678617
CTAS,2025-10-29 00:00:00,2025-10-30 00:00:00,0.0344827586206896,4.0,2025-10-30 09:48:00,184.43,49.659398428364014,49.371809294392634,5,922.1500000000001,179.81925,189.04075,2025-10-31 15:59:00,183.27,WEEK_END_CLOSE,-5.799999999999983,-0.6289649189394342
AFL,2025-10-29 00:00:00,2025-10-30 00:00:00,0.0158730158730158,2.0,2025-10-30 09:59:00,106.77,58.03179576612173,55.64356652313864,9,960.93,104.10074999999999,109.43924999999999,2025-10-31 15:59:00,107.2,WEEK_END_CLOSE,3.8700000000000614,0.40273485061348424
EMR,2025-10-29 00:00:00,2025-10-30 00:00:00,0.0519480519480519,6.0,2025-10-30 10:08:00,137.42,55.63701919943646,55.422109121008965,7,961.9399999999999,133.9845,140.85549999999998,2025-10-31 15:59:00,139.56,WEEK_END_CLOSE,14.980000000000103,1.5572696841799072
DHR,2025-10-29 00:00:00,2025-10-30 00:00:00,0.0640138408304498,9.0,2025-10-30 10:10:00,214.77,49.24211533943834,47.39879033122727,4,859.08,209.40075000000002,220.13925,2025-10-31 15:59:00,215.38,WEEK_END_CLOSE,2.439999999999941,0.2840247706849208
SPGI,2025-10-29 00:00:00,2025-10-30 00:00:00,0.0568965517241379,7.0,2025-10-30 10:10:00,496.5941,60.22661940555028,59.830993089152614,2,993.1882,484.17924750000003,509.00895249999996,2025-10-31 15:59:00,487.08,WEEK_END_CLOSE,-19.028200000000083,-1.9158705268548348
AON,2025-10-29 00:00:00,2025-10-30 00:00:00,0.0432098765432098,5.0,2025-10-30 10:16:00,327.78,54.441331571711096,54.30749868509613,3,983.3399999999999,319.58549999999997,335.9744999999999,2025-10-31 09:30:00,336.43,TAKE_PROFIT_GAP,25.950000000000102,2.6389651595582597
DLR,2025-10-29 00:00:00,2025-10-30 00:00:00,0.0890052356020942,10.0,2025-10-30 10:17:00,170.95,57.502063007067775,53.60427659726067,5,854.75,166.67624999999998,175.22374999999997,2025-10-31 15:59:00,170.52,WEEK_END_CLOSE,-2.149999999999892,-0.2515355367066263
BRK.B,2025-10-30 00:00:00,2025-10-31 00:00:00,0.0800832342449465,8.0,2025-10-31 09:45:00,477.03,45.298275522509,42.88817799962835,2,954.06,465.10425,488.9557499999999,2025-10-31 15:59:00,477.89,WEEK_END_CLOSE,1.7200000000000273,0.18028216254744045
RTX,2025-10-30 00:00:00,2025-10-31 00:00:00,0.0158687896054103,3.0,2025-10-31 09:47:00,177.2275,44.1094868302123,40.90541086588189,5,886.1374999999999,172.7968125,181.65818749999997,2025-10-31 15:59:00,178.59,WEEK_END_CLOSE,6.812500000000057,0.7687858825520921
ICE,2025-10-30 00:00:00,2025-10-31 00:00:00,0.0884450784593438,9.0,2025-10-31 09:48:00,147.33,45.95777612458518,43.58733297397896,6,883.98,143.64675,151.01325,2025-10-31 15:59:00,146.26,WEEK_END_CLOSE,-6.42000000000013,-0.7262607751306716
AJG,2025-10-30 00:00:00,2025-10-31 00:00:00,0.0116924875767319,2.0,2025-10-31 10:00:00,247.0,45.9867892712976,39.30260157390682,4,988.0,240.825,253.17499999999998,2025-10-31 15:59:00,249.66,WEEK_END_CLOSE,10.639999999999986,1.0769230769230864
AON,2025-10-30 00:00:00,2025-10-31 00:00:00,0.0388369051212395,4.0,2025-10-31 10:04:00,347.57,62.68604783477418,62.60297416152022,2,695.14,338.88075,356.25924999999995,2025-10-31 13:32:00,338.88075,STOP_LOSS,-17.37850000000003,-2.500000000000002
MDT,2025-10-30 00:00:00,2025-10-31 00:00:00,0.0392670157068062,5.0,2025-10-31 10:09:00,91.04,54.38432759363886,48.39634861013867,10,910.4000000000001,88.76400000000001,93.316,2025-10-31 15:59:00,90.7,WEEK_END_CLOSE,-3.400000000000034,-0.3734622144112465
CMCSA,2025-10-30 00:00:00,2025-10-31 00:00:00,0.0744332646381379,7.0,2025-10-31 10:11:00,27.059,45.52831909690117,45.471477952467964,36,974.124,26.382525,27.735474999999997,2025-10-31 15:32:00,27.735474999999997,TAKE_PROFIT,24.35309999999987,2.499999999999991
DASH,2025-10-30 00:00:00,2025-10-31 00:00:00,0.0479677226539151,6.0,2025-10-31 10:13:00,259.2,58.78041825238411,56.602764487967114,3,777.5999999999999,252.71999999999997,265.67999999999995,2025-10-31 15:59:00,254.36,WEEK_END_CLOSE,-14.519999999999925,-1.8672839506172711
PFE,2025-10-30 00:00:00,2025-10-31 00:00:00,0.0969076588311011,10.0,2025-10-31 10:31:00,24.4993,52.07631256379395,51.62715864589129,40,979.9720000000001,23.8868175,25.1117825,2025-10-31 15:59:00,24.65,WEEK_END_CLOSE,6.027999999999878,0.6151196156624739
AON,2025-10-30 00:00:00,2025-10-31 00:00:00,0.0388369051212395,4.0,2025-10-31 13:44:00,338.45,36.027378654683126,34.88878909481937,2,676.9,329.98875,346.91124999999994,2025-10-31 15:59:00,340.83,WEEK_END_CLOSE,4.759999999999991,0.7032057911065204
DHR,2025-10-31 00:00:00,2025-11-03 00:00:00,0.0634146341463414,6.0,2025-11-03 09:46:00,213.59,45.026275339113944,43.665239776958636,4,854.36,208.25025,218.92974999999998,2025-11-07 10:11:00,208.25025,STOP_LOSS,-21.359000000000037,-2.500000000000002
ECL,2025-10-31 00:00:00,2025-11-03 00:00:00,0.0088888888888888,2.0,2025-11-03 09:46:00,252.525,33.99788644858552,33.205843633786266,3,757.575,246.211875,258.838125,2025-11-04 10:53:00,258.838125,TAKE_PROFIT,18.939374999999956,2.499999999999991
EMR,2025-10-31 00:00:00,2025-11-03 00:00:00,0.0952380952380952,10.0,2025-11-03 09:55:00,138.71,49.81524102872908,48.37004698384616,7,970.97,135.24225,142.17775,2025-11-05 09:30:00,129.49,STOP_LOSS_GAP,-64.53999999999999,-6.646961286136543
PCAR,2025-10-31 00:00:00,2025-11-03 00:00:00,0.0876712328767123,8.0,2025-11-03 09:58:00,96.88,42.39630438369101,41.003400952713015,10,968.8,94.458,99.30199999999999,2025-11-05 12:02:00,99.30199999999999,TAKE_PROFIT,24.21999999999997,2.499999999999991
CME,2025-10-31 00:00:00,2025-11-03 00:00:00,0.0454545454545454,5.0,2025-11-03 09:59:00,262.19,41.53924130924368,40.832295529607826,3,786.5699999999999,255.63524999999998,268.74474999999995,2025-11-05 09:31:00,268.74474999999995,TAKE_PROFIT,19.664249999999868,2.499999999999991
BSX,2025-10-31 00:00:00,2025-11-03 00:00:00,0.0654205607476635,7.0,2025-11-03 10:00:00,99.12,45.04848368178693,41.832376594447005,10,991.2,96.642,101.598,2025-11-07 15:59:00,100.0,WEEK_END_CLOSE,8.799999999999955,0.8878127522195189
FDX,2025-10-31 00:00:00,2025-11-03 00:00:00,0.0028885037550548,1.0,2025-11-03 10:01:00,251.885,47.864316093685005,45.969051074459806,3,755.655,245.587875,258.182125,2025-11-05 12:05:00,258.182125,TAKE_PROFIT,18.891374999999982,2.499999999999991
ALL,2025-10-31 00:00:00,2025-11-03 00:00:00,0.088235294117647,9.0,2025-11-03 10:02:00,189.5532,51.914683019436886,47.62985353252645,5,947.7660000000001,184.81437,194.29202999999998,2025-11-04 14:47:00,194.29202999999998,TAKE_PROFIT,23.694149999999894,2.499999999999991
HPE,2025-10-31 00:00:00,2025-11-03 00:00:00,0.037108744756373,4.0,2025-11-03 10:08:00,24.585,53.36755194817881,52.241240044805295,40,983.4000000000001,23.970375,25.199624999999997,2025-11-04 09:30:00,23.935,STOP_LOSS_GAP,-26.000000000000085,-2.64388854992883
AON,2025-10-31 00:00:00,2025-11-03 00:00:00,0.0302919708029197,3.0,2025-11-03 10:28:00,332.495,37.66905559779721,36.86619801704127,3,997.485,324.182625,340.807375,2025-11-04 09:30:00,340.807375,TAKE_PROFIT,24.937124999999924,2.499999999999991
LIN,2025-11-03 00:00:00,2025-11-04 00:00:00,0.0411764705882352,4.0,2025-11-04 09:46:00,416.425,58.487489962583254,54.28678444204254,2,832.85,406.01437500000003,426.835625,2025-11-07 15:59:00,420.5,WEEK_END_CLOSE,8.149999999999977,0.9785675691901252
USB,2025-11-03 00:00:00,2025-11-04 00:00:00,0.0651354130956462,6.0,2025-11-04 09:46:00,46.46,52.02641365955346,49.56250333435278,21,975.66,45.2985,47.6215,2025-11-07 15:59:00,47.315,WEEK_END_CLOSE,17.954999999999934,1.8402927249246526
CSCO,2025-11-03 00:00:00,2025-11-04 00:00:00,0.1222429906542056,9.0,2025-11-04 09:48:00,73.4,48.74918836635527,47.79121099650075,13,954.2,71.565,75.235,2025-11-05 09:31:00,71.565,STOP_LOSS,-23.855000000000103,-2.5000000000000133
CMCSA,2025-11-03 00:00:00,2025-11-04 00:00:00,0.0912472105132655,8.0,2025-11-04 09:51:00,27.125,57.110671594162824,51.079900218330266,36,976.5,26.446875,27.803124999999998,2025-11-05 09:46:00,27.803124999999998,TAKE_PROFIT,24.412499999999923,2.499999999999991
AJG,2025-11-03 00:00:00,2025-11-04 00:00:00,0.0390243902439024,3.0,2025-11-04 09:55:00,245.25,61.086643517267596,57.37172478420526,4,981.0,239.11875,251.38124999999997,2025-11-04 14:49:00,251.38124999999997,TAKE_PROFIT,24.524999999999864,2.499999999999991
DUK,2025-11-03 00:00:00,2025-11-04 00:00:00,0.1242840778923253,10.0,2025-11-04 09:56:00,124.07,54.091029034829134,53.816263214725424,8,992.56,120.96825,127.17174999999999,2025-11-07 15:59:00,123.64,WEEK_END_CLOSE,-3.439999999999941,-0.34657854437011304
JCI,2025-11-03 00:00:00,2025-11-04 00:00:00,0.0300965360590573,2.0,2025-11-04 09:58:00,111.765,43.4345052674472,39.555023119341165,8,894.12,108.97087499999999,114.559125,2025-11-05 09:30:00,120.925,TAKE_PROFIT_GAP,73.27999999999997,8.195767905873929
AJG,2025-11-03 00:00:00,2025-11-04 00:00:00,0.0390243902439024,3.0,2025-11-04 15:04:00,251.59,68.35221473266671,65.69346525928093,3,754.77,245.30025,257.87975,2025-11-06 15:31:00,245.30025,STOP_LOSS,-18.869249999999994,-2.500000000000002
SNPS,2025-11-04 00:00:00,2025-11-05 00:00:00,0.1109852774631936,10.0,2025-11-05 09:45:00,415.4,53.13551415454282,40.98993546810561,2,830.8,405.015,425.78499999999997,2025-11-05 10:11:00,405.015,STOP_LOSS,-20.769999999999982,-2.500000000000002
AMT,2025-11-04 00:00:00,2025-11-05 00:00:00,0.0189155107187894,2.0,2025-11-05 09:53:00,181.18,52.43017657436777,52.18747315461512,5,905.9000000000001,176.6505,185.7095,2025-11-07 09:33:00,176.6505,STOP_LOSS,-22.647500000000065,-2.500000000000002
CMCSA,2025-11-04 00:00:00,2025-11-05 00:00:00,0.0247440273037542,3.0,2025-11-05 10:00:00,27.705,57.377892630456124,56.984992444999875,36,997.3799999999999,27.012375,28.397624999999994,2025-11-07 13:20:00,27.012375,STOP_LOSS,-24.934499999999986,-2.500000000000002
AON,2025-11-04 00:00:00,2025-11-05 00:00:00,0.1,8.0,2025-11-05 10:04:00,344.365,56.179107606554716,55.65051414852343,2,688.73,335.755875,352.97412499999996,2025-11-07 15:59:00,346.37,WEEK_END_CLOSE,4.009999999999991,0.5822310629709726
APD,2025-11-04 00:00:00,2025-11-05 00:00:00,0.0960365853658536,7.0,2025-11-05 10:04:00,239.555,48.81660757011528,47.87374074359601,4,958.22,233.566125,245.54387499999999,2025-11-06 09:30:00,249.39,TAKE_PROFIT_GAP,39.33999999999992,4.105529001690633
MO,2025-11-04 00:00:00,2025-11-05 00:00:00,0.1071428571428571,9.0,2025-11-05 10:14:00,57.63,61.167310196240535,60.10518101493548,17,979.71,56.18925,59.07075,2025-11-07 15:59:00,58.02,WEEK_END_CLOSE,6.63000000000001,0.6767308693388818
MSI,2025-11-04 00:00:00,2025-11-05 00:00:00,0.0730994152046783,6.0,2025-11-05 10:15:00,392.6,50.05390506681462,47.20248617638813,2,785.2,382.785,402.41499999999996,2025-11-07 15:59:00,390.685,WEEK_END_CLOSE,-3.830000000000041,-0.48777381558838817
SNPS,2025-11-04 00:00:00,2025-11-05 00:00:00,0.1109852774631936,10.0,2025-11-05 10:15:00,406.14,36.26317586554256,35.123360521777045,2,812.28,395.9865,416.29349999999994,2025-11-06 10:29:00,395.9865,STOP_LOSS,-20.307000000000016,-2.500000000000002
ICE,2025-11-04 00:00:00,2025-11-05 00:00:00,0.06,5.0,2025-11-05 10:59:00,148.15,48.819003293107144,48.09609105733905,6,888.9000000000001,144.44625,151.85375,2025-11-07 15:59:00,149.01,WEEK_END_CLOSE,5.159999999999911,0.5804927438406882
FDX,2025-11-04 00:00:00,2025-11-05 00:00:00,0.0352941176470588,4.0,2025-11-05 12:22:00,258.115,67.5696880743999,65.0475303892177,3,774.345,251.662125,264.56787499999996,2025-11-07 15:59:00,262.1,WEEK_END_CLOSE,11.955000000000041,1.543885477403495
KMI,2025-11-05 00:00:00,2025-11-06 00:00:00,0.0234699170124481,4.0,2025-11-06 09:56:00,26.159,54.43309248842292,50.531402568339296,38,994.0419999999999,25.505025,26.812974999999998,2025-11-07 15:59:00,26.56,WEEK_END_CLOSE,15.237999999999992,1.5329332161015286
RSG,2025-11-05 00:00:00,2025-11-06 00:00:00,0.054054054054054,7.0,2025-11-06 10:02:00,204.08,42.91802222047102,37.333737557613276,4,816.32,198.978,209.182,2025-11-07 15:59:00,205.64,WEEK_END_CLOSE,6.239999999999895,0.7644061152489057
BX,2025-11-05 00:00:00,2025-11-06 00:00:00,0.087039693926351,9.0,2025-11-06 10:11:00,143.5,52.151575186822896,49.47310370612579,6,861.0,139.9125,147.08749999999998,2025-11-07 15:59:00,145.97,WEEK_END_CLOSE,14.819999999999993,1.721254355400692
DLR,2025-11-05 00:00:00,2025-11-06 00:00:00,0.0067796610169491,1.0,2025-11-06 10:15:00,166.665,45.90811920169886,43.43039525036618,6,999.99,162.49837499999998,170.83162499999997,2025-11-07 15:59:00,169.89,WEEK_END_CLOSE,19.349999999999966,1.9350193501934898
ECL,2025-11-06 00:00:00,2025-11-07 00:00:00,0.0833333333333333,10.0,2025-11-07 09:45:00,253.63,49.34906547746548,46.547612216754175,3,760.89,247.28924999999998,259.97074999999995,2025-11-07 15:59:00,256.13,WEEK_END_CLOSE,7.5,0.985687812955871
ADP,2025-11-06 00:00:00,2025-11-07 00:00:00,0.0216889709275496,2.0,2025-11-07 09:48:00,254.175,58.727040572712774,57.555101831709294,3,762.5250000000001,247.820625,260.529375,2025-11-07 15:59:00,254.26,WEEK_END_CLOSE,0.2549999999999386,0.033441526507327346
ROST,2025-11-06 00:00:00,2025-11-07 00:00:00,0.0434782608695652,4.0,2025-11-07 09:49:00,160.99,51.62291838660456,50.477791754758506,6,965.94,156.96525,165.01475,2025-11-07 15:59:00,161.05,WEEK_END_CLOSE,0.36000000000001364,0.03726939561463638
TT,2025-11-06 00:00:00,2025-11-07 00:00:00,0.0166270783847981,1.0,2025-11-07 09:56:00,427.835,44.32860985193914,43.11932407742826,2,855.67,417.139125,438.5308749999999,2025-11-07 15:59:00,434.37,WEEK_END_CLOSE,13.07000000000005,1.5274580153563866
MDLZ,2025-11-06 00:00:00,2025-11-07 00:00:00,0.0833333333333333,9.0,2025-11-07 10:00:00,57.245,58.40685936421767,57.3734693458612,17,973.165,55.813874999999996,58.67612499999999,2025-11-07 15:59:00,57.18,WEEK_END_CLOSE,-1.1049999999999613,-0.11354703467550964
SYK,2025-11-06 00:00:00,2025-11-07 00:00:00,0.0663265306122449,7.0,2025-11-07 10:03:00,356.635,60.15149515349939,53.438620943518046,2,713.27,347.71912499999996,365.55087499999996,2025-11-07 15:59:00,356.06,WEEK_END_CLOSE,-1.1499999999999773,-0.16122926801912518
ACN,2025-11-06 00:00:00,2025-11-07 00:00:00,0.0672333848531684,8.0,2025-11-07 10:07:00,242.33,51.4193418827569,43.03566306634997,4,969.32,236.27175,248.38825,2025-11-07 15:59:00,245.78,WEEK_END_CLOSE,13.799999999999955,1.4236784549993775
CMCSA,2025-11-06 00:00:00,2025-11-07 00:00:00,0.0269698572184029,3.0,2025-11-07 13:30:00,27.075,41.47520671112073,40.71909968776482,36,974.6999999999999,26.398125,27.751875,2025-11-07 15:59:00,27.345,WEEK_END_CLOSE,9.719999999999985,0.9972299168975018
BSX,2025-11-07 00:00:00,2025-11-10 00:00:00,0.0575221238938053,9.0,2025-11-10 09:45:00,99.54,48.63947315448643,44.39574626632644,10,995.4000000000001,97.0515,102.0285,2025-11-11 09:36:00,102.0285,TAKE_PROFIT,24.884999999999877,2.499999999999991
CMCSA,2025-11-07 00:00:00,2025-11-10 00:00:00,0.0509885535900104,8.0,2025-11-10 09:45:00,27.3799,55.228012561205034,53.39463751848799,36,985.6764,26.6954025,28.0643975,2025-11-13 09:33:00,28.0643975,TAKE_PROFIT,24.641909999999967,2.499999999999991
SYK,2025-11-07 00:00:00,2025-11-10 00:00:00,0.0158371040723981,3.0,2025-11-10 09:45:00,353.62,48.20749847612625,43.56856305032771,2,707.24,344.7795,362.46049999999997,2025-11-11 14:30:00,362.46049999999997,TAKE_PROFIT,17.680999999999926,2.499999999999991
KMI,2025-11-07 00:00:00,2025-11-10 00:00:00,0.0311218784942228,6.0,2025-11-10 09:47:00,26.585,52.73363600150769,49.18752183838983,37,983.645,25.920375,27.249624999999998,2025-11-12 09:36:00,27.249624999999998,TAKE_PROFIT,24.591124999999902,2.499999999999991
FDX,2025-11-07 00:00:00,2025-11-10 00:00:00,0.0112165660051768,1.0,2025-11-10 09:51:00,258.62,48.3820713470031,40.08971327554647,3,775.86,252.15449999999998,265.08549999999997,2025-11-11 12:16:00,265.08549999999997,TAKE_PROFIT,19.39649999999989,2.499999999999991
MCO,2025-11-07 00:00:00,2025-11-10 00:00:00,0.0253164556962025,5.0,2025-11-10 09:55:00,484.1,50.385628675420975,46.52840019244497,2,968.2,471.9975,496.2025,2025-11-12 09:33:00,496.2025,TAKE_PROFIT,24.204999999999927,2.499999999999991
CRH,2025-11-07 00:00:00,2025-11-10 00:00:00,0.0158940397350993,4.0,2025-11-10 10:04:00,114.03,53.63998909769113,52.6600227000592,8,912.24,111.17925,116.88074999999999,2025-11-13 12:02:00,111.17925,STOP_LOSS,-22.80600000000004,-2.500000000000002
JCI,2025-11-07 00:00:00,2025-11-10 00:00:00,0.0457809694793536,7.0,2025-11-10 10:04:00,122.64,49.912042363546334,49.51694584446292,8,981.12,119.574,125.70599999999999,2025-11-14 09:30:00,118.6,STOP_LOSS_GAP,-32.32000000000005,-3.2941943900848036
AON,2025-11-07 00:00:00,2025-11-10 00:00:00,0.0707964601769911,10.0,2025-11-10 10:10:00,344.19,59.3723372521316,50.541501190476694,2,688.38,335.58525,352.79474999999996,2025-11-13 11:33:00,352.79474999999996,TAKE_PROFIT,17.209499999999935,2.499999999999991
MSI,2025-11-07 00:00:00,2025-11-10 00:00:00,0.0131578947368421,2.0,2025-11-10 10:18:00,392.555,54.34989112152879,53.49406870131551,2,785.11,382.741125,402.36887499999995,2025-11-13 15:11:00,382.741125,STOP_LOSS,-19.627749999999992,-2.500000000000002
SLB,2025-11-10 00:00:00,2025-11-11 00:00:00,0.122534516765286,10.0,2025-11-11 09:45:00,37.19,55.31930209781711,53.641620668000925,26,966.9399999999999,36.26025,38.119749999999996,2025-11-12 14:11:00,36.26025,STOP_LOSS,-24.17349999999996,-2.499999999999991
SPGI,2025-11-10 00:00:00,2025-11-11 00:00:00,0.0933852140077821,7.0,2025-11-11 09:46:00,496.36,60.83712913713296,59.80500672332403,2,992.72,483.951,508.76899999999995,2025-11-14 15:59:00,493.89,WEEK_END_CLOSE,-4.940000000000055,-0.4976226932065453
PNC,2025-11-10 00:00:00,2025-11-11 00:00:00,0.1034482758620689,8.0,2025-11-11 09:47:00,184.98,47.76472335773342,45.27582003100536,5,924.9,180.35549999999998,189.60449999999997,2025-11-14 15:59:00,184.04,WEEK_END_CLOSE,-4.699999999999989,-0.5081630446534757
ALL,2025-11-10 00:00:00,2025-11-11 00:00:00,0.06184012066365,4.0,2025-11-11 10:13:00,205.5244,52.62316459222968,51.62490454134055,4,822.0976,200.38629,210.66251,2025-11-13 09:34:00,210.99,TAKE_PROFIT_GAP,21.86239999999998,2.6593436107829493
ELV,2025-11-10 00:00:00,2025-11-11 00:00:00,0.0580498866213151,3.0,2025-11-11 10:20:00,307.5585,60.395182008141745,59.28848730379142,3,922.6754999999999,299.8695375,315.2474624999999,2025-11-11 15:00:00,315.2474624999999,TAKE_PROFIT,23.066887499999837,2.499999999999991
APO,2025-11-10 00:00:00,2025-11-11 00:00:00,0.1187755102040816,9.0,2025-11-11 10:27:00,132.765,54.80890234454856,54.131544641299875,7,929.3549999999999,129.44587499999997,136.08412499999997,2025-11-12 09:44:00,136.08412499999997,TAKE_PROFIT,23.233874999999898,2.499999999999991
FDX,2025-11-10 00:00:00,2025-11-11 00:00:00,0.0551782682512733,2.0,2025-11-11 12:46:00,264.58,60.85562711357556,59.23886531927433,3,793.74,257.96549999999996,271.19449999999995,2025-11-12 09:49:00,271.19449999999995,TAKE_PROFIT,19.843499999999892,2.499999999999991
ELV,2025-11-10 00:00:00,2025-11-11 00:00:00,0.0580498866213151,3.0,2025-11-11 15:30:00,317.29,66.93843360801418,57.03568111496396,3,951.8700000000001,309.35775,325.22225,2025-11-12 09:56:00,325.22225,TAKE_PROFIT,23.79674999999986,2.499999999999991
ICE,2025-11-11 00:00:00,2025-11-12 00:00:00,0.0947368421052631,5.0,2025-11-12 09:47:00,152.735,60.517797176018206,59.88585916099947,6,916.4100000000001,148.916625,156.553375,2025-11-14 15:59:00,152.08,WEEK_END_CLOSE,-3.930000000000007,-0.42884734998527296
MO,2025-11-11 00:00:00,2025-11-12 00:00:00,0.0968591691995947,6.0,2025-11-12 09:49:00,58.2501,45.404509304212546,42.13654144834016,17,990.2517,56.793847500000005,59.7063525,2025-11-14 15:59:00,58.19,WEEK_END_CLOSE,-1.021700000000095,-0.10317578853943354
FDX,2025-11-11 00:00:00,2025-11-12 00:00:00,0.1017826336975273,7.0,2025-11-12 09:51:00,270.785,56.80493336893474,52.73938452587853,3,812.355,264.015375,277.554625,2025-11-14 15:59:00,267.51,WEEK_END_CLOSE,-9.825000000000102,-1.2094466089332956
WELL,2025-11-11 00:00:00,2025-11-12 00:00:00,0.0493358633776091,3.0,2025-11-12 09:51:00,191.665,48.269241055222956,46.45248248875983,5,958.3249999999999,186.87337499999998,196.45662499999997,2025-11-14 15:59:00,193.93,WEEK_END_CLOSE,11.325000000000074,1.1817494065165857
SYK,2025-11-11 00:00:00,2025-11-12 00:00:00,0.1339285714285714,10.0,2025-11-12 09:58:00,366.035,58.885737070136656,57.053588854942596,2,732.07,356.88412500000004,375.185875,2025-11-13 13:45:00,375.2,TAKE_PROFIT_GAP,18.329999999999927,2.5038589205950146
BMY,2025-11-11 00:00:00,2025-11-12 00:00:00,0.1087624903920061,8.0,2025-11-12 10:03:00,49.485,66.69268392060593,65.51536711562093,20,989.7,48.247875,50.722125,2025-11-14 09:30:00,48.247875,STOP_LOSS,-24.74249999999998,-2.500000000000002
MPWR,2025-11-11 00:00:00,2025-11-12 00:00:00,0.1128526645768025,9.0,2025-11-12 10:08:00,977.49,57.336241926109274,56.480612429009355,1,977.49,953.05275,1001.92725,2025-11-13 09:30:00,950.67,STOP_LOSS_GAP,-26.82000000000005,-2.743762084522605
TT,2025-11-11 00:00:00,2025-11-12 00:00:00,0.0215827338129496,2.0,2025-11-12 10:49:00,428.24,55.963830523032854,55.80016953261538,2,856.48,417.534,438.94599999999997,2025-11-12 14:31:00,417.534,STOP_LOSS,-21.412000000000035,-2.500000000000002
TT,2025-11-11 00:00:00,2025-11-12 00:00:00,0.0215827338129496,2.0,2025-11-12 14:42:00,418.4,46.30240172893158,39.378180151378956,2,836.8,407.93999999999994,428.85999999999996,2025-11-13 09:30:00,430.72,TAKE_PROFIT_GAP,24.6400000000001,2.944550669216084
PWR,2025-11-12 00:00:00,2025-11-13 00:00:00,0.0935251798561151,10.0,2025-11-13 09:47:00,444.29,40.66069767149111,39.696701101128454,2,888.58,433.18275,455.39725,2025-11-13 10:54:00,433.18275,STOP_LOSS,-22.214500000000044,-2.500000000000002
TEL,2025-11-12 00:00:00,2025-11-13 00:00:00,0.0527225583405358,5.0,2025-11-13 09:50:00,244.54,44.768192925226565,44.68175047791322,4,978.16,238.42649999999998,250.65349999999998,2025-11-13 13:02:00,238.42649999999998,STOP_LOSS,-24.454000000000065,-2.500000000000002
DLR,2025-11-12 00:00:00,2025-11-13 00:00:00,0.0686274509803921,9.0,2025-11-13 09:51:00,161.365,43.91155374788804,42.83876691375825,6,968.19,157.330875,165.399125,2025-11-14 09:30:00,157.02,STOP_LOSS_GAP,-26.069999999999993,-2.692653301521397
LIN,2025-11-12 00:00:00,2025-11-13 00:00:00,0.0684410646387832,8.0,2025-11-13 09:51:00,423.97,46.454472140405116,40.9711846502863,2,847.94,413.37075000000004,434.56925,2025-11-14 15:59:00,423.27,WEEK_END_CLOSE,-1.400000000000091,-0.16510602165248356
NSC,2025-11-12 00:00:00,2025-11-13 00:00:00,0.0,1.0,2025-11-13 09:58:00,285.68,44.06479029026061,37.71257235850214,3,857.04,278.538,292.822,2025-11-14 15:59:00,284.0,WEEK_END_CLOSE,-5.0400000000000205,-0.588070568468213
TT,2025-11-12 00:00:00,2025-11-13 00:00:00,0.0424528301886792,4.0,2025-11-13 10:12:00,426.69,61.93208778091826,58.93222776273425,2,853.38,416.02275,437.35724999999996,2025-11-13 14:40:00,416.02275,STOP_LOSS,-21.334500000000048,-2.500000000000002
PWR,2025-11-12 00:00:00,2025-11-13 00:00:00,0.0935251798561151,10.0,2025-11-13 10:58:00,435.01,47.300598933850566,40.19978264597308,2,870.02,424.13475,445.8852499999999,2025-11-14 09:30:00,418.0,STOP_LOSS_GAP,-34.01999999999998,-3.9102549366681227
AON,2025-11-12 00:00:00,2025-11-13 00:00:00,0.0666666666666666,7.0,2025-11-13 11:58:00,352.335,52.709554487819986,52.2653107839156,2,704.67,343.52662499999997,361.14337499999993,2025-11-14 15:59:00,350.14,WEEK_END_CLOSE,-4.389999999999986,-0.6229866462315714
TEL,2025-11-12 00:00:00,2025-11-13 00:00:00,0.0527225583405358,5.0,2025-11-13 13:16:00,238.5,48.99550626757746,44.70426772649179,4,954.0,232.5375,244.46249999999998,2025-11-14 09:30:00,232.5375,STOP_LOSS,-23.850000000000023,-2.500000000000002
TT,2025-11-12 00:00:00,2025-11-13 00:00:00,0.0424528301886792,4.0,2025-11-13 14:50:00,416.4953,48.784994716097565,45.13989236854927,2,832.9906,406.08291749999995,426.90768249999996,2025-11-14 15:59:00,418.21,WEEK_END_CLOSE,3.429399999999987,0.41169732287495986
TFC,2025-11-13 00:00:00,2025-11-14 00:00:00,0.0803511141120864,10.0,2025-11-14 09:49:00,44.52,41.821726141908144,41.804314343020856,22,979.44,43.407000000000004,45.633,2025-11-14 15:59:00,44.86,WEEK_END_CLOSE,7.479999999999919,0.7637017070979191
DHR,2025-11-13 00:00:00,2025-11-14 00:00:00,0.0262686567164179,4.0,2025-11-14 09:50:00,218.55,40.75296922416412,37.429090008393516,4,874.2,213.08625,224.01375,2025-11-14 15:59:00,221.22,WEEK_END_CLOSE,10.67999999999995,1.221688400823595
MSI,2025-11-13 00:00:00,2025-11-14 00:00:00,0.0055197792088316,1.0,2025-11-14 10:00:00,378.79,44.645270336435885,40.20607618282555,2,757.58,369.32025,388.25975,2025-11-14 15:59:00,379.88,WEEK_END_CLOSE,2.17999999999995,0.2877583885530166
TEL,2025-11-13 00:00:00,2025-11-14 00:00:00,0.0427402862985685,7.0,2025-11-14 10:05:00,236.725,53.284837194437245,53.005428419095814,4,946.9,230.806875,242.64312499999997,2025-11-14 15:59:00,237.31,WEEK_END_CLOSE,2.340000000000032,0.24712218819304965
ACN,2025-11-13 00:00:00,2025-11-14 00:00:00,0.0443501735441573,8.0,2025-11-14 10:09:00,246.09,56.14945054545568,49.355083955245235,4,984.36,239.93775,252.24224999999998,2025-11-14 15:59:00,245.29,WEEK_END_CLOSE,-3.2000000000000455,-0.3250843187451835
CMCSA,2025-11-13 00:00:00,2025-11-14 00:00:00,0.0270695624803273,5.0,2025-11-14 10:12:00,27.4,40.38771598766534,35.98971434124352,36,986.4,26.714999999999996,28.084999999999997,2025-11-14 15:59:00,27.51,WEEK_END_CLOSE,3.9600000000001074,0.4014598540146075
APO,2025-11-13 00:00:00,2025-11-14 00:00:00,0.0672268907563025,9.0,2025-11-14 11:13:00,130.37,64.70792841807466,61.77753999065025,7,912.59,127.11075,133.62924999999998,2025-11-14 15:59:00,130.62,WEEK_END_CLOSE,1.75,0.19176190841452279
CTAS,2025-11-14 00:00:00,2025-11-17 00:00:00,0.0952380952380952,9.0,2025-11-17 09:45:00,186.37,48.81173025913221,44.53641827234837,5,931.85,181.71075,191.02925,2025-11-19 10:53:00,181.71075,STOP_LOSS,-23.29625000000007,-2.500000000000002
CMCSA,2025-11-14 00:00:00,2025-11-17 00:00:00,0.0284191829484902,2.0,2025-11-17 09:46:00,27.565,53.970287068690766,47.87987135391005,36,992.34,26.875875,28.254125,2025-11-19 10:56:00,26.875875,STOP_LOSS,-24.808500000000024,-2.500000000000002
SPGI,2025-11-14 00:00:00,2025-11-17 00:00:00,0.0344827586206896,3.0,2025-11-17 09:46:00,491.19,37.65892688016798,33.04211589775471,2,982.38,478.91024999999996,503.46975,2025-11-21 15:59:00,493.79,WEEK_END_CLOSE,5.2000000000000455,0.5293267371078381
ADI,2025-11-14 00:00:00,2025-11-17 00:00:00,0.046189376443418,4.0,2025-11-17 09:50:00,232.84,46.64417540913919,43.913233175732174,4,931.36,227.019,238.66099999999997,2025-11-20 14:04:00,227.019,STOP_LOSS,-23.283999999999992,-2.500000000000002
T,2025-11-14 00:00:00,2025-11-17 00:00:00,0.0792607802874743,8.0,2025-11-17 09:52:00,25.63,53.65954600776656,47.47514800470363,39,999.5699999999999,24.98925,26.270749999999996,2025-11-21 15:59:00,25.955,WEEK_END_CLOSE,12.674999999999972,1.2680452594615588
TT,2025-11-14 00:00:00,2025-11-17 00:00:00,0.0789473684210526,7.0,2025-11-17 09:52:00,417.26,51.24299021009385,44.166372898559814,2,834.52,406.82849999999996,427.69149999999996,2025-11-19 09:32:00,406.82849999999996,STOP_LOSS,-20.863000000000056,-2.500000000000002
AON,2025-11-14 00:00:00,2025-11-17 00:00:00,0.06,5.0,2025-11-17 09:54:00,348.99,52.004480021535336,48.31251623133965,2,697.98,340.26525,357.71475,2025-11-19 11:09:00,340.26525,STOP_LOSS,-17.449500000000057,-2.5000000000000133
AMT,2025-11-14 00:00:00,2025-11-17 00:00:00,0.1024390243902439,10.0,2025-11-17 09:58:00,182.52,52.32857110506621,50.88342498067756,5,912.6,177.957,187.083,2025-11-21 15:59:00,179.58,WEEK_END_CLOSE,-14.699999999999989,-1.6107823800131427
BSX,2025-11-14 00:00:00,2025-11-17 00:00:00,0.0742574257425742,6.0,2025-11-17 10:29:00,102.375,46.79036147906287,46.63316176075068,9,921.375,99.815625,104.93437499999999,2025-11-18 14:12:00,99.815625,STOP_LOSS,-23.034375000000026,-2.500000000000002
NSC,2025-11-14 00:00:00,2025-11-17 00:00:00,0.0164609053497942,1.0,2025-11-17 10:34:00,284.65,51.61941463536596,48.91046829432841,3,853.9499999999999,277.53375,291.76624999999996,2025-11-21 15:59:00,286.4,WEEK_END_CLOSE,5.25,0.6147900930967953
CRH,2025-11-17 00:00:00,2025-11-18 00:00:00,0.0543478260869565,3.0,2025-11-18 09:45:00,109.245,55.48672289373876,50.33041462377162,9,983.205,106.513875,111.976125,2025-11-21 15:59:00,110.14,WEEK_END_CLOSE,8.054999999999964,0.8192594626756255
FDX,2025-11-17 00:00:00,2025-11-18 00:00:00,0.0597560975609756,4.0,2025-11-18 09:45:00,263.45,51.878979524572024,50.64027933539314,3,790.3499999999999,256.86375,270.03624999999994,2025-11-20 10:21:00,270.08,TAKE_PROFIT_GAP,19.889999999999986,2.516606566710955
GM,2025-11-17 00:00:00,2025-11-18 00:00:00,0.119677909870058,7.0,2025-11-18 09:45:00,67.635,51.82070451621156,48.60806517078336,14,946.8900000000001,65.944125,69.325875,2025-11-19 10:22:00,69.325875,TAKE_PROFIT,23.672249999999877,2.499999999999991
CVS,2025-11-17 00:00:00,2025-11-18 00:00:00,0.121101856326577,8.0,2025-11-18 09:46:00,78.035,49.73226397432332,44.22903208553614,12,936.42,76.084125,79.985875,2025-11-20 12:33:00,76.084125,STOP_LOSS,-23.410499999999956,-2.499999999999991
DHR,2025-11-17 00:00:00,2025-11-18 00:00:00,0.1175492453312867,6.0,2025-11-18 09:53:00,221.45,57.76369459410985,51.34627155915512,4,885.8,215.91375,226.98624999999996,2025-11-21 11:57:00,226.98624999999996,TAKE_PROFIT,22.144999999999868,2.499999999999991
MO,2025-11-17 00:00:00,2025-11-18 00:00:00,0.1423984891406987,10.0,2025-11-18 10:10:00,59.06,68.67807092217797,66.26280858826874,16,944.96,57.5835,60.5365,2025-11-21 15:59:00,58.2,WEEK_END_CLOSE,-13.759999999999991,-1.4561462919065349
JCI,2025-11-17 00:00:00,2025-11-18 00:00:00,0.1357702349869451,9.0,2025-11-18 10:13:00,114.82,44.87601346020801,41.63494687671604,8,918.56,111.94949999999999,117.69049999999999,2025-11-21 15:59:00,113.56,WEEK_END_CLOSE,-10.079999999999927,-1.0973697962027407
UBER,2025-11-17 00:00:00,2025-11-18 00:00:00,0.1119916786368814,5.0,2025-11-18 10:20:00,90.73,48.56203756639221,47.61693367665271,11,998.0300000000001,88.46175,92.99825,2025-11-20 10:29:00,88.46175,STOP_LOSS,-24.9507500000001,-2.5000000000000133
PCAR,2025-11-18 00:00:00,2025-11-19 00:00:00,0.0636942675159235,9.0,2025-11-19 09:46:00,96.53,40.3547334277266,38.82449139608015,10,965.3,94.11675,98.94324999999999,2025-11-20 10:21:00,98.94324999999999,TAKE_PROFIT,24.132499999999908,2.499999999999991
USB,2025-11-18 00:00:00,2025-11-19 00:00:00,0.0500658761528326,8.0,2025-11-19 09:46:00,46.045,52.971205805644495,48.148613349914164,21,966.945,44.893875,47.196124999999995,2025-11-20 09:30:00,47.2,TAKE_PROFIT_GAP,24.255000000000024,2.5084156803127478
GD,2025-11-18 00:00:00,2025-11-19 00:00:00,0.0300518134715025,4.0,2025-11-19 09:52:00,340.24,46.2740624159492,44.39111355034054,2,680.48,331.734,348.746,2025-11-20 09:31:00,348.746,TAKE_PROFIT,17.011999999999944,2.499999999999991
MPC,2025-11-18 00:00:00,2025-11-19 00:00:00,0.0415518824609733,5.0,2025-11-19 09:58:00,192.33,43.81322492752044,43.29120338093769,5,961.6500000000001,187.52175,197.13825,2025-11-20 10:28:00,197.13825,TAKE_PROFIT,24.041249999999934,2.499999999999991
ETN,2025-11-18 00:00:00,2025-11-19 00:00:00,0.0422535211267605,6.0,2025-11-19 10:09:00,342.79,53.522362744721136,50.259741352822125,2,685.58,334.22025,351.35974999999996,2025-11-20 09:30:00,356.38,TAKE_PROFIT_GAP,27.17999999999995,3.964526386417333
AON,2025-11-18 00:00:00,2025-11-19 00:00:00,0.0666666666666666,10.0,2025-11-19 11:14:00,340.69,39.36066032852559,37.92053185290309,2,681.38,332.17275,349.20725,2025-11-21 11:48:00,349.20725,TAKE_PROFIT,17.03449999999998,2.499999999999991
TEL,2025-11-18 00:00:00,2025-11-19 00:00:00,0.0029880478087649,1.0,2025-11-19 11:15:00,233.61,52.39186753228742,51.5164401435159,4,934.44,227.76975000000002,239.45024999999998,2025-11-20 10:33:00,227.76975000000002,STOP_LOSS,-23.36099999999999,-2.500000000000002
CMCSA,2025-11-18 00:00:00,2025-11-19 00:00:00,0.0143967751223725,2.0,2025-11-19 11:20:00,26.83,47.34766415331944,37.54367536933968,37,992.7099999999999,26.159249999999997,27.500749999999996,2025-11-21 15:59:00,27.35,WEEK_END_CLOSE,19.240000000000116,1.9381289601192897
SHW,2025-11-19 00:00:00,2025-11-20 00:00:00,0.0952380952380952,10.0,2025-11-20 09:47:00,331.8899,65.67827300291762,59.59852256920141,3,995.6697,323.5926525,340.1871475,2025-11-21 11:47:00,340.1871475,TAKE_PROFIT,24.891742499999907,2.499999999999991
SPG,2025-11-19 00:00:00,2025-11-20 00:00:00,0.056338028169014,6.0,2025-11-20 09:48:00,182.69,55.66863008796662,54.06612682225622,5,913.45,178.12275,187.25724999999997,2025-11-21 15:59:00,183.09,WEEK_END_CLOSE,2.0000000000000284,0.2189501341069544
CSCO,2025-11-19 00:00:00,2025-11-20 00:00:00,0.0722157155025553,7.0,2025-11-20 09:51:00,79.46,59.017584188257466,56.22981750037572,12,953.52,77.47349999999999,81.44649999999999,2025-11-20 12:15:00,77.47349999999999,STOP_LOSS,-23.83800000000008,-2.5000000000000133
DASH,2025-11-19 00:00:00,2025-11-20 00:00:00,0.0742535866614967,8.0,2025-11-20 09:58:00,199.765,47.454756956374794,43.56802540055385,5,998.8249999999999,194.770875,204.75912499999995,2025-11-20 11:29:00,194.770875,STOP_LOSS,-24.970624999999984,-2.500000000000002
ABNB,2025-11-19 00:00:00,2025-11-20 00:00:00,0.0906520292747837,9.0,2025-11-20 10:01:00,114.32,49.49215449932077,49.39861904188673,8,914.56,111.46199999999999,117.17799999999998,2025-11-20 12:33:00,111.46199999999999,STOP_LOSS,-22.864000000000033,-2.500000000000002
AFL,2025-11-19 00:00:00,2025-11-20 00:00:00,0.040880503144654,5.0,2025-11-20 10:05:00,110.34,62.779020557812025,59.03512993416013,9,993.0600000000001,107.5815,113.09849999999999,2025-11-21 15:59:00,110.97,WEEK_END_CLOSE,5.669999999999959,0.5709624796084833
TEL,2025-11-19 00:00:00,2025-11-20 00:00:00,0.0019762845849802,2.0,2025-11-20 10:49:00,226.27,40.62002568323072,40.320418387353406,4,905.08,220.61325,231.92675,2025-11-20 11:57:00,220.61325,STOP_LOSS,-22.627000000000066,-2.500000000000002
DASH,2025-11-19 00:00:00,2025-11-20 00:00:00,0.0742535866614967,8.0,2025-11-20 11:45:00,193.77,41.09979522365294,36.24452805609486,5,968.85,188.92575,198.61425,2025-11-20 15:44:00,188.92575,STOP_LOSS,-24.221250000000083,-2.5000000000000133
TEL,2025-11-19 00:00:00,2025-11-20 00:00:00,0.0019762845849802,2.0,2025-11-20 12:04:00,221.34,47.235296647329235,39.77210773686715,4,885.36,215.8065,226.87349999999998,2025-11-20 15:37:00,215.8065,STOP_LOSS,-22.134000000000015,-2.500000000000002
CSCO,2025-11-19 00:00:00,2025-11-20 00:00:00,0.0722157155025553,7.0,2025-11-20 12:18:00,77.36,34.20935439244262,32.448768237526,12,928.3199999999999,75.426,79.294,2025-11-20 15:53:00,75.426,STOP_LOSS,-23.20799999999997,-2.500000000000002
ABNB,2025-11-19 00:00:00,2025-11-20 00:00:00,0.0906520292747837,9.0,2025-11-20 12:38:00,111.5,44.20549799314936,38.03106376120443,8,892.0,108.71249999999999,114.2875,2025-11-21 11:57:00,114.2875,TAKE_PROFIT,22.299999999999955,2.499999999999991
CL,2025-11-20 00:00:00,2025-11-21 00:00:00,0.0325972660357518,7.0,2025-11-21 09:45:00,79.395,59.42935527569135,58.45396923725785,12,952.74,77.410125,81.37987499999998,2025-11-21 15:59:00,80.94,WEEK_END_CLOSE,18.54000000000002,1.9459663706782537
CSX,2025-11-20 00:00:00,2025-11-21 00:00:00,0.0061683599419448,2.0,2025-11-21 09:45:00,33.82,52.25775243366338,51.71756690685891,29,980.78,32.9745,34.665499999999994,2025-11-21 15:59:00,34.29,WEEK_END_CLOSE,13.629999999999967,1.389710230632768
MCO,2025-11-20 00:00:00,2025-11-21 00:00:00,0.0310965630114566,6.0,2025-11-21 09:47:00,476.4,49.29524607588531,47.942114297792166,2,952.8,464.48999999999995,488.30999999999995,2025-11-21 15:59:00,479.78,WEEK_END_CLOSE,6.759999999999991,0.7094878253568471
RSG,2025-11-20 00:00:00,2025-11-21 00:00:00,0.0165289256198347,5.0,2025-11-21 09:47:00,217.57,47.43711925627075,45.84023223773803,4,870.28,212.13074999999998,223.00924999999998,2025-11-21 15:59:00,219.0,WEEK_END_CLOSE,5.720000000000027,0.6572597324998819
WMB,2025-11-20 00:00:00,2025-11-21 00:00:00,0.0161943319838056,4.0,2025-11-21 09:47:00,58.8,45.642770081642674,40.35931248283943,17,999.5999999999999,57.33,60.26999999999999,2025-11-21 15:59:00,59.62,WEEK_END_CLOSE,13.940000000000005,1.39455782312925
PSX,2025-11-20 00:00:00,2025-11-21 00:00:00,0.0692520775623268,9.0,2025-11-21 09:53:00,131.39,44.12750501509639,43.4139995278487,7,919.7299999999999,128.10524999999998,134.67474999999996,2025-11-21 15:59:00,133.75,WEEK_END_CLOSE,16.520000000000095,1.796179313494184
TEL,2025-11-20 00:00:00,2025-11-21 00:00:00,0.0053835800807537,1.0,2025-11-21 10:15:00,215.44,44.12117983410448,44.08750217697831,4,861.76,210.054,220.82599999999996,2025-11-21 13:50:00,220.89,TAKE_PROFIT_GAP,21.799999999999955,2.5297066468622287
DHR,2025-11-20 00:00:00,2025-11-21 00:00:00,0.071072319201995,10.0,2025-11-21 13:20:00,226.426,48.950646747700254,46.86226905730676,4,905.704,220.76534999999998,232.08664999999996,2025-11-21 15:59:00,227.41,WEEK_END_CLOSE,3.9360000000000355,0.4345790677749095
SHW,2025-11-20 00:00:00,2025-11-21 00:00:00,0.0681818181818181,8.0,2025-11-21 13:24:00,339.53,45.247299770700494,41.94872742067692,2,679.06,331.04175,348.01824999999997,2025-11-21 15:59:00,337.25,WEEK_END_CLOSE,-4.559999999999945,-0.671516508114145
TEL,2025-11-20 00:00:00,2025-11-21 00:00:00,0.0053835800807537,1.0,2025-11-21 13:59:00,220.1059,54.46214794817316,52.532303869756994,4,880.4236,214.6032525,225.60854749999996,2025-11-21 15:59:00,218.92,WEEK_END_CLOSE,-4.743600000000015,-0.5387861025079266
SPGI,2025-11-21 00:00:00,2025-11-24 00:00:00,0.0446927374301676,6.0,2025-11-24 09:46:00,492.075,43.904870279475944,43.24253067493956,2,984.15,479.773125,504.3768749999999,2025-11-28 13:00:00,498.83,WEEK_END_CLOSE,13.509999999999991,1.3727582177513575
AON,2025-11-21 00:00:00,2025-11-24 00:00:00,0.005889281507656,1.0,2025-11-24 09:47:00,344.83,41.38909244189876,41.020676341260895,2,689.66,336.20925,353.45074999999997,2025-11-28 10:07:00,353.45074999999997,TAKE_PROFIT,17.241499999999974,2.499999999999991
PCAR,2025-11-21 00:00:00,2025-11-24 00:00:00,0.063063063063063,7.0,2025-11-24 09:49:00,102.675,47.97432462123505,46.803907392257855,9,924.0749999999999,100.108125,105.241875,2025-11-25 11:07:00,105.241875,TAKE_PROFIT,23.101874999999964,2.499999999999991
CMCSA,2025-11-21 00:00:00,2025-11-24 00:00:00,0.0167853509664293,4.0,2025-11-24 09:52:00,27.125,45.2043271914832,43.85191459596896,36,976.5,26.446875,27.803124999999998,2025-11-24 15:50:00,26.446875,STOP_LOSS,-24.41250000000005,-2.500000000000002
CB,2025-11-21 00:00:00,2025-11-24 00:00:00,0.0867430441898527,9.0,2025-11-24 09:55:00,296.16,40.353689714233,37.95039660622483,3,888.48,288.75600000000003,303.564,2025-11-28 13:00:00,296.18,WEEK_END_CLOSE,0.05999999999994543,0.00675310642894722
DHR,2025-11-21 00:00:00,2025-11-24 00:00:00,0.0138806501364337,2.0,2025-11-24 09:56:00,225.76,56.097480492105745,45.458694716835126,4,903.04,220.11599999999999,231.40399999999997,2025-11-25 10:41:00,231.40399999999997,TAKE_PROFIT,22.575999999999908,2.499999999999991
PLD,2025-11-21 00:00:00,2025-11-24 00:00:00,0.0631047538914598,8.0,2025-11-24 09:57:00,125.94,53.392310400548965,48.23641955880513,7,881.5799999999999,122.7915,129.08849999999998,2025-11-26 11:22:00,129.08849999999998,TAKE_PROFIT,22.03949999999989,2.499999999999991
FDX,2025-11-21 00:00:00,2025-11-24 00:00:00,0.0162921348314606,3.0,2025-11-24 09:58:00,267.46,48.096059781668686,44.28720388242433,3,802.3799999999999,260.77349999999996,274.14649999999995,2025-11-25 15:19:00,274.15,TAKE_PROFIT_GAP,20.069999999999993,2.501308606894481
AEP,2025-11-21 00:00:00,2025-11-24 00:00:00,0.1020408163265306,10.0,2025-11-24 10:04:00,119.89,40.39061182804751,39.661787998796456,8,959.12,116.89274999999999,122.88725,2025-11-28 09:30:00,122.88725,TAKE_PROFIT,23.977999999999952,2.499999999999991
ORLY,2025-11-21 00:00:00,2025-11-24 00:00:00,0.0446623093681917,5.0,2025-11-24 10:07:00,98.83,37.947737605418034,36.935169586817025,10,988.3,96.35925,101.30075,2025-11-25 14:37:00,101.30075,TAKE_PROFIT,24.707499999999953,2.499999999999991
CRH,2025-11-24 00:00:00,2025-11-25 00:00:00,0.0061996280223186,2.0,2025-11-25 09:55:00,114.44,59.9507547777165,59.812927145502975,8,915.52,111.579,117.30099999999999,2025-11-26 09:30:00,117.30099999999999,TAKE_PROFIT,22.88799999999992,2.499999999999991
JCI,2025-11-24 00:00:00,2025-11-25 00:00:00,0.0172413793103448,4.0,2025-11-25 09:58:00,113.49,51.41021505612482,47.40302893815575,8,907.92,110.65275,116.32724999999998,2025-11-26 11:53:00,116.33,TAKE_PROFIT_GAP,22.720000000000027,2.5024231209798353
APO,2025-11-24 00:00:00,2025-11-25 00:00:00,0.042298960449277,7.0,2025-11-25 09:59:00,128.75,51.349752937313944,47.83183379108895,7,901.25,125.53125,131.96875,2025-11-26 09:42:00,131.96875,TAKE_PROFIT,22.53125,2.499999999999991
NEE,2025-11-24 00:00:00,2025-11-25 00:00:00,0.032293012208842,6.0,2025-11-25 10:01:00,84.63,57.24738992585276,54.013467450646395,11,930.93,82.51424999999999,86.74574999999999,2025-11-28 13:00:00,86.29,WEEK_END_CLOSE,18.26000000000012,1.9614793808342412
CMCSA,2025-11-24 00:00:00,2025-11-25 00:00:00,0.0120224418915308,3.0,2025-11-25 10:05:00,26.895,50.17904292719623,48.06771558573826,37,995.115,26.222625,27.567375,2025-11-28 13:00:00,26.69,WEEK_END_CLOSE,-7.584999999999937,-0.7622234616099566
ECL,2025-11-24 00:00:00,2025-11-25 00:00:00,0.0283687943262411,5.0,2025-11-25 10:10:00,273.0,64.70338108260701,64.62518399969271,3,819.0,266.175,279.825,2025-11-28 13:00:00,275.16,WEEK_END_CLOSE,6.480000000000075,0.7912087912087973
WMB,2025-11-24 00:00:00,2025-11-25 00:00:00,0.0735930735930736,10.0,2025-11-25 10:29:00,58.83,50.511931097358136,46.620235886458566,16,941.28,57.359249999999996,60.300749999999994,2025-11-26 10:21:00,60.300749999999994,TAKE_PROFIT,23.531999999999925,2.499999999999991
FDX,2025-11-25 00:00:00,2025-11-26 00:00:00,0.0393013100436681,8.0,2025-11-26 09:48:00,273.99,55.517869290147225,51.412492830183346,3,821.97,267.14025,280.83975,2025-11-28 13:00:00,275.68,WEEK_END_CLOSE,5.069999999999993,0.6168108325121269
AJG,2025-11-25 00:00:00,2025-11-26 00:00:00,0.0277777777777777,6.0,2025-11-26 09:49:00,250.89,55.89616014751354,54.26630838657738,3,752.67,244.61774999999997,257.16225,2025-11-28 13:00:00,247.62,WEEK_END_CLOSE,-9.809999999999945,-1.3033600382637789
LIN,2025-11-25 00:00:00,2025-11-26 00:00:00,0.0446473871131405,9.0,2025-11-26 09:54:00,409.165,53.35249993991765,49.60590781796528,2,818.33,398.935875,419.394125,2025-11-28 13:00:00,410.32,WEEK_END_CLOSE,2.3099999999999454,0.2822822088888177
NSC,2025-11-25 00:00:00,2025-11-26 00:00:00,0.0,1.0,2025-11-26 10:01:00,290.09,59.083855265838864,58.30702894757844,3,870.27,282.83774999999997,297.3422499999999,2025-11-28 13:00:00,292.09,WEEK_END_CLOSE,6.0,0.6894412079009982
MCO,2025-11-25 00:00:00,2025-11-26 00:00:00,0.0333333333333333,7.0,2025-11-26 10:02:00,488.27,54.253138942150564,54.05638221366978,2,976.54,476.06325,500.4767499999999,2025-11-28 13:00:00,490.78,WEEK_END_CLOSE,5.019999999999982,0.5140598439387967
RSG,2025-11-25 00:00:00,2025-11-26 00:00:00,0.024390243902439,5.0,2025-11-26 10:12:00,218.36,53.58750092352082,52.036320358727686,4,873.44,212.901,223.819,2025-11-28 13:00:00,217.06,WEEK_END_CLOSE,-5.2000000000000455,-0.5953471331745841
MSI,2025-11-25 00:00:00,2025-11-26 00:00:00,0.0458015267175572,10.0,2025-11-26 10:20:00,371.16,55.4502097266764,53.70721847476454,2,742.32,361.88100000000003,380.43899999999996,2025-11-28 13:00:00,369.68,WEEK_END_CLOSE,-2.9600000000000364,-0.3987498652872179
JCI,2025-11-25 00:00:00,2025-11-26 00:00:00,0.0202764976958525,4.0,2025-11-26 12:01:00,116.369,63.02696610118159,60.152647601112946,8,930.952,113.459775,119.27822499999999,2025-11-28 13:00:00,116.31,WEEK_END_CLOSE,-0.47199999999998,-0.050700788010549225
MDT,2025-11-26 00:00:00,2025-11-28 00:00:00,0.0772128060263653,9.0,2025-11-28 09:48:00,104.81,45.8180234786633,45.55266508546274,9,943.29,102.18975,107.43024999999999,2025-11-28 13:00:00,105.33,WEEK_END_CLOSE,4.679999999999964,0.4961358648983838
AEP,2025-11-26 00:00:00,2025-11-28 00:00:00,0.0173611111111111,2.0,2025-11-28 09:54:00,123.65,65.37156368515986,63.13372432202675,8,989.2,120.55875,126.74125,2025-11-28 13:00:00,123.77,WEEK_END_CLOSE,0.9599999999999227,0.09704811969266647
USB,2025-11-26 00:00:00,2025-11-28 00:00:00,0.0483592400690846,7.0,2025-11-28 09:57:00,48.9599,44.56807657432734,41.06350305610548,20,979.198,47.735902499999995,50.18389749999999,2025-11-28 13:00:00,49.05,WEEK_END_CLOSE,1.8019999999999925,0.18402815365228253
BX,2025-11-26 00:00:00,2025-11-28 00:00:00,0.0734421364985163,8.0,2025-11-28 09:59:00,145.88,46.209521935920286,46.09633030576454,6,875.28,142.233,149.527,2025-11-28 13:00:00,146.42,WEEK_END_CLOSE,3.2399999999999523,0.37016726076226636
HPE,2025-11-26 00:00:00,2025-11-28 00:00:00,0.0430188679245283,4.0,2025-11-28 10:13:00,21.755,54.15982243308838,53.10161259371535,45,978.9749999999999,21.211125,22.298874999999995,2025-11-28 13:00:00,21.87,WEEK_END_CLOSE,5.1750000000000895,0.5286141116984666
WELL,2025-11-26 00:00:00,2025-11-28 00:00:00,0.0830188679245283,10.0,2025-11-28 10:13:00,207.52,53.745734495966495,53.11556371170666,4,830.08,202.332,212.708,2025-11-28 13:00:00,208.22,WEEK_END_CLOSE,2.7999999999999545,0.33731688511950964
CI,2025-11-26 00:00:00,2025-11-28 00:00:00,0.0461095100864553,5.0,2025-11-28 10:22:00,278.475,54.44940657625255,50.09834741099183,3,835.4250000000001,271.513125,285.436875,2025-11-28 13:00:00,277.28,WEEK_END_CLOSE,-3.58500000000015,-0.42912290151720933
CRH,2025-11-28 00:00:00,2025-12-01 00:00:00,0.0,4.0,2025-12-01 09:45:00,118.265,38.278363825731745,36.718183805216974,8,946.12,115.308375,121.22162499999999,2025-12-03 12:23:00,121.22162499999999,TAKE_PROFIT,23.652999999999906,2.499999999999991
FDX,2025-11-28 00:00:00,2025-12-01 00:00:00,0.014251781472684,7.0,2025-12-01 09:48:00,274.715,48.03408228378833,40.87376873308667,3,824.145,267.84712499999995,281.58287499999994,2025-12-02 10:28:00,267.84712499999995,STOP_LOSS,-20.60362500000008,-2.5000000000000133
JCI,2025-11-28 00:00:00,2025-12-01 00:00:00,0.0,2.0,2025-12-01 09:51:00,115.705,52.9935933192953,45.23047781837383,8,925.64,112.81237499999999,118.597625,2025-12-05 15:59:00,114.21,WEEK_END_CLOSE,-11.960000000000036,-1.2920789939933508
NEE,2025-11-28 00:00:00,2025-12-01 00:00:00,0.0197628458498023,8.0,2025-12-01 09:51:00,85.39,44.95577250203579,42.8328609420024,11,939.29,83.25525,87.52475,2025-12-04 12:09:00,83.25525,STOP_LOSS,-23.482249999999965,-2.499999999999991
TEL,2025-11-28 00:00:00,2025-12-01 00:00:00,0.0003323363243602,5.0,2025-12-01 10:00:00,225.01,42.803658158821925,42.061068749223004,4,900.04,219.38475,230.63524999999996,2025-12-03 15:09:00,230.63524999999996,TAKE_PROFIT,22.500999999999863,2.499999999999991
CMCSA,2025-11-28 00:00:00,2025-12-01 00:00:00,0.0013876040703052,6.0,2025-12-01 10:10:00,26.715,48.94276143947463,45.721324823070056,37,988.455,26.047124999999998,27.382875,2025-12-03 11:17:00,27.382875,TAKE_PROFIT,24.71137499999995,2.499999999999991
AON,2025-11-28 00:00:00,2025-12-01 00:00:00,0.0,3.0,2025-12-01 10:15:00,352.6,41.38579568935631,40.98112080715867,2,705.2,343.785,361.41499999999996,2025-12-03 10:40:00,343.785,STOP_LOSS,-17.629999999999995,-2.500000000000002
APO,2025-11-28 00:00:00,2025-12-01 00:00:00,0.0218054949847361,9.0,2025-12-01 10:16:00,131.215,48.03862722667084,45.88555887903541,7,918.505,127.934625,134.495375,2025-12-03 11:18:00,134.495375,TAKE_PROFIT,22.962624999999946,2.499999999999991
TT,2025-11-28 00:00:00,2025-12-01 00:00:00,0.0,1.0,2025-12-01 10:26:00,412.795,40.94970385059047,40.39812754135469,2,825.59,402.475125,423.114875,2025-12-05 09:32:00,402.475125,STOP_LOSS,-20.63975000000005,-2.500000000000002
BX,2025-11-28 00:00:00,2025-12-01 00:00:00,0.0233497979344409,10.0,2025-12-01 10:42:00,145.62,52.84808485298868,48.240699873020084,6,873.72,141.9795,149.26049999999998,2025-12-03 10:05:00,149.26049999999998,TAKE_PROFIT,21.842999999999847,2.499999999999991
RSG,2025-12-01 00:00:00,2025-12-02 00:00:00,0.0,1.0,2025-12-02 09:45:00,213.495,38.2305982703727,37.412872747534,4,853.98,208.157625,218.83237499999998,2025-12-04 09:30:00,218.83237499999998,TAKE_PROFIT,21.34949999999992,2.499999999999991
ECL,2025-12-01 00:00:00,2025-12-02 00:00:00,0.0100806451612903,2.0,2025-12-02 09:46:00,272.56,39.513109505135695,38.34814415607734,3,817.6800000000001,265.746,279.37399999999997,2025-12-03 11:39:00,265.746,STOP_LOSS,-20.442000000000064,-2.5000000000000133
NSC,2025-12-01 00:00:00,2025-12-02 00:00:00,0.0588235294117647,9.0,2025-12-02 09:51:00,289.54,43.0557381491301,41.329237025485305,3,868.6200000000001,282.30150000000003,296.7785,2025-12-05 15:59:00,294.21,WEEK_END_CLOSE,14.009999999999877,1.612903225806428
CME,2025-12-01 00:00:00,2025-12-02 00:00:00,0.037454100367197,7.0,2025-12-02 09:58:00,277.01,42.30229044031285,38.73674854021627,3,831.03,270.08475,283.93524999999994,2025-12-05 15:59:00,270.86,WEEK_END_CLOSE,-18.449999999999932,-2.2201364571675986
HLT,2025-12-01 00:00:00,2025-12-02 00:00:00,0.03,5.0,2025-12-02 10:03:00,279.965,43.443400124133845,41.59419025044211,3,839.895,272.965875,286.96412499999997,2025-12-04 14:11:00,272.965875,STOP_LOSS,-20.997374999999977,-2.500000000000002
FDX,2025-12-01 00:00:00,2025-12-02 00:00:00,0.0595611285266457,10.0,2025-12-02 10:30:00,268.36,41.38013765470825,36.561008625840095,3,805.08,261.651,275.069,2025-12-04 11:50:00,275.069,TAKE_PROFIT,20.12700000000001,2.499999999999991
PCAR,2025-12-01 00:00:00,2025-12-02 00:00:00,0.0323450134770889,6.0,2025-12-02 10:36:00,104.13,50.116138531004836,47.088284407448896,9,937.17,101.52674999999999,106.73324999999998,2025-12-03 10:12:00,106.74,TAKE_PROFIT_GAP,23.489999999999995,2.506482281763178
EQIX,2025-12-02 00:00:00,2025-12-03 00:00:00,0.0955414012738853,10.0,2025-12-03 09:50:00,728.17,51.81523016076541,51.57492844871566,1,728.17,709.96575,746.3742499999998,2025-12-05 11:22:00,746.74,TAKE_PROFIT_GAP,18.57000000000005,2.5502286553964026
DE,2025-12-02 00:00:00,2025-12-03 00:00:00,0.0841720036596523,7.0,2025-12-03 09:52:00,472.96,65.51100070541975,62.41095358141061,2,945.92,461.13599999999997,484.78399999999993,2025-12-05 10:21:00,484.78399999999993,TAKE_PROFIT,23.64799999999991,2.499999999999991
DLR,2025-12-02 00:00:00,2025-12-03 00:00:00,0.0618181818181818,5.0,2025-12-03 09:55:00,157.355,61.62313020120708,52.159361313670345,6,944.1299999999999,153.421125,161.28887499999996,2025-12-04 09:43:00,161.28887499999996,TAKE_PROFIT,23.603249999999832,2.499999999999991
LIN,2025-12-02 00:00:00,2025-12-03 00:00:00,0.0329289428076256,3.0,2025-12-03 10:29:00,407.32,42.741619086367315,41.52275014435805,2,814.64,397.137,417.50299999999993,2025-12-05 15:59:00,399.57,WEEK_END_CLOSE,-15.5,-1.9026809388196009
CSX,2025-12-02 00:00:00,2025-12-03 00:00:00,0.0705882352941176,6.0,2025-12-03 10:55:00,35.3,51.851915281062304,46.407730093700145,28,988.3999999999999,34.4175,36.1825,2025-12-04 10:07:00,36.1825,TAKE_PROFIT,24.710000000000008,2.499999999999991
SPGI,2025-12-02 00:00:00,2025-12-03 00:00:00,0.0291970802919708,2.0,2025-12-03 10:56:00,496.9,55.13077565739968,54.979240671722515,2,993.8,484.47749999999996,509.32249999999993,2025-12-05 15:59:00,498.38,WEEK_END_CLOSE,2.9600000000000364,0.29784664922520854
AON,2025-12-02 00:00:00,2025-12-03 00:00:00,0.0091324200913242,1.0,2025-12-03 10:59:00,343.41,43.03579324397193,39.287949000115006,2,686.82,334.82475,351.99525,2025-12-05 15:59:00,345.16,WEEK_END_CLOSE,3.5,0.509594944818148
CMCSA,2025-12-02 00:00:00,2025-12-03 00:00:00,0.0940874035989717,9.0,2025-12-03 11:35:00,27.36,56.81629010205996,54.83212184587459,36,984.96,26.676,28.043999999999997,2025-12-05 09:52:00,28.043999999999997,TAKE_PROFIT,24.62399999999991,2.499999999999991
SHW,2025-12-03 00:00:00,2025-12-04 00:00:00,0.0357142857142857,2.0,2025-12-04 09:47:00,339.44,50.74181855261192,48.092941208510695,2,678.88,330.954,347.926,2025-12-05 15:59:00,333.13,WEEK_END_CLOSE,-12.620000000000005,-1.8589441432948384
MO,2025-12-03 00:00:00,2025-12-04 00:00:00,0.0929619872036131,6.0,2025-12-04 09:52:00,58.375,34.34985762048592,33.8820656888364,17,992.375,56.915625,59.834374999999994,2025-12-05 15:59:00,57.955,WEEK_END_CLOSE,-7.140000000000029,-0.7194860813704573
CI,2025-12-03 00:00:00,2025-12-04 00:00:00,0.0772946859903381,4.0,2025-12-04 09:55:00,270.12,44.32796430492535,43.06525326509362,3,810.36,263.367,276.873,2025-12-05 15:59:00,265.22,WEEK_END_CLOSE,-14.699999999999932,-1.814008588775351
MMM,2025-12-03 00:00:00,2025-12-04 00:00:00,0.1107154418905794,8.0,2025-12-04 09:55:00,170.765,40.75563047861518,39.9882989238705,5,853.8249999999999,166.49587499999998,175.03412499999996,2025-12-05 12:11:00,166.49587499999998,STOP_LOSS,-21.345625000000013,-2.500000000000002
LOW,2025-12-03 00:00:00,2025-12-04 00:00:00,0.0858113848768054,5.0,2025-12-04 10:04:00,246.22,52.26225496299142,50.819499603196746,4,984.88,240.06449999999998,252.3755,2025-12-05 15:59:00,248.44,WEEK_END_CLOSE,8.879999999999995,0.9016326862155699
BRK.B,2025-12-03 00:00:00,2025-12-04 00:00:00,0.1043231750531537,7.0,2025-12-04 10:56:00,502.7,40.579922358986735,40.2758895990204,1,502.7,490.1325,515.2674999999999,2025-12-05 15:59:00,504.31,WEEK_END_CLOSE,1.6100000000000136,0.3202705390889182
FDX,2025-12-03 00:00:00,2025-12-04 00:00:00,0.0497835497835497,3.0,2025-12-04 12:09:00,275.34,58.02783575428529,56.202804516294265,3,826.02,268.45649999999995,282.22349999999994,2025-12-05 15:59:00,274.3,WEEK_END_CLOSE,-3.119999999999891,-0.37771482530688516
NEE,2025-12-03 00:00:00,2025-12-04 00:00:00,0.1115214180206794,9.0,2025-12-04 12:15:00,83.3399,39.82189867427007,39.55274180425741,11,916.7389000000001,81.2564025,85.4233975,2025-12-05 15:59:00,83.105,WEEK_END_CLOSE,-2.5838999999999572,-0.2818577896061769
BMY,2025-12-04 00:00:00,2025-12-05 00:00:00,0.0323252730601679,5.0,2025-12-05 09:47:00,51.815,49.28819687738891,48.22038370710084,19,984.4849999999999,50.519625,53.11037499999999,2025-12-05 15:59:00,52.145,WEEK_END_CLOSE,6.270000000000103,0.6368812120042477
USB,2025-12-04 00:00:00,2025-12-05 00:00:00,0.0100728675525075,3.0,2025-12-05 09:51:00,51.51,58.690903281631726,58.25322953326952,19,978.6899999999999,50.222249999999995,52.79774999999999,2025-12-05 15:59:00,51.255,WEEK_END_CLOSE,-4.844999999999914,-0.4950495049504844
SO,2025-12-04 00:00:00,2025-12-05 00:00:00,0.0537084398976982,8.0,2025-12-05 10:00:00,88.005,65.33639993232394,60.78192135155886,11,968.055,85.804875,90.20512499999998,2025-12-05 15:59:00,86.31,WEEK_END_CLOSE,-18.644999999999925,-1.9260269302880495
PCAR,2025-12-04 00:00:00,2025-12-05 00:00:00,0.0413746326023061,7.0,2025-12-05 10:07:00,109.25,56.28018551803953,51.79942375525547,9,983.25,106.51875,111.98124999999999,2025-12-05 15:59:00,110.34,WEEK_END_CLOSE,9.81000000000003,0.99771167048055
APD,2025-12-04 00:00:00,2025-12-05 00:00:00,0.068274259151656,9.0,2025-12-05 10:24:00,264.9651,56.3559640471631,54.61540325468995,3,794.8953,258.3409725,271.5892275,2025-12-05 15:59:00,260.69,WEEK_END_CLOSE,-12.825300000000027,-1.613457772363236
APO,2025-12-04 00:00:00,2025-12-05 00:00:00,0.0693333333333333,10.0,2025-12-05 10:26:00,137.16,55.690625890619565,55.035889061603285,7,960.12,133.731,140.58899999999997,2025-12-05 15:59:00,138.12,WEEK_END_CLOSE,6.720000000000056,0.6999125109361293
CMCSA,2025-12-04 00:00:00,2025-12-05 00:00:00,0.0081256771397616,2.0,2025-12-05 11:33:00,27.505,40.137798328686834,38.81617988088369,36,990.18,26.817375,28.192624999999996,2025-12-05 15:59:00,27.31,WEEK_END_CLOSE,-7.02000000000001,-0.7089620069078317
BX,2025-12-05 00:00:00,2025-12-08 00:00:00,0.0654970760233918,10.0,2025-12-08 09:46:00,151.38,41.21386985352197,41.209120357991914,6,908.28,147.5955,155.16449999999998,2025-12-09 09:54:00,155.16449999999998,TAKE_PROFIT,22.70699999999988,2.499999999999991
PCAR,2025-12-05 00:00:00,2025-12-08 00:00:00,0.0152838427947598,5.0,2025-12-08 09:47:00,110.58,57.94494961688527,54.96039637190684,9,995.22,107.8155,113.34449999999998,2025-12-10 14:56:00,113.34449999999998,TAKE_PROFIT,24.880499999999856,2.499999999999991
CME,2025-12-05 00:00:00,2025-12-08 00:00:00,0.0049833887043189,2.0,2025-12-08 09:48:00,269.74,48.779912416225734,47.52890341109828,3,809.22,262.9965,276.4835,2025-12-12 15:59:00,273.53,WEEK_END_CLOSE,11.36999999999989,1.4050567212871456
CMCSA,2025-12-05 00:00:00,2025-12-08 00:00:00,0.0320204931155939,7.0,2025-12-08 09:49:00,27.005,39.18231812406717,38.311001177192146,37,999.185,26.329874999999998,27.680124999999997,2025-12-10 15:18:00,27.680124999999997,TAKE_PROFIT,24.979624999999917,2.499999999999991
FDX,2025-12-05 00:00:00,2025-12-08 00:00:00,0.0141388174807197,4.0,2025-12-08 09:54:00,277.285,51.687633698780644,49.385438323838436,3,831.855,270.35287500000004,284.217125,2025-12-10 14:57:00,284.217125,TAKE_PROFIT,20.796374999999955,2.499999999999991
TEL,2025-12-05 00:00:00,2025-12-08 00:00:00,0.0088888888888888,3.0,2025-12-08 09:59:00,237.28,67.49045353055642,67.2156490918058,4,949.12,231.34799999999998,243.212,2025-12-10 15:25:00,243.212,TAKE_PROFIT,23.727999999999952,2.499999999999991
TT,2025-12-05 00:00:00,2025-12-08 00:00:00,0.0,1.0,2025-12-08 10:28:00,401.41,52.971665017379856,51.6637455887909,2,802.82,391.37475,411.44525,2025-12-12 11:10:00,391.37475,STOP_LOSS,-20.070500000000038,-2.500000000000002
EOG,2025-12-05 00:00:00,2025-12-08 00:00:00,0.0648148148148148,9.0,2025-12-08 10:33:00,112.0,51.759117358215235,44.607639494184085,8,896.0,109.2,114.79999999999998,2025-12-10 09:30:00,109.2,STOP_LOSS,-22.399999999999977,-2.500000000000002
COP,2025-12-05 00:00:00,2025-12-08 00:00:00,0.0462850182704019,8.0,2025-12-08 10:35:00,93.7,48.03110164790224,47.36101929472617,10,937.0,91.3575,96.04249999999999,2025-12-10 14:15:00,96.04249999999999,TAKE_PROFIT,23.42499999999987,2.499999999999991
SO,2025-12-05 00:00:00,2025-12-08 00:00:00,0.0232558139534883,6.0,2025-12-08 10:40:00,85.55,37.714656245165465,37.58888420215245,11,941.05,83.41125,87.68874999999998,2025-12-12 15:59:00,84.445,WEEK_END_CLOSE,-12.155000000000044,-1.2916423144360034
ETN,2025-12-08 00:00:00,2025-12-09 00:00:00,0.0716753022452504,7.0,2025-12-09 09:49:00,347.295,60.96237588921478,56.18787911774268,2,694.59,338.612625,355.977375,2025-12-12 09:59:00,338.612625,STOP_LOSS,-17.364750000000072,-2.5000000000000133
ITW,2025-12-08 00:00:00,2025-12-09 00:00:00,0.0769230769230769,8.0,2025-12-09 09:52:00,248.68,51.57694120450855,49.599799702575744,4,994.72,242.463,254.897,2025-12-11 09:30:00,254.99,TAKE_PROFIT_GAP,25.24000000000001,2.537397458581303
MSI,2025-12-08 00:00:00,2025-12-09 00:00:00,0.0966921119592875,9.0,2025-12-09 09:52:00,371.39,50.87740624594771,49.731098900330466,2,742.78,362.10524999999996,380.67474999999996,2025-12-12 15:59:00,364.79,WEEK_END_CLOSE,-13.199999999999932,-1.7771076227146576
RSG,2025-12-08 00:00:00,2025-12-09 00:00:00,0.0681818181818181,6.0,2025-12-09 09:55:00,211.7894,45.83916444706778,45.11066688606028,4,847.1576,206.494665,217.08413499999997,2025-12-12 15:59:00,213.64,WEEK_END_CLOSE,7.402399999999943,0.8737925505242439
FTNT,2025-12-08 00:00:00,2025-12-09 00:00:00,0.103955197759888,10.0,2025-12-09 10:37:00,83.66,52.84566844445713,49.76597096368909,11,920.26,81.5685,85.7515,2025-12-10 09:48:00,81.5685,STOP_LOSS,-23.00649999999996,-2.499999999999991
AON,2025-12-08 00:00:00,2025-12-09 00:00:00,0.0,1.0,2025-12-09 11:08:00,347.065,54.12208823666207,50.15832463374364,2,694.13,338.388375,355.74162499999994,2025-12-10 13:48:00,338.388375,STOP_LOSS,-17.353250000000003,-2.500000000000002
JCI,2025-12-09 00:00:00,2025-12-10 00:00:00,0.0015964240102171,2.0,2025-12-10 09:45:00,115.81,49.41284550325284,43.30842221906038,8,926.48,112.91475,118.70524999999999,2025-12-12 15:59:00,114.76,WEEK_END_CLOSE,-8.399999999999977,-0.906657456178217
SPGI,2025-12-09 00:00:00,2025-12-10 00:00:00,0.015625,5.0,2025-12-10 09:47:00,490.785,50.28972335493812,41.63518727201839,2,981.57,478.515375,503.054625,2025-12-12 10:37:00,503.054625,TAKE_PROFIT,24.539249999999925,2.499999999999991
DUK,2025-12-09 00:00:00,2025-12-10 00:00:00,0.0435161009573542,8.0,2025-12-10 09:57:00,115.0936,48.46495417473635,48.42594985987205,8,920.7488,112.21625999999999,117.97093999999998,2025-12-12 15:59:00,115.28,WEEK_END_CLOSE,1.491200000000049,0.16195513912156123
PM,2025-12-09 00:00:00,2025-12-10 00:00:00,0.0537240537240537,10.0,2025-12-10 09:57:00,149.05,46.444224237751186,46.2503849258433,6,894.3000000000001,145.32375000000002,152.77625,2025-12-12 13:13:00,152.77625,TAKE_PROFIT,22.35749999999996,2.499999999999991
CI,2025-12-09 00:00:00,2025-12-10 00:00:00,0.0524193548387096,9.0,2025-12-10 10:25:00,262.29,44.244820409457155,43.06721574314042,3,786.8700000000001,255.73275,268.84725,2025-12-11 09:44:00,268.84725,TAKE_PROFIT,19.67174999999986,2.499999999999991
TJX,2025-12-09 00:00:00,2025-12-10 00:00:00,0.0176297747306562,6.0,2025-12-10 10:43:00,155.42,59.76643075796756,56.662746268698044,6,932.52,151.53449999999998,159.30549999999997,2025-12-12 15:59:00,156.16,WEEK_END_CLOSE,4.440000000000055,0.47612919830137823
NSC,2025-12-09 00:00:00,2025-12-10 00:00:00,0.0,1.0,2025-12-10 10:46:00,292.195,57.243624172251465,56.81998517955739,3,876.585,284.890125,299.499875,2025-12-12 15:59:00,297.17,WEEK_END_CLOSE,14.925000000000068,1.702630092917401
PCAR,2025-12-09 00:00:00,2025-12-10 00:00:00,0.0383480825958702,7.0,2025-12-10 15:02:00,113.52,73.53361371312391,69.92672812506618,8,908.16,110.68199999999999,116.35799999999999,2025-12-12 15:59:00,111.56,WEEK_END_CLOSE,-15.67999999999995,-1.726568005637763
CMCSA,2025-12-09 00:00:00,2025-12-10 00:00:00,0.0030782761653474,4.0,2025-12-10 15:29:00,27.665,72.65582359725919,69.9985652587372,36,995.9399999999999,26.973374999999997,28.356624999999998,2025-12-12 15:59:00,27.23,WEEK_END_CLOSE,-15.659999999999954,-1.5723838785469013
HWM,2025-12-10 00:00:00,2025-12-11 00:00:00,0.0691823899371069,10.0,2025-12-11 09:45:00,191.57,49.374312649666685,42.039767759509324,5,957.8499999999999,186.78074999999998,196.35924999999997,2025-12-12 09:30:00,198.18,TAKE_PROFIT_GAP,33.05000000000007,3.45043587200502
ABBV,2025-12-10 00:00:00,2025-12-11 00:00:00,0.0560938296787353,8.0,2025-12-11 09:47:00,224.83,49.8716148494471,49.736499111180954,4,899.32,219.20925,230.45075,2025-12-12 15:59:00,223.33,WEEK_END_CLOSE,-6.0,-0.6671707512342695
FDX,2025-12-10 00:00:00,2025-12-11 00:00:00,0.0329799764428739,7.0,2025-12-11 09:59:00,285.11,53.348963919221575,52.64942461279626,3,855.33,277.98225,292.23775,2025-12-12 15:59:00,284.44,WEEK_END_CLOSE,-2.0100000000000477,-0.23499701869454936
TEL,2025-12-10 00:00:00,2025-12-11 00:00:00,0.0044977511244377,2.0,2025-12-11 10:11:00,243.725,56.46572468905442,55.48215572755643,4,974.9,237.63187499999998,249.81812499999998,2025-12-12 10:29:00,237.63187499999998,STOP_LOSS,-24.37250000000006,-2.500000000000002
KMI,2025-12-10 00:00:00,2025-12-11 00:00:00,0.0236907730673316,4.0,2025-12-11 10:22:00,26.7,53.373711890899905,53.0702301355193,37,987.9,26.0325,27.367499999999996,2025-12-12 15:59:00,26.73,WEEK_END_CLOSE,1.110000000000042,0.11235955056179137
AJG,2025-12-10 00:00:00,2025-12-11 00:00:00,0.0,1.0,2025-12-11 10:32:00,245.42,64.1477245936891,63.036600581335136,4,981.68,239.28449999999998,251.55549999999997,2025-12-12 09:45:00,251.55549999999997,TAKE_PROFIT,24.541999999999916,2.499999999999991
MO,2025-12-11 00:00:00,2025-12-12 00:00:00,0.0548033991070142,5.0,2025-12-12 09:45:00,58.53,46.0686218147594,44.88315256942257,17,995.01,57.06675,59.993249999999996,2025-12-12 15:59:00,58.76,WEEK_END_CLOSE,3.909999999999947,0.39296087476508035
MPC,2025-12-11 00:00:00,2025-12-12 00:00:00,0.0647709320695102,8.0,2025-12-12 09:46:00,187.3,49.04792352799638,47.44692118983652,5,936.5,182.6175,191.9825,2025-12-12 15:59:00,185.79,WEEK_END_CLOSE,-7.550000000000097,-0.8061932728243515
MDLZ,2025-12-11 00:00:00,2025-12-12 00:00:00,0.065040650406504,9.0,2025-12-12 09:47:00,54.16,64.60745335451915,60.45102738336046,18,974.8799999999999,52.806,55.51399999999999,2025-12-12 15:59:00,54.035,WEEK_END_CLOSE,-2.25,-0.2307976366321962
AON,2025-12-11 00:00:00,2025-12-12 00:00:00,0.0308641975308641,3.0,2025-12-12 09:53:00,349.857,58.96887886380083,51.69593272059839,2,699.714,341.11057500000004,358.603425,2025-12-12 15:59:00,353.79,WEEK_END_CLOSE,7.8659999999999854,1.1241735909242934
SPGI,2025-12-11 00:00:00,2025-12-12 00:00:00,0.0847457627118644,10.0,2025-12-12 10:41:00,503.57,66.51156398280784,61.92536833472907,1,503.57,490.98075,516.1592499999999,2025-12-12 15:59:00,501.08,WEEK_END_CLOSE,-2.490000000000009,-0.49446948785670797
FDX,2025-12-12 00:00:00,2025-12-15 00:00:00,0.0223214285714285,5.0,2025-12-15 09:47:00,282.785,51.949346183682486,48.76597326515001,3,848.355,275.715375,289.854625,2025-12-19 09:30:00,272.06,STOP_LOSS_GAP,-32.17500000000007,-3.7926339798787123
CME,2025-12-12 00:00:00,2025-12-15 00:00:00,0.0124919923126201,3.0,2025-12-15 09:52:00,274.69,57.034356436367126,54.06692542934565,3,824.0699999999999,267.82275,281.55724999999995,2025-12-18 13:55:00,267.82275,STOP_LOSS,-20.601750000000038,-2.500000000000002
PCAR,2025-12-12 00:00:00,2025-12-15 00:00:00,0.0054585152838427,2.0,2025-12-15 09:52:00,112.32,51.99692909822263,50.18016335970938,8,898.56,109.51199999999999,115.12799999999999,2025-12-19 15:59:00,111.57,WEEK_END_CLOSE,-6.0,-0.6677350427350404
GLW,2025-12-12 00:00:00,2025-12-15 00:00:00,0.0493762080477947,10.0,2025-12-15 10:00:00,90.003,51.631035257052076,51.0084017388286,11,990.033,87.752925,92.253075,2025-12-16 09:30:00,87.52,STOP_LOSS_GAP,-27.313000000000045,-2.7587969289912584
AEP,2025-12-12 00:00:00,2025-12-15 00:00:00,0.04,7.0,2025-12-15 10:03:00,115.115,57.86417225083499,57.18488092957036,8,920.92,112.23712499999999,117.99287499999998,2025-12-19 15:59:00,114.49,WEEK_END_CLOSE,-5.0,-0.542935325544025
CRH,2025-12-12 00:00:00,2025-12-15 00:00:00,0.0126582278481012,4.0,2025-12-15 10:05:00,127.99,65.3250277035637,57.14368565302476,7,895.93,124.79024999999999,131.18974999999998,2025-12-17 10:46:00,124.79024999999999,STOP_LOSS,-22.39825000000006,-2.500000000000002
CMCSA,2025-12-12 00:00:00,2025-12-15 00:00:00,0.0029055690072639,1.0,2025-12-15 10:08:00,27.72,54.68116552489619,53.333520348117325,36,997.92,27.026999999999997,28.412999999999997,2025-12-16 09:46:00,28.412999999999997,TAKE_PROFIT,24.947999999999922,2.499999999999991
SPGI,2025-12-12 00:00:00,2025-12-15 00:00:00,0.0459770114942528,8.0,2025-12-15 10:09:00,501.46,54.17759735836024,49.308579037462856,1,501.46,488.9235,513.9965,2025-12-18 09:33:00,513.9965,TAKE_PROFIT,12.53649999999999,2.499999999999991
KKR,2025-12-12 00:00:00,2025-12-15 00:00:00,0.0476190476190476,9.0,2025-12-15 10:12:00,135.03,44.64192601634312,44.482704230450096,7,945.21,131.65425,138.40574999999998,2025-12-19 09:30:00,131.65425,STOP_LOSS,-23.630250000000075,-2.5000000000000133
PM,2025-12-12 00:00:00,2025-12-15 00:00:00,0.0310136157337367,6.0,2025-12-15 10:27:00,158.15,68.97606936041934,62.12157152868589,6,948.9000000000001,154.19625,162.10375,2025-12-19 15:59:00,156.87,WEEK_END_CLOSE,-7.680000000000007,-0.8093582042364877
LIN,2025-12-15 00:00:00,2025-12-16 00:00:00,0.0742481203007518,9.0,2025-12-16 09:50:00,417.9,54.70003888639994,51.13919087014943,2,835.8,407.4525,428.3474999999999,2025-12-19 15:59:00,421.56,WEEK_END_CLOSE,7.32000000000005,0.8758076094759648
MO,2025-12-15 00:00:00,2025-12-16 00:00:00,0.0443773305802952,2.0,2025-12-16 09:51:00,59.08,47.755162351399825,46.368768060514604,16,945.28,57.602999999999994,60.556999999999995,2025-12-19 15:59:00,58.04,WEEK_END_CLOSE,-16.639999999999986,-1.7603249830738021
CEG,2025-12-15 00:00:00,2025-12-16 00:00:00,0.0537293460553874,5.0,2025-12-16 09:55:00,360.57,48.75097725922223,48.04887079597675,2,721.14,351.55575,369.58424999999994,2025-12-16 10:26:00,351.55575,STOP_LOSS,-18.028500000000008,-2.500000000000002
MDT,2025-12-15 00:00:00,2025-12-16 00:00:00,0.0573577809120827,7.0,2025-12-16 09:55:00,97.77,44.37439006254103,41.19966516233089,10,977.6999999999999,95.32575,100.21424999999999,2025-12-19 15:59:00,98.6,WEEK_END_CLOSE,8.299999999999983,0.8489311649790388
CI,2025-12-15 00:00:00,2025-12-16 00:00:00,0.0360424028268551,1.0,2025-12-16 09:59:00,276.635,51.88563947443222,50.368599225688996,3,829.905,269.71912499999996,283.55087499999996,2025-12-19 15:59:00,271.89,WEEK_END_CLOSE,-14.235000000000014,-1.7152565655105145
SO,2025-12-15 00:00:00,2025-12-16 00:00:00,0.0817120622568093,10.0,2025-12-16 10:07:00,85.43,50.7962936971983,48.50598581032637,11,939.73,83.29425,87.56575,2025-12-17 15:44:00,87.56575,TAKE_PROFIT,23.49324999999986,2.499999999999991
TT,2025-12-15 00:00:00,2025-12-16 00:00:00,0.0552763819095477,6.0,2025-12-16 10:08:00,396.67,51.92088517174192,50.49259258050722,2,793.34,386.75325,406.58675,2025-12-17 11:29:00,386.75325,STOP_LOSS,-19.833500000000072,-2.5000000000000133
CEG,2025-12-15 00:00:00,2025-12-16 00:00:00,0.0537293460553874,5.0,2025-12-16 10:31:00,354.565,48.255214501044875,47.92478200624259,2,709.13,345.700875,363.42912499999994,2025-12-16 13:59:00,363.42912499999994,TAKE_PROFIT,17.72824999999989,2.499999999999991
CMCSA,2025-12-15 00:00:00,2025-12-16 00:00:00,0.0502269732025186,3.0,2025-12-16 10:49:00,29.265,64.62777396125557,61.697043136342145,34,995.01,28.533375,29.996624999999998,2025-12-17 10:11:00,29.996624999999998,TAKE_PROFIT,24.875249999999916,2.499999999999991
CEG,2025-12-15 00:00:00,2025-12-16 00:00:00,0.0537293460553874,5.0,2025-12-16 14:05:00,364.05,58.552838320691095,56.15167381818581,2,728.1,354.94875,373.15125,2025-12-17 09:43:00,354.94875,STOP_LOSS,-18.202499999999986,-2.500000000000002
JCI,2025-12-16 00:00:00,2025-12-17 00:00:00,0.0769230769230769,9.0,2025-12-17 09:45:00,119.13,53.161134111560195,52.964687646793244,8,953.04,116.15174999999999,122.10824999999998,2025-12-17 13:48:00,116.14,STOP_LOSS_GAP,-23.91999999999996,-2.5098631746831135
TRV,2025-12-16 00:00:00,2025-12-17 00:00:00,0.0227272727272727,4.0,2025-12-17 09:45:00,289.57,57.04759448317774,55.121067303906216,3,868.71,282.33074999999997,296.80924999999996,2025-12-19 15:59:00,292.74,WEEK_END_CLOSE,9.510000000000048,1.0947266636737396
PH,2025-12-16 00:00:00,2025-12-17 00:00:00,0.0357142857142857,5.0,2025-12-17 09:50:00,878.81,57.53838969796601,56.01012061611373,1,878.81,856.83975,900.7802499999999,2025-12-19 15:59:00,873.8,WEEK_END_CLOSE,-5.009999999999991,-0.5700890977571982
ICE,2025-12-16 00:00:00,2025-12-17 00:00:00,0.0163487738419618,2.0,2025-12-17 10:00:00,161.09,49.164748887256856,48.52418979424172,6,966.54,157.06275,165.11724999999998,2025-12-19 15:59:00,160.29,WEEK_END_CLOSE,-4.800000000000068,-0.4966167980631986
WMB,2025-12-16 00:00:00,2025-12-17 00:00:00,0.0175438596491228,3.0,2025-12-17 10:23:00,58.575,51.828060875143116,46.3638983720911,17,995.7750000000001,57.110625,60.039375,2025-12-19 15:59:00,58.24,WEEK_END_CLOSE,-5.6950000000000145,-0.5719163465642385
CMCSA,2025-12-16 00:00:00,2025-12-17 00:00:00,0.0585634756031001,7.0,2025-12-17 10:38:00,29.805,52.37224194659711,50.78155618101163,33,983.5649999999999,29.059874999999998,30.550124999999998,2025-12-17 14:32:00,30.550124999999998,TAKE_PROFIT,24.589124999999935,2.499999999999991
JCI,2025-12-16 00:00:00,2025-12-17 00:00:00,0.0769230769230769,9.0,2025-12-17 13:56:00,116.175,44.55878224656073,44.0632270057395,8,929.4,113.270625,119.07937499999998,2025-12-18 09:30:00,119.07937499999998,TAKE_PROFIT,23.2349999999999,2.499999999999991
CMCSA,2025-12-16 00:00:00,2025-12-17 00:00:00,0.0585634756031001,7.0,2025-12-17 14:42:00,30.535,63.5391095118698,61.81907456353234,32,977.12,29.771625,31.298374999999997,2025-12-18 09:39:00,29.771625,STOP_LOSS,-24.427999999999997,-2.500000000000002
CMCSA,2025-12-17 00:00:00,2025-12-18 00:00:00,0.0774827925270403,6.0,2025-12-18 09:47:00,30.005,48.38179707934904,44.02436883006715,33,990.165,29.254875,30.755124999999996,2025-12-19 15:59:00,29.56,WEEK_END_CLOSE,-14.68500000000001,-1.4830861523079442
WM,2025-12-17 00:00:00,2025-12-18 00:00:00,0.079295154185022,7.0,2025-12-18 09:47:00,218.77,47.74798620103393,46.64341332900999,4,875.08,213.30075,224.23925,2025-12-19 15:59:00,216.333,WEEK_END_CLOSE,-9.748000000000047,-1.113955295515845
RSG,2025-12-17 00:00:00,2025-12-18 00:00:00,0.0,1.0,2025-12-18 09:48:00,213.85,49.41636544391119,46.027990060207586,4,855.4,208.50375,219.19624999999996,2025-12-19 15:59:00,213.02,WEEK_END_CLOSE,-3.3199999999999363,-0.38812251578208556
GILD,2025-12-17 00:00:00,2025-12-18 00:00:00,0.0455252918287937,5.0,2025-12-18 09:56:00,121.47,53.34945696972153,52.564608419625436,8,971.76,118.43325,124.50674999999998,2025-12-19 10:09:00,124.50674999999998,TAKE_PROFIT,24.29399999999987,2.499999999999991
RTX,2025-12-17 00:00:00,2025-12-18 00:00:00,0.0840759395583107,9.0,2025-12-18 09:59:00,179.105,58.599107133971835,55.938346283510455,5,895.525,174.62737499999997,183.58262499999998,2025-12-19 15:59:00,182.09,WEEK_END_CLOSE,14.925000000000068,1.6666201390246105
AON,2025-12-17 00:00:00,2025-12-18 00:00:00,0.0454545454545454,4.0,2025-12-18 10:02:00,352.49,60.152188746917275,55.24705940378965,2,704.98,343.67775,361.30224999999996,2025-12-19 15:59:00,350.04,WEEK_END_CLOSE,-4.899999999999977,-0.6950551788703185
TXN,2025-12-18 00:00:00,2025-12-19 00:00:00,0.0521890403015366,10.0,2025-12-19 09:50:00,177.645,53.81356651101322,52.980128377203954,5,888.225,173.203875,182.08612499999998,2025-12-19 15:59:00,176.31,WEEK_END_CLOSE,-6.67500000000004,-0.7514987756480629
CSX,2025-12-18 00:00:00,2025-12-19 00:00:00,0.0064935064935064,1.0,2025-12-19 09:51:00,36.605,56.27546512042547,47.58205823236673,27,988.3349999999999,35.689874999999994,37.52012499999999,2025-12-19 15:59:00,36.47,WEEK_END_CLOSE,-3.6449999999999463,-0.368802076219088
ROST,2025-12-18 00:00:00,2025-12-19 00:00:00,0.0424028268551236,8.0,2025-12-19 09:51:00,182.72,58.339978902841914,54.67746697456494,5,913.6,178.152,187.28799999999998,2025-12-19 15:59:00,182.39,WEEK_END_CLOSE,-1.6500000000000625,-0.18060420315236803
EMR,2025-12-18 00:00:00,2025-12-19 00:00:00,0.0158102766798418,4.0,2025-12-19 09:53:00,132.25,51.10406713060093,49.32522017735417,7,925.75,128.94375,135.55624999999998,2025-12-19 15:59:00,132.96,WEEK_END_CLOSE,4.970000000000056,0.5368620037807137
TFC,2025-12-18 00:00:00,2025-12-19 00:00:00,0.0490867579908675,9.0,2025-12-19 09:58:00,50.08,53.05769505744572,51.89771930260078,19,951.52,48.827999999999996,51.331999999999994,2025-12-19 15:59:00,50.075,WEEK_END_CLOSE,-0.0949999999999136,-0.0099840255590955
USB,2025-12-18 00:00:00,2025-12-19 00:00:00,0.0080526688067903,2.0,2025-12-19 10:03:00,54.05,61.01022599707003,54.803695221619144,18,972.9,52.69875,55.40124999999999,2025-12-19 15:59:00,54.155,WEEK_END_CLOSE,1.8900000000000716,0.1942645698427503
SO,2025-12-19 00:00:00,2025-12-22 00:00:00,0.0277777777777777,7.0,2025-12-22 09:46:00,85.04,38.05195029597122,37.960812725790426,11,935.44,82.914,87.166,2025-12-24 12:55:00,87.166,TAKE_PROFIT,23.385999999999896,2.499999999999991
CMCSA,2025-12-19 00:00:00,2025-12-22 00:00:00,0.0040287769784172,1.0,2025-12-22 09:50:00,29.605,47.71036214493177,46.52795685393382,33,976.965,28.864875,30.345125,2025-12-26 15:59:00,29.655,WEEK_END_CLOSE,1.6500000000000234,0.16889039013681106
MDT,2025-12-19 00:00:00,2025-12-22 00:00:00,0.019222367846221,6.0,2025-12-22 09:51:00,97.415,38.073513116486524,37.03490715862081,10,974.1500000000001,94.979625,99.850375,2025-12-26 15:59:00,96.54,WEEK_END_CLOSE,-8.75,-0.8982189601190793
CRH,2025-12-19 00:00:00,2025-12-22 00:00:00,0.0287408759124087,8.0,2025-12-22 09:53:00,124.9,46.33024251890155,46.14149536516527,8,999.2,121.7775,128.0225,2025-12-26 10:06:00,128.0225,TAKE_PROFIT,24.980000000000018,2.499999999999991
ICE,2025-12-19 00:00:00,2025-12-22 00:00:00,0.0081967213114754,3.0,2025-12-22 09:54:00,160.255,51.2851551430778,46.71698065350389,6,961.53,156.248625,164.261375,2025-12-26 15:59:00,163.52,WEEK_END_CLOSE,19.59000000000009,2.0373779289257765
SPGI,2025-12-19 00:00:00,2025-12-22 00:00:00,0.0059405940594059,2.0,2025-12-22 10:00:00,515.62,57.03944451863569,56.09860282944195,1,515.62,502.7295,528.5105,2025-12-26 09:46:00,528.5105,TAKE_PROFIT,12.890499999999975,2.499999999999991
AFL,2025-12-19 00:00:00,2025-12-22 00:00:00,0.0173010380622837,5.0,2025-12-22 10:01:00,110.12,43.78004382696269,43.61712226105314,9,991.08,107.367,112.87299999999999,2025-12-26 15:59:00,109.91,WEEK_END_CLOSE,-1.8900000000000716,-0.19070105339630272
FDX,2025-12-19 00:00:00,2025-12-22 00:00:00,0.0111344537815126,4.0,2025-12-22 10:16:00,288.49,55.12433394392648,49.50739748029673,3,865.47,281.27775,295.70225,2025-12-24 12:28:00,295.70225,TAKE_PROFIT,21.63674999999995,2.499999999999991
AJG,2025-12-19 00:00:00,2025-12-22 00:00:00,0.04,10.0,2025-12-22 10:18:00,257.1099,56.623871725368474,55.0977079234112,3,771.3297,250.68215249999997,263.53764749999993,2025-12-26 15:59:00,261.56,WEEK_END_CLOSE,13.350300000000061,1.730816277397329
WMB,2025-12-22 00:00:00,2025-12-23 00:00:00,0.0634920634920634,6.0,2025-12-23 09:45:00,59.05,52.63032717895119,52.4350219853886,16,944.8,57.57375,60.52624999999999,2025-12-26 15:59:00,59.52,WEEK_END_CLOSE,7.5200000000000955,0.7959356477561519
NSC,2025-12-22 00:00:00,2025-12-23 00:00:00,0.0952380952380952,9.0,2025-12-23 09:47:00,291.5,49.01423410732745,47.27094518029829,3,874.5,284.2125,298.78749999999997,2025-12-26 15:59:00,291.07,WEEK_END_CLOSE,-1.2900000000000205,-0.1475128644940038
ALL,2025-12-22 00:00:00,2025-12-23 00:00:00,0.0969976905311778,10.0,2025-12-23 09:48:00,208.69,58.90343220636212,57.42377975657277,4,834.76,203.47275,213.90724999999998,2025-12-26 15:59:00,207.8,WEEK_END_CLOSE,-3.5599999999999454,-0.4264698835593439
SYK,2025-12-22 00:00:00,2025-12-23 00:00:00,0.078272604588394,7.0,2025-12-23 09:48:00,355.19,45.63609541425256,45.17036115643973,2,710.38,346.31025,364.06974999999994,2025-12-26 15:59:00,354.21,WEEK_END_CLOSE,-1.9600000000000364,-0.27590866859991126
ADP,2025-12-22 00:00:00,2025-12-23 00:00:00,0.0617283950617283,5.0,2025-12-23 09:55:00,258.77,52.02590822414421,46.173706054587115,3,776.31,252.30074999999997,265.23924999999997,2025-12-26 15:59:00,258.75,WEEK_END_CLOSE,-0.05999999999994543,-0.007728871198353637
KMI,2025-12-22 00:00:00,2025-12-23 00:00:00,0.0068717623427423,1.0,2025-12-23 10:10:00,26.975,56.99003397307106,56.3677860336908,37,998.075,26.300625,27.649375,2025-12-26 15:59:00,27.195,WEEK_END_CLOSE,8.139999999999958,0.8155699721964726
COP,2025-12-22 00:00:00,2025-12-23 00:00:00,0.0907281001137656,8.0,2025-12-23 10:16:00,92.845,43.21335605923368,43.10260894738751,10,928.45,90.523875,95.166125,2025-12-26 15:59:00,91.54,WEEK_END_CLOSE,-13.049999999999926,-1.4055684204857477
MSI,2025-12-23 00:00:00,2025-12-24 00:00:00,0.0514705882352941,7.0,2025-12-24 09:51:00,376.59,41.34983673542724,41.23924115279972,2,753.18,367.17524999999995,386.00474999999994,2025-12-26 15:59:00,377.06,WEEK_END_CLOSE,0.9400000000000546,0.12480416367934843
EQIX,2025-12-23 00:00:00,2025-12-24 00:00:00,0.0625,10.0,2025-12-24 09:52:00,760.005,56.5003113770326,54.822324799981175,1,760.005,741.004875,779.0051249999999,2025-12-26 15:59:00,763.37,WEEK_END_CLOSE,3.365000000000009,0.44276024499838584
RTX,2025-12-23 00:00:00,2025-12-24 00:00:00,0.0446408839779005,5.0,2025-12-24 10:03:00,186.85,61.544452751051246,58.358551430774604,5,934.25,182.17874999999998,191.52124999999998,2025-12-26 15:59:00,185.17,WEEK_END_CLOSE,-8.400000000000034,-0.8991169387209008
TRV,2025-12-23 00:00:00,2025-12-24 00:00:00,0.0217983651226158,3.0,2025-12-24 10:06:00,293.575,56.43208447117602,55.88736386811053,3,880.7249999999999,286.23562499999997,300.91437499999995,2025-12-26 15:59:00,292.11,WEEK_END_CLOSE,-4.394999999999925,-0.49902069317890874
APD,2025-12-23 00:00:00,2025-12-24 00:00:00,0.0620229007633587,9.0,2025-12-24 10:07:00,245.37,60.486320378473216,57.83097506236341,4,981.48,239.23575,251.50424999999998,2025-12-26 15:59:00,247.51,WEEK_END_CLOSE,8.559999999999945,0.8721522598524656
PCAR,2025-12-23 00:00:00,2025-12-24 00:00:00,0.0124481327800829,1.0,2025-12-24 10:09:00,111.585,40.27755650296857,40.08237372173612,8,892.68,108.79537499999999,114.37462499999998,2025-12-26 15:59:00,111.77,WEEK_END_CLOSE,1.4800000000000182,0.1657928933100239
AON,2025-12-23 00:00:00,2025-12-24 00:00:00,0.0483870967741935,6.0,2025-12-24 10:17:00,356.835,61.989892543075996,54.40192444998186,2,713.67,347.91412499999996,365.75587499999995,2025-12-26 15:59:00,356.66,WEEK_END_CLOSE,-0.34999999999990905,-0.04904227444055831
FDX,2025-12-23 00:00:00,2025-12-24 00:00:00,0.0560180612388881,8.0,2025-12-24 12:48:00,295.5499,53.63538281988437,51.934886737020804,3,886.6496999999999,288.16115249999996,302.93864749999995,2025-12-26 15:59:00,296.44,WEEK_END_CLOSE,2.6703000000000543,0.3011674170757761
ITW,2025-12-24 00:00:00,2025-12-26 00:00:00,0.0,3.0,2025-12-26 09:46:00,252.34,57.877508010795836,48.622256848548744,3,757.02,246.0315,258.64849999999996,2025-12-26 15:59:00,252.5,WEEK_END_CLOSE,0.47999999999998977,0.06340651501941519
DHR,2025-12-24 00:00:00,2025-12-26 00:00:00,0.0,1.0,2025-12-26 09:53:00,231.18,52.608399719633425,50.65884635823617,4,924.72,225.4005,236.9595,2025-12-26 15:59:00,230.37,WEEK_END_CLOSE,-3.240000000000009,-0.3503763301323626
REGN,2025-12-24 00:00:00,2025-12-26 00:00:00,0.0099099099099099,10.0,2025-12-26 09:58:00,784.82,51.25616354532007,47.094518694214734,1,784.82,765.1995000000001,804.4404999999999,2025-12-26 15:59:00,784.48,WEEK_END_CLOSE,-0.34000000000003183,-0.04332203562600334
RSG,2025-12-24 00:00:00,2025-12-26 00:00:00,0.0,8.0,2025-12-26 10:21:00,213.91,49.37596335792152,48.894303909085764,4,855.64,208.56225,219.25775,2025-12-26 15:59:00,213.43,WEEK_END_CLOSE,-1.919999999999959,-0.2243934364919764
CRH,2025-12-24 00:00:00,2025-12-26 00:00:00,0.0,5.0,2025-12-26 10:41:00,128.69,63.18019192571327,60.31416961177533,7,900.8299999999999,125.47274999999999,131.90724999999998,2025-12-26 15:59:00,128.97,WEEK_END_CLOSE,1.960000000000008,0.2175771233196011
CMCSA,2025-12-26 00:00:00,2025-12-29 00:00:00,0.009417304296645,2.0,2025-12-29 09:47:00,29.675,56.20961956852615,54.91107894383626,33,979.275,28.933125,30.416874999999997,2026-01-02 15:59:00,29.533,WEEK_END_CLOSE,-4.685999999999982,-0.47851727042965697
CSX,2025-12-26 00:00:00,2025-12-29 00:00:00,0.0476190476190476,5.0,2025-12-29 09:49:00,36.669,53.99221069475308,53.05544549021982,27,990.0629999999999,35.752275,37.585725,2026-01-02 15:59:00,36.26,WEEK_END_CLOSE,-11.04299999999997,-1.1153835665003053
ISRG,2025-12-26 00:00:00,2025-12-29 00:00:00,0.0571081409477521,6.0,2025-12-29 09:54:00,579.6,58.94573648725929,58.19296935995825,1,579.6,565.11,594.0899999999999,2026-01-02 09:31:00,565.11,STOP_LOSS,-14.490000000000009,-2.500000000000002
CL,2025-12-26 00:00:00,2025-12-29 00:00:00,0.08,10.0,2025-12-29 10:12:00,79.95,54.3043839853053,51.035128605711364,12,959.4000000000001,77.95125,81.94874999999999,2026-01-02 09:41:00,77.95125,STOP_LOSS,-23.985000000000014,-2.500000000000002
GLW,2025-12-26 00:00:00,2025-12-29 00:00:00,0.0613069016152716,8.0,2025-12-29 10:15:00,88.7,47.861948989512605,41.89048472202967,11,975.7,86.4825,90.91749999999999,2026-01-02 15:59:00,90.67,WEEK_END_CLOSE,21.669999999999987,2.2209695603156776
JCI,2025-12-26 00:00:00,2025-12-29 00:00:00,0.0277777777777777,4.0,2025-12-29 10:18:00,121.93,54.68125421679228,54.66236452932051,8,975.44,118.88175000000001,124.97825,2026-01-02 15:59:00,122.31,WEEK_END_CLOSE,3.0399999999999636,0.3116542278356338
MSI,2025-12-26 00:00:00,2025-12-29 00:00:00,0.0130111524163568,3.0,2025-12-29 10:29:00,376.67,56.00257078858252,50.9641739934793,2,753.34,367.25325,386.08675,2026-01-02 15:59:00,381.01,WEEK_END_CLOSE,8.67999999999995,1.1522021929009307
KMI,2025-12-26 00:00:00,2025-12-29 00:00:00,0.0597722960151802,7.0,2025-12-29 10:33:00,27.415,63.36486306377167,62.806317494807395,36,986.9399999999999,26.729625,28.100374999999996,2026-01-02 15:59:00,27.71,WEEK_END_CLOSE,10.620000000000061,1.076053255517051
T,2025-12-26 00:00:00,2025-12-29 00:00:00,0.0742201505916099,9.0,2025-12-29 10:48:00,24.905,62.6095457096572,60.041663236068025,40,996.2,24.282375000000002,25.527625,2026-01-02 15:59:00,24.55,WEEK_END_CLOSE,-14.200000000000017,-1.4254165830154597
WMB,2025-12-29 00:00:00,2025-12-30 00:00:00,0.1027397260273972,10.0,2025-12-30 09:47:00,60.075,50.14574093500041,47.79357426427909,16,961.2,58.573125000000005,61.576874999999994,2026-01-02 15:59:00,60.84,WEEK_END_CLOSE,12.240000000000009,1.2734082397003688
SPG,2025-12-29 00:00:00,2025-12-30 00:00:00,0.067524115755627,6.0,2025-12-30 09:48:00,187.855,61.28355280751747,53.63949856038104,5,939.275,183.15862499999997,192.55137499999998,2026-01-02 09:46:00,183.15862499999997,STOP_LOSS,-23.481875000000088,-2.5000000000000133
TEL,2025-12-29 00:00:00,2025-12-30 00:00:00,0.005050505050505,1.0,2025-12-30 09:51:00,232.09,56.06547272489848,53.662587014747146,4,928.36,226.28775,237.89225,2026-01-02 15:59:00,233.21,WEEK_END_CLOSE,4.480000000000018,0.48257141626093514
REGN,2025-12-29 00:00:00,2025-12-30 00:00:00,0.0934959349593495,9.0,2025-12-30 10:04:00,774.77,47.50189036964406,44.06695138504897,1,774.77,755.40075,794.13925,2026-01-02 15:59:00,776.28,WEEK_END_CLOSE,1.509999999999991,0.19489654994384598
SHW,2025-12-29 00:00:00,2025-12-30 00:00:00,0.0491803278688524,4.0,2025-12-30 10:18:00,324.13,46.22124604257677,45.27302168960541,3,972.39,316.02675,332.23324999999994,2026-01-02 15:59:00,327.88,WEEK_END_CLOSE,11.25,1.1569432018017523
AEP,2025-12-29 00:00:00,2025-12-30 00:00:00,0.0784929356357927,8.0,2025-12-30 10:19:00,115.5943,48.80051151994277,44.01371394280781,8,924.7544,112.7044425,118.4841575,2026-01-02 15:59:00,115.81,WEEK_END_CLOSE,1.7255999999999858,0.1866008964109822
ADP,2025-12-30 00:00:00,2025-12-31 00:00:00,0.0964705882352941,10.0,2025-12-31 09:46:00,259.28,48.18494313168314,47.73399881918799,3,777.8399999999999,252.79799999999997,265.76199999999994,2026-01-02 10:23:00,252.79799999999997,STOP_LOSS,-19.445999999999998,-2.500000000000002
SPGI,2025-12-30 00:00:00,2025-12-31 00:00:00,0.009771986970684,7.0,2025-12-31 09:48:00,525.9,39.229232681941305,38.79994009614075,1,525.9,512.7524999999999,539.0474999999999,2026-01-02 15:33:00,512.7524999999999,STOP_LOSS,-13.147500000000036,-2.500000000000002
FDX,2025-12-30 00:00:00,2025-12-31 00:00:00,0.0045708481462671,5.0,2025-12-31 09:49:00,290.4,44.6596253021064,43.78373924943182,3,871.1999999999999,283.14,297.65999999999997,2026-01-02 15:59:00,293.12,WEEK_END_CLOSE,8.160000000000082,0.9366391184573164
NSC,2025-12-30 00:00:00,2025-12-31 00:00:00,0.0,2.0,2025-12-31 09:50:00,290.27,48.956538859575936,47.58953946568818,3,870.81,283.01324999999997,297.52674999999994,2026-01-02 15:59:00,287.81,WEEK_END_CLOSE,-7.379999999999939,-0.8474868226134191
ITW,2025-12-30 00:00:00,2025-12-31 00:00:00,0.0,1.0,2025-12-31 09:52:00,249.26,46.96986020452901,46.43615363429448,4,997.04,243.02849999999998,255.49149999999997,2026-01-02 15:59:00,249.33,WEEK_END_CLOSE,0.2800000000000864,0.028083126053135565
TFC,2025-12-30 00:00:00,2025-12-31 00:00:00,0.0089126559714795,6.0,2025-12-31 09:53:00,49.58,58.61722056035246,50.75857225555367,20,991.5999999999999,48.3405,50.81949999999999,2026-01-02 15:59:00,49.74,WEEK_END_CLOSE,3.200000000000074,0.32271077047196783
PCAR,2025-12-30 00:00:00,2025-12-31 00:00:00,0.0023923444976076,4.0,2025-12-31 09:55:00,110.635,47.20856723187478,45.78935094862398,9,995.715,107.869125,113.400875,2026-01-02 15:59:00,111.56,WEEK_END_CLOSE,8.324999999999974,0.836082614000988
TRV,2025-12-30 00:00:00,2025-12-31 00:00:00,0.0555555555555555,9.0,2025-12-31 10:09:00,291.335,52.762006328497506,51.34974972597816,3,874.0049999999999,284.051625,298.61837499999996,2026-01-02 11:24:00,284.051625,STOP_LOSS,-21.850124999999935,-2.499999999999991
DLR,2025-12-31 00:00:00,2026-01-02 00:00:00,0.0769230769230769,7.0,2026-01-02 09:45:00,154.47,47.631940237909426,45.3078051250288,6,926.8199999999999,150.60825,158.33174999999997,2026-01-02 15:59:00,155.03,WEEK_END_CLOSE,3.3600000000000136,0.362529941088896
PLD,2025-12-31 00:00:00,2026-01-02 00:00:00,0.0349650349650349,4.0,2026-01-02 09:45:00,127.65,45.98370326429716,45.39284459776866,7,893.5500000000001,124.45875000000001,130.84125,2026-01-02 15:59:00,129.04,WEEK_END_CLOSE,9.729999999999905,1.0889150019584681
MDT,2025-12-31 00:00:00,2026-01-02 00:00:00,0.0357142857142857,5.0,2026-01-02 09:50:00,95.46,39.10655280325636,37.153890864592334,10,954.5999999999999,93.0735,97.84649999999999,2026-01-02 15:59:00,96.05,WEEK_END_CLOSE,5.900000000000034,0.6180599203855053
USB,2025-12-31 00:00:00,2026-01-02 00:00:00,0.0121415654869542,2.0,2026-01-02 09:50:00,53.14,38.42908612810109,37.934480110515366,18,956.52,51.8115,54.4685,2026-01-02 15:59:00,53.92,WEEK_END_CLOSE,14.04000000000002,1.4678208505833679
APD,2025-12-31 00:00:00,2026-01-02 00:00:00,0.0869565217391304,9.0,2026-01-02 09:53:00,243.35,40.809966740952156,36.225485538496656,4,973.4,237.26624999999999,249.43374999999997,2026-01-02 11:18:00,249.43374999999997,TAKE_PROFIT,24.334999999999923,2.499999999999991
CDNS,2025-12-31 00:00:00,2026-01-02 00:00:00,0.1,10.0,2026-01-02 09:54:00,313.91,50.523427600034914,47.41704561885144,3,941.73,306.06225,321.75775,2026-01-02 15:59:00,310.29,WEEK_END_CLOSE,-10.860000000000014,-1.153196776146026
ETN,2025-12-31 00:00:00,2026-01-02 00:00:00,0.0855949895615866,8.0,2026-01-02 10:19:00,326.505,58.70810813749314,57.41078442021213,3,979.515,318.342375,334.667625,2026-01-02 15:59:00,327.26,WEEK_END_CLOSE,2.2649999999999864,0.23123688764337125
APD,2025-12-31 00:00:00,2026-01-02 00:00:00,0.0869565217391304,9.0,2026-01-02 11:19:00,248.94,64.45580184688168,62.595490443925556,4,995.76,242.7165,255.16349999999997,2026-01-02 15:59:00,250.51,WEEK_END_CLOSE,6.279999999999973,0.6306740580059422
KMI,2026-01-02 00:00:00,2026-01-05 00:00:00,0.0840064620355412,7.0,2026-01-05 09:46:00,27.575,40.561563916618255,35.98240859867985,36,992.6999999999999,26.885624999999997,28.264374999999998,2026-01-06 12:58:00,26.885624999999997,STOP_LOSS,-24.817500000000067,-2.500000000000002
MO,2026-01-02 00:00:00,2026-01-05 00:00:00,0.0679960771493952,4.0,2026-01-05 09:46:00,56.53,33.020943284560886,27.52624954983417,17,961.01,55.11675,57.94325,2026-01-06 11:06:00,55.11675,STOP_LOSS,-24.025249999999964,-2.499999999999991
FDX,2026-01-02 00:00:00,2026-01-05 00:00:00,0.0044182621502209,1.0,2026-01-05 09:47:00,293.795,57.59630651756184,49.10216633592351,3,881.385,286.450125,301.139875,2026-01-06 10:00:00,301.139875,TAKE_PROFIT,22.034625000000005,2.499999999999991
PEP,2026-01-02 00:00:00,2026-01-05 00:00:00,0.1805816135084428,10.0,2026-01-05 09:47:00,140.735,37.5807828591779,33.91240983230961,7,985.1450000000001,137.21662500000002,144.253375,2026-01-07 14:49:00,137.21662500000002,STOP_LOSS,-24.628624999999943,-2.499999999999991
NFLX,2026-01-02 00:00:00,2026-01-05 00:00:00,0.1150705977028312,8.0,2026-01-05 10:00:00,91.74,50.878765799317236,50.39228712669103,10,917.4,89.44649999999999,94.03349999999999,2026-01-09 09:30:00,89.44649999999999,STOP_LOSS,-22.935000000000088,-2.5000000000000133
CTAS,2026-01-02 00:00:00,2026-01-05 00:00:00,0.0833333333333333,6.0,2026-01-05 10:20:00,185.445,50.98589539398997,46.32847492657801,5,927.2249999999999,180.808875,190.081125,2026-01-08 10:05:00,190.081125,TAKE_PROFIT,23.180624999999964,2.499999999999991
SPGI,2026-01-02 00:00:00,2026-01-05 00:00:00,0.1219512195121951,9.0,2026-01-05 10:27:00,532.445,71.73763139387798,71.64297085314642,1,532.445,519.133875,545.756125,2026-01-09 09:31:00,545.756125,TAKE_PROFIT,13.311124999999947,2.499999999999991
AON,2026-01-02 00:00:00,2026-01-05 00:00:00,0.074074074074074,5.0,2026-01-05 10:28:00,345.53,56.39560641511796,55.664853088783424,2,691.06,336.89174999999994,354.16824999999994,2026-01-08 09:59:00,354.16824999999994,TAKE_PROFIT,17.276499999999942,2.499999999999991
CMCSA,2026-01-02 00:00:00,2026-01-05 00:00:00,0.0622489959839357,3.0,2026-01-05 10:41:00,27.855,39.352950275076104,36.30146993100437,35,974.9250000000001,27.158625,28.551374999999997,2026-01-05 11:18:00,28.551374999999997,TAKE_PROFIT,24.373124999999867,2.499999999999991
ABNB,2026-01-02 00:00:00,2026-01-05 00:00:00,0.035797064125676,2.0,2026-01-05 10:50:00,136.83,67.74191095489667,66.32240343300853,7,957.8100000000001,133.40925000000001,140.25075,2026-01-09 09:30:00,140.25075,TAKE_PROFIT,23.945249999999987,2.499999999999991
CMCSA,2026-01-02 00:00:00,2026-01-05 00:00:00,0.0622489959839357,3.0,2026-01-05 11:38:00,28.79,66.76842429356086,62.677317646217695,34,978.86,28.070249999999998,29.509749999999997,2026-01-05 15:20:00,28.070249999999998,STOP_LOSS,-24.47150000000004,-2.500000000000002
CMCSA,2026-01-02 00:00:00,2026-01-05 00:00:00,0.0622489959839357,3.0,2026-01-05 15:23:00,28.11,42.7383096879382,41.503183905701896,35,983.85,27.407249999999998,28.812749999999998,2026-01-06 11:30:00,27.407249999999998,STOP_LOSS,-24.59625000000006,-2.500000000000002
MPC,2026-01-05 00:00:00,2026-01-06 00:00:00,0.0994437661104327,8.0,2026-01-06 09:45:00,173.78,41.809952271407575,39.815723414940756,5,868.9,169.4355,178.12449999999998,2026-01-07 12:25:00,169.4355,STOP_LOSS,-21.722500000000053,-2.500000000000002
JCI,2026-01-05 00:00:00,2026-01-06 00:00:00,0.0105680317040951,1.0,2026-01-06 09:49:00,111.97,39.590690556240695,35.26020333653331,8,895.76,109.17075,114.76924999999999,2026-01-06 14:45:00,114.76924999999999,TAKE_PROFIT,22.39399999999989,2.499999999999991
MDT,2026-01-05 00:00:00,2026-01-06 00:00:00,0.1148075668623613,9.0,2026-01-06 09:50:00,99.71,66.28575355946964,63.97512199339106,10,997.0999999999999,97.21724999999999,102.20274999999998,2026-01-09 10:29:00,97.21724999999999,STOP_LOSS,-24.92750000000001,-2.500000000000002
ITW,2026-01-05 00:00:00,2026-01-06 00:00:00,0.0317460317460317,3.0,2026-01-06 10:00:00,248.48,50.19015303996771,50.046705705044936,4,993.92,242.26799999999997,254.69199999999998,2026-01-07 09:30:00,254.69199999999998,TAKE_PROFIT,24.847999999999956,2.499999999999991
DHR,2026-01-05 00:00:00,2026-01-06 00:00:00,0.0389663658736669,4.0,2026-01-06 10:03:00,238.83,64.1213983503689,61.34208334229054,4,955.32,232.85925,244.80075,2026-01-09 15:59:00,238.33,WEEK_END_CLOSE,-2.0,-0.20935393376041445
USB,2026-01-05 00:00:00,2026-01-06 00:00:00,0.1170473083197389,10.0,2026-01-06 10:06:00,55.46,47.85626151438683,45.4255508473492,18,998.28,54.0735,56.8465,2026-01-09 15:59:00,55.22,WEEK_END_CLOSE,-4.320000000000036,-0.43274432023080456
FDX,2026-01-05 00:00:00,2026-01-06 00:00:00,0.05678793256433,6.0,2026-01-06 10:22:00,303.37,63.02986975598572,60.22362360726549,3,910.11,295.78575,310.95425,2026-01-08 09:47:00,310.95425,TAKE_PROFIT,22.752749999999992,2.499999999999991
ECL,2026-01-05 00:00:00,2026-01-06 00:00:00,0.0609756097560975,7.0,2026-01-06 10:30:00,268.21,64.31239015462565,63.088988935106435,3,804.6299999999999,261.50475,274.91524999999996,2026-01-09 15:59:00,271.73,WEEK_END_CLOSE,10.560000000000116,1.3124044591924289
DUK,2026-01-05 00:00:00,2026-01-06 00:00:00,0.0518479127891518,5.0,2026-01-06 10:37:00,116.67,50.78087219436681,48.99385283331943,8,933.36,113.75325,119.58675,2026-01-09 15:59:00,116.815,WEEK_END_CLOSE,1.1599999999999682,0.12428216336675124
WELL,2026-01-05 00:00:00,2026-01-06 00:00:00,0.031578947368421,2.0,2026-01-06 11:20:00,184.25,50.868165378465555,46.79170722521928,5,921.25,179.64374999999998,188.85625,2026-01-07 09:56:00,188.85625,TAKE_PROFIT,23.031249999999943,2.499999999999991
JCI,2026-01-05 00:00:00,2026-01-06 00:00:00,0.0105680317040951,1.0,2026-01-06 15:16:00,114.88,59.12416893511409,56.40341555322302,8,919.04,112.008,117.75199999999998,2026-01-08 09:30:00,111.31,STOP_LOSS_GAP,-28.559999999999945,-3.1075905292479056
CMCSA,2026-01-06 00:00:00,2026-01-07 00:00:00,0.0737507525586995,7.0,2026-01-07 09:45:00,27.645,63.41644908260724,59.923595649779095,36,995.22,26.953875,28.336124999999996,2026-01-08 14:02:00,28.336124999999996,TAKE_PROFIT,24.880499999999856,2.499999999999991
FTNT,2026-01-06 00:00:00,2026-01-07 00:00:00,0.0809889173060528,10.0,2026-01-07 09:45:00,79.07,56.87287511946991,51.093705199053,12,948.8399999999999,77.09325,81.04674999999999,2026-01-09 15:59:00,79.2,WEEK_END_CLOSE,1.560000000000116,0.16441128114330628
MSI,2026-01-06 00:00:00,2026-01-07 00:00:00,0.0694444444444444,5.0,2026-01-07 09:47:00,380.2186,45.8159628179537,44.0084502967745,2,760.4372,370.71313499999997,389.72406499999994,2026-01-08 10:40:00,389.72406499999994,TAKE_PROFIT,19.010929999999917,2.499999999999991
NSC,2026-01-06 00:00:00,2026-01-07 00:00:00,0.0,1.0,2026-01-07 09:49:00,291.3,57.94925075532739,55.371847419810244,3,873.9000000000001,284.0175,298.5825,2026-01-07 15:59:00,284.0175,STOP_LOSS,-21.847500000000082,-2.5000000000000133
APH,2026-01-06 00:00:00,2026-01-07 00:00:00,0.0596990243095749,4.0,2026-01-07 10:03:00,139.315,52.93511550497265,51.53383071489946,7,975.2049999999999,135.832125,142.79787499999998,2026-01-08 09:41:00,135.832125,STOP_LOSS,-24.38012500000005,-2.500000000000002
CSX,2026-01-06 00:00:00,2026-01-07 00:00:00,0.0422343324250681,3.0,2026-01-07 10:26:00,35.435,39.0580072809368,35.19865122077844,28,992.1800000000001,34.549125000000004,36.320875,2026-01-09 15:59:00,35.19,WEEK_END_CLOSE,-6.860000000000127,-0.6914068011852792
WMB,2026-01-07 00:00:00,2026-01-08 00:00:00,0.0036231884057971,1.0,2026-01-08 09:45:00,60.8524,51.38517870608936,50.43612167842559,16,973.6384,59.33109,62.373709999999996,2026-01-09 15:59:00,60.31,WEEK_END_CLOSE,-8.67840000000001,-0.8913370713398372
MCK,2026-01-07 00:00:00,2026-01-08 00:00:00,0.0820189274447949,9.0,2026-01-08 10:02:00,833.515,54.76315308744378,52.24492665829342,1,833.515,812.6771249999999,854.3528749999999,2026-01-08 13:04:00,812.6771249999999,STOP_LOSS,-20.837875000000054,-2.500000000000002
PM,2026-01-07 00:00:00,2026-01-08 00:00:00,0.0839002267573696,10.0,2026-01-08 10:12:00,158.755,57.60717693775662,55.471157005020714,6,952.53,154.786125,162.723875,2026-01-09 15:57:00,162.723875,TAKE_PROFIT,23.813249999999982,2.499999999999991
KMI,2026-01-07 00:00:00,2026-01-08 00:00:00,0.0188102515871149,3.0,2026-01-08 10:15:00,27.25,56.35127215965095,50.64754910698583,36,981.0,26.568749999999998,27.93125,2026-01-09 15:59:00,27.13,WEEK_END_CLOSE,-4.320000000000036,-0.4403669724770687
FDX,2026-01-07 00:00:00,2026-01-08 00:00:00,0.0148221343873517,2.0,2026-01-08 10:16:00,312.2,59.39652597837819,56.810736146129415,3,936.5999999999999,304.395,320.00499999999994,2026-01-09 15:59:00,312.36,WEEK_END_CLOSE,0.48000000000007503,0.05124919923127358
AON,2026-01-07 00:00:00,2026-01-08 00:00:00,0.0555555555555555,7.0,2026-01-08 10:25:00,353.45,51.818335305494756,51.80355077677033,2,706.9,344.61375,362.28624999999994,2026-01-09 15:59:00,350.79,WEEK_END_CLOSE,-5.319999999999936,-0.752581694723431
EQIX,2026-01-07 00:00:00,2026-01-08 00:00:00,0.0350877192982456,6.0,2026-01-08 10:53:00,778.69,51.85085239790897,50.14718536939102,1,778.69,759.22275,798.15725,2026-01-09 10:15:00,798.15725,TAKE_PROFIT,19.467249999999922,2.499999999999991
MSI,2026-01-07 00:00:00,2026-01-08 00:00:00,0.0555555555555555,8.0,2026-01-08 11:47:00,385.055,50.88230008306685,45.66030732078499,2,770.11,375.428625,394.68137499999995,2026-01-09 15:59:00,383.29,WEEK_END_CLOSE,-3.5299999999999727,-0.4583760761449618
MCK,2026-01-07 00:00:00,2026-01-08 00:00:00,0.0820189274447949,9.0,2026-01-08 13:15:00,813.78,47.83143484462585,39.48228076765077,1,813.78,793.4354999999999,834.1244999999999,2026-01-09 15:59:00,816.17,WEEK_END_CLOSE,2.3899999999999864,0.29369116960358266
AFL,2026-01-08 00:00:00,2026-01-09 00:00:00,0.0357142857142857,8.0,2026-01-09 09:45:00,110.08,48.55437636885699,46.40450853906292,9,990.72,107.328,112.832,2026-01-09 15:59:00,109.23,WEEK_END_CLOSE,-7.649999999999949,-0.7721656976744096
SPGI,2026-01-08 00:00:00,2026-01-09 00:00:00,0.0084745762711864,3.0,2026-01-09 09:46:00,543.84,50.206052870852446,48.19895964605391,1,543.84,530.244,557.436,2026-01-09 15:59:00,541.95,WEEK_END_CLOSE,-1.8899999999999864,-0.3475286849073278
ITW,2026-01-08 00:00:00,2026-01-09 00:00:00,0.0,1.0,2026-01-09 09:48:00,253.01,44.07023213926862,42.60837793312589,3,759.03,246.68474999999998,259.33525,2026-01-09 15:59:00,255.08,WEEK_END_CLOSE,6.210000000000065,0.8181494802577127
ORLY,2026-01-08 00:00:00,2026-01-09 00:00:00,0.0379746835443038,9.0,2026-01-09 09:51:00,92.42,58.44471161499045,52.18017288250883,10,924.2,90.1095,94.73049999999999,2026-01-09 15:59:00,93.8,WEEK_END_CLOSE,13.799999999999955,1.4931832936593725
CTAS,2026-01-08 00:00:00,2026-01-09 00:00:00,0.0,2.0,2026-01-09 10:00:00,191.57,62.557949892131404,58.04381372325316,5,957.8499999999999,186.78074999999998,196.35924999999997,2026-01-09 15:59:00,193.13,WEEK_END_CLOSE,7.800000000000011,0.8143237458892338
ICE,2026-01-08 00:00:00,2026-01-09 00:00:00,0.0196078431372549,5.0,2026-01-09 10:05:00,163.74,52.46664367833462,50.99197774225409,6,982.44,159.6465,167.8335,2026-01-09 15:59:00,165.98,WEEK_END_CLOSE,13.439999999999884,1.3680224746549285
DDOG,2026-01-09 00:00:00,2026-01-12 00:00:00,0.0458440445586975,6.0,2026-01-12 09:45:00,124.7426,40.10791660275323,38.71544439320073,8,997.9408,121.62403499999999,127.86116499999999,2026-01-12 09:55:00,127.86116499999999,TAKE_PROFIT,24.948519999999917,2.499999999999991
FDX,2026-01-09 00:00:00,2026-01-12 00:00:00,0.0040840140023337,2.0,2026-01-12 09:45:00,312.06,57.093740112810025,49.6642503248746,3,936.1800000000001,304.25849999999997,319.8615,2026-01-16 15:59:00,308.27,WEEK_END_CLOSE,-11.370000000000061,-1.2145100301224176
KMI,2026-01-09 00:00:00,2026-01-12 00:00:00,0.0920269734232447,10.0,2026-01-12 09:45:00,27.1737,51.55671895646612,49.23319422947242,36,978.2532,26.4943575,27.853042499999997,2026-01-16 11:35:00,27.853042499999997,TAKE_PROFIT,24.456329999999895,2.499999999999991
BSX,2026-01-09 00:00:00,2026-01-12 00:00:00,0.0909090909090909,9.0,2026-01-12 09:49:00,97.46,55.973698384739045,52.54476958888975,10,974.5999999999999,95.0235,99.89649999999999,2026-01-13 09:32:00,95.0235,STOP_LOSS,-24.364999999999952,-2.499999999999991
ADP,2026-01-09 00:00:00,2026-01-12 00:00:00,0.0616113744075829,8.0,2026-01-12 09:52:00,264.135,39.00548219544,38.37523209511855,3,792.405,257.53162499999996,270.73837499999996,2026-01-13 13:09:00,257.53162499999996,STOP_LOSS,-19.810125000000085,-2.5000000000000133
MCK,2026-01-09 00:00:00,2026-01-12 00:00:00,0.0444444444444444,5.0,2026-01-12 09:56:00,827.02,55.58050569091406,54.241828128538806,1,827.02,806.3444999999999,847.6954999999999,2026-01-16 09:33:00,847.6954999999999,TAKE_PROFIT,20.675499999999943,2.499999999999991
DHR,2026-01-09 00:00:00,2026-01-12 00:00:00,0.0016863406408094,1.0,2026-01-12 10:05:00,238.97,60.113640585994084,58.31884398789794,4,955.88,232.99575,244.94424999999998,2026-01-13 11:54:00,232.99575,STOP_LOSS,-23.897000000000048,-2.500000000000002
SPGI,2026-01-09 00:00:00,2026-01-12 00:00:00,0.0089285714285714,3.0,2026-01-12 10:09:00,543.045,50.59009968956617,47.78192037693578,1,543.045,529.4688749999999,556.6211249999999,2026-01-16 15:59:00,546.3,WEEK_END_CLOSE,3.2549999999999955,0.5993978399580158
MSI,2026-01-09 00:00:00,2026-01-12 00:00:00,0.058252427184466,7.0,2026-01-12 10:11:00,385.83,56.46072781530037,51.947425933750424,2,771.66,376.18424999999996,395.47574999999995,2026-01-15 13:15:00,395.47574999999995,TAKE_PROFIT,19.291499999999928,2.499999999999991
DDOG,2026-01-09 00:00:00,2026-01-12 00:00:00,0.0458440445586975,6.0,2026-01-12 10:13:00,127.0951,50.19952122552574,47.771840441285434,7,889.6657,123.9177225,130.27247749999998,2026-01-13 12:55:00,123.9177225,STOP_LOSS,-22.24164250000004,-2.500000000000002
CB,2026-01-09 00:00:00,2026-01-12 00:00:00,0.0253807106598984,4.0,2026-01-12 10:26:00,308.22,48.1598340907581,46.571671005013094,3,924.6600000000001,300.5145,315.9255,2026-01-13 14:56:00,300.5145,STOP_LOSS,-23.116500000000087,-2.5000000000000133
EMR,2026-01-12 00:00:00,2026-01-13 00:00:00,0.0398671096345514,5.0,2026-01-13 09:46:00,146.51,59.305689601183666,55.488272888409114,6,879.06,142.84724999999997,150.17274999999998,2026-01-15 09:30:00,150.17274999999998,TAKE_PROFIT,21.97649999999993,2.499999999999991
JCI,2026-01-12 00:00:00,2026-01-13 00:00:00,0.0211267605633802,1.0,2026-01-13 09:48:00,111.72,51.50582679902586,50.299686904335395,8,893.76,108.92699999999999,114.51299999999999,2026-01-16 09:45:00,114.51299999999999,TAKE_PROFIT,22.343999999999937,2.499999999999991
ICE,2026-01-12 00:00:00,2026-01-13 00:00:00,0.0244252873563218,3.0,2026-01-13 09:50:00,165.67,43.3652590861555,42.09044817906293,6,994.02,161.52824999999999,169.81174999999996,2026-01-14 10:39:00,169.81174999999996,TAKE_PROFIT,24.85049999999984,2.499999999999991
PLD,2026-01-12 00:00:00,2026-01-13 00:00:00,0.0803571428571428,8.0,2026-01-13 09:56:00,128.57,44.311710514688805,40.073142879949536,7,899.99,125.35574999999999,131.78425,2026-01-14 13:03:00,131.78425,TAKE_PROFIT,22.49974999999995,2.499999999999991
AMT,2026-01-12 00:00:00,2026-01-13 00:00:00,0.0808678500986193,9.0,2026-01-13 10:14:00,170.29,51.28511837459908,49.901573080985955,5,851.4499999999999,166.03275,174.54724999999996,2026-01-14 09:30:00,174.54724999999996,TAKE_PROFIT,21.286249999999853,2.499999999999991
TMO,2026-01-12 00:00:00,2026-01-13 00:00:00,0.0571428571428571,7.0,2026-01-13 10:18:00,614.02,59.60275076436665,55.62897178562711,1,614.02,598.6695,629.3704999999999,2026-01-13 13:07:00,598.6695,STOP_LOSS,-15.350500000000011,-2.500000000000002
MPC,2026-01-12 00:00:00,2026-01-13 00:00:00,0.0228484386900228,2.0,2026-01-13 10:20:00,177.615,56.02329536563629,55.62385886393298,5,888.075,173.174625,182.055375,2026-01-14 12:27:00,182.055375,TAKE_PROFIT,22.201874999999944,2.499999999999991
CRH,2026-01-12 00:00:00,2026-01-13 00:00:00,0.0881024096385542,10.0,2026-01-13 10:21:00,126.76,43.17193008523961,42.06612927767978,7,887.32,123.59100000000001,129.929,2026-01-14 11:36:00,123.59100000000001,STOP_LOSS,-22.18299999999998,-2.500000000000002
TMO,2026-01-12 00:00:00,2026-01-13 00:00:00,0.0571428571428571,7.0,2026-01-13 13:13:00,597.63,38.138890343391054,36.766909086320375,1,597.63,582.68925,612.57075,2026-01-14 09:34:00,612.57075,TAKE_PROFIT,14.94074999999998,2.499999999999991
PCAR,2026-01-13 00:00:00,2026-01-14 00:00:00,0.1111111111111111,8.0,2026-01-14 09:48:00,119.99,56.931239157713165,56.76449572538634,8,959.92,116.99024999999999,122.98974999999999,2026-01-16 15:59:00,121.37,WEEK_END_CLOSE,11.040000000000077,1.150095841320109
CDNS,2026-01-13 00:00:00,2026-01-14 00:00:00,0.0503355704697986,3.0,2026-01-14 09:54:00,315.03,39.809821695489504,38.165274081097564,3,945.0899999999999,307.15425,322.90574999999995,2026-01-15 09:45:00,322.90574999999995,TAKE_PROFIT,23.627249999999947,2.499999999999991
COP,2026-01-13 00:00:00,2026-01-14 00:00:00,0.1067143221853459,7.0,2026-01-14 10:06:00,100.02,65.19116284646898,60.43182137741634,9,900.18,97.5195,102.52049999999998,2026-01-16 09:30:00,97.5,STOP_LOSS_GAP,-22.679999999999964,-2.519496100779839
SCHW,2026-01-13 00:00:00,2026-01-14 00:00:00,0.0787316942093242,4.0,2026-01-14 10:06:00,99.9488,45.93922611054554,44.121720824208026,10,999.488,97.45008,102.44752,2026-01-15 09:30:00,102.44752,TAKE_PROFIT,24.987199999999916,2.499999999999991
MO,2026-01-13 00:00:00,2026-01-14 00:00:00,0.0892975480450629,5.0,2026-01-14 10:07:00,60.75,64.18237035786109,63.194152351324156,16,972.0,59.231249999999996,62.26875,2026-01-16 15:59:00,61.76,WEEK_END_CLOSE,16.159999999999968,1.6625514403292074
RSG,2026-01-13 00:00:00,2026-01-14 00:00:00,0.1183431952662721,9.0,2026-01-14 10:12:00,210.62,60.46884012481496,54.112490218721135,4,842.48,205.3545,215.88549999999998,2026-01-16 15:59:00,210.94,WEEK_END_CLOSE,1.2799999999999727,0.1519323900864178
HWM,2026-01-13 00:00:00,2026-01-14 00:00:00,0.09375,6.0,2026-01-14 10:42:00,219.96,53.15450490903998,49.555583812349866,4,879.84,214.461,225.45899999999997,2026-01-15 10:55:00,225.45899999999997,TAKE_PROFIT,21.995999999999867,2.499999999999991
PEP,2026-01-13 00:00:00,2026-01-14 00:00:00,0.1229797979797979,10.0,2026-01-14 10:42:00,145.855,64.9087610155994,63.37777399614606,6,875.1299999999999,142.20862499999998,149.50137499999997,2026-01-16 15:59:00,146.31,WEEK_END_CLOSE,2.730000000000075,0.31195365260019425
AEP,2026-01-14 00:00:00,2026-01-15 00:00:00,0.01859410430839,2.0,2026-01-15 09:45:00,118.06,49.685978412375356,44.614785455601215,8,944.48,115.1085,121.0115,2026-01-16 15:59:00,119.96,WEEK_END_CLOSE,15.199999999999932,1.609351177367424
LIN,2026-01-14 00:00:00,2026-01-15 00:00:00,0.019873532068654,3.0,2026-01-15 09:45:00,441.015,56.770724191980634,54.879644911473065,2,882.03,429.989625,452.0403749999999,2026-01-16 15:59:00,438.94,WEEK_END_CLOSE,-4.149999999999977,-0.47050553836036624
AFL,2026-01-14 00:00:00,2026-01-15 00:00:00,0.0014430014430014,1.0,2026-01-15 09:49:00,110.45,54.8613252525952,53.63340067543127,9,994.0500000000001,107.68875,113.21124999999999,2026-01-16 15:59:00,109.5,WEEK_END_CLOSE,-8.550000000000026,-0.860117700316887
T,2026-01-14 00:00:00,2026-01-15 00:00:00,0.0739386427022001,10.0,2026-01-15 09:55:00,23.57,53.79809079476811,44.190175398480235,42,989.94,22.98075,24.159249999999997,2026-01-16 15:59:00,23.495,WEEK_END_CLOSE,-3.14999999999997,-0.3182011030971599
ROST,2026-01-14 00:00:00,2026-01-15 00:00:00,0.0298507462686567,7.0,2026-01-15 10:01:00,193.305,71.55047120828324,63.450151122230444,5,966.5250000000001,188.472375,198.13762499999999,2026-01-16 15:59:00,192.35,WEEK_END_CLOSE,-4.7750000000000625,-0.4940379193502542
CME,2026-01-14 00:00:00,2026-01-15 00:00:00,0.0557575757575757,9.0,2026-01-15 10:09:00,273.43,52.108451549146714,47.252692199283615,3,820.29,266.59425,280.26574999999997,2026-01-16 15:59:00,279.52,WEEK_END_CLOSE,18.269999999999925,2.227261090589905
WMB,2026-01-14 00:00:00,2026-01-15 00:00:00,0.027923917442331,6.0,2026-01-15 10:33:00,60.78,54.344436828087034,48.57909682170623,16,972.48,59.2605,62.299499999999995,2026-01-16 15:59:00,61.54,WEEK_END_CLOSE,12.159999999999968,1.2504113195130007
ETN,2026-01-14 00:00:00,2026-01-15 00:00:00,0.0440134278254382,8.0,2026-01-15 10:58:00,336.88,56.86945943350726,49.62208423286395,2,673.76,328.45799999999997,345.30199999999996,2026-01-16 09:42:00,345.30199999999996,TAKE_PROFIT,16.843999999999937,2.499999999999991
EMR,2026-01-15 00:00:00,2026-01-16 00:00:00,0.0260115606936416,4.0,2026-01-16 09:52:00,149.74,57.69260433869792,54.89005108412477,6,898.44,145.9965,153.4835,2026-01-16 15:59:00,149.44,WEEK_END_CLOSE,-1.8000000000000682,-0.2003472685989105
CSX,2026-01-15 00:00:00,2026-01-16 00:00:00,0.0193423597678916,3.0,2026-01-16 09:56:00,36.34,51.007132511866295,50.353558773414086,27,981.1800000000001,35.4315,37.2485,2026-01-16 15:59:00,36.235,WEEK_END_CLOSE,-2.8350000000001074,-0.2889378095762396
AON,2026-01-15 00:00:00,2026-01-16 00:00:00,0.0526315789473684,7.0,2026-01-16 10:04:00,342.04,51.332577204004075,49.46908333902741,2,684.08,333.48900000000003,350.591,2026-01-16 15:59:00,343.87,WEEK_END_CLOSE,3.659999999999968,0.5350251432580944
CMCSA,2026-01-15 00:00:00,2026-01-16 00:00:00,0.0021736643404644,1.0,2026-01-16 10:10:00,27.97,56.66875692023056,38.32944303718135,35,978.9499999999999,27.27075,28.669249999999998,2026-01-16 15:59:00,27.82,WEEK_END_CLOSE,-5.24999999999995,-0.5362888809438582
MCO,2026-01-15 00:00:00,2026-01-16 00:00:00,0.08,10.0,2026-01-16 10:14:00,536.84,53.24961038155252,51.50194778647129,1,536.84,523.419,550.261,2026-01-16 15:59:00,538.87,WEEK_END_CLOSE,2.0299999999999727,0.378138737798972
KMI,2026-01-15 00:00:00,2026-01-16 00:00:00,0.0577586206896551,8.0,2026-01-16 11:41:00,27.845,59.69243991208501,58.987745211058844,35,974.5749999999999,27.148874999999997,28.541124999999997,2026-01-16 15:59:00,27.95,WEEK_END_CLOSE,3.675000000000015,0.37708744837492425
KMI,2026-01-16 00:00:00,2026-01-20 00:00:00,0.0242252291575731,8.0,2026-01-20 09:49:00,27.975,47.66295678172511,47.15370774295324,35,979.125,27.275625,28.674374999999998,2026-01-22 09:30:00,29.13,TAKE_PROFIT_GAP,40.42499999999991,4.128686327077746
MDLZ,2026-01-16 00:00:00,2026-01-20 00:00:00,0.0084602368866328,5.0,2026-01-20 09:49:00,57.22,53.59749594851833,47.54972791398327,17,972.74,55.7895,58.650499999999994,2026-01-23 15:59:00,58.39,WEEK_END_CLOSE,19.89000000000003,2.044739601537926
PH,2026-01-16 00:00:00,2026-01-20 00:00:00,0.0175284837861524,6.0,2026-01-20 09:50:00,931.3,43.04100909924089,42.54992852651597,1,931.3,908.0174999999999,954.5824999999999,2026-01-23 15:59:00,928.0,WEEK_END_CLOSE,-3.2999999999999545,-0.3543433909588667
TEL,2026-01-16 00:00:00,2026-01-20 00:00:00,0.0257510729613733,9.0,2026-01-20 09:50:00,238.08,40.511631807901,38.00502334233075,4,952.32,232.12800000000001,244.03199999999998,2026-01-21 09:30:00,226.79,STOP_LOSS_GAP,-45.16000000000008,-4.742103494623661
APO,2026-01-16 00:00:00,2026-01-20 00:00:00,0.0051849291393017,3.0,2026-01-20 09:51:00,142.34,45.27657105070328,43.259583034099926,7,996.38,138.7815,145.89849999999998,2026-01-20 13:54:00,138.7815,STOP_LOSS,-24.909500000000065,-2.500000000000002
ALL,2026-01-16 00:00:00,2026-01-20 00:00:00,0.0204081632653061,7.0,2026-01-20 09:54:00,194.555,54.179404443508744,51.988270837769086,5,972.7750000000001,189.691125,199.41887499999999,2026-01-23 15:59:00,193.61,WEEK_END_CLOSE,-4.724999999999966,-0.48572383130733865
AEP,2026-01-16 00:00:00,2026-01-20 00:00:00,0.0051260145237078,2.0,2026-01-20 10:01:00,118.5,41.545225783329215,41.437360941720655,8,948.0,115.5375,121.46249999999999,2026-01-23 15:59:00,116.62,WEEK_END_CLOSE,-15.039999999999964,-1.5864978902953575
SPGI,2026-01-16 00:00:00,2026-01-20 00:00:00,0.0265486725663716,10.0,2026-01-20 10:02:00,541.41,39.84002689654431,39.70576152675043,1,541.41,527.87475,554.9452499999999,2026-01-20 12:58:00,527.76,STOP_LOSS_GAP,-13.649999999999977,-2.5211946583919675
FDX,2026-01-16 00:00:00,2026-01-20 00:00:00,0.0083876980428704,4.0,2026-01-20 10:13:00,308.05,45.79020130693056,42.72597840249268,3,924.1500000000001,300.34875,315.75124999999997,2026-01-20 15:16:00,300.34875,STOP_LOSS,-23.103750000000048,-2.500000000000002
PCAR,2026-01-16 00:00:00,2026-01-20 00:00:00,0.0,1.0,2026-01-20 10:15:00,119.79,49.497491162675445,45.29173244943218,8,958.32,116.79525000000001,122.78475,2026-01-21 14:28:00,122.78475,TAKE_PROFIT,23.95799999999997,2.499999999999991
SPGI,2026-01-16 00:00:00,2026-01-20 00:00:00,0.0265486725663716,10.0,2026-01-20 13:11:00,527.07,42.2644092441527,33.273726665217396,1,527.07,513.8932500000001,540.24675,2026-01-22 15:51:00,540.24675,TAKE_PROFIT,13.17674999999997,2.499999999999991
APO,2026-01-16 00:00:00,2026-01-20 00:00:00,0.0051849291393017,3.0,2026-01-20 14:00:00,139.08,47.33578779433429,44.95733368829642,7,973.5600000000001,135.603,142.557,2026-01-23 15:59:00,136.27,WEEK_END_CLOSE,-19.670000000000016,-2.020419902214554
FDX,2026-01-16 00:00:00,2026-01-20 00:00:00,0.0083876980428704,4.0,2026-01-20 15:18:00,300.96,56.222608749140406,41.01707537848159,3,902.8799999999999,293.436,308.484,2026-01-21 14:29:00,308.484,TAKE_PROFIT,22.572000000000003,2.499999999999991
CVS,2026-01-20 00:00:00,2026-01-21 00:00:00,0.0230400144848814,3.0,2026-01-21 09:45:00,80.66,55.430334091053794,55.16236642090428,12,967.92,78.64349999999999,82.67649999999999,2026-01-22 15:59:00,82.67649999999999,TAKE_PROFIT,24.197999999999922,2.499999999999991
MRSH,2026-01-20 00:00:00,2026-01-21 00:00:00,0.0313725490196078,4.0,2026-01-21 09:46:00,181.06,50.87859816077454,46.53252881384801,5,905.3,176.5335,185.58649999999997,2026-01-23 15:59:00,183.13,WEEK_END_CLOSE,10.349999999999966,1.1432674251629305
AON,2026-01-20 00:00:00,2026-01-21 00:00:00,0.0439560439560439,5.0,2026-01-21 09:47:00,340.72,55.653220734036196,51.34913968742733,2,681.44,332.202,349.238,2026-01-21 11:02:00,332.202,STOP_LOSS,-17.036000000000058,-2.5000000000000133
SO,2026-01-20 00:00:00,2026-01-21 00:00:00,0.0883392226148409,9.0,2026-01-21 09:49:00,89.2,56.45371756848331,53.868241529008365,11,981.2,86.97,91.42999999999999,2026-01-23 11:49:00,86.97,STOP_LOSS,-24.530000000000044,-2.500000000000002
CTAS,2026-01-20 00:00:00,2026-01-21 00:00:00,0.0134328358208955,1.0,2026-01-21 09:55:00,194.475,55.89215592900172,54.139064048553145,5,972.375,189.613125,199.33687499999996,2026-01-23 15:59:00,192.9,WEEK_END_CLOSE,-7.874999999999943,-0.8098727342846113
HPE,2026-01-20 00:00:00,2026-01-21 00:00:00,0.0914454277286135,10.0,2026-01-21 09:56:00,20.685,59.044442456780445,58.654577227449515,48,992.8799999999999,20.167875,21.202124999999995,2026-01-22 09:30:00,21.3,TAKE_PROFIT_GAP,29.520000000000095,2.9731689630166924
BSX,2026-01-20 00:00:00,2026-01-21 00:00:00,0.0792264504054897,8.0,2026-01-21 09:57:00,91.305,54.66374476688071,52.29730845840421,10,913.0500000000001,89.02237500000001,93.587625,2026-01-23 15:59:00,92.5,WEEK_END_CLOSE,11.949999999999932,1.308800175236846
SYK,2026-01-20 00:00:00,2026-01-21 00:00:00,0.0646879756468797,7.0,2026-01-21 09:59:00,362.43,58.64350121868422,54.104398062797486,2,724.86,353.36925,371.49075,2026-01-23 10:02:00,353.36925,STOP_LOSS,-18.12149999999997,-2.499999999999991
CDNS,2026-01-20 00:00:00,2026-01-21 00:00:00,0.0539772727272727,6.0,2026-01-21 10:16:00,310.4358,58.152484650734074,56.09151875914977,3,931.3073999999999,302.67490499999997,318.1966949999999,2026-01-23 10:05:00,318.1966949999999,TAKE_PROFIT,23.282684999999844,2.499999999999991
AON,2026-01-20 00:00:00,2026-01-21 00:00:00,0.0439560439560439,5.0,2026-01-21 11:06:00,332.55,38.56891117240498,30.415190954156717,3,997.6500000000001,324.23625,340.86375,2026-01-23 15:59:00,338.56,WEEK_END_CLOSE,18.029999999999973,1.8072470305217303
ICE,2026-01-21 00:00:00,2026-01-22 00:00:00,0.0388349514563106,4.0,2026-01-22 09:45:00,172.185,47.68690504949656,43.954702913304004,5,860.925,167.880375,176.489625,2026-01-23 15:59:00,172.9,WEEK_END_CLOSE,3.575000000000017,0.41525103812760644
ITW,2026-01-21 00:00:00,2026-01-22 00:00:00,0.032258064516129,3.0,2026-01-22 09:45:00,261.17,54.58783793265834,51.35315769508669,3,783.51,254.64075,267.69925,2026-01-23 15:59:00,258.25,WEEK_END_CLOSE,-8.760000000000048,-1.118045717348859
CME,2026-01-21 00:00:00,2026-01-22 00:00:00,0.0543478260869565,7.0,2026-01-22 09:46:00,279.475,49.898135544975005,48.2036986239873,3,838.4250000000001,272.488125,286.461875,2026-01-23 15:59:00,282.73,WEEK_END_CLOSE,9.764999999999986,1.1646837820914246
WMB,2026-01-21 00:00:00,2026-01-22 00:00:00,0.0808823529411764,10.0,2026-01-22 09:48:00,63.63,59.60661416917537,58.11029470315083,15,954.45,62.03925,65.22075,2026-01-23 15:59:00,64.96,WEEK_END_CLOSE,19.949999999999868,2.0902090209020674
VZ,2026-01-21 00:00:00,2026-01-22 00:00:00,0.04297273124363,5.0,2026-01-22 09:49:00,39.36,55.00802611734444,51.25959819601952,25,984.0,38.376,40.343999999999994,2026-01-23 15:59:00,39.52,WEEK_END_CLOSE,4.000000000000092,0.40650406504065817
MDT,2026-01-21 00:00:00,2026-01-22 00:00:00,0.0235294117647058,2.0,2026-01-22 09:58:00,100.73,49.1097066488916,47.984176336288904,9,906.57,98.21175,103.24825,2026-01-23 15:59:00,100.91,WEEK_END_CLOSE,1.6199999999999335,0.17869552268439115
DUK,2026-01-21 00:00:00,2026-01-22 00:00:00,0.065563725490196,8.0,2026-01-22 10:17:00,118.185,45.75860606892745,42.944150560162214,8,945.48,115.230375,121.139625,2026-01-23 15:59:00,117.42,WEEK_END_CLOSE,-6.1200000000000045,-0.6472902652620904
ROST,2026-01-21 00:00:00,2026-01-22 00:00:00,0.0227272727272727,1.0,2026-01-22 10:20:00,190.295,45.53032926299673,45.359218506704146,5,951.4749999999999,185.537625,195.05237499999998,2026-01-23 15:59:00,188.505,WEEK_END_CLOSE,-8.94999999999996,-0.9406447883549163
RSG,2026-01-22 00:00:00,2026-01-23 00:00:00,0.0080645161290322,1.0,2026-01-23 09:45:00,216.48,57.15963539436118,53.83638231989144,4,865.92,211.06799999999998,221.89199999999997,2026-01-23 15:59:00,217.6,WEEK_END_CLOSE,4.480000000000018,0.5173688100517326
FDX,2026-01-22 00:00:00,2026-01-23 00:00:00,0.1126543209876543,10.0,2026-01-23 09:54:00,307.5299,50.160134411019975,43.6358682533513,3,922.5897,299.8416525,315.2181475,2026-01-23 15:59:00,304.04,WEEK_END_CLOSE,-10.469699999999932,-1.1348164845109254
UPS,2026-01-22 00:00:00,2026-01-23 00:00:00,0.0504749487800335,5.0,2026-01-23 09:56:00,108.62,47.14867616178138,45.87216336727037,9,977.58,105.9045,111.3355,2026-01-23 15:59:00,107.94,WEEK_END_CLOSE,-6.120000000000061,-0.6260357208617284
SPGI,2026-01-22 00:00:00,2026-01-23 00:00:00,0.064516129032258,7.0,2026-01-23 09:57:00,537.44,50.70511157544012,50.154037213091186,1,537.44,524.004,550.876,2026-01-23 15:59:00,533.6,WEEK_END_CLOSE,-3.840000000000032,-0.7144983626079293
CMCSA,2026-01-22 00:00:00,2026-01-23 00:00:00,0.0610367892976588,6.0,2026-01-23 10:05:00,28.95,51.624363427235494,51.601552505149016,34,984.3,28.22625,29.67375,2026-01-23 15:59:00,29.32,WEEK_END_CLOSE,12.580000000000034,1.2780656303972293
CDNS,2026-01-22 00:00:00,2026-01-23 00:00:00,0.0391173520561685,4.0,2026-01-23 10:20:00,317.98,56.73239847088324,52.43124166775754,3,953.94,310.0305,325.9295,2026-01-23 15:59:00,318.24,WEEK_END_CLOSE,0.7799999999999727,0.08176614881438837
SPG,2026-01-22 00:00:00,2026-01-23 00:00:00,0.0859375,8.0,2026-01-23 10:41:00,184.24,48.30631796256061,48.08381944989339,5,921.2,179.63400000000001,188.846,2026-01-23 15:59:00,184.74,WEEK_END_CLOSE,2.5,0.2713851498046038
AJG,2026-01-23 00:00:00,2026-01-26 00:00:00,0.0310077519379844,3.0,2026-01-26 09:47:00,254.4,58.430898989630315,57.56331251080118,3,763.2,248.04,260.76,2026-01-27 09:35:00,248.04,STOP_LOSS,-19.08000000000004,-2.500000000000002
SPGI,2026-01-23 00:00:00,2026-01-26 00:00:00,0.005524861878453,1.0,2026-01-26 09:47:00,533.35,51.18146794458442,50.991094504054026,1,533.35,520.01625,546.68375,2026-01-30 15:59:00,527.98,WEEK_END_CLOSE,-5.3700000000000045,-1.0068435361395012
KKR,2026-01-23 00:00:00,2026-01-26 00:00:00,0.0583941605839416,7.0,2026-01-26 09:49:00,121.135,51.42052482008278,51.30004257175279,8,969.08,118.10662500000001,124.16337499999999,2026-01-26 10:54:00,118.10662500000001,STOP_LOSS,-24.226999999999975,-2.500000000000002
BSX,2026-01-23 00:00:00,2026-01-26 00:00:00,0.0747126436781609,10.0,2026-01-26 09:54:00,92.985,64.4194117540456,62.46031436873032,10,929.85,90.660375,95.309625,2026-01-30 15:59:00,93.59,WEEK_END_CLOSE,6.05000000000004,0.6506425767596857
CRH,2026-01-23 00:00:00,2026-01-26 00:00:00,0.0364963503649635,6.0,2026-01-26 09:54:00,123.95,61.62854881218049,59.276243216899715,8,991.6,120.85125,127.04875,2026-01-30 15:59:00,122.43,WEEK_END_CLOSE,-12.159999999999968,-1.2263009277934667
MDLZ,2026-01-23 00:00:00,2026-01-26 00:00:00,0.018348623853211,2.0,2026-01-26 09:54:00,58.715,61.23999896347274,60.73040675554349,17,998.1550000000001,57.247125000000004,60.182874999999996,2026-01-27 15:25:00,60.182874999999996,TAKE_PROFIT,24.95387499999987,2.499999999999991
GD,2026-01-23 00:00:00,2026-01-26 00:00:00,0.0672268907563025,8.0,2026-01-26 10:02:00,363.4243,52.38377607265524,48.228010429679635,2,726.8486,354.33869250000004,372.5099075,2026-01-28 09:31:00,351.79,STOP_LOSS_GAP,-23.268599999999992,-3.201299417787973
FDX,2026-01-23 00:00:00,2026-01-26 00:00:00,0.0323275862068965,4.0,2026-01-26 10:04:00,302.3775,46.26618110636588,45.68840851292984,3,907.1324999999999,294.8180625,309.9369375,2026-01-27 09:41:00,309.9369375,TAKE_PROFIT,22.678312500000004,2.499999999999991
CI,2026-01-23 00:00:00,2026-01-26 00:00:00,0.0730337078651685,9.0,2026-01-26 10:13:00,277.9,47.538271026502166,47.49652375189303,3,833.6999999999999,270.9525,284.84749999999997,2026-01-27 13:00:00,270.9525,STOP_LOSS,-20.842499999999973,-2.500000000000002
CDNS,2026-01-23 00:00:00,2026-01-26 00:00:00,0.0333642261353104,5.0,2026-01-26 11:03:00,321.95,59.19328343744411,57.43977462858659,3,965.8499999999999,313.90125,329.99875,2026-01-29 09:30:00,313.90125,STOP_LOSS,-24.146249999999952,-2.499999999999991
KKR,2026-01-23 00:00:00,2026-01-26 00:00:00,0.0583941605839416,7.0,2026-01-26 11:06:00,117.505,37.045770979320544,35.905174022360754,8,940.04,114.567375,120.44262499999998,2026-01-29 11:06:00,114.567375,STOP_LOSS,-23.500999999999976,-2.500000000000002
ICE,2026-01-26 00:00:00,2026-01-27 00:00:00,0.0165562913907284,3.0,2026-01-27 09:46:00,174.415,46.60571222839856,46.1747583407353,5,872.0749999999999,170.054625,178.77537499999997,2026-01-30 15:59:00,173.82,WEEK_END_CLOSE,-2.9749999999999943,-0.3411403835679283
AMT,2026-01-26 00:00:00,2026-01-27 00:00:00,0.0265420560747663,5.0,2026-01-27 09:50:00,178.22,44.523379993066214,39.22107469794715,5,891.1,173.7645,182.67549999999997,2026-01-30 15:59:00,179.3,WEEK_END_CLOSE,5.4000000000000625,0.6059925934238652
AFL,2026-01-26 00:00:00,2026-01-27 00:00:00,0.0260416666666666,4.0,2026-01-27 09:52:00,108.9799,57.1844225188495,51.63400612319396,9,980.8191,106.2554025,111.70439749999998,2026-01-30 15:59:00,110.97,WEEK_END_CLOSE,17.910899999999984,1.8261165591086037
CB,2026-01-26 00:00:00,2026-01-27 00:00:00,0.0617283950617283,9.0,2026-01-27 09:52:00,303.61,53.882473112249734,49.82479158405042,3,910.83,296.01975,311.20025,2026-01-30 15:59:00,309.67,WEEK_END_CLOSE,18.180000000000007,1.9959816870326996
WELL,2026-01-26 00:00:00,2026-01-27 00:00:00,0.0533333333333333,7.0,2026-01-27 09:52:00,183.78,47.69145126442022,45.70309564172874,5,918.9,179.1855,188.37449999999998,2026-01-30 15:49:00,188.37449999999998,TAKE_PROFIT,22.97249999999991,2.499999999999991
PLD,2026-01-26 00:00:00,2026-01-27 00:00:00,0.0614574187884108,8.0,2026-01-27 10:00:00,126.255,44.894841010303566,43.5438636828488,7,883.785,123.098625,129.411375,2026-01-29 11:12:00,129.411375,TAKE_PROFIT,22.09462499999998,2.499999999999991
USB,2026-01-26 00:00:00,2026-01-27 00:00:00,0.0768970189701897,10.0,2026-01-27 10:00:00,56.155,53.93011278632862,48.4596612065549,17,954.635,54.751125,57.55887499999999,2026-01-30 15:59:00,56.12,WEEK_END_CLOSE,-0.5950000000000628,-0.06232748642152064
APD,2026-01-26 00:00:00,2026-01-27 00:00:00,0.0285714285714285,6.0,2026-01-27 10:02:00,262.105,48.2972401358938,45.66738860641436,3,786.315,255.552375,268.657625,2026-01-28 14:02:00,255.552375,STOP_LOSS,-19.65787500000002,-2.500000000000002
ITW,2026-01-26 00:00:00,2026-01-27 00:00:00,0.0071174377224199,2.0,2026-01-27 10:35:00,258.96,49.8398125336046,47.59214632842824,3,776.8799999999999,252.48599999999996,265.43399999999997,2026-01-30 15:59:00,261.3,WEEK_END_CLOSE,7.0200000000000955,0.9036144578313365
HLT,2026-01-27 00:00:00,2026-01-28 00:00:00,0.1428571428571428,9.0,2026-01-28 09:48:00,297.33,63.16743765202224,60.52367095369151,3,891.99,289.89675,304.76324999999997,2026-01-30 15:59:00,298.52,WEEK_END_CLOSE,3.569999999999993,0.40022870211549044
FTNT,2026-01-27 00:00:00,2026-01-28 00:00:00,0.127565982404692,7.0,2026-01-28 10:01:00,82.335,54.35656400989828,50.77755402252287,12,988.02,80.276625,84.39337499999999,2026-01-29 09:45:00,80.276625,STOP_LOSS,-24.700499999999977,-2.500000000000002
CTAS,2026-01-27 00:00:00,2026-01-28 00:00:00,0.1428571428571428,8.0,2026-01-28 10:02:00,190.398,50.03862876156333,48.65739606794711,5,951.99,185.63805,195.15794999999997,2026-01-30 15:59:00,191.36,WEEK_END_CLOSE,4.8100000000000875,0.505257408166071
ECL,2026-01-27 00:00:00,2026-01-28 00:00:00,0.0625,3.0,2026-01-28 10:07:00,280.39,50.11556431258907,40.15842824268673,3,841.17,273.38025,287.39975,2026-01-30 15:59:00,282.06,WEEK_END_CLOSE,5.010000000000048,0.59559898712509
AEP,2026-01-27 00:00:00,2026-01-28 00:00:00,0.117750439367311,6.0,2026-01-28 10:10:00,119.18,49.45587052735382,48.22391929996077,8,953.44,116.2005,122.1595,2026-01-30 15:59:00,119.781,WEEK_END_CLOSE,4.807999999999993,0.5042792414834629
HON,2026-01-27 00:00:00,2026-01-28 00:00:00,0.1437019515079834,10.0,2026-01-28 10:20:00,218.96,42.55531982634064,39.57235263252706,4,875.84,213.486,224.434,2026-01-29 09:30:00,224.434,TAKE_PROFIT,21.895999999999958,2.499999999999991
FDX,2026-01-28 00:00:00,2026-01-29 00:00:00,0.1039697542533081,10.0,2026-01-29 09:45:00,316.84,50.55097901148799,49.52159464521435,3,950.52,308.919,324.76099999999997,2026-01-30 15:59:00,322.27,WEEK_END_CLOSE,16.29000000000002,1.7137987627824813
SO,2026-01-28 00:00:00,2026-01-29 00:00:00,0.0391061452513966,1.0,2026-01-29 09:45:00,88.85,52.43555465533269,52.08467318095468,11,977.3499999999999,86.62875,91.07124999999999,2026-01-30 15:59:00,89.34,WEEK_END_CLOSE,5.3900000000001,0.5514912774338798
APD,2026-01-28 00:00:00,2026-01-29 00:00:00,0.0670391061452514,6.0,2026-01-29 09:49:00,257.72,60.03889797298939,55.15198024391735,3,773.1600000000001,251.27700000000002,264.163,2026-01-30 09:30:00,267.35,TAKE_PROFIT_GAP,28.889999999999986,3.736613378860776
TEL,2026-01-28 00:00:00,2026-01-29 00:00:00,0.1034482758620689,9.0,2026-01-29 09:52:00,225.17,55.09470611018098,53.06560263334719,4,900.68,219.54074999999997,230.79924999999997,2026-01-30 15:59:00,222.73,WEEK_END_CLOSE,-9.759999999999991,-1.0836257050228726
AJG,2026-01-28 00:00:00,2026-01-29 00:00:00,0.0512820512820512,5.0,2026-01-29 09:54:00,245.255,53.87177890962818,52.88510917969209,4,981.02,239.123625,251.386375,2026-01-30 09:32:00,251.386375,TAKE_PROFIT,24.525499999999965,2.499999999999991
SPG,2026-01-28 00:00:00,2026-01-29 00:00:00,0.048689138576779,4.0,2026-01-29 09:54:00,185.01,57.14106328400714,53.411499756729896,5,925.05,180.38475,189.63524999999998,2026-01-29 15:58:00,189.63524999999998,TAKE_PROFIT,23.12624999999997,2.499999999999991
KMI,2026-01-28 00:00:00,2026-01-29 00:00:00,0.039212885254098,2.0,2026-01-29 09:56:00,30.445,59.62582370824185,58.433073142023545,32,974.24,29.683875,31.206124999999997,2026-01-30 15:59:00,30.48,WEEK_END_CLOSE,1.1200000000000045,0.11496140581377379
JCI,2026-01-28 00:00:00,2026-01-29 00:00:00,0.0462107208872458,3.0,2026-01-29 10:56:00,118.89,52.620721741068486,47.189085794530996,8,951.12,115.91775,121.86224999999999,2026-01-30 15:59:00,119.28,WEEK_END_CLOSE,3.1200000000000045,0.32803431743628764
ROST,2026-01-29 00:00:00,2026-01-30 00:00:00,0.0247349823321554,1.0,2026-01-30 09:46:00,186.645,52.70848232373469,48.18678602705739,5,933.225,181.97887500000002,191.311125,2026-01-30 15:59:00,188.58,WEEK_END_CLOSE,9.675000000000011,1.036727477296484
EOG,2026-01-29 00:00:00,2026-01-30 00:00:00,0.0715490243314863,6.0,2026-01-30 09:55:00,111.285,42.51645906902188,41.34915880310924,8,890.28,108.50287499999999,114.06712499999999,2026-01-30 15:59:00,112.13,WEEK_END_CLOSE,6.759999999999991,0.7593116772251385
WMB,2026-01-29 00:00:00,2026-01-30 00:00:00,0.0932203389830508,10.0,2026-01-30 09:55:00,67.12,52.30999640603028,50.709252281286155,14,939.6800000000001,65.44200000000001,68.798,2026-01-30 15:59:00,67.255,WEEK_END_CLOSE,1.8899999999998727,0.2011323003575649
PLD,2026-01-29 00:00:00,2026-01-30 00:00:00,0.0763819095477387,7.0,2026-01-30 09:59:00,129.307,50.15750710660944,46.86689449728355,7,905.1489999999999,126.07432499999999,132.539675,2026-01-30 15:59:00,130.565,WEEK_END_CLOSE,8.806000000000068,0.9728784984571748
SNPS,2026-01-29 00:00:00,2026-01-30 00:00:00,0.0349946977730646,2.0,2026-01-30 10:11:00,468.45,44.80162352010396,43.98305152373305,2,936.9,456.73875,480.16124999999994,2026-01-30 15:59:00,465.24,WEEK_END_CLOSE,-6.419999999999959,-0.6852385526737059
MRSH,2026-01-29 00:00:00,2026-01-30 00:00:00,0.0869565217391304,9.0,2026-01-30 10:14:00,187.47,50.03072248235174,49.97867695210599,5,937.35,182.78324999999998,192.15675,2026-01-30 15:59:00,188.17,WEEK_END_CLOSE,3.499999999999943,0.37339307622552553
SPG,2026-01-29 00:00:00,2026-01-30 00:00:00,0.0620384047267356,4.0,2026-01-30 10:45:00,189.8425,55.69194758730877,53.518499408183516,5,949.2125,185.0964375,194.5885625,2026-01-30 15:59:00,191.38,WEEK_END_CLOSE,7.687499999999972,0.809881875765428
ITW,2026-01-30 00:00:00,2026-02-02 00:00:00,0.0392156862745098,8.0,2026-02-02 09:45:00,262.23,62.760165622425866,59.78971678610942,3,786.69,255.67425,268.78575,2026-02-03 09:30:00,268.78575,TAKE_PROFIT,19.667249999999967,2.499999999999991
CRH,2026-01-30 00:00:00,2026-02-02 00:00:00,0.05,10.0,2026-02-02 09:50:00,122.73,54.09987205030158,50.87020235554735,8,981.84,119.66175,125.79825,2026-02-03 09:46:00,125.79825,TAKE_PROFIT,24.545999999999935,2.499999999999991
FDX,2026-01-30 00:00:00,2026-02-02 00:00:00,0.0193103448275862,2.0,2026-02-02 09:50:00,325.18,59.815720147420606,59.749151284300105,3,975.54,317.0505,333.30949999999996,2026-02-02 15:06:00,333.30949999999996,TAKE_PROFIT,24.38849999999985,2.499999999999991
AFL,2026-01-30 00:00:00,2026-02-02 00:00:00,0.0104166666666666,1.0,2026-02-02 09:53:00,111.35,56.74911237305638,56.35786615486155,8,890.8,108.56625,114.13374999999998,2026-02-04 12:09:00,114.13374999999998,TAKE_PROFIT,22.269999999999868,2.499999999999991
ADI,2026-01-30 00:00:00,2026-02-02 00:00:00,0.0366182014001077,7.0,2026-02-02 10:01:00,312.43,51.29248254657115,49.422316777263106,3,937.29,304.61925,320.24075,2026-02-03 09:31:00,320.24075,TAKE_PROFIT,23.432249999999954,2.499999999999991
PCAR,2026-01-30 00:00:00,2026-02-02 00:00:00,0.0248962655601659,3.0,2026-02-02 10:02:00,122.245,50.43877800695253,49.5086260895969,8,977.96,119.188875,125.301125,2026-02-03 09:30:00,125.301125,TAKE_PROFIT,24.448999999999955,2.499999999999991
KKR,2026-01-30 00:00:00,2026-02-02 00:00:00,0.0308788598574821,4.0,2026-02-02 10:31:00,113.05,43.40143808245925,42.64417287409389,8,904.4,110.22375,115.87624999999998,2026-02-03 09:59:00,110.22375,STOP_LOSS,-22.610000000000014,-2.500000000000002
MDLZ,2026-01-30 00:00:00,2026-02-02 00:00:00,0.0357142857142857,6.0,2026-02-02 10:31:00,58.45,50.750117121111,49.61831727411529,17,993.6500000000001,56.98875,59.911249999999995,2026-02-03 12:59:00,59.911249999999995,TAKE_PROFIT,24.841249999999874,2.499999999999991
SPGI,2026-01-30 00:00:00,2026-02-02 00:00:00,0.0333333333333333,5.0,2026-02-02 10:32:00,525.085,48.90745690030318,43.87541760832269,1,525.085,511.957875,538.212125,2026-02-03 09:30:00,503.0,STOP_LOSS_GAP,-22.085000000000036,-4.2059856975537375
MRSH,2026-01-30 00:00:00,2026-02-02 00:00:00,0.0401396160558464,9.0,2026-02-02 10:53:00,189.025,48.52122836101713,46.47593210645596,5,945.125,184.299375,193.75062499999999,2026-02-06 15:59:00,185.02,WEEK_END_CLOSE,-20.024999999999977,-2.118767358814966
FDX,2026-01-30 00:00:00,2026-02-02 00:00:00,0.0193103448275862,2.0,2026-02-02 15:27:00,333.05,54.623165089166804,54.18623123130104,3,999.1500000000001,324.72375,341.37624999999997,2026-02-03 09:30:00,343.34,TAKE_PROFIT_GAP,30.86999999999989,3.089626182254901
DLR,2026-02-02 00:00:00,2026-02-03 00:00:00,0.0652070442646358,6.0,2026-02-03 09:47:00,165.66,51.04553831674032,50.06367833667479,6,993.96,161.5185,169.80149999999998,2026-02-06 09:30:00,169.80149999999998,TAKE_PROFIT,24.848999999999876,2.499999999999991
QCOM,2026-02-02 00:00:00,2026-02-03 00:00:00,0.1419576897246474,10.0,2026-02-03 09:47:00,149.83,45.344180589556295,45.3079260368809,6,898.98,146.08425,153.57575,2026-02-03 12:12:00,146.08425,STOP_LOSS,-22.47450000000009,-2.5000000000000133
AEP,2026-02-02 00:00:00,2026-02-03 00:00:00,0.0603015075376884,4.0,2026-02-03 09:50:00,119.95,57.725732678254715,55.412392791971975,8,959.6,116.95125,122.94874999999999,2026-02-06 15:59:00,120.77,WEEK_END_CLOSE,6.559999999999945,0.6836181742392533
AMT,2026-02-02 00:00:00,2026-02-03 00:00:00,0.0927643784786641,7.0,2026-02-03 09:50:00,173.085,45.4509742006186,41.966774693734195,5,865.4250000000001,168.757875,177.412125,2026-02-04 13:50:00,177.412125,TAKE_PROFIT,21.635624999999976,2.499999999999991
SPGI,2026-02-02 00:00:00,2026-02-03 00:00:00,0.1061946902654867,8.0,2026-02-03 10:00:00,482.5325,38.03594535048494,36.42900591847887,2,965.065,470.46918750000003,494.59581249999997,2026-02-03 11:24:00,470.46918750000003,STOP_LOSS,-24.12662499999999,-2.500000000000002
MCO,2026-02-02 00:00:00,2026-02-03 00:00:00,0.0,1.0,2026-02-03 10:01:00,482.985,36.427879027459255,30.566449286061566,2,965.97,470.910375,495.059625,2026-02-03 11:24:00,470.910375,STOP_LOSS,-24.149250000000052,-2.500000000000002
SNPS,2026-02-02 00:00:00,2026-02-03 00:00:00,0.0650779101741521,5.0,2026-02-03 10:16:00,424.11,32.4864187427912,26.389821336550604,2,848.22,413.50725,434.71274999999997,2026-02-03 12:36:00,413.50725,STOP_LOSS,-21.20550000000003,-2.500000000000002
ICE,2026-02-02 00:00:00,2026-02-03 00:00:00,0.0081355932203389,2.0,2026-02-03 10:30:00,162.825,22.075102355612486,20.796680533530008,6,976.9499999999999,158.75437499999998,166.89562499999997,2026-02-05 09:30:00,168.68,TAKE_PROFIT_GAP,35.13000000000011,3.595885152771383
ROST,2026-02-02 00:00:00,2026-02-03 00:00:00,0.0213523131672597,3.0,2026-02-03 10:31:00,193.19,58.097968036404346,58.089351336086594,5,965.95,188.36024999999998,198.01975,2026-02-04 14:16:00,188.36024999999998,STOP_LOSS,-24.148750000000092,-2.5000000000000133
TT,2026-02-02 00:00:00,2026-02-03 00:00:00,0.1130952380952381,9.0,2026-02-03 10:36:00,432.63,60.72351561284034,58.718392202085205,2,865.26,421.81424999999996,443.44575,2026-02-04 09:32:00,443.44575,TAKE_PROFIT,21.63149999999996,2.499999999999991
MCO,2026-02-02 00:00:00,2026-02-03 00:00:00,0.0,1.0,2026-02-03 11:26:00,472.4253,39.7827139339311,39.39573224517853,2,944.8506,460.6146675,484.23593249999993,2026-02-04 09:32:00,460.6146675,STOP_LOSS,-23.621264999999994,-2.500000000000002
SPGI,2026-02-02 00:00:00,2026-02-03 00:00:00,0.1061946902654867,8.0,2026-02-03 11:29:00,473.09,42.715511370063275,39.057422891512545,2,946.18,461.26275,484.9172499999999,2026-02-04 09:30:00,461.26275,STOP_LOSS,-23.654499999999985,-2.500000000000002
QCOM,2026-02-02 00:00:00,2026-02-03 00:00:00,0.1419576897246474,10.0,2026-02-03 12:15:00,146.375,45.76092636239746,45.24697797857576,6,878.25,142.715625,150.03437499999998,2026-02-04 09:32:00,150.03437499999998,TAKE_PROFIT,21.956249999999898,2.499999999999991
SNPS,2026-02-02 00:00:00,2026-02-03 00:00:00,0.0650779101741521,5.0,2026-02-03 12:39:00,415.8451,54.04856488969913,41.09730803278281,2,831.6902,405.44897249999997,426.2412275,2026-02-06 12:33:00,426.2412275,TAKE_PROFIT,20.792254999999955,2.499999999999991
RSG,2026-02-03 00:00:00,2026-02-04 00:00:00,0.0444444444444444,4.0,2026-02-04 09:52:00,213.47,49.400843846142585,44.51762889231048,4,853.88,208.13325,218.80675,2026-02-04 12:38:00,218.81,TAKE_PROFIT_GAP,21.360000000000014,2.5015224621726784
PGR,2026-02-03 00:00:00,2026-02-04 00:00:00,0.0602739726027397,5.0,2026-02-04 09:53:00,199.165,43.17136637940009,35.45836557416471,5,995.8249999999999,194.18587499999998,204.14412499999997,2026-02-04 10:47:00,204.21,TAKE_PROFIT_GAP,25.22500000000008,2.5330755905907276
SPGI,2026-02-03 00:00:00,2026-02-04 00:00:00,0.0233644859813084,2.0,2026-02-04 09:53:00,453.55,46.69192102023298,39.635238923646384,2,907.1,442.21125,464.88874999999996,2026-02-04 13:34:00,464.88874999999996,TAKE_PROFIT,22.677499999999895,2.499999999999991
CRH,2026-02-03 00:00:00,2026-02-04 00:00:00,0.0007396947078205,1.0,2026-02-04 09:55:00,121.85,50.1354413060151,46.99524792868143,8,974.8,118.80375,124.89624999999998,2026-02-06 09:57:00,124.89624999999998,TAKE_PROFIT,24.36999999999989,2.499999999999991
ADP,2026-02-03 00:00:00,2026-02-04 00:00:00,0.0853932584269663,9.0,2026-02-04 09:57:00,231.46,41.13816666086217,33.34881446008212,4,925.84,225.6735,237.2465,2026-02-04 11:55:00,237.2465,TAKE_PROFIT,23.145999999999958,2.499999999999991
CTAS,2026-02-03 00:00:00,2026-02-04 00:00:00,0.0242424242424242,3.0,2026-02-04 09:58:00,191.09,54.36151091565522,52.018445140588156,5,955.45,186.31275,195.86724999999998,2026-02-05 09:33:00,195.86724999999998,TAKE_PROFIT,23.886249999999905,2.499999999999991
FDX,2026-02-03 00:00:00,2026-02-04 00:00:00,0.0893300248138957,10.0,2026-02-04 09:59:00,362.91,64.43222423376633,61.002849197905675,2,725.82,353.83725000000004,371.98275,2026-02-06 15:59:00,369.15,WEEK_END_CLOSE,12.479999999999905,1.7194345705546787
SHW,2026-02-03 00:00:00,2026-02-04 00:00:00,0.0774647887323943,8.0,2026-02-04 10:00:00,368.605,60.94388853702715,58.39428698579475,2,737.21,359.389875,377.82012499999996,2026-02-06 15:59:00,361.93,WEEK_END_CLOSE,-13.350000000000023,-1.8108815669890532
CSX,2026-02-03 00:00:00,2026-02-04 00:00:00,0.07,6.0,2026-02-04 10:26:00,39.81,61.87263095268273,61.86164033586013,25,995.25,38.814750000000004,40.80525,2026-02-06 15:59:00,40.58,WEEK_END_CLOSE,19.2499999999999,1.9341873901029816
TEL,2026-02-03 00:00:00,2026-02-04 00:00:00,0.0714285714285714,7.0,2026-02-04 10:38:00,222.13,51.693120304549524,42.89926104629455,4,888.52,216.57675,227.68325,2026-02-04 12:27:00,216.57675,STOP_LOSS,-22.212999999999965,-2.499999999999991
PGR,2026-02-03 00:00:00,2026-02-04 00:00:00,0.0602739726027397,5.0,2026-02-04 11:46:00,206.78,71.80612585177946,68.4103535694789,4,827.12,201.6105,211.94949999999997,2026-02-06 15:59:00,202.29,WEEK_END_CLOSE,-17.960000000000036,-2.1713898829674116
ADP,2026-02-03 00:00:00,2026-02-04 00:00:00,0.0853932584269663,9.0,2026-02-04 12:05:00,237.03,56.02691495442359,54.238803072266236,4,948.12,231.10425,242.95574999999997,2026-02-06 13:03:00,231.10425,STOP_LOSS,-23.702999999999975,-2.500000000000002
TEL,2026-02-03 00:00:00,2026-02-04 00:00:00,0.0714285714285714,7.0,2026-02-04 12:55:00,216.025,49.77007024144103,33.19344442793876,4,864.1,210.62437500000001,221.425625,2026-02-05 09:32:00,210.62437500000001,STOP_LOSS,-21.602499999999964,-2.499999999999991
RSG,2026-02-03 00:00:00,2026-02-04 00:00:00,0.0444444444444444,4.0,2026-02-04 13:05:00,219.77,68.42860192638555,66.12012450585577,4,879.08,214.27575000000002,225.26425,2026-02-06 15:59:00,219.84,WEEK_END_CLOSE,0.2799999999999727,0.0318514810938586
SPGI,2026-02-03 00:00:00,2026-02-04 00:00:00,0.0233644859813084,2.0,2026-02-04 13:52:00,464.94,62.24330643046244,60.657672774743695,2,929.88,453.31649999999996,476.5635,2026-02-05 12:50:00,453.31649999999996,STOP_LOSS,-23.24700000000007,-2.500000000000002
AMT,2026-02-04 00:00:00,2026-02-05 00:00:00,0.0333333333333333,5.0,2026-02-05 09:46:00,171.565,41.6293268452855,39.84117583069803,5,857.825,167.27587499999998,175.85412499999998,2026-02-06 15:59:00,171.26,WEEK_END_CLOSE,-1.525000000000034,-0.1777751872468203
AJG,2026-02-04 00:00:00,2026-02-05 00:00:00,0.0359712230215827,7.0,2026-02-05 09:47:00,249.2225,44.708514741711355,41.96424771887444,4,996.89,242.99193749999998,255.4530625,2026-02-05 14:40:00,242.99193749999998,STOP_LOSS,-24.922250000000076,-2.500000000000002
SO,2026-02-04 00:00:00,2026-02-05 00:00:00,0.0355329949238578,6.0,2026-02-05 09:48:00,90.585,48.03651074809426,44.39071058508617,11,996.435,88.320375,92.84962499999999,2026-02-06 15:59:00,90.08,WEEK_END_CLOSE,-5.55499999999995,-0.5574874427333398
LOW,2026-02-04 00:00:00,2026-02-05 00:00:00,0.0300372461852697,4.0,2026-02-05 09:50:00,273.75,45.9517498014065,42.873803246455,3,821.25,266.90625,280.59375,2026-02-06 15:59:00,278.31,WEEK_END_CLOSE,13.680000000000007,1.6657534246575345
NSC,2026-02-04 00:00:00,2026-02-05 00:00:00,0.0833333333333333,9.0,2026-02-05 09:53:00,307.04,50.82499947971458,50.48477918108984,3,921.1200000000001,299.36400000000003,314.716,2026-02-06 15:59:00,306.41,WEEK_END_CLOSE,-1.8899999999999864,-0.205184992183427
EOG,2026-02-04 00:00:00,2026-02-05 00:00:00,0.0833333333333333,10.0,2026-02-05 10:00:00,113.27,55.353548619147396,54.62408483817274,8,906.16,110.43825,116.10174999999998,2026-02-06 15:59:00,113.69,WEEK_END_CLOSE,3.3600000000000136,0.37079544451310564
ITW,2026-02-04 00:00:00,2026-02-05 00:00:00,0.0790697674418604,8.0,2026-02-05 10:30:00,292.54,53.36701611010281,52.50489089251809,3,877.6200000000001,285.2265,299.8535,2026-02-06 15:59:00,293.715,WEEK_END_CLOSE,3.5249999999998636,0.40165447460174253
SPGI,2026-02-04 00:00:00,2026-02-05 00:00:00,0.0231660231660231,3.0,2026-02-05 13:19:00,448.815,50.36863596825226,46.848550134753964,2,897.63,437.594625,460.03537499999993,2026-02-06 09:32:00,460.03537499999993,TAKE_PROFIT,22.440749999999866,2.499999999999991
AJG,2026-02-04 00:00:00,2026-02-05 00:00:00,0.0359712230215827,7.0,2026-02-05 14:47:00,243.075,42.068335472075184,41.3749405650103,4,972.3,236.998125,249.15187499999996,2026-02-06 15:59:00,241.48,WEEK_END_CLOSE,-6.3799999999999955,-0.6561760773423853
MO,2026-02-05 00:00:00,2026-02-06 00:00:00,0.0348039569644017,7.0,2026-02-06 09:45:00,65.63,54.04761637312296,52.64761129903616,15,984.4499999999999,63.98924999999999,67.27074999999999,2026-02-06 15:59:00,65.4,WEEK_END_CLOSE,-3.4499999999998465,-0.3504494895626875
ELV,2026-02-05 00:00:00,2026-02-06 00:00:00,0.049966239027684,10.0,2026-02-06 09:47:00,329.89,43.42166945653359,42.93668674793954,3,989.67,321.64275,338.13724999999994,2026-02-06 13:50:00,338.13724999999994,TAKE_PROFIT,24.741749999999854,2.499999999999991
CTAS,2026-02-05 00:00:00,2026-02-06 00:00:00,0.0,1.0,2026-02-06 09:48:00,194.95,45.58668142604954,41.67977725641276,5,974.75,190.07625,199.82374999999996,2026-02-06 15:59:00,195.82,WEEK_END_CLOSE,4.350000000000023,0.4462682739163837
KMI,2026-02-05 00:00:00,2026-02-06 00:00:00,0.0114064349510384,6.0,2026-02-06 09:49:00,30.4498,54.52232644457894,51.313534808359044,32,974.3936,29.688554999999997,31.211045,2026-02-06 15:59:00,30.505,WEEK_END_CLOSE,1.766399999999976,0.18128197886357889
AON,2026-02-05 00:00:00,2026-02-06 00:00:00,0.0,2.0,2026-02-06 09:55:00,342.09,43.11931922545749,37.43362082577894,2,684.18,333.53774999999996,350.64224999999993,2026-02-06 15:59:00,342.01,WEEK_END_CLOSE,-0.15999999999996817,-0.023385658744767834
TMO,2026-02-05 00:00:00,2026-02-06 00:00:00,0.04,8.0,2026-02-06 09:58:00,538.91,41.32334653309248,40.21475795274583,1,538.91,525.43725,552.3827499999999,2026-02-06 15:59:00,542.8,WEEK_END_CLOSE,3.8899999999999864,0.7218273923289553
TMUS,2026-02-05 00:00:00,2026-02-06 00:00:00,0.0077574734655457,5.0,2026-02-06 10:00:00,200.065,46.23598911490007,45.53002479384321,4,800.26,195.06337499999998,205.066625,2026-02-06 15:59:00,197.35,WEEK_END_CLOSE,-10.860000000000014,-1.357058955839352
EMR,2026-02-05 00:00:00,2026-02-06 00:00:00,0.0486486486486486,9.0,2026-02-06 10:14:00,155.6125,64.46241309906668,63.28546271470621,6,933.6750000000001,151.72218750000002,159.5028125,2026-02-06 15:59:00,157.37,WEEK_END_CLOSE,10.544999999999959,1.12940798457708
ELV,2026-02-05 00:00:00,2026-02-06 00:00:00,0.049966239027684,10.0,2026-02-06 13:55:00,337.75,65.5476676354387,65.46849282418675,2,675.5,329.30625,346.19374999999997,2026-02-06 15:59:00,338.95,WEEK_END_CLOSE,2.3999999999999773,0.3552923760177684
KMI,2026-02-06 00:00:00,2026-02-09 00:00:00,0.024102079395085,2.0,2026-02-09 09:53:00,30.555,52.3590460223491,51.976570566791786,32,977.76,29.791124999999997,31.318875,2026-02-10 09:31:00,31.318875,TAKE_PROFIT,24.44399999999996,2.499999999999991
AMT,2026-02-06 00:00:00,2026-02-09 00:00:00,0.0608537693006357,7.0,2026-02-09 09:57:00,170.16,51.70633605293436,50.85827846397872,5,850.8,165.906,174.414,2026-02-10 09:30:00,174.414,TAKE_PROFIT,21.269999999999953,2.499999999999991
MMM,2026-02-06 00:00:00,2026-02-09 00:00:00,0.1300256629597947,9.0,2026-02-09 09:57:00,169.84,44.775303493918564,43.07216884454195,5,849.2,165.594,174.08599999999998,2026-02-11 09:30:00,174.08599999999998,TAKE_PROFIT,21.229999999999905,2.499999999999991
MRSH,2026-02-06 00:00:00,2026-02-09 00:00:00,0.0333333333333333,3.0,2026-02-09 09:57:00,182.92,44.7017931171936,44.262626959175144,5,914.5999999999999,178.34699999999998,187.49299999999997,2026-02-09 11:38:00,178.34699999999998,STOP_LOSS,-22.865000000000038,-2.500000000000002
UPS,2026-02-06 00:00:00,2026-02-09 00:00:00,0.0543066208234153,6.0,2026-02-09 09:57:00,116.685,57.27339272213476,51.48806774358911,8,933.48,113.767875,119.60212499999999,2026-02-11 09:30:00,119.7,TAKE_PROFIT_GAP,24.120000000000005,2.5838796760509153
SO,2026-02-06 00:00:00,2026-02-09 00:00:00,0.0421940928270042,4.0,2026-02-09 09:59:00,89.38,46.3597922699054,45.315676489778035,11,983.18,87.1455,91.61449999999999,2026-02-12 09:34:00,91.61449999999999,TAKE_PROFIT,24.579499999999967,2.499999999999991
HON,2026-02-06 00:00:00,2026-02-09 00:00:00,0.1464285714285714,10.0,2026-02-09 10:00:00,238.86,51.782644561308544,50.84363207687659,4,955.44,232.88850000000002,244.8315,2026-02-11 09:30:00,244.8315,TAKE_PROFIT,23.885999999999967,2.499999999999991
PCAR,2026-02-06 00:00:00,2026-02-09 00:00:00,0.0430686406460296,5.0,2026-02-09 10:00:00,125.93,48.31309734335632,42.97812089853868,7,881.51,122.78175,129.07825,2026-02-11 09:59:00,129.07825,TAKE_PROFIT,22.03774999999993,2.499999999999991
FDX,2026-02-06 00:00:00,2026-02-09 00:00:00,0.0049443757725587,1.0,2026-02-09 10:06:00,365.0,44.09047782208937,43.55962432956092,2,730.0,355.875,374.12499999999994,2026-02-11 09:41:00,374.12499999999994,TAKE_PROFIT,18.249999999999886,2.499999999999991
ADP,2026-02-06 00:00:00,2026-02-09 00:00:00,0.1160714285714285,8.0,2026-02-09 10:21:00,226.13,40.65200604486882,40.62065111377149,4,904.52,220.47674999999998,231.78324999999998,2026-02-11 10:46:00,220.47674999999998,STOP_LOSS,-22.613000000000056,-2.500000000000002
MRSH,2026-02-06 00:00:00,2026-02-09 00:00:00,0.0333333333333333,3.0,2026-02-09 12:18:00,176.985,30.838083166076103,29.331778330576363,5,884.9250000000001,172.56037500000002,181.409625,2026-02-09 14:26:00,172.56037500000002,STOP_LOSS,-22.12312499999996,-2.499999999999991
MRSH,2026-02-06 00:00:00,2026-02-09 00:00:00,0.0333333333333333,3.0,2026-02-09 14:33:00,172.06,34.021309306960816,26.728117889701938,5,860.3,167.7585,176.36149999999998,2026-02-10 09:39:00,176.36149999999998,TAKE_PROFIT,21.50749999999988,2.499999999999991
BX,2026-02-09 00:00:00,2026-02-10 00:00:00,0.1182166633044179,7.0,2026-02-10 09:45:00,131.9485,54.77088051634395,51.04250726668796,7,923.6395,128.6497875,135.2472125,2026-02-10 10:41:00,135.2472125,TAKE_PROFIT,23.090987499999954,2.499999999999991
TT,2026-02-09 00:00:00,2026-02-10 00:00:00,0.1372549019607843,8.0,2026-02-10 09:47:00,460.825,45.28046096875632,44.46572261270673,2,921.65,449.304375,472.3456249999999,2026-02-11 14:55:00,472.3456249999999,TAKE_PROFIT,23.041249999999877,2.499999999999991
APO,2026-02-09 00:00:00,2026-02-10 00:00:00,0.1641914191419141,10.0,2026-02-10 09:48:00,135.45,53.599768986971625,52.77289280588453,7,948.1499999999999,132.06375,138.83624999999998,2026-02-11 09:30:00,131.91,STOP_LOSS_GAP,-24.779999999999944,-2.613510520487261
ICE,2026-02-09 00:00:00,2026-02-10 00:00:00,0.1052631578947368,6.0,2026-02-10 09:48:00,166.075,49.08224357290154,42.436076701732624,6,996.4499999999999,161.923125,170.22687499999998,2026-02-11 09:54:00,161.91,STOP_LOSS_GAP,-24.989999999999952,-2.5079030558482596
MCO,2026-02-09 00:00:00,2026-02-10 00:00:00,0.1409395973154362,9.0,2026-02-10 09:48:00,420.185,42.778068757029864,42.550557349656586,2,840.37,409.68037499999997,430.689625,2026-02-12 10:40:00,409.6,STOP_LOSS_GAP,-21.16999999999996,-2.51912847912229
ABT,2026-02-09 00:00:00,2026-02-10 00:00:00,0.0874453466583385,5.0,2026-02-10 09:51:00,112.235,60.56836469237889,59.849633736683714,8,897.88,109.429125,115.04087499999999,2026-02-13 15:59:00,112.61,WEEK_END_CLOSE,3.0,0.33412037243283343
KMI,2026-02-09 00:00:00,2026-02-10 00:00:00,0.0264131897711978,1.0,2026-02-10 10:19:00,31.135,49.33838250284611,48.87761351439733,32,996.32,30.356625,31.913375,2026-02-12 09:54:00,31.913375,TAKE_PROFIT,24.9079999999999,2.499999999999991
RSG,2026-02-09 00:00:00,2026-02-10 00:00:00,0.0579710144927536,2.0,2026-02-10 10:24:00,224.08,56.06089649599289,54.954220684224055,4,896.32,218.478,229.682,2026-02-13 15:59:00,223.12,WEEK_END_CLOSE,-3.840000000000032,-0.4284184219921494
SPG,2026-02-09 00:00:00,2026-02-10 00:00:00,0.0754516471838469,3.0,2026-02-10 10:51:00,195.66,41.19620713228642,40.94304618739862,5,978.3,190.7685,200.55149999999998,2026-02-13 15:59:00,196.83,WEEK_END_CLOSE,5.85000000000008,0.5979760809567747
BX,2026-02-09 00:00:00,2026-02-10 00:00:00,0.1182166633044179,7.0,2026-02-10 11:37:00,134.58,54.602018932392966,54.59366326679949,7,942.0600000000001,131.21550000000002,137.9445,2026-02-11 10:21:00,131.21550000000002,STOP_LOSS,-23.551499999999947,-2.499999999999991
URI,2026-02-10 00:00:00,2026-02-11 00:00:00,0.0798722044728434,6.0,2026-02-11 09:46:00,890.86,57.44309384794545,56.657527640889064,1,890.86,868.5885,913.1315,2026-02-11 10:34:00,868.5885,STOP_LOSS,-22.27150000000006,-2.500000000000002
CSX,2026-02-10 00:00:00,2026-02-11 00:00:00,0.0551724137931034,4.0,2026-02-11 09:51:00,41.28,51.89839096686915,46.23087559708356,24,990.72,40.248,42.312,2026-02-13 09:30:00,40.22,STOP_LOSS_GAP,-25.440000000000055,-2.5678294573643456
HD,2026-02-10 00:00:00,2026-02-11 00:00:00,0.117688371626367,10.0,2026-02-11 09:51:00,386.6,46.51833801079836,42.321839658495776,2,773.2,376.935,396.265,2026-02-12 09:30:00,396.265,TAKE_PROFIT,19.329999999999927,2.499999999999991
NSC,2026-02-10 00:00:00,2026-02-11 00:00:00,0.0116279069767441,1.0,2026-02-11 09:51:00,317.3,55.18723588467868,50.47729807355427,3,951.9000000000001,309.3675,325.23249999999996,2026-02-13 15:59:00,315.16,WEEK_END_CLOSE,-6.419999999999959,-0.6744405924992036
ELV,2026-02-10 00:00:00,2026-02-11 00:00:00,0.09375,7.0,2026-02-11 10:04:00,327.85,53.981957046296806,46.801949240181784,3,983.5500000000001,319.65375,336.04625,2026-02-12 09:57:00,336.04625,TAKE_PROFIT,24.58874999999989,2.499999999999991
NEE,2026-02-10 00:00:00,2026-02-11 00:00:00,0.0939208748793824,8.0,2026-02-11 10:11:00,90.59,39.95214610327363,36.2327309282828,11,996.49,88.32525,92.85475,2026-02-12 10:42:00,92.85475,TAKE_PROFIT,24.912249999999915,2.499999999999991
ITW,2026-02-10 00:00:00,2026-02-11 00:00:00,0.0237154150197628,2.0,2026-02-11 10:13:00,297.17,51.27184502977169,50.921650136343146,3,891.51,289.74075,304.59925,2026-02-13 15:59:00,299.55,WEEK_END_CLOSE,7.139999999999986,0.8008883803883204
PCAR,2026-02-10 00:00:00,2026-02-11 00:00:00,0.0408163265306122,3.0,2026-02-11 10:15:00,128.955,57.069400059892295,56.039275149873475,7,902.6850000000001,125.731125,132.178875,2026-02-12 12:01:00,125.731125,STOP_LOSS,-22.567125000000047,-2.500000000000002
URI,2026-02-10 00:00:00,2026-02-11 00:00:00,0.0798722044728434,6.0,2026-02-11 10:40:00,873.78,50.78457958436515,45.372110557583746,1,873.78,851.9354999999999,895.6244999999999,2026-02-12 09:35:00,895.6244999999999,TAKE_PROFIT,21.844499999999925,2.499999999999991
CMCSA,2026-02-11 00:00:00,2026-02-12 00:00:00,0.0115445668382317,2.0,2026-02-12 09:48:00,32.76,58.09716731852622,56.636449053833374,30,982.8,31.941,33.57899999999999,2026-02-12 13:28:00,31.941,STOP_LOSS,-24.569999999999972,-2.500000000000002
ICE,2026-02-11 00:00:00,2026-02-12 00:00:00,0.0750670241286863,9.0,2026-02-12 09:48:00,148.645,36.55575242265504,33.23257388557532,6,891.8700000000001,144.928875,152.361125,2026-02-12 11:09:00,144.928875,STOP_LOSS,-22.29675000000003,-2.500000000000002
BSX,2026-02-11 00:00:00,2026-02-12 00:00:00,0.0663900414937759,7.0,2026-02-12 10:01:00,73.51,48.93586473713748,48.6655980021629,13,955.6300000000001,71.67225,75.34775,2026-02-13 09:31:00,75.34775,TAKE_PROFIT,23.890749999999997,2.499999999999991
KMI,2026-02-11 00:00:00,2026-02-12 00:00:00,0.0491784573254221,5.0,2026-02-12 10:05:00,31.765,52.60200520335904,47.90371678517134,31,984.715,30.970875,32.559124999999995,2026-02-13 15:59:00,32.32,WEEK_END_CLOSE,17.20499999999999,1.7472060443884718
WMB,2026-02-11 00:00:00,2026-02-12 00:00:00,0.0785942492012779,10.0,2026-02-12 10:05:00,71.88,52.90691432186124,48.39125037468765,13,934.4399999999999,70.083,73.67699999999999,2026-02-13 15:59:00,72.27,WEEK_END_CLOSE,5.070000000000007,0.5425709515859856
MO,2026-02-11 00:00:00,2026-02-12 00:00:00,0.040902752672623,3.0,2026-02-12 10:37:00,66.8,63.772704631474134,59.47383980714524,14,935.1999999999999,65.13,68.46999999999998,2026-02-13 15:59:00,67.23,WEEK_END_CLOSE,6.0200000000000955,0.6437125748503192
ELV,2026-02-11 00:00:00,2026-02-12 00:00:00,0.0556792873051225,6.0,2026-02-12 10:50:00,343.2575,68.98448771389215,67.33816735645246,2,686.515,334.6760625,351.8389375,2026-02-13 09:30:00,334.6760625,STOP_LOSS,-17.162874999999985,-2.500000000000002
ICE,2026-02-11 00:00:00,2026-02-12 00:00:00,0.0750670241286863,9.0,2026-02-12 11:23:00,144.74,40.03946072292913,35.46974184839811,6,868.44,141.1215,148.3585,2026-02-12 13:34:00,148.3585,TAKE_PROFIT,21.7109999999999,2.499999999999991
PCAR,2026-02-11 00:00:00,2026-02-12 00:00:00,0.0676470588235294,8.0,2026-02-12 12:32:00,125.17,35.004136176555946,32.90814770223439,7,876.19,122.04075,128.29925,2026-02-13 15:59:00,127.02,WEEK_END_CLOSE,12.94999999999996,1.4779899336901714
CMCSA,2026-02-11 00:00:00,2026-02-12 00:00:00,0.0115445668382317,2.0,2026-02-12 13:29:00,32.04,46.12354350509092,43.36478020339049,31,993.24,31.238999999999997,32.840999999999994,2026-02-13 09:48:00,31.238999999999997,STOP_LOSS,-24.83100000000006,-2.500000000000002
ICE,2026-02-11 00:00:00,2026-02-12 00:00:00,0.0750670241286863,9.0,2026-02-12 13:49:00,148.54,57.3720372290743,57.10968517834086,6,891.24,144.82649999999998,152.25349999999997,2026-02-13 09:31:00,152.25349999999997,TAKE_PROFIT,22.280999999999892,2.499999999999991
AFL,2026-02-12 00:00:00,2026-02-13 00:00:00,0.0,2.0,2026-02-13 09:46:00,115.22,43.815022475005314,39.01095984267455,8,921.76,112.3395,118.10049999999998,2026-02-13 15:59:00,114.9,WEEK_END_CLOSE,-2.5599999999999454,-0.2777295608401231
DASH,2026-02-12 00:00:00,2026-02-13 00:00:00,0.0526496902959394,4.0,2026-02-13 10:06:00,163.78,46.72062947969508,45.39047045646096,6,982.6800000000001,159.6855,167.87449999999998,2026-02-13 12:05:00,159.67,STOP_LOSS_GAP,-24.660000000000082,-2.509463915007948
APO,2026-02-12 00:00:00,2026-02-13 00:00:00,0.0921895006402048,9.0,2026-02-13 10:18:00,125.335,49.59730473399715,46.75668558450711,7,877.3449999999999,122.20162499999999,128.46837499999998,2026-02-13 15:59:00,125.04,WEEK_END_CLOSE,-2.0649999999999125,-0.23536921051581228
CTAS,2026-02-12 00:00:00,2026-02-13 00:00:00,0.0,1.0,2026-02-13 10:20:00,193.3,34.51433544715695,33.6103789194168,5,966.5,188.4675,198.1325,2026-02-13 15:59:00,193.45,WEEK_END_CLOSE,0.7499999999998863,0.07759958613553497
CSX,2026-02-12 00:00:00,2026-02-13 00:00:00,0.0566037735849056,5.0,2026-02-13 11:01:00,40.78,60.44691515987043,57.89673160205805,24,978.72,39.7605,41.799499999999995,2026-02-13 15:59:00,40.87,WEEK_END_CLOSE,2.1599999999999113,0.2206964198136152
ROST,2026-02-12 00:00:00,2026-02-13 00:00:00,0.0618556701030927,6.0,2026-02-13 11:14:00,196.0,64.29365584010145,60.333189713211,5,980.0,191.1,200.89999999999998,2026-02-13 15:59:00,196.52,WEEK_END_CLOSE,2.600000000000051,0.2653061224489939
DASH,2026-02-12 00:00:00,2026-02-13 00:00:00,0.0526496902959394,4.0,2026-02-13 12:10:00,160.4117,48.512346326409045,47.1953460770308,6,962.4702,156.4014075,164.4219925,2026-02-13 15:59:00,160.34,WEEK_END_CLOSE,-0.4301999999999566,-0.04469748777675697
DLR,2026-02-13 00:00:00,2026-02-17 00:00:00,0.0625,5.0,2026-02-17 09:45:00,181.075,50.88312067057375,50.80971509987023,5,905.375,176.548125,185.60187499999998,2026-02-18 10:27:00,176.548125,STOP_LOSS,-22.63437499999995,-2.499999999999991
KKR,2026-02-13 00:00:00,2026-02-17 00:00:00,0.0757575757575757,7.0,2026-02-17 09:45:00,102.095,50.958024963615884,47.06751061850156,9,918.855,99.542625,104.647375,2026-02-18 10:12:00,104.647375,TAKE_PROFIT,22.97137499999998,2.499999999999991
BMY,2026-02-13 00:00:00,2026-02-17 00:00:00,0.0662482566248256,6.0,2026-02-17 09:46:00,60.74,51.246293711736264,47.76614672955115,16,971.84,59.2215,62.2585,2026-02-20 15:59:00,60.68,WEEK_END_CLOSE,-0.9600000000000364,-0.09878169245967072
QCOM,2026-02-13 00:00:00,2026-02-17 00:00:00,0.1183585801492199,10.0,2026-02-17 09:48:00,141.56,49.26229671688212,47.969597690874316,7,990.9200000000001,138.021,145.099,2026-02-20 15:59:00,142.88,WEEK_END_CLOSE,9.239999999999952,0.9324667985306512
FDX,2026-02-13 00:00:00,2026-02-17 00:00:00,0.1161217587373168,9.0,2026-02-17 09:56:00,378.33,52.06197381386613,46.96605247653266,2,756.66,368.87174999999996,387.78824999999995,2026-02-20 10:01:00,387.78824999999995,TAKE_PROFIT,18.916499999999928,2.499999999999991
PCAR,2026-02-13 00:00:00,2026-02-17 00:00:00,0.0558659217877094,4.0,2026-02-17 09:56:00,126.965,49.73821723217486,49.52889355649576,7,888.755,123.790875,130.13912499999998,2026-02-20 15:59:00,128.45,WEEK_END_CLOSE,10.394999999999897,1.1696136730594997
WMB,2026-02-13 00:00:00,2026-02-17 00:00:00,0.0557314756174794,3.0,2026-02-17 10:12:00,71.8801,47.36029850315953,46.9209410670172,13,934.4413,70.0830975,73.67710249999999,2026-02-20 15:59:00,72.975,WEEK_END_CLOSE,14.233699999999942,1.523231047257867
MDLZ,2026-02-13 00:00:00,2026-02-17 00:00:00,0.0194174757281553,1.0,2026-02-17 10:20:00,60.36,33.60101314307356,29.601606763090462,16,965.76,58.851,61.86899999999999,2026-02-19 10:41:00,58.851,STOP_LOSS,-24.144000000000005,-2.500000000000002
MO,2026-02-13 00:00:00,2026-02-17 00:00:00,0.0912552521008403,8.0,2026-02-17 10:20:00,67.04,47.409693880265,46.76290946676344,14,938.5600000000001,65.364,68.716,2026-02-20 15:59:00,67.57,WEEK_END_CLOSE,7.419999999999817,0.7905727923627426
AFL,2026-02-13 00:00:00,2026-02-17 00:00:00,0.0218978102189781,2.0,2026-02-17 10:58:00,114.955,41.73944068229764,41.1179531210976,8,919.64,112.081125,117.82887499999998,2026-02-20 15:59:00,114.03,WEEK_END_CLOSE,-7.399999999999977,-0.8046626940976909
APD,2026-02-17 00:00:00,2026-02-18 00:00:00,0.144927536231884,10.0,2026-02-18 09:48:00,279.8526,53.130189641986206,51.8854003745067,3,839.5578,272.856285,286.848915,2026-02-20 15:59:00,281.27,WEEK_END_CLOSE,4.252199999999959,0.5064809117371061
BSX,2026-02-17 00:00:00,2026-02-18 00:00:00,0.0702970297029703,5.0,2026-02-18 09:49:00,75.88,52.502804502978734,47.26831331225699,13,986.4399999999999,73.98299999999999,77.77699999999999,2026-02-20 15:59:00,74.59,WEEK_END_CLOSE,-16.769999999999897,-1.7000527148128497
SLB,2026-02-17 00:00:00,2026-02-18 00:00:00,0.0910032094419712,6.0,2026-02-18 09:49:00,50.95,62.1544464086903,55.775149250989415,19,968.0500000000001,49.67625,52.223749999999995,2026-02-19 09:48:00,52.223749999999995,TAKE_PROFIT,24.20124999999986,2.499999999999991
ELV,2026-02-17 00:00:00,2026-02-18 00:00:00,0.119047619047619,7.0,2026-02-18 09:50:00,343.6554,48.68848734438303,45.871428977151574,2,687.3108,335.064015,352.24678499999993,2026-02-20 15:59:00,342.94,WEEK_END_CLOSE,-1.4307999999999765,-0.20817365302567836
JCI,2026-02-17 00:00:00,2026-02-18 00:00:00,0.0657276995305164,4.0,2026-02-18 09:51:00,142.29,52.608145253049464,52.24279071087515,7,996.03,138.73274999999998,145.84724999999997,2026-02-20 15:59:00,143.81,WEEK_END_CLOSE,10.640000000000072,1.0682409164382678
EMR,2026-02-17 00:00:00,2026-02-18 00:00:00,0.1299212598425196,8.0,2026-02-18 09:58:00,151.56,62.35665365563291,56.417477998866765,6,909.36,147.771,155.349,2026-02-20 11:30:00,147.771,STOP_LOSS,-22.734000000000094,-2.5000000000000133
PGR,2026-02-17 00:00:00,2026-02-18 00:00:00,0.0552092609082813,2.0,2026-02-18 10:08:00,202.5,40.270927699020525,37.37037443360865,4,810.0,197.4375,207.56249999999997,2026-02-20 15:59:00,204.06,WEEK_END_CLOSE,6.240000000000009,0.7703703703703768
KKR,2026-02-17 00:00:00,2026-02-18 00:00:00,0.0565320665083135,3.0,2026-02-18 10:32:00,104.9,57.36426980125204,56.5810625117985,9,944.1,102.2775,107.5225,2026-02-19 09:30:00,102.2775,STOP_LOSS,-23.60250000000002,-2.500000000000002
PH,2026-02-17 00:00:00,2026-02-18 00:00:00,0.1428571428571428,9.0,2026-02-18 14:23:00,997.64,39.4969978247273,37.94565918502282,1,997.64,972.699,1022.5809999999999,2026-02-20 10:01:00,1022.5809999999999,TAKE_PROFIT,24.940999999999917,2.499999999999991
AJG,2026-02-18 00:00:00,2026-02-19 00:00:00,0.0204081632653061,1.0,2026-02-19 09:47:00,215.5,62.47061623180118,59.834681638118234,4,862.0,210.11249999999998,220.8875,2026-02-20 09:30:00,220.8875,TAKE_PROFIT,21.549999999999955,2.499999999999991
CMCSA,2026-02-18 00:00:00,2026-02-19 00:00:00,0.0220440881763527,2.0,2026-02-19 09:49:00,31.63,52.311255504979854,50.792836963129844,31,980.53,30.83925,32.42075,2026-02-20 09:35:00,30.83925,STOP_LOSS,-24.513249999999974,-2.500000000000002
DLR,2026-02-18 00:00:00,2026-02-19 00:00:00,0.1094890510948905,9.0,2026-02-19 09:52:00,176.965,56.54317044602897,55.676505254337975,5,884.825,172.540875,181.38912499999998,2026-02-20 15:59:00,175.67,WEEK_END_CLOSE,-6.47500000000008,-0.731783120956131
NSC,2026-02-18 00:00:00,2026-02-19 00:00:00,0.0454545454545454,5.0,2026-02-19 09:53:00,316.86,52.92203982314051,52.293750254496125,3,950.58,308.93850000000003,324.7815,2026-02-20 15:59:00,316.32,WEEK_END_CLOSE,-1.6200000000000614,-0.17042226850976228
SLB,2026-02-18 00:00:00,2026-02-19 00:00:00,0.0536175710594315,7.0,2026-02-19 09:55:00,52.12,63.16507710330795,61.36971799907355,19,990.28,50.81699999999999,53.422999999999995,2026-02-20 11:01:00,50.81699999999999,STOP_LOSS,-24.757000000000083,-2.5000000000000133
AEP,2026-02-18 00:00:00,2026-02-19 00:00:00,0.0574572127139364,8.0,2026-02-19 09:59:00,127.92,55.9857719250156,55.94765945316889,7,895.44,124.722,131.118,2026-02-20 15:59:00,129.39,WEEK_END_CLOSE,10.289999999999893,1.1491557223264337
AMT,2026-02-18 00:00:00,2026-02-19 00:00:00,0.0378787878787878,4.0,2026-02-19 10:09:00,187.67,56.066497714466834,54.44431202342993,5,938.3499999999999,182.97824999999997,192.36174999999997,2026-02-20 15:59:00,187.32,WEEK_END_CLOSE,-1.7499999999999716,-0.18649757553151902
CSX,2026-02-18 00:00:00,2026-02-19 00:00:00,0.0502261366341347,6.0,2026-02-19 10:19:00,41.15,50.79837676863516,49.99329981493171,24,987.5999999999999,40.121249999999996,42.178749999999994,2026-02-20 10:26:00,42.178749999999994,TAKE_PROFIT,24.689999999999884,2.499999999999991
RSG,2026-02-18 00:00:00,2026-02-19 00:00:00,0.1171132238547968,10.0,2026-02-19 10:25:00,223.685,67.39187852016656,66.86173943574484,4,894.74,218.092875,229.27712499999998,2026-02-20 15:59:00,219.57,WEEK_END_CLOSE,-16.460000000000036,-1.8396405659744763
DUK,2026-02-19 00:00:00,2026-02-20 00:00:00,0.0102127659574468,3.0,2026-02-20 09:47:00,126.335,55.26534551310593,54.374511547499,7,884.3449999999999,123.17662499999999,129.493375,2026-02-20 15:59:00,126.78,WEEK_END_CLOSE,3.1150000000000517,0.3522380971227257
ITW,2026-02-19 00:00:00,2026-02-20 00:00:00,0.0466666666666666,7.0,2026-02-20 09:53:00,293.97,58.00216504400173,52.47700806029939,3,881.9100000000001,286.62075000000004,301.31925,2026-02-20 15:59:00,294.99,WEEK_END_CLOSE,3.0599999999999454,0.3469741810388838
HWM,2026-02-19 00:00:00,2026-02-20 00:00:00,0.0331753554502369,4.0,2026-02-20 09:55:00,254.19,66.00174990098225,63.06748914654043,3,762.5699999999999,247.83525,260.54474999999996,2026-02-20 15:59:00,258.16,WEEK_END_CLOSE,11.910000000000082,1.5618238325662004
SPGI,2026-02-19 00:00:00,2026-02-20 00:00:00,0.060377358490566,8.0,2026-02-20 09:55:00,414.38,55.95600466948643,51.56974751458749,2,828.76,404.02049999999997,424.73949999999996,2026-02-20 15:59:00,417.59,WEEK_END_CLOSE,6.419999999999959,0.7746512862589761
TT,2026-02-19 00:00:00,2026-02-20 00:00:00,0.0,1.0,2026-02-20 10:15:00,466.17,53.97021565173786,52.524753970901955,2,932.34,454.51575,477.82424999999995,2026-02-20 15:59:00,466.99,WEEK_END_CLOSE,1.6399999999999864,0.17590149516271136
FDX,2026-02-19 00:00:00,2026-02-20 00:00:00,0.0724191063174114,9.0,2026-02-20 11:32:00,384.8,46.19100926041642,45.795150131952845,2,769.6,375.18,394.41999999999996,2026-02-20 15:59:00,388.43,WEEK_END_CLOSE,7.259999999999991,0.9433471933471882
EMR,2026-02-19 00:00:00,2026-02-20 00:00:00,0.0067534973468403,2.0,2026-02-20 11:33:00,148.25,38.78965444328818,38.48252964346401,6,889.5,144.54375,151.95624999999998,2026-02-20 15:59:00,148.61,WEEK_END_CLOSE,2.160000000000082,0.24283305227656982
FDX,2026-02-20 00:00:00,2026-02-23 00:00:00,0.0051432770022042,1.0,2026-02-23 09:45:00,388.285,48.549084605427154,48.20459130062003,2,776.57,378.577875,397.992125,2026-02-27 15:59:00,387.1,WEEK_END_CLOSE,-2.3700000000000045,-0.3051881993896277
APD,2026-02-20 00:00:00,2026-02-23 00:00:00,0.0151006711409395,4.0,2026-02-23 09:50:00,283.79,56.85180093478936,53.98279275226067,3,851.3700000000001,276.69525,290.88475,2026-02-25 10:06:00,276.68,STOP_LOSS_GAP,-21.33000000000004,-2.505373691814372
DUK,2026-02-20 00:00:00,2026-02-23 00:00:00,0.0492051476154428,10.0,2026-02-23 09:53:00,127.93,55.37251046655193,54.034063387421554,7,895.51,124.73175,131.12825,2026-02-27 11:21:00,131.12825,TAKE_PROFIT,22.38775000000001,2.499999999999991
RSG,2026-02-20 00:00:00,2026-02-23 00:00:00,0.0121580547112462,3.0,2026-02-23 09:54:00,221.14,54.59760655891938,50.86666108203542,4,884.56,215.61149999999998,226.66849999999997,2026-02-27 09:40:00,226.7315,TAKE_PROFIT_GAP,22.3660000000001,2.528488740164603
CI,2026-02-20 00:00:00,2026-02-23 00:00:00,0.0484189723320158,9.0,2026-02-23 10:05:00,282.09,53.681609958526,53.61535085997246,3,846.27,275.03774999999996,289.14224999999993,2026-02-26 09:40:00,289.14224999999993,TAKE_PROFIT,21.156749999999874,2.499999999999991
SPGI,2026-02-20 00:00:00,2026-02-23 00:00:00,0.008130081300813,2.0,2026-02-23 10:14:00,410.1,46.18512953156167,44.06952066373218,2,820.2,399.8475,420.35249999999996,2026-02-25 09:30:00,420.35249999999996,TAKE_PROFIT,20.50499999999988,2.499999999999991
AFL,2026-02-20 00:00:00,2026-02-23 00:00:00,0.0357142857142857,7.0,2026-02-23 10:42:00,113.57,46.3448078875033,45.78381241322816,8,908.56,110.73074999999999,116.40924999999999,2026-02-27 15:59:00,112.93,WEEK_END_CLOSE,-5.119999999999891,-0.5635291009949639
SYK,2026-02-20 00:00:00,2026-02-23 00:00:00,0.0301003344481605,6.0,2026-02-23 10:45:00,382.86,51.71071757892947,49.61364451108654,2,765.72,373.2885,392.43149999999997,2026-02-27 15:59:00,387.55,WEEK_END_CLOSE,9.379999999999995,1.2249908582771862
ABT,2026-02-23 00:00:00,2026-02-24 00:00:00,0.1488095238095238,10.0,2026-02-24 09:46:00,115.1099,53.707383857599574,51.481822793160454,8,920.8792,112.2321525,117.98764749999998,2026-02-27 15:59:00,116.32,WEEK_END_CLOSE,9.680799999999977,1.0512562342596121
ELV,2026-02-23 00:00:00,2026-02-24 00:00:00,0.0292837356549267,3.0,2026-02-24 09:46:00,330.95,38.21826846383688,36.028668232733715,3,992.8499999999999,322.67625,339.22374999999994,2026-02-24 11:05:00,322.67625,STOP_LOSS,-24.82125000000002,-2.500000000000002
KMI,2026-02-23 00:00:00,2026-02-24 00:00:00,0.0242336558459173,2.0,2026-02-24 09:46:00,32.41,47.25756591822764,41.30520808296906,30,972.3,31.599749999999997,33.22024999999999,2026-02-26 11:29:00,33.22024999999999,TAKE_PROFIT,24.30749999999989,2.499999999999991
ORLY,2026-02-23 00:00:00,2026-02-24 00:00:00,0.0605413105413105,6.0,2026-02-24 09:46:00,94.86,51.21554544388383,47.90516905825127,10,948.6,92.4885,97.2315,2026-02-25 09:52:00,92.4885,STOP_LOSS,-23.714999999999975,-2.500000000000002
PCAR,2026-02-23 00:00:00,2026-02-24 00:00:00,0.0582120582120582,5.0,2026-02-24 09:46:00,126.8,67.6503575656798,52.32496045151912,7,887.6,123.63,129.97,2026-02-27 09:30:00,123.09,STOP_LOSS_GAP,-25.969999999999956,-2.925867507886426
MDT,2026-02-23 00:00:00,2026-02-24 00:00:00,0.1019801980198019,7.0,2026-02-24 10:05:00,97.975,43.10878247451495,42.297631640990524,10,979.75,95.52562499999999,100.42437499999998,2026-02-27 15:59:00,97.64,WEEK_END_CLOSE,-3.3499999999999375,-0.3419239601939239
CTAS,2026-02-23 00:00:00,2026-02-24 00:00:00,0.1346153846153846,9.0,2026-02-24 10:06:00,197.85,47.606179064659905,47.33330008313461,5,989.25,192.90375,202.79625,2026-02-27 13:28:00,202.79625,TAKE_PROFIT,24.73124999999996,2.499999999999991
TEL,2026-02-23 00:00:00,2026-02-24 00:00:00,0.1077586206896551,8.0,2026-02-24 10:06:00,236.345,61.01858097357137,60.75381423732298,4,945.38,230.436375,242.25362499999997,2026-02-24 12:33:00,242.25362499999997,TAKE_PROFIT,23.63449999999989,2.499999999999991
MRSH,2026-02-23 00:00:00,2026-02-24 00:00:00,0.0513513513513513,4.0,2026-02-24 10:27:00,176.045,48.26058563219096,46.51051582297054,5,880.2249999999999,171.64387499999998,180.44612499999997,2026-02-25 09:40:00,180.44612499999997,TAKE_PROFIT,22.005624999999895,2.499999999999991
ELV,2026-02-23 00:00:00,2026-02-24 00:00:00,0.0292837356549267,3.0,2026-02-24 11:20:00,321.445,37.97053561881808,36.57650658598014,3,964.335,313.40887499999997,329.48112499999996,2026-02-25 09:30:00,331.73,TAKE_PROFIT_GAP,30.855000000000075,3.199614241938753
TEL,2026-02-23 00:00:00,2026-02-24 00:00:00,0.1077586206896551,8.0,2026-02-24 12:41:00,242.07,62.8139720555027,62.10374658756644,4,968.28,236.01825,248.12174999999996,2026-02-25 10:34:00,236.01825,STOP_LOSS,-24.206999999999994,-2.500000000000002
REGN,2026-02-24 00:00:00,2026-02-25 00:00:00,0.0831234256926952,5.0,2026-02-25 09:58:00,784.615,59.36219386215774,58.7724495948651,1,784.615,764.999625,804.230375,2026-02-26 10:12:00,764.999625,STOP_LOSS,-19.615374999999972,-2.499999999999991
WELL,2026-02-24 00:00:00,2026-02-25 00:00:00,0.0602409638554216,3.0,2026-02-25 10:09:00,208.995,46.986275946346865,46.499784743245776,4,835.98,203.770125,214.21987499999997,2026-02-27 15:59:00,207.19,WEEK_END_CLOSE,-7.220000000000027,-0.8636570252876896
CB,2026-02-24 00:00:00,2026-02-25 00:00:00,0.1361386138613861,9.0,2026-02-25 10:15:00,334.18,48.10157522714978,46.664259244064894,2,668.36,325.8255,342.5345,2026-02-27 09:32:00,342.5345,TAKE_PROFIT,16.708999999999946,2.499999999999991
CSX,2026-02-24 00:00:00,2026-02-25 00:00:00,0.09375,6.0,2026-02-25 10:17:00,42.28,46.41921127236882,45.41925092581495,23,972.44,41.223,43.336999999999996,2026-02-27 15:59:00,42.7,WEEK_END_CLOSE,9.66000000000004,0.9933774834437026
NSC,2026-02-24 00:00:00,2026-02-25 00:00:00,0.1515151515151515,10.0,2026-02-25 10:30:00,311.205,44.10093750137521,43.19718481538764,3,933.615,303.424875,318.985125,2026-02-27 15:59:00,314.56,WEEK_END_CLOSE,10.065000000000055,1.0780675117687766
TEL,2026-02-24 00:00:00,2026-02-25 00:00:00,0.0555555555555555,2.0,2026-02-25 10:37:00,237.655,45.779250125422756,44.386877758719756,4,950.62,231.713625,243.59637499999997,2026-02-26 09:30:00,244.74,TAKE_PROFIT_GAP,28.340000000000032,2.9812122614714553
JCI,2026-02-24 00:00:00,2026-02-25 00:00:00,0.1093394077448747,7.0,2026-02-25 10:38:00,143.88,44.59677406547412,42.97295365643251,6,863.28,140.283,147.47699999999998,2026-02-27 15:59:00,144.3,WEEK_END_CLOSE,2.5200000000000955,0.29190992493746126
ISRG,2026-02-24 00:00:00,2026-02-25 00:00:00,0.0789636027143738,4.0,2026-02-25 11:07:00,501.465,53.55436138291831,48.78825714371306,1,501.465,488.92837499999996,514.0016249999999,2026-02-27 15:59:00,503.34,WEEK_END_CLOSE,1.875,0.37390445993239485
CRH,2026-02-25 00:00:00,2026-02-26 00:00:00,0.0344827586206896,5.0,2026-02-26 09:46:00,120.275,45.99472431335833,40.96870427384324,8,962.2,117.268125,123.281875,2026-02-27 09:50:00,117.268125,STOP_LOSS,-24.055000000000064,-2.500000000000002
TFC,2026-02-25 00:00:00,2026-02-26 00:00:00,0.0481012658227848,10.0,2026-02-26 09:49:00,51.4,58.284228488739,56.204369363039234,19,976.6,50.114999999999995,52.684999999999995,2026-02-27 09:45:00,50.114999999999995,STOP_LOSS,-24.41500000000007,-2.500000000000002
BMY,2026-02-25 00:00:00,2026-02-26 00:00:00,0.0353107344632768,6.0,2026-02-26 09:52:00,61.215,54.56911274835227,53.40409435327012,16,979.44,59.684625000000004,62.745374999999996,2026-02-27 15:59:00,62.36,WEEK_END_CLOSE,18.319999999999936,1.8704565874377188
ICE,2026-02-25 00:00:00,2026-02-26 00:00:00,0.0449897750511247,8.0,2026-02-26 09:57:00,162.18,64.31436831285939,61.06382040830709,6,973.08,158.12550000000002,166.2345,2026-02-27 15:59:00,164.24,WEEK_END_CLOSE,12.360000000000014,1.270193612036019
ITW,2026-02-25 00:00:00,2026-02-26 00:00:00,0.0405932864949258,7.0,2026-02-26 10:12:00,287.74,47.23869701239715,45.33996903385803,3,863.22,280.5465,294.9335,2026-02-27 15:59:00,290.59,WEEK_END_CLOSE,8.549999999999898,0.9904775144227385
AON,2026-02-25 00:00:00,2026-02-26 00:00:00,0.0223880597014925,2.0,2026-02-26 10:13:00,331.57,62.83954426938982,62.27693167445246,3,994.71,323.28075,339.85925,2026-02-27 15:59:00,335.56,WEEK_END_CLOSE,11.970000000000027,1.2033658051090246
KMI,2026-02-25 00:00:00,2026-02-26 00:00:00,0.0467590301830776,9.0,2026-02-26 12:35:00,33.0199,50.221807348976824,46.25948333849913,30,990.597,32.1944025,33.8453975,2026-02-27 15:59:00,33.27,WEEK_END_CLOSE,7.5030000000001,0.7574220394368281
TGT,2026-02-26 00:00:00,2026-02-27 00:00:00,0.1099800209304538,9.0,2026-02-27 09:46:00,112.72,48.17014035232179,44.56105099609304,8,901.76,109.902,115.53799999999998,2026-02-27 15:59:00,113.77,WEEK_END_CLOSE,8.399999999999977,0.9315117104329307
MDLZ,2026-02-26 00:00:00,2026-02-27 00:00:00,0.0706106870229007,7.0,2026-02-27 09:52:00,60.3872,51.96574035032297,51.097843011464235,16,966.1952,58.87752,61.896879999999996,2026-02-27 15:59:00,61.56,WEEK_END_CLOSE,18.764800000000037,1.9421334322505368
TT,2026-02-26 00:00:00,2026-02-27 00:00:00,0.0419161676646706,3.0,2026-02-27 10:00:00,454.01,52.884548857115945,49.71950061607836,2,908.02,442.65975,465.36024999999995,2026-02-27 15:59:00,462.24,WEEK_END_CLOSE,16.460000000000036,1.812735402303911
TRV,2026-02-26 00:00:00,2026-02-27 00:00:00,0.0654761904761904,6.0,2026-02-27 10:07:00,305.43,46.435896594859905,44.946548019081966,3,916.29,297.79425,313.06575,2026-02-27 15:59:00,308.7,WEEK_END_CLOSE,9.809999999999945,1.0706217463903211
EQIX,2026-02-26 00:00:00,2026-02-27 00:00:00,0.0496894409937888,4.0,2026-02-27 10:12:00,958.4,55.340682692897005,54.65959302849865,1,958.4,934.4399999999999,982.3599999999999,2026-02-27 15:59:00,974.58,WEEK_END_CLOSE,16.180000000000064,1.6882303839732993
FDX,2026-02-27 00:00:00,2026-03-02 00:00:00,0.0019120458891013,1.0,2026-03-02 09:45:00,384.21,38.59621002923432,36.57210663761677,2,768.42,374.60474999999997,393.81524999999993,2026-03-03 09:30:00,374.60474999999997,STOP_LOSS,-19.210500000000025,-2.500000000000002
DUK,2026-02-27 00:00:00,2026-03-02 00:00:00,0.0895522388059701,9.0,2026-03-02 09:46:00,131.52,62.26431988600227,55.05714231114443,7,920.6400000000001,128.232,134.808,2026-03-06 15:59:00,132.48,WEEK_END_CLOSE,6.719999999999857,0.7299270072992581
APD,2026-02-27 00:00:00,2026-03-02 00:00:00,0.0869565217391304,8.0,2026-03-02 09:47:00,273.005,49.06979009282753,45.05306917212936,3,819.015,266.179875,279.83012499999995,2026-03-06 15:59:00,272.17,WEEK_END_CLOSE,-2.5049999999999386,-0.30585520411713363
WMB,2026-02-27 00:00:00,2026-03-02 00:00:00,0.0693069306930693,5.0,2026-03-02 09:52:00,75.47,58.3892704580407,58.252905722236584,13,981.11,73.58324999999999,77.35674999999999,2026-03-06 15:59:00,74.23,WEEK_END_CLOSE,-16.119999999999933,-1.6430369683317791
MCO,2026-02-27 00:00:00,2026-03-02 00:00:00,0.0262112787926926,2.0,2026-03-02 09:53:00,466.22,44.84788848500615,44.18933602963174,2,932.44,454.5645,477.8755,2026-03-03 10:22:00,454.5645,STOP_LOSS,-23.311000000000035,-2.500000000000002
RSG,2026-02-27 00:00:00,2026-03-02 00:00:00,0.0648148148148148,4.0,2026-03-02 09:53:00,231.055,61.75274105168632,60.806341300640774,4,924.22,225.278625,236.83137499999998,2026-03-06 15:59:00,231.05,WEEK_END_CLOSE,-0.01999999999998181,-0.00216398692951536
DLR,2026-02-27 00:00:00,2026-03-02 00:00:00,0.0833333333333333,7.0,2026-03-02 09:54:00,175.63,49.656246608648395,48.38454538608196,5,878.15,171.23925,180.02075,2026-03-04 10:12:00,180.05,TAKE_PROFIT_GAP,22.10000000000008,2.516654330125845
EQIX,2026-02-27 00:00:00,2026-03-02 00:00:00,0.0916870415647921,10.0,2026-03-02 09:54:00,965.645,51.25778191434742,51.20195239954357,1,965.645,941.503875,989.7861249999999,2026-03-06 11:36:00,941.503875,STOP_LOSS,-24.141124999999988,-2.500000000000002
PEP,2026-02-27 00:00:00,2026-03-02 00:00:00,0.0718308558766503,6.0,2026-03-02 09:58:00,168.82,53.31011853352773,51.281655049727284,5,844.0999999999999,164.59949999999998,173.04049999999998,2026-03-03 11:29:00,164.59949999999998,STOP_LOSS,-21.102500000000077,-2.5000000000000133
MRSH,2026-03-02 00:00:00,2026-03-03 00:00:00,0.05,4.0,2026-03-03 09:54:00,183.91,39.06424346077649,38.940252814142454,5,919.55,179.31225,188.50775,2026-03-06 15:59:00,183.12,WEEK_END_CLOSE,-3.94999999999996,-0.4295579359469226
TRV,2026-03-02 00:00:00,2026-03-03 00:00:00,0.1756756756756756,10.0,2026-03-03 09:55:00,305.91,36.56301384434736,35.82328343556575,3,917.73,298.26225,313.55775,2026-03-06 15:59:00,306.3,WEEK_END_CLOSE,1.169999999999959,0.1274884770030349
SPG,2026-03-02 00:00:00,2026-03-03 00:00:00,0.0978723404255319,6.0,2026-03-03 09:58:00,199.21,40.09837700351406,35.75275377120719,5,996.0500000000001,194.22975,204.19025,2026-03-06 12:52:00,194.22975,STOP_LOSS,-24.90125000000006,-2.500000000000002
WELL,2026-03-02 00:00:00,2026-03-03 00:00:00,0.0170212765957446,2.0,2026-03-03 10:02:00,207.24,50.933701272588024,49.622139242589164,4,828.96,202.059,212.421,2026-03-05 11:00:00,202.059,STOP_LOSS,-20.724000000000046,-2.500000000000002
FDX,2026-03-02 00:00:00,2026-03-03 00:00:00,0.0016703786191536,1.0,2026-03-03 10:06:00,378.8732,47.55925947847556,46.41403916722926,2,757.7464,369.40137,388.34502999999995,2026-03-06 09:30:00,364.97,STOP_LOSS_GAP,-27.80639999999994,-3.6696182258338594
JCI,2026-03-02 00:00:00,2026-03-03 00:00:00,0.0190703218116805,3.0,2026-03-03 10:06:00,139.51,41.591978078434636,38.401002628906504,7,976.5699999999999,136.02224999999999,142.99774999999997,2026-03-05 11:16:00,136.02224999999999,STOP_LOSS,-24.414250000000038,-2.500000000000002
SLB,2026-03-02 00:00:00,2026-03-03 00:00:00,0.1227707698999565,7.0,2026-03-03 10:07:00,48.86,31.488033065577795,31.410504401976848,20,977.2,47.6385,50.0815,2026-03-04 09:50:00,47.6385,STOP_LOSS,-24.42999999999998,-2.500000000000002
GILD,2026-03-02 00:00:00,2026-03-03 00:00:00,0.1565891472868217,9.0,2026-03-03 10:12:00,145.86,39.32793038143664,39.21882159774854,6,875.1600000000001,142.2135,149.5065,2026-03-06 15:59:00,143.92,WEEK_END_CLOSE,-11.640000000000157,-1.3300425065131072
AON,2026-03-03 00:00:00,2026-03-04 00:00:00,0.0833333333333333,9.0,2026-03-04 09:49:00,339.76,56.60294305769564,50.86039870604697,2,679.52,331.26599999999996,348.25399999999996,2026-03-06 15:59:00,340.6,WEEK_END_CLOSE,1.6800000000000637,0.24723334118201823
AFL,2026-03-03 00:00:00,2026-03-04 00:00:00,0.0434782608695652,5.0,2026-03-04 09:51:00,111.545,41.22161438249295,40.78564692692943,8,892.36,108.756375,114.333625,2026-03-06 15:59:00,111.28,WEEK_END_CLOSE,-2.1200000000000045,-0.23757228024564592
SO,2026-03-03 00:00:00,2026-03-04 00:00:00,0.0255681818181818,4.0,2026-03-04 09:51:00,96.84,46.073214099507844,46.008836716218475,10,968.4000000000001,94.419,99.261,2026-03-06 15:59:00,97.49,WEEK_END_CLOSE,6.499999999999915,0.6712102437009371
CSX,2026-03-03 00:00:00,2026-03-04 00:00:00,0.0666666666666666,8.0,2026-03-04 09:54:00,42.605,43.22561064429246,42.4648796814537,23,979.915,41.539874999999995,43.67012499999999,2026-03-05 10:50:00,41.539874999999995,STOP_LOSS,-24.497875000000043,-2.500000000000002
CRH,2026-03-03 00:00:00,2026-03-04 00:00:00,0.0048780487804878,2.0,2026-03-04 09:59:00,113.095,48.78404467542394,41.98704286968391,8,904.76,110.267625,115.92237499999999,2026-03-05 13:16:00,110.267625,STOP_LOSS,-22.619000000000028,-2.500000000000002
SPGI,2026-03-03 00:00:00,2026-03-04 00:00:00,0.0461538461538461,6.0,2026-03-04 10:05:00,445.66,52.51260355151059,48.49311308216522,2,891.32,434.5185,456.8015,2026-03-06 15:59:00,452.22,WEEK_END_CLOSE,13.120000000000005,1.4719741506978412
NSC,2026-03-03 00:00:00,2026-03-04 00:00:00,0.0,1.0,2026-03-04 10:06:00,315.07,45.5738905666893,44.77951175956934,3,945.21,307.19325,322.94674999999995,2026-03-06 09:32:00,307.19325,STOP_LOSS,-23.630250000000046,-2.500000000000002
ETN,2026-03-04 00:00:00,2026-03-05 00:00:00,0.0970873786407767,10.0,2026-03-05 09:46:00,352.36,39.44800910365303,37.554415098223565,2,704.72,343.551,361.169,2026-03-06 09:34:00,343.551,STOP_LOSS,-17.618000000000052,-2.500000000000002
FTNT,2026-03-04 00:00:00,2026-03-05 00:00:00,0.0295634238569955,4.0,2026-03-05 09:50:00,83.71,53.60236921779158,52.32249024150157,11,920.81,81.61725,85.80274999999999,2026-03-06 15:59:00,83.68,WEEK_END_CLOSE,-0.3299999999998562,-0.035838012184907786
MDLZ,2026-03-04 00:00:00,2026-03-05 00:00:00,0.0909090909090909,9.0,2026-03-05 09:53:00,57.945,42.47611652693212,41.255508548294564,17,985.065,56.496375,59.39362499999999,2026-03-06 15:59:00,58.385,WEEK_END_CLOSE,7.479999999999961,0.7593407541634178
CL,2026-03-04 00:00:00,2026-03-05 00:00:00,0.0833333333333333,8.0,2026-03-05 09:57:00,94.04,35.80747237485153,34.19291669386458,10,940.4000000000001,91.68900000000001,96.39099999999999,2026-03-06 09:40:00,91.68900000000001,STOP_LOSS,-23.50999999999999,-2.500000000000002
BSX,2026-03-04 00:00:00,2026-03-05 00:00:00,0.0529958473403203,5.0,2026-03-05 10:09:00,71.69,41.37455010171214,39.16731315009157,13,931.97,69.89775,73.48225,2026-03-06 15:59:00,71.3,WEEK_END_CLOSE,-5.070000000000007,-0.5440089273259896
WELL,2026-03-04 00:00:00,2026-03-05 00:00:00,0.0666666666666666,6.0,2026-03-05 11:22:00,200.045,36.47275714155186,35.2293936551987,4,800.18,195.04387499999999,205.04612499999996,2026-03-05 15:55:00,205.04612499999996,TAKE_PROFIT,20.004499999999894,2.499999999999991
CRH,2026-03-04 00:00:00,2026-03-05 00:00:00,0.0166527893422148,2.0,2026-03-05 13:27:00,110.2498,45.60459519949773,43.48677601479657,9,992.2482,107.49355499999999,113.00604499999999,2026-03-06 09:30:00,107.49355499999999,STOP_LOSS,-24.806205000000062,-2.500000000000002
REGN,2026-03-05 00:00:00,2026-03-06 00:00:00,0.0542986425339366,7.0,2026-03-06 09:48:00,757.83,52.187159749864385,51.64635450707602,1,757.83,738.8842500000001,776.77575,2026-03-06 15:59:00,759.635,WEEK_END_CLOSE,1.80499999999995,0.2381800667695888
ADI,2026-03-05 00:00:00,2026-03-06 00:00:00,0.0407204385277995,5.0,2026-03-06 09:51:00,321.35,49.94320568546726,49.63071662015465,3,964.0500000000001,313.31625,329.38375,2026-03-06 15:59:00,315.8,WEEK_END_CLOSE,-16.650000000000034,-1.7270888439396281
FDX,2026-03-05 00:00:00,2026-03-06 00:00:00,0.0049875311720698,3.0,2026-03-06 09:58:00,359.83,40.07722726275287,37.305222877736085,2,719.66,350.83425,368.82574999999997,2026-03-06 15:59:00,358.98,WEEK_END_CLOSE,-1.6999999999999318,-0.23622266070087994
TEL,2026-03-05 00:00:00,2026-03-06 00:00:00,0.0137457044673539,4.0,2026-03-06 09:59:00,205.785,46.440866141773746,43.34234811211169,4,823.14,200.640375,210.929625,2026-03-06 15:59:00,205.81,WEEK_END_CLOSE,0.10000000000002274,0.012148601695938233
AJG,2026-03-05 00:00:00,2026-03-06 00:00:00,0.0473372781065088,6.0,2026-03-06 10:07:00,226.055,48.57005466585075,47.688990347682264,4,904.22,220.403625,231.70637499999998,2026-03-06 15:59:00,227.93,WEEK_END_CLOSE,7.5,0.8294441618190262
CI,2026-03-05 00:00:00,2026-03-06 00:00:00,0.0821917808219178,10.0,2026-03-06 10:08:00,271.74,42.24907732687624,36.83997042420922,3,815.22,264.9465,278.5335,2026-03-06 15:59:00,271.62,WEEK_END_CLOSE,-0.36000000000001364,-0.04415985868845285
SLB,2026-03-05 00:00:00,2026-03-06 00:00:00,0.0584780388151174,8.0,2026-03-06 10:14:00,46.67,46.67656502484767,46.675534396374,21,980.07,45.50325,47.836749999999995,2026-03-06 15:59:00,46.8704,WEEK_END_CLOSE,4.208399999999891,0.4293979001499748
EQIX,2026-03-05 00:00:00,2026-03-06 00:00:00,0.0816901408450704,9.0,2026-03-06 11:38:00,944.33,57.03696933339305,46.111888315549194,1,944.33,920.72175,967.9382499999999,2026-03-06 15:59:00,936.65,WEEK_END_CLOSE,-7.680000000000064,-0.8132750203848294
BSX,2026-03-06 00:00:00,2026-03-09 00:00:00,0.0924092409240924,9.0,2026-03-09 09:45:00,70.48,46.10869861181725,42.1569428619858,14,986.72,68.718,72.242,2026-03-09 15:29:00,72.242,TAKE_PROFIT,24.668000000000006,2.499999999999991
KMI,2026-03-06 00:00:00,2026-03-09 00:00:00,0.0418326693227091,5.0,2026-03-09 09:46:00,33.41,47.88993702145034,42.25801739665762,29,968.8899999999999,32.574749999999995,34.24524999999999,2026-03-13 15:59:00,33.39,WEEK_END_CLOSE,-0.5799999999998846,-0.05986231667164388
DHR,2026-03-06 00:00:00,2026-03-09 00:00:00,0.0423728813559322,6.0,2026-03-09 09:47:00,194.54,43.95569808459684,40.133160319212486,5,972.6999999999999,189.67649999999998,199.40349999999998,2026-03-12 10:42:00,189.67649999999998,STOP_LOSS,-24.31750000000008,-2.5000000000000133
SO,2026-03-06 00:00:00,2026-03-09 00:00:00,0.1,10.0,2026-03-09 09:48:00,97.17,48.35730890245459,47.7124473167861,10,971.7,94.74075,99.59925,2026-03-13 15:59:00,98.02,WEEK_END_CLOSE,8.499999999999943,0.874755582998854
CRH,2026-03-06 00:00:00,2026-03-09 00:00:00,0.08,7.0,2026-03-09 09:55:00,102.53,40.40314416976088,38.01892714599473,9,922.77,99.96675,105.09325,2026-03-09 15:23:00,105.09325,TAKE_PROFIT,23.06924999999997,2.499999999999991
PCAR,2026-03-06 00:00:00,2026-03-09 00:00:00,0.0859375,8.0,2026-03-09 09:55:00,117.62,40.23305063835339,38.6449674531919,8,940.96,114.6795,120.56049999999999,2026-03-09 15:27:00,120.56049999999999,TAKE_PROFIT,23.523999999999887,2.499999999999991
ITW,2026-03-06 00:00:00,2026-03-09 00:00:00,0.0109664153529814,3.0,2026-03-09 09:57:00,271.45,43.40827218765408,42.295908372237584,3,814.3499999999999,264.66375,278.23625,2026-03-13 15:59:00,267.01,WEEK_END_CLOSE,-13.319999999999993,-1.635660342604528
AON,2026-03-06 00:00:00,2026-03-09 00:00:00,0.0408163265306122,4.0,2026-03-09 10:00:00,336.31,46.491753619962985,46.01434290242197,2,672.62,327.90225,344.71774999999997,2026-03-10 09:43:00,327.90225,STOP_LOSS,-16.815500000000043,-2.500000000000002
FDX,2026-03-06 00:00:00,2026-03-09 00:00:00,0.0026881720430107,2.0,2026-03-09 10:00:00,348.03,43.99602552732487,43.20901487622585,2,696.06,339.32924999999994,356.73074999999994,2026-03-09 15:21:00,356.73074999999994,TAKE_PROFIT,17.401499999999942,2.499999999999991
AMT,2026-03-09 00:00:00,2026-03-10 00:00:00,0.1108647450110864,8.0,2026-03-10 09:45:00,187.655,54.30843496128933,49.619546371389255,5,938.275,182.963625,192.346375,2026-03-11 14:58:00,182.963625,STOP_LOSS,-23.456874999999968,-2.499999999999991
MO,2026-03-09 00:00:00,2026-03-10 00:00:00,0.1360170242950877,9.0,2026-03-10 09:56:00,66.765,54.89940150945089,53.145954920063225,14,934.71,65.09587499999999,68.434125,2026-03-13 14:01:00,68.434125,TAKE_PROFIT,23.367749999999916,2.499999999999991
LIN,2026-03-09 00:00:00,2026-03-10 00:00:00,0.0210084033613445,2.0,2026-03-10 09:57:00,478.16,50.772586828713656,45.79479480204303,2,956.32,466.206,490.114,2026-03-12 11:12:00,490.114,TAKE_PROFIT,23.9079999999999,2.499999999999991
NSC,2026-03-09 00:00:00,2026-03-10 00:00:00,0.1428571428571428,10.0,2026-03-10 10:05:00,300.985,54.45825167868172,53.618017436236535,3,902.955,293.460375,308.50962499999997,2026-03-12 09:33:00,293.460375,STOP_LOSS,-22.573875000000044,-2.500000000000002
PCAR,2026-03-09 00:00:00,2026-03-10 00:00:00,0.0224719101123595,3.0,2026-03-10 10:14:00,119.175,50.991026498077034,45.47317473612079,8,953.4,116.19562499999999,122.15437499999999,2026-03-13 10:15:00,116.19562499999999,STOP_LOSS,-23.835000000000036,-2.500000000000002
CRH,2026-03-09 00:00:00,2026-03-10 00:00:00,0.0256410256410256,4.0,2026-03-10 10:20:00,106.425,59.54492252982593,55.5506665732357,9,957.8249999999999,103.764375,109.085625,2026-03-11 11:14:00,103.764375,STOP_LOSS,-23.945624999999964,-2.499999999999991
RSG,2026-03-09 00:00:00,2026-03-10 00:00:00,0.006310958118187,1.0,2026-03-10 10:21:00,220.745,32.38429277700921,30.02442881496085,4,882.98,215.226375,226.263625,2026-03-12 09:53:00,226.263625,TAKE_PROFIT,22.074499999999944,2.499999999999991
AON,2026-03-09 00:00:00,2026-03-10 00:00:00,0.0289855072463768,5.0,2026-03-10 10:29:00,322.88,40.57289042328022,34.802960538297214,3,968.64,314.808,330.95199999999994,2026-03-12 09:30:00,314.808,STOP_LOSS,-24.216000000000008,-2.500000000000002
VRTX,2026-03-09 00:00:00,2026-03-10 00:00:00,0.0953125,7.0,2026-03-10 10:34:00,503.25,71.06395844363934,69.03171451638212,1,503.25,490.66875,515.83125,2026-03-11 11:23:00,490.66875,STOP_LOSS,-12.581250000000011,-2.500000000000002
WELL,2026-03-09 00:00:00,2026-03-10 00:00:00,0.0636363636363636,6.0,2026-03-10 10:42:00,209.25,58.6958063384324,55.5892931071949,4,837.0,204.01874999999998,214.48125,2026-03-12 09:30:00,204.01874999999998,STOP_LOSS,-20.925000000000068,-2.5000000000000133
PEP,2026-03-10 00:00:00,2026-03-11 00:00:00,0.0418194161575017,6.0,2026-03-11 09:46:00,159.735,32.801839052033316,30.25766995168546,6,958.4100000000001,155.741625,163.728375,2026-03-13 15:59:00,159.92,WEEK_END_CLOSE,1.1099999999998431,0.11581682161077023
EMR,2026-03-10 00:00:00,2026-03-11 00:00:00,0.0023820867079561,1.0,2026-03-11 09:53:00,138.11,41.98819026945233,38.46785381704961,7,966.7700000000001,134.65725,141.56275,2026-03-12 10:30:00,134.65725,STOP_LOSS,-24.169250000000062,-2.500000000000002
FDX,2026-03-10 00:00:00,2026-03-11 00:00:00,0.0195530726256983,4.0,2026-03-11 09:53:00,358.09,43.68512469409692,36.76739164915941,2,716.18,349.13775,367.04224999999997,2026-03-13 10:18:00,349.13775,STOP_LOSS,-17.904499999999985,-2.500000000000002
SPGI,2026-03-10 00:00:00,2026-03-11 00:00:00,0.0578512396694214,8.0,2026-03-11 09:58:00,435.855,49.64458882839969,48.147402065515394,2,871.71,424.958625,446.751375,2026-03-11 10:58:00,424.94,STOP_LOSS_GAP,-21.83000000000004,-2.504273210127228
EQIX,2026-03-10 00:00:00,2026-03-11 00:00:00,0.0600924499229583,9.0,2026-03-11 10:27:00,966.48,56.303941988437956,55.20687443916332,1,966.48,942.318,990.6419999999999,2026-03-13 15:59:00,970.13,WEEK_END_CLOSE,3.6499999999999773,0.3776591341776214
SPGI,2026-03-10 00:00:00,2026-03-11 00:00:00,0.0578512396694214,8.0,2026-03-11 11:12:00,419.16,32.960666807812885,30.32308913294926,2,838.32,408.68100000000004,429.639,2026-03-11 13:22:00,429.639,TAKE_PROFIT,20.95799999999997,2.499999999999991
SPGI,2026-03-10 00:00:00,2026-03-11 00:00:00,0.0578512396694214,8.0,2026-03-11 14:25:00,426.83,45.98768204653884,45.877766684169714,2,853.66,416.15925,437.5007499999999,2026-03-13 15:59:00,422.565,WEEK_END_CLOSE,-8.529999999999973,-0.9992268584682384
REGN,2026-03-11 00:00:00,2026-03-12 00:00:00,0.0546448087431694,9.0,2026-03-12 09:46:00,761.14,42.22549505940289,40.0807378458568,1,761.14,742.1115,780.1684999999999,2026-03-13 12:00:00,742.1115,STOP_LOSS,-19.028500000000008,-2.500000000000002
SHW,2026-03-11 00:00:00,2026-03-12 00:00:00,0.0583657587548638,10.0,2026-03-12 09:48:00,321.1,43.65674710964273,41.96348946290516,3,963.3000000000001,313.0725,329.1275,2026-03-13 09:37:00,329.1275,TAKE_PROFIT,24.082499999999925,2.499999999999991
TT,2026-03-11 00:00:00,2026-03-12 00:00:00,0.0,1.0,2026-03-12 10:02:00,427.29,54.238217008015276,49.33530337112231,2,854.58,416.60775,437.97225,2026-03-13 15:59:00,422.41,WEEK_END_CLOSE,-9.759999999999991,-1.1420814903227328
WBD,2026-03-11 00:00:00,2026-03-12 00:00:00,0.0223708857372223,6.0,2026-03-12 10:34:00,27.77,53.204023773013404,49.1834859103501,36,999.72,27.07575,28.464249999999996,2026-03-13 13:00:00,27.07575,STOP_LOSS,-24.99300000000001,-2.500000000000002
CRH,2026-03-12 00:00:00,2026-03-13 00:00:00,0.0526315789473684,10.0,2026-03-13 09:49:00,99.965,53.48335440092072,53.45153398352601,10,999.6500000000001,97.465875,102.464125,2026-03-13 15:59:00,99.82,WEEK_END_CLOSE,-1.4500000000001023,-0.1450507677687285
SLB,2026-03-12 00:00:00,2026-03-13 00:00:00,0.0462130937098844,9.0,2026-03-13 09:57:00,44.35,50.308486776514975,49.21938622419315,22,975.7,43.24125,45.458749999999995,2026-03-13 15:59:00,44.735,WEEK_END_CLOSE,8.469999999999956,0.8680947012401408
CSX,2026-03-12 00:00:00,2026-03-13 00:00:00,0.0331125827814569,7.0,2026-03-13 10:13:00,39.27,45.58515983335718,44.42046742071956,25,981.7500000000001,38.288250000000005,40.25175,2026-03-13 15:59:00,39.31,WEEK_END_CLOSE,0.9999999999999787,0.10185892538834285
FDX,2026-03-12 00:00:00,2026-03-13 00:00:00,0.0119047619047619,4.0,2026-03-13 10:20:00,350.315,40.54746022641325,38.08697156728209,2,700.63,341.557125,359.07287499999995,2026-03-13 15:59:00,351.62,WEEK_END_CLOSE,2.6100000000000136,0.37252187317129426
RSG,2026-03-12 00:00:00,2026-03-13 00:00:00,0.00920245398773,3.0,2026-03-13 10:22:00,225.2825,43.762417273392686,41.53896045880509,4,901.13,219.65043749999998,230.9145625,2026-03-13 15:59:00,224.29,WEEK_END_CLOSE,-3.9700000000000273,-0.44055796610922293
PCAR,2026-03-12 00:00:00,2026-03-13 00:00:00,0.008130081300813,2.0,2026-03-13 10:29:00,116.02,41.701989771486,41.43500245910244,8,928.16,113.11949999999999,118.92049999999999,2026-03-13 15:59:00,115.32,WEEK_END_CLOSE,-5.600000000000023,-0.6033442509912113
MO,2026-03-12 00:00:00,2026-03-13 00:00:00,0.0194201858276508,5.0,2026-03-13 14:03:00,68.39,62.36704614039283,62.35147521361189,14,957.46,66.68025,70.09975,2026-03-13 15:59:00,67.93,WEEK_END_CLOSE,-6.4399999999999125,-0.6726129551103854
ELV,2026-03-13 00:00:00,2026-03-16 00:00:00,0.0417287630402384,4.0,2026-03-16 09:57:00,293.485,50.833655757677704,48.8278409020454,3,880.455,286.147875,300.82212499999997,2026-03-17 10:06:00,300.82212499999997,TAKE_PROFIT,22.011374999999873,2.499999999999991
NSC,2026-03-13 00:00:00,2026-03-16 00:00:00,0.0714285714285714,10.0,2026-03-16 10:02:00,293.2,57.78388540253848,56.6866860719814,3,879.5999999999999,285.87,300.53,2026-03-18 10:46:00,285.87,STOP_LOSS,-21.989999999999952,-2.499999999999991
EMR,2026-03-13 00:00:00,2026-03-16 00:00:00,0.0625,9.0,2026-03-16 10:04:00,133.8675,52.15587266735831,50.411049729366304,7,937.0725,130.5208125,137.2141875,2026-03-17 11:48:00,130.5208125,STOP_LOSS,-23.42681250000001,-2.500000000000002
BSX,2026-03-13 00:00:00,2026-03-16 00:00:00,0.0603290676416819,8.0,2026-03-16 10:07:00,69.65,54.07468620156505,47.388759350982184,14,975.1000000000001,67.90875,71.39125,2026-03-17 09:49:00,71.39125,TAKE_PROFIT,24.377499999999912,2.499999999999991
ICE,2026-03-13 00:00:00,2026-03-16 00:00:00,0.0409207161125319,3.0,2026-03-16 10:07:00,160.92,57.71187014006825,54.97416135429529,6,965.52,156.897,164.94299999999998,2026-03-18 15:58:00,156.897,STOP_LOSS,-24.137999999999977,-2.500000000000002
PSX,2026-03-13 00:00:00,2026-03-16 00:00:00,0.0592105263157894,7.0,2026-03-16 10:07:00,173.705,48.32084133687782,44.120105115172684,5,868.5250000000001,169.36237500000001,178.047625,2026-03-19 10:11:00,178.047625,TAKE_PROFIT,21.71312499999999,2.499999999999991
CRH,2026-03-13 00:00:00,2026-03-16 00:00:00,0.0434782608695652,5.0,2026-03-16 10:08:00,102.47,62.0064783757014,60.26541540871654,9,922.23,99.90825,105.03174999999999,2026-03-17 09:30:00,105.03174999999999,TAKE_PROFIT,23.055749999999904,2.499999999999991
KMI,2026-03-13 00:00:00,2026-03-16 00:00:00,0.0561224489795918,6.0,2026-03-16 10:11:00,33.26,45.88007215906703,41.62209686211703,30,997.8,32.4285,34.091499999999996,2026-03-20 15:59:00,32.86,WEEK_END_CLOSE,-11.999999999999957,-1.20264582080577
ITW,2026-03-13 00:00:00,2026-03-16 00:00:00,0.0068775790921595,1.0,2026-03-16 10:56:00,268.2,53.41202727245637,47.75212118230045,3,804.5999999999999,261.495,274.905,2026-03-18 15:17:00,261.495,STOP_LOSS,-20.114999999999952,-2.499999999999991
SO,2026-03-13 00:00:00,2026-03-16 00:00:00,0.021209740769835,2.0,2026-03-16 11:18:00,98.53,56.436341965157936,47.18840650657771,10,985.3,96.06675,100.99324999999999,2026-03-19 12:17:00,96.06675,STOP_LOSS,-24.63250000000002,-2.500000000000002
JCI,2026-03-16 00:00:00,2026-03-17 00:00:00,0.033722438391699,4.0,2026-03-17 09:47:00,132.015,53.85629873287956,53.768568190641055,7,924.1049999999999,128.71462499999998,135.31537499999996,2026-03-18 14:01:00,135.31537499999996,TAKE_PROFIT,23.10262499999982,2.499999999999991
EQIX,2026-03-16 00:00:00,2026-03-17 00:00:00,0.0837988826815642,10.0,2026-03-17 09:48:00,984.58,52.721088525595114,45.76159555833932,1,984.58,959.9655,1009.1945,2026-03-19 09:30:00,959.9655,STOP_LOSS,-24.61450000000002,-2.500000000000002
CSX,2026-03-16 00:00:00,2026-03-17 00:00:00,0.0289276807980049,3.0,2026-03-17 09:52:00,40.295,58.68069872567441,56.22069338969404,24,967.08,39.287625,41.302375,2026-03-19 09:30:00,39.175,STOP_LOSS_GAP,-26.88000000000011,-2.7795011788063095
RSG,2026-03-16 00:00:00,2026-03-17 00:00:00,0.0833333333333333,9.0,2026-03-17 09:55:00,225.29,53.59208566178774,53.27953108206949,4,901.16,219.65775,230.92224999999996,2026-03-20 15:34:00,219.65775,STOP_LOSS,-22.528999999999996,-2.500000000000002
UNP,2026-03-16 00:00:00,2026-03-17 00:00:00,0.0674055643519565,6.0,2026-03-17 10:02:00,243.71,53.461891103111704,48.97983786164941,4,974.84,237.61725,249.80274999999997,2026-03-18 10:46:00,237.61725,STOP_LOSS,-24.37099999999998,-2.500000000000002
FTNT,2026-03-16 00:00:00,2026-03-17 00:00:00,0.0678950025239777,7.0,2026-03-17 10:49:00,84.9,51.625615995845,49.38441608030002,11,933.9000000000001,82.7775,87.0225,2026-03-18 09:30:00,82.435,STOP_LOSS_GAP,-27.115000000000038,-2.9034157832744434
EMR,2026-03-16 00:00:00,2026-03-17 00:00:00,0.042490118577075,5.0,2026-03-17 12:11:00,131.255,52.07967611245391,47.03797100096642,7,918.785,127.973625,134.536375,2026-03-19 09:30:00,127.655,STOP_LOSS_GAP,-25.19999999999996,-2.742752657041636
DASH,2026-03-17 00:00:00,2026-03-18 00:00:00,0.0666061941168848,6.0,2026-03-18 09:47:00,169.13,52.84478890689115,47.88266788558065,5,845.65,164.90175,173.35824999999997,2026-03-18 15:50:00,164.90175,STOP_LOSS,-21.141250000000014,-2.500000000000002
MDT,2026-03-17 00:00:00,2026-03-18 00:00:00,0.0628218331616889,5.0,2026-03-18 09:47:00,87.9399,47.590259604588944,44.42248780944188,11,967.3389,85.74140249999999,90.13839749999998,2026-03-20 15:59:00,86.2,WEEK_END_CLOSE,-19.138899999999907,-1.9785103235277601
MCO,2026-03-17 00:00:00,2026-03-18 00:00:00,0.025297619047619,4.0,2026-03-18 09:50:00,439.42,49.53252134301013,48.48907911539284,2,878.84,428.4345,450.40549999999996,2026-03-20 15:59:00,435.03,WEEK_END_CLOSE,-8.780000000000086,-0.9990441946201911
MRSH,2026-03-17 00:00:00,2026-03-18 00:00:00,0.0009389671361502,2.0,2026-03-18 09:59:00,171.51,50.38504535412597,48.90862708646731,5,857.55,167.22224999999997,175.79774999999998,2026-03-20 12:27:00,175.79774999999998,TAKE_PROFIT,21.438749999999942,2.499999999999991
MMM,2026-03-17 00:00:00,2026-03-18 00:00:00,0.1005061460592914,9.0,2026-03-18 10:21:00,144.95,39.554830121405566,37.37250785540254,6,869.6999999999999,141.32625,148.57374999999996,2026-03-19 14:34:00,141.32625,STOP_LOSS,-21.742500000000007,-2.500000000000002
ADBE,2026-03-17 00:00:00,2026-03-18 00:00:00,0.114850253280801,10.0,2026-03-18 10:22:00,250.32,42.77732589522581,41.013398344651435,3,750.96,244.06199999999998,256.578,2026-03-20 09:30:00,242.8,STOP_LOSS_GAP,-22.559999999999945,-3.004154682007021
ITW,2026-03-17 00:00:00,2026-03-18 00:00:00,0.0980392156862745,8.0,2026-03-18 15:22:00,261.82,38.48167332650706,38.1323795668346,3,785.46,255.2745,268.3655,2026-03-20 15:59:00,257.73,WEEK_END_CLOSE,-12.269999999999925,-1.5621419295699268
CB,2026-03-18 00:00:00,2026-03-19 00:00:00,0.04,8.0,2026-03-19 09:46:00,328.79,47.813582519228156,44.72509717783431,3,986.3700000000001,320.57025,337.00975,2026-03-20 15:59:00,322.59,WEEK_END_CLOSE,-18.600000000000136,-1.8857021198941726
AON,2026-03-18 00:00:00,2026-03-19 00:00:00,0.0192307692307692,5.0,2026-03-19 09:47:00,319.42,51.96109118285254,51.883828599357734,3,958.26,311.4345,327.40549999999996,2026-03-20 15:59:00,325.74,WEEK_END_CLOSE,18.95999999999998,1.9785861874647814
MDLZ,2026-03-18 00:00:00,2026-03-19 00:00:00,0.0091977516607051,4.0,2026-03-19 09:53:00,56.46,52.59527284300551,52.05846426645876,17,959.82,55.0485,57.8715,2026-03-20 15:59:00,56.23,WEEK_END_CLOSE,-3.9100000000000676,-0.4073680481757047
REGN,2026-03-18 00:00:00,2026-03-19 00:00:00,0.042,9.0,2026-03-19 09:59:00,743.04,50.22050225974206,46.60000802556693,1,743.04,724.4639999999999,761.6159999999999,2026-03-20 15:59:00,732.79,WEEK_END_CLOSE,-10.25,-1.379468130921624
DUK,2026-03-18 00:00:00,2026-03-19 00:00:00,0.0491978609625668,10.0,2026-03-19 10:30:00,131.14,51.5190500569682,48.94516262125224,7,917.9799999999999,127.86149999999998,134.41849999999997,2026-03-20 12:08:00,127.86149999999998,STOP_LOSS,-22.949500000000057,-2.500000000000002
EMR,2026-03-18 00:00:00,2026-03-19 00:00:00,0.0079754601226993,2.0,2026-03-19 10:31:00,128.27,49.232284074969016,46.160183499732355,7,897.8900000000001,125.06325000000001,131.47675,2026-03-20 15:59:00,128.17,WEEK_END_CLOSE,-0.7000000000001592,-0.07796055196072071
AFL,2026-03-18 00:00:00,2026-03-19 00:00:00,0.0090452261306532,3.0,2026-03-19 10:34:00,107.58,46.76169038981694,43.529456538227606,9,968.22,104.8905,110.2695,2026-03-20 15:59:00,106.28,WEEK_END_CLOSE,-11.699999999999974,-1.2084030488938469
WELL,2026-03-18 00:00:00,2026-03-19 00:00:00,0.0271493212669683,7.0,2026-03-19 10:42:00,210.52,52.14382810197321,51.980197139380266,4,842.08,205.257,215.783,2026-03-20 09:30:00,205.05,STOP_LOSS_GAP,-21.879999999999995,-2.598327949838497
HWM,2026-03-19 00:00:00,2026-03-20 00:00:00,0.0509868421052631,6.0,2026-03-20 09:45:00,232.78,56.13012225259252,48.97376373408554,4,931.12,226.9605,238.59949999999998,2026-03-20 15:59:00,231.25,WEEK_END_CLOSE,-6.1200000000000045,-0.6572729615946349
MCK,2026-03-19 00:00:00,2026-03-20 00:00:00,0.0245215311004784,4.0,2026-03-20 09:45:00,895.75,45.587924759976545,37.38193423626768,1,895.75,873.3562499999999,918.14375,2026-03-20 15:59:00,886.48,WEEK_END_CLOSE,-9.269999999999982,-1.0348869662294091
KO,2026-03-19 00:00:00,2026-03-20 00:00:00,0.0810498514361175,10.0,2026-03-20 09:47:00,75.68,47.600918551270254,46.79696173501501,13,983.8400000000001,73.78800000000001,77.572,2026-03-20 15:59:00,74.775,WEEK_END_CLOSE,-11.765000000000015,-1.195824524312894
PCAR,2026-03-19 00:00:00,2026-03-20 00:00:00,0.037037037037037,5.0,2026-03-20 09:48:00,112.94,53.76484707718699,48.498191307272904,8,903.52,110.1165,115.7635,2026-03-20 15:59:00,111.33,WEEK_END_CLOSE,-12.879999999999995,-1.4255356826633592
MPC,2026-03-19 00:00:00,2026-03-20 00:00:00,0.0762032085561497,9.0,2026-03-20 09:49:00,235.705,49.147367384146726,43.79750573400159,4,942.82,229.812375,241.597625,2026-03-20 15:59:00,232.75,WEEK_END_CLOSE,-11.82000000000005,-1.2536857512568722
NSC,2026-03-19 00:00:00,2026-03-20 00:00:00,0.0142857142857142,3.0,2026-03-20 09:51:00,278.88,49.556029439467444,48.19277124008238,3,836.64,271.908,285.852,2026-03-20 15:59:00,281.25,WEEK_END_CLOSE,7.110000000000014,0.8498278829604189
VRTX,2026-03-19 00:00:00,2026-03-20 00:00:00,0.0541516245487364,7.0,2026-03-20 09:51:00,459.75,57.19710920094189,56.75427878147309,2,919.5,448.25624999999997,471.24375,2026-03-20 15:59:00,454.18,WEEK_END_CLOSE,-11.139999999999986,-1.211528004350193
EQIX,2026-03-19 00:00:00,2026-03-20 00:00:00,0.069946195234435,8.0,2026-03-20 10:02:00,976.59,59.222173119083756,52.09478364253594,1,976.59,952.17525,1001.00475,2026-03-20 15:59:00,959.5,WEEK_END_CLOSE,-17.090000000000032,-1.7499667209371461
WELL,2026-03-20 00:00:00,2026-03-23 00:00:00,0.027027027027027,4.0,2026-03-23 09:57:00,199.02,56.29961999392481,56.16675287060745,5,995.1,194.0445,203.9955,2026-03-24 09:31:00,193.34,STOP_LOSS_GAP,-28.400000000000034,-2.853984524168429
FDX,2026-03-20 00:00:00,2026-03-23 00:00:00,0.0152506289916779,2.0,2026-03-23 09:59:00,366.705,55.91877713113952,53.733269646810776,2,733.41,357.537375,375.87262499999997,2026-03-23 15:35:00,357.537375,STOP_LOSS,-18.335249999999974,-2.499999999999991
NEE,2026-03-20 00:00:00,2026-03-23 00:00:00,0.0385321100917431,8.0,2026-03-23 10:07:00,90.885,52.66910103366389,51.98363088866202,11,999.735,88.612875,93.157125,2026-03-27 15:59:00,91.37,WEEK_END_CLOSE,5.334999999999994,0.5336414149749613
SO,2026-03-20 00:00:00,2026-03-23 00:00:00,0.0120614035087719,1.0,2026-03-23 10:07:00,94.0,50.79583356358085,47.77269935165515,10,940.0,91.64999999999999,96.35,2026-03-27 12:15:00,96.35,TAKE_PROFIT,23.499999999999943,2.499999999999991
HPE,2026-03-20 00:00:00,2026-03-23 00:00:00,0.0433864915572232,9.0,2026-03-23 10:09:00,22.15,58.1437656275067,54.43622913328796,45,996.7499999999999,21.596249999999998,22.703749999999996,2026-03-24 10:52:00,22.703749999999996,TAKE_PROFIT,24.91874999999988,2.499999999999991
PCAR,2026-03-20 00:00:00,2026-03-23 00:00:00,0.0165289256198347,3.0,2026-03-23 10:21:00,114.665,64.7163515666377,62.98398281624377,8,917.32,111.79837500000001,117.53162499999999,2026-03-25 09:30:00,117.53162499999999,TAKE_PROFIT,22.93299999999988,2.499999999999991
REGN,2026-03-20 00:00:00,2026-03-23 00:00:00,0.0360824742268041,7.0,2026-03-23 10:23:00,743.1799,57.226898268709476,52.92455732232996,1,743.1799,724.6004025,761.7593974999999,2026-03-27 15:59:00,737.71,WEEK_END_CLOSE,-5.469899999999939,-0.7360129088528788
DLR,2026-03-20 00:00:00,2026-03-23 00:00:00,0.029585798816568,5.0,2026-03-23 10:26:00,177.21,60.36691245823689,57.13558178721431,5,886.0500000000001,172.77975,181.64024999999998,2026-03-27 15:59:00,175.42,WEEK_END_CLOSE,-8.950000000000102,-1.0101010101010166
MPC,2026-03-20 00:00:00,2026-03-23 00:00:00,0.032258064516129,6.0,2026-03-23 10:39:00,236.57,56.34621735801897,55.17717139726714,4,946.28,230.65574999999998,242.48424999999997,2026-03-24 09:42:00,242.48424999999997,TAKE_PROFIT,23.656999999999925,2.499999999999991
KMI,2026-03-20 00:00:00,2026-03-23 00:00:00,0.0463302752293578,10.0,2026-03-23 11:54:00,33.165,53.82642621683562,52.68968270760221,30,994.9499999999999,32.335875,33.994125,2026-03-24 09:58:00,33.994125,TAKE_PROFIT,24.87374999999993,2.499999999999991
ORLY,2026-03-23 00:00:00,2026-03-24 00:00:00,0.0556348074179743,9.0,2026-03-24 09:45:00,88.085,40.21974849134376,39.12759930314428,11,968.935,85.882875,90.28712499999999,2026-03-25 12:41:00,90.28712499999999,TAKE_PROFIT,24.223374999999947,2.499999999999991
MRSH,2026-03-23 00:00:00,2026-03-24 00:00:00,0.0187617260787992,4.0,2026-03-24 09:46:00,174.35,45.78924132906256,42.0579586212981,5,871.75,169.99124999999998,178.70874999999998,2026-03-25 11:19:00,169.99124999999998,STOP_LOSS,-21.793750000000074,-2.5000000000000133
TRV,2026-03-23 00:00:00,2026-03-24 00:00:00,0.0465116279069767,8.0,2026-03-24 09:46:00,295.125,45.29525604769141,39.26567990661416,3,885.375,287.746875,302.50312499999995,2026-03-27 14:20:00,287.746875,STOP_LOSS,-22.134375000000034,-2.500000000000002
TT,2026-03-23 00:00:00,2026-03-24 00:00:00,0.0359712230215827,7.0,2026-03-24 09:52:00,421.58,41.94493828237056,39.95449578777084,2,843.16,411.04049999999995,432.11949999999996,2026-03-24 11:25:00,432.2,TAKE_PROFIT_GAP,21.24000000000001,2.5190948337207697
AON,2026-03-23 00:00:00,2026-03-24 00:00:00,0.0220994475138121,5.0,2026-03-24 09:53:00,325.57,44.13377888167544,42.76055762789054,3,976.71,317.43075,333.70924999999994,2026-03-27 10:09:00,317.43075,STOP_LOSS,-24.417750000000012,-2.500000000000002
AJG,2026-03-23 00:00:00,2026-03-24 00:00:00,0.0094786729857819,3.0,2026-03-24 09:57:00,216.14,44.90519257649099,44.012140405717545,4,864.56,210.73649999999998,221.54349999999997,2026-03-26 12:36:00,210.73649999999998,STOP_LOSS,-21.614000000000033,-2.500000000000002
FDX,2026-03-23 00:00:00,2026-03-24 00:00:00,0.001088139281828,1.0,2026-03-24 10:26:00,354.01,44.08459082252018,41.61011596891173,2,708.02,345.15975,362.86024999999995,2026-03-27 10:08:00,345.15975,STOP_LOSS,-17.700500000000034,-2.500000000000002
KMI,2026-03-23 00:00:00,2026-03-24 00:00:00,0.0223831468071099,6.0,2026-03-24 10:40:00,34.175,60.83283736355853,60.83002858131996,29,991.0749999999999,33.320625,35.029374999999995,2026-03-27 15:59:00,34.02,WEEK_END_CLOSE,-4.494999999999827,-0.45354791514262693
ECL,2026-03-23 00:00:00,2026-03-24 00:00:00,0.0051724137931034,2.0,2026-03-24 10:44:00,263.69,58.836124479150904,57.8453962651246,3,791.0699999999999,257.09775,270.28225,2026-03-25 13:43:00,270.28225,TAKE_PROFIT,19.776749999999936,2.499999999999991
PLD,2026-03-23 00:00:00,2026-03-24 00:00:00,0.0693703308431163,10.0,2026-03-24 10:44:00,130.27,54.963652068817,52.65234781065332,7,911.8900000000001,127.01325000000001,133.52675,2026-03-27 15:59:00,128.86,WEEK_END_CLOSE,-9.869999999999976,-1.082367390803718
TT,2026-03-23 00:00:00,2026-03-24 00:00:00,0.0359712230215827,7.0,2026-03-24 11:34:00,432.07,60.122749693587124,60.09137988855063,2,864.14,421.26824999999997,442.87174999999996,2026-03-26 11:41:00,421.26824999999997,STOP_LOSS,-21.603500000000054,-2.500000000000002
MO,2026-03-24 00:00:00,2026-03-25 00:00:00,0.0418888042650418,4.0,2026-03-25 09:51:00,63.39,34.92757881534541,32.26576051626432,15,950.85,61.80525,64.97475,2026-03-26 10:13:00,64.97475,TAKE_PROFIT,23.771249999999995,2.499999999999991
MDLZ,2026-03-24 00:00:00,2026-03-25 00:00:00,0.1221864951768488,8.0,2026-03-25 10:02:00,56.77,39.53033063987662,35.49016440654595,17,965.09,55.350750000000005,58.18925,2026-03-26 10:01:00,58.18925,TAKE_PROFIT,24.127249999999968,2.499999999999991
CB,2026-03-24 00:00:00,2026-03-25 00:00:00,0.0733590733590733,6.0,2026-03-25 10:05:00,323.88,48.111626179570266,40.75081821923718,3,971.64,315.783,331.977,2026-03-27 15:59:00,318.96,WEEK_END_CLOSE,-14.760000000000048,-1.519081141163403
SPG,2026-03-24 00:00:00,2026-03-25 00:00:00,0.1379579111457521,10.0,2026-03-25 10:08:00,180.7,50.0990911037176,49.43930655704846,5,903.5,176.18249999999998,185.21749999999997,2026-03-27 15:59:00,180.21,WEEK_END_CLOSE,-2.4499999999999034,-0.27116768123961466
APD,2026-03-24 00:00:00,2026-03-25 00:00:00,0.0107934655775962,2.0,2026-03-25 10:13:00,284.64,46.714113639648765,44.4995976996831,3,853.92,277.524,291.756,2026-03-26 09:42:00,291.756,TAKE_PROFIT,21.347999999999956,2.499999999999991
WMB,2026-03-24 00:00:00,2026-03-25 00:00:00,0.1377870563674321,9.0,2026-03-25 10:22:00,74.42,49.93068522769547,49.32470720681215,13,967.46,72.5595,76.28049999999999,2026-03-27 15:59:00,73.565,WEEK_END_CLOSE,-11.115000000000052,-1.1488847084117237
ECL,2026-03-24 00:00:00,2026-03-25 00:00:00,0.03894297635605,3.0,2026-03-25 13:48:00,270.26,58.461092096805494,58.18188472324443,3,810.78,263.5035,277.01649999999995,2026-03-26 15:50:00,263.5035,STOP_LOSS,-20.26950000000005,-2.500000000000002
URI,2026-03-25 00:00:00,2026-03-26 00:00:00,0.0580137659783677,8.0,2026-03-26 09:50:00,745.91,54.42690426987582,51.154706857293746,1,745.91,727.26225,764.5577499999999,2026-03-27 09:30:00,726.57,STOP_LOSS_GAP,-19.339999999999918,-2.59280610261291
EMR,2026-03-25 00:00:00,2026-03-26 00:00:00,0.0263157894736842,3.0,2026-03-26 09:59:00,130.21,51.89482213421168,43.36619443946301,7,911.47,126.95475,133.46525,2026-03-26 15:10:00,126.95475,STOP_LOSS,-22.786750000000026,-2.500000000000002
TEL,2026-03-25 00:00:00,2026-03-26 00:00:00,0.0,1.0,2026-03-26 10:00:00,207.605,50.24965572299636,49.953626421217,4,830.42,202.414875,212.79512499999998,2026-03-27 09:30:00,201.46,STOP_LOSS_GAP,-24.579999999999927,-2.9599479781315385
BMY,2026-03-25 00:00:00,2026-03-26 00:00:00,0.0443638608132088,6.0,2026-03-26 10:06:00,59.24,57.855623788426065,54.329242211175185,16,947.84,57.759,60.721,2026-03-27 15:59:00,58.515,WEEK_END_CLOSE,-11.600000000000023,-1.2238352464550961
PCAR,2026-03-25 00:00:00,2026-03-26 00:00:00,0.0763983628922237,9.0,2026-03-26 10:07:00,116.605,50.45792347940693,49.60796729866544,8,932.84,113.689875,119.520125,2026-03-27 13:20:00,113.689875,STOP_LOSS,-23.321000000000026,-2.500000000000002
MRK,2026-03-25 00:00:00,2026-03-26 00:00:00,0.0389258438038925,5.0,2026-03-26 10:08:00,119.37,55.78441370548568,52.17581827004293,8,954.96,116.38575,122.35425,2026-03-27 15:59:00,119.63,WEEK_END_CLOSE,2.0799999999999272,0.21781017005946257
APD,2026-03-25 00:00:00,2026-03-26 00:00:00,0.0292207792207792,4.0,2026-03-26 10:16:00,294.64,64.37002107264215,64.1805613755606,3,883.92,287.274,302.006,2026-03-27 15:59:00,292.03,WEEK_END_CLOSE,-7.830000000000041,-0.8858267716535528
ORLY,2026-03-25 00:00:00,2026-03-26 00:00:00,0.0557413600891861,7.0,2026-03-26 10:32:00,92.265,62.671626088213365,59.31099460440392,10,922.65,89.958375,94.571625,2026-03-27 15:59:00,90.1,WEEK_END_CLOSE,-21.650000000000063,-2.346501923806432
EMR,2026-03-25 00:00:00,2026-03-26 00:00:00,0.0263157894736842,3.0,2026-03-26 15:15:00,127.15,45.62470752180732,40.828133593748476,7,890.0500000000001,123.97125,130.32874999999999,2026-03-27 09:30:00,123.97125,STOP_LOSS,-22.251250000000056,-2.500000000000002
ICE,2026-03-26 00:00:00,2026-03-27 00:00:00,0.0482954545454545,8.0,2026-03-27 09:48:00,154.35,41.6753746837418,40.58585158036025,6,926.0999999999999,150.49124999999998,158.20874999999998,2026-03-27 15:59:00,152.62,WEEK_END_CLOSE,-10.379999999999939,-1.1208292840945822
CVS,2026-03-26 00:00:00,2026-03-27 00:00:00,0.0578186596583442,9.0,2026-03-27 09:57:00,71.17,48.64097181793651,47.38976514579615,14,996.38,69.39075,72.94924999999999,2026-03-27 15:59:00,70.07,WEEK_END_CLOSE,-15.40000000000012,-1.5455950540958385
TEL,2026-03-26 00:00:00,2026-03-27 00:00:00,0.0079051383399209,2.0,2026-03-27 09:59:00,202.39,43.98980097005367,42.29594442992203,4,809.56,197.33024999999998,207.44974999999997,2026-03-27 15:59:00,202.21,WEEK_END_CLOSE,-0.7199999999999136,-0.088937200454553
HWM,2026-03-26 00:00:00,2026-03-27 00:00:00,0.0162454873646209,4.0,2026-03-27 10:00:00,228.95,44.910266139356104,42.81367907812208,4,915.8,223.22625,234.67374999999996,2026-03-27 15:59:00,227.77,WEEK_END_CLOSE,-4.719999999999914,-0.5153963747543067
HCA,2026-03-26 00:00:00,2026-03-27 00:00:00,0.0393258426966292,7.0,2026-03-27 10:05:00,476.995,39.9803437810239,39.53665479506944,2,953.99,465.070125,488.919875,2026-03-27 15:59:00,471.77,WEEK_END_CLOSE,-10.450000000000045,-1.0953993228440595
DASH,2026-03-26 00:00:00,2026-03-27 00:00:00,0.0298948751642575,5.0,2026-03-27 10:06:00,145.145,42.23613038904301,42.14954758502985,6,870.8700000000001,141.516375,148.773625,2026-03-27 15:59:00,146.6,WEEK_END_CLOSE,8.729999999999905,1.0024458300320171
FDX,2026-03-26 00:00:00,2026-03-27 00:00:00,0.0038647342995169,1.0,2026-03-27 10:10:00,346.29,42.97603612618788,41.065635191001334,2,692.58,337.63275,354.94725,2026-03-27 15:59:00,343.89,WEEK_END_CLOSE,-4.800000000000068,-0.6930607294464264
RSG,2026-03-26 00:00:00,2026-03-27 00:00:00,0.0349040139616055,6.0,2026-03-27 10:12:00,217.87,51.151877609837065,49.19368989560966,4,871.48,212.42325,223.31674999999998,2026-03-27 15:59:00,215.82,WEEK_END_CLOSE,-8.200000000000045,-0.9409280763758243
KMI,2026-03-27 00:00:00,2026-03-30 00:00:00,0.0117951022242192,3.0,2026-03-30 09:48:00,33.97,41.72632258578538,41.2610968563403,29,985.13,33.12075,34.81925,2026-03-31 13:13:00,33.12075,STOP_LOSS,-24.628249999999937,-2.499999999999991
JCI,2026-03-27 00:00:00,2026-03-30 00:00:00,0.0613496932515337,10.0,2026-03-30 09:51:00,129.58,42.74074551803779,42.5246760347843,7,907.0600000000001,126.3405,132.8195,2026-03-30 15:10:00,126.3405,STOP_LOSS,-22.676500000000047,-2.500000000000002
MRK,2026-03-27 00:00:00,2026-03-30 00:00:00,0.0596965699208443,9.0,2026-03-30 09:53:00,121.01,52.1519213856045,51.12266802958053,8,968.08,117.98475,124.03524999999999,2026-03-30 11:03:00,117.98475,STOP_LOSS,-24.201999999999998,-2.500000000000002
MO,2026-03-27 00:00:00,2026-03-30 00:00:00,0.0414154236750238,8.0,2026-03-30 09:55:00,66.55,55.87993049512777,49.466579612785566,15,998.25,64.88624999999999,68.21374999999999,2026-04-01 09:33:00,64.88624999999999,STOP_LOSS,-24.95625000000011,-2.5000000000000133
WELL,2026-03-27 00:00:00,2026-03-30 00:00:00,0.0377358490566037,7.0,2026-03-30 09:55:00,196.87,50.283828137511506,49.244022106608675,5,984.35,191.94825,201.79174999999998,2026-04-02 10:30:00,201.79174999999998,TAKE_PROFIT,24.608749999999873,2.499999999999991
PCAR,2026-03-27 00:00:00,2026-03-30 00:00:00,0.0297029702970297,5.0,2026-03-30 10:01:00,112.68,50.39832716981526,47.90309176617646,8,901.44,109.863,115.497,2026-03-31 12:41:00,115.497,TAKE_PROFIT,22.535999999999945,2.499999999999991
FDX,2026-03-27 00:00:00,2026-03-30 00:00:00,0.005859375,2.0,2026-03-30 10:13:00,345.415,54.88023644748231,53.284237975749804,2,690.83,336.779625,354.050375,2026-03-31 15:16:00,354.050375,TAKE_PROFIT,17.270749999999907,2.499999999999991
NSC,2026-03-27 00:00:00,2026-03-30 00:00:00,0.0,1.0,2026-03-30 10:23:00,286.005,54.78769697330313,53.21599589925523,3,858.015,278.854875,293.155125,2026-04-02 15:59:00,288.32,WEEK_END_CLOSE,6.944999999999993,0.8094264086292213
MRSH,2026-03-27 00:00:00,2026-03-30 00:00:00,0.032258064516129,6.0,2026-03-30 10:40:00,173.72,64.30382253613868,63.8823572195691,5,868.6,169.37699999999998,178.063,2026-04-02 15:59:00,174.6,WEEK_END_CLOSE,4.399999999999977,0.5065622841353923
MRK,2026-03-27 00:00:00,2026-03-30 00:00:00,0.0596965699208443,9.0,2026-03-30 11:09:00,118.28,39.21056668392214,37.148645105254985,8,946.24,115.323,121.237,2026-03-31 10:05:00,121.237,TAKE_PROFIT,23.65599999999995,2.499999999999991
RSG,2026-03-27 00:00:00,2026-03-30 00:00:00,0.0203139427516158,4.0,2026-03-30 11:21:00,221.83,62.77481845395017,61.15466061750095,4,887.32,216.28425000000001,227.37574999999998,2026-04-02 15:59:00,223.16,WEEK_END_CLOSE,5.319999999999936,0.5995582202587446
JCI,2026-03-27 00:00:00,2026-03-30 00:00:00,0.0613496932515337,10.0,2026-03-30 15:17:00,126.39,47.11619418285684,45.9236866110535,7,884.73,123.23025,129.54975,2026-03-31 12:40:00,129.54975,TAKE_PROFIT,22.118249999999918,2.499999999999991
PM,2026-03-30 00:00:00,2026-03-31 00:00:00,0.027891156462585,4.0,2026-03-31 09:51:00,166.1777,58.04015839850063,51.55798845250798,6,997.0662,162.02325749999997,170.33214249999997,2026-04-01 09:30:00,161.5,STOP_LOSS_GAP,-28.066199999999924,-2.814878289926981
DUK,2026-03-30 00:00:00,2026-03-31 00:00:00,0.0449843637238393,6.0,2026-03-31 10:01:00,131.19,49.80538261870009,45.59916015540432,7,918.3299999999999,127.91024999999999,134.46974999999998,2026-04-02 15:59:00,132.22,WEEK_END_CLOSE,7.210000000000008,0.7851208171354429
SO,2026-03-30 00:00:00,2026-03-31 00:00:00,0.0268595041322314,3.0,2026-03-31 10:01:00,96.1,44.8126985934618,39.895703721165965,10,961.0,93.69749999999999,98.50249999999998,2026-04-02 15:59:00,97.425,WEEK_END_CLOSE,13.250000000000028,1.378772112382931
AFL,2026-03-30 00:00:00,2026-03-31 00:00:00,0.0250352609308885,2.0,2026-03-31 10:08:00,109.02,57.482811376481365,55.504993473375926,9,981.18,106.2945,111.74549999999999,2026-04-02 15:59:00,110.47,WEEK_END_CLOSE,13.050000000000026,1.3300311869381742
MCO,2026-03-30 00:00:00,2026-03-31 00:00:00,0.0686274509803921,9.0,2026-03-31 10:10:00,436.45,56.29316161326977,55.7073369211134,2,872.9,425.53875,447.3612499999999,2026-04-02 15:59:00,441.04,WEEK_END_CLOSE,9.180000000000064,1.0516668576010968
SNPS,2026-03-30 00:00:00,2026-03-31 00:00:00,0.0553709856035437,8.0,2026-03-31 10:15:00,394.855,65.23533604087892,64.62582548460276,2,789.71,384.983625,404.72637499999996,2026-04-02 15:59:00,395.825,WEEK_END_CLOSE,1.9399999999999409,0.24565979916677527
GILD,2026-03-30 00:00:00,2026-03-31 00:00:00,0.0391506303915063,5.0,2026-03-31 11:01:00,138.28,50.497798150126634,50.266583068669625,7,967.96,134.823,141.737,2026-04-02 15:59:00,139.71,WEEK_END_CLOSE,10.010000000000048,1.0341336418860259
HWM,2026-03-30 00:00:00,2026-03-31 00:00:00,0.0480863591756624,7.0,2026-03-31 11:06:00,229.43,57.8844562688428,55.09573220497627,4,917.72,223.69425,235.16574999999997,2026-04-01 09:30:00,235.16574999999997,TAKE_PROFIT,22.94299999999987,2.499999999999991
ITW,2026-03-31 00:00:00,2026-04-01 00:00:00,0.0721997300944669,4.0,2026-04-01 09:45:00,261.05,63.283259597274174,60.85537021787047,3,783.1500000000001,254.52375,267.57625,2026-04-02 15:59:00,258.3,WEEK_END_CLOSE,-8.25,-1.0534380386899023
ICE,2026-03-31 00:00:00,2026-04-01 00:00:00,0.074,5.0,2026-04-01 09:58:00,156.29,54.94412719645577,52.63630499601324,6,937.74,152.38275,160.19724999999997,2026-04-02 09:55:00,160.19724999999997,TAKE_PROFIT,23.443499999999858,2.499999999999991
CSX,2026-03-31 00:00:00,2026-04-01 00:00:00,0.0744186046511627,6.0,2026-04-01 10:01:00,41.79,70.14990176793322,68.82276201123693,23,961.17,40.74525,42.83474999999999,2026-04-02 09:30:00,40.36,STOP_LOSS_GAP,-32.88999999999999,-3.421871261067244
TT,2026-03-31 00:00:00,2026-04-01 00:00:00,0.0613207547169811,3.0,2026-04-01 10:01:00,429.82,67.7826109355999,66.06643047553715,2,859.64,419.0745,440.56549999999993,2026-04-02 09:30:00,418.25,STOP_LOSS_GAP,-23.139999999999986,-2.691824484668004
CB,2026-03-31 00:00:00,2026-04-01 00:00:00,0.1590909090909091,9.0,2026-04-01 10:03:00,325.46,61.302986787261624,55.08927828198103,3,976.3799999999999,317.32349999999997,333.59649999999993,2026-04-02 15:59:00,328.42,WEEK_END_CLOSE,8.88000000000011,0.9094819639894336
FDX,2026-03-31 00:00:00,2026-04-01 00:00:00,0.0109409190371991,1.0,2026-04-01 10:03:00,365.04,74.44326032533438,71.81508823543504,2,730.08,355.914,374.166,2026-04-02 09:30:00,354.0,STOP_LOSS_GAP,-22.08000000000004,-3.024326101249186
CMCSA,2026-03-31 00:00:00,2026-04-01 00:00:00,0.0951076320939334,7.0,2026-04-01 10:04:00,28.02,40.92402106630096,40.68736248340546,35,980.6999999999999,27.319499999999998,28.720499999999998,2026-04-02 15:59:00,27.93,WEEK_END_CLOSE,-3.149999999999995,-0.3211991434689532
BSX,2026-03-31 00:00:00,2026-04-01 00:00:00,0.1475409836065573,8.0,2026-04-01 10:15:00,62.51,53.16475925063308,52.06516573583556,15,937.65,60.94725,64.07275,2026-04-02 15:59:00,62.8,WEEK_END_CLOSE,4.349999999999987,0.4639257718765055
NEE,2026-03-31 00:00:00,2026-04-01 00:00:00,0.1632985658409387,10.0,2026-04-01 10:45:00,92.76,50.191992034109035,47.61044917373501,10,927.6,90.441,95.079,2026-04-02 15:59:00,93.19,WEEK_END_CLOSE,4.299999999999926,0.46356188012073307
FDX,2026-04-01 00:00:00,2026-04-02 00:00:00,0.0334075723830735,3.0,2026-04-02 09:45:00,356.51,49.08686341548812,42.53081886445699,2,713.02,347.59725,365.42274999999995,2026-04-02 15:59:00,361.5,WEEK_END_CLOSE,9.980000000000018,1.3996802333735348
HPE,2026-04-01 00:00:00,2026-04-02 00:00:00,0.0849147635895786,9.0,2026-04-02 09:47:00,23.98,56.59875031571925,54.1231474162407,41,983.1800000000001,23.3805,24.5795,2026-04-02 10:36:00,24.5795,TAKE_PROFIT,24.57949999999996,2.499999999999991
MDLZ,2026-04-01 00:00:00,2026-04-02 00:00:00,0.0931989924433249,10.0,2026-04-02 09:50:00,57.279,54.24290883559067,51.69468576912244,17,973.743,55.847025,58.710975,2026-04-02 15:59:00,57.535,WEEK_END_CLOSE,4.351999999999883,0.44693517694092133
DLR,2026-04-01 00:00:00,2026-04-02 00:00:00,0.0169491525423728,2.0,2026-04-02 09:58:00,180.5,57.34634612048192,56.18753351030985,5,902.5,175.98749999999998,185.0125,2026-04-02 15:59:00,181.88,WEEK_END_CLOSE,6.899999999999977,0.7645429362880929
SPG,2026-04-01 00:00:00,2026-04-02 00:00:00,0.0643153526970954,7.0,2026-04-02 09:58:00,186.8395,47.130555199348535,46.59306553936475,5,934.1975,182.1685125,191.51048749999998,2026-04-02 15:59:00,188.7,WEEK_END_CLOSE,9.302500000000009,0.9957744481225772
ECL,2026-04-01 00:00:00,2026-04-02 00:00:00,0.0086410054988216,1.0,2026-04-02 10:07:00,264.46,41.75422223763318,41.206265768601504,3,793.3799999999999,257.8485,271.07149999999996,2026-04-02 15:59:00,264.25,WEEK_END_CLOSE,-0.6299999999999386,-0.07940709370036769
NOC,2026-04-01 00:00:00,2026-04-02 00:00:00,0.0408759124087591,6.0,2026-04-02 10:13:00,707.225,58.27921096084494,58.08690611363204,1,707.225,689.5443750000001,724.905625,2026-04-02 15:59:00,702.3,WEEK_END_CLOSE,-4.925000000000068,-0.6963837534023964
HPE,2026-04-01 00:00:00,2026-04-02 00:00:00,0.0849147635895786,9.0,2026-04-02 10:55:00,24.5783,62.21703520690169,61.67435664659024,40,983.132,23.9638425,25.192757499999995,2026-04-02 15:59:00,24.62,WEEK_END_CLOSE,1.6680000000000916,0.16966185619022855
SPGI,2026-04-02 00:00:00,2026-04-06 00:00:00,0.0304878048780487,4.0,2026-04-06 09:45:00,432.485,60.570196076457655,59.13497046399742,2,864.97,421.672875,443.297125,2026-04-09 10:02:00,421.672875,STOP_LOSS,-21.624250000000075,-2.5000000000000133
EQIX,2026-04-02 00:00:00,2026-04-06 00:00:00,0.0460772104607721,8.0,2026-04-06 09:46:00,999.94,48.4134426119395,43.17235998152996,1,999.94,974.9415,1024.9385,2026-04-09 09:34:00,1025.0,TAKE_PROFIT_GAP,25.059999999999945,2.506150369022131
ORLY,2026-04-02 00:00:00,2026-04-06 00:00:00,0.0536585365853658,9.0,2026-04-06 09:48:00,90.685,44.74121613928373,41.90937450344248,11,997.5350000000001,88.417875,92.952125,2026-04-08 14:03:00,92.952125,TAKE_PROFIT,24.938374999999922,2.499999999999991
ABNB,2026-04-02 00:00:00,2026-04-06 00:00:00,0.0667527993109388,10.0,2026-04-06 09:51:00,126.33,59.147123477665026,56.66223449924727,7,884.31,123.17174999999999,129.48825,2026-04-08 09:30:00,130.99,TAKE_PROFIT_GAP,32.620000000000076,3.6887516821024313
RSG,2026-04-02 00:00:00,2026-04-06 00:00:00,0.0096930533117932,3.0,2026-04-06 09:55:00,222.07,46.99194084126963,44.99829947589993,4,888.28,216.51825,227.62174999999996,2026-04-08 09:30:00,216.51825,STOP_LOSS,-22.206999999999994,-2.500000000000002
SO,2026-04-02 00:00:00,2026-04-06 00:00:00,0.0383561643835616,6.0,2026-04-06 09:55:00,97.61,57.65125481743238,53.65679949441698,10,976.1,95.16975,100.05024999999999,2026-04-10 15:59:00,97.155,WEEK_END_CLOSE,-4.549999999999983,-0.4661407642659543
FDX,2026-04-02 00:00:00,2026-04-06 00:00:00,0.0044247787610619,2.0,2026-04-06 09:56:00,358.99,48.59382654663535,44.95248047237698,2,717.98,350.01525,367.96475,2026-04-08 09:33:00,367.96475,TAKE_PROFIT,17.949499999999944,2.499999999999991
CSX,2026-04-02 00:00:00,2026-04-06 00:00:00,0.0328638497652582,5.0,2026-04-06 09:59:00,41.01,50.933756901742896,49.413474366602344,24,984.24,39.98475,42.03525,2026-04-08 09:30:00,42.03525,TAKE_PROFIT,24.605999999999995,2.499999999999991
NSC,2026-04-02 00:00:00,2026-04-06 00:00:00,0.0,1.0,2026-04-06 09:59:00,287.75,51.179097837039144,46.47701192580582,3,863.25,280.55625,294.94374999999997,2026-04-08 10:00:00,294.94374999999997,TAKE_PROFIT,21.581249999999898,2.499999999999991
PSX,2026-04-02 00:00:00,2026-04-06 00:00:00,0.0427350427350427,7.0,2026-04-06 10:02:00,174.68,45.968257796854616,44.673392740901264,5,873.4000000000001,170.31300000000002,179.047,2026-04-08 09:30:00,166.7,STOP_LOSS_GAP,-39.90000000000009,-4.568353560796901
MRSH,2026-04-06 00:00:00,2026-04-07 00:00:00,0.0125786163522012,2.0,2026-04-07 09:45:00,174.07,45.31375816860706,42.715891456674335,5,870.3499999999999,169.71824999999998,178.42174999999997,2026-04-10 09:37:00,169.71824999999998,STOP_LOSS,-21.75875000000005,-2.500000000000002
MDT,2026-04-06 00:00:00,2026-04-07 00:00:00,0.1029879211697393,7.0,2026-04-07 09:50:00,85.655,45.08739649407909,41.00041518721177,11,942.205,83.513625,87.796375,2026-04-08 09:30:00,87.865,TAKE_PROFIT_GAP,24.30999999999993,2.5801179148911224
MSI,2026-04-06 00:00:00,2026-04-07 00:00:00,0.0048,1.0,2026-04-07 09:50:00,441.0,54.5645536810299,54.09865645629756,2,882.0,429.97499999999997,452.025,2026-04-10 15:59:00,433.72,WEEK_END_CLOSE,-14.559999999999945,-1.6507936507936471
TEL,2026-04-06 00:00:00,2026-04-07 00:00:00,0.013215859030837,3.0,2026-04-07 09:50:00,208.8225,49.50189104824175,47.437111034166115,4,835.29,203.6019375,214.04306249999996,2026-04-08 09:30:00,220.735,TAKE_PROFIT_GAP,47.65000000000009,5.704605586083877
EOG,2026-04-06 00:00:00,2026-04-07 00:00:00,0.1309352517985611,9.0,2026-04-07 09:51:00,144.66,57.470635052990765,53.55371347891083,6,867.96,141.0435,148.27649999999997,2026-04-08 09:30:00,135.44,STOP_LOSS_GAP,-55.31999999999999,-6.373565602101483
PLD,2026-04-06 00:00:00,2026-04-07 00:00:00,0.0636550308008213,5.0,2026-04-07 09:53:00,131.28,41.83210853349374,41.04896775362718,7,918.96,127.998,134.56199999999998,2026-04-08 09:30:00,136.1,TAKE_PROFIT_GAP,33.73999999999995,3.6715417428397235
APD,2026-04-06 00:00:00,2026-04-07 00:00:00,0.0175084175084175,4.0,2026-04-07 09:54:00,294.6,58.5993813450092,57.79349578596767,3,883.8000000000001,287.235,301.965,2026-04-08 09:30:00,285.61,STOP_LOSS_GAP,-26.970000000000027,-3.0515953835709486
AJG,2026-04-06 00:00:00,2026-04-07 00:00:00,0.16,10.0,2026-04-07 10:13:00,220.24,56.81980622004107,54.7524423428396,4,880.96,214.734,225.74599999999998,2026-04-10 09:35:00,214.734,STOP_LOSS,-22.024,-2.500000000000002
TMUS,2026-04-07 00:00:00,2026-04-08 00:00:00,0.0736040609137055,10.0,2026-04-08 09:49:00,199.555,47.81909458873144,44.24454423954069,5,997.7750000000001,194.566125,204.54387499999999,2026-04-10 11:29:00,194.566125,STOP_LOSS,-24.944375000000036,-2.500000000000002
KMI,2026-04-07 00:00:00,2026-04-08 00:00:00,0.0169342035632386,4.0,2026-04-08 09:52:00,32.28,34.93882379450734,34.484362660580736,30,968.4000000000001,31.473,33.086999999999996,2026-04-09 09:32:00,33.086999999999996,TAKE_PROFIT,24.20999999999985,2.499999999999991
MDT,2026-04-07 00:00:00,2026-04-08 00:00:00,0.0679953106682297,8.0,2026-04-08 09:52:00,87.2,53.36335686840038,50.87632596566929,11,959.2,85.02,89.38,2026-04-10 15:59:00,87.17,WEEK_END_CLOSE,-0.3300000000000125,-0.0344036697247696
PCAR,2026-04-07 00:00:00,2026-04-08 00:00:00,0.0338983050847457,5.0,2026-04-08 09:55:00,123.52,68.66652315392938,68.3645031020032,8,988.16,120.43199999999999,126.60799999999999,2026-04-09 12:52:00,126.60799999999999,TAKE_PROFIT,24.70399999999995,2.499999999999991
NSC,2026-04-07 00:00:00,2026-04-08 00:00:00,0.0555555555555555,6.0,2026-04-08 10:03:00,295.07,67.11495711868776,63.57523510056998,3,885.21,287.69325,302.44674999999995,2026-04-10 15:59:00,296.41,WEEK_END_CLOSE,4.0200000000000955,0.4541295285864555
AON,2026-04-07 00:00:00,2026-04-08 00:00:00,0.0060240963855421,2.0,2026-04-08 10:18:00,330.395,64.6449628327785,62.771046634083504,3,991.185,322.13512499999996,338.65487499999995,2026-04-10 09:30:00,322.13512499999996,STOP_LOSS,-24.779625000000067,-2.500000000000002
MO,2026-04-07 00:00:00,2026-04-08 00:00:00,0.060518254822419,7.0,2026-04-08 10:33:00,64.95,43.23780306654241,39.7784115155549,15,974.25,63.32625,66.57375,2026-04-08 15:30:00,66.57375,TAKE_PROFIT,24.356250000000017,2.499999999999991
APD,2026-04-08 00:00:00,2026-04-09 00:00:00,0.050251256281407,3.0,2026-04-09 09:46:00,298.7344,65.98864295170057,65.76769880608155,3,896.2031999999999,291.26604,306.20275999999996,2026-04-10 15:59:00,298.8,WEEK_END_CLOSE,0.19680000000005293,0.02195930565747073
ITW,2026-04-08 00:00:00,2026-04-09 00:00:00,0.0067385444743935,1.0,2026-04-09 09:46:00,269.8364,59.13633231244015,58.56372571541862,3,809.5092000000001,263.09049000000005,276.58231,2026-04-10 15:59:00,270.52,WEEK_END_CLOSE,2.0507999999998674,0.2533386896652834
MRK,2026-04-08 00:00:00,2026-04-09 00:00:00,0.0358082432037415,2.0,2026-04-09 09:50:00,123.393,55.990730543505926,54.36389563762762,8,987.144,120.30817499999999,126.477825,2026-04-10 15:59:00,121.43,WEEK_END_CLOSE,-15.70399999999995,-1.5908519932248955
ADP,2026-04-08 00:00:00,2026-04-09 00:00:00,0.0889603429796355,10.0,2026-04-09 09:58:00,195.88,41.564152517665555,39.39605066626293,5,979.4,190.983,200.777,2026-04-10 09:51:00,190.983,STOP_LOSS,-24.484999999999957,-2.499999999999991
ACN,2026-04-08 00:00:00,2026-04-09 00:00:00,0.0763754045307443,8.0,2026-04-09 10:04:00,184.335,37.59596481175825,36.142278129742834,5,921.6750000000001,179.726625,188.943375,2026-04-10 11:30:00,179.726625,STOP_LOSS,-23.041874999999976,-2.500000000000002
SPGI,2026-04-08 00:00:00,2026-04-09 00:00:00,0.0526315789473684,4.0,2026-04-09 10:05:00,423.93,38.88434478543055,38.247907088855584,2,847.86,413.33175,434.52824999999996,2026-04-10 09:51:00,413.33175,STOP_LOSS,-21.196500000000015,-2.500000000000002
WMB,2026-04-08 00:00:00,2026-04-09 00:00:00,0.0845070422535211,9.0,2026-04-09 10:07:00,74.605,65.98267767573398,65.61387433665494,13,969.865,72.739875,76.470125,2026-04-09 13:14:00,72.739875,STOP_LOSS,-24.24662500000008,-2.5000000000000133
VRTX,2026-04-08 00:00:00,2026-04-09 00:00:00,0.0753768844221105,7.0,2026-04-09 10:10:00,439.835,56.258234064514745,55.43168526065457,2,879.67,428.83912499999997,450.83087499999993,2026-04-10 15:59:00,436.27,WEEK_END_CLOSE,-7.1299999999999955,-0.8105312219354954
WMB,2026-04-08 00:00:00,2026-04-09 00:00:00,0.0845070422535211,9.0,2026-04-09 13:19:00,72.76,37.77798715624354,36.91857916936934,13,945.8800000000001,70.941,74.579,2026-04-10 15:59:00,72.77,WEEK_END_CLOSE,0.12999999999988177,0.013743815283118188
CME,2026-04-09 00:00:00,2026-04-10 00:00:00,0.0222222222222222,3.0,2026-04-10 09:47:00,297.49,37.23557358187093,35.64603396521154,3,892.47,290.05275,304.92724999999996,2026-04-10 15:59:00,295.31,WEEK_END_CLOSE,-6.5400000000000205,-0.7327977411005437
MPC,2026-04-09 00:00:00,2026-04-10 00:00:00,0.0644518272425249,6.0,2026-04-10 09:55:00,220.69,43.80606546137789,40.76555155941902,4,882.76,215.17274999999998,226.20725,2026-04-10 15:59:00,222.64,WEEK_END_CLOSE,7.7999999999999545,0.8835923693869097
AFL,2026-04-09 00:00:00,2026-04-10 00:00:00,0.0018057060310581,1.0,2026-04-10 09:56:00,111.17,37.0714858709048,36.386737591594304,8,889.36,108.39075,113.94924999999999,2026-04-10 15:59:00,110.74,WEEK_END_CLOSE,-3.4400000000000546,-0.3867949986507191
SPGI,2026-04-09 00:00:00,2026-04-10 00:00:00,0.0145454545454545,2.0,2026-04-10 09:58:00,418.515,49.84041238623944,48.72647930526527,2,837.03,408.052125,428.9778749999999,2026-04-10 15:59:00,415.41,WEEK_END_CLOSE,-6.209999999999923,-0.741908892154397
PM,2026-04-09 00:00:00,2026-04-10 00:00:00,0.0651340996168582,7.0,2026-04-10 10:00:00,159.405,41.13695649747585,37.42658421902762,6,956.4300000000001,155.419875,163.39012499999998,2026-04-10 15:59:00,160.49,WEEK_END_CLOSE,6.510000000000048,0.6806561902073405
RSG,2026-04-09 00:00:00,2026-04-10 00:00:00,0.1111111111111111,10.0,2026-04-10 10:02:00,214.85,49.41324855017517,42.95159767784948,4,859.4,209.47875,220.22124999999997,2026-04-10 15:59:00,214.62,WEEK_END_CLOSE,-0.9199999999999591,-0.10705143123108662
TMUS,2026-04-09 00:00:00,2026-04-10 00:00:00,0.10586011342155,9.0,2026-04-10 11:32:00,194.83,42.48699517950451,39.864675990644834,5,974.1500000000001,189.95925,199.70075,2026-04-10 15:59:00,195.72,WEEK_END_CLOSE,4.449999999999932,0.456808499717698
KO,2026-04-10 00:00:00,2026-04-13 00:00:00,0.0458177943526904,5.0,2026-04-13 09:46:00,77.02,38.31525610251276,37.49003551748586,12,924.24,75.0945,78.9455,2026-04-15 09:33:00,75.0945,STOP_LOSS,-23.105999999999995,-2.500000000000002
CSX,2026-04-10 00:00:00,2026-04-13 00:00:00,0.0970873786407767,10.0,2026-04-13 09:47:00,42.205,53.89731752576996,53.81162252421843,23,970.7149999999999,41.149874999999994,43.260124999999995,2026-04-17 10:16:00,43.260124999999995,TAKE_PROFIT,24.267874999999925,2.499999999999991
FDX,2026-04-10 00:00:00,2026-04-13 00:00:00,0.0350318471337579,4.0,2026-04-13 09:47:00,372.05,47.1180254659868,43.7437514157463,2,744.1,362.74875000000003,381.35125,2026-04-14 09:30:00,362.74875000000003,STOP_LOSS,-18.602499999999964,-2.499999999999991
USB,2026-04-10 00:00:00,2026-04-13 00:00:00,0.0463096960926193,6.0,2026-04-13 09:47:00,55.13,39.34452828483286,35.88886868136033,18,992.34,53.75175,56.50825,2026-04-13 15:54:00,56.50825,TAKE_PROFIT,24.808499999999896,2.499999999999991
CRH,2026-04-10 00:00:00,2026-04-13 00:00:00,0.0,1.0,2026-04-13 09:48:00,115.37,45.90864510791845,44.71437846037057,8,922.96,112.48575,118.25425,2026-04-14 09:37:00,118.25425,TAKE_PROFIT,23.073999999999955,2.499999999999991
ABNB,2026-04-10 00:00:00,2026-04-13 00:00:00,0.0921529175050301,9.0,2026-04-13 09:49:00,127.87,62.540141303014735,54.49315191158064,7,895.09,124.67325,131.06674999999998,2026-04-14 09:30:00,131.06674999999998,TAKE_PROFIT,22.37724999999986,2.499999999999991
MDLZ,2026-04-10 00:00:00,2026-04-13 00:00:00,0.0294117647058823,3.0,2026-04-13 09:49:00,58.2,41.05315449344762,39.65266714462139,17,989.4000000000001,56.745000000000005,59.655,2026-04-15 09:35:00,56.745000000000005,STOP_LOSS,-24.73499999999997,-2.500000000000002
PCAR,2026-04-10 00:00:00,2026-04-13 00:00:00,0.027027027027027,2.0,2026-04-13 09:58:00,126.54,46.71718557608341,46.304398430439655,7,885.7800000000001,123.37650000000001,129.7035,2026-04-15 09:45:00,123.37650000000001,STOP_LOSS,-22.144499999999994,-2.500000000000002
TT,2026-04-10 00:00:00,2026-04-13 00:00:00,0.0530973451327433,7.0,2026-04-13 09:58:00,467.33,51.562239728082474,46.18169780836066,2,934.66,455.64675,479.0132499999999,2026-04-15 10:10:00,455.64675,STOP_LOSS,-23.366499999999974,-2.500000000000002
CME,2026-04-10 00:00:00,2026-04-13 00:00:00,0.0677290836653386,8.0,2026-04-13 10:02:00,298.05,59.06683923513828,56.737895693134206,3,894.1500000000001,290.59875,305.50124999999997,2026-04-17 09:38:00,290.59875,STOP_LOSS,-22.353750000000048,-2.500000000000002
HCA,2026-04-13 00:00:00,2026-04-14 00:00:00,0.0979228486646884,10.0,2026-04-14 09:47:00,498.835,64.08569081833647,60.224037519475196,2,997.67,486.36412499999994,511.30587499999996,2026-04-15 13:48:00,486.36412499999994,STOP_LOSS,-24.94175000000007,-2.500000000000002
APD,2026-04-13 00:00:00,2026-04-14 00:00:00,0.0536912751677852,6.0,2026-04-14 09:55:00,295.285,50.65763973724758,46.77941770101191,3,885.855,287.902875,302.667125,2026-04-17 15:59:00,291.58,WEEK_END_CLOSE,-11.115000000000123,-1.254720016255495
UNP,2026-04-13 00:00:00,2026-04-14 00:00:00,0.076537712218202,9.0,2026-04-14 09:56:00,250.945,54.104778514224954,52.90552271268203,3,752.835,244.67137499999998,257.218625,2026-04-17 15:59:00,251.07,WEEK_END_CLOSE,0.375,0.0498117117296637
NSC,2026-04-13 00:00:00,2026-04-14 00:00:00,0.0,1.0,2026-04-14 09:57:00,297.32,59.977997264173275,56.86170354301662,3,891.96,289.887,304.753,2026-04-17 09:55:00,304.83,TAKE_PROFIT_GAP,22.529999999999973,2.5258980223328287
CB,2026-04-13 00:00:00,2026-04-14 00:00:00,0.0434782608695652,5.0,2026-04-14 10:00:00,327.22,54.43405244286484,53.606267226184656,3,981.6600000000001,319.03950000000003,335.4005,2026-04-17 15:59:00,330.78,WEEK_END_CLOSE,10.679999999999836,1.087953059103941
MRSH,2026-04-13 00:00:00,2026-04-14 00:00:00,0.0153793574846206,4.0,2026-04-14 10:00:00,172.78,55.783643212463566,55.00922251257812,5,863.9,168.4605,177.09949999999998,2026-04-16 09:30:00,178.19,TAKE_PROFIT_GAP,27.049999999999983,3.131149438592429
MSI,2026-04-13 00:00:00,2026-04-14 00:00:00,0.0583090379008746,7.0,2026-04-14 10:00:00,437.495,55.72574624948038,54.51374075732011,2,874.99,426.557625,448.432375,2026-04-17 15:59:00,441.9,WEEK_END_CLOSE,8.809999999999945,1.0068686499274282
ITW,2026-04-13 00:00:00,2026-04-14 00:00:00,0.0069444444444444,3.0,2026-04-14 10:03:00,274.34,63.88660169072549,59.40511725991189,3,823.02,267.4815,281.19849999999997,2026-04-15 09:34:00,267.4815,STOP_LOSS,-20.575499999999977,-2.500000000000002
FTNT,2026-04-13 00:00:00,2026-04-14 00:00:00,0.0710727333111923,8.0,2026-04-14 10:18:00,78.86,51.81395732303096,50.90923904614427,12,946.3199999999999,76.8885,80.83149999999999,2026-04-16 09:32:00,80.83149999999999,TAKE_PROFIT,23.6579999999999,2.499999999999991
MCO,2026-04-14 00:00:00,2026-04-15 00:00:00,0.0826446280991735,6.0,2026-04-15 09:49:00,446.12,61.06124173624093,60.0637421691906,2,892.24,434.967,457.27299999999997,2026-04-17 10:40:00,457.27299999999997,TAKE_PROFIT,22.305999999999926,2.499999999999991
MPC,2026-04-14 00:00:00,2026-04-15 00:00:00,0.0385164051355206,1.0,2026-04-15 09:55:00,221.98,47.45604061650416,47.25013491627992,4,887.92,216.4305,227.52949999999996,2026-04-16 09:33:00,227.52949999999996,TAKE_PROFIT,22.197999999999865,2.499999999999991
AJG,2026-04-14 00:00:00,2026-04-15 00:00:00,0.0925925925925925,8.0,2026-04-15 09:56:00,220.22,46.02167701685919,45.87328279530421,4,880.88,214.7145,225.72549999999998,2026-04-17 15:59:00,221.62,WEEK_END_CLOSE,5.600000000000023,0.6357279084551859
CRH,2026-04-14 00:00:00,2026-04-15 00:00:00,0.055045871559633,2.0,2026-04-15 09:58:00,116.37,41.508353168325364,37.553583726887496,8,930.96,113.46075,119.27924999999999,2026-04-17 10:04:00,119.27924999999999,TAKE_PROFIT,23.273999999999887,2.499999999999991
UPS,2026-04-14 00:00:00,2026-04-15 00:00:00,0.100750069450875,9.0,2026-04-15 10:06:00,102.765,59.012978851999144,57.168134939411765,9,924.885,100.195875,105.33412499999999,2026-04-16 11:58:00,105.33412499999999,TAKE_PROFIT,23.12212499999987,2.499999999999991
TJX,2026-04-14 00:00:00,2026-04-15 00:00:00,0.0723961803242282,4.0,2026-04-15 10:07:00,159.68,56.37273287233141,56.318710689876944,6,958.08,155.68800000000002,163.672,2026-04-17 15:59:00,160.67,WEEK_END_CLOSE,5.939999999999884,0.6199899799599118
HD,2026-04-14 00:00:00,2026-04-15 00:00:00,0.1060527138243567,10.0,2026-04-15 10:22:00,339.0899,47.34869004124401,44.92575663201421,2,678.1798,330.61265249999997,347.5671475,2026-04-17 10:02:00,347.5671475,TAKE_PROFIT,16.95449499999995,2.499999999999991
ABNB,2026-04-15 00:00:00,2026-04-16 00:00:00,0.0264670296430732,3.0,2026-04-16 09:46:00,138.86,53.65870591320702,50.22237900655906,7,972.0200000000001,135.38850000000002,142.3315,2026-04-17 10:18:00,142.3315,TAKE_PROFIT,24.300499999999943,2.499999999999991
PCAR,2026-04-15 00:00:00,2026-04-16 00:00:00,0.0,1.0,2026-04-16 09:49:00,124.54,59.08830591049002,58.66551666552787,8,996.32,121.4265,127.6535,2026-04-17 10:49:00,127.6535,TAKE_PROFIT,24.9079999999999,2.499999999999991
MCD,2026-04-15 00:00:00,2026-04-16 00:00:00,0.0665399239543726,6.0,2026-04-16 09:50:00,306.23,53.59285459796296,53.03722541415804,3,918.69,298.57425,313.88575,2026-04-17 15:59:00,311.36,WEEK_END_CLOSE,15.389999999999986,1.675211442379898
SPG,2026-04-15 00:00:00,2026-04-16 00:00:00,0.0149625935162094,2.0,2026-04-16 09:52:00,202.605,58.20760073732854,57.892290469395014,4,810.42,197.539875,207.67012499999998,2026-04-17 15:59:00,206.12,WEEK_END_CLOSE,14.06000000000006,1.7349028898595797
ICE,2026-04-15 00:00:00,2026-04-16 00:00:00,0.036144578313253,4.0,2026-04-16 09:56:00,164.39,46.26605622161686,41.149564765574915,6,986.3399999999999,160.28025,168.49974999999998,2026-04-17 10:18:00,160.28025,STOP_LOSS,-24.658499999999947,-2.499999999999991
QCOM,2026-04-15 00:00:00,2026-04-16 00:00:00,0.0606564488143435,5.0,2026-04-16 09:57:00,133.61,50.40144488663038,48.11436290197236,7,935.2700000000001,130.26975000000002,136.95025,2026-04-17 12:33:00,136.95025,TAKE_PROFIT,23.381749999999982,2.499999999999991
PWR,2026-04-15 00:00:00,2026-04-16 00:00:00,0.0943627450980392,10.0,2026-04-16 10:00:00,586.6,50.92714208538528,48.87737666321194,1,586.6,571.9350000000001,601.265,2026-04-17 12:33:00,601.265,TAKE_PROFIT,14.664999999999964,2.499999999999991
FDX,2026-04-15 00:00:00,2026-04-16 00:00:00,0.0756843800322061,8.0,2026-04-16 10:07:00,372.7,64.00696989604334,63.17973430653462,2,745.4,363.3825,382.0174999999999,2026-04-17 09:30:00,383.37,TAKE_PROFIT_GAP,21.340000000000032,2.8628924067614747
AON,2026-04-15 00:00:00,2026-04-16 00:00:00,0.074074074074074,7.0,2026-04-16 10:08:00,334.28,59.8845350819091,57.780293792872335,2,668.56,325.92299999999994,342.63699999999994,2026-04-17 15:59:00,331.82,WEEK_END_CLOSE,-4.919999999999959,-0.7359100155558185
CME,2026-04-16 00:00:00,2026-04-17 00:00:00,0.0398162327718223,7.0,2026-04-17 09:46:00,292.01,37.36146231648179,34.3811318111303,3,876.03,284.70975,299.31024999999994,2026-04-17 11:16:00,284.70975,STOP_LOSS,-21.900750000000016,-2.500000000000002
JCI,2026-04-16 00:00:00,2026-04-17 00:00:00,0.0292792792792792,6.0,2026-04-17 09:47:00,139.615,62.368398044796244,60.769207856649274,7,977.3050000000001,136.124625,143.105375,2026-04-17 15:59:00,140.88,WEEK_END_CLOSE,8.854999999999905,0.9060631021021948
UPS,2026-04-16 00:00:00,2026-04-17 00:00:00,0.0596914822266934,9.0,2026-04-17 09:48:00,105.98,55.923778755878914,54.39180763251584,9,953.82,103.3305,108.6295,2026-04-17 15:59:00,106.43,WEEK_END_CLOSE,4.050000000000026,0.4246084166823927
FDX,2026-04-16 00:00:00,2026-04-17 00:00:00,0.0036443148688046,2.0,2026-04-17 09:49:00,383.745,60.57749101927493,60.57022740612313,2,767.49,374.151375,393.338625,2026-04-17 15:59:00,392.04,WEEK_END_CLOSE,16.590000000000032,2.161591681976316
NSC,2026-04-16 00:00:00,2026-04-17 00:00:00,0.0151515151515151,3.0,2026-04-17 10:15:00,305.33,65.4905569122859,58.357630347857175,3,915.99,297.69674999999995,312.96324999999996,2026-04-17 15:59:00,302.34,WEEK_END_CLOSE,-8.970000000000027,-0.9792683326237173
WM,2026-04-16 00:00:00,2026-04-17 00:00:00,0.0746887966804979,10.0,2026-04-17 10:20:00,223.59,52.61436504699839,48.8399737339237,4,894.36,218.00025,229.17974999999998,2026-04-17 15:59:00,223.92,WEEK_END_CLOSE,1.3199999999999363,0.1475915738628597
ABNB,2026-04-16 00:00:00,2026-04-17 00:00:00,0.0578282828282828,8.0,2026-04-17 10:31:00,143.0,70.50352647619428,67.21698917028145,6,858.0,139.42499999999998,146.575,2026-04-17 15:59:00,141.55,WEEK_END_CLOSE,-8.699999999999932,-1.0139860139860013
CSX,2026-04-16 00:00:00,2026-04-17 00:00:00,0.0014823599169878,1.0,2026-04-17 10:31:00,43.455,67.68980415600706,65.33317033225016,23,999.4649999999999,42.368624999999994,44.541374999999995,2026-04-17 15:59:00,43.32,WEEK_END_CLOSE,-3.1049999999999542,-0.3106662064204291
CME,2026-04-16 00:00:00,2026-04-17 00:00:00,0.0398162327718223,7.0,2026-04-17 11:17:00,285.22,42.17948605708764,39.62767758005926,3,855.6600000000001,278.08950000000004,292.3505,2026-04-17 15:59:00,287.68,WEEK_END_CLOSE,7.379999999999939,0.8624921113526307
MCO,2026-04-17 00:00:00,2026-04-20 00:00:00,0.0054794520547945,1.0,2026-04-20 09:45:00,455.5,52.76149136895986,45.607738653776046,2,911.0,444.1125,466.88749999999993,2026-04-21 09:35:00,466.88749999999993,TAKE_PROFIT,22.774999999999864,2.499999999999991
SPGI,2026-04-17 00:00:00,2026-04-20 00:00:00,0.0165975103734439,6.0,2026-04-20 09:45:00,441.345,50.75767223848074,46.67391725722282,2,882.69,430.311375,452.378625,2026-04-21 10:29:00,452.378625,TAKE_PROFIT,22.067249999999945,2.499999999999991
AJG,2026-04-17 00:00:00,2026-04-20 00:00:00,0.0222222222222222,8.0,2026-04-20 09:53:00,222.39,55.89349251243551,54.185386345116264,4,889.56,216.83024999999998,227.94974999999997,2026-04-24 09:30:00,216.83024999999998,STOP_LOSS,-22.239000000000033,-2.500000000000002
ITW,2026-04-17 00:00:00,2026-04-20 00:00:00,0.0173410404624277,7.0,2026-04-20 09:54:00,271.74,49.027097539927325,47.74081066071022,3,815.22,264.9465,278.5335,2026-04-24 15:59:00,269.31,WEEK_END_CLOSE,-7.2900000000000205,-0.8942371384411563
JCI,2026-04-17 00:00:00,2026-04-20 00:00:00,0.009375,5.0,2026-04-20 09:57:00,141.37,50.623266472652986,47.91761748981311,7,989.59,137.83575,144.90425,2026-04-24 15:59:00,141.93,WEEK_END_CLOSE,3.920000000000016,0.39612364716701265
CB,2026-04-17 00:00:00,2026-04-20 00:00:00,0.0224719101123595,9.0,2026-04-20 09:58:00,333.08,57.941924545531364,57.203909823073,3,999.24,324.753,341.407,2026-04-22 09:30:00,321.66,STOP_LOSS_GAP,-34.25999999999988,-3.428605740362667
TT,2026-04-17 00:00:00,2026-04-20 00:00:00,0.0093457943925233,4.0,2026-04-20 10:03:00,477.71,53.473562887204835,49.10417950528399,2,955.42,465.76725,489.6527499999999,2026-04-23 13:00:00,489.6527499999999,TAKE_PROFIT,23.885499999999865,2.499999999999991
FDX,2026-04-17 00:00:00,2026-04-20 00:00:00,0.006820765441455,2.0,2026-04-20 10:30:00,394.66,63.27314252153065,55.106257394617884,2,789.32,384.7935,404.5265,2026-04-24 15:59:00,387.94,WEEK_END_CLOSE,-13.440000000000055,-1.702731465058538
NSC,2026-04-17 00:00:00,2026-04-20 00:00:00,0.0229885057471264,10.0,2026-04-20 10:39:00,304.22,54.752199629083975,54.51676457724791,3,912.6600000000001,296.6145,311.8255,2026-04-23 10:12:00,311.8899,TAKE_PROFIT_GAP,23.009699999999953,2.521168890934189
APD,2026-04-17 00:00:00,2026-04-20 00:00:00,0.0089820359281437,3.0,2026-04-20 10:43:00,297.72,62.320856222969894,61.50899646569327,3,893.1600000000001,290.27700000000004,305.163,2026-04-24 15:59:00,301.76,WEEK_END_CLOSE,12.11999999999989,1.3569797124815208
MPC,2026-04-20 00:00:00,2026-04-21 00:00:00,0.0821596244131455,9.0,2026-04-21 09:48:00,214.32,50.473242773633274,44.92666052080065,4,857.28,208.962,219.67799999999997,2026-04-21 14:37:00,219.67799999999997,TAKE_PROFIT,21.431999999999903,2.499999999999991
TGT,2026-04-20 00:00:00,2026-04-21 00:00:00,0.0673108525603102,8.0,2026-04-21 09:53:00,132.305,58.71283310192845,57.91621139999001,7,926.135,128.997375,135.612625,2026-04-24 09:31:00,128.997375,STOP_LOSS,-23.15337500000001,-2.500000000000002
AON,2026-04-20 00:00:00,2026-04-21 00:00:00,0.0080645161290322,1.0,2026-04-21 10:01:00,334.93,57.42266963259508,56.211394107160196,2,669.86,326.55675,343.30325,2026-04-22 12:38:00,326.55675,STOP_LOSS,-16.74649999999997,-2.499999999999991
UNP,2026-04-20 00:00:00,2026-04-21 00:00:00,0.0386547281065734,5.0,2026-04-21 10:01:00,252.57,47.706654665769065,47.290441787229184,3,757.71,246.25574999999998,258.88424999999995,2026-04-23 09:30:00,262.76,TAKE_PROFIT_GAP,30.569999999999993,4.034525082155449
MSI,2026-04-20 00:00:00,2026-04-21 00:00:00,0.0585197934595524,7.0,2026-04-21 10:08:00,446.2,52.71243979600725,46.73779650320571,2,892.4,435.04499999999996,457.35499999999996,2026-04-24 15:59:00,438.06,WEEK_END_CLOSE,-16.279999999999973,-1.8242940385477358
ICE,2026-04-20 00:00:00,2026-04-21 00:00:00,0.0891719745222929,10.0,2026-04-21 10:15:00,161.5165,56.90733560146224,49.76056634176365,6,969.099,157.4785875,165.55441249999998,2026-04-23 09:47:00,157.4785875,STOP_LOSS,-24.227475000000027,-2.500000000000002
UPS,2026-04-20 00:00:00,2026-04-21 00:00:00,0.0451932290003193,6.0,2026-04-21 10:38:00,107.26,55.00653754678968,49.633764590996215,9,965.34,104.5785,109.94149999999999,2026-04-24 15:59:00,107.02,WEEK_END_CLOSE,-2.160000000000082,-0.22375536080553315
MPC,2026-04-20 00:00:00,2026-04-21 00:00:00,0.0821596244131455,9.0,2026-04-21 14:49:00,219.78,61.51306606107238,54.78511985221856,4,879.12,214.28549999999998,225.2745,2026-04-24 15:59:00,224.18,WEEK_END_CLOSE,17.600000000000023,2.0020020020020013
ORLY,2026-04-21 00:00:00,2026-04-22 00:00:00,0.0037926675094816,2.0,2026-04-22 09:46:00,93.975,55.195448672339545,55.18951505990978,10,939.75,91.625625,96.32437499999999,2026-04-24 15:59:00,93.105,WEEK_END_CLOSE,-8.699999999999903,-0.9257781324820358
WMB,2026-04-21 00:00:00,2026-04-22 00:00:00,0.0061068702290076,4.0,2026-04-22 09:46:00,70.99,58.25992374678706,56.41216338746528,14,993.8599999999999,69.21525,72.76474999999999,2026-04-24 15:59:00,72.17,WEEK_END_CLOSE,16.520000000000095,1.6622059444992399
FTNT,2026-04-21 00:00:00,2026-04-22 00:00:00,0.0547785547785547,9.0,2026-04-22 09:54:00,86.5,59.59783467070273,57.371781800476604,11,951.5,84.33749999999999,88.6625,2026-04-23 09:31:00,84.33749999999999,STOP_LOSS,-23.787500000000094,-2.5000000000000133
AFL,2026-04-21 00:00:00,2026-04-22 00:00:00,0.0039987204094689,3.0,2026-04-22 09:58:00,115.52,50.30120180646422,47.81891354377592,8,924.16,112.63199999999999,118.40799999999999,2026-04-24 15:59:00,114.65,WEEK_END_CLOSE,-6.959999999999923,-0.753116343490301
DUK,2026-04-21 00:00:00,2026-04-22 00:00:00,0.0385327899221934,7.0,2026-04-22 10:32:00,126.39,51.268343405507004,49.66931652495134,7,884.73,123.23025,129.54975,2026-04-24 15:59:00,127.25,WEEK_END_CLOSE,6.019999999999996,0.680433578605899
SLB,2026-04-21 00:00:00,2026-04-22 00:00:00,0.0696818870374377,10.0,2026-04-22 10:46:00,54.745,65.84776184418995,65.50175760698914,18,985.41,53.376374999999996,56.11362499999999,2026-04-24 10:51:00,56.11362499999999,TAKE_PROFIT,24.6352499999999,2.499999999999991
ECL,2026-04-22 00:00:00,2026-04-23 00:00:00,0.0494296577946768,4.0,2026-04-23 09:53:00,270.39,55.37121905982103,54.86391242578887,3,811.17,263.63025,277.14975,2026-04-24 15:59:00,269.48,WEEK_END_CLOSE,-2.7299999999999045,-0.33655090794776354
SPGI,2026-04-22 00:00:00,2026-04-23 00:00:00,0.1220657276995305,10.0,2026-04-23 10:05:00,440.47,46.995800510002915,42.288128565159106,2,880.94,429.45825,451.48175,2026-04-24 15:59:00,436.9,WEEK_END_CLOSE,-7.1400000000001,-0.8104978772674798
BRK.B,2026-04-22 00:00:00,2026-04-23 00:00:00,0.1117632965979875,7.0,2026-04-23 10:07:00,471.3206,63.29527874482555,62.46687731760555,2,942.6412,459.537585,483.103615,2026-04-24 15:59:00,469.31,WEEK_END_CLOSE,-4.021200000000022,-0.42658861080971944
CVS,2026-04-22 00:00:00,2026-04-23 00:00:00,0.0718525066296249,6.0,2026-04-23 10:11:00,77.47,52.34344539662076,51.500504016706714,12,929.64,75.53325,79.40674999999999,2026-04-23 14:44:00,79.40674999999999,TAKE_PROFIT,23.24099999999987,2.499999999999991
SNPS,2026-04-22 00:00:00,2026-04-23 00:00:00,0.1216356107660455,9.0,2026-04-23 10:11:00,460.39,42.57958843587868,41.7197197396158,2,920.78,448.88025,471.8997499999999,2026-04-24 09:31:00,471.8997499999999,TAKE_PROFIT,23.01949999999988,2.499999999999991
MA,2026-04-22 00:00:00,2026-04-23 00:00:00,0.1163980557687388,8.0,2026-04-23 10:12:00,504.3,46.209421564478234,45.923539543849294,1,504.3,491.6925,516.9074999999999,2026-04-24 15:59:00,504.25,WEEK_END_CLOSE,-0.05000000000001137,-0.009914733293681088
PLD,2026-04-22 00:00:00,2026-04-23 00:00:00,0.0292887029288702,2.0,2026-04-23 10:18:00,143.35,63.470301179557886,62.429607150113604,6,860.0999999999999,139.76624999999999,146.93374999999997,2026-04-24 15:59:00,142.13,WEEK_END_CLOSE,-7.319999999999993,-0.8510638297872353
MDLZ,2026-04-23 00:00:00,2026-04-24 00:00:00,0.0403225806451612,3.0,2026-04-24 09:45:00,57.42,47.95211752639192,46.724109864176775,17,976.14,55.9845,58.8555,2026-04-24 15:59:00,57.63,WEEK_END_CLOSE,3.5700000000000145,0.3657262277952045
SPG,2026-04-23 00:00:00,2026-04-24 00:00:00,0.0618556701030927,9.0,2026-04-24 09:55:00,203.25,57.505245023760224,50.406851487582145,4,813.0,198.16875,208.33124999999998,2026-04-24 15:59:00,201.15,WEEK_END_CLOSE,-8.399999999999977,-1.0332103321033181
ICE,2026-04-24 00:00:00,2026-04-27 00:00:00,0.0100755667506297,2.0,2026-04-27 09:45:00,158.91,58.012769179271764,56.372750028670715,6,953.46,154.93725,162.88275,2026-04-29 09:36:00,154.93725,STOP_LOSS,-23.836499999999944,-2.499999999999991
APD,2026-04-24 00:00:00,2026-04-27 00:00:00,0.0403800475059382,4.0,2026-04-27 09:47:00,305.835,56.4913859656308,54.842067219844054,3,917.5049999999999,298.189125,313.48087499999997,2026-04-30 09:32:00,298.189125,STOP_LOSS,-22.93762499999997,-2.500000000000002
CMCSA,2026-04-24 00:00:00,2026-04-27 00:00:00,0.0455092704069347,5.0,2026-04-27 09:47:00,27.62,42.80384622425811,40.523010299849965,36,994.32,26.9295,28.310499999999998,2026-04-29 13:56:00,26.9295,STOP_LOSS,-24.858000000000004,-2.500000000000002
APO,2026-04-24 00:00:00,2026-04-27 00:00:00,0.0602205258693808,8.0,2026-04-27 09:51:00,124.39,47.73126141518602,45.42831372548465,8,995.12,121.28025,127.49974999999999,2026-04-30 09:30:00,121.28025,STOP_LOSS,-24.878000000000043,-2.500000000000002
TEL,2026-04-24 00:00:00,2026-04-27 00:00:00,0.0581527936145952,6.0,2026-04-27 09:51:00,212.55,47.45438149168031,44.19842166409501,4,850.2,207.23625,217.86374999999998,2026-04-28 09:30:00,206.05,STOP_LOSS_GAP,-26.0,-3.0581039755351647
PFE,2026-04-24 00:00:00,2026-04-27 00:00:00,0.1131740755412411,10.0,2026-04-27 10:03:00,27.245,58.8429345450349,57.72896217897418,36,980.82,26.563875,27.926125,2026-04-28 10:27:00,26.563875,STOP_LOSS,-24.520500000000055,-2.500000000000002
SYK,2026-04-24 00:00:00,2026-04-27 00:00:00,0.0582750582750582,7.0,2026-04-27 10:05:00,329.02,52.10987413285923,50.91752384382092,3,987.06,320.79449999999997,337.24549999999994,2026-04-28 14:41:00,320.79449999999997,STOP_LOSS,-24.676500000000033,-2.500000000000002
KMI,2026-04-24 00:00:00,2026-04-27 00:00:00,0.0838491840180078,9.0,2026-04-27 10:19:00,31.665,50.85057484798768,48.807811607082805,31,981.615,30.873375,32.456624999999995,2026-04-27 12:25:00,30.873375,STOP_LOSS,-24.540374999999994,-2.500000000000002
AFL,2026-04-24 00:00:00,2026-04-27 00:00:00,0.03475935828877,3.0,2026-04-27 10:22:00,115.4,52.84750349183678,51.526124506546225,8,923.2,112.515,118.285,2026-04-30 09:30:00,112.27,STOP_LOSS_GAP,-25.040000000000077,-2.712305025996542
FDX,2026-04-24 00:00:00,2026-04-27 00:00:00,0.0032822757111597,1.0,2026-04-27 10:35:00,385.53,48.84621671904485,48.69940042872154,2,771.06,375.89174999999994,395.16824999999994,2026-04-29 10:13:00,395.16824999999994,TAKE_PROFIT,19.276499999999942,2.499999999999991
KMI,2026-04-24 00:00:00,2026-04-27 00:00:00,0.0838491840180078,9.0,2026-04-27 12:29:00,30.915,41.08869344094084,31.263334899414765,32,989.28,30.142125,31.687874999999995,2026-04-28 11:15:00,31.687874999999995,TAKE_PROFIT,24.731999999999857,2.499999999999991
FTNT,2026-04-27 00:00:00,2026-04-28 00:00:00,0.1304938830992297,9.0,2026-04-28 09:45:00,86.25,53.78756973014766,50.1666632715522,11,948.75,84.09375,88.40624999999999,2026-04-30 09:31:00,84.09375,STOP_LOSS,-23.71875,-2.500000000000002
WMB,2026-04-27 00:00:00,2026-04-28 00:00:00,0.1253263707571801,8.0,2026-04-28 09:51:00,72.52,59.43371465115162,56.80879739198141,13,942.76,70.707,74.33299999999998,2026-04-30 09:38:00,74.33299999999998,TAKE_PROFIT,23.568999999999846,2.499999999999991
TT,2026-04-27 00:00:00,2026-04-28 00:00:00,0.1232876712328767,7.0,2026-04-28 10:08:00,478.05,43.41897853229508,41.61220471561246,2,956.1,466.09875,490.00124999999997,2026-04-30 09:30:00,491.38,TAKE_PROFIT_GAP,26.659999999999968,2.788411254052914
NOC,2026-04-27 00:00:00,2026-04-28 00:00:00,0.1096669374492282,6.0,2026-04-28 10:13:00,574.17,52.426155573825184,52.27401792607383,1,574.17,559.81575,588.5242499999999,2026-05-01 15:59:00,568.26,WEEK_END_CLOSE,-5.909999999999968,-1.0293118762735753
RTX,2026-04-27 00:00:00,2026-04-28 00:00:00,0.1069340016708437,5.0,2026-04-28 10:13:00,174.18,54.394368168933624,53.94652957654287,5,870.9000000000001,169.8255,178.53449999999998,2026-05-01 15:59:00,173.99,WEEK_END_CLOSE,-0.9499999999999886,-0.1090825582730548
DHR,2026-04-27 00:00:00,2026-04-28 00:00:00,0.0763975155279503,3.0,2026-04-28 10:24:00,178.11,44.23888915267776,37.333403940916504,5,890.5500000000001,173.65725,182.56275,2026-05-01 15:59:00,175.14,WEEK_END_CLOSE,-14.850000000000136,-1.6675088428499407
SCHW,2026-04-27 00:00:00,2026-04-28 00:00:00,0.0748198146665141,2.0,2026-04-28 10:24:00,90.54,52.92491972440207,48.056028118915194,11,995.94,88.2765,92.8035,2026-05-01 10:30:00,92.8035,TAKE_PROFIT,24.898499999999927,2.499999999999991
AXP,2026-04-27 00:00:00,2026-04-28 00:00:00,0.1022769004774146,4.0,2026-04-28 10:31:00,318.85,52.86954788472333,51.61825277343358,3,956.5500000000001,310.87875,326.82125,2026-05-01 15:59:00,319.65,WEEK_END_CLOSE,2.3999999999998636,0.25090167790495777
KMI,2026-04-27 00:00:00,2026-04-28 00:00:00,0.1338582677165354,10.0,2026-04-28 12:33:00,31.85,66.41092933563954,64.08114128655447,31,987.35,31.05375,32.64625,2026-04-30 10:36:00,32.64625,TAKE_PROFIT,24.683750000000018,2.499999999999991
SYK,2026-04-27 00:00:00,2026-04-28 00:00:00,0.0558823529411764,1.0,2026-04-28 15:14:00,320.6,46.221864921541844,45.65282594804594,3,961.8000000000001,312.58500000000004,328.615,2026-04-29 10:32:00,312.58500000000004,STOP_LOSS,-24.04499999999996,-2.499999999999991
MRSH,2026-04-28 00:00:00,2026-04-29 00:00:00,0.0,1.0,2026-04-29 09:46:00,171.37,65.69608054522578,61.223735095378856,5,856.85,167.08575,175.65425,2026-04-30 09:31:00,167.08575,STOP_LOSS,-21.42125000000007,-2.5000000000000133
MPC,2026-04-28 00:00:00,2026-04-29 00:00:00,0.0451450189155107,2.0,2026-04-29 09:47:00,236.37,63.75597565916453,60.05904050366769,4,945.48,230.46075,242.27925,2026-04-29 11:25:00,242.27925,TAKE_PROFIT,23.636999999999944,2.499999999999991
ICE,2026-04-28 00:00:00,2026-04-29 00:00:00,0.1012658227848101,9.0,2026-04-29 09:54:00,154.62,44.910942672250634,43.275570562484766,6,927.72,150.7545,158.4855,2026-04-30 09:34:00,158.4855,TAKE_PROFIT,23.192999999999984,2.499999999999991
BX,2026-04-28 00:00:00,2026-04-29 00:00:00,0.0947850599013389,8.0,2026-04-29 09:56:00,120.82,53.78844338240507,49.07471394075959,8,966.56,117.7995,123.84049999999998,2026-04-30 10:56:00,123.84049999999998,TAKE_PROFIT,24.163999999999874,2.499999999999991
JCI,2026-04-28 00:00:00,2026-04-29 00:00:00,0.0509554140127388,3.0,2026-04-29 09:56:00,141.92,56.87502200522068,54.64505930044448,7,993.4399999999999,138.37199999999999,145.46799999999996,2026-04-30 12:10:00,145.46799999999996,TAKE_PROFIT,24.835999999999814,2.499999999999991
JNJ,2026-04-28 00:00:00,2026-04-29 00:00:00,0.0710905513904397,7.0,2026-04-29 10:02:00,225.685,50.12790097559484,45.47903639393035,4,902.74,220.042875,231.327125,2026-05-01 15:59:00,227.2,WEEK_END_CLOSE,6.059999999999945,0.6712896293506354
TJX,2026-04-28 00:00:00,2026-04-29 00:00:00,0.1161290322580645,10.0,2026-04-29 10:02:00,155.69,48.24198337476632,43.11091526467768,6,934.14,151.79775,159.58225,2026-05-01 15:59:00,156.85,WEEK_END_CLOSE,6.9599999999999795,0.7450703320701413
HCA,2026-04-28 00:00:00,2026-04-29 00:00:00,0.0689206762028608,6.0,2026-04-29 10:05:00,434.45,55.803067013111,53.79457523667136,2,868.9,423.58875,445.31125,2026-05-01 15:59:00,433.09,WEEK_END_CLOSE,-2.7200000000000273,-0.3130394751985288
AJG,2026-04-28 00:00:00,2026-04-29 00:00:00,0.0677966101694915,5.0,2026-04-29 10:35:00,211.21,50.7040774180853,50.67211016018667,4,844.84,205.92975,216.49025,2026-04-30 09:33:00,205.57,STOP_LOSS_GAP,-22.56000000000006,-2.670328109464526
FDX,2026-04-28 00:00:00,2026-04-29 00:00:00,0.0576923076923076,4.0,2026-04-29 10:37:00,393.1,54.484592121439704,54.05915011328624,2,786.2,383.27250000000004,402.9275,2026-04-29 14:54:00,383.27250000000004,STOP_LOSS,-19.654999999999973,-2.499999999999991
MPC,2026-04-28 00:00:00,2026-04-29 00:00:00,0.0451450189155107,2.0,2026-04-29 11:33:00,242.17,56.831490377455744,56.492339015662765,4,968.68,236.11575,248.22424999999996,2026-04-30 09:30:00,236.11575,STOP_LOSS,-24.216999999999985,-2.500000000000002
FDX,2026-04-28 00:00:00,2026-04-29 00:00:00,0.0576923076923076,4.0,2026-04-29 14:58:00,383.87,45.7944192561644,39.38572492782421,2,767.74,374.27325,393.46675,2026-04-30 12:26:00,393.46675,TAKE_PROFIT,19.193499999999972,2.499999999999991
SPG,2026-04-29 00:00:00,2026-04-30 00:00:00,0.0854700854700854,9.0,2026-04-30 09:48:00,201.78,58.220278717844614,54.75331566140851,4,807.12,196.7355,206.82449999999997,2026-05-01 15:59:00,202.5,WEEK_END_CLOSE,2.8799999999999955,0.3568242640499486
PG,2026-04-29 00:00:00,2026-04-30 00:00:00,0.0653543307086614,1.0,2026-04-30 09:52:00,146.5699,55.104353953388795,53.32012075682286,6,879.4194,142.90565249999997,150.23414749999998,2026-05-01 15:59:00,147.27,WEEK_END_CLOSE,4.200600000000122,0.47765605352805274
CL,2026-04-29 00:00:00,2026-04-30 00:00:00,0.0698005698005698,2.0,2026-04-30 09:54:00,85.19,59.505386759640565,58.22633910796917,11,937.0899999999999,83.06025,87.31974999999998,2026-05-01 09:30:00,88.17,TAKE_PROFIT_GAP,32.780000000000044,3.4980631529522244
MPC,2026-04-29 00:00:00,2026-04-30 00:00:00,0.0963302752293578,10.0,2026-04-30 09:59:00,241.475,55.32734256261426,54.745292342524614,4,965.9,235.43812499999999,247.51187499999997,2026-04-30 14:42:00,247.51187499999997,TAKE_PROFIT,24.147499999999923,2.499999999999991
VZ,2026-04-29 00:00:00,2026-04-30 00:00:00,0.0764925373134328,4.0,2026-04-30 10:10:00,47.805,74.51838755610883,68.92284836305589,20,956.1,46.609874999999995,49.000125,2026-05-01 15:59:00,48.145,WEEK_END_CLOSE,6.800000000000068,0.711222675452361
TRV,2026-04-29 00:00:00,2026-04-30 00:00:00,0.0801526717557251,5.0,2026-04-30 10:14:00,304.495,56.128761947112764,56.06091645214925,3,913.485,296.882625,312.107375,2026-05-01 15:59:00,304.72,WEEK_END_CLOSE,0.6750000000000682,0.07389283896288568
T,2026-04-29 00:00:00,2026-04-30 00:00:00,0.0832791151594014,8.0,2026-04-30 10:16:00,26.295,63.615978332842836,62.42046265941934,38,999.21,25.637625,26.952375,2026-05-01 15:59:00,26.13,WEEK_END_CLOSE,-6.270000000000103,-0.627495721620086
ECL,2026-04-29 00:00:00,2026-04-30 00:00:00,0.0704845814977973,3.0,2026-04-30 10:17:00,260.21,62.77254922955051,61.797713293285895,3,780.6299999999999,253.70474999999996,266.71524999999997,2026-05-01 15:59:00,259.55,WEEK_END_CLOSE,-1.9799999999999045,-0.2536412897275131
JCI,2026-04-29 00:00:00,2026-04-30 00:00:00,0.081081081081081,6.0,2026-04-30 12:13:00,145.55,65.87395568869474,64.56029221271689,6,873.3000000000001,141.91125,149.18875,2026-05-01 15:59:00,145.14,WEEK_END_CLOSE,-2.46000000000015,-0.28169014084509225
MPC,2026-04-29 00:00:00,2026-04-30 00:00:00,0.0963302752293578,10.0,2026-04-30 14:56:00,247.665,60.42957104853086,59.66867775799001,4,990.66,241.47337499999998,253.85662499999998,2026-05-01 10:06:00,241.47337499999998,STOP_LOSS,-24.766500000000065,-2.500000000000002
MCO,2026-04-30 00:00:00,2026-05-01 00:00:00,0.1121495327102803,10.0,2026-05-01 09:46:00,463.9,53.493519933034264,51.39185637874279,2,927.8,452.30249999999995,475.49749999999995,2026-05-01 15:59:00,455.9,WEEK_END_CLOSE,-16.0,-1.724509592584611
CB,2026-04-30 00:00:00,2026-05-01 00:00:00,0.0546448087431694,4.0,2026-05-01 09:47:00,329.42,56.590461288571696,52.31860591044146,3,988.26,321.1845,337.65549999999996,2026-05-01 15:59:00,326.27,WEEK_END_CLOSE,-9.450000000000102,-0.9562260943476564
ROST,2026-04-30 00:00:00,2026-05-01 00:00:00,0.0124605915027773,1.0,2026-05-01 09:50:00,227.92,52.46648994005878,49.772199918164524,4,911.68,222.22199999999998,233.61799999999997,2026-05-01 15:59:00,228.91,WEEK_END_CLOSE,3.9600000000000364,0.4343629343629418
CMCSA,2026-04-30 00:00:00,2026-05-01 00:00:00,0.0733628754308222,7.0,2026-05-01 09:53:00,27.205,49.456930550221486,47.43560545358581,36,979.3799999999999,26.524874999999998,27.885124999999995,2026-05-01 15:59:00,27.185,WEEK_END_CLOSE,-0.7199999999999847,-0.07351589781290357
FDX,2026-04-30 00:00:00,2026-05-01 00:00:00,0.0151515151515151,2.0,2026-05-01 09:56:00,400.61,53.30859133090688,52.70028530675116,2,801.22,390.59475,410.62525,2026-05-01 15:59:00,393.72,WEEK_END_CLOSE,-13.779999999999973,-1.7198771872893759
PLD,2026-04-30 00:00:00,2026-05-01 00:00:00,0.0618556701030927,5.0,2026-05-01 09:56:00,141.84,56.50764487626692,56.44402323557403,7,992.88,138.294,145.386,2026-05-01 15:59:00,141.43,WEEK_END_CLOSE,-2.869999999999976,-0.28905809362661516
DUK,2026-04-30 00:00:00,2026-05-01 00:00:00,0.088,8.0,2026-05-01 10:02:00,130.27,61.065738806827355,56.94482608300063,7,911.8900000000001,127.01325000000001,133.52675,2026-05-01 15:59:00,128.62,WEEK_END_CLOSE,-11.55000000000004,-1.2666001381745673
WMB,2026-04-30 00:00:00,2026-05-01 00:00:00,0.0317460317460317,3.0,2026-05-01 10:14:00,75.29,48.84197970101491,42.18673444214366,13,978.7700000000001,73.40775000000001,77.17225,2026-05-01 15:59:00,75.56,WEEK_END_CLOSE,3.5099999999999483,0.358613361668203
MPC,2026-04-30 00:00:00,2026-05-01 00:00:00,0.0666215759215421,6.0,2026-05-01 10:18:00,243.95,51.14984718511089,49.31989249883611,4,975.8,237.85125,250.04874999999996,2026-05-01 15:59:00,246.16,WEEK_END_CLOSE,8.840000000000032,0.9059233449477455
BSX,2026-05-01 00:00:00,2026-05-04 00:00:00,0.05,3.0,2026-05-04 09:45:00,56.96,53.686553152766436,51.181002458020835,17,968.32,55.536,58.38399999999999,2026-05-06 09:30:00,55.536,STOP_LOSS,-24.20799999999999,-2.500000000000002
HWM,2026-05-01 00:00:00,2026-05-04 00:00:00,0.033033033033033,2.0,2026-05-04 09:46:00,241.89,59.23009848197243,52.097377893759244,4,967.56,235.84275,247.93724999999998,2026-05-06 09:30:00,250.72,TAKE_PROFIT_GAP,35.32000000000005,3.6504196122204347
PCAR,2026-05-01 00:00:00,2026-05-04 00:00:00,0.0802292263610315,9.0,2026-05-04 09:46:00,115.52,46.74342749772703,40.426947739157775,8,924.16,112.63199999999999,118.40799999999999,2026-05-08 15:59:00,114.31,WEEK_END_CLOSE,-9.67999999999995,-1.0474376731301915
SYK,2026-05-01 00:00:00,2026-05-04 00:00:00,0.0701665825340737,8.0,2026-05-04 09:46:00,294.87,44.879217403860814,42.42767420995691,3,884.61,287.49825,302.24174999999997,2026-05-08 13:05:00,287.49825,STOP_LOSS,-22.11525000000006,-2.500000000000002
V,2026-05-01 00:00:00,2026-05-04 00:00:00,0.0501988220169222,4.0,2026-05-04 09:47:00,326.78,46.61406503417272,42.65194446031163,3,980.3399999999999,318.61049999999994,334.94949999999994,2026-05-06 11:29:00,318.61049999999994,STOP_LOSS,-24.508500000000083,-2.5000000000000133
AEP,2026-05-01 00:00:00,2026-05-04 00:00:00,0.0587288817377312,7.0,2026-05-04 09:52:00,136.175,56.66498075019703,51.47788491869206,7,953.2250000000001,132.770625,139.579375,2026-05-06 14:19:00,132.770625,STOP_LOSS,-23.83062500000011,-2.5000000000000133
CMCSA,2026-05-01 00:00:00,2026-05-04 00:00:00,0.0920598388952819,10.0,2026-05-04 09:52:00,26.96,42.32592116250005,40.686720935417284,37,997.52,26.286,27.633999999999997,2026-05-05 11:32:00,26.286,STOP_LOSS,-24.93799999999998,-2.500000000000002
ROST,2026-05-01 00:00:00,2026-05-04 00:00:00,0.0534378339864624,5.0,2026-05-04 09:52:00,226.205,43.38588223190698,42.68135406225428,4,904.82,220.54987500000001,231.86012499999998,2026-05-08 15:59:00,225.77,WEEK_END_CLOSE,-1.740000000000009,-0.19230344156848656
FDX,2026-05-01 00:00:00,2026-05-04 00:00:00,0.0047318611987381,1.0,2026-05-04 09:53:00,369.41,37.38218366154792,35.53460948233735,2,738.82,360.17475,378.64525,2026-05-04 11:00:00,360.17475,STOP_LOSS,-18.470500000000015,-2.500000000000002
ECL,2026-05-01 00:00:00,2026-05-04 00:00:00,0.0555555555555555,6.0,2026-05-04 10:53:00,260.34,53.808752274463274,53.5098034030995,3,781.02,253.83149999999998,266.84849999999994,2026-05-08 10:35:00,253.83149999999998,STOP_LOSS,-19.525499999999994,-2.500000000000002
FDX,2026-05-01 00:00:00,2026-05-04 00:00:00,0.0047318611987381,1.0,2026-05-04 11:05:00,361.14,37.31562789268921,36.62198764831768,2,722.28,352.1115,370.16849999999994,2026-05-06 09:39:00,370.16849999999994,TAKE_PROFIT,18.056999999999903,2.499999999999991
ICE,2026-05-04 00:00:00,2026-05-05 00:00:00,0.008624602814344,1.0,2026-05-05 09:47:00,154.765,45.27958833046816,41.86465756559854,6,928.5899999999999,150.895875,158.63412499999998,2026-05-08 15:59:00,155.82,WEEK_END_CLOSE,6.330000000000041,0.6816786741188352
CRH,2026-05-04 00:00:00,2026-05-05 00:00:00,0.0463917525773195,7.0,2026-05-05 09:48:00,111.76,53.13172278332325,52.978802055141536,8,894.08,108.96600000000001,114.554,2026-05-06 09:31:00,116.205,TAKE_PROFIT_GAP,35.559999999999945,3.9772727272727293
NSC,2026-05-04 00:00:00,2026-05-05 00:00:00,0.0714285714285714,9.0,2026-05-05 09:51:00,311.52,51.54502066022465,51.28460053181118,3,934.56,303.73199999999997,319.30799999999994,2026-05-06 14:59:00,319.30799999999994,TAKE_PROFIT,23.363999999999862,2.499999999999991
JCI,2026-05-04 00:00:00,2026-05-05 00:00:00,0.0234892163143284,4.0,2026-05-05 09:53:00,145.665,52.725889726552346,52.58488010928783,6,873.99,142.023375,149.30662499999997,2026-05-06 09:30:00,138.83,STOP_LOSS_GAP,-41.00999999999988,-4.6922733669721435
TT,2026-05-04 00:00:00,2026-05-05 00:00:00,0.0439560439560439,6.0,2026-05-05 09:53:00,487.81,58.46516858366186,57.145472325293106,2,975.62,475.61475,500.00524999999993,2026-05-05 11:38:00,475.61475,STOP_LOSS,-24.390499999999975,-2.500000000000002
PSX,2026-05-04 00:00:00,2026-05-05 00:00:00,0.0736543909348441,10.0,2026-05-05 09:54:00,179.92,60.803736318191525,53.979924191434726,5,899.5999999999999,175.422,184.41799999999998,2026-05-06 09:30:00,173.55,STOP_LOSS_GAP,-31.84999999999988,-3.54046242774565
AJG,2026-05-04 00:00:00,2026-05-05 00:00:00,0.0526315789473684,8.0,2026-05-05 10:01:00,206.0975,52.65090500019074,44.03485886030865,4,824.39,200.9450625,211.2499375,2026-05-06 13:18:00,200.9450625,STOP_LOSS,-20.609749999999963,-2.499999999999991
RSG,2026-05-04 00:00:00,2026-05-05 00:00:00,0.0128205128205128,3.0,2026-05-05 10:11:00,204.845,53.12033624647448,50.786284883055,4,819.38,199.723875,209.96612499999998,2026-05-06 15:59:00,199.723875,STOP_LOSS,-20.484500000000025,-2.500000000000002
TT,2026-05-04 00:00:00,2026-05-05 00:00:00,0.0439560439560439,6.0,2026-05-05 11:44:00,480.22,43.58058868523483,41.173008614227115,2,960.44,468.21450000000004,492.2255,2026-05-08 13:49:00,468.21,STOP_LOSS_GAP,-24.020000000000095,-2.500937070509357
CTAS,2026-05-05 00:00:00,2026-05-06 00:00:00,0.1094527363184079,9.0,2026-05-06 09:46:00,169.745,51.593912436079606,47.02332565821147,5,848.725,165.501375,173.98862499999998,2026-05-08 15:59:00,166.93,WEEK_END_CLOSE,-14.074999999999989,-1.6583699078028813
CMCSA,2026-05-05 00:00:00,2026-05-06 00:00:00,0.0938356164383561,8.0,2026-05-06 09:47:00,26.65,55.26102082201321,53.989139179784324,37,986.05,25.983749999999997,27.316249999999997,2026-05-08 09:41:00,25.983749999999997,STOP_LOSS,-24.651250000000058,-2.500000000000002
CME,2026-05-05 00:00:00,2026-05-06 00:00:00,0.0719424460431654,6.0,2026-05-06 09:50:00,284.36,47.36612516342382,42.57558112876565,3,853.08,277.25100000000003,291.469,2026-05-08 15:59:00,281.24,WEEK_END_CLOSE,-9.360000000000014,-1.0972007314671517
ITW,2026-05-05 00:00:00,2026-05-06 00:00:00,0.0476190476190476,2.0,2026-05-06 09:50:00,259.03,59.87258544833327,57.007274198890336,3,777.0899999999999,252.55424999999997,265.5057499999999,2026-05-08 15:59:00,254.76,WEEK_END_CLOSE,-12.809999999999945,-1.648457707601425
SPGI,2026-05-05 00:00:00,2026-05-06 00:00:00,0.0556107249255213,4.0,2026-05-06 09:50:00,421.07,49.688606459401015,49.58210460969562,2,842.14,410.54325,431.59674999999993,2026-05-07 09:44:00,431.59674999999993,TAKE_PROFIT,21.05349999999987,2.499999999999991
FDX,2026-05-05 00:00:00,2026-05-06 00:00:00,0.0013568521031207,1.0,2026-05-06 09:54:00,370.59,62.258950965459086,61.9942174710294,2,741.18,361.32525,379.85474999999997,2026-05-07 09:30:00,379.99,TAKE_PROFIT_GAP,18.800000000000068,2.5364958579562336
AON,2026-05-05 00:00:00,2026-05-06 00:00:00,0.1111111111111111,10.0,2026-05-06 10:14:00,314.865,54.39216238144746,51.90836407758021,3,944.595,306.993375,322.736625,2026-05-06 15:29:00,306.993375,STOP_LOSS,-23.614874999999984,-2.500000000000002
MPC,2026-05-05 00:00:00,2026-05-06 00:00:00,0.0731821006836544,7.0,2026-05-06 10:19:00,246.06,37.28151923115844,34.114968586892786,4,984.24,239.9085,252.21149999999997,2026-05-07 09:30:00,239.9085,STOP_LOSS,-24.605999999999995,-2.500000000000002
GE,2026-05-05 00:00:00,2026-05-06 00:00:00,0.069388440860215,5.0,2026-05-06 10:24:00,303.66,67.89112607299842,66.30940263627369,3,910.98,296.06850000000003,311.2515,2026-05-08 15:59:00,297.125,WEEK_END_CLOSE,-19.605000000000075,-2.152077981953504
UNP,2026-05-06 00:00:00,2026-05-07 00:00:00,0.1047265987025023,9.0,2026-05-07 09:45:00,267.86,47.38995193784291,45.57827893435658,3,803.58,261.1635,274.55649999999997,2026-05-08 15:59:00,264.65,WEEK_END_CLOSE,-9.63000000000011,-1.198387217203034
NSC,2026-05-06 00:00:00,2026-05-07 00:00:00,0.0808080808080808,8.0,2026-05-07 09:46:00,317.065,46.18350515279318,44.742602934301345,3,951.1949999999999,309.138375,324.99162499999994,2026-05-08 15:59:00,312.06,WEEK_END_CLOSE,-15.014999999999986,-1.5785406777790056
TMO,2026-05-06 00:00:00,2026-05-07 00:00:00,0.1106382978723404,10.0,2026-05-07 09:55:00,478.245,58.17536540393356,56.945953801562425,2,956.49,466.288875,490.201125,2026-05-08 09:30:00,466.288875,STOP_LOSS,-23.912249999999972,-2.500000000000002
FDX,2026-05-06 00:00:00,2026-05-07 00:00:00,0.0068212824010914,2.0,2026-05-07 10:01:00,379.28,59.13940025772747,56.834770140857295,2,758.56,369.79799999999994,388.76199999999994,2026-05-08 15:59:00,378.37,WEEK_END_CLOSE,-1.8199999999999363,-0.23992828517189757
AJG,2026-05-06 00:00:00,2026-05-07 00:00:00,0.03125,3.0,2026-05-07 10:03:00,198.735,47.054314319778015,46.984736356366355,5,993.6750000000001,193.766625,203.703375,2026-05-08 15:59:00,198.87,WEEK_END_CLOSE,0.6749999999999545,0.06792965506829951
ADP,2026-05-06 00:00:00,2026-05-07 00:00:00,0.0608365019011406,5.0,2026-05-07 10:07:00,211.8,59.175124357122584,57.62039621222742,4,847.2,206.505,217.095,2026-05-08 15:59:00,213.02,WEEK_END_CLOSE,4.8799999999999955,0.5760151085930199
CRH,2026-05-06 00:00:00,2026-05-07 00:00:00,0.0735294117647058,7.0,2026-05-07 10:30:00,113.485,43.84674727795252,43.43127973638654,8,907.88,110.647875,116.32212499999999,2026-05-08 15:59:00,113.76,WEEK_END_CLOSE,2.2000000000000455,0.24232277393487767
SPGI,2026-05-06 00:00:00,2026-05-07 00:00:00,0.0040431266846361,1.0,2026-05-07 10:44:00,428.11,56.43399700138887,53.065344154940384,2,856.22,417.40725,438.81275,2026-05-08 09:44:00,417.40725,STOP_LOSS,-21.405500000000075,-2.5000000000000133
AMGN,2026-05-07 00:00:00,2026-05-08 00:00:00,0.057741116751269,10.0,2026-05-08 09:46:00,329.63,56.707920643680474,52.815680572816554,3,988.89,321.38925,337.87075,2026-05-08 15:59:00,331.73,WEEK_END_CLOSE,6.300000000000068,0.6370779358674916
CVNA,2026-05-07 00:00:00,2026-05-08 00:00:00,0.0003410641200545,1.0,2026-05-08 09:56:00,80.08,55.63718875359582,53.455972854509575,12,960.96,78.078,82.082,2026-05-08 11:15:00,78.078,STOP_LOSS,-24.023999999999944,-2.499999999999991
SPGI,2026-05-07 00:00:00,2026-05-08 00:00:00,0.0157992565055762,3.0,2026-05-08 09:57:00,417.73,35.236644121239465,34.05107594378326,2,835.46,407.28675,428.17325,2026-05-08 15:59:00,420.1,WEEK_END_CLOSE,4.740000000000009,0.5673521173964025
CB,2026-05-07 00:00:00,2026-05-08 00:00:00,0.0171026156941649,4.0,2026-05-08 09:58:00,321.33,48.87676627487782,48.06804811353402,3,963.99,313.29675,329.36324999999994,2026-05-08 15:59:00,319.6,WEEK_END_CLOSE,-5.189999999999884,-0.5383873276693651
CVNA,2026-05-07 00:00:00,2026-05-08 00:00:00,0.0003410641200545,1.0,2026-05-08 11:20:00,78.53,46.88090882726073,41.165634582097695,12,942.36,76.56675,80.49324999999999,2026-05-08 14:00:00,76.56675,STOP_LOSS,-23.559000000000026,-2.500000000000002
SLB,2026-05-07 00:00:00,2026-05-08 00:00:00,0.05,8.0,2026-05-08 11:24:00,53.7,59.59538893628416,56.38589080270689,18,966.6,52.3575,55.0425,2026-05-08 15:59:00,53.26,WEEK_END_CLOSE,-7.920000000000087,-0.8193668528864162
CVNA,2026-05-07 00:00:00,2026-05-08 00:00:00,0.0003410641200545,1.0,2026-05-08 14:06:00,77.185,48.02497318804045,47.163428627470886,12,926.22,75.255375,79.11462499999999,2026-05-08 15:59:00,77.94,WEEK_END_CLOSE,9.059999999999945,0.9781693334196984
PCAR,2026-05-08 00:00:00,2026-05-11 00:00:00,0.0273224043715847,2.0,2026-05-11 09:50:00,113.625,48.69329073912882,45.76861328081605,8,909.0,110.784375,116.46562499999999,2026-05-15 09:33:00,110.784375,STOP_LOSS,-22.725000000000023,-2.500000000000002
ABT,2026-05-08 00:00:00,2026-05-11 00:00:00,0.0830670926517571,10.0,2026-05-11 09:51:00,83.985,47.39929258869807,47.12947592961335,11,923.835,81.885375,86.08462499999999,2026-05-15 09:31:00,86.08462499999999,TAKE_PROFIT,23.09587499999988,2.499999999999991
ORLY,2026-05-08 00:00:00,2026-05-11 00:00:00,0.0381679389312977,5.0,2026-05-11 09:53:00,91.41,40.31565024440563,39.69201219894817,10,914.0999999999999,89.12474999999999,93.69524999999999,2026-05-13 11:37:00,89.12474999999999,STOP_LOSS,-22.85250000000005,-2.500000000000002
ADP,2026-05-08 00:00:00,2026-05-11 00:00:00,0.0798816568047337,7.0,2026-05-11 09:57:00,211.12,48.77258707201831,48.35729604502357,4,844.48,205.842,216.398,2026-05-13 12:18:00,205.842,STOP_LOSS,-21.111999999999966,-2.499999999999991
PWR,2026-05-08 00:00:00,2026-05-11 00:00:00,0.0800711743772242,8.0,2026-05-11 10:12:00,753.939,52.47506493592484,52.318263399132064,1,753.939,735.090525,772.7874749999999,2026-05-11 12:18:00,772.7874749999999,TAKE_PROFIT,18.848474999999894,2.499999999999991
CME,2026-05-08 00:00:00,2026-05-11 00:00:00,0.0826446280991735,9.0,2026-05-11 10:17:00,281.915,49.50342955018111,48.46328205079621,3,845.7450000000001,274.867125,288.962875,2026-05-13 09:48:00,288.962875,TAKE_PROFIT,21.14362499999993,2.499999999999991
FDX,2026-05-08 00:00:00,2026-05-11 00:00:00,0.0797636632200886,6.0,2026-05-11 10:17:00,382.625,58.58098369822053,57.77144877120784,2,765.25,373.059375,392.19062499999995,2026-05-12 10:50:00,373.02,STOP_LOSS_GAP,-19.210000000000036,-2.510290754655342
AFL,2026-05-08 00:00:00,2026-05-11 00:00:00,0.0277777777777777,3.0,2026-05-11 10:18:00,113.9,53.222588916208416,52.33217424733086,8,911.2,111.05250000000001,116.7475,2026-05-14 09:58:00,116.7475,TAKE_PROFIT,22.779999999999973,2.499999999999991
CB,2026-05-08 00:00:00,2026-05-11 00:00:00,0.0309278350515463,4.0,2026-05-11 10:24:00,320.09,52.4154306097792,49.43488539830207,3,960.27,312.08774999999997,328.0922499999999,2026-05-15 15:59:00,324.165,WEEK_END_CLOSE,12.225000000000136,1.2730794464057116
PWR,2026-05-08 00:00:00,2026-05-11 00:00:00,0.0800711743772242,8.0,2026-05-11 12:24:00,773.83,72.7508003798362,68.62032584956562,1,773.83,754.48425,793.17575,2026-05-12 11:15:00,754.48425,STOP_LOSS,-19.345750000000066,-2.5000000000000133
ABBV,2026-05-11 00:00:00,2026-05-12 00:00:00,0.0396742638661303,3.0,2026-05-12 09:47:00,204.45,58.8718138070037,53.010497401651534,4,817.8,199.33874999999998,209.56124999999997,2026-05-12 11:21:00,209.56124999999997,TAKE_PROFIT,20.444999999999936,2.499999999999991
MSI,2026-05-11 00:00:00,2026-05-12 00:00:00,0.0375586854460093,2.0,2026-05-12 09:50:00,395.185,49.44565624189114,49.3772773819069,2,790.37,385.30537499999997,405.064625,2026-05-15 15:59:00,393.42,WEEK_END_CLOSE,-3.5299999999999727,-0.446626263648664
SPGI,2026-05-11 00:00:00,2026-05-12 00:00:00,0.0772145902415916,9.0,2026-05-12 09:50:00,423.21,52.53334795808422,52.435167252729116,2,846.42,412.62974999999994,433.79024999999996,2026-05-13 09:34:00,412.62974999999994,STOP_LOSS,-21.16050000000007,-2.5000000000000133
COP,2026-05-11 00:00:00,2026-05-12 00:00:00,0.0815926892950391,10.0,2026-05-12 09:51:00,116.075,53.50564395566506,50.03121999212779,8,928.6,113.173125,118.97687499999999,2026-05-14 12:23:00,118.97687499999999,TAKE_PROFIT,23.214999999999918,2.499999999999991
ECL,2026-05-11 00:00:00,2026-05-12 00:00:00,0.0454545454545454,4.0,2026-05-12 09:56:00,249.98,51.20904914414046,50.50245507288192,4,999.92,243.73049999999998,256.2295,2026-05-15 15:59:00,247.69,WEEK_END_CLOSE,-9.159999999999968,-0.9160732858628617
WELL,2026-05-11 00:00:00,2026-05-12 00:00:00,0.0196078431372549,1.0,2026-05-12 09:58:00,214.93,58.7955750729654,56.94839808683329,4,859.72,209.55675,220.30325,2026-05-13 12:55:00,220.30325,TAKE_PROFIT,21.492999999999938,2.499999999999991
MCO,2026-05-11 00:00:00,2026-05-12 00:00:00,0.051056338028169,5.0,2026-05-12 10:24:00,453.67,60.01479494271982,56.88911713059396,2,907.34,442.32825,465.01174999999995,2026-05-13 09:34:00,442.32825,STOP_LOSS,-22.68349999999998,-2.500000000000002
ABBV,2026-05-11 00:00:00,2026-05-12 00:00:00,0.0396742638661303,3.0,2026-05-12 11:37:00,209.735,65.80153932048637,64.87256365230776,4,838.94,204.491625,214.978375,2026-05-13 11:07:00,204.491625,STOP_LOSS,-20.973500000000058,-2.500000000000002
KMI,2026-05-12 00:00:00,2026-05-13 00:00:00,0.0392551585304479,3.0,2026-05-13 09:50:00,32.36,48.59007103441754,48.48553380293426,30,970.8,31.551,33.169,2026-05-14 10:38:00,33.169,TAKE_PROFIT,24.269999999999925,2.499999999999991
MCO,2026-05-12 00:00:00,2026-05-13 00:00:00,0.0407450523864959,4.0,2026-05-13 09:50:00,442.82,42.64008965260671,39.333193034693636,2,885.64,431.7495,453.8905,2026-05-15 11:41:00,431.7495,STOP_LOSS,-22.140999999999963,-2.499999999999991
FDX,2026-05-12 00:00:00,2026-05-13 00:00:00,0.0271247739602169,2.0,2026-05-13 09:55:00,378.33,54.67834528926045,50.09485576758263,2,756.66,368.87174999999996,387.78824999999995,2026-05-13 14:35:00,368.87174999999996,STOP_LOSS,-18.916500000000042,-2.500000000000002
PLD,2026-05-12 00:00:00,2026-05-13 00:00:00,0.0561797752808988,5.0,2026-05-13 09:57:00,143.545,51.527098192497,50.32449894512341,6,861.27,139.95637499999998,147.13362499999997,2026-05-15 15:59:00,140.53,WEEK_END_CLOSE,-18.089999999999918,-2.1003866383364045
AEP,2026-05-12 00:00:00,2026-05-13 00:00:00,0.0614525139664804,6.0,2026-05-13 10:09:00,127.0,33.85360351795579,33.73387657804518,7,889.0,123.825,130.17499999999998,2026-05-15 15:59:00,125.13,WEEK_END_CLOSE,-13.090000000000032,-1.472440944881892
MO,2026-05-12 00:00:00,2026-05-13 00:00:00,0.0707314619176979,9.0,2026-05-13 10:25:00,71.0,55.84971723419051,54.004055318011154,14,994.0,69.225,72.77499999999999,2026-05-15 09:30:00,73.02,TAKE_PROFIT_GAP,28.279999999999944,2.845070422535212
PGR,2026-05-12 00:00:00,2026-05-13 00:00:00,0.0722543352601156,10.0,2026-05-13 10:37:00,200.29,56.904403212220295,53.82141250052249,4,801.16,195.28275,205.29724999999996,2026-05-15 15:59:00,199.81,WEEK_END_CLOSE,-1.919999999999959,-0.23965250386938086
ADI,2026-05-12 00:00:00,2026-05-13 00:00:00,0.063150074294205,7.0,2026-05-13 10:48:00,432.85,57.39458679516455,56.938733336630065,2,865.7,422.02875,443.67125,2026-05-15 09:30:00,415.18,STOP_LOSS_GAP,-35.34000000000003,-4.082245581610266
ADP,2026-05-12 00:00:00,2026-05-13 00:00:00,0.0674300254452926,8.0,2026-05-13 12:33:00,207.0,46.88541372100607,44.72050138991332,4,828.0,201.825,212.17499999999998,2026-05-15 09:30:00,212.17499999999998,TAKE_PROFIT,20.699999999999932,2.499999999999991
FDX,2026-05-12 00:00:00,2026-05-13 00:00:00,0.0271247739602169,2.0,2026-05-13 14:42:00,369.405,47.051137124223764,44.77791183759305,2,738.81,360.169875,378.64012499999995,2026-05-14 12:13:00,378.64012499999995,TAKE_PROFIT,18.470249999999965,2.499999999999991
NSC,2026-05-13 00:00:00,2026-05-14 00:00:00,0.0,1.0,2026-05-14 09:46:00,312.3699,55.335680327136345,51.652885387876616,3,937.1097,304.56065249999995,320.17914749999994,2026-05-15 15:59:00,316.62,WEEK_END_CLOSE,12.750300000000095,1.360598444344352
UNP,2026-05-13 00:00:00,2026-05-14 00:00:00,0.0724149545301448,9.0,2026-05-14 09:48:00,265.745,52.22675492299682,51.38866398777031,3,797.235,259.101375,272.388625,2026-05-15 15:59:00,270.58,WEEK_END_CLOSE,14.504999999999939,1.8194133473818708
APO,2026-05-13 00:00:00,2026-05-14 00:00:00,0.0721247563352826,8.0,2026-05-14 09:49:00,132.42,47.989607046797104,47.3467983673068,7,926.9399999999999,129.1095,135.73049999999998,2026-05-14 10:54:00,135.73049999999998,TAKE_PROFIT,23.173499999999933,2.499999999999991
CL,2026-05-13 00:00:00,2026-05-14 00:00:00,0.046692607003891,6.0,2026-05-14 09:53:00,88.56,64.59444184819603,64.00194466174567,11,974.1600000000001,86.346,90.774,2026-05-15 15:59:00,88.15,WEEK_END_CLOSE,-4.5099999999999625,-0.4629629629629539
KMI,2026-05-13 00:00:00,2026-05-14 00:00:00,0.0391541038525963,5.0,2026-05-14 10:50:00,33.215,60.734707773092225,60.59926337055775,30,996.45,32.384625,34.045375,2026-05-15 15:59:00,33.63,WEEK_END_CLOSE,12.449999999999974,1.2494354960108423
AFL,2026-05-13 00:00:00,2026-05-14 00:00:00,0.0050813008130081,2.0,2026-05-14 10:58:00,116.4,51.181874259207795,50.99834481950405,8,931.2,113.49000000000001,119.31,2026-05-15 15:59:00,116.84,WEEK_END_CLOSE,3.519999999999982,0.37800687285223233
APO,2026-05-13 00:00:00,2026-05-14 00:00:00,0.0721247563352826,8.0,2026-05-14 11:15:00,136.44,67.78301757586462,65.52905354184784,7,955.0799999999999,133.029,139.851,2026-05-15 09:33:00,133.029,STOP_LOSS,-23.87700000000001,-2.500000000000002
AMT,2026-05-14 00:00:00,2026-05-15 00:00:00,0.0458015267175572,8.0,2026-05-15 09:46:00,169.35,40.611535523020635,40.34793305392677,5,846.75,165.11624999999998,173.58374999999998,2026-05-15 15:59:00,170.71,WEEK_END_CLOSE,6.800000000000068,0.8030705639208824
CTAS,2026-05-14 00:00:00,2026-05-15 00:00:00,0.0625,10.0,2026-05-15 09:46:00,167.75,61.73596664848267,61.231501805543694,5,838.75,163.55625,171.94375,2026-05-15 15:59:00,168.34,WEEK_END_CLOSE,2.950000000000017,0.351713859910574
GD,2026-05-14 00:00:00,2026-05-15 00:00:00,0.0125,2.0,2026-05-15 09:46:00,340.585,51.2698886319278,48.17552219227738,2,681.17,332.07037499999996,349.09962499999995,2026-05-15 15:59:00,334.5,WEEK_END_CLOSE,-12.169999999999959,-1.7866318246546276
CMCSA,2026-05-14 00:00:00,2026-05-15 00:00:00,0.039784739573323,6.0,2026-05-15 09:56:00,25.29,48.87908502571044,47.74743562955833,39,986.31,24.65775,25.92225,2026-05-15 15:59:00,24.755,WEEK_END_CLOSE,-20.865000000000006,-2.1154606563859257
FDX,2026-05-14 00:00:00,2026-05-15 00:00:00,0.0389610389610389,5.0,2026-05-15 09:56:00,376.5,56.31822012997921,48.9036782575623,2,753.0,367.0875,385.91249999999997,2026-05-15 15:59:00,375.855,WEEK_END_CLOSE,-1.2899999999999636,-0.1713147410358551
TT,2026-05-14 00:00:00,2026-05-15 00:00:00,0.0446428571428571,7.0,2026-05-15 09:56:00,471.81,48.014258293209096,47.80110115247176,2,943.62,460.01475,483.60524999999996,2026-05-15 15:59:00,466.4,WEEK_END_CLOSE,-10.82000000000005,-1.1466480150908231
RSG,2026-05-14 00:00:00,2026-05-15 00:00:00,0.0154999148356327,3.0,2026-05-15 09:57:00,210.46,60.760732952759675,59.31728041380511,4,841.84,205.1985,215.7215,2026-05-15 15:59:00,208.36,WEEK_END_CLOSE,-8.399999999999977,-0.9978143115081273
SO,2026-05-14 00:00:00,2026-05-15 00:00:00,0.0549450549450549,9.0,2026-05-15 10:00:00,93.58,53.49249197369428,53.43495755684743,10,935.8,91.2405,95.91949999999999,2026-05-15 15:59:00,92.575,WEEK_END_CLOSE,-10.049999999999955,-1.0739474246633796
MPC,2026-05-14 00:00:00,2026-05-15 00:00:00,0.012210796915167,1.0,2026-05-15 10:07:00,254.18,57.82498677709088,56.51815080974518,3,762.54,247.8255,260.5345,2026-05-15 15:59:00,255.02,WEEK_END_CLOSE,2.5200000000000102,0.3304744669132109
APD,2026-05-14 00:00:00,2026-05-15 00:00:00,0.0360824742268041,4.0,2026-05-15 10:27:00,297.565,51.153861252033025,46.79388513785947,3,892.6949999999999,290.125875,305.004125,2026-05-15 15:59:00,295.37,WEEK_END_CLOSE,-6.5849999999999795,-0.7376539579587615
JCI,2026-05-15 00:00:00,2026-05-18 00:00:00,0.0469483568075117,6.0,2026-05-18 09:50:00,142.185,48.7500784211274,48.29655102346193,7,995.2950000000001,138.630375,145.739625,2026-05-18 12:09:00,138.630375,STOP_LOSS,-24.88237500000011,-2.5000000000000133
VRTX,2026-05-15 00:00:00,2026-05-18 00:00:00,0.0498338870431893,7.0,2026-05-18 09:53:00,436.25,52.92911579934236,46.23147545295634,2,872.5,425.34375,447.15624999999994,2026-05-22 15:59:00,434.53,WEEK_END_CLOSE,-3.4400000000000546,-0.3942693409742182
MO,2026-05-15 00:00:00,2026-05-18 00:00:00,0.0608391608391608,8.0,2026-05-18 09:55:00,73.14,54.38331565682854,53.72494248708157,13,950.82,71.3115,74.96849999999999,2026-05-22 15:59:00,73.91,WEEK_END_CLOSE,10.009999999999948,1.052775499042924
RSG,2026-05-15 00:00:00,2026-05-18 00:00:00,0.0054744525547445,1.0,2026-05-18 09:55:00,210.34,57.804927451160275,56.9670441295686,4,841.36,205.0815,215.59849999999997,2026-05-19 09:30:00,216.19,TAKE_PROFIT_GAP,23.399999999999977,2.781211372064285
AXP,2026-05-15 00:00:00,2026-05-18 00:00:00,0.0455585498550872,5.0,2026-05-18 10:04:00,314.835,52.360077844556166,50.87451795645515,3,944.5049999999999,306.96412499999997,322.70587499999993,2026-05-20 09:31:00,306.96412499999997,STOP_LOSS,-23.612625000000037,-2.500000000000002
UNP,2026-05-15 00:00:00,2026-05-18 00:00:00,0.0753114382785957,9.0,2026-05-18 10:05:00,273.285,64.6053973025729,61.414904878885736,3,819.855,266.452875,280.117125,2026-05-20 15:30:00,266.452875,STOP_LOSS,-20.496375000000057,-2.500000000000002
MRSH,2026-05-15 00:00:00,2026-05-18 00:00:00,0.0350877192982456,4.0,2026-05-18 10:18:00,164.88,58.878506575517136,55.97110776802359,6,989.28,160.75799999999998,169.00199999999998,2026-05-19 10:22:00,169.00199999999998,TAKE_PROFIT,24.731999999999914,2.499999999999991
PLD,2026-05-15 00:00:00,2026-05-18 00:00:00,0.0159744408945686,2.0,2026-05-18 10:18:00,142.0999,57.77268727743763,54.70089027615658,7,994.6993,138.54740249999998,145.65239749999998,2026-05-22 09:47:00,145.74,TAKE_PROFIT_GAP,25.480700000000127,2.561648530364913
MDLZ,2026-05-15 00:00:00,2026-05-18 00:00:00,0.0766666666666666,10.0,2026-05-18 10:33:00,61.68,63.629982772203164,63.28572340045191,16,986.88,60.138,63.221999999999994,2026-05-22 15:59:00,61.74,WEEK_END_CLOSE,0.9600000000000364,0.09727626459143934
SO,2026-05-15 00:00:00,2026-05-18 00:00:00,0.0343473994111874,3.0,2026-05-18 10:33:00,92.65,57.91195100247648,48.88828167829245,10,926.5,90.33375000000001,94.96625,2026-05-22 15:59:00,94.56,WEEK_END_CLOSE,19.099999999999966,2.061521856448989
JCI,2026-05-15 00:00:00,2026-05-18 00:00:00,0.0469483568075117,6.0,2026-05-18 12:14:00,138.91,42.10748599168578,38.07120191388327,7,972.37,135.43725,142.38275,2026-05-19 09:32:00,135.25,STOP_LOSS_GAP,-25.619999999999976,-2.634799510474406
AON,2026-05-18 00:00:00,2026-05-19 00:00:00,0.1119402985074626,9.0,2026-05-19 09:45:00,326.05,57.36818290704775,49.78999533154568,3,978.1500000000001,317.89875,334.20124999999996,2026-05-20 09:31:00,317.89875,STOP_LOSS,-24.453750000000014,-2.500000000000002
NOC,2026-05-18 00:00:00,2026-05-19 00:00:00,0.0972222222222222,8.0,2026-05-19 09:45:00,553.455,59.38923834882202,56.98850265716099,1,553.455,539.6186250000001,567.291375,2026-05-22 15:59:00,555.58,WEEK_END_CLOSE,2.125,0.3839517214588417
SPGI,2026-05-18 00:00:00,2026-05-19 00:00:00,0.0459770114942528,4.0,2026-05-19 09:45:00,417.28,53.59359516620895,50.91393642277792,2,834.56,406.84799999999996,427.71199999999993,2026-05-20 09:30:00,406.84799999999996,STOP_LOSS,-20.864000000000033,-2.500000000000002
GE,2026-05-18 00:00:00,2026-05-19 00:00:00,0.0336784799316823,2.0,2026-05-19 09:47:00,284.695,52.27698902868738,50.36695999626641,3,854.085,277.577625,291.812375,2026-05-20 09:46:00,291.812375,TAKE_PROFIT,21.352124999999944,2.499999999999991
HLT,2026-05-18 00:00:00,2026-05-19 00:00:00,0.0558035714285714,5.0,2026-05-19 09:50:00,314.78,45.13673143096673,40.144424292624215,3,944.3399999999999,306.91049999999996,322.64949999999993,2026-05-20 11:05:00,322.64949999999993,TAKE_PROFIT,23.60849999999988,2.499999999999991
ITW,2026-05-18 00:00:00,2026-05-19 00:00:00,0.0291095890410958,1.0,2026-05-19 09:50:00,246.09,45.16950920592334,43.74343042455109,4,984.36,239.93775,252.24224999999998,2026-05-22 13:29:00,252.24224999999998,TAKE_PROFIT,24.608999999999924,2.499999999999991
AMGN,2026-05-18 00:00:00,2026-05-19 00:00:00,0.0851699663802764,7.0,2026-05-19 09:51:00,323.67,56.03600315650738,53.54444058374327,3,971.01,315.57825,331.76175,2026-05-19 11:19:00,331.76175,TAKE_PROFIT,24.27524999999997,2.499999999999991
KKR,2026-05-18 00:00:00,2026-05-19 00:00:00,0.1170454545454545,10.0,2026-05-19 09:51:00,94.9,51.614925295383365,47.297447014581785,10,949.0,92.5275,97.2725,2026-05-19 15:04:00,92.5275,STOP_LOSS,-23.725000000000023,-2.500000000000002
MRSH,2026-05-18 00:00:00,2026-05-19 00:00:00,0.03475935828877,3.0,2026-05-19 10:47:00,169.09,68.10096369262337,62.977261771956,5,845.45,164.86275,173.31725,2026-05-20 09:30:00,164.39,STOP_LOSS_GAP,-23.500000000000085,-2.779584836477622
AMGN,2026-05-18 00:00:00,2026-05-19 00:00:00,0.0851699663802764,7.0,2026-05-19 12:13:00,330.675,55.56989396195364,53.115185251534854,3,992.0250000000001,322.408125,338.941875,2026-05-22 09:30:00,340.26,TAKE_PROFIT_GAP,28.75499999999994,2.898616466318882
KKR,2026-05-18 00:00:00,2026-05-19 00:00:00,0.1170454545454545,10.0,2026-05-19 15:15:00,92.77,54.69761958033785,44.00796716527409,10,927.6999999999999,90.45075,95.08924999999999,2026-05-21 14:19:00,95.08924999999999,TAKE_PROFIT,23.192499999999967,2.499999999999991
ABBV,2026-05-19 00:00:00,2026-05-20 00:00:00,0.0632680928538916,6.0,2026-05-20 09:45:00,213.875,53.332131674525485,51.75053099322311,4,855.5,208.528125,219.22187499999998,2026-05-22 10:11:00,219.22187499999998,TAKE_PROFIT,21.387499999999932,2.499999999999991
JNJ,2026-05-19 00:00:00,2026-05-20 00:00:00,0.0612467603328331,5.0,2026-05-20 09:45:00,231.22,61.65025120685131,60.63736889727539,4,924.88,225.43949999999998,237.0005,2026-05-22 15:59:00,234.38,WEEK_END_CLOSE,12.639999999999986,1.3666637834097273
WM,2026-05-19 00:00:00,2026-05-20 00:00:00,0.0462177600830881,4.0,2026-05-20 09:45:00,220.46,42.1563048004608,34.50930289044431,4,881.84,214.9485,225.9715,2026-05-22 15:59:00,217.985,WEEK_END_CLOSE,-9.899999999999977,-1.1226526353987132
KMI,2026-05-19 00:00:00,2026-05-20 00:00:00,0.0255640465793304,1.0,2026-05-20 09:47:00,34.47,49.335547637671006,47.8536188808503,29,999.63,33.60825,35.33174999999999,2026-05-20 13:56:00,33.60825,STOP_LOSS,-24.99075000000002,-2.500000000000002
MDT,2026-05-19 00:00:00,2026-05-20 00:00:00,0.0802757941393745,10.0,2026-05-20 09:51:00,78.34,55.582545465196894,52.813080399115954,12,940.08,76.3815,80.29849999999999,2026-05-22 15:59:00,78.58,WEEK_END_CLOSE,2.8799999999999386,0.30635690579523533
PEP,2026-05-19 00:00:00,2026-05-20 00:00:00,0.0280199566597792,2.0,2026-05-20 09:54:00,150.41,60.79999809920447,57.738949126486624,6,902.46,146.64974999999998,154.17024999999998,2026-05-21 09:41:00,146.64974999999998,STOP_LOSS,-22.56150000000008,-2.5000000000000133
AON,2026-05-19 00:00:00,2026-05-20 00:00:00,0.0666666666666666,7.0,2026-05-20 10:02:00,321.61,47.4081966573772,44.428178292364535,3,964.83,313.56975,329.65024999999997,2026-05-22 15:59:00,324.75,WEEK_END_CLOSE,9.419999999999959,0.9763378004415291
AFL,2026-05-19 00:00:00,2026-05-20 00:00:00,0.0379131561892417,3.0,2026-05-20 10:10:00,118.18,50.05903156242254,43.10906663996365,8,945.44,115.22550000000001,121.1345,2026-05-22 15:59:00,117.85,WEEK_END_CLOSE,-2.6400000000001,-0.2792350651548592
ADP,2026-05-19 00:00:00,2026-05-20 00:00:00,0.0725138121546961,9.0,2026-05-20 10:42:00,219.33,52.56128497941469,48.89119411483206,4,877.32,213.84675000000001,224.81324999999998,2026-05-22 09:41:00,224.81324999999998,TAKE_PROFIT,21.93299999999988,2.499999999999991
SNPS,2026-05-19 00:00:00,2026-05-20 00:00:00,0.0702479338842975,8.0,2026-05-20 11:01:00,491.82,58.97694038001663,58.68230873049006,2,983.64,479.5245,504.11549999999994,2026-05-21 13:17:00,504.4,TAKE_PROFIT_GAP,25.159999999999968,2.5578463665568707
KMI,2026-05-19 00:00:00,2026-05-20 00:00:00,0.0255640465793304,1.0,2026-05-20 14:13:00,33.615,45.10666381396691,42.55225337163111,29,974.835,32.774625,34.455375,2026-05-22 15:59:00,33.79,WEEK_END_CLOSE,5.074999999999918,0.5206009222073371
MS,2026-05-20 00:00:00,2026-05-21 00:00:00,0.0722875377897211,7.0,2026-05-21 09:45:00,198.84,58.29079273452083,57.20678492329396,5,994.2,193.869,203.81099999999998,2026-05-22 15:59:00,201.04,WEEK_END_CLOSE,10.999999999999943,1.1064172198752775
USB,2026-05-20 00:00:00,2026-05-21 00:00:00,0.053127677806341,4.0,2026-05-21 09:48:00,54.19,50.864555391311114,49.11000878952369,18,975.42,52.835249999999995,55.54474999999999,2026-05-22 15:59:00,54.825,WEEK_END_CLOSE,11.430000000000092,1.1718029156670973
SHW,2026-05-20 00:00:00,2026-05-21 00:00:00,0.0150801131008482,1.0,2026-05-21 09:49:00,300.87,43.36190023771092,42.59514370677929,3,902.61,293.34825,308.39175,2026-05-21 13:34:00,308.39175,TAKE_PROFIT,22.565249999999992,2.499999999999991
AJG,2026-05-20 00:00:00,2026-05-21 00:00:00,0.0909090909090909,9.0,2026-05-21 09:50:00,201.67,50.82859151707996,47.08351946410991,4,806.68,196.62824999999998,206.71174999999997,2026-05-21 12:00:00,206.76,TAKE_PROFIT_GAP,20.360000000000014,2.5239252243764554
TFC,2026-05-20 00:00:00,2026-05-21 00:00:00,0.0630420985826105,6.0,2026-05-21 09:50:00,47.69,52.05683793267434,51.824137411483086,20,953.8,46.497749999999996,48.88224999999999,2026-05-22 15:59:00,48.39,WEEK_END_CLOSE,14.000000000000057,1.4678129586915611
WELL,2026-05-20 00:00:00,2026-05-21 00:00:00,0.0446428571428571,3.0,2026-05-21 09:50:00,217.73,60.12752401958066,59.94679541707639,4,870.92,212.28674999999998,223.17324999999997,2026-05-22 15:59:00,216.38,WEEK_END_CLOSE,-5.399999999999977,-0.6200339870481741
CMI,2026-05-20 00:00:00,2026-05-21 00:00:00,0.0414364640883977,2.0,2026-05-21 10:11:00,640.555,40.36573382328744,39.57865055951914,1,640.555,624.541125,656.5688749999999,2026-05-22 15:59:00,639.29,WEEK_END_CLOSE,-1.2649999999999864,-0.19748499348221094
WMB,2026-05-20 00:00:00,2026-05-21 00:00:00,0.05720823798627,5.0,2026-05-21 10:11:00,77.79,52.9593427061067,51.81497936878181,12,933.48,75.84525000000001,79.73475,2026-05-22 15:59:00,78.46,WEEK_END_CLOSE,8.03999999999985,0.8612932253502903
AJG,2026-05-20 00:00:00,2026-05-21 00:00:00,0.0909090909090909,9.0,2026-05-21 12:11:00,206.53,57.64856795387686,54.17142385283925,4,826.12,201.36675,211.69324999999998,2026-05-22 15:59:00,204.87,WEEK_END_CLOSE,-6.639999999999986,-0.8037573233912743
SHW,2026-05-20 00:00:00,2026-05-21 00:00:00,0.0150801131008482,1.0,2026-05-21 13:41:00,308.895,69.02053716620235,64.31732432817138,3,926.685,301.172625,316.617375,2026-05-22 15:59:00,309.08,WEEK_END_CLOSE,0.5550000000000068,0.059890901439008104
TEL,2026-05-21 00:00:00,2026-05-22 00:00:00,0.0827067669172932,9.0,2026-05-22 09:47:00,202.875,58.77866146037422,56.89283356653114,4,811.5,197.803125,207.94687499999998,2026-05-22 15:59:00,202.85,WEEK_END_CLOSE,-0.10000000000002274,-0.012322858903268674
AEP,2026-05-21 00:00:00,2026-05-22 00:00:00,0.0392706872370266,5.0,2026-05-22 09:54:00,130.355,64.52080940774741,61.25661048620195,7,912.4849999999999,127.09612499999999,133.61387499999998,2026-05-22 15:59:00,131.59,WEEK_END_CLOSE,8.645000000000095,0.9474128341835808
APD,2026-05-21 00:00:00,2026-05-22 00:00:00,0.0286697247706422,3.0,2026-05-22 09:57:00,293.265,60.54873690989895,59.96945877600261,3,879.795,285.93337499999996,300.59662499999996,2026-05-22 15:59:00,289.34,WEEK_END_CLOSE,-11.775000000000034,-1.3383799635142357
CMCSA,2026-05-21 00:00:00,2026-05-22 00:00:00,0.0368157597287259,4.0,2026-05-22 09:57:00,25.245,53.71636238467592,53.18195932541247,39,984.5550000000001,24.613875,25.876125,2026-05-22 15:59:00,25.205,WEEK_END_CLOSE,-1.5600000000001053,-0.15844721727075184
TMO,2026-05-21 00:00:00,2026-05-22 00:00:00,0.0689045936395759,7.0,2026-05-22 10:03:00,450.87,47.1058470381938,46.7794538236368,2,901.74,439.59825,462.14174999999994,2026-05-22 15:59:00,448.205,WEEK_END_CLOSE,-5.330000000000041,-0.5910794685829668
CSX,2026-05-21 00:00:00,2026-05-22 00:00:00,0.0856031128404669,10.0,2026-05-22 10:07:00,45.885,45.36113633654001,44.632433502531576,21,963.5849999999999,44.737874999999995,47.03212499999999,2026-05-22 15:59:00,45.51,WEEK_END_CLOSE,-7.875,-0.8172605426610025
ABBV,2026-05-21 00:00:00,2026-05-22 00:00:00,0.025812274368231,2.0,2026-05-22 11:11:00,218.21,52.44138633376092,50.49967330081783,4,872.84,212.75475,223.66525,2026-05-22 15:59:00,215.76,WEEK_END_CLOSE,-9.800000000000068,-1.1227716419962452
PM,2026-05-21 00:00:00,2026-05-22 00:00:00,0.0786516853932584,8.0,2026-05-22 11:17:00,189.205,49.86915815921216,49.181960526772194,5,946.0250000000001,184.474875,193.935125,2026-05-22 15:59:00,189.07,WEEK_END_CLOSE,-0.6750000000000966,-0.07135117993711804
DHR,2026-05-22 00:00:00,2026-05-26 00:00:00,0.0471976401179941,3.0,2026-05-26 09:45:00,171.11,51.05041687664697,42.28824861247287,5,855.5500000000001,166.83225000000002,175.38775,2026-05-27 09:34:00,175.38775,TAKE_PROFIT,21.388749999999987,2.499999999999991
COF,2026-05-22 00:00:00,2026-05-26 00:00:00,0.0754716981132075,7.0,2026-05-26 09:49:00,189.28,52.68365023687296,51.010404764270575,5,946.4,184.548,194.01199999999997,2026-05-28 10:11:00,184.548,STOP_LOSS,-23.659999999999997,-2.500000000000002
ADP,2026-05-22 00:00:00,2026-05-26 00:00:00,0.0920716112531969,10.0,2026-05-26 09:50:00,220.94,41.81737954111974,40.50541148334942,4,883.76,215.41649999999998,226.46349999999998,2026-05-29 15:59:00,221.83,WEEK_END_CLOSE,3.560000000000059,0.4028242961890083
AEP,2026-05-22 00:00:00,2026-05-26 00:00:00,0.0860323886639676,9.0,2026-05-26 09:50:00,131.97,58.9042218430111,56.21818309835095,7,923.79,128.67075,135.26925,2026-05-28 09:58:00,128.67075,STOP_LOSS,-23.094750000000005,-2.500000000000002
AFL,2026-05-22 00:00:00,2026-05-26 00:00:00,0.078125,8.0,2026-05-26 09:56:00,117.55,53.67709051970905,48.135981401258455,8,940.4,114.61125,120.48874999999998,2026-05-27 15:31:00,114.61,STOP_LOSS_GAP,-23.519999999999982,-2.501063377286261
ALL,2026-05-22 00:00:00,2026-05-26 00:00:00,0.0717948717948717,5.0,2026-05-26 09:56:00,216.92,50.75344210309878,48.46831145683822,4,867.68,211.49699999999999,222.34299999999996,2026-05-27 09:32:00,211.49699999999999,STOP_LOSS,-21.692000000000007,-2.500000000000002
BSX,2026-05-22 00:00:00,2026-05-26 00:00:00,0.0623781676413255,4.0,2026-05-26 10:00:00,57.49,48.066574087017955,47.745674423421896,17,977.33,56.05275,58.927249999999994,2026-05-27 09:30:00,53.13,STOP_LOSS_GAP,-74.11999999999999,-7.5839276395894935
JCI,2026-05-22 00:00:00,2026-05-26 00:00:00,0.0749185667752443,6.0,2026-05-26 10:02:00,139.87,47.54759289790104,46.198192130248586,7,979.09,136.37325,143.36675,2026-05-28 09:39:00,136.37325,STOP_LOSS,-24.47724999999994,-2.499999999999991
UPS,2026-05-22 00:00:00,2026-05-26 00:00:00,0.0342597199516667,2.0,2026-05-26 10:02:00,102.4458,61.983051626489704,57.99674259582006,9,922.0122,99.88465500000001,105.006945,2026-05-28 10:03:00,105.006945,TAKE_PROFIT,23.050304999999966,2.499999999999991
EMR,2026-05-22 00:00:00,2026-05-26 00:00:00,0.0264150943396226,1.0,2026-05-26 10:07:00,138.61,59.47518604105674,54.75718006047769,7,970.2700000000001,135.14475000000002,142.07525,2026-05-27 09:30:00,142.07525,TAKE_PROFIT,24.256749999999982,2.499999999999991
NSC,2026-05-26 00:00:00,2026-05-27 00:00:00,0.0,1.0,2026-05-27 09:49:00,322.455,58.00572915784765,55.439696732373044,3,967.365,314.393625,330.516375,2026-05-28 09:31:00,314.393625,STOP_LOSS,-24.184124999999995,-2.500000000000002
REGN,2026-05-26 00:00:00,2026-05-27 00:00:00,0.1098696461824953,9.0,2026-05-27 09:52:00,635.0,48.052343913120325,47.39029410393288,1,635.0,619.125,650.875,2026-05-29 09:35:00,619.125,STOP_LOSS,-15.875,-2.500000000000002
ECL,2026-05-26 00:00:00,2026-05-27 00:00:00,0.0833333333333333,7.0,2026-05-27 09:55:00,260.75,61.371771271281034,61.05433918264793,3,782.25,254.23125,267.26874999999995,2026-05-29 15:59:00,256.02,WEEK_END_CLOSE,-14.190000000000055,-1.81399808245446
WFC,2026-05-26 00:00:00,2026-05-27 00:00:00,0.0316788281420169,4.0,2026-05-27 09:55:00,76.26,49.78298714281217,47.651346136864646,13,991.3800000000001,74.3535,78.1665,2026-05-29 15:59:00,77.54,WEEK_END_CLOSE,16.640000000000015,1.6784683975872072
SO,2026-05-26 00:00:00,2026-05-27 00:00:00,0.106060606060606,8.0,2026-05-27 10:05:00,94.175,48.69394289434529,47.71340910479842,10,941.75,91.82062499999999,96.52937499999999,2026-05-29 09:43:00,91.82062499999999,STOP_LOSS,-23.543750000000045,-2.500000000000002
MMM,2026-05-26 00:00:00,2026-05-27 00:00:00,0.0358161286643093,5.0,2026-05-27 10:17:00,156.33,63.29412183868402,61.00019069873616,6,937.98,152.42175,160.23825,2026-05-28 09:30:00,152.42175,STOP_LOSS,-23.449500000000057,-2.500000000000002
TJX,2026-05-26 00:00:00,2026-05-27 00:00:00,0.0520833333333333,6.0,2026-05-27 10:17:00,159.11,53.46908429929302,52.096262705932794,6,954.6600000000001,155.13225,163.08775,2026-05-28 10:57:00,155.13225,STOP_LOSS,-23.866500000000087,-2.5000000000000133
UNP,2026-05-26 00:00:00,2026-05-27 00:00:00,0.0069813923373588,2.0,2026-05-27 10:30:00,274.79,60.574701981084914,54.877951278034594,3,824.3700000000001,267.92025,281.65975,2026-05-28 09:34:00,267.92025,STOP_LOSS,-20.60925000000003,-2.500000000000002
DLR,2026-05-27 00:00:00,2026-05-28 00:00:00,0.0183299389002036,4.0,2026-05-28 09:45:00,191.045,41.51469375759465,37.935079578112514,5,955.2249999999999,186.26887499999998,195.82112499999997,2026-05-29 15:59:00,189.97,WEEK_END_CLOSE,-5.374999999999943,-0.5626946530921995
PG,2026-05-27 00:00:00,2026-05-28 00:00:00,0.0713828267402335,10.0,2026-05-28 09:50:00,145.83,41.34579387999087,40.90620740881312,6,874.98,142.18425000000002,149.47575,2026-05-29 15:59:00,143.56,WEEK_END_CLOSE,-13.620000000000061,-1.5566070081601935
CSX,2026-05-27 00:00:00,2026-05-28 00:00:00,0.0697424892703862,9.0,2026-05-28 09:52:00,45.95,43.3608848295565,39.58451170865893,21,964.95,44.80125,47.098749999999995,2026-05-29 15:59:00,45.25,WEEK_END_CLOSE,-14.70000000000006,-1.5233949945593128
DHR,2026-05-27 00:00:00,2026-05-28 00:00:00,0.0156041016495764,2.0,2026-05-28 09:54:00,179.06,71.433068944137,70.67636230993543,5,895.3,174.5835,183.5365,2026-05-29 11:26:00,183.54,TAKE_PROFIT_GAP,22.39999999999995,2.501954652071925
SHW,2026-05-27 00:00:00,2026-05-28 00:00:00,0.0169133192389006,3.0,2026-05-28 09:54:00,305.7,44.61646932235474,40.487306272369025,3,917.0999999999999,298.0575,313.3425,2026-05-29 15:59:00,303.72,WEEK_END_CLOSE,-5.939999999999884,-0.647693817468098
CI,2026-05-27 00:00:00,2026-05-28 00:00:00,0.0630252100840336,8.0,2026-05-28 10:01:00,287.935,61.789009184095725,61.45338042472852,3,863.8050000000001,280.736625,295.133375,2026-05-29 09:55:00,280.736625,STOP_LOSS,-21.595124999999996,-2.500000000000002
TRV,2026-05-27 00:00:00,2026-05-28 00:00:00,0.0367170626349892,6.0,2026-05-28 10:01:00,298.29,46.115506440150135,40.239107462614434,3,894.8700000000001,290.83275000000003,305.74725,2026-05-29 15:54:00,290.83275000000003,STOP_LOSS,-22.371749999999963,-2.499999999999991
UPS,2026-05-27 00:00:00,2026-05-28 00:00:00,0.0365940553745928,5.0,2026-05-28 10:07:00,104.81,54.20613864101437,51.19473385943559,9,943.29,102.18975,107.43024999999999,2026-05-29 15:59:00,106.7,WEEK_END_CLOSE,17.010000000000005,1.8032630474191347
TEL,2026-05-27 00:00:00,2026-05-28 00:00:00,0.0606060606060606,7.0,2026-05-28 10:13:00,208.5,66.51909541841998,45.311197265651145,4,834.0,203.2875,213.71249999999998,2026-05-29 09:44:00,213.71249999999998,TAKE_PROFIT,20.84999999999991,2.499999999999991
RTX,2026-05-28 00:00:00,2026-05-29 00:00:00,0.0272775705913692,4.0,2026-05-29 09:45:00,177.66,46.786134794053424,42.977955843443226,5,888.3,173.2185,182.1015,2026-05-29 15:59:00,179.61,WEEK_END_CLOSE,9.750000000000085,1.0976021614319542
JCI,2026-05-28 00:00:00,2026-05-29 00:00:00,0.0218579234972677,3.0,2026-05-29 09:52:00,137.31,60.853903954858076,58.56187236721753,7,961.1700000000001,133.87725,140.74275,2026-05-29 15:59:00,134.1,WEEK_END_CLOSE,-22.470000000000056,-2.337775835700251
AON,2026-05-28 00:00:00,2026-05-29 00:00:00,0.0422535211267605,6.0,2026-05-29 10:00:00,316.885,50.96423176775506,50.73426749814491,3,950.655,308.962875,324.807125,2026-05-29 15:59:00,315.95,WEEK_END_CLOSE,-2.805000000000007,-0.29505972198116126
WMB,2026-05-28 00:00:00,2026-05-29 00:00:00,0.03954802259887,5.0,2026-05-29 10:03:00,71.68,37.27988899184043,34.986919935379966,13,931.8400000000001,69.888,73.472,2026-05-29 15:59:00,71.38,WEEK_END_CLOSE,-3.900000000000148,-0.4185267857143016
SO,2026-05-28 00:00:00,2026-05-29 00:00:00,0.0677966101694915,9.0,2026-05-29 10:07:00,91.53,40.477635338396645,40.10344165664586,10,915.3,89.24175,93.81824999999999,2026-05-29 15:59:00,92.01,WEEK_END_CLOSE,4.80000000000004,0.5244182235332628
ABBV,2026-05-28 00:00:00,2026-05-29 00:00:00,0.0473988439306358,7.0,2026-05-29 10:08:00,216.895,48.154008715797836,48.026742805556076,4,867.58,211.472625,222.317375,2026-05-29 15:59:00,217.6,WEEK_END_CLOSE,2.8199999999999363,0.32504207104819827
GILD,2026-05-28 00:00:00,2026-05-29 00:00:00,0.0022454564591958,1.0,2026-05-29 10:10:00,135.78,53.15573602293559,52.89241527533603,7,950.46,132.3855,139.1745,2026-05-29 15:59:00,134.47,WEEK_END_CLOSE,-9.170000000000016,-0.9647959935189299
MRK,2026-05-28 00:00:00,2026-05-29 00:00:00,0.0481369077727196,8.0,2026-05-29 10:10:00,118.965,48.5277867467298,48.31254681102909,8,951.72,115.990875,121.93912499999999,2026-05-29 15:59:00,118.74,WEEK_END_CLOSE,-1.8000000000000682,-0.18913125709243417
CMCSA,2026-05-29 00:00:00,2026-06-01 00:00:00,0.0861130825644665,9.0,2026-06-01 09:47:00,24.655,45.59153128403087,45.56261085504332,40,986.2,24.038625,25.271375,2026-06-03 11:00:00,24.038625,STOP_LOSS,-24.655000000000058,-2.500000000000002
TEL,2026-05-29 00:00:00,2026-06-01 00:00:00,0.0372340425531914,3.0,2026-06-01 09:50:00,211.7,52.17258043913221,49.865407264989,4,846.8,206.40749999999997,216.99249999999998,2026-06-03 09:31:00,216.99249999999998,TAKE_PROFIT,21.16999999999996,2.499999999999991
WMB,2026-05-29 00:00:00,2026-06-01 00:00:00,0.0204081632653061,2.0,2026-06-01 09:50:00,71.13,44.214709336804226,41.73534791754893,14,995.8199999999999,69.35175,72.90825,2026-06-05 15:59:00,71.965,WEEK_END_CLOSE,11.690000000000111,1.17390693097148
NSC,2026-05-29 00:00:00,2026-06-01 00:00:00,0.0575396825396825,6.0,2026-06-01 09:51:00,303.65,45.63702210617195,45.61203343581019,3,910.9499999999999,296.05875,311.2412499999999,2026-06-05 09:48:00,311.2412499999999,TAKE_PROFIT,22.773749999999836,2.499999999999991
APD,2026-05-29 00:00:00,2026-06-01 00:00:00,0.092063492063492,10.0,2026-06-01 09:52:00,277.79,44.64630402343719,44.154818689407435,3,833.3700000000001,270.84525,284.73475,2026-06-03 10:38:00,284.73475,TAKE_PROFIT,20.834249999999997,2.499999999999991
V,2026-05-29 00:00:00,2026-06-01 00:00:00,0.0460927877377856,4.0,2026-06-01 09:52:00,323.62,45.218767520034355,40.58944666290123,3,970.86,315.5295,331.71049999999997,2026-06-02 09:54:00,315.5295,STOP_LOSS,-24.27150000000006,-2.500000000000002
ELV,2026-05-29 00:00:00,2026-06-01 00:00:00,0.0476190476190476,5.0,2026-06-01 09:54:00,395.0,52.876753644049984,50.93740319060115,2,790.0,385.125,404.87499999999994,2026-06-04 09:32:00,404.87499999999994,TAKE_PROFIT,19.749999999999886,2.499999999999991
CDNS,2026-05-29 00:00:00,2026-06-01 00:00:00,0.0677419354838709,7.0,2026-06-01 10:04:00,392.21,65.54460402480856,63.017045119108296,2,784.42,382.40475,402.0152499999999,2026-06-01 11:43:00,402.0152499999999,TAKE_PROFIT,19.610499999999888,2.499999999999991
KMI,2026-05-29 00:00:00,2026-06-01 00:00:00,0.0742574257425742,8.0,2026-06-01 10:04:00,31.14,43.56210190602315,43.230548552059965,32,996.48,30.3615,31.918499999999998,2026-06-03 11:46:00,31.918499999999998,TAKE_PROFIT,24.91199999999992,2.499999999999991
ADP,2026-05-29 00:00:00,2026-06-01 00:00:00,0.0124653739612188,1.0,2026-06-01 10:46:00,230.14,66.41099578670952,63.02366954750342,4,920.56,224.38649999999998,235.89349999999996,2026-06-04 09:43:00,235.97,TAKE_PROFIT_GAP,23.32000000000005,2.533240636134537
CDNS,2026-05-29 00:00:00,2026-06-01 00:00:00,0.0677419354838709,7.0,2026-06-01 12:03:00,402.095,67.22722196875611,66.35633434945616,2,804.19,392.04262500000004,412.147375,2026-06-01 15:55:00,412.147375,TAKE_PROFIT,20.104749999999967,2.499999999999991
APO,2026-06-01 00:00:00,2026-06-02 00:00:00,0.0537670096249585,5.0,2026-06-02 09:55:00,128.35,41.490436017415625,36.651661894551076,7,898.4499999999999,125.14124999999999,131.55874999999997,2026-06-03 09:30:00,124.0,STOP_LOSS_GAP,-30.44999999999996,-3.389170237631467
NOC,2026-06-01 00:00:00,2026-06-02 00:00:00,0.0684570826750921,8.0,2026-06-02 09:55:00,535.07,46.59535673368596,41.39983076573956,1,535.07,521.69325,548.44675,2026-06-05 09:30:00,550.0,TAKE_PROFIT_GAP,14.92999999999995,2.7902891210495717
PSX,2026-06-01 00:00:00,2026-06-02 00:00:00,0.063063063063063,7.0,2026-06-02 09:55:00,180.855,55.05097414760521,50.91193772725313,5,904.275,176.33362499999998,185.37637499999997,2026-06-03 10:50:00,185.42,TAKE_PROFIT_GAP,22.82499999999999,2.524121533825441
AON,2026-06-01 00:00:00,2026-06-02 00:00:00,0.0263157894736842,1.0,2026-06-02 10:04:00,315.91,54.2427615002654,48.48931591966878,3,947.73,308.01225,323.80775,2026-06-04 09:44:00,324.0,TAKE_PROFIT_GAP,24.269999999999925,2.560855939982898
DHR,2026-06-01 00:00:00,2026-06-02 00:00:00,0.0468227424749163,3.0,2026-06-02 10:05:00,177.215,45.45590685796059,43.99866888382663,5,886.075,172.784625,181.645375,2026-06-04 09:30:00,182.27,TAKE_PROFIT_GAP,25.275000000000034,2.852467341929299
MSI,2026-06-01 00:00:00,2026-06-02 00:00:00,0.0497076023391812,4.0,2026-06-02 10:05:00,409.3775,54.33999782448566,50.24842242987761,2,818.755,399.1430625,419.61193749999995,2026-06-05 15:59:00,410.32,WEEK_END_CLOSE,1.884999999999991,0.23022760166349077
UPS,2026-06-01 00:00:00,2026-06-02 00:00:00,0.0302664391652447,2.0,2026-06-02 10:09:00,109.3,49.794137381428854,47.16594931932818,9,983.6999999999999,106.5675,112.03249999999998,2026-06-05 15:59:00,108.55,WEEK_END_CLOSE,-6.75,-0.6861848124428138
CSX,2026-06-01 00:00:00,2026-06-02 00:00:00,0.0703883495145631,9.0,2026-06-02 10:15:00,45.615,52.315745173891585,43.33547091231872,21,957.9150000000001,44.474625,46.755375,2026-06-03 10:35:00,46.755375,TAKE_PROFIT,23.947874999999975,2.499999999999991
MS,2026-06-01 00:00:00,2026-06-02 00:00:00,0.0551361752516281,6.0,2026-06-02 10:25:00,213.29,50.82256243458035,49.653921660685256,4,853.16,207.95774999999998,218.62224999999998,2026-06-04 12:30:00,218.62224999999998,TAKE_PROFIT,21.32899999999995,2.499999999999991
PEP,2026-06-02 00:00:00,2026-06-03 00:00:00,0.0417478049947046,6.0,2026-06-03 09:54:00,143.085,57.4776363692762,50.11308337117121,6,858.51,139.507875,146.662125,2026-06-05 15:59:00,141.86,WEEK_END_CLOSE,-7.349999999999966,-0.8561344655274805
PCAR,2026-06-02 00:00:00,2026-06-03 00:00:00,0.0049822064056939,2.0,2026-06-03 09:55:00,114.56,56.59252083910553,55.06125559766398,8,916.48,111.696,117.42399999999999,2026-06-04 11:22:00,117.42399999999999,TAKE_PROFIT,22.91199999999992,2.499999999999991
TMO,2026-06-02 00:00:00,2026-06-03 00:00:00,0.0430839002267573,8.0,2026-06-03 09:57:00,473.45,52.21848043884715,47.85741198434976,2,946.9,461.61375,485.28624999999994,2026-06-04 09:55:00,485.28624999999994,TAKE_PROFIT,23.6724999999999,2.499999999999991
SO,2026-06-02 00:00:00,2026-06-03 00:00:00,0.0412147505422993,5.0,2026-06-03 09:59:00,92.115,65.64458781232725,64.26744910268833,10,921.15,89.812125,94.41787499999998,2026-06-05 15:59:00,92.635,WEEK_END_CLOSE,5.200000000000102,0.564511751614849
SNPS,2026-06-02 00:00:00,2026-06-03 00:00:00,0.0551823416506717,10.0,2026-06-03 10:01:00,497.61,52.72564209070762,46.344055617559754,2,995.22,485.16975,510.05024999999995,2026-06-04 09:47:00,485.16975,STOP_LOSS,-24.880499999999984,-2.500000000000002
TRV,2026-06-02 00:00:00,2026-06-03 00:00:00,0.0428015564202334,7.0,2026-06-03 10:07:00,294.04,52.95445930909702,52.36572657774585,3,882.1200000000001,286.689,301.391,2026-06-05 11:14:00,301.391,TAKE_PROFIT,22.052999999999997,2.499999999999991
MDLZ,2026-06-02 00:00:00,2026-06-03 00:00:00,0.009933774834437,3.0,2026-06-03 10:19:00,61.75,55.87210010568777,54.17568785021299,16,988.0,60.20625,63.293749999999996,2026-06-05 15:59:00,62.05,WEEK_END_CLOSE,4.7999999999999545,0.4858299595141613
ABBV,2026-06-02 00:00:00,2026-06-03 00:00:00,0.0542953841722474,9.0,2026-06-03 10:35:00,218.0,57.95739459714855,53.45542626179128,4,872.0,212.54999999999998,223.45,2026-06-04 09:32:00,223.45,TAKE_PROFIT,21.799999999999955,2.499999999999991
APD,2026-06-02 00:00:00,2026-06-03 00:00:00,0.0264900662251655,4.0,2026-06-03 10:46:00,284.61,62.44760553134798,59.1559832477591,3,853.83,277.49475,291.72525,2026-06-05 15:59:00,282.34,WEEK_END_CLOSE,-6.810000000000116,-0.797582656969198
TGT,2026-06-03 00:00:00,2026-06-04 00:00:00,0.0348760403364304,9.0,2026-06-04 09:52:00,125.515,53.65938504314262,53.54057960591758,7,878.605,122.37712499999999,128.652875,2026-06-05 09:33:00,122.37712499999999,STOP_LOSS,-21.965125000000057,-2.500000000000002
FDX,2026-06-03 00:00:00,2026-06-04 00:00:00,0.0338983050847457,8.0,2026-06-04 09:59:00,330.09,55.21386664201382,54.992216089480394,3,990.27,321.83774999999997,338.3422499999999,2026-06-05 15:59:00,331.07,WEEK_END_CLOSE,2.9400000000000546,0.29688872731679083
PSX,2026-06-03 00:00:00,2026-06-04 00:00:00,0.0089743589743589,4.0,2026-06-04 10:02:00,182.35,46.04891262027293,42.07358771968344,5,911.75,177.79125,186.90874999999997,2026-06-05 15:59:00,183.145,WEEK_END_CLOSE,3.9750000000000796,0.4359747737866737
AFL,2026-06-03 00:00:00,2026-06-04 00:00:00,0.0008688097306689,3.0,2026-06-04 10:21:00,116.31,53.95264856786546,51.267839940472655,8,930.48,113.40225,119.21775,2026-06-05 15:59:00,118.26,WEEK_END_CLOSE,15.600000000000023,1.6765540366262544
ABBV,2026-06-03 00:00:00,2026-06-04 00:00:00,0.0398706896551724,10.0,2026-06-04 10:27:00,222.32,58.71992443363829,58.04775962558959,4,889.28,216.762,227.878,2026-06-05 09:30:00,227.878,TAKE_PROFIT,22.23199999999997,2.499999999999991
TFC,2026-06-03 00:00:00,2026-06-04 00:00:00,0.0302233902759526,7.0,2026-06-04 11:09:00,48.72,51.956110308976,50.68620554078442,20,974.4,47.501999999999995,49.937999999999995,2026-06-05 15:59:00,49.2,WEEK_END_CLOSE,9.60000000000008,0.9852216748768461
PCAR,2026-06-03 00:00:00,2026-06-04 00:00:00,0.0,2.0,2026-06-04 11:39:00,117.3,62.52506839828804,60.06293400273731,8,938.4,114.36749999999999,120.23249999999999,2026-06-05 15:59:00,116.67,WEEK_END_CLOSE,-5.039999999999964,-0.5370843989769836
PH,2026-06-04 00:00:00,2026-06-05 00:00:00,0.0303030303030303,3.0,2026-06-05 09:45:00,882.0,70.03188440800878,66.78344721063908,1,882.0,859.9499999999999,904.05,2026-06-05 15:59:00,882.54,WEEK_END_CLOSE,0.5399999999999636,0.061224489795908
HWM,2026-06-04 00:00:00,2026-06-05 00:00:00,0.0434782608695652,4.0,2026-06-05 09:50:00,250.76,56.028929261135694,55.04055326641582,3,752.28,244.49099999999999,257.029,2026-06-05 11:19:00,257.029,TAKE_PROFIT,18.807000000000016,2.5000000000000133
ICE,2026-06-04 00:00:00,2026-06-05 00:00:00,0.0891089108910891,8.0,2026-06-05 09:52:00,141.38,41.90849913985186,40.09941651104451,7,989.66,137.8455,144.91449999999998,2026-06-05 15:59:00,141.48,WEEK_END_CLOSE,0.6999999999999602,0.07073136228603616
MMM,2026-06-04 00:00:00,2026-06-05 00:00:00,0.0102418827631292,2.0,2026-06-05 09:57:00,153.875,56.35902154728286,54.767038937291034,6,923.25,150.028125,157.72187499999998,2026-06-05 15:59:00,153.74,WEEK_END_CLOSE,-0.8099999999999454,-0.08773354995937899
PLD,2026-06-04 00:00:00,2026-06-05 00:00:00,0.064,7.0,2026-06-05 10:02:00,144.83,67.67692320529531,64.1409895764695,6,868.98,141.20925,148.45075,2026-06-05 15:59:00,144.57,WEEK_END_CLOSE,-1.560000000000116,-0.17952081751019255
SYK,2026-06-04 00:00:00,2026-06-05 00:00:00,0.0626003210272873,6.0,2026-06-05 10:04:00,309.92,65.1067330606264,63.90500160771869,3,929.76,302.172,317.668,2026-06-05 15:59:00,305.68,WEEK_END_CLOSE,-12.720000000000027,-1.3680949922560637
DHR,2026-06-04 00:00:00,2026-06-05 00:00:00,0.0924488355681016,9.0,2026-06-05 10:16:00,184.59,48.1366325747521,44.15068386362395,5,922.95,179.97525,189.20475,2026-06-05 15:59:00,184.39,WEEK_END_CLOSE,-1.0000000000000853,-0.10834823121513848
TMUS,2026-06-04 00:00:00,2026-06-05 00:00:00,0.0933901918976545,10.0,2026-06-05 10:40:00,179.075,59.44127485288124,52.33193543016977,5,895.375,174.59812499999998,183.55187499999997,2026-06-05 15:59:00,178.18,WEEK_END_CLOSE,-4.474999999999909,-0.49979059053467667
HWM,2026-06-04 00:00:00,2026-06-05 00:00:00,0.0434782608695652,4.0,2026-06-05 12:22:00,254.55,45.171421604985284,44.87544283634618,3,763.6500000000001,248.18625,260.91375,2026-06-05 15:59:00,251.86,WEEK_END_CLOSE,-8.069999999999993,-1.0567668434492195
APO,2026-06-05 00:00:00,2026-06-08 00:00:00,0.0359712230215827,8.0,2026-06-08 09:45:00,128.67,63.502026307547595,59.31059874734566,7,900.6899999999999,125.45324999999998,131.88674999999998,2026-06-09 09:45:00,131.88674999999998,TAKE_PROFIT,22.517249999999933,2.499999999999991
PCAR,2026-06-05 00:00:00,2026-06-08 00:00:00,0.0152173913043478,5.0,2026-06-08 09:45:00,116.76,49.36075783325586,47.815738517745196,8,934.08,113.84100000000001,119.67899999999999,2026-06-09 09:32:00,119.67899999999999,TAKE_PROFIT,23.35199999999986,2.499999999999991
MDLZ,2026-06-05 00:00:00,2026-06-08 00:00:00,0.0019305019305019,2.0,2026-06-08 09:47:00,61.68,35.063849198930484,33.39212278935705,16,986.88,60.138,63.221999999999994,2026-06-09 12:17:00,63.221999999999994,TAKE_PROFIT,24.671999999999912,2.499999999999991
WMB,2026-06-05 00:00:00,2026-06-08 00:00:00,0.0269966254218222,6.0,2026-06-08 09:48:00,72.02,43.148421184137206,42.46688171028066,13,936.26,70.2195,73.8205,2026-06-12 15:59:00,72.08,WEEK_END_CLOSE,0.7800000000000296,0.08331019161345043
GILD,2026-06-05 00:00:00,2026-06-08 00:00:00,0.0070583557013619,3.0,2026-06-08 09:49:00,129.76,47.18931835304871,46.05789290426809,7,908.3199999999999,126.51599999999999,133.004,2026-06-09 09:31:00,126.51599999999999,STOP_LOSS,-22.708,-2.500000000000002
ADP,2026-06-05 00:00:00,2026-06-08 00:00:00,0.0452830188679245,10.0,2026-06-08 09:50:00,230.02,40.05572421449245,38.16638686356174,4,920.08,224.2695,235.7705,2026-06-12 09:30:00,224.18,STOP_LOSS_GAP,-23.360000000000014,-2.5389096600295646
MRSH,2026-06-05 00:00:00,2026-06-08 00:00:00,0.0076161462300076,4.0,2026-06-08 09:50:00,164.45,47.67814487869451,46.557545424033876,6,986.6999999999999,160.33874999999998,168.56124999999997,2026-06-10 11:12:00,168.56124999999997,TAKE_PROFIT,24.667499999999905,2.499999999999991
PH,2026-06-05 00:00:00,2026-06-08 00:00:00,0.0286885245901639,7.0,2026-06-08 09:52:00,883.975,54.200163008125706,50.62162872993298,1,883.975,861.875625,906.0743749999999,2026-06-09 10:01:00,906.0743749999999,TAKE_PROFIT,22.099374999999895,2.499999999999991
AFL,2026-06-05 00:00:00,2026-06-08 00:00:00,0.0,1.0,2026-06-08 09:54:00,117.13,43.3751111896763,41.35358363710577,8,937.04,114.20174999999999,120.05824999999999,2026-06-12 15:59:00,117.8,WEEK_END_CLOSE,5.360000000000014,0.572014001536747
TFC,2026-06-05 00:00:00,2026-06-08 00:00:00,0.0404255319148936,9.0,2026-06-08 10:01:00,49.2092,54.288946718929125,46.26638722708726,20,984.1840000000001,47.978970000000004,50.43943,2026-06-11 13:29:00,50.43943,TAKE_PROFIT,24.604599999999976,2.499999999999991
RSG,2026-06-08 00:00:00,2026-06-09 00:00:00,0.1282051282051282,9.0,2026-06-09 09:48:00,205.9,54.38544777344865,49.862228768602506,4,823.6,200.7525,211.04749999999999,2026-06-09 12:47:00,211.04749999999999,TAKE_PROFIT,20.589999999999918,2.499999999999991
AEP,2026-06-08 00:00:00,2026-06-09 00:00:00,0.0680555555555555,5.0,2026-06-09 09:50:00,126.79,55.95717515862447,50.14784778328559,7,887.5300000000001,123.62025,129.95974999999999,2026-06-11 14:31:00,129.95974999999999,TAKE_PROFIT,22.188249999999854,2.499999999999991
CVS,2026-06-08 00:00:00,2026-06-09 00:00:00,0.0808080808080808,6.0,2026-06-09 10:00:00,96.47,54.05172395222919,48.506265116536234,10,964.7,94.05825,98.88175,2026-06-11 10:47:00,98.88175,TAKE_PROFIT,24.11749999999998,2.499999999999991
CSX,2026-06-08 00:00:00,2026-06-09 00:00:00,0.1371681415929203,10.0,2026-06-09 10:01:00,47.25,62.178775251164915,52.64626021681734,21,992.25,46.06875,48.43125,2026-06-12 15:59:00,47.58,WEEK_END_CLOSE,6.929999999999964,0.698412698412687
TGT,2026-06-08 00:00:00,2026-06-09 00:00:00,0.0427423603793466,2.0,2026-06-09 10:04:00,125.44,65.04405282299223,64.64241014459586,7,878.0799999999999,122.304,128.576,2026-06-11 09:30:00,129.03,TAKE_PROFIT_GAP,25.130000000000024,2.8619260204081565
PCAR,2026-06-08 00:00:00,2026-06-09 00:00:00,0.0181818181818181,1.0,2026-06-09 10:07:00,120.33,57.77327666889715,57.10984057696174,8,962.64,117.32175,123.33824999999999,2026-06-09 12:08:00,117.32175,STOP_LOSS,-24.06600000000003,-2.500000000000002
CMCSA,2026-06-08 00:00:00,2026-06-09 00:00:00,0.0670041691483025,4.0,2026-06-09 10:08:00,23.745,58.698882185513995,53.78340208245985,42,997.2900000000001,23.151375,24.338625,2026-06-12 11:02:00,24.338625,TAKE_PROFIT,24.932249999999975,2.499999999999991
HD,2026-06-08 00:00:00,2026-06-09 00:00:00,0.0957951848084096,8.0,2026-06-09 10:08:00,318.42,68.69783317246083,59.931242651921536,3,955.26,310.4595,326.3805,2026-06-11 15:36:00,326.3805,TAKE_PROFIT,23.881499999999903,2.499999999999991
APD,2026-06-08 00:00:00,2026-06-09 00:00:00,0.0912408759124087,7.0,2026-06-09 10:11:00,280.32,56.550262891727435,53.96340984335447,3,840.96,273.312,287.328,2026-06-12 15:59:00,281.62,WEEK_END_CLOSE,3.900000000000034,0.4637557077625587
PLD,2026-06-08 00:00:00,2026-06-09 00:00:00,0.0628930817610062,3.0,2026-06-09 10:18:00,146.7598,69.70721770978494,69.2857507857631,6,880.5588,143.09080500000002,150.428795,2026-06-12 15:59:00,148.72,WEEK_END_CLOSE,11.761199999999917,1.33565186106821
PCAR,2026-06-08 00:00:00,2026-06-09 00:00:00,0.0181818181818181,1.0,2026-06-09 12:11:00,117.31,40.64050319397137,36.86407265307214,8,938.48,114.37725,120.24274999999999,2026-06-10 09:30:00,120.24274999999999,TAKE_PROFIT,23.461999999999875,2.499999999999991
RSG,2026-06-08 00:00:00,2026-06-09 00:00:00,0.1282051282051282,9.0,2026-06-09 12:48:00,210.93,66.56271462315317,62.399262579410255,4,843.72,205.65675,216.20325,2026-06-12 15:59:00,209.9,WEEK_END_CLOSE,-4.1200000000000045,-0.48831365855971365
V,2026-06-09 00:00:00,2026-06-10 00:00:00,0.0327078764248774,3.0,2026-06-10 09:50:00,324.0975,49.5069371857381,48.95048531857854,3,972.2925,315.9950625,332.1999375,2026-06-12 15:59:00,322.27,WEEK_END_CLOSE,-5.48250000000013,-0.5638735257137206
MDLZ,2026-06-09 00:00:00,2026-06-10 00:00:00,0.0598290598290598,5.0,2026-06-10 09:53:00,63.61,66.20429007945029,62.624441287676476,15,954.15,62.019749999999995,65.20025,2026-06-12 15:59:00,62.98,WEEK_END_CLOSE,-9.450000000000038,-0.9904103128438924
PEP,2026-06-09 00:00:00,2026-06-10 00:00:00,0.0230511457874961,2.0,2026-06-10 09:53:00,143.75,56.10003894605473,55.18446607687494,6,862.5,140.15625,147.34375,2026-06-12 15:59:00,144.255,WEEK_END_CLOSE,3.0299999999999727,0.3513043478260869
ELV,2026-06-09 00:00:00,2026-06-10 00:00:00,0.1132596685082873,9.0,2026-06-10 09:55:00,409.68,37.247049388444275,35.595976218088545,2,819.36,399.438,419.92199999999997,2026-06-11 09:35:00,399.438,STOP_LOSS,-20.484000000000037,-2.500000000000002
NSC,2026-06-09 00:00:00,2026-06-10 00:00:00,0.1153846153846153,10.0,2026-06-10 10:04:00,310.99,48.073869650463585,45.506332965927825,3,932.97,303.21525,318.76475,2026-06-12 15:59:00,313.67,WEEK_END_CLOSE,8.04000000000002,0.8617640438599361
CRH,2026-06-09 00:00:00,2026-06-10 00:00:00,0.0428571428571428,4.0,2026-06-10 10:40:00,103.245,48.28356338922301,47.894640267353125,9,929.205,100.663875,105.82612499999999,2026-06-10 11:52:00,100.5,STOP_LOSS_GAP,-24.70500000000004,-2.6587243934330984
CRH,2026-06-09 00:00:00,2026-06-10 00:00:00,0.0428571428571428,4.0,2026-06-10 11:53:00,100.835,41.632755959032,33.34333217974018,9,907.515,98.31412499999999,103.35587499999998,2026-06-11 13:43:00,103.36,TAKE_PROFIT_GAP,22.72500000000005,2.504090841473694
TGT,2026-06-10 00:00:00,2026-06-11 00:00:00,0.0562326691171728,4.0,2026-06-11 09:45:00,128.67,53.75279688581275,52.52550987329961,7,900.6899999999999,125.45324999999998,131.88674999999998,2026-06-11 13:37:00,131.88674999999998,TAKE_PROFIT,22.517249999999933,2.499999999999991
JNJ,2026-06-10 00:00:00,2026-06-11 00:00:00,0.0424203617736513,3.0,2026-06-11 09:48:00,240.535,59.74155895259461,58.834043782504146,4,962.14,234.521625,246.54837499999996,2026-06-12 15:59:00,240.88,WEEK_END_CLOSE,1.3799999999999955,0.14343027002308162
ELV,2026-06-10 00:00:00,2026-06-11 00:00:00,0.0972972972972973,9.0,2026-06-11 09:53:00,398.175,46.72640976927435,43.00805611416683,2,796.35,388.220625,408.129375,2026-06-12 15:59:00,404.05,WEEK_END_CLOSE,11.75,1.4754818861053565
EMR,2026-06-10 00:00:00,2026-06-11 00:00:00,0.0306122448979591,2.0,2026-06-11 09:53:00,138.78,56.96179843054642,54.716290412023646,7,971.46,135.3105,142.24949999999998,2026-06-11 15:30:00,142.24949999999998,TAKE_PROFIT,24.286499999999876,2.499999999999991
DLR,2026-06-10 00:00:00,2026-06-11 00:00:00,0.0925925925925925,8.0,2026-06-11 09:54:00,180.16,44.841312599034,43.58240310193791,5,900.8,175.656,184.664,2026-06-12 09:30:00,184.664,TAKE_PROFIT,22.519999999999953,2.499999999999991
ABBV,2026-06-10 00:00:00,2026-06-11 00:00:00,0.0722830877723208,7.0,2026-06-11 09:57:00,226.11,57.709519430193794,49.90805070505705,4,904.44,220.45725000000002,231.76274999999998,2026-06-12 15:59:00,227.63,WEEK_END_CLOSE,6.079999999999927,0.6722391756224688
AMT,2026-06-10 00:00:00,2026-06-11 00:00:00,0.1019736842105263,10.0,2026-06-11 09:57:00,190.33,43.879783056331014,43.22353808819165,5,951.6500000000001,185.57175,195.08825,2026-06-12 15:59:00,187.14,WEEK_END_CLOSE,-15.95000000000013,-1.6760363579047088
PSX,2026-06-10 00:00:00,2026-06-11 00:00:00,0.0677966101694915,6.0,2026-06-11 10:08:00,182.1099,46.83841752025744,42.53602217716875,5,910.5495000000001,177.5571525,186.6626475,2026-06-12 09:30:00,177.5571525,STOP_LOSS,-22.763737500000047,-2.500000000000002
CL,2026-06-10 00:00:00,2026-06-11 00:00:00,0.0239410681399631,1.0,2026-06-11 10:10:00,90.31,62.397409485463996,61.83308797994158,11,993.4100000000001,88.05225,92.56774999999999,2026-06-12 15:59:00,89.45,WEEK_END_CLOSE,-9.459999999999994,-0.9522754955154422
TGT,2026-06-10 00:00:00,2026-06-11 00:00:00,0.0562326691171728,4.0,2026-06-11 13:49:00,131.94,59.85918481270064,58.45995510821049,7,923.5799999999999,128.6415,135.2385,2026-06-12 09:33:00,135.2385,TAKE_PROFIT,23.08949999999993,2.499999999999991
GILD,2026-06-11 00:00:00,2026-06-12 00:00:00,0.004303762321255,4.0,2026-06-12 09:52:00,125.17,43.05779058156335,41.71740595405401,7,876.19,122.04075,128.29925,2026-06-12 15:59:00,125.56,WEEK_END_CLOSE,2.730000000000004,0.3115762562914348
JCI,2026-06-11 00:00:00,2026-06-12 00:00:00,0.0102214650766609,6.0,2026-06-12 10:00:00,145.04,61.713141155932945,55.66850887581952,6,870.24,141.414,148.66599999999997,2026-06-12 15:59:00,144.93,WEEK_END_CLOSE,-0.6599999999999113,-0.07584114726970625
TEL,2026-06-11 00:00:00,2026-06-12 00:00:00,0.0,2.0,2026-06-12 10:00:00,209.68,57.66357021009283,55.904960989203666,4,838.72,204.438,214.922,2026-06-12 15:59:00,210.19,WEEK_END_CLOSE,2.0399999999999636,0.24322777565815024
ECL,2026-06-11 00:00:00,2026-06-12 00:00:00,0.0,1.0,2026-06-12 10:06:00,263.935,54.537577672802016,53.61096202994931,3,791.8050000000001,257.33662499999997,270.533375,2026-06-12 15:59:00,265.34,WEEK_END_CLOSE,4.214999999999918,0.5323280353117132
PSX,2026-06-11 00:00:00,2026-06-12 00:00:00,0.0285714285714285,10.0,2026-06-12 10:14:00,180.32,52.4228827166802,47.67905595007282,5,901.5999999999999,175.81199999999998,184.82799999999997,2026-06-12 15:59:00,179.42,WEEK_END_CLOSE,-4.500000000000028,-0.4991126885536823
SPG,2026-06-11 00:00:00,2026-06-12 00:00:00,0.0283018867924528,9.0,2026-06-12 10:53:00,219.66,63.51448377006775,63.00433216326353,4,878.64,214.1685,225.15149999999997,2026-06-12 15:59:00,218.99,WEEK_END_CLOSE,-2.67999999999995,-0.30501684421377906
SO,2026-06-11 00:00:00,2026-06-12 00:00:00,0.025735294117647,8.0,2026-06-12 11:28:00,93.92,46.20292678707981,44.9934832006633,10,939.2,91.572,96.26799999999999,2026-06-12 15:59:00,94.0,WEEK_END_CLOSE,0.799999999999983,0.08517887563883608
MDLZ,2026-06-12 00:00:00,2026-06-15 00:00:00,0.0909090909090909,7.0,2026-06-15 09:45:00,62.56,50.25365773309097,44.58227872269915,15,938.4000000000001,60.996,64.124,2026-06-16 11:05:00,60.996,STOP_LOSS,-23.46,-2.500000000000002
CSX,2026-06-12 00:00:00,2026-06-15 00:00:00,0.01669449081803,2.0,2026-06-15 09:47:00,47.32,44.27373502273887,41.15434176084042,21,993.72,46.137,48.50299999999999,2026-06-17 10:47:00,46.137,STOP_LOSS,-24.842999999999996,-2.500000000000002
PG,2026-06-12 00:00:00,2026-06-15 00:00:00,0.0374376039933444,3.0,2026-06-15 09:52:00,150.14,48.7318613223594,48.46434212714392,6,900.8399999999999,146.38649999999998,153.89349999999996,2026-06-18 15:59:00,150.37,WEEK_END_CLOSE,1.3800000000001091,0.1531903556680536
RTX,2026-06-12 00:00:00,2026-06-15 00:00:00,0.1065943992773261,10.0,2026-06-15 09:54:00,183.74,49.234501229862644,44.166733806851724,5,918.7,179.1465,188.3335,2026-06-17 09:30:00,188.75,TAKE_PROFIT_GAP,25.049999999999955,2.7266790029389254
SNPS,2026-06-12 00:00:00,2026-06-15 00:00:00,0.0916496945010183,8.0,2026-06-15 09:54:00,459.01,54.173683058260124,52.18161670464361,2,918.02,447.53475,470.48524999999995,2026-06-16 09:33:00,447.53475,STOP_LOSS,-22.950500000000034,-2.500000000000002
CL,2026-06-12 00:00:00,2026-06-15 00:00:00,0.0612244897959183,6.0,2026-06-15 09:57:00,90.11,51.09576778976435,48.54625970982868,11,991.21,87.85725,92.36274999999999,2026-06-18 15:59:00,89.45,WEEK_END_CLOSE,-7.2599999999999625,-0.7324381311730077
MDT,2026-06-12 00:00:00,2026-06-15 00:00:00,0.1041902604756511,9.0,2026-06-15 10:00:00,80.27,53.22972119512616,53.195794565213,12,963.24,78.26325,82.27674999999999,2026-06-17 14:02:00,78.26325,STOP_LOSS,-24.08099999999996,-2.499999999999991
PCAR,2026-06-12 00:00:00,2026-06-15 00:00:00,0.0,1.0,2026-06-15 10:03:00,121.07,58.3304597716876,56.26062776796132,8,968.56,118.04324999999999,124.09674999999999,2026-06-17 14:02:00,118.04324999999999,STOP_LOSS,-24.214000000000055,-2.500000000000002
MCD,2026-06-12 00:00:00,2026-06-15 00:00:00,0.0469688114340364,5.0,2026-06-15 10:18:00,286.55,53.296380471135734,50.98557884642918,3,859.6500000000001,279.38625,293.71375,2026-06-18 13:39:00,279.38625,STOP_LOSS,-21.49124999999998,-2.500000000000002
MCK,2026-06-12 00:00:00,2026-06-15 00:00:00,0.0450966356478167,4.0,2026-06-15 10:44:00,777.19,49.38134676633549,49.256165919441806,1,777.19,757.76025,796.61975,2026-06-18 10:55:00,757.76025,STOP_LOSS,-19.429750000000013,-2.500000000000002
WMB,2026-06-15 00:00:00,2026-06-16 00:00:00,0.0190735694822888,2.0,2026-06-16 09:46:00,71.18,42.327436055842554,41.71065725217232,14,996.5200000000001,69.40050000000001,72.9595,2026-06-18 11:51:00,72.9595,TAKE_PROFIT,24.912999999999982,2.499999999999991
BNY,2026-06-15 00:00:00,2026-06-16 00:00:00,0.0727969348659003,8.0,2026-06-16 09:47:00,143.19,42.98730817444249,40.988560656782816,6,859.14,139.61025,146.76975,2026-06-18 09:30:00,147.66,TAKE_PROFIT_GAP,26.819999999999993,3.1217263775403348
ICE,2026-06-15 00:00:00,2026-06-16 00:00:00,0.086140254003313,9.0,2026-06-16 09:48:00,140.61,49.85030538756172,48.16555768622467,7,984.2700000000001,137.09475,144.12525,2026-06-17 12:34:00,137.09475,STOP_LOSS,-24.606750000000062,-2.500000000000002
PH,2026-06-15 00:00:00,2026-06-16 00:00:00,0.0518731988472622,5.0,2026-06-16 09:59:00,936.64,55.09738200477103,51.973917768132644,1,936.64,913.2239999999999,960.0559999999999,2026-06-18 09:33:00,960.7,TAKE_PROFIT_GAP,24.06000000000006,2.568756405876327
UNP,2026-06-15 00:00:00,2026-06-16 00:00:00,0.0210282068015372,3.0,2026-06-16 09:59:00,268.13,49.13860821507038,48.99253698360125,3,804.39,261.42674999999997,274.83324999999996,2026-06-17 10:47:00,261.42674999999997,STOP_LOSS,-20.109750000000076,-2.5000000000000133
MS,2026-06-15 00:00:00,2026-06-16 00:00:00,0.0552835196052779,6.0,2026-06-16 10:04:00,219.12,44.749030309758126,44.73600210574292,4,876.48,213.642,224.59799999999998,2026-06-17 09:44:00,224.59799999999998,TAKE_PROFIT,21.91199999999992,2.499999999999991
JCI,2026-06-15 00:00:00,2026-06-16 00:00:00,0.1139240506329113,10.0,2026-06-16 10:50:00,147.04,47.51301424786045,47.45515671011494,6,882.24,143.36399999999998,150.71599999999998,2026-06-18 15:59:00,144.88,WEEK_END_CLOSE,-12.95999999999998,-1.4689880304678993
MDLZ,2026-06-15 00:00:00,2026-06-16 00:00:00,0.0248469571480014,4.0,2026-06-16 11:19:00,61.04,46.54257742443395,43.95077163845126,16,976.64,59.513999999999996,62.565999999999995,2026-06-18 15:59:00,60.09,WEEK_END_CLOSE,-15.199999999999932,-1.5563564875491376
AMT,2026-06-16 00:00:00,2026-06-17 00:00:00,0.0582255083179297,10.0,2026-06-17 09:49:00,183.49,55.801057028781464,47.18167588705057,5,917.45,178.90275,188.07725,2026-06-18 11:56:00,178.9,STOP_LOSS_GAP,-22.950000000000017,-2.5014987192762517
EMR,2026-06-16 00:00:00,2026-06-17 00:00:00,0.0483091787439613,9.0,2026-06-17 10:14:00,152.35,57.91689414442432,55.22911925652741,6,914.0999999999999,148.54125,156.15874999999997,2026-06-18 15:59:00,150.72,WEEK_END_CLOSE,-9.779999999999973,-1.0699048244174558
MMM,2026-06-16 00:00:00,2026-06-17 00:00:00,0.0272863304286594,7.0,2026-06-17 10:16:00,162.36,52.5491090947795,49.10913369164848,6,974.1600000000001,158.30100000000002,166.419,2026-06-18 15:59:00,160.63,WEEK_END_CLOSE,-10.38000000000011,-1.065533382606565
TRV,2026-06-16 00:00:00,2026-06-17 00:00:00,0.0185567010309278,6.0,2026-06-17 10:16:00,308.54,51.8999938280886,51.682123568769796,3,925.6200000000001,300.8265,316.2535,2026-06-18 15:59:00,307.79,WEEK_END_CLOSE,-2.25,-0.2430803137356552
AON,2026-06-16 00:00:00,2026-06-17 00:00:00,0.0,1.0,2026-06-17 10:31:00,331.41,57.48400633053444,51.11263123959791,3,994.23,323.12475,339.69525,2026-06-18 09:33:00,323.12475,STOP_LOSS,-24.855750000000057,-2.500000000000002
MRSH,2026-06-16 00:00:00,2026-06-17 00:00:00,0.0303030303030303,8.0,2026-06-17 10:32:00,167.16,54.169529080347075,52.47147867711766,5,835.8,162.981,171.33899999999997,2026-06-18 09:33:00,162.981,STOP_LOSS,-20.89500000000001,-2.500000000000002
CSX,2026-06-16 00:00:00,2026-06-17 00:00:00,0.0142536458251573,5.0,2026-06-17 10:48:00,46.2117,45.66208703853481,38.8241598203736,21,970.4457,45.0564075,47.366992499999995,2026-06-18 15:59:00,45.6,WEEK_END_CLOSE,-12.84569999999998,-1.3236907536403053
PCAR,2026-06-16 00:00:00,2026-06-17 00:00:00,0.0071428571428571,4.0,2026-06-17 14:14:00,117.85,39.37950177029732,37.07176295467652,8,942.8,114.90374999999999,120.79624999999999,2026-06-18 11:08:00,120.79624999999999,TAKE_PROFIT,23.569999999999936,2.499999999999991
HPE,2026-06-17 00:00:00,2026-06-18 00:00:00,0.0372736280648493,7.0,2026-06-18 09:45:00,47.9,44.43609407197927,40.86558426407583,20,958.0,46.7025,49.0975,2026-06-18 15:59:00,47.41,WEEK_END_CLOSE,-9.80000000000004,-1.022964509394575
MCO,2026-06-17 00:00:00,2026-06-18 00:00:00,0.0093945720250521,1.0,2026-06-18 09:45:00,455.165,45.41544749726603,44.068569090108554,2,910.33,443.78587500000003,466.544125,2026-06-18 15:59:00,450.67,WEEK_END_CLOSE,-8.990000000000009,-0.9875539639471409
ELV,2026-06-17 00:00:00,2026-06-18 00:00:00,0.0523560209424083,10.0,2026-06-18 09:47:00,390.05,42.978174915790476,42.31429278758449,2,780.1,380.29875,399.80125,2026-06-18 15:59:00,388.52,WEEK_END_CLOSE,-3.060000000000059,-0.3922574028970671
ADP,2026-06-17 00:00:00,2026-06-18 00:00:00,0.0196656833824975,4.0,2026-06-18 10:00:00,216.73,50.78963946060036,42.3058514769268,4,866.92,211.31175,222.14824999999996,2026-06-18 15:59:00,217.83,WEEK_END_CLOSE,4.400000000000091,0.5075439486919242
TT,2026-06-17 00:00:00,2026-06-18 00:00:00,0.0476190476190476,9.0,2026-06-18 10:02:00,488.505,55.8432192830468,55.82689255053375,2,977.01,476.292375,500.71762499999994,2026-06-18 15:59:00,483.14,WEEK_END_CLOSE,-10.730000000000018,-1.0982487384980755
ITW,2026-06-17 00:00:00,2026-06-18 00:00:00,0.0185567010309278,3.0,2026-06-18 10:16:00,268.115,57.62382864880296,56.29483284881259,3,804.345,261.412125,274.81787499999996,2026-06-18 15:59:00,264.0,WEEK_END_CLOSE,-12.345000000000027,-1.5347891762862997
V,2026-06-17 00:00:00,2026-06-18 00:00:00,0.0398247710075667,8.0,2026-06-18 10:16:00,330.57,53.021213933768664,48.53709555932241,3,991.71,322.30575,338.83424999999994,2026-06-18 15:59:00,327.21,WEEK_END_CLOSE,-10.080000000000041,-1.016426172973961
CRH,2026-06-17 00:00:00,2026-06-18 00:00:00,0.0334572490706319,6.0,2026-06-18 10:31:00,112.815,62.41297941295601,57.841653563245856,8,902.52,109.994625,115.63537499999998,2026-06-18 15:59:00,111.26,WEEK_END_CLOSE,-12.43999999999994,-1.3783628063643971
EMR,2026-06-18 00:00:00,2026-06-22 00:00:00,0.0202020202020202,5.0,2026-06-22 09:45:00,151.15,48.38154525551085,47.95202130856129,6,906.9000000000001,147.37125,154.92874999999998,2026-06-23 09:30:00,146.84,STOP_LOSS_GAP,-25.860000000000014,-2.8514720476348066
MDLZ,2026-06-18 00:00:00,2026-06-22 00:00:00,0.0108736407949006,2.0,2026-06-22 09:45:00,60.16,48.754799332690375,44.87215802630976,16,962.56,58.656,61.663999999999994,2026-06-24 09:30:00,61.663999999999994,TAKE_PROFIT,24.063999999999965,2.499999999999991
CL,2026-06-18 00:00:00,2026-06-22 00:00:00,0.021043000914913,6.0,2026-06-22 09:48:00,90.0519,54.25167949929085,47.28061066059443,11,990.5709,87.8006025,92.3031975,2026-06-24 09:30:00,92.62,TAKE_PROFIT_GAP,28.249100000000013,2.8517999064983757
MCO,2026-06-18 00:00:00,2026-06-22 00:00:00,0.0276923076923076,8.0,2026-06-22 09:57:00,451.955,52.002790947078836,51.72857511878527,2,903.91,440.656125,463.25387499999994,2026-06-25 15:45:00,440.656125,STOP_LOSS,-22.59775000000002,-2.500000000000002
CB,2026-06-18 00:00:00,2026-06-22 00:00:00,0.0218514104092173,7.0,2026-06-22 10:00:00,327.645,62.186673505356076,57.298237748011815,3,982.935,319.453875,335.8361249999999,2026-06-24 12:36:00,335.8361249999999,TAKE_PROFIT,24.573374999999828,2.499999999999991
CRH,2026-06-18 00:00:00,2026-06-22 00:00:00,0.0117647058823529,3.0,2026-06-22 10:07:00,110.08,51.50891890099721,43.76569701522127,9,990.72,107.328,112.832,2026-06-24 10:50:00,112.832,TAKE_PROFIT,24.767999999999958,2.499999999999991
BNY,2026-06-18 00:00:00,2026-06-22 00:00:00,0.0297029702970297,9.0,2026-06-22 10:08:00,145.51,55.10779738501674,53.303490688151264,6,873.06,141.87224999999998,149.14774999999997,2026-06-26 09:44:00,141.87224999999998,STOP_LOSS,-21.826500000000067,-2.5000000000000133
PH,2026-06-18 00:00:00,2026-06-22 00:00:00,0.0053908355795148,1.0,2026-06-22 10:08:00,955.045,55.51695130009022,53.19679037144066,1,955.045,931.168875,978.9211249999998,2026-06-23 09:36:00,930.2,STOP_LOSS_GAP,-24.844999999999914,-2.6014480993042155
APO,2026-06-18 00:00:00,2026-06-22 00:00:00,0.0338664158043273,10.0,2026-06-22 10:34:00,135.9,45.54580682522425,43.011895640569406,7,951.3000000000001,132.5025,139.29749999999999,2026-06-23 09:30:00,132.0,STOP_LOSS_GAP,-27.30000000000004,-2.8697571743929395
ITW,2026-06-18 00:00:00,2026-06-22 00:00:00,0.0174050632911392,4.0,2026-06-22 10:35:00,264.635,53.03897784405725,51.11838959237742,3,793.905,258.019125,271.25087499999995,2026-06-25 10:03:00,271.25087499999995,TAKE_PROFIT,19.84762499999988,2.499999999999991
CVS,2026-06-22 00:00:00,2026-06-23 00:00:00,0.0276303300875312,2.0,2026-06-23 09:45:00,101.14,45.59571588267981,39.68656287355212,9,910.26,98.61149999999999,103.6685,2026-06-25 09:32:00,103.6685,TAKE_PROFIT,22.756499999999946,2.499999999999991
MPC,2026-06-22 00:00:00,2026-06-23 00:00:00,0.0657534246575342,7.0,2026-06-23 09:48:00,246.1775,49.40929955095467,45.539761360060275,4,984.71,240.0230625,252.33193749999998,2026-06-25 10:12:00,252.33193749999998,TAKE_PROFIT,24.617749999999887,2.499999999999991
IBM,2026-06-22 00:00:00,2026-06-23 00:00:00,0.0800993821595831,10.0,2026-06-23 09:50:00,262.92,67.06551277934335,65.78069291277367,3,788.76,256.34700000000004,269.493,2026-06-24 10:00:00,256.34700000000004,STOP_LOSS,-19.718999999999937,-2.499999999999991
MSI,2026-06-22 00:00:00,2026-06-23 00:00:00,0.0685840707964601,8.0,2026-06-23 09:53:00,392.515,44.340965989024824,43.40592944663957,2,785.03,382.70212499999997,402.32787499999995,2026-06-24 14:22:00,402.4999,TAKE_PROFIT_GAP,19.969800000000077,2.543826350585343
AJG,2026-06-22 00:00:00,2026-06-23 00:00:00,0.0389221556886227,3.0,2026-06-23 10:00:00,214.77,61.89897171118304,59.780908233812596,4,859.08,209.40075000000002,220.13925,2026-06-24 12:05:00,220.13925,TAKE_PROFIT,21.476999999999975,2.499999999999991
ELV,2026-06-22 00:00:00,2026-06-23 00:00:00,0.064516129032258,6.0,2026-06-23 10:03:00,396.0,52.638784271222114,51.589853120880704,2,792.0,386.09999999999997,405.9,2026-06-24 10:33:00,386.09999999999997,STOP_LOSS,-19.800000000000068,-2.5000000000000133
SO,2026-06-22 00:00:00,2026-06-23 00:00:00,0.0444444444444444,4.0,2026-06-23 10:06:00,94.52,55.53562280275286,49.19939050387146,10,945.1999999999999,92.157,96.88299999999998,2026-06-26 11:00:00,96.88299999999998,TAKE_PROFIT,23.629999999999853,2.499999999999991
RSG,2026-06-22 00:00:00,2026-06-23 00:00:00,0.0273037542662116,1.0,2026-06-23 10:38:00,208.55,63.080128819878915,60.428028608067414,4,834.2,203.33625,213.76375,2026-06-24 10:25:00,213.84,TAKE_PROFIT_GAP,21.159999999999968,2.536561975545437
TFC,2026-06-23 00:00:00,2026-06-24 00:00:00,0.0697674418604651,6.0,2026-06-24 09:45:00,49.955,62.558216287169266,61.53154109672804,20,999.0999999999999,48.706125,51.203875,2026-06-26 15:59:00,50.42,WEEK_END_CLOSE,9.300000000000068,0.9308377539785972
JCI,2026-06-23 00:00:00,2026-06-24 00:00:00,0.0537170263788968,3.0,2026-06-24 09:46:00,141.24,46.44247201123158,46.37351102491186,7,988.6800000000001,137.709,144.771,2026-06-25 09:30:00,145.83,TAKE_PROFIT_GAP,32.130000000000024,3.2497875955819877
SPGI,2026-06-23 00:00:00,2026-06-24 00:00:00,0.0635838150289017,5.0,2026-06-24 09:50:00,398.645,48.90254656341843,47.31789766045958,2,797.29,388.67887499999995,408.61112499999996,2026-06-25 09:57:00,408.61112499999996,TAKE_PROFIT,19.932249999999954,2.499999999999991
NSC,2026-06-23 00:00:00,2026-06-24 00:00:00,0.0588235294117647,4.0,2026-06-24 10:05:00,304.71,46.75938364032091,46.45362990359201,3,914.1299999999999,297.09225,312.3277499999999,2026-06-26 09:30:00,312.36,TAKE_PROFIT_GAP,22.950000000000102,2.510583833809199
EMR,2026-06-23 00:00:00,2026-06-24 00:00:00,0.0853658536585365,9.0,2026-06-24 10:07:00,143.9326,51.94377062959961,47.871170528048275,6,863.5956000000001,140.334285,147.530915,2026-06-26 15:59:00,143.45,WEEK_END_CLOSE,-2.8956000000001154,-0.3352958259630001
IBM,2026-06-23 00:00:00,2026-06-24 00:00:00,0.0954905286966355,10.0,2026-06-24 10:08:00,259.02,51.7370957581018,47.86673643353419,3,777.06,252.54449999999997,265.49549999999994,2026-06-25 09:30:00,267.67,TAKE_PROFIT_GAP,25.950000000000102,3.3395104625125516
ABBV,2026-06-23 00:00:00,2026-06-24 00:00:00,0.0823207776427703,8.0,2026-06-24 10:27:00,234.7066,52.22619201649688,51.41495691658818,4,938.8264,228.838935,240.574265,2026-06-25 09:47:00,240.574265,TAKE_PROFIT,23.470659999999953,2.499999999999991
RSG,2026-06-23 00:00:00,2026-06-24 00:00:00,0.0212765957446808,1.0,2026-06-24 11:15:00,213.89,60.870424944861796,59.32058103748405,4,855.56,208.54274999999998,219.23724999999996,2026-06-26 15:59:00,216.23,WEEK_END_CLOSE,9.360000000000014,1.0940202908036767
DIS,2026-06-24 00:00:00,2026-06-25 00:00:00,0.090988882387361,8.0,2026-06-25 09:48:00,100.21,36.530309350373194,35.93556415447046,9,901.89,97.70474999999999,102.71524999999998,2026-06-26 15:59:00,98.73,WEEK_END_CLOSE,-13.319999999999908,-1.4768985131224377
MSI,2026-06-24 00:00:00,2026-06-25 00:00:00,0.0612244897959183,3.0,2026-06-25 09:49:00,401.655,53.706001107675185,47.55698526560969,2,803.31,391.61362499999996,411.69637499999993,2026-06-26 15:59:00,402.58,WEEK_END_CLOSE,1.8500000000000227,0.23029714556024317
MSFT,2026-06-24 00:00:00,2026-06-25 00:00:00,0.0894139732288605,6.0,2026-06-25 09:53:00,357.835,35.84845440134703,35.2148527089734,2,715.67,348.889125,366.7808749999999,2026-06-26 10:25:00,366.7808749999999,TAKE_PROFIT,17.891749999999888,2.499999999999991
SNPS,2026-06-24 00:00:00,2026-06-25 00:00:00,0.0945890128046261,9.0,2026-06-25 09:57:00,453.78,43.645559764111994,40.53755296657523,2,907.56,442.4355,465.12449999999995,2026-06-25 10:52:00,465.12449999999995,TAKE_PROFIT,22.688999999999965,2.499999999999991
MCK,2026-06-24 00:00:00,2026-06-25 00:00:00,0.064,4.0,2026-06-25 10:51:00,779.93,62.746976606091806,58.180546296480365,1,779.93,760.43175,799.4282499999999,2026-06-26 15:59:00,762.93,WEEK_END_CLOSE,-17.0,-2.1796827920454453
PEP,2026-06-24 00:00:00,2026-06-25 00:00:00,0.0679872419002853,5.0,2026-06-25 10:56:00,141.0,44.738930696601706,43.06168599202132,7,987.0,137.475,144.52499999999998,2026-06-26 15:59:00,141.18,WEEK_END_CLOSE,1.2600000000000477,0.1276595744680975
SNPS,2026-06-24 00:00:00,2026-06-25 00:00:00,0.0945890128046261,9.0,2026-06-25 10:58:00,463.5,56.57943317139127,54.821754901631024,2,927.0,451.91249999999997,475.0875,2026-06-25 15:30:00,451.91249999999997,STOP_LOSS,-23.175000000000068,-2.500000000000002
AON,2026-06-24 00:00:00,2026-06-25 00:00:00,0.0980392156862745,10.0,2026-06-25 11:14:00,323.08,42.2779847162026,42.01123166344951,3,969.24,315.003,331.157,2026-06-26 15:59:00,328.21,WEEK_END_CLOSE,15.389999999999986,1.587842020552177
ALL,2026-06-24 00:00:00,2026-06-25 00:00:00,0.0897755610972568,7.0,2026-06-25 11:21:00,235.5,51.136005794283584,48.168023498262755,4,942.0,229.61249999999998,241.3875,2026-06-26 15:59:00,239.51,WEEK_END_CLOSE,16.039999999999964,1.7027600849256919
ABBV,2026-06-25 00:00:00,2026-06-26 00:00:00,0.0562420110779718,7.0,2026-06-26 09:49:00,247.4,60.41922364330372,56.08961724989101,4,989.6,241.215,253.58499999999998,2026-06-26 15:59:00,251.64,WEEK_END_CLOSE,16.959999999999923,1.7138237671786571
AXP,2026-06-25 00:00:00,2026-06-26 00:00:00,0.0722788556395922,9.0,2026-06-26 09:50:00,340.673,53.17136514645674,50.50945987875033,2,681.346,332.156175,349.189825,2026-06-26 15:59:00,340.2,WEEK_END_CLOSE,-0.9460000000000264,-0.13884281994758219
AFL,2026-06-25 00:00:00,2026-06-26 00:00:00,0.02,1.0,2026-06-26 10:02:00,119.33,57.96184108677316,48.91446592469704,8,954.64,116.34675,122.31324999999998,2026-06-26 15:59:00,120.12,WEEK_END_CLOSE,6.32000000000005,0.6620296656331126
DUK,2026-06-25 00:00:00,2026-06-26 00:00:00,0.0744471744471744,10.0,2026-06-26 10:03:00,127.835,50.79965489345652,50.42438770960944,7,894.8449999999999,124.63912499999999,131.03087499999998,2026-06-26 15:59:00,128.35,WEEK_END_CLOSE,3.605000000000004,0.40286306567058894
TMUS,2026-06-25 00:00:00,2026-06-26 00:00:00,0.0523930897762673,5.0,2026-06-26 10:11:00,181.32,49.50913980387288,43.39732662773822,5,906.5999999999999,176.78699999999998,185.85299999999998,2026-06-26 15:59:00,182.545,WEEK_END_CLOSE,6.124999999999972,0.6756011471431789
NSC,2026-06-25 00:00:00,2026-06-26 00:00:00,0.037037037037037,3.0,2026-06-26 10:16:00,312.385,56.822928080660226,55.40322632461873,3,937.155,304.575375,320.194625,2026-06-26 15:59:00,312.41,WEEK_END_CLOSE,0.07500000000010232,0.008002945083807056
SYK,2026-06-25 00:00:00,2026-06-26 00:00:00,0.0665024630541872,8.0,2026-06-26 10:23:00,328.595,63.917205309298176,62.694320008840414,3,985.7850000000001,320.380125,336.809875,2026-06-26 15:59:00,332.58,WEEK_END_CLOSE,11.95499999999987,1.212739086109016
SO,2026-06-25 00:00:00,2026-06-26 00:00:00,0.0464285714285714,4.0,2026-06-26 11:17:00,96.985,58.57106324053316,57.32128583683852,10,969.85,94.560375,99.40962499999999,2026-06-26 15:59:00,97.02,WEEK_END_CLOSE,0.3499999999999659,0.036088054853844476
RSG,2026-06-26 00:00:00,2026-06-29 00:00:00,0.0006877579092159,1.0,2026-06-29 09:47:00,216.23,46.425686019651565,46.05530676348129,4,864.92,210.82424999999998,221.63574999999997,2026-07-02 15:59:00,217.33,WEEK_END_CLOSE,4.400000000000091,0.5087175692549684
COF,2026-06-26 00:00:00,2026-06-29 00:00:00,0.0401776700989299,5.0,2026-06-29 09:49:00,203.75,50.592796437022535,47.85729957535828,4,815.0,198.65625,208.84374999999997,2026-07-02 09:31:00,208.84374999999997,TAKE_PROFIT,20.374999999999886,2.499999999999991
EMR,2026-06-26 00:00:00,2026-06-29 00:00:00,0.0454545454545454,8.0,2026-06-29 09:58:00,142.76,48.18533734411677,46.80452407646165,7,999.3199999999999,139.19099999999997,146.32899999999998,2026-07-02 11:16:00,139.19099999999997,STOP_LOSS,-24.983000000000118,-2.5000000000000133
BSX,2026-06-26 00:00:00,2026-06-29 00:00:00,0.0438144329896907,7.0,2026-06-29 10:01:00,44.24,48.33588793545836,48.25200192660812,22,973.2800000000001,43.134,45.346,2026-06-30 09:30:00,43.134,STOP_LOSS,-24.332000000000036,-2.500000000000002
MRSH,2026-06-26 00:00:00,2026-06-29 00:00:00,0.0344827586206896,4.0,2026-06-29 10:01:00,168.46,57.9644644654237,54.85289932720026,5,842.3000000000001,164.2485,172.67149999999998,2026-06-30 09:35:00,164.12,STOP_LOSS_GAP,-21.700000000000017,-2.576279235426815
CSX,2026-06-26 00:00:00,2026-06-29 00:00:00,0.0093283582089552,2.0,2026-06-29 10:05:00,48.315,60.49071771882635,57.42592144652124,20,966.3,47.107124999999996,49.52287499999999,2026-07-02 15:59:00,48.87,WEEK_END_CLOSE,11.099999999999994,1.14871158025458
ITW,2026-06-26 00:00:00,2026-06-29 00:00:00,0.0181818181818181,3.0,2026-06-29 10:06:00,268.12,51.491867294460526,50.56278796939405,3,804.36,261.417,274.823,2026-07-02 15:59:00,272.7,WEEK_END_CLOSE,13.739999999999952,1.7081903625242312
WMB,2026-06-26 00:00:00,2026-06-29 00:00:00,0.0542521994134897,10.0,2026-06-29 10:17:00,74.245,35.75629428951861,34.943367250085686,13,965.1850000000001,72.388875,76.101125,2026-07-01 10:36:00,72.388875,STOP_LOSS,-24.129625000000075,-2.500000000000002
MRK,2026-06-26 00:00:00,2026-06-29 00:00:00,0.042362487027078,6.0,2026-06-29 10:22:00,128.02,59.137381012007225,54.99614467852958,7,896.1400000000001,124.8195,131.2205,2026-07-01 15:20:00,124.8195,STOP_LOSS,-22.403500000000037,-2.500000000000002
MCK,2026-06-26 00:00:00,2026-06-29 00:00:00,0.048780487804878,9.0,2026-06-29 10:36:00,771.01,51.67145765629028,51.261086829988436,1,771.01,751.73475,790.2852499999999,2026-06-29 13:56:00,751.73475,STOP_LOSS,-19.275250000000028,-2.500000000000002
MCK,2026-06-26 00:00:00,2026-06-29 00:00:00,0.048780487804878,9.0,2026-06-29 13:58:00,752.415,46.50345206082395,44.22232526067863,1,752.415,733.6046249999999,771.2253749999999,2026-07-01 12:40:00,771.2253749999999,TAKE_PROFIT,18.810374999999908,2.499999999999991
ADP,2026-06-29 00:00:00,2026-06-30 00:00:00,0.0669642857142857,6.0,2026-06-30 09:46:00,224.42,53.00364358473124,52.90837531991977,4,897.68,218.80949999999999,230.03049999999996,2026-07-01 09:31:00,230.03049999999996,TAKE_PROFIT,22.441999999999894,2.499999999999991
AON,2026-06-29 00:00:00,2026-06-30 00:00:00,0.0535714285714285,5.0,2026-06-30 09:49:00,324.85,53.446457384000105,53.084591258947675,3,974.5500000000001,316.72875,332.97125,2026-06-30 14:44:00,332.97125,TAKE_PROFIT,24.363749999999925,2.499999999999991
AEP,2026-06-29 00:00:00,2026-06-30 00:00:00,0.0699774266365688,7.0,2026-06-30 09:50:00,137.21,54.200704173213474,52.80940892405939,7,960.47,133.77975,140.64025,2026-07-02 15:59:00,138.49,WEEK_END_CLOSE,8.960000000000008,0.9328766124917953
SPGI,2026-06-29 00:00:00,2026-06-30 00:00:00,0.0393541876892028,3.0,2026-06-30 09:52:00,406.877,56.96089080701554,54.978692850986064,2,813.754,396.705075,417.048925,2026-07-01 12:05:00,417.048925,TAKE_PROFIT,20.343849999999975,2.499999999999991
SYK,2026-06-29 00:00:00,2026-06-30 00:00:00,0.0925589836660617,10.0,2026-06-30 09:59:00,314.415,31.606392121241512,29.404774042838042,3,943.2450000000001,306.554625,322.275375,2026-07-02 11:03:00,322.275375,TAKE_PROFIT,23.58112499999993,2.499999999999991
ABNB,2026-06-29 00:00:00,2026-06-30 00:00:00,0.0713219934347955,8.0,2026-06-30 10:18:00,147.04,51.225425496435015,46.55381588708236,6,882.24,143.36399999999998,150.71599999999998,2026-06-30 14:30:00,143.36399999999998,STOP_LOSS,-22.056000000000097,-2.5000000000000133
DHR,2026-06-29 00:00:00,2026-06-30 00:00:00,0.0075617853190704,1.0,2026-06-30 10:20:00,190.15,43.838574178681206,43.16654147442446,5,950.75,185.39625,194.90375,2026-07-01 10:39:00,194.90375,TAKE_PROFIT,23.768749999999983,2.499999999999991
TT,2026-06-29 00:00:00,2026-06-30 00:00:00,0.0428571428571428,4.0,2026-06-30 10:23:00,488.045,63.37320759747708,61.29115673751861,2,976.09,475.843875,500.24612499999995,2026-07-02 11:08:00,475.843875,STOP_LOSS,-24.40224999999998,-2.500000000000002
BMY,2026-06-29 00:00:00,2026-06-30 00:00:00,0.0390385631273111,2.0,2026-06-30 10:40:00,57.415,39.89577920265421,37.53227121097804,17,976.055,55.979625,58.85037499999999,2026-07-02 15:59:00,58.11,WEEK_END_CLOSE,11.815000000000005,1.2104850648785082
ABNB,2026-06-29 00:00:00,2026-06-30 00:00:00,0.0713219934347955,8.0,2026-06-30 14:32:00,143.59,36.06379632708835,33.503969345504245,6,861.54,140.00025,147.17974999999998,2026-07-01 10:37:00,147.17974999999998,TAKE_PROFIT,21.538499999999885,2.499999999999991
AON,2026-06-29 00:00:00,2026-06-30 00:00:00,0.0535714285714285,5.0,2026-06-30 15:26:00,332.81,57.126245560610876,55.00158760545329,3,998.4300000000001,324.48975,341.13025,2026-07-01 10:20:00,341.14,TAKE_PROFIT_GAP,24.989999999999952,2.50292959947116
ORLY,2026-06-30 00:00:00,2026-07-01 00:00:00,0.0135135135135135,4.0,2026-07-01 09:48:00,92.125,50.6280944401215,48.70621865512402,10,921.25,89.82187499999999,94.428125,2026-07-02 15:13:00,89.82187499999999,STOP_LOSS,-23.031250000000085,-2.5000000000000133
CTAS,2026-06-30 00:00:00,2026-07-01 00:00:00,0.04,7.0,2026-07-01 09:49:00,172.12,57.162399415258264,54.532223619876106,5,860.6,167.817,176.423,2026-07-01 11:05:00,176.423,TAKE_PROFIT,21.514999999999986,2.499999999999991
RTX,2026-06-30 00:00:00,2026-07-01 00:00:00,0.02686005909213,6.0,2026-07-01 09:50:00,189.88,53.8753802043741,50.32386416289921,5,949.4,185.13299999999998,194.62699999999998,2026-07-02 09:30:00,194.77,TAKE_PROFIT_GAP,24.450000000000074,2.57531072256163
CVX,2026-06-30 00:00:00,2026-07-01 00:00:00,0.0764112232449817,10.0,2026-07-01 10:04:00,166.305,44.7387296233963,44.12246913883145,6,997.83,162.147375,170.462625,2026-07-02 15:59:00,169.2,WEEK_END_CLOSE,17.36999999999989,1.7407774871470938
JCI,2026-06-30 00:00:00,2026-07-01 00:00:00,0.0078431372549019,2.0,2026-07-01 10:23:00,146.45,54.59722896324211,49.42778195238573,6,878.6999999999999,142.78875,150.11124999999998,2026-07-01 12:09:00,150.11124999999998,TAKE_PROFIT,21.967499999999973,2.499999999999991
AON,2026-06-30 00:00:00,2026-07-01 00:00:00,0.0,1.0,2026-07-01 10:35:00,342.62,67.4937731476015,62.29776463249235,2,685.24,334.0545,351.1855,2026-07-02 10:43:00,351.23,TAKE_PROFIT_GAP,17.220000000000027,2.5129881501371854
MPC,2026-06-30 00:00:00,2026-07-01 00:00:00,0.0608228980322003,8.0,2026-07-01 10:42:00,257.4325,55.208115417915366,53.31566755385562,3,772.2975,250.9966875,263.8683125,2026-07-01 15:56:00,263.8683125,TAKE_PROFIT,19.307437499999992,2.499999999999991
APO,2026-06-30 00:00:00,2026-07-01 00:00:00,0.062206572769953,9.0,2026-07-01 11:04:00,117.15,45.40814806575702,37.91560338456119,8,937.2,114.22125,120.07875,2026-07-02 09:30:00,120.07875,TAKE_PROFIT,23.42999999999995,2.499999999999991
CTAS,2026-06-30 00:00:00,2026-07-01 00:00:00,0.04,7.0,2026-07-01 11:41:00,176.15,59.20956194096189,58.90844702823093,5,880.75,171.74625,180.55374999999998,2026-07-02 13:25:00,180.55374999999998,TAKE_PROFIT,22.01874999999987,2.499999999999991
SPGI,2026-06-30 00:00:00,2026-07-01 00:00:00,0.0117813383600377,3.0,2026-07-01 12:11:00,416.5,57.783283552488705,57.66301510063344,2,833.0,406.0875,426.91249999999997,2026-07-02 09:30:00,426.91249999999997,TAKE_PROFIT,20.824999999999932,2.499999999999991
JCI,2026-06-30 00:00:00,2026-07-01 00:00:00,0.0078431372549019,2.0,2026-07-01 13:34:00,147.93,48.61701371287224,35.21704292463463,6,887.58,144.23175,151.62824999999998,2026-07-02 09:31:00,144.11,STOP_LOSS_GAP,-22.91999999999996,-2.582302440343398
CRH,2026-07-01 00:00:00,2026-07-02 00:00:00,0.0980392156862745,8.0,2026-07-02 09:53:00,107.06,53.26119473367279,51.686399126898785,9,963.54,104.3835,109.73649999999999,2026-07-02 15:59:00,107.5,WEEK_END_CLOSE,3.9599999999999795,0.41098449467587006
TMO,2026-07-01 00:00:00,2026-07-02 00:00:00,0.0626262626262626,2.0,2026-07-02 09:53:00,520.9825,57.029268059921904,57.00393151821652,1,520.9825,507.95793749999996,534.0070625,2026-07-02 15:59:00,523.38,WEEK_END_CLOSE,2.3975000000000364,0.4601882020989212
PLD,2026-07-01 00:00:00,2026-07-02 00:00:00,0.0835694050991501,5.0,2026-07-02 09:57:00,137.56,44.32520965313767,39.84474936914175,7,962.9200000000001,134.121,140.999,2026-07-02 15:59:00,139.43,WEEK_END_CLOSE,13.090000000000032,1.3594068043035756
TGT,2026-07-01 00:00:00,2026-07-02 00:00:00,0.0908258979638526,7.0,2026-07-02 09:59:00,131.0,50.87527433977929,50.36383044580431,7,917.0,127.725,134.27499999999998,2026-07-02 15:59:00,130.2,WEEK_END_CLOSE,-5.60000000000008,-0.6106870229007688
KO,2026-07-01 00:00:00,2026-07-02 00:00:00,0.0851408878978309,6.0,2026-07-02 10:06:00,81.775,58.81365582506095,57.72321648557566,12,981.3000000000001,79.730625,83.819375,2026-07-02 15:50:00,83.819375,TAKE_PROFIT,24.532499999999857,2.499999999999991
TFC,2026-07-01 00:00:00,2026-07-02 00:00:00,0.1078224101479915,9.0,2026-07-02 10:26:00,50.87,53.56733038857265,52.764200425626505,19,966.53,49.59824999999999,52.141749999999995,2026-07-02 15:59:00,50.97,WEEK_END_CLOSE,1.900000000000027,0.19657951641438576
COF,2026-07-01 00:00:00,2026-07-02 00:00:00,0.1178399650196764,10.0,2026-07-02 10:30:00,205.36,52.37280827127239,48.06284330303288,4,821.44,200.226,210.494,2026-07-02 15:59:00,205.03,WEEK_END_CLOSE,-1.32000000000005,-0.16069341643942803
DASH,2026-07-01 00:00:00,2026-07-02 00:00:00,0.0468836183121897,1.0,2026-07-02 10:36:00,190.785,54.55644841732426,54.475337500623226,5,953.925,186.015375,195.554625,2026-07-02 15:59:00,192.02,WEEK_END_CLOSE,6.175000000000068,0.6473255234950459
EQIX,2026-07-01 00:00:00,2026-07-02 00:00:00,0.0668103448275862,3.0,2026-07-02 12:05:00,996.385,40.326473707206716,39.30699173587368,1,996.385,971.475375,1021.2946249999999,2026-07-02 15:59:00,1002.03,WEEK_END_CLOSE,5.644999999999982,0.5665480712776727
AON,2026-07-02 00:00:00,2026-07-06 00:00:00,0.0493827160493827,6.0,2026-07-06 09:45:00,354.46,52.016298462832026,50.31348084850779,2,708.92,345.59849999999994,363.32149999999996,2026-07-07 09:34:00,363.32149999999996,TAKE_PROFIT,17.722999999999956,2.499999999999991
TEL,2026-07-02 00:00:00,2026-07-06 00:00:00,0.0252365930599369,2.0,2026-07-06 09:46:00,200.41,62.95442755659898,62.19352646552088,4,801.64,195.39974999999998,205.42024999999998,2026-07-07 10:42:00,195.32,STOP_LOSS_GAP,-20.360000000000014,-2.539793423481862
RTX,2026-07-02 00:00:00,2026-07-06 00:00:00,0.0420940455574796,5.0,2026-07-06 09:47:00,199.28,59.142339874384724,56.278987885357246,5,996.4,194.298,204.26199999999997,2026-07-09 09:30:00,193.99,STOP_LOSS_GAP,-26.44999999999996,-2.6545564030509783
ORLY,2026-07-02 00:00:00,2026-07-06 00:00:00,0.0619389587073608,8.0,2026-07-06 09:48:00,85.71,39.155165252167535,35.28941047297297,11,942.81,83.56724999999999,87.85274999999999,2026-07-06 10:15:00,83.56724999999999,STOP_LOSS,-23.570250000000073,-2.5000000000000133
CTAS,2026-07-02 00:00:00,2026-07-06 00:00:00,0.0597609561752988,7.0,2026-07-06 09:50:00,179.94,50.808207416693335,50.31438944384025,5,899.7,175.4415,184.43849999999998,2026-07-10 15:59:00,179.64,WEEK_END_CLOSE,-1.5000000000000568,-0.16672224074691933
TT,2026-07-02 00:00:00,2026-07-06 00:00:00,0.0692307692307692,10.0,2026-07-06 09:50:00,484.275,63.5888649419807,62.17738903593355,2,968.55,472.168125,496.3818749999999,2026-07-07 09:38:00,472.168125,STOP_LOSS,-24.213750000000005,-2.500000000000002
PLD,2026-07-02 00:00:00,2026-07-06 00:00:00,0.0297619047619047,3.0,2026-07-06 09:52:00,139.01,53.43130800822725,52.39270042405809,7,973.0699999999999,135.53474999999997,142.48524999999998,2026-07-07 10:37:00,142.48524999999998,TAKE_PROFIT,24.32674999999992,2.499999999999991
TFC,2026-07-02 00:00:00,2026-07-06 00:00:00,0.0678391959798995,9.0,2026-07-06 09:57:00,51.15,60.624521335072124,55.85434743351721,19,971.85,49.871249999999996,52.428749999999994,2026-07-08 10:30:00,49.871249999999996,STOP_LOSS,-24.296250000000043,-2.500000000000002
ABBV,2026-07-02 00:00:00,2026-07-06 00:00:00,0.0362578888751392,4.0,2026-07-06 09:59:00,255.48,43.94100764201677,43.495893055760455,3,766.4399999999999,249.093,261.86699999999996,2026-07-09 13:51:00,249.093,STOP_LOSS,-19.161,-2.500000000000002
DHR,2026-07-02 00:00:00,2026-07-06 00:00:00,0.0200601805416248,1.0,2026-07-06 10:01:00,191.79,45.57675000640597,42.811661021885904,5,958.9499999999999,186.99525,196.58474999999999,2026-07-07 09:30:00,197.42,TAKE_PROFIT_GAP,28.149999999999977,2.935502372386467
ORLY,2026-07-02 00:00:00,2026-07-06 00:00:00,0.0619389587073608,8.0,2026-07-06 10:23:00,83.64,43.927234471682105,39.06929850215132,11,920.04,81.54899999999999,85.731,2026-07-07 09:30:00,85.731,TAKE_PROFIT,23.000999999999934,2.499999999999991
MPC,2026-07-06 00:00:00,2026-07-07 00:00:00,0.0832929782082324,5.0,2026-07-07 09:48:00,267.58,47.78970978595963,46.999231105170075,3,802.74,260.8905,274.26949999999994,2026-07-08 09:33:00,274.26949999999994,TAKE_PROFIT,20.068499999999858,2.499999999999991
AON,2026-07-06 00:00:00,2026-07-07 00:00:00,0.0,1.0,2026-07-07 09:50:00,361.95,58.88619507648436,57.76188989493145,2,723.9,352.90125,370.99875,2026-07-10 15:59:00,356.92,WEEK_END_CLOSE,-10.059999999999945,-1.3896947092139733
CSX,2026-07-06 00:00:00,2026-07-07 00:00:00,0.0439856373429084,2.0,2026-07-07 09:50:00,48.72,44.775509438258474,43.80819224169347,20,974.4,47.501999999999995,49.937999999999995,2026-07-10 15:59:00,49.41,WEEK_END_CLOSE,13.799999999999955,1.4162561576354538
PH,2026-07-06 00:00:00,2026-07-07 00:00:00,0.1224489795918367,10.0,2026-07-07 09:56:00,952.63,42.606180902262594,38.51352785856818,1,952.63,928.81425,976.4457499999999,2026-07-10 15:59:00,960.73,WEEK_END_CLOSE,8.100000000000023,0.8502776523938937
ISRG,2026-07-06 00:00:00,2026-07-07 00:00:00,0.1059850374064838,7.0,2026-07-07 10:01:00,438.979,47.94548920738766,46.11773008813904,2,877.958,428.004525,449.95347499999997,2026-07-07 11:30:00,428.004525,STOP_LOSS,-21.948949999999968,-2.499999999999991
AFL,2026-07-06 00:00:00,2026-07-07 00:00:00,0.0591133004926108,4.0,2026-07-07 10:04:00,122.1,63.83830541930858,61.32144041390072,8,976.8,119.04749999999999,125.15249999999999,2026-07-10 15:59:00,121.92,WEEK_END_CLOSE,-1.4399999999999409,-0.14742014742014087
WELL,2026-07-06 00:00:00,2026-07-07 00:00:00,0.1126760563380281,9.0,2026-07-07 10:10:00,236.675,59.542939307542774,55.96050108672746,4,946.7,230.758125,242.591875,2026-07-10 09:38:00,230.758125,STOP_LOSS,-23.667500000000018,-2.500000000000002
CRH,2026-07-06 00:00:00,2026-07-07 00:00:00,0.1052631578947368,6.0,2026-07-07 10:13:00,105.58,48.25735334555477,44.75216361452534,9,950.22,102.9405,108.21949999999998,2026-07-08 09:30:00,102.9,STOP_LOSS_GAP,-24.119999999999933,-2.538359537791246
JPM,2026-07-06 00:00:00,2026-07-07 00:00:00,0.1108643167551907,8.0,2026-07-07 10:13:00,341.12,59.722031414574325,58.5908257141661,2,682.24,332.592,349.64799999999997,2026-07-08 10:37:00,332.592,STOP_LOSS,-17.05600000000004,-2.500000000000002
ISRG,2026-07-06 00:00:00,2026-07-07 00:00:00,0.1059850374064838,7.0,2026-07-07 11:39:00,427.065,34.839723528749175,32.52139413205957,2,854.13,416.388375,437.74162499999994,2026-07-08 09:45:00,416.388375,STOP_LOSS,-21.353250000000003,-2.500000000000002
AEP,2026-07-07 00:00:00,2026-07-08 00:00:00,0.0880733944954128,4.0,2026-07-08 09:47:00,137.265,51.201572747093174,40.952800429237215,7,960.8549999999999,133.833375,140.69662499999998,2026-07-09 14:36:00,133.83,STOP_LOSS_GAP,-24.044999999999817,-2.502458747677827
ADBE,2026-07-07 00:00:00,2026-07-08 00:00:00,0.1198573934695263,9.0,2026-07-08 09:48:00,218.33,33.6352625100438,32.771111179844944,4,873.32,212.87175000000002,223.78825,2026-07-10 09:30:00,226.5,TAKE_PROFIT_GAP,32.67999999999995,3.7420418632345465
SO,2026-07-07 00:00:00,2026-07-08 00:00:00,0.0985507246376811,6.0,2026-07-08 09:49:00,97.0678,52.236098118780674,48.17816940275784,10,970.6780000000001,94.641105,99.494495,2026-07-10 15:59:00,95.61,WEEK_END_CLOSE,-14.57800000000006,-1.5018368604212795
PG,2026-07-07 00:00:00,2026-07-08 00:00:00,0.0412910458218506,2.0,2026-07-08 09:53:00,150.18,51.54112247385049,50.91383981742359,6,901.08,146.4255,153.93449999999999,2026-07-09 09:31:00,146.4255,STOP_LOSS,-22.527000000000044,-2.500000000000002
WM,2026-07-07 00:00:00,2026-07-08 00:00:00,0.1149851632047477,8.0,2026-07-08 09:54:00,236.0,48.91681694270383,46.98178523455555,4,944.0,230.1,241.89999999999998,2026-07-09 09:31:00,230.1,STOP_LOSS,-23.600000000000023,-2.500000000000002
CMCSA,2026-07-07 00:00:00,2026-07-08 00:00:00,0.0973399246704331,5.0,2026-07-08 09:59:00,23.48,54.352623576541454,50.41326304190242,42,986.16,22.893,24.066999999999997,2026-07-09 09:30:00,22.893,STOP_LOSS,-24.65399999999999,-2.500000000000002
JCI,2026-07-07 00:00:00,2026-07-08 00:00:00,0.0187313750532141,1.0,2026-07-08 10:00:00,140.445,61.04045105993834,54.440273857768744,7,983.115,136.933875,143.956125,2026-07-10 12:02:00,143.956125,TAKE_PROFIT,24.57787499999995,2.499999999999991
NSC,2026-07-07 00:00:00,2026-07-08 00:00:00,0.1147540983606557,7.0,2026-07-08 10:03:00,321.95,55.52431404532365,55.37903482220629,3,965.8499999999999,313.90125,329.99875,2026-07-10 15:59:00,327.54,WEEK_END_CLOSE,16.770000000000095,1.7362944556608362
MDLZ,2026-07-07 00:00:00,2026-07-08 00:00:00,0.0536912751677852,3.0,2026-07-08 10:06:00,59.54,52.34331774335069,43.569208143896624,16,952.64,58.0515,61.028499999999994,2026-07-10 09:30:00,58.0515,STOP_LOSS,-23.81600000000003,-2.500000000000002
JPM,2026-07-07 00:00:00,2026-07-08 00:00:00,0.1208228490707632,10.0,2026-07-08 10:43:00,332.585,40.221428110025286,40.170521984966975,3,997.7549999999999,324.27037499999994,340.89962499999996,2026-07-10 15:59:00,336.47,WEEK_END_CLOSE,11.655000000000143,1.168122434866281
RSG,2026-07-08 00:00:00,2026-07-09 00:00:00,0.0625,8.0,2026-07-09 09:45:00,218.325,43.10747932813001,41.33074682588038,4,873.3,212.866875,223.78312499999996,2026-07-10 15:59:00,219.13,WEEK_END_CLOSE,3.2200000000000273,0.3687163632199786
PG,2026-07-08 00:00:00,2026-07-09 00:00:00,0.0876856732151413,10.0,2026-07-09 09:48:00,146.6799,46.685367579539275,39.591424078281726,6,880.0794000000001,143.0129025,150.34689749999998,2026-07-10 15:59:00,147.024,WEEK_END_CLOSE,2.0645999999999844,0.23459246972488135
CVS,2026-07-08 00:00:00,2026-07-09 00:00:00,0.0083356748150229,4.0,2026-07-09 09:58:00,104.54,53.10125962424081,48.661288530091454,9,940.86,101.9265,107.1535,2026-07-10 15:59:00,104.19,WEEK_END_CLOSE,-3.1500000000000767,-0.33480007652574306
MO,2026-07-08 00:00:00,2026-07-09 00:00:00,0.0505812344312205,7.0,2026-07-09 10:03:00,72.92,53.82743617718788,45.344456343516704,13,947.96,71.097,74.743,2026-07-10 09:35:00,71.097,STOP_LOSS,-23.699000000000098,-2.5000000000000133
SYK,2026-07-08 00:00:00,2026-07-09 00:00:00,0.0352941176470588,6.0,2026-07-09 10:25:00,328.44,55.138424462669725,52.99156211381341,3,985.3199999999999,320.229,336.65099999999995,2026-07-10 15:59:00,329.76,WEEK_END_CLOSE,3.9599999999999795,0.4018998903909443
WMB,2026-07-09 00:00:00,2026-07-10 00:00:00,0.0103092783505154,4.0,2026-07-10 09:45:00,75.175,45.311149499570604,43.3843180734452,13,977.275,73.295625,77.054375,2026-07-10 15:59:00,75.01,WEEK_END_CLOSE,-2.1449999999998965,-0.21948786165612022
SPG,2026-07-09 00:00:00,2026-07-10 00:00:00,0.0210526315789473,6.0,2026-07-10 09:47:00,220.11,48.45966788566086,46.20972750307548,4,880.44,214.60725000000002,225.61275,2026-07-10 12:05:00,214.60725000000002,STOP_LOSS,-22.010999999999967,-2.499999999999991
WBD,2026-07-09 00:00:00,2026-07-10 00:00:00,0.0504726389732026,9.0,2026-07-10 09:47:00,26.695,62.56538552089376,61.12302112257496,37,987.715,26.027625,27.362374999999997,2026-07-10 15:59:00,26.61,WEEK_END_CLOSE,-3.1450000000000315,-0.31841168758194316
WM,2026-07-09 00:00:00,2026-07-10 00:00:00,0.0463890353189246,8.0,2026-07-10 09:49:00,231.89,45.10747213960551,43.81948554020569,4,927.56,226.09275,237.68724999999998,2026-07-10 15:59:00,233.35,WEEK_END_CLOSE,5.840000000000032,0.6296088662728128
ITW,2026-07-09 00:00:00,2026-07-10 00:00:00,0.0008503401360544,2.0,2026-07-10 09:55:00,267.69,59.38652909317799,55.147098017209686,3,803.0699999999999,260.99775,274.38225,2026-07-10 15:59:00,268.755,WEEK_END_CLOSE,3.194999999999993,0.3978482573125719
ADP,2026-07-09 00:00:00,2026-07-10 00:00:00,0.0315581854043392,7.0,2026-07-10 10:17:00,243.15,61.15395486128986,60.73887564597266,4,972.6,237.07125,249.22875,2026-07-10 15:59:00,241.95,WEEK_END_CLOSE,-4.800000000000068,-0.4935225169648394
TEL,2026-07-09 00:00:00,2026-07-10 00:00:00,0.0089235917456776,3.0,2026-07-10 10:26:00,202.54,60.18466678073999,53.87343326396165,4,810.16,197.4765,207.60349999999997,2026-07-10 15:59:00,200.36,WEEK_END_CLOSE,-8.719999999999914,-1.076330601362685
DASH,2026-07-09 00:00:00,2026-07-10 00:00:00,0.0510337120506612,10.0,2026-07-10 10:43:00,193.33,51.56143140115374,51.51017041550435,5,966.6500000000001,188.49675000000002,198.16325,2026-07-10 15:59:00,191.84,WEEK_END_CLOSE,-7.4500000000000455,-0.7707029431542001
SPG,2026-07-09 00:00:00,2026-07-10 00:00:00,0.0210526315789473,6.0,2026-07-10 12:07:00,214.96,39.18678956821174,39.17349012353984,4,859.84,209.586,220.334,2026-07-10 15:59:00,218.77,WEEK_END_CLOSE,15.240000000000009,1.7724227763304734
EMR,2026-07-10 00:00:00,2026-07-13 00:00:00,0.0606060606060606,8.0,2026-07-13 09:46:00,138.49,46.02154404258723,45.78648556088011,7,969.4300000000001,135.02775,141.95225,2026-07-13 14:48:00,135.02775,STOP_LOSS,-24.23575000000008,-2.5000000000000133
VRTX,2026-07-10 00:00:00,2026-07-13 00:00:00,0.0427350427350427,5.0,2026-07-13 09:46:00,480.955,45.78947899236437,45.739379565046406,2,961.91,468.93112499999995,492.97887499999996,2026-07-17 09:42:00,492.97887499999996,TAKE_PROFIT,24.04774999999995,2.499999999999991
HPE,2026-07-10 00:00:00,2026-07-13 00:00:00,0.0521685761047463,7.0,2026-07-13 09:47:00,47.34,40.50521696095913,39.15776737877142,21,994.1400000000001,46.1565,48.5235,2026-07-14 09:30:00,48.86,TAKE_PROFIT_GAP,31.919999999999916,3.210815378115739
AEP,2026-07-10 00:00:00,2026-07-13 00:00:00,0.0256410256410256,3.0,2026-07-13 09:50:00,136.165,60.03302324194601,59.34134302099627,7,953.155,132.760875,139.56912499999999,2026-07-15 15:04:00,132.76,STOP_LOSS_GAP,-23.835000000000008,-2.5006426027246342
MSI,2026-07-10 00:00:00,2026-07-13 00:00:00,0.0666666666666666,10.0,2026-07-13 09:56:00,424.59,53.186551002786445,51.74023128302545,2,849.18,413.97524999999996,435.20474999999993,2026-07-14 09:30:00,413.97524999999996,STOP_LOSS,-21.22950000000003,-2.500000000000002
BNY,2026-07-10 00:00:00,2026-07-13 00:00:00,0.0410404624277456,4.0,2026-07-13 10:20:00,150.99,49.28660094529583,48.34244547236102,6,905.94,147.21525,154.76475,2026-07-14 10:14:00,154.76475,TAKE_PROFIT,22.6484999999999,2.499999999999991
CME,2026-07-10 00:00:00,2026-07-13 00:00:00,0.0159833217512161,2.0,2026-07-13 10:31:00,241.34,52.086106833939866,51.46501636629924,4,965.36,235.3065,247.37349999999998,2026-07-17 09:30:00,247.37349999999998,TAKE_PROFIT,24.1339999999999,2.499999999999991
MDT,2026-07-10 00:00:00,2026-07-13 00:00:00,0.0449915110356536,6.0,2026-07-13 10:54:00,83.89,54.72419216363792,47.1240768262109,11,922.79,81.79275,85.98724999999999,2026-07-14 09:30:00,81.59,STOP_LOSS_GAP,-25.29999999999997,-2.7416855405888674
CSX,2026-07-10 00:00:00,2026-07-13 00:00:00,0.00416449765747,1.0,2026-07-13 11:14:00,49.505,45.43746042574245,43.66094167306469,20,990.1,48.267375,50.742625,2026-07-16 10:30:00,50.742625,TAKE_PROFIT,24.752499999999884,2.499999999999991
EMR,2026-07-10 00:00:00,2026-07-13 00:00:00,0.0606060606060606,8.0,2026-07-13 14:53:00,135.1645,41.95762600175745,40.5755380614561,7,946.1515,131.7853875,138.5436125,2026-07-16 15:16:00,138.5436125,TAKE_PROFIT,23.653787499999936,2.499999999999991
ITW,2026-07-13 00:00:00,2026-07-14 00:00:00,0.0408163265306122,3.0,2026-07-14 09:46:00,274.27,62.82170121599782,61.286962389415564,3,822.81,267.41324999999995,281.12674999999996,2026-07-16 11:24:00,281.12674999999996,TAKE_PROFIT,20.57024999999993,2.499999999999991
ORLY,2026-07-13 00:00:00,2026-07-14 00:00:00,0.0766246362754607,10.0,2026-07-14 09:49:00,86.52,39.68036080195794,39.5781793008422,11,951.7199999999999,84.357,88.68299999999999,2026-07-15 11:50:00,84.357,STOP_LOSS,-23.792999999999964,-2.499999999999991
SYK,2026-07-13 00:00:00,2026-07-14 00:00:00,0.0245901639344262,2.0,2026-07-14 09:50:00,313.85,36.4349608424808,34.94953751781965,3,941.5500000000001,306.00375,321.69625,2026-07-16 09:31:00,321.69625,TAKE_PROFIT,23.538749999999993,2.499999999999991
TJX,2026-07-13 00:00:00,2026-07-14 00:00:00,0.0710116731517509,8.0,2026-07-14 09:50:00,149.74,42.271863024710115,39.80682829011105,6,898.44,145.9965,153.4835,2026-07-16 09:39:00,153.5,TAKE_PROFIT_GAP,22.559999999999945,2.5110190997729376
PCAR,2026-07-13 00:00:00,2026-07-14 00:00:00,0.0541871921182266,5.0,2026-07-14 09:51:00,124.86,53.33260254931673,51.30905758354367,8,998.88,121.7385,127.98149999999998,2026-07-17 09:47:00,127.98149999999998,TAKE_PROFIT,24.971999999999866,2.499999999999991
MSI,2026-07-13 00:00:00,2026-07-14 00:00:00,0.0751445086705202,9.0,2026-07-14 09:58:00,415.19,43.4080725557736,40.29218452287358,2,830.38,404.81025,425.56974999999994,2026-07-17 15:59:00,413.28,WEEK_END_CLOSE,-3.82000000000005,-0.460030347551732
SPG,2026-07-13 00:00:00,2026-07-14 00:00:00,0.0545454545454545,6.0,2026-07-14 10:04:00,221.25,63.36810511603465,57.97027755972113,4,885.0,215.71875,226.78124999999997,2026-07-16 10:09:00,226.78124999999997,TAKE_PROFIT,22.124999999999886,2.499999999999991
ECL,2026-07-13 00:00:00,2026-07-14 00:00:00,0.0689655172413793,7.0,2026-07-14 10:05:00,272.225,58.73815720253587,54.9774806788232,3,816.6750000000001,265.419375,279.030625,2026-07-17 09:39:00,279.030625,TAKE_PROFIT,20.41687499999989,2.499999999999991
RTX,2026-07-14 00:00:00,2026-07-15 00:00:00,0.0418917722079532,2.0,2026-07-15 09:46:00,194.5,47.42660575320614,45.31967526864378,5,972.5,189.6375,199.36249999999998,2026-07-17 15:59:00,193.49,WEEK_END_CLOSE,-5.0499999999999545,-0.5192802056555257
DHR,2026-07-14 00:00:00,2026-07-15 00:00:00,0.017221249270286,1.0,2026-07-15 09:47:00,201.03,56.08128946664275,56.07931900630242,4,804.12,196.00424999999998,206.05575,2026-07-17 09:40:00,206.05575,TAKE_PROFIT,20.102999999999952,2.499999999999991
RSG,2026-07-14 00:00:00,2026-07-15 00:00:00,0.0857142857142857,10.0,2026-07-15 09:48:00,219.23,45.374267769411375,41.7567071326038,4,876.92,213.74925,224.71074999999996,2026-07-16 12:17:00,224.71074999999996,TAKE_PROFIT,21.922999999999888,2.499999999999991
SHW,2026-07-14 00:00:00,2026-07-15 00:00:00,0.0847457627118644,9.0,2026-07-15 09:48:00,330.46,56.70955826770954,51.43434783374149,3,991.3799999999999,322.19849999999997,338.72149999999993,2026-07-16 11:12:00,338.72149999999993,TAKE_PROFIT,24.784499999999866,2.499999999999991
TEL,2026-07-14 00:00:00,2026-07-15 00:00:00,0.0714285714285714,8.0,2026-07-15 09:57:00,202.32,53.793867983142064,52.473980485241675,4,809.28,197.262,207.378,2026-07-17 09:37:00,197.04,STOP_LOSS_GAP,-21.120000000000005,-2.60972716488731
HD,2026-07-14 00:00:00,2026-07-15 00:00:00,0.0673805913570887,5.0,2026-07-15 10:16:00,344.33,61.693045529677214,60.97189226143977,2,688.66,335.72175,352.9382499999999,2026-07-17 09:41:00,352.9382499999999,TAKE_PROFIT,17.216499999999883,2.499999999999991
ORLY,2026-07-14 00:00:00,2026-07-15 00:00:00,0.0704225352112676,6.0,2026-07-15 12:14:00,83.42,40.8366447809344,34.357363499467276,11,917.62,81.3345,85.5055,2026-07-16 10:48:00,85.5055,TAKE_PROFIT,22.940499999999957,2.499999999999991
ACN,2026-07-15 00:00:00,2026-07-16 00:00:00,0.1196172248803827,10.0,2026-07-16 09:51:00,139.28,59.3790194298477,53.951535872265595,7,974.96,135.798,142.762,2026-07-16 10:19:00,135.798,STOP_LOSS,-24.373999999999995,-2.500000000000002
ADP,2026-07-15 00:00:00,2026-07-16 00:00:00,0.0700636942675159,4.0,2026-07-16 09:55:00,253.03,60.347619694953664,58.804204390221344,3,759.09,246.70425,259.35575,2026-07-17 09:31:00,259.41,TAKE_PROFIT_GAP,19.14000000000007,2.5214401454373148
WELL,2026-07-15 00:00:00,2026-07-16 00:00:00,0.0833333333333333,6.0,2026-07-16 10:07:00,236.98,57.03115773718248,55.44543809152697,4,947.92,231.0555,242.90449999999996,2026-07-17 09:30:00,244.07,TAKE_PROFIT_GAP,28.360000000000014,2.991813655160769
TJX,2026-07-15 00:00:00,2026-07-16 00:00:00,0.072072072072072,5.0,2026-07-16 10:22:00,154.72,64.41608146249044,63.27825841476875,6,928.3199999999999,150.852,158.588,2026-07-17 15:59:00,154.39,WEEK_END_CLOSE,-1.980000000000075,-0.21328852119959496
TFC,2026-07-15 00:00:00,2026-07-16 00:00:00,0.0929705215419501,9.0,2026-07-16 10:28:00,53.47,59.57415195505176,59.35085481162039,18,962.46,52.13325,54.806749999999994,2026-07-17 15:59:00,52.51,WEEK_END_CLOSE,-17.280000000000015,-1.7953992893211201
ACN,2026-07-15 00:00:00,2026-07-16 00:00:00,0.1196172248803827,10.0,2026-07-16 10:35:00,136.2,48.661191988040876,46.75800510886857,7,953.3999999999999,132.795,139.605,2026-07-16 11:14:00,139.605,TAKE_PROFIT,23.835000000000008,2.499999999999991
CSX,2026-07-15 00:00:00,2026-07-16 00:00:00,0.0326180850696244,2.0,2026-07-16 10:37:00,50.785,72.57038734354876,71.98459842045517,19,964.915,49.515375,52.054624999999994,2026-07-17 15:59:00,50.735,WEEK_END_CLOSE,-0.949999999999946,-0.09845426799250934
MDLZ,2026-07-15 00:00:00,2026-07-16 00:00:00,0.0857142857142857,8.0,2026-07-16 10:45:00,59.85,55.12346844523757,54.779250794687414,16,957.6,58.35375,61.34625,2026-07-16 14:47:00,61.34625,TAKE_PROFIT,23.93999999999994,2.499999999999991
ACN,2026-07-15 00:00:00,2026-07-16 00:00:00,0.1196172248803827,10.0,2026-07-16 11:37:00,140.31,64.48559381345581,62.711593153501276,7,982.1700000000001,136.80225,143.81775,2026-07-16 12:49:00,143.81775,TAKE_PROFIT,24.55424999999991,2.499999999999991
ITW,2026-07-15 00:00:00,2026-07-16 00:00:00,0.0,1.0,2026-07-16 11:40:00,281.4,61.06336663355721,59.07441530962103,3,844.1999999999999,274.36499999999995,288.43499999999995,2026-07-17 15:59:00,276.05,WEEK_END_CLOSE,-16.049999999999898,-1.9012082444918144
RSG,2026-07-15 00:00:00,2026-07-16 00:00:00,0.0833333333333333,7.0,2026-07-16 12:22:00,224.545,56.33593531551618,56.07205305062121,4,898.18,218.93137499999997,230.15862499999997,2026-07-17 15:59:00,222.3,WEEK_END_CLOSE,-8.979999999999905,-0.9997995947360061
ACN,2026-07-15 00:00:00,2026-07-16 00:00:00,0.1196172248803827,10.0,2026-07-16 13:31:00,143.58,64.97687844970028,62.173336888148526,6,861.48,139.9905,147.1695,2026-07-17 09:40:00,147.1695,TAKE_PROFIT,21.53699999999992,2.499999999999991
MDLZ,2026-07-15 00:00:00,2026-07-16 00:00:00,0.0857142857142857,8.0,2026-07-16 14:51:00,61.37,70.15521654034683,68.91989872471335,16,981.92,59.83575,62.90424999999999,2026-07-17 09:39:00,62.90424999999999,TAKE_PROFIT,24.547999999999888,2.499999999999991
SLB,2026-07-16 00:00:00,2026-07-17 00:00:00,0.032557005243263,9.0,2026-07-17 09:45:00,46.985,52.31128821380032,51.01537257147567,21,986.685,45.810375,48.159625,2026-07-17 15:59:00,46.99,WEEK_END_CLOSE,0.10500000000005372,0.010641694157720316
DASH,2026-07-16 00:00:00,2026-07-17 00:00:00,0.0369489665264313,10.0,2026-07-17 09:46:00,185.54,41.3563753379614,41.16672463031455,5,927.6999999999999,180.9015,190.17849999999999,2026-07-17 15:59:00,184.16,WEEK_END_CLOSE,-6.899999999999977,-0.7437749272394045
SYK,2026-07-16 00:00:00,2026-07-17 00:00:00,0.0194336479733481,6.0,2026-07-17 09:46:00,328.375,51.95033478326649,47.56190156570984,3,985.125,320.165625,336.58437499999997,2026-07-17 10:07:00,320.165625,STOP_LOSS,-24.628125000000068,-2.500000000000002
AON,2026-07-16 00:00:00,2026-07-17 00:00:00,0.0,1.0,2026-07-17 09:50:00,374.7,64.89118329580788,63.66663619433023,2,749.4,365.3325,384.06749999999994,2026-07-17 15:59:00,367.01,WEEK_END_CLOSE,-15.379999999999995,-2.052308513477452
ABBV,2026-07-16 00:00:00,2026-07-17 00:00:00,0.0244590780809031,7.0,2026-07-17 09:54:00,260.61,68.06559947510824,67.99016724841506,3,781.83,254.09475,267.12525,2026-07-17 15:59:00,254.49,WEEK_END_CLOSE,-18.360000000000014,-2.3483365949119372
PCAR,2026-07-16 00:00:00,2026-07-17 00:00:00,0.0125,4.0,2026-07-17 10:02:00,127.53,59.15857797570709,58.08932618274105,7,892.71,124.34175,130.71824999999998,2026-07-17 15:59:00,126.22,WEEK_END_CLOSE,-9.170000000000016,-1.0272092840900249
SYK,2026-07-16 00:00:00,2026-07-17 00:00:00,0.0194336479733481,6.0,2026-07-17 10:22:00,320.36,44.44220869241119,43.19145799133117,3,961.08,312.351,328.36899999999997,2026-07-17 15:59:00,319.88,WEEK_END_CLOSE,-1.4400000000000546,-0.14983143963042123
CB,2026-07-16 00:00:00,2026-07-17 00:00:00,0.0177514792899408,5.0,2026-07-17 10:54:00,353.94,64.68426271375478,57.11591340139463,2,707.88,345.0915,362.78849999999994,2026-07-17 15:59:00,352.18,WEEK_END_CLOSE,-3.519999999999982,-0.4972594225009841
BMY,2026-07-17 00:00:00,2026-07-20 00:00:00,0.0404699738903394,8.0,2026-07-20 09:45:00,60.91,52.72704959606192,51.99487364975949,16,974.56,59.387249999999995,62.43274999999999,2026-07-24 10:12:00,62.43274999999999,TAKE_PROFIT,24.36399999999992,2.499999999999991
ABBV,2026-07-17 00:00:00,2026-07-20 00:00:00,0.0437049362174154,9.0,2026-07-20 09:48:00,255.62,54.181730549838946,47.61785122043962,3,766.86,249.2295,262.0105,2026-07-24 15:59:00,259.22,WEEK_END_CLOSE,10.800000000000068,1.4083405054377662
BNY,2026-07-17 00:00:00,2026-07-20 00:00:00,0.0353982300884955,5.0,2026-07-20 09:50:00,157.9275,52.17158882395122,51.8683644877359,6,947.565,153.9793125,161.8756875,2026-07-24 15:59:00,158.95,WEEK_END_CLOSE,6.134999999999877,0.6474489876683753
CB,2026-07-17 00:00:00,2026-07-20 00:00:00,0.0181159420289855,2.0,2026-07-20 09:50:00,352.985,58.21322858322158,53.86806725516302,2,705.97,344.160375,361.809625,2026-07-22 09:30:00,344.160375,STOP_LOSS,-17.649250000000052,-2.500000000000002
COF,2026-07-17 00:00:00,2026-07-20 00:00:00,0.0534521158129175,10.0,2026-07-20 09:50:00,208.27,54.5170755128036,50.16846389695482,4,833.08,203.06325,213.47674999999998,2026-07-22 09:30:00,203.06325,STOP_LOSS,-20.826999999999998,-2.500000000000002
AON,2026-07-17 00:00:00,2026-07-20 00:00:00,0.0,1.0,2026-07-20 09:51:00,363.82,44.240094244293886,42.533514695535395,2,727.64,354.7245,372.91549999999995,2026-07-22 09:33:00,354.7245,STOP_LOSS,-18.19100000000003,-2.500000000000002
ECL,2026-07-17 00:00:00,2026-07-20 00:00:00,0.037037037037037,6.0,2026-07-20 09:57:00,271.775,51.90405749079356,49.16938059463046,3,815.3249999999999,264.980625,278.569375,2026-07-21 09:36:00,264.980625,STOP_LOSS,-20.383125000000007,-2.500000000000002
MRK,2026-07-17 00:00:00,2026-07-20 00:00:00,0.0263956711099379,4.0,2026-07-20 09:58:00,127.44,56.190825763856864,48.92166791114876,7,892.0799999999999,124.25399999999999,130.62599999999998,2026-07-20 15:59:00,124.25399999999999,STOP_LOSS,-22.30200000000005,-2.500000000000002
SPG,2026-07-17 00:00:00,2026-07-20 00:00:00,0.0209790209790209,3.0,2026-07-20 10:06:00,230.58,62.94403502449717,59.66787181949745,4,922.32,224.81550000000001,236.34449999999998,2026-07-23 13:14:00,224.77,STOP_LOSS_GAP,-23.24000000000001,-2.5197328476016967
ITW,2026-07-17 00:00:00,2026-07-20 00:00:00,0.0392156862745098,7.0,2026-07-20 10:21:00,272.45,43.9381227542509,41.41033154220556,3,817.3499999999999,265.63874999999996,279.26124999999996,2026-07-24 09:40:00,279.26124999999996,TAKE_PROFIT,20.433749999999918,2.499999999999991
HCA,2026-07-20 00:00:00,2026-07-21 00:00:00,0.0982857142857142,10.0,2026-07-21 09:48:00,369.955,55.263948237472796,47.90958857753606,2,739.91,360.706125,379.2038749999999,2026-07-24 09:30:00,381.53,TAKE_PROFIT_GAP,23.149999999999977,3.1287589031098406
NSC,2026-07-20 00:00:00,2026-07-21 00:00:00,0.0774193548387096,5.0,2026-07-21 09:48:00,332.99,47.90196867388801,44.75455306892959,3,998.97,324.66525,341.31475,2026-07-23 09:30:00,343.0,TAKE_PROFIT_GAP,30.029999999999973,3.006096279167547
ECL,2026-07-20 00:00:00,2026-07-21 00:00:00,0.0923076923076923,8.0,2026-07-21 09:49:00,265.47,46.93094189930533,45.52637061007221,3,796.4100000000001,258.83325,272.10675,2026-07-24 15:59:00,268.75,WEEK_END_CLOSE,9.839999999999918,1.2355445059705428
SYK,2026-07-20 00:00:00,2026-07-21 00:00:00,0.0892857142857142,7.0,2026-07-21 09:49:00,313.21,40.97313323937605,40.89991467177415,3,939.6299999999999,305.37975,321.04024999999996,2026-07-24 09:30:00,325.08,TAKE_PROFIT_GAP,35.610000000000014,3.7897895980332663
DLR,2026-07-20 00:00:00,2026-07-21 00:00:00,0.0977777777777777,9.0,2026-07-21 09:51:00,176.99,55.78826061468991,55.41420112223898,5,884.95,172.56525,181.41475,2026-07-23 09:49:00,181.41475,TAKE_PROFIT,22.123749999999944,2.499999999999991
GILD,2026-07-20 00:00:00,2026-07-21 00:00:00,0.0507196710075394,4.0,2026-07-21 09:52:00,130.63,47.51610720306469,44.416554653987504,7,914.41,127.36425,133.89575,2026-07-24 15:59:00,129.33,WEEK_END_CLOSE,-9.09999999999988,-0.9951772180968987
CL,2026-07-20 00:00:00,2026-07-21 00:00:00,0.0833333333333333,6.0,2026-07-21 09:54:00,91.2,51.109660758256666,50.75693788006049,10,912.0,88.92,93.47999999999999,2026-07-24 15:59:00,90.76,WEEK_END_CLOSE,-4.399999999999977,-0.48245614035087314
SO,2026-07-20 00:00:00,2026-07-21 00:00:00,0.0382848392036753,3.0,2026-07-21 09:57:00,93.79,46.036688282104095,45.097201169679266,10,937.9000000000001,91.44525,96.13475,2026-07-23 10:16:00,96.13475,TAKE_PROFIT,23.447499999999906,2.499999999999991
MDLZ,2026-07-20 00:00:00,2026-07-21 00:00:00,0.0273224043715847,1.0,2026-07-21 10:01:00,59.4,47.06369816123729,45.17586457995631,16,950.4,57.915,60.88499999999999,2026-07-22 13:54:00,60.88499999999999,TAKE_PROFIT,23.759999999999877,2.499999999999991
RSG,2026-07-20 00:00:00,2026-07-21 00:00:00,0.0318840579710144,2.0,2026-07-21 10:01:00,216.065,43.40461803939712,43.242402488913214,4,864.26,210.663375,221.46662499999996,2026-07-24 15:59:00,216.93,WEEK_END_CLOSE,3.4600000000000364,0.4003424895286267
UPS,2026-07-21 00:00:00,2026-07-22 00:00:00,0.0386202830188679,2.0,2026-07-22 09:52:00,117.0602,59.3974446048643,56.3051132372306,8,936.4816,114.13369499999999,119.98670499999999,2026-07-23 13:35:00,114.13369499999999,STOP_LOSS,-23.412040000000047,-2.500000000000002
SLB,2026-07-21 00:00:00,2026-07-22 00:00:00,0.1297602256699576,9.0,2026-07-22 09:54:00,47.445,58.47942940060477,54.752369201437425,21,996.345,46.258874999999996,48.631125,2026-07-24 09:30:00,50.07,TAKE_PROFIT_GAP,55.125,5.5327220992728465
TEL,2026-07-21 00:00:00,2026-07-22 00:00:00,0.028135124833238,1.0,2026-07-22 09:59:00,193.96,38.81516357561617,34.71273500441961,5,969.8000000000001,189.111,198.809,2026-07-22 15:50:00,198.809,TAKE_PROFIT,24.244999999999948,2.499999999999991
FTNT,2026-07-21 00:00:00,2026-07-22 00:00:00,0.1214574898785425,8.0,2026-07-22 10:00:00,156.62,54.630051888073424,49.29136579246059,6,939.72,152.7045,160.53549999999998,2026-07-23 09:59:00,152.7045,STOP_LOSS,-23.493000000000052,-2.500000000000002
MPC,2026-07-21 00:00:00,2026-07-22 00:00:00,0.1165262000732869,7.0,2026-07-22 10:03:00,324.8,59.43855601734164,58.250225299323816,3,974.4000000000001,316.68,332.91999999999996,2026-07-22 14:09:00,316.68,STOP_LOSS,-24.360000000000014,-2.500000000000002
MRK,2026-07-21 00:00:00,2026-07-22 00:00:00,0.0897583429228998,6.0,2026-07-22 10:04:00,127.885,62.8112596616427,61.80757140311546,7,895.195,124.687875,131.082125,2026-07-24 09:30:00,131.44,TAKE_PROFIT_GAP,24.88499999999995,2.7798412636352854
CVS,2026-07-21 00:00:00,2026-07-22 00:00:00,0.0387118193891102,3.0,2026-07-22 10:06:00,110.64,65.32586791251424,60.22973404609447,9,995.76,107.874,113.40599999999999,2026-07-22 15:52:00,107.874,STOP_LOSS,-24.894000000000048,-2.500000000000002
TT,2026-07-21 00:00:00,2026-07-22 00:00:00,0.1531531531531531,10.0,2026-07-22 10:17:00,474.11,56.181494157535255,55.297636924330696,2,948.22,462.25725,485.96274999999997,2026-07-24 11:29:00,485.96274999999997,TAKE_PROFIT,23.705499999999915,2.499999999999991
JCI,2026-07-21 00:00:00,2026-07-22 00:00:00,0.072992700729927,5.0,2026-07-22 10:19:00,143.19,60.41958672361592,57.0814842039202,6,859.14,139.61025,146.76975,2026-07-24 15:59:00,143.37,WEEK_END_CLOSE,1.080000000000041,0.12570710245130012
MPC,2026-07-21 00:00:00,2026-07-22 00:00:00,0.1165262000732869,7.0,2026-07-22 14:14:00,317.2,46.60103136949386,45.00339707120894,3,951.5999999999999,309.27,325.12999999999994,2026-07-24 09:30:00,309.27,STOP_LOSS,-23.79000000000002,-2.500000000000002
MCK,2026-07-22 00:00:00,2026-07-23 00:00:00,0.0606060606060606,4.0,2026-07-23 09:51:00,811.65,40.687210946215515,40.245373574378426,1,811.65,791.35875,831.9412499999999,2026-07-24 09:31:00,833.65,TAKE_PROFIT_GAP,22.0,2.7105279369186164
MCO,2026-07-22 00:00:00,2026-07-23 00:00:00,0.0616923718215923,5.0,2026-07-23 09:59:00,480.08,44.14733248074374,41.98668240396841,2,960.16,468.078,492.08199999999994,2026-07-24 15:59:00,471.43,WEEK_END_CLOSE,-17.299999999999955,-1.8017830361606313
PFE,2026-07-22 00:00:00,2026-07-23 00:00:00,0.1163795727067989,10.0,2026-07-23 09:59:00,24.9,50.52193205596109,47.115373402059156,40,996.0,24.277499999999996,25.522499999999997,2026-07-24 15:59:00,24.55,WEEK_END_CLOSE,-13.999999999999915,-1.4056224899598346
APO,2026-07-22 00:00:00,2026-07-23 00:00:00,0.0218151307509439,2.0,2026-07-23 10:00:00,121.0,59.89202601675317,53.65214619150447,8,968.0,117.975,124.02499999999999,2026-07-24 15:59:00,122.65,WEEK_END_CLOSE,13.200000000000045,1.3636363636363669
MMM,2026-07-22 00:00:00,2026-07-23 00:00:00,0.0497393945669807,3.0,2026-07-23 10:00:00,170.0,53.15245232090856,49.52519070497685,5,850.0,165.75,174.24999999999997,2026-07-24 15:59:00,172.59,WEEK_END_CLOSE,12.950000000000017,1.5235294117647014
CB,2026-07-22 00:00:00,2026-07-23 00:00:00,0.1003667889296432,9.0,2026-07-23 10:01:00,343.94,56.14752365961653,55.679474688308865,2,687.88,335.3415,352.53849999999994,2026-07-23 11:44:00,352.56,TAKE_PROFIT_GAP,17.24000000000001,2.506251090306444
FTNT,2026-07-22 00:00:00,2026-07-23 00:00:00,0.0986382681564245,8.0,2026-07-23 10:01:00,153.65,47.8995248975055,44.83561977928864,6,921.9000000000001,149.80875,157.49124999999998,2026-07-24 15:59:00,152.35,WEEK_END_CLOSE,-7.800000000000068,-0.8460787504067757
SO,2026-07-22 00:00:00,2026-07-23 00:00:00,0.0699340785325308,6.0,2026-07-23 10:32:00,95.94,55.94418017524542,55.024432775905645,10,959.4,93.5415,98.3385,2026-07-24 15:59:00,97.27,WEEK_END_CLOSE,13.299999999999983,1.3862830936001602
CB,2026-07-22 00:00:00,2026-07-23 00:00:00,0.1003667889296432,9.0,2026-07-23 12:42:00,351.045,51.49718953445147,51.437853043403365,2,702.09,342.268875,359.821125,2026-07-24 15:50:00,359.821125,TAKE_PROFIT,17.552249999999958,2.499999999999991
AJG,2026-07-23 00:00:00,2026-07-24 00:00:00,0.0,2.0,2026-07-24 09:46:00,243.44,56.20376588529432,51.95807864357584,4,973.76,237.35399999999998,249.52599999999998,2026-07-24 15:59:00,247.75,WEEK_END_CLOSE,17.24000000000001,1.7704567860663767
ORLY,2026-07-23 00:00:00,2026-07-24 00:00:00,0.031591737545565,8.0,2026-07-24 09:46:00,86.425,58.971212834836635,55.11887705907455,11,950.675,84.264375,88.585625,2026-07-24 15:59:00,87.43,WEEK_END_CLOSE,11.055000000000106,1.162857969337594
JNJ,2026-07-23 00:00:00,2026-07-24 00:00:00,0.0291417501895056,7.0,2026-07-24 09:50:00,262.01,58.95626889455694,57.71153199636332,3,786.03,255.45974999999999,268.56024999999994,2026-07-24 15:59:00,263.42,WEEK_END_CLOSE,4.230000000000075,0.5381473989542584
DASH,2026-07-23 00:00:00,2026-07-24 00:00:00,0.0286699328615496,6.0,2026-07-24 10:00:00,171.42,52.21093099907131,51.84892699104613,5,857.0999999999999,167.13449999999997,175.70549999999997,2026-07-24 15:59:00,172.98,WEEK_END_CLOSE,7.800000000000011,0.9100455022751142
MRK,2026-07-23 00:00:00,2026-07-24 00:00:00,0.0449191601433901,9.0,2026-07-24 10:14:00,130.81,55.9646985817264,52.45114944592808,7,915.6700000000001,127.53975,134.08024999999998,2026-07-24 15:59:00,131.09,WEEK_END_CLOSE,1.960000000000008,0.2140509135387214
EMR,2026-07-23 00:00:00,2026-07-24 00:00:00,0.048780487804878,10.0,2026-07-24 10:20:00,147.63,61.66025108442917,59.35018296065226,6,885.78,143.93925,151.32074999999998,2026-07-24 15:59:00,147.94,WEEK_END_CLOSE,1.8600000000000136,0.20998442051074484
TEL,2026-07-23 00:00:00,2026-07-24 00:00:00,0.0048553212358999,4.0,2026-07-24 10:21:00,201.12,52.72817506261877,50.77009286848046,4,804.48,196.092,206.148,2026-07-24 15:59:00,202.87,WEEK_END_CLOSE,7.0,0.8701272871917354
ICE,2026-07-24 00:00:00,2026-07-27 00:00:00,0.0688073394495412,7.0,2026-07-27 09:46:00,146.7,62.30952150880828,62.25684155779152,6,880.1999999999999,143.0325,150.36749999999998,2026-07-28 09:35:00,150.42,TAKE_PROFIT_GAP,22.319999999999993,2.5357873210633874
DUK,2026-07-24 00:00:00,2026-07-27 00:00:00,0.1049382716049382,10.0,2026-07-27 09:53:00,129.8,48.79983977163144,47.63802184071259,7,908.6000000000001,126.555,133.045,2026-07-30 10:33:00,126.555,STOP_LOSS,-22.715000000000032,-2.500000000000002
TFC,2026-07-24 00:00:00,2026-07-27 00:00:00,0.026378896882494,1.0,2026-07-27 09:53:00,52.63,63.923921882728315,63.20601492214008,19,999.97,51.31425,53.94575,2026-07-31 15:59:00,51.85,WEEK_END_CLOSE,-14.820000000000022,-1.4820444613338424
ORLY,2026-07-24 00:00:00,2026-07-27 00:00:00,0.0867768595041322,9.0,2026-07-27 09:57:00,89.26,69.31933708695236,69.20122039650772,11,981.86,87.02850000000001,91.4915,2026-07-27 14:34:00,91.4915,TAKE_PROFIT,24.546499999999966,2.499999999999991
MDLZ,2026-07-24 00:00:00,2026-07-27 00:00:00,0.0857142857142857,8.0,2026-07-27 10:01:00,60.33,48.339413241982264,46.35751787167848,16,965.28,58.821749999999994,61.838249999999995,2026-07-28 09:30:00,62.04,TAKE_PROFIT_GAP,27.360000000000014,2.8344107409249197
MRK,2026-07-24 00:00:00,2026-07-27 00:00:00,0.0527481377088786,5.0,2026-07-27 10:01:00,131.775,51.15058407549937,49.48105907939892,7,922.4250000000001,128.480625,135.069375,2026-07-30 09:30:00,128.195,STOP_LOSS_GAP,-25.060000000000088,-2.716752039461212
CI,2026-07-24 00:00:00,2026-07-27 00:00:00,0.0666666666666666,6.0,2026-07-27 10:02:00,288.515,48.91080517521526,48.62939833799619,3,865.545,281.302125,295.727875,2026-07-28 09:38:00,295.727875,TAKE_PROFIT,21.63862499999999,2.499999999999991
ECL,2026-07-24 00:00:00,2026-07-27 00:00:00,0.0267857142857142,2.0,2026-07-27 10:19:00,270.555,56.97680780461415,56.899047123177084,3,811.665,263.791125,277.318875,2026-07-28 09:31:00,278.0,TAKE_PROFIT_GAP,22.33499999999998,2.7517510302895953
JNJ,2026-07-24 00:00:00,2026-07-27 00:00:00,0.0361734435633541,3.0,2026-07-27 11:44:00,267.87,55.46563424987137,54.08937698143259,3,803.61,261.17325,274.56674999999996,2026-07-28 09:42:00,274.56674999999996,TAKE_PROFIT,20.090249999999855,2.499999999999991
ORLY,2026-07-24 00:00:00,2026-07-27 00:00:00,0.0867768595041322,9.0,2026-07-27 14:37:00,91.385,56.937198443053305,56.67223855301634,10,913.85,89.100375,93.669625,2026-07-29 09:30:00,89.100375,STOP_LOSS,-22.846250000000055,-2.500000000000002
CSX,2026-07-27 00:00:00,2026-07-28 00:00:00,0.0106326422115895,1.0,2026-07-28 09:51:00,52.18,66.46949043745059,56.569202587098225,19,991.42,50.875499999999995,53.4845,2026-07-28 15:55:00,50.875499999999995,STOP_LOSS,-24.785500000000084,-2.5000000000000133
UNP,2026-07-27 00:00:00,2026-07-28 00:00:00,0.0218563370935633,2.0,2026-07-28 09:51:00,300.15,59.09219643304341,56.08244570907358,3,900.4499999999999,292.64624999999995,307.65374999999995,2026-07-29 09:44:00,292.64624999999995,STOP_LOSS,-22.511250000000075,-2.5000000000000133
ELV,2026-07-27 00:00:00,2026-07-28 00:00:00,0.1011673151750972,6.0,2026-07-28 09:53:00,373.115,50.271635957469606,44.8221597608586,2,746.23,363.787125,382.44287499999996,2026-07-28 12:24:00,382.44287499999996,TAKE_PROFIT,18.655749999999898,2.499999999999991
TEL,2026-07-27 00:00:00,2026-07-28 00:00:00,0.0318866253321523,3.0,2026-07-28 10:02:00,207.03,60.135100644328325,59.31477290995151,4,828.12,201.85425,212.20575,2026-07-28 13:01:00,212.20575,TAKE_PROFIT,20.702999999999975,2.499999999999991
GILD,2026-07-27 00:00:00,2026-07-28 00:00:00,0.148064637354378,10.0,2026-07-28 10:03:00,134.26,57.33827835678545,55.415211025011445,7,939.8199999999999,130.90349999999998,137.61649999999997,2026-07-30 09:30:00,130.02,STOP_LOSS_GAP,-29.679999999999865,-3.158051541784579
MDLZ,2026-07-27 00:00:00,2026-07-28 00:00:00,0.0539067231980617,4.0,2026-07-28 10:03:00,62.97,67.16055060184371,64.85666129082945,15,944.55,61.39575,64.54424999999999,2026-07-29 09:30:00,64.54424999999999,TAKE_PROFIT,23.613749999999882,2.499999999999991
CMCSA,2026-07-27 00:00:00,2026-07-28 00:00:00,0.1143057503506311,8.0,2026-07-28 10:06:00,23.62,54.880399443950466,54.380645807073115,42,992.0400000000001,23.0295,24.2105,2026-07-28 12:31:00,24.2105,TAKE_PROFIT,24.800999999999945,2.499999999999991
CRH,2026-07-27 00:00:00,2026-07-28 00:00:00,0.075187969924812,5.0,2026-07-28 10:11:00,103.8,66.84757936230992,64.27621279719723,9,934.1999999999999,101.205,106.39499999999998,2026-07-29 10:42:00,101.205,STOP_LOSS,-23.35499999999999,-2.500000000000002
COP,2026-07-27 00:00:00,2026-07-28 00:00:00,0.143752303722816,9.0,2026-07-28 11:08:00,116.17,48.91097970968884,45.48810854147691,8,929.36,113.26575,119.07424999999999,2026-07-28 12:27:00,113.26575,STOP_LOSS,-23.234000000000037,-2.500000000000002
COP,2026-07-27 00:00:00,2026-07-28 00:00:00,0.143752303722816,9.0,2026-07-28 12:28:00,113.27,33.877264234660345,33.15525214306755,8,906.16,110.43825,116.10174999999998,2026-07-29 09:30:00,117.95,TAKE_PROFIT_GAP,37.440000000000055,4.131720667431815
ELV,2026-07-27 00:00:00,2026-07-28 00:00:00,0.1011673151750972,6.0,2026-07-28 12:36:00,382.77,60.85018985097707,60.319021197581776,2,765.54,373.20074999999997,392.33924999999994,2026-07-30 09:30:00,371.47,STOP_LOSS_GAP,-22.59999999999991,-2.9521644851999818
CMCSA,2026-07-27 00:00:00,2026-07-28 00:00:00,0.1143057503506311,8.0,2026-07-28 12:38:00,24.2,60.200338435409115,59.55874272458168,41,992.1999999999999,23.595,24.804999999999996,2026-07-29 14:00:00,24.804999999999996,TAKE_PROFIT,24.804999999999872,2.499999999999991
TEL,2026-07-27 00:00:00,2026-07-28 00:00:00,0.0318866253321523,3.0,2026-07-28 14:06:00,212.52,58.548517036623714,56.53564432846809,4,850.08,207.207,217.833,2026-07-29 12:14:00,207.207,STOP_LOSS,-21.252000000000066,-2.500000000000002
CME,2026-07-28 00:00:00,2026-07-29 00:00:00,0.0872971460548405,8.0,2026-07-29 09:45:00,261.355,56.739949061713546,55.72309258846343,3,784.065,254.82112500000002,267.888875,2026-07-31 09:53:00,267.888875,TAKE_PROFIT,19.6016249999999,2.499999999999991
NSC,2026-07-28 00:00:00,2026-07-29 00:00:00,0.0483870967741935,4.0,2026-07-29 09:45:00,337.6,37.46925669547271,33.68223972712234,2,675.2,329.16,346.04,2026-07-30 12:24:00,329.16,STOP_LOSS,-16.879999999999995,-2.500000000000002
AEP,2026-07-28 00:00:00,2026-07-29 00:00:00,0.0977777777777777,9.0,2026-07-29 09:47:00,132.91,50.458867120288474,39.49726192319144,7,930.37,129.58724999999998,136.23274999999998,2026-07-29 15:25:00,129.58724999999998,STOP_LOSS,-23.259250000000094,-2.5000000000000133
UNP,2026-07-28 00:00:00,2026-07-29 00:00:00,0.0390401828223195,3.0,2026-07-29 09:47:00,292.93,37.209437084858635,34.2696964123068,3,878.79,285.60675,300.25325,2026-07-30 11:15:00,285.60675,STOP_LOSS,-21.96975000000009,-2.5000000000000133
CSX,2026-07-28 00:00:00,2026-07-29 00:00:00,0.003784713688867,1.0,2026-07-29 09:52:00,50.605,42.088403117716766,37.343203662667136,19,961.4949999999999,49.339875,51.870124999999994,2026-07-31 15:59:00,50.38,WEEK_END_CLOSE,-4.274999999999892,-0.4446200968283631
KMI,2026-07-28 00:00:00,2026-07-29 00:00:00,0.0134883720930232,2.0,2026-07-29 10:01:00,32.115,52.502497599545386,52.10836829660182,31,995.565,31.312125,32.917875,2026-07-30 10:39:00,31.31,STOP_LOSS_GAP,-24.9550000000001,-2.5066168457107407
MDT,2026-07-28 00:00:00,2026-07-29 00:00:00,0.0596217105263157,6.0,2026-07-29 10:03:00,87.6,54.74795232541353,54.62780467752403,11,963.5999999999999,85.41,89.78999999999999,2026-07-30 10:34:00,85.41,STOP_LOSS,-24.089999999999975,-2.500000000000002
CMCSA,2026-07-28 00:00:00,2026-07-29 00:00:00,0.1019375109094082,10.0,2026-07-29 14:13:00,24.7501,58.1631735258332,57.11229015361285,40,990.004,24.1313475,25.3688525,2026-07-30 09:30:00,23.85,STOP_LOSS_GAP,-36.003999999999934,-3.636752982816227
LOW,2026-07-29 00:00:00,2026-07-30 00:00:00,0.0101087898334456,1.0,2026-07-30 09:45:00,212.845,39.53370778841537,32.7821752145374,4,851.38,207.523875,218.166125,2026-07-31 09:31:00,207.1,STOP_LOSS_GAP,-22.980000000000018,-2.6991472667903915
TGT,2026-07-29 00:00:00,2026-07-30 00:00:00,0.0507761642463695,4.0,2026-07-30 09:57:00,143.81,36.47731729100513,33.36636460691058,6,862.86,140.21475,147.40525,2026-07-31 15:59:00,144.49,WEEK_END_CLOSE,4.080000000000041,0.4728461164035913
CL,2026-07-29 00:00:00,2026-07-30 00:00:00,0.0944625407166123,9.0,2026-07-30 10:04:00,91.72,47.206569242713144,44.250713347598115,10,917.2,89.42699999999999,94.01299999999999,2026-07-31 15:59:00,91.3,WEEK_END_CLOSE,-4.200000000000017,-0.4579153946794645
WBD,2026-07-29 00:00:00,2026-07-30 00:00:00,0.0348066298342541,2.0,2026-07-30 10:04:00,25.56,46.045535221373854,41.87381559079034,39,996.8399999999999,24.921,26.198999999999998,2026-07-31 13:00:00,26.198999999999998,TAKE_PROFIT,24.920999999999975,2.499999999999991
JNJ,2026-07-29 00:00:00,2026-07-30 00:00:00,0.0425920292059628,3.0,2026-07-30 10:06:00,256.415,40.824879676186505,34.87009666559792,3,769.2450000000001,250.004625,262.825375,2026-07-31 15:59:00,256.42,WEEK_END_CLOSE,0.014999999999986358,0.0019499639256626011
JCI,2026-07-29 00:00:00,2026-07-30 00:00:00,0.0911098840419657,8.0,2026-07-30 10:11:00,144.085,50.176440697403315,50.15534848887814,6,864.51,140.482875,147.687125,2026-07-31 09:30:00,147.687125,TAKE_PROFIT,21.612750000000005,2.499999999999991
MDT,2026-07-29 00:00:00,2026-07-30 00:00:00,0.0828912466843501,7.0,2026-07-30 10:35:00,85.5501,40.589009341946756,40.37871372685922,11,941.0511,83.4113475,87.6888525,2026-07-31 15:59:00,85.4,WEEK_END_CLOSE,-1.6510999999999427,-0.1754527464023936
HWM,2026-07-29 00:00:00,2026-07-30 00:00:00,0.1162790697674418,10.0,2026-07-30 10:40:00,277.44,55.463354587981605,55.172377541854075,3,832.3199999999999,270.504,284.376,2026-07-31 13:46:00,284.376,TAKE_PROFIT,20.807999999999936,2.499999999999991
REGN,2026-07-30 00:00:00,2026-07-31 00:00:00,0.1090342679127725,7.0,2026-07-31 09:45:00,740.84,58.53308013309081,57.78077574147911,1,740.84,722.319,759.361,2026-07-31 15:16:00,759.361,TAKE_PROFIT,18.520999999999958,2.499999999999991
SO,2026-07-30 00:00:00,2026-07-31 00:00:00,0.1192307692307692,9.0,2026-07-31 09:45:00,93.76,44.96550614302202,44.218209760816656,10,937.6,91.416,96.104,2026-07-31 15:59:00,94.59,WEEK_END_CLOSE,8.299999999999983,0.8852389078498168
ITW,2026-07-30 00:00:00,2026-07-31 00:00:00,0.0377358490566037,1.0,2026-07-31 09:46:00,282.77,45.11737042812028,43.787153096350245,3,848.31,275.70074999999997,289.83924999999994,2026-07-31 15:59:00,286.97,WEEK_END_CLOSE,12.600000000000136,1.4853060791456096
MRSH,2026-07-30 00:00:00,2026-07-31 00:00:00,0.0849514563106796,5.0,2026-07-31 09:46:00,190.65,54.839108598167655,52.00262431835107,5,953.25,185.88375,195.41625,2026-07-31 15:59:00,189.77,WEEK_END_CLOSE,-4.399999999999977,-0.46157880933648254
DASH,2026-07-30 00:00:00,2026-07-31 00:00:00,0.04881945677259,2.0,2026-07-31 09:48:00,197.46,60.8011967686031,59.68867280506207,5,987.3000000000001,192.5235,202.3965,2026-07-31 15:59:00,196.15,WEEK_END_CLOSE,-6.550000000000011,-0.6634255038995285
NEE,2026-07-30 00:00:00,2026-07-31 00:00:00,0.1018010963194988,6.0,2026-07-31 10:08:00,87.3,49.719947291495174,45.49088613752722,11,960.3,85.11749999999999,89.48249999999999,2026-07-31 15:59:00,86.92,WEEK_END_CLOSE,-4.17999999999995,-0.43528064146620693
PLD,2026-07-30 00:00:00,2026-07-31 00:00:00,0.0727272727272727,4.0,2026-07-31 10:10:00,144.115,49.10513527034184,46.470740451475976,6,864.69,140.512125,147.717875,2026-07-31 15:59:00,144.7,WEEK_END_CLOSE,3.509999999999877,0.40592582312735104
MS,2026-07-30 00:00:00,2026-07-31 00:00:00,0.1217078254279037,10.0,2026-07-31 10:18:00,210.05,53.70913333477361,46.61298884000473,4,840.2,204.79875,215.30124999999998,2026-07-31 15:59:00,210.51,WEEK_END_CLOSE,1.8399999999999181,0.21899547726731416
PH,2026-07-30 00:00:00,2026-07-31 00:00:00,0.0588235294117647,3.0,2026-07-31 10:19:00,964.35,52.40792497639333,50.87731415878222,1,964.35,940.24125,988.4587499999999,2026-07-31 15:59:00,976.53,WEEK_END_CLOSE,12.17999999999995,1.2630269093171442
CMCSA,2026-07-30 00:00:00,2026-07-31 00:00:00,0.1134751773049645,8.0,2026-07-31 10:21:00,23.69,52.820035107330064,48.84003140509963,42,994.98,23.09775,24.282249999999998,2026-07-31 15:59:00,23.96,WEEK_END_CLOSE,11.339999999999982,1.139721401435212
MCD,2026-07-31 00:00:00,2026-08-03 00:00:00,0.0518414561537807,6.0,2026-08-03 09:45:00,273.76,55.882874100878716,55.2440607522364,3,821.28,266.916,280.604,2026-08-03 15:12:00,266.916,STOP_LOSS,-20.531999999999982,-2.500000000000002
SPG,2026-07-31 00:00:00,2026-08-03 00:00:00,0.074235807860262,10.0,2026-08-03 09:46:00,229.405,45.020373402228415,42.11906692463583,4,917.62,223.669875,235.14012499999998,2026-08-05 09:33:00,223.03,STOP_LOSS_GAP,-25.5,-2.7789280965977214
PSX,2026-07-31 00:00:00,2026-08-03 00:00:00,0.0614406779661017,7.0,2026-08-03 09:51:00,207.67,42.622021607364395,42.19459033631802,4,830.68,202.47824999999997,212.86174999999997,2026-08-04 09:30:00,202.43,STOP_LOSS_GAP,-20.959999999999923,-2.5232339769827083
MCK,2026-07-31 00:00:00,2026-08-03 00:00:00,0.0176470588235294,1.0,2026-08-03 09:53:00,857.9,48.697628297425204,47.76479669198748,1,857.9,836.4525,879.3474999999999,2026-08-03 15:54:00,836.4525,STOP_LOSS,-21.44749999999999,-2.500000000000002
HONA,2026-07-31 00:00:00,2026-08-03 00:00:00,0.0329557157569515,5.0,2026-08-03 09:57:00,204.06,51.144302104465055,47.52031912839823,4,816.24,198.9585,209.1615,2026-08-04 09:30:00,211.03,TAKE_PROFIT_GAP,27.879999999999995,3.4156620601783816
PCAR,2026-07-31 00:00:00,2026-08-03 00:00:00,0.0689655172413793,8.0,2026-08-03 09:59:00,133.345,54.4785548282797,52.5895644146143,7,933.415,130.011375,136.67862499999998,2026-08-04 09:30:00,129.78,STOP_LOSS_GAP,-24.954999999999984,-2.673516067344106
PH,2026-07-31 00:00:00,2026-08-03 00:00:00,0.0192307692307692,2.0,2026-08-03 09:59:00,982.655,61.934545213241115,57.178063601315685,1,982.655,958.088625,1007.2213749999999,2026-08-05 09:58:00,1007.2213749999999,TAKE_PROFIT,24.56637499999988,2.499999999999991
COF,2026-07-31 00:00:00,2026-08-03 00:00:00,0.0258729490954985,4.0,2026-08-03 10:02:00,216.02,75.89495768171462,72.08853376422095,4,864.08,210.61950000000002,221.4205,2026-08-04 10:45:00,221.4205,TAKE_PROFIT,21.601999999999975,2.499999999999991
SHW,2026-07-31 00:00:00,2026-08-03 00:00:00,0.0235042735042735,3.0,2026-08-03 10:02:00,352.89,64.42232701342445,61.755088158529176,2,705.78,344.06775,361.7122499999999,2026-08-04 09:30:00,361.7122499999999,TAKE_PROFIT,17.64449999999988,2.499999999999991
REGN,2026-07-31 00:00:00,2026-08-03 00:00:00,0.0714285714285714,9.0,2026-08-03 10:05:00,767.64,57.54404251818557,55.90920403135208,1,767.64,748.449,786.8309999999999,2026-08-04 09:37:00,748.449,STOP_LOSS,-19.19100000000003,-2.500000000000002
ORLY,2026-08-03 00:00:00,2026-08-04 00:00:00,0.0505438259756877,3.0,2026-08-04 09:49:00,88.925,40.73680272275427,38.87456603748889,11,978.175,86.701875,91.148125,2026-08-04 12:44:00,91.148125,TAKE_PROFIT,24.454374999999956,2.499999999999991
WELL,2026-08-03 00:00:00,2026-08-04 00:00:00,0.0735930735930736,5.0,2026-08-04 09:51:00,228.37,41.125401873171285,39.867115677690094,4,913.48,222.66075,234.07924999999997,2026-08-05 09:48:00,234.07924999999997,TAKE_PROFIT,22.836999999999875,2.499999999999991
TRV,2026-08-03 00:00:00,2026-08-04 00:00:00,0.0124495289367429,1.0,2026-08-04 09:52:00,372.835,51.67915724408167,49.958427611119184,2,745.67,363.514125,382.1558749999999,2026-08-05 09:55:00,382.1558749999999,TAKE_PROFIT,18.641749999999888,2.499999999999991
ABT,2026-08-03 00:00:00,2026-08-04 00:00:00,0.0886659436008676,7.0,2026-08-04 09:55:00,105.37,41.427547517731874,41.25122114754439,9,948.33,102.73575,108.00425,2026-08-06 15:59:00,107.955,WEEK_END_CLOSE,23.264999999999944,2.4532599411597245
AJG,2026-08-03 00:00:00,2026-08-04 00:00:00,0.0456852791878172,2.0,2026-08-04 09:55:00,242.58,42.425023149100504,37.22889897613076,4,970.32,236.5155,248.6445,2026-08-04 15:57:00,248.6445,TAKE_PROFIT,24.257999999999925,2.499999999999991
MRSH,2026-08-03 00:00:00,2026-08-04 00:00:00,0.1142857142857142,10.0,2026-08-04 09:56:00,190.42,47.49027403899291,44.80234035087146,5,952.0999999999999,185.65949999999998,195.18049999999997,2026-08-06 15:59:00,193.22,WEEK_END_CLOSE,14.000000000000057,1.4704337779644971
AON,2026-08-03 00:00:00,2026-08-04 00:00:00,0.0745762711864406,6.0,2026-08-04 10:00:00,352.615,46.96477689742573,43.45037083106077,2,705.23,343.799625,361.43037499999997,2026-08-06 09:30:00,362.95,TAKE_PROFIT_GAP,20.66999999999996,2.9309586943266686
DLR,2026-08-03 00:00:00,2026-08-04 00:00:00,0.0921985815602836,8.0,2026-08-04 10:17:00,190.495,49.21378610974374,49.151926398957926,5,952.475,185.732625,195.257375,2026-08-05 09:30:00,195.34,TAKE_PROFIT_GAP,24.224999999999994,2.5433738418331187
KLAC,2026-08-03 00:00:00,2026-08-04 00:00:00,0.1024227083709998,9.0,2026-08-04 10:48:00,191.38,58.27780605959047,57.7294410416871,5,956.9,186.5955,196.16449999999998,2026-08-04 15:01:00,196.16449999999998,TAKE_PROFIT,23.9224999999999,2.499999999999991
ORLY,2026-08-03 00:00:00,2026-08-04 00:00:00,0.0505438259756877,3.0,2026-08-04 13:03:00,91.18,68.21485590555307,67.25754873869538,10,911.8000000000001,88.90050000000001,93.4595,2026-08-05 09:59:00,93.4595,TAKE_PROFIT,22.794999999999987,2.499999999999991
APD,2026-08-04 00:00:00,2026-08-05 00:00:00,0.1685393258426966,6.0,2026-08-05 09:47:00,295.335,53.51237501277261,47.71318345826785,3,886.0049999999999,287.951625,302.718375,2026-08-06 15:59:00,299.94,WEEK_END_CLOSE,13.815000000000055,1.5592462796485407
RTX,2026-08-04 00:00:00,2026-08-05 00:00:00,0.1935638808837656,10.0,2026-08-05 09:51:00,219.49,52.33603744412734,50.07651239919138,4,877.96,214.00275,224.97725,2026-08-06 09:30:00,224.97725,TAKE_PROFIT,21.948999999999955,2.499999999999991
AEP,2026-08-04 00:00:00,2026-08-05 00:00:00,0.1317829457364341,3.0,2026-08-05 09:52:00,127.0,46.79481712862031,42.62238931361701,7,889.0,123.825,130.17499999999998,2026-08-06 15:59:00,125.24,WEEK_END_CLOSE,-12.320000000000036,-1.3858267716535422
CRH,2026-08-04 00:00:00,2026-08-05 00:00:00,0.1896551724137931,9.0,2026-08-05 09:52:00,99.98,59.89291250095385,56.21130436014782,10,999.8000000000001,97.4805,102.4795,2026-08-06 11:56:00,97.4805,STOP_LOSS,-24.994999999999976,-2.500000000000002
BMY,2026-08-04 00:00:00,2026-08-05 00:00:00,0.1564805057955743,4.0,2026-08-05 09:54:00,63.75,38.419447143637505,35.940011974943936,15,956.25,62.15625,65.34375,2026-08-06 15:59:00,64.15,WEEK_END_CLOSE,6.000000000000085,0.6274509803921635
DLR,2026-08-04 00:00:00,2026-08-05 00:00:00,0.1616161616161616,5.0,2026-08-05 10:00:00,193.19,50.07806558381804,47.81715005451546,5,965.95,188.36024999999998,198.01975,2026-08-06 15:59:00,192.55,WEEK_END_CLOSE,-3.199999999999932,-0.33128008696101663
ECL,2026-08-04 00:00:00,2026-08-05 00:00:00,0.1791044776119403,7.0,2026-08-05 10:06:00,285.32,61.14415380648138,60.93303116249721,3,855.96,278.187,292.453,2026-08-06 15:59:00,283.67,WEEK_END_CLOSE,-4.949999999999932,-0.5782980513107994
CMCSA,2026-08-04 00:00:00,2026-08-05 00:00:00,0.1866141732283464,8.0,2026-08-05 10:20:00,24.49,49.29040028380799,46.81315039664956,40,979.5999999999999,23.87775,25.102249999999998,2026-08-06 12:29:00,25.102249999999998,TAKE_PROFIT,24.48999999999998,2.499999999999991
ORLY,2026-08-04 00:00:00,2026-08-05 00:00:00,0.0955665024630541,2.0,2026-08-05 11:34:00,93.0,56.74133251967753,39.01208678014178,10,930.0,90.675,95.32499999999999,2026-08-06 15:59:00,93.381,WEEK_END_CLOSE,3.8100000000000023,0.409677419354848
TEL,2026-08-05 00:00:00,2026-08-06 00:00:00,0.1657907310081223,10.0,2026-08-06 09:48:00,217.05,49.14074494859223,47.429141328149065,4,868.2,211.62375,222.47625,2026-08-06 15:59:00,215.08,WEEK_END_CLOSE,-7.8799999999999955,-0.9076249712047901
PLD,2026-08-05 00:00:00,2026-08-06 00:00:00,0.0771604938271604,6.0,2026-08-06 09:49:00,140.68,51.22166301454654,48.57984946814701,7,984.76,137.163,144.197,2026-08-06 15:59:00,139.14,WEEK_END_CLOSE,-10.780000000000143,-1.0946829684390202
VLO,2026-08-05 00:00:00,2026-08-06 00:00:00,0.1545189504373177,9.0,2026-08-06 09:49:00,301.33,44.90348402810765,43.03802192409678,3,903.99,293.79675,308.86324999999994,2026-08-06 15:59:00,303.11,WEEK_END_CLOSE,5.340000000000089,0.5907144990542124
ELV,2026-08-05 00:00:00,2026-08-06 00:00:00,0.097682119205298,8.0,2026-08-06 09:54:00,390.38,54.31370633419083,46.38076048372637,2,780.76,380.6205,400.13949999999994,2026-08-06 15:59:00,391.41,WEEK_END_CLOSE,2.060000000000059,0.2638454838874926
JCI,2026-08-05 00:00:00,2026-08-06 00:00:00,0.0238772029562251,1.0,2026-08-06 09:57:00,154.335,52.28349503639273,49.386735494300716,6,926.01,150.476625,158.193375,2026-08-06 15:59:00,154.55,WEEK_END_CLOSE,1.2900000000000205,0.13930735089253687
DUK,2026-08-05 00:00:00,2026-08-06 00:00:00,0.0959488272921108,7.0,2026-08-06 10:02:00,123.595,50.71824126350235,49.928195483677634,8,988.76,120.50512499999999,126.68487499999999,2026-08-06 15:59:00,123.88,WEEK_END_CLOSE,2.2799999999999727,0.2305918524212025
CB,2026-08-05 00:00:00,2026-08-06 00:00:00,0.0603448275862069,3.0,2026-08-06 10:03:00,353.68,60.444663974871425,60.049399410810075,2,707.36,344.838,362.522,2026-08-06 15:59:00,354.09,WEEK_END_CLOSE,0.8199999999999363,0.11592399909521323
NSC,2026-08-05 00:00:00,2026-08-06 00:00:00,0.0476190476190476,2.0,2026-08-06 10:04:00,341.97,58.026723460067075,56.966701229275095,2,683.94,333.42075,350.51925,2026-08-06 15:59:00,342.44,WEEK_END_CLOSE,0.9399999999999409,0.1374389566336065
AJG,2026-08-05 00:00:00,2026-08-06 00:00:00,0.0714285714285714,5.0,2026-08-06 10:38:00,249.26,57.991952630364075,47.207187170221054,4,997.04,243.02849999999998,255.49149999999997,2026-08-06 15:59:00,251.77,WEEK_END_CLOSE,10.040000000000077,1.0069806627617917
