symbol,pcr_date,trade_date,pcr_value,pcr_rank,entry_timestamp,entry_price,rsi14,rsi14_mean100,quantity,capital_used,stop_loss_price,take_profit_price,exit_timestamp,exit_price,exit_reason,gross_pnl,pnl_pct
CME,2025-08-05 00:00:00,2025-08-06 00:00:00,0.1353628703452025,8.0,2025-08-06 09:45:00,280.5875,38.041649695883514,33.83051695450892,3,841.7624999999999,266.55812499999996,294.616875,2025-08-08 15:59:00,282.17,WEEK_END_CLOSE,4.747500000000116,0.563995188666655
CVS,2025-08-05 00:00:00,2025-08-06 00:00:00,0.1344810713074705,7.0,2025-08-06 09:45:00,63.11,50.207614860717946,45.73601469732973,15,946.65,59.954499999999996,66.2655,2025-08-08 15:59:00,65.53,WEEK_END_CLOSE,36.300000000000026,3.8345745523688857
LIN,2025-08-05 00:00:00,2025-08-06 00:00:00,0.0484429065743944,3.0,2025-08-06 09:49:00,470.36,56.79211971260369,53.21105622633141,2,940.72,446.842,493.87800000000004,2025-08-08 15:59:00,472.42,WEEK_END_CLOSE,4.1200000000000045,0.43796241176969897
FDX,2025-08-05 00:00:00,2025-08-06 00:00:00,0.0038675678426435,1.0,2025-08-06 09:52:00,222.92,58.20388779388993,57.306734082442134,4,891.68,211.77399999999997,234.066,2025-08-08 15:59:00,227.97,WEEK_END_CLOSE,20.200000000000045,2.2653866858065808
APD,2025-08-05 00:00:00,2025-08-06 00:00:00,0.1270718232044199,6.0,2025-08-06 09:55:00,292.045,53.318355294415795,51.69001663031349,3,876.135,277.44275,306.64725000000004,2025-08-08 15:59:00,288.46,WEEK_END_CLOSE,-10.75500000000011,-1.227550548716816
RSG,2025-08-05 00:00:00,2025-08-06 00:00:00,0.0833333333333333,5.0,2025-08-06 10:17:00,232.615,48.57793528807152,46.141395036960425,4,930.46,220.98425,244.24575000000002,2025-08-08 15:59:00,235.35,WEEK_END_CLOSE,10.93999999999994,1.1757625260623739
AON,2025-08-05 00:00:00,2025-08-06 00:00:00,0.0357142857142857,2.0,2025-08-06 10:20:00,359.215,44.097292848106164,43.486378589789794,2,718.43,341.25424999999996,377.17575,2025-08-08 15:59:00,366.37,WEEK_END_CLOSE,14.31000000000006,1.9918433250281975
SNDK,2025-08-05 00:00:00,2025-08-06 00:00:00,0.0666666666666666,4.0,2025-08-06 10:30:00,42.16,59.472850541988066,53.71717289176993,23,969.68,40.05199999999999,44.268,2025-08-08 11:27:00,44.268,TAKE_PROFIT,48.484000000000094,5.000000000000004
CMCSA,2025-08-05 00:00:00,2025-08-06 00:00:00,0.1527289126054558,9.0,2025-08-06 10:34:00,32.453,47.44739554928206,46.34510048356417,30,973.5900000000001,30.830350000000003,34.07565,2025-08-08 15:59:00,31.665,WEEK_END_CLOSE,-23.640000000000114,-2.428126829568922
MSI,2025-08-05 00:00:00,2025-08-06 00:00:00,0.1826923076923076,10.0,2025-08-06 11:19:00,441.43,63.690051734445696,63.5355530362803,2,882.86,419.3585,463.5015,2025-08-08 15:59:00,453.48,WEEK_END_CLOSE,24.100000000000023,2.729764628593445
KKR,2025-08-06 00:00:00,2025-08-07 00:00:00,0.0176446393875865,3.0,2025-08-07 09:49:00,145.35,50.69205225259806,49.40741568291859,6,872.0999999999999,138.08249999999998,152.6175,2025-08-08 15:59:00,142.67,WEEK_END_CLOSE,-16.08000000000004,-1.8438252493980123
DLR,2025-08-06 00:00:00,2025-08-07 00:00:00,0.0362852778107015,6.0,2025-08-07 09:59:00,170.16,52.46661467226839,48.995007597011465,5,850.8,161.652,178.668,2025-08-08 15:59:00,169.96,WEEK_END_CLOSE,-0.9999999999999432,-0.11753643629524024
AJG,2025-08-06 00:00:00,2025-08-07 00:00:00,0.0335820895522388,5.0,2025-08-07 10:28:00,286.31,53.44666762437855,48.968470691110916,3,858.9300000000001,271.9945,300.6255,2025-08-08 15:59:00,289.44,WEEK_END_CLOSE,9.389999999999986,1.0932206349760776
CDNS,2025-08-06 00:00:00,2025-08-07 00:00:00,0.1436651583710407,10.0,2025-08-07 10:29:00,356.97,49.23396218272302,44.00715379158198,2,713.94,339.1215,374.81850000000003,2025-08-08 15:59:00,352.38,WEEK_END_CLOSE,-9.180000000000064,-1.2858223380116107
CMI,2025-08-06 00:00:00,2025-08-07 00:00:00,0.0422077922077922,7.0,2025-08-07 10:54:00,380.2699,48.11010460183854,44.938636819447204,2,760.5398,361.256405,399.28339500000004,2025-08-08 15:59:00,387.36,WEEK_END_CLOSE,14.180200000000013,1.8644915098460446
MCO,2025-08-06 00:00:00,2025-08-07 00:00:00,0.0909090909090909,9.0,2025-08-07 11:21:00,517.34,47.89358532235251,46.709230507193865,1,517.34,491.473,543.2070000000001,2025-08-08 15:59:00,515.3,WEEK_END_CLOSE,-2.0400000000000773,-0.3943248154018808
SPGI,2025-08-07 00:00:00,2025-08-08 00:00:00,0.0327922077922077,5.0,2025-08-08 09:46:00,559.325,54.624559051667624,53.71522490837739,1,559.325,531.35875,587.2912500000001,2025-08-08 15:59:00,556.08,WEEK_END_CLOSE,-3.2450000000000045,-0.5801635900415714
NSC,2025-08-07 00:00:00,2025-08-08 00:00:00,0.0226440226440226,3.0,2025-08-08 09:49:00,281.41,56.6315510052204,54.3865008781573,3,844.23,267.3395,295.48050000000006,2025-08-08 15:59:00,279.93,WEEK_END_CLOSE,-4.440000000000055,-0.5259230304537899
WELL,2025-08-07 00:00:00,2025-08-08 00:00:00,0.0666666666666666,9.0,2025-08-08 09:59:00,170.465,53.11586276381429,52.67436176819036,5,852.325,161.94174999999998,178.98825000000002,2025-08-08 15:59:00,168.17,WEEK_END_CLOSE,-11.47500000000008,-1.3463174258645516
JCI,2025-08-07 00:00:00,2025-08-08 00:00:00,0.0050847457627118,2.0,2025-08-08 10:02:00,105.145,60.30495773285708,59.0951476804394,9,946.305,99.88775,110.40225,2025-08-08 15:59:00,105.51,WEEK_END_CLOSE,3.285000000000082,0.347139664273155
ITW,2025-08-07 00:00:00,2025-08-08 00:00:00,0.0,1.0,2025-08-08 10:30:00,258.475,59.47829420781011,58.91578412541658,3,775.4250000000001,245.55125,271.39875000000006,2025-08-08 15:59:00,256.99,WEEK_END_CLOSE,-4.455000000000041,-0.5745236483218896
CSX,2025-08-07 00:00:00,2025-08-08 00:00:00,0.0752914733394817,10.0,2025-08-08 10:42:00,35.7947,69.66776835660264,66.29971507837134,27,966.4569,34.004965,37.584435,2025-08-08 15:59:00,35.45,WEEK_END_CLOSE,-9.306899999999892,-0.9629917278256128
SNDK,2025-08-07 00:00:00,2025-08-08 00:00:00,0.0530035335689045,6.0,2025-08-08 11:59:00,44.175,57.33372690419215,55.786848943543426,22,971.8499999999999,41.966249999999995,46.38375,2025-08-08 15:59:00,44.34,WEEK_END_CLOSE,3.6300000000001376,0.37351443123940786
EMR,2025-08-08 00:00:00,2025-08-11 00:00:00,0.0567312708157778,8.0,2025-08-11 09:45:00,132.87,47.53902472445283,46.98882567156373,7,930.09,126.2265,139.51350000000002,2025-08-15 15:59:00,131.71,WEEK_END_CLOSE,-8.119999999999976,-0.8730337924286902
AJG,2025-08-08 00:00:00,2025-08-11 00:00:00,0.0,1.0,2025-08-11 09:47:00,290.53,47.81155050891694,47.02875198395012,3,871.5899999999999,276.0035,305.05649999999997,2025-08-15 15:59:00,292.61,WEEK_END_CLOSE,6.240000000000123,0.7159329501256417
ITW,2025-08-08 00:00:00,2025-08-11 00:00:00,0.0294117647058823,4.0,2025-08-11 09:52:00,257.2,44.45506255760222,42.97294055947831,3,771.5999999999999,244.33999999999997,270.06,2025-08-15 15:59:00,258.65,WEEK_END_CLOSE,4.349999999999966,0.5637636080870978
SNDK,2025-08-08 00:00:00,2025-08-11 00:00:00,0.041182682154171,6.0,2025-08-11 09:52:00,45.22,53.55993975352227,50.61153247129289,22,994.8399999999999,42.958999999999996,47.481,2025-08-12 12:18:00,47.481,TAKE_PROFIT,49.74200000000006,5.000000000000004
CSX,2025-08-08 00:00:00,2025-08-11 00:00:00,0.0679047930918255,10.0,2025-08-11 09:57:00,35.425,49.194785563741796,48.963672447707744,28,991.8999999999999,33.653749999999995,37.19625,2025-08-15 15:59:00,36.335,WEEK_END_CLOSE,25.480000000000103,2.5688073394495525
ROST,2025-08-08 00:00:00,2025-08-11 00:00:00,0.0251974862743747,3.0,2025-08-11 09:58:00,146.33,65.99324241046358,54.412289156432884,6,877.98,139.0135,153.64650000000003,2025-08-15 15:59:00,146.94,WEEK_END_CLOSE,3.6599999999999113,0.4168659878357017
FDX,2025-08-08 00:00:00,2025-08-11 00:00:00,0.0435243232473894,7.0,2025-08-11 09:59:00,229.73,54.35803887422057,53.48449668029004,4,918.92,218.24349999999998,241.2165,2025-08-15 15:59:00,227.4,WEEK_END_CLOSE,-9.319999999999936,-1.0142341009010458
LIN,2025-08-08 00:00:00,2025-08-11 00:00:00,0.0317460317460317,5.0,2025-08-11 09:59:00,470.58,44.23167602396845,41.921492504111136,2,941.16,447.051,494.109,2025-08-15 15:59:00,480.08,WEEK_END_CLOSE,19.0,2.0187853287432445
SPGI,2025-08-08 00:00:00,2025-08-11 00:00:00,0.0245840042941492,2.0,2025-08-11 10:21:00,558.99,52.59096318605475,49.3006600202494,1,558.99,531.0405,586.9395000000001,2025-08-15 15:59:00,556.59,WEEK_END_CLOSE,-2.3999999999999773,-0.4293457843610793
GLW,2025-08-08 00:00:00,2025-08-11 00:00:00,0.0616996420179723,9.0,2025-08-11 10:37:00,65.32,46.90521018799219,43.23643538001339,15,979.8,62.05399999999999,68.586,2025-08-15 15:59:00,65.45,WEEK_END_CLOSE,1.950000000000145,0.19902020820576904
NSC,2025-08-11 00:00:00,2025-08-12 00:00:00,0.0168954593453009,4.0,2025-08-12 09:46:00,279.64,57.537254027384016,54.39323479619952,3,838.92,265.65799999999996,293.622,2025-08-15 15:59:00,280.75,WEEK_END_CLOSE,3.330000000000041,0.39693892147045773
WMB,2025-08-11 00:00:00,2025-08-12 00:00:00,0.0622327790973871,9.0,2025-08-12 09:48:00,57.85,41.955969056783914,38.440597857910866,17,983.45,54.957499999999996,60.74250000000001,2025-08-15 15:59:00,57.46,WEEK_END_CLOSE,-6.63000000000001,-0.6741573033707926
APD,2025-08-11 00:00:00,2025-08-12 00:00:00,0.0857142857142857,10.0,2025-08-12 09:58:00,285.295,61.96743178724177,61.122081145601236,3,855.885,271.03025,299.55975,2025-08-15 15:59:00,290.48,WEEK_END_CLOSE,15.555000000000007,1.8174170595348649
DUK,2025-08-11 00:00:00,2025-08-12 00:00:00,0.0213740458015267,5.0,2025-08-12 09:59:00,125.26,53.48016940796609,51.32023134868736,7,876.82,118.997,131.52300000000002,2025-08-15 15:59:00,122.44,WEEK_END_CLOSE,-19.74000000000005,-2.251317260098995
AON,2025-08-11 00:00:00,2025-08-12 00:00:00,0.0002237136465324,1.0,2025-08-12 10:43:00,363.405,45.66399244012254,42.558742993057535,2,726.81,345.23474999999996,381.57525,2025-08-15 15:59:00,367.24,WEEK_END_CLOSE,7.670000000000073,1.0552964323550906
CMCSA,2025-08-11 00:00:00,2025-08-12 00:00:00,0.0428189116859946,8.0,2025-08-12 10:47:00,32.195,65.00634825045498,63.56916599885014,31,998.045,30.58525,33.80475,2025-08-15 15:59:00,33.47,WEEK_END_CLOSE,39.524999999999956,3.960242273644976
AMT,2025-08-12 00:00:00,2025-08-13 00:00:00,0.0813648293963254,10.0,2025-08-13 09:46:00,204.3025,45.219077165941236,36.87197809004448,4,817.21,194.087375,214.517625,2025-08-15 15:59:00,206.29,WEEK_END_CLOSE,7.949999999999932,0.9728221632138601
UPS,2025-08-12 00:00:00,2025-08-13 00:00:00,0.0789595375722543,9.0,2025-08-13 09:48:00,87.045,51.27535872228041,51.127621648478666,11,957.495,82.69275,91.39725,2025-08-15 15:59:00,88.5,WEEK_END_CLOSE,16.00499999999998,1.6715491986903253
TEL,2025-08-12 00:00:00,2025-08-13 00:00:00,0.0,1.0,2025-08-13 09:54:00,205.55,62.90537896805942,59.21918010172206,4,822.2,195.2725,215.82750000000001,2025-08-15 15:59:00,202.71,WEEK_END_CLOSE,-11.360000000000014,-1.381658963755783
HPE,2025-08-12 00:00:00,2025-08-13 00:00:00,0.012930508681332,6.0,2025-08-13 10:05:00,21.565,61.027864846668756,59.11972473181606,46,991.99,20.48675,22.643250000000002,2025-08-15 15:59:00,21.165,WEEK_END_CLOSE,-18.400000000000098,-1.8548574078367852
CRH,2025-08-12 00:00:00,2025-08-13 00:00:00,0.0508806262230919,7.0,2025-08-13 10:18:00,113.18,63.01384348063249,60.76303976536839,8,905.44,107.521,118.83900000000001,2025-08-15 15:59:00,110.82,WEEK_END_CLOSE,-18.88000000000011,-2.0851740590210444
MCO,2025-08-13 00:00:00,2025-08-14 00:00:00,0.0056497175141242,4.0,2025-08-14 09:45:00,521.48,56.06374054284689,51.56870719283002,1,521.48,495.406,547.5540000000001,2025-08-15 15:59:00,516.6,WEEK_END_CLOSE,-4.8799999999999955,-0.9357981130628246
ALL,2025-08-13 00:00:00,2025-08-14 00:00:00,0.0,2.0,2025-08-14 09:51:00,208.41,54.13894738846405,46.10500197450331,4,833.64,197.9895,218.8305,2025-08-15 15:59:00,206.83,WEEK_END_CLOSE,-6.319999999999936,-0.7581210114677717
ECL,2025-08-13 00:00:00,2025-08-14 00:00:00,0.0,1.0,2025-08-14 10:33:00,279.7,49.252520182534674,48.60188899329653,3,839.0999999999999,265.715,293.685,2025-08-15 15:59:00,280.96,WEEK_END_CLOSE,3.7799999999999727,0.45048265999285686
PH,2025-08-13 00:00:00,2025-08-14 00:00:00,0.0193548387096774,7.0,2025-08-14 10:44:00,752.095,47.273117144327124,46.146875359191085,1,752.095,714.49025,789.6997500000001,2025-08-15 15:59:00,730.17,WEEK_END_CLOSE,-21.925000000000068,-2.9151902352761327
HON,2025-08-14 00:00:00,2025-08-15 00:00:00,0.0238748627881448,9.0,2025-08-15 09:51:00,205.2309,53.07161176896173,52.491508926152996,4,820.9236,194.96935499999998,215.492445,2025-08-15 15:59:00,204.1942,WEEK_END_CLOSE,-4.146799999999985,-0.5051383587948988
WELL,2025-08-14 00:00:00,2025-08-15 00:00:00,0.0,1.0,2025-08-15 09:52:00,161.63,49.07864191576214,48.92632254838702,6,969.78,153.5485,169.7115,2025-08-15 15:59:00,162.95,WEEK_END_CLOSE,7.919999999999959,0.8166800717688494
KMI,2025-08-14 00:00:00,2025-08-15 00:00:00,0.0060761024964258,5.0,2025-08-15 10:13:00,26.735,49.68250410670162,47.20065542761832,37,989.1949999999999,25.398249999999997,28.07175,2025-08-15 15:59:00,26.66,WEEK_END_CLOSE,-2.7749999999999737,-0.2805311389564191
ICE,2025-08-14 00:00:00,2025-08-15 00:00:00,0.0241935483870967,10.0,2025-08-15 10:40:00,181.09,43.585471859834996,39.47764146782057,5,905.45,172.03549999999998,190.14450000000002,2025-08-15 15:59:00,181.21,WEEK_END_CLOSE,0.6000000000000227,0.06626539289855682
APD,2025-08-15 00:00:00,2025-08-18 00:00:00,0.0043763676148796,1.0,2025-08-18 09:45:00,289.09,42.69253673200416,41.42615632497631,3,867.27,274.6355,303.54449999999997,2025-08-22 15:59:00,299.36,WEEK_END_CLOSE,30.810000000000116,3.5525268947386834
WMB,2025-08-15 00:00:00,2025-08-18 00:00:00,0.0421686746987951,10.0,2025-08-18 09:51:00,56.73,35.83629689614203,32.6798755317214,17,964.41,53.893499999999996,59.5665,2025-08-22 15:59:00,57.06,WEEK_END_CLOSE,5.610000000000092,0.5817028027498727
SPGI,2025-08-15 00:00:00,2025-08-18 00:00:00,0.0084388185654008,4.0,2025-08-18 09:59:00,554.55,42.45712799485976,34.15632000379252,1,554.55,526.8224999999999,582.2775,2025-08-22 15:59:00,556.35,WEEK_END_CLOSE,1.8000000000000682,0.3245875033811352
USB,2025-08-15 00:00:00,2025-08-18 00:00:00,0.0166538164996144,5.0,2025-08-18 10:00:00,45.865,43.35000192607944,41.97649550059324,21,963.1650000000001,43.57175,48.15825,2025-08-22 11:32:00,48.15825,TAKE_PROFIT,48.15825000000001,5.000000000000004
AON,2025-08-15 00:00:00,2025-08-18 00:00:00,0.0072202166064981,2.0,2025-08-18 10:05:00,366.08,40.14488658221889,40.06658930120798,2,732.16,347.77599999999995,384.384,2025-08-22 15:59:00,375.08,WEEK_END_CLOSE,18.0,2.458479020979021
DUK,2025-08-15 00:00:00,2025-08-18 00:00:00,0.0205882352941176,6.0,2025-08-18 10:16:00,122.33,50.43039553982167,47.79504427147803,8,978.64,116.2135,128.44650000000001,2025-08-22 15:59:00,124.34,WEEK_END_CLOSE,16.08000000000004,1.6430965421401211
FDX,2025-08-15 00:00:00,2025-08-18 00:00:00,0.0072992700729927,3.0,2025-08-18 10:29:00,226.29,44.84692317851625,43.30082789289913,4,905.16,214.97549999999998,237.6045,2025-08-22 11:32:00,237.6045,TAKE_PROFIT,45.25800000000004,5.000000000000004
ITW,2025-08-15 00:00:00,2025-08-18 00:00:00,0.0274725274725274,7.0,2025-08-18 10:35:00,258.61,54.38389563352881,47.87116771096042,3,775.83,245.6795,271.5405,2025-08-22 15:59:00,269.465,WEEK_END_CLOSE,32.564999999999884,4.1974401608599665
AFL,2025-08-15 00:00:00,2025-08-18 00:00:00,0.0406320541760722,9.0,2025-08-18 10:38:00,105.64,59.93771989285886,53.69941099843402,9,950.76,100.35799999999999,110.92200000000001,2025-08-22 15:59:00,108.44,WEEK_END_CLOSE,25.199999999999974,2.6505111700113604
AJG,2025-08-15 00:00:00,2025-08-18 00:00:00,0.0289855072463768,8.0,2025-08-18 10:42:00,295.1,59.46658427250915,54.030918511950425,3,885.3000000000001,280.345,309.855,2025-08-22 15:59:00,303.15,WEEK_END_CLOSE,24.149999999999864,2.727888851236848
GLW,2025-08-18 00:00:00,2025-08-19 00:00:00,0.0971168437025796,8.0,2025-08-19 09:57:00,64.94,46.23294189534006,42.191502855783995,15,974.0999999999999,61.693,68.187,2025-08-22 15:59:00,65.76,WEEK_END_CLOSE,12.30000000000011,1.2627040344934004
MO,2025-08-18 00:00:00,2025-08-19 00:00:00,0.0255621615257829,5.0,2025-08-19 10:00:00,65.9454,53.21016807731112,44.87172945258543,15,989.181,62.64813,69.24267,2025-08-22 15:59:00,67.67,WEEK_END_CLOSE,25.86899999999993,2.6151937815222848
WFC,2025-08-18 00:00:00,2025-08-19 00:00:00,0.1347663918335296,10.0,2025-08-19 10:02:00,77.61,61.23536713470441,57.58148420539373,12,931.3199999999999,73.7295,81.4905,2025-08-22 15:59:00,79.13,WEEK_END_CLOSE,18.239999999999952,1.9585105012240644
HON,2025-08-18 00:00:00,2025-08-19 00:00:00,0.1020833333333333,9.0,2025-08-19 10:05:00,204.3214,57.31448838916416,53.76013508165462,4,817.2856,194.10533,214.53747,2025-08-22 15:59:00,209.9953,WEEK_END_CLOSE,22.6955999999999,2.776948474315444
CMCSA,2025-08-18 00:00:00,2025-08-19 00:00:00,0.0032076205287713,1.0,2025-08-19 10:08:00,33.725,55.0535904782264,54.10956325909376,29,978.0250000000001,32.03875,35.41125,2025-08-22 15:59:00,34.16,WEEK_END_CLOSE,12.61499999999986,1.2898443291326833
BMY,2025-08-18 00:00:00,2025-08-19 00:00:00,0.0520893288822378,6.0,2025-08-19 10:10:00,48.57,55.85842102204418,50.8776113537357,20,971.4,46.1415,50.9985,2025-08-22 15:59:00,47.9,WEEK_END_CLOSE,-13.400000000000034,-1.3794523368334421
MRK,2025-08-18 00:00:00,2025-08-19 00:00:00,0.0622177198092102,7.0,2025-08-19 10:15:00,85.405,67.08158199578585,61.15899123904603,11,939.455,81.13475,89.67525,2025-08-22 15:59:00,87.37,WEEK_END_CLOSE,21.615000000000038,2.3008020607692803
CTAS,2025-08-18 00:00:00,2025-08-19 00:00:00,0.0039028620988725,2.0,2025-08-19 10:26:00,216.01,56.34164982236289,53.427750270927184,4,864.04,205.2095,226.8105,2025-08-22 15:59:00,215.58,WEEK_END_CLOSE,-1.7199999999999136,-0.1990648581084109
CRM,2025-08-19 00:00:00,2025-08-20 00:00:00,0.1514839491217444,8.0,2025-08-20 09:52:00,246.37,58.72504741933445,56.56466175528319,4,985.48,234.0515,258.68850000000003,2025-08-22 15:59:00,248.13,WEEK_END_CLOSE,7.039999999999964,0.7143726914802917
GILD,2025-08-19 00:00:00,2025-08-20 00:00:00,0.0417840375586854,4.0,2025-08-20 09:58:00,120.2189,59.388151074334154,58.60143352508055,8,961.7512,114.207955,126.22984500000001,2025-08-22 15:59:00,114.76,WEEK_END_CLOSE,-43.6712,-4.540800157046854
HPE,2025-08-19 00:00:00,2025-08-20 00:00:00,0.0293504064455794,3.0,2025-08-20 10:19:00,20.585,36.39783474194636,31.625252093754106,48,988.08,19.55575,21.614250000000002,2025-08-21 09:30:00,21.68,TAKE_PROFIT_GAP,52.559999999999945,5.319407335438431
NEE,2025-08-19 00:00:00,2025-08-20 00:00:00,0.1555062995800279,9.0,2025-08-20 10:51:00,76.25,48.547768312738846,46.83513445812046,13,991.25,72.4375,80.0625,2025-08-22 15:59:00,76.32,WEEK_END_CLOSE,0.9099999999999113,0.09180327868851812
PG,2025-08-20 00:00:00,2025-08-21 00:00:00,0.042492513902752,4.0,2025-08-21 09:48:00,158.395,47.274089289994926,46.3364187172412,6,950.3700000000001,150.47525000000002,166.31475,2025-08-22 15:59:00,158.66,WEEK_END_CLOSE,1.5899999999999181,0.16730326083524982
KKR,2025-08-20 00:00:00,2025-08-21 00:00:00,0.0183591508892713,3.0,2025-08-21 09:49:00,137.41,51.546580465010095,47.25953426421064,7,961.87,130.5395,144.2805,2025-08-22 10:38:00,144.2805,TAKE_PROFIT,48.09349999999995,5.000000000000004
CVS,2025-08-20 00:00:00,2025-08-21 00:00:00,0.0540876425136434,6.0,2025-08-21 09:51:00,70.7204,42.608531381719104,39.454005027704156,14,990.0856,67.18437999999999,74.25642,2025-08-22 15:59:00,71.29,WEEK_END_CLOSE,7.9744000000001165,0.8054253086803964
ETN,2025-08-20 00:00:00,2025-08-21 00:00:00,0.0952380952380952,10.0,2025-08-21 09:56:00,346.991,61.62005279083424,60.47664973925855,2,693.982,329.64144999999996,364.34055,2025-08-22 15:59:00,347.61,WEEK_END_CLOSE,1.2380000000000564,0.17839079399755153
WDC,2025-08-20 00:00:00,2025-08-21 00:00:00,0.0647098065376917,8.0,2025-08-21 10:02:00,75.57,58.61844276877478,58.60775063253421,13,982.4099999999999,71.79149999999998,79.3485,2025-08-22 15:59:00,76.97,WEEK_END_CLOSE,18.200000000000074,1.8525870054254323
FCX,2025-08-21 00:00:00,2025-08-22 00:00:00,0.0771938057250117,8.0,2025-08-22 09:45:00,41.93,60.78714766942198,57.58448286855715,23,964.39,39.8335,44.0265,2025-08-22 15:59:00,43.28,WEEK_END_CLOSE,31.050000000000033,3.2196518006200936
ABBV,2025-08-21 00:00:00,2025-08-22 00:00:00,0.1047661469933184,9.0,2025-08-22 10:00:00,210.795,53.671814211495615,44.788858419603656,4,843.18,200.25525,221.33474999999999,2025-08-22 15:59:00,210.62,WEEK_END_CLOSE,-0.6999999999999318,-0.083019046941335
APO,2025-08-21 00:00:00,2025-08-22 00:00:00,0.0141200951248513,2.0,2025-08-22 10:00:00,136.505,72.82397770418714,52.66597826620184,7,955.535,129.67974999999998,143.33025,2025-08-22 15:59:00,134.26,WEEK_END_CLOSE,-15.715000000000032,-1.644628401890047
KMI,2025-08-21 00:00:00,2025-08-22 00:00:00,0.0403387039868281,4.0,2025-08-22 10:16:00,26.875,53.830355197387384,50.7377364744121,37,994.375,25.53125,28.21875,2025-08-22 15:59:00,26.69,WEEK_END_CLOSE,-6.844999999999953,-0.6883720930232484
EMR,2025-08-21 00:00:00,2025-08-22 00:00:00,0.1168831168831168,10.0,2025-08-22 10:25:00,133.225,63.50784489347755,60.14530734466046,7,932.5749999999999,126.56374999999998,139.88625,2025-08-22 15:59:00,133.71,WEEK_END_CLOSE,3.3950000000000955,0.36404578720210523
FDX,2025-08-21 00:00:00,2025-08-22 00:00:00,0.0014781966001478,1.0,2025-08-22 11:42:00,237.51,60.55048263711178,60.18367111652212,4,950.04,225.63449999999997,249.3855,2025-08-22 15:59:00,236.81,WEEK_END_CLOSE,-2.7999999999999545,-0.29472443265545767
EMR,2025-08-22 00:00:00,2025-08-25 00:00:00,0.0694444444444444,5.0,2025-08-25 09:45:00,133.74,45.194674601957395,45.06405685767153,7,936.1800000000001,127.053,140.42700000000002,2025-08-29 15:59:00,131.92,WEEK_END_CLOSE,-12.740000000000151,-1.3608494093016454
HPE,2025-08-22 00:00:00,2025-08-25 00:00:00,0.0788165954004391,7.0,2025-08-25 09:48:00,22.445,45.44753780618129,44.12598561210761,44,987.58,21.32275,23.56725,2025-08-29 15:59:00,22.58,WEEK_END_CLOSE,5.9399999999999125,0.6014702606371047
CVS,2025-08-22 00:00:00,2025-08-25 00:00:00,0.1126121684252046,9.0,2025-08-25 09:49:00,71.255,48.67188002789543,48.01268981434572,14,997.5699999999999,67.69224999999999,74.81775,2025-08-29 15:59:00,73.15,WEEK_END_CLOSE,26.530000000000143,2.6594624938600875
KKR,2025-08-22 00:00:00,2025-08-25 00:00:00,0.0516080777860882,4.0,2025-08-25 09:49:00,141.395,43.726804681436946,43.37526860712582,7,989.7650000000001,134.32525,148.46475,2025-08-29 15:59:00,139.56,WEEK_END_CLOSE,-12.845000000000056,-1.2977828070299569
CMCSA,2025-08-22 00:00:00,2025-08-25 00:00:00,0.000914913083257,1.0,2025-08-25 09:55:00,34.095,62.33382719569271,60.08251675340876,29,988.755,32.390249999999995,35.79975,2025-08-29 15:59:00,33.99,WEEK_END_CLOSE,-3.0449999999999093,-0.30796304443465594
SNPS,2025-08-22 00:00:00,2025-08-25 00:00:00,0.1313868613138686,10.0,2025-08-25 09:56:00,601.49,44.55563694808696,44.37941258794675,1,601.49,571.4155,631.5645000000001,2025-08-29 15:59:00,603.27,WEEK_END_CLOSE,1.7799999999999727,0.2959317694392283
SO,2025-08-22 00:00:00,2025-08-25 00:00:00,0.1043165467625899,8.0,2025-08-25 10:18:00,93.71,41.932241390717266,41.779008329456964,10,937.0999999999999,89.02449999999999,98.3955,2025-08-29 15:59:00,92.32,WEEK_END_CLOSE,-13.900000000000006,-1.4832995411375505
SPGI,2025-08-22 00:00:00,2025-08-25 00:00:00,0.0714285714285714,6.0,2025-08-25 10:18:00,552.9015,44.00418552363522,40.550353898673244,1,552.9015,525.256425,580.5465750000001,2025-08-29 15:59:00,548.44,WEEK_END_CLOSE,-4.461500000000001,-0.8069249224319397
FDX,2025-08-22 00:00:00,2025-08-25 00:00:00,0.0094562647754137,3.0,2025-08-25 10:28:00,233.805,45.446401516397614,41.80817540661595,4,935.22,222.11475,245.49525000000003,2025-08-29 15:59:00,231.07,WEEK_END_CLOSE,-10.940000000000055,-1.1697782339984197
KMI,2025-08-22 00:00:00,2025-08-25 00:00:00,0.0049530099060198,2.0,2025-08-25 10:55:00,26.495,42.91527411114354,39.22112814967881,37,980.315,25.17025,27.819750000000003,2025-08-29 15:59:00,26.985,WEEK_END_CLOSE,18.129999999999942,1.8494055482166427
GILD,2025-08-25 00:00:00,2025-08-26 00:00:00,0.1616939364773821,8.0,2025-08-26 09:59:00,114.72,53.96897411205589,53.091202025086154,8,917.76,108.984,120.456,2025-08-29 15:59:00,113.0,WEEK_END_CLOSE,-13.759999999999991,-1.4993026499302675
MDT,2025-08-25 00:00:00,2025-08-26 00:00:00,0.1705583756345177,9.0,2025-08-26 10:05:00,92.12,49.726576580014225,48.88148960263651,10,921.2,87.514,96.72600000000001,2025-08-29 15:59:00,92.82,WEEK_END_CLOSE,6.999999999999886,0.7598784194528863
MCK,2025-08-25 00:00:00,2025-08-26 00:00:00,0.1343283582089552,5.0,2025-08-26 10:07:00,678.12,44.439330334840086,43.51575874572916,1,678.12,644.2139999999999,712.0260000000001,2025-08-29 15:59:00,687.09,WEEK_END_CLOSE,8.970000000000027,1.322774730136267
UBER,2025-08-25 00:00:00,2025-08-26 00:00:00,0.1821547872982654,10.0,2025-08-26 10:09:00,95.57,50.22533410477521,47.54743439576543,10,955.6999999999999,90.79149999999998,100.3485,2025-08-29 15:59:00,93.83,WEEK_END_CLOSE,-17.39999999999995,-1.8206550172648273
HON,2025-08-25 00:00:00,2025-08-26 00:00:00,0.1510574018126888,7.0,2025-08-26 10:21:00,208.7041,51.894635970281755,51.68883002973124,4,834.8164,198.26889500000001,219.139305,2025-08-29 15:59:00,206.8049,WEEK_END_CLOSE,-7.59680000000003,-0.9099964974334518
BSX,2025-08-26 00:00:00,2025-08-27 00:00:00,0.1180648024855747,7.0,2025-08-27 09:47:00,106.5455,61.8903495549457,56.85932382754533,9,958.9095,101.218225,111.872775,2025-08-29 15:59:00,105.55,WEEK_END_CLOSE,-8.959500000000062,-0.9343426048026515
MDLZ,2025-08-26 00:00:00,2025-08-27 00:00:00,0.1333333333333333,9.0,2025-08-27 09:49:00,61.65,49.649855108194245,48.61807319420572,16,986.4,58.567499999999995,64.7325,2025-08-29 15:59:00,61.45,WEEK_END_CLOSE,-3.199999999999932,-0.32441200324411223
ETN,2025-08-26 00:00:00,2025-08-27 00:00:00,0.1245674740484429,8.0,2025-08-27 09:57:00,351.9,55.219831074828484,51.2062574019152,2,703.8,334.30499999999995,369.495,2025-08-29 15:59:00,349.24,WEEK_END_CLOSE,-5.319999999999936,-0.7558965615231505
ADI,2025-08-26 00:00:00,2025-08-27 00:00:00,0.1349693251533742,10.0,2025-08-27 10:35:00,253.3999,39.682640650414406,37.86064025955125,3,760.1997,240.729905,266.06989500000003,2025-08-29 15:59:00,251.28,WEEK_END_CLOSE,-6.359700000000004,-0.8365828084383575
AMGN,2025-08-27 00:00:00,2025-08-28 00:00:00,0.1122047244094488,10.0,2025-08-28 09:48:00,286.13,48.521746972367126,46.430336013851814,3,858.39,271.82349999999997,300.4365,2025-08-29 15:59:00,287.71,WEEK_END_CLOSE,4.739999999999952,0.5521965540139062
USB,2025-08-27 00:00:00,2025-08-28 00:00:00,0.0067379390890306,2.0,2025-08-28 09:49:00,48.7,48.73690708497838,47.66320453262969,20,974.0,46.265,51.135000000000005,2025-08-29 15:59:00,48.87,WEEK_END_CLOSE,3.399999999999892,0.34907597535933643
EOG,2025-08-27 00:00:00,2025-08-28 00:00:00,0.0637450199203187,7.0,2025-08-28 09:50:00,122.51,47.95752587549284,42.48610568730665,8,980.08,116.3845,128.6355,2025-08-29 15:59:00,124.85,WEEK_END_CLOSE,18.719999999999914,1.9100481593339325
BMY,2025-08-27 00:00:00,2025-08-28 00:00:00,0.0352609308885754,4.0,2025-08-28 09:51:00,47.32,51.80440715780102,49.4175157691645,21,993.72,44.954,49.686,2025-08-29 15:59:00,47.2,WEEK_END_CLOSE,-2.5199999999999463,-0.2535925612848655
CI,2025-08-27 00:00:00,2025-08-28 00:00:00,0.0976909413854351,9.0,2025-08-28 09:53:00,298.13,51.50350728200862,49.72839281465982,3,894.39,283.2235,313.0365,2025-08-29 15:59:00,301.12,WEEK_END_CLOSE,8.970000000000027,1.0029181900513162
CTAS,2025-08-27 00:00:00,2025-08-28 00:00:00,0.0416666666666666,6.0,2025-08-28 10:17:00,211.1,46.63983987080469,38.154931892843855,4,844.4,200.545,221.655,2025-08-29 15:59:00,210.11,WEEK_END_CLOSE,-3.9599999999999227,-0.4689720511605766
CSCO,2025-08-27 00:00:00,2025-08-28 00:00:00,0.0973825226710634,8.0,2025-08-28 10:47:00,68.8599,56.75229424477897,54.87704196710787,14,964.0386,65.416905,72.30289499999999,2025-08-29 15:59:00,69.13,WEEK_END_CLOSE,3.7813999999999908,0.3922457046844352
VRT,2025-08-28 00:00:00,2025-08-29 00:00:00,0.1166425792106726,10.0,2025-08-29 09:53:00,129.67,36.62963023309027,35.24214824946682,7,907.6899999999999,123.18649999999998,136.15349999999998,2025-08-29 15:59:00,127.55,WEEK_END_CLOSE,-14.839999999999932,-1.6349194108120524
WBD,2025-08-28 00:00:00,2025-08-29 00:00:00,0.0605317744672826,7.0,2025-08-29 10:17:00,11.735,38.354940696158344,35.527394752069554,85,997.4749999999999,11.148249999999999,12.32175,2025-08-29 15:59:00,11.63,WEEK_END_CLOSE,-8.924999999999885,-0.8947592671495364
KO,2025-08-28 00:00:00,2025-08-29 00:00:00,0.1109120969964177,9.0,2025-08-29 10:20:00,68.775,50.560678766366514,49.60054636111643,14,962.8500000000001,65.33625,72.21375,2025-08-29 15:59:00,69.02,WEEK_END_CLOSE,3.4299999999998647,0.3562340966920985
RTX,2025-08-28 00:00:00,2025-08-29 00:00:00,0.0324677435080763,6.0,2025-08-29 10:34:00,159.14,44.113268429539026,40.03332172225689,6,954.8399999999999,151.183,167.09699999999998,2025-08-29 15:59:00,158.64,WEEK_END_CLOSE,-3.0,-0.3141887646097796
BSX,2025-08-29 00:00:00,2025-09-02 00:00:00,0.0472494093823827,4.0,2025-09-02 09:45:00,105.06,50.603370614277246,46.59085034138665,9,945.54,99.807,110.313,2025-09-05 15:59:00,107.22,WEEK_END_CLOSE,19.43999999999997,2.055968018275278
EMR,2025-08-29 00:00:00,2025-09-02 00:00:00,0.0666666666666666,6.0,2025-09-02 09:48:00,130.415,47.943990803011054,46.59671252740286,7,912.905,123.89424999999999,136.93574999999998,2025-09-05 15:59:00,132.56,WEEK_END_CLOSE,15.015000000000072,1.6447494536671492
USB,2025-08-29 00:00:00,2025-09-02 00:00:00,0.0422832980972515,3.0,2025-09-02 09:49:00,48.15,42.59342799241329,38.33020860745462,20,963.0,45.7425,50.5575,2025-09-05 15:59:00,48.82,WEEK_END_CLOSE,13.400000000000034,1.3914849428868115
ABNB,2025-08-29 00:00:00,2025-09-02 00:00:00,0.0675375208449138,7.0,2025-09-02 09:50:00,129.045,49.05860164494502,44.765480374017,7,903.3149999999999,122.59274999999998,135.49724999999998,2025-09-05 15:59:00,123.78,WEEK_END_CLOSE,-36.854999999999905,-4.079972102754848
CMCSA,2025-08-29 00:00:00,2025-09-02 00:00:00,0.025,2.0,2025-09-02 09:52:00,33.845,54.43152821618279,52.69695206616816,29,981.505,32.15275,35.53725,2025-09-05 15:59:00,33.92,WEEK_END_CLOSE,2.1750000000000824,0.22159846358400515
AMGN,2025-08-29 00:00:00,2025-09-02 00:00:00,0.0906593406593406,8.0,2025-09-02 09:57:00,287.41,55.0783510003665,53.07915657877939,3,862.23,273.03950000000003,301.7805,2025-09-05 15:59:00,283.64,WEEK_END_CLOSE,-11.310000000000116,-1.3117149716433074
UPS,2025-08-29 00:00:00,2025-09-02 00:00:00,0.0922208004235979,9.0,2025-09-02 09:59:00,85.7,41.319356651315275,40.90981370479394,11,942.7,81.41499999999999,89.98500000000001,2025-09-05 15:59:00,85.035,WEEK_END_CLOSE,-7.315000000000069,-0.7759626604434189
FDX,2025-08-29 00:00:00,2025-09-02 00:00:00,0.0003720930232558,1.0,2025-09-02 10:03:00,224.96,45.81522324330634,41.40967444910212,4,899.84,213.712,236.20800000000003,2025-09-05 15:59:00,227.64,WEEK_END_CLOSE,10.719999999999914,1.191322901849201
COHR,2025-08-29 00:00:00,2025-09-02 00:00:00,0.0476190476190476,5.0,2025-09-02 10:20:00,86.88,40.33382027588252,40.03721171875784,11,955.68,82.53599999999999,91.224,2025-09-04 09:30:00,91.224,TAKE_PROFIT,47.78400000000009,5.000000000000004
ROST,2025-08-29 00:00:00,2025-09-02 00:00:00,0.1115577889447236,10.0,2025-09-02 10:41:00,149.935,69.45842843071229,66.122591765237,6,899.61,142.43824999999998,157.43175000000002,2025-09-05 15:59:00,150.98,WEEK_END_CLOSE,6.269999999999925,0.6969686864307878
CSX,2025-09-02 00:00:00,2025-09-03 00:00:00,0.1592241390929307,10.0,2025-09-03 09:46:00,32.195,51.84222778911941,50.738144182953825,31,998.045,30.58525,33.80475,2025-09-05 15:59:00,32.53,WEEK_END_CLOSE,10.385000000000026,1.0405342444478993
TJX,2025-09-02 00:00:00,2025-09-03 00:00:00,0.1113205965571539,6.0,2025-09-03 09:57:00,138.76,55.44312258700111,54.43252247365292,7,971.3199999999999,131.82199999999997,145.698,2025-09-05 15:59:00,139.25,WEEK_END_CLOSE,3.4300000000000637,0.35312770250792713
MCO,2025-09-02 00:00:00,2025-09-03 00:00:00,0.0754310344827586,4.0,2025-09-03 10:03:00,496.155,47.097598055728916,46.40316682030605,2,992.31,471.34725,520.96275,2025-09-05 15:59:00,499.41,WEEK_END_CLOSE,6.510000000000105,0.6560449859418949
WELL,2025-09-02 00:00:00,2025-09-03 00:00:00,0.0666666666666666,3.0,2025-09-03 10:04:00,167.83,56.65541244416943,53.972529114658236,5,839.1500000000001,159.4385,176.22150000000002,2025-09-05 15:59:00,167.76,WEEK_END_CLOSE,-0.350000000000108,-0.04170887207294305
AJG,2025-09-02 00:00:00,2025-09-03 00:00:00,0.0269525267993874,1.0,2025-09-03 10:11:00,303.78,55.10135057843471,51.649319608999086,3,911.3399999999999,288.59099999999995,318.969,2025-09-05 15:59:00,299.06,WEEK_END_CLOSE,-14.159999999999911,-1.553756007637097
WM,2025-09-02 00:00:00,2025-09-03 00:00:00,0.0565457897971727,2.0,2025-09-03 10:11:00,223.995,47.432674389274005,45.82951347416205,4,895.98,212.79524999999998,235.19475000000003,2025-09-05 15:59:00,220.1,WEEK_END_CLOSE,-15.580000000000041,-1.738878099957597
HCA,2025-09-02 00:00:00,2025-09-03 00:00:00,0.1451612903225806,8.0,2025-09-03 10:21:00,404.615,55.01133907804787,50.32156667915452,2,809.23,384.38425,424.84575,2025-09-05 15:59:00,420.92,WEEK_END_CLOSE,32.610000000000014,4.029756682278207
NOC,2025-09-02 00:00:00,2025-09-03 00:00:00,0.1568627450980392,9.0,2025-09-03 10:34:00,579.39,43.88493563646062,37.04146431632857,1,579.39,550.4205,608.3595,2025-09-05 15:59:00,580.59,WEEK_END_CLOSE,1.2000000000000455,0.20711437891576256
KKR,2025-09-02 00:00:00,2025-09-03 00:00:00,0.1426371149511645,7.0,2025-09-03 10:42:00,136.47,43.64095845487042,39.58691568625797,7,955.29,129.6465,143.2935,2025-09-05 15:59:00,135.58,WEEK_END_CLOSE,-6.2299999999999045,-0.6521579834395719
GILD,2025-09-03 00:00:00,2025-09-04 00:00:00,0.0414321284090334,7.0,2025-09-04 09:46:00,113.38,60.61253628536159,56.1512062173572,8,907.04,107.71099999999998,119.049,2025-09-05 15:59:00,115.05,WEEK_END_CLOSE,13.360000000000014,1.472922914094199
VLO,2025-09-03 00:00:00,2025-09-04 00:00:00,0.0594384614320495,9.0,2025-09-04 09:48:00,156.08,61.66011524080874,61.169820508999784,6,936.48,148.276,163.88400000000001,2025-09-05 15:59:00,156.71,WEEK_END_CLOSE,3.7799999999999727,0.4036391594054223
ECL,2025-09-03 00:00:00,2025-09-04 00:00:00,0.0060698027314112,3.0,2025-09-04 09:53:00,274.72,62.89787253817275,61.37853489781002,3,824.1600000000001,260.98400000000004,288.456,2025-09-05 15:59:00,273.59,WEEK_END_CLOSE,-3.390000000000157,-0.41132789749565024
LOW,2025-09-03 00:00:00,2025-09-04 00:00:00,0.0606274302395669,10.0,2025-09-04 10:23:00,262.9,62.63426616120074,55.66985710892017,3,788.6999999999999,249.75499999999997,276.045,2025-09-05 15:59:00,270.03,WEEK_END_CLOSE,21.389999999999986,2.7120578166603293
SPGI,2025-09-03 00:00:00,2025-09-04 00:00:00,0.0110786234768232,4.0,2025-09-04 10:23:00,542.32,65.68888351975642,63.96395398221513,1,542.32,515.2040000000001,569.436,2025-09-05 15:59:00,537.96,WEEK_END_CLOSE,-4.360000000000014,-0.8039533854550807
AON,2025-09-03 00:00:00,2025-09-04 00:00:00,0.0,1.0,2025-09-04 10:43:00,373.5,59.919335035986066,55.51648917421645,2,747.0,354.825,392.175,2025-09-05 15:59:00,370.13,WEEK_END_CLOSE,-6.740000000000009,-0.9022757697456529
ICE,2025-09-04 00:00:00,2025-09-05 00:00:00,0.0198255352894528,4.0,2025-09-05 09:51:00,174.42,52.65937916971693,52.1895168727608,5,872.0999999999999,165.69899999999998,183.141,2025-09-05 15:59:00,174.33,WEEK_END_CLOSE,-0.44999999999987494,-0.051599587203288166
MCK,2025-09-04 00:00:00,2025-09-05 00:00:00,0.0178323594929032,3.0,2025-09-05 09:55:00,686.0988,49.96987605689667,40.23018794065166,1,686.0988,651.79386,720.40374,2025-09-05 15:59:00,687.2,WEEK_END_CLOSE,1.1012000000000626,0.16050166535783728
LITE,2025-09-04 00:00:00,2025-09-05 00:00:00,0.0856278366111951,10.0,2025-09-05 10:53:00,146.07,52.45298561729512,49.097415730192054,6,876.42,138.76649999999998,153.3735,2025-09-05 15:59:00,149.46,WEEK_END_CLOSE,20.34000000000009,2.3208050934483637
ECL,2025-09-05 00:00:00,2025-09-08 00:00:00,0.0784313725490196,7.0,2025-09-08 09:46:00,273.015,47.87776577760471,45.39821443692239,3,819.045,259.36424999999997,286.66575,2025-09-12 15:59:00,272.61,WEEK_END_CLOSE,-1.2149999999999181,-0.14834349761001508
WBD,2025-09-05 00:00:00,2025-09-08 00:00:00,0.0860269134638463,9.0,2025-09-08 09:47:00,12.025,50.89744183019591,46.47843680310894,83,998.075,11.42375,12.62625,2025-09-11 09:30:00,12.62625,TAKE_PROFIT,49.903750000000024,5.000000000000004
AON,2025-09-05 00:00:00,2025-09-08 00:00:00,0.0080971659919028,1.0,2025-09-08 09:50:00,366.75,46.21260766512297,44.905420551050085,2,733.5,348.41249999999997,385.08750000000003,2025-09-12 15:59:00,372.13,WEEK_END_CLOSE,10.759999999999991,1.4669393319699964
SPGI,2025-09-05 00:00:00,2025-09-08 00:00:00,0.0570436507936508,5.0,2025-09-08 09:53:00,537.75,54.338748760287054,53.915823285308726,1,537.75,510.86249999999995,564.6375,2025-09-12 15:59:00,544.12,WEEK_END_CLOSE,6.3700000000000045,1.184565318456543
MCO,2025-09-05 00:00:00,2025-09-08 00:00:00,0.0795454545454545,8.0,2025-09-08 09:54:00,499.84,57.11319153876114,54.893407020005235,2,999.68,474.84799999999996,524.832,2025-09-12 15:59:00,512.32,WEEK_END_CLOSE,24.96000000000015,2.496798975672232
CMI,2025-09-05 00:00:00,2025-09-08 00:00:00,0.0869565217391304,10.0,2025-09-08 09:55:00,397.45,44.09221358311377,43.06343422596306,2,794.9,377.5775,417.3225,2025-09-12 15:59:00,410.22,WEEK_END_CLOSE,25.540000000000077,3.212982765127692
FDX,2025-09-05 00:00:00,2025-09-08 00:00:00,0.0170121468113733,2.0,2025-09-08 09:58:00,223.5,41.52613040005978,41.06971665134784,4,894.0,212.325,234.675,2025-09-12 15:59:00,229.56,WEEK_END_CLOSE,24.24000000000001,2.7114093959731633
CMCSA,2025-09-05 00:00:00,2025-09-08 00:00:00,0.0452742137758055,4.0,2025-09-08 09:59:00,33.365,54.90772685845658,52.64565404353517,29,967.585,31.69675,35.03325,2025-09-12 15:59:00,33.05,WEEK_END_CLOSE,-9.13500000000014,-0.9441031020530621
EMR,2025-09-05 00:00:00,2025-09-08 00:00:00,0.0439189189189189,3.0,2025-09-08 10:01:00,132.01,46.17373045216965,43.75235583094814,7,924.0699999999999,125.40949999999998,138.6105,2025-09-12 15:59:00,135.1,WEEK_END_CLOSE,21.630000000000024,2.3407317627452517
GLW,2025-09-05 00:00:00,2025-09-08 00:00:00,0.0651395897323387,6.0,2025-09-08 10:05:00,71.79,53.85140142664267,52.189783449081155,13,933.2700000000001,68.2005,75.37950000000001,2025-09-11 09:33:00,75.37950000000001,TAKE_PROFIT,46.66350000000001,5.000000000000004
AEP,2025-09-08 00:00:00,2025-09-09 00:00:00,0.0428051001821493,2.0,2025-09-09 09:48:00,107.405,54.17309868087288,51.30422431246015,9,966.645,102.03475,112.77525,2025-09-12 15:59:00,109.46,WEEK_END_CLOSE,18.494999999999933,1.9133187467994972
ICE,2025-09-08 00:00:00,2025-09-09 00:00:00,0.1798107255520504,9.0,2025-09-09 09:48:00,174.05,51.69879767976892,51.04036714929397,5,870.25,165.3475,182.75250000000003,2025-09-12 15:59:00,173.92,WEEK_END_CLOSE,-0.6500000000001194,-0.07469118069521885
NEE,2025-09-08 00:00:00,2025-09-09 00:00:00,0.1817040775575009,10.0,2025-09-09 09:53:00,69.86,51.93325658349348,51.12334766158482,14,978.04,66.36699999999999,73.35300000000001,2025-09-12 15:59:00,71.66,WEEK_END_CLOSE,25.19999999999996,2.5765817348983644
ALL,2025-09-08 00:00:00,2025-09-09 00:00:00,0.1636363636363636,6.0,2025-09-09 10:04:00,201.16,54.41781563276114,53.228815068313516,4,804.64,191.10199999999998,211.21800000000002,2025-09-12 15:59:00,200.38,WEEK_END_CLOSE,-3.1200000000000045,-0.38775104394511706
TRV,2025-09-09 00:00:00,2025-09-10 00:00:00,0.05,3.0,2025-09-10 09:46:00,271.415,41.52206444058126,37.953785020709994,3,814.2450000000001,257.84425,284.98575000000005,2025-09-12 15:59:00,278.95,WEEK_END_CLOSE,22.604999999999905,2.776191441150999
BRK.B,2025-09-09 00:00:00,2025-09-10 00:00:00,0.109528148938163,9.0,2025-09-10 09:48:00,490.105,50.58189639005405,45.457392334785986,2,980.21,465.59975,514.6102500000001,2025-09-12 15:59:00,493.73,WEEK_END_CLOSE,7.25,0.7396374246334991
SPG,2025-09-09 00:00:00,2025-09-10 00:00:00,0.0762124711316397,5.0,2025-09-10 09:48:00,179.44,59.2680109308589,53.51380907142724,5,897.2,170.468,188.412,2025-09-12 15:59:00,182.55,WEEK_END_CLOSE,15.550000000000068,1.7331698617922608
WELL,2025-09-09 00:00:00,2025-09-10 00:00:00,0.0714285714285714,4.0,2025-09-10 09:59:00,169.75,52.271448647567496,46.861882682918406,5,848.75,161.2625,178.2375,2025-09-12 15:59:00,169.12,WEEK_END_CLOSE,-3.1499999999999773,-0.3711340206185576
HPE,2025-09-09 00:00:00,2025-09-10 00:00:00,0.109596013400275,10.0,2025-09-10 10:05:00,24.665,68.22415487788442,67.99193381457104,40,986.5999999999999,23.431749999999997,25.89825,2025-09-12 15:59:00,24.73,WEEK_END_CLOSE,2.600000000000051,0.2635313196837741
CSX,2025-09-09 00:00:00,2025-09-10 00:00:00,0.1046277395788568,8.0,2025-09-10 10:08:00,32.28,54.813623218205365,48.31517344024478,30,968.4000000000001,30.666,33.894000000000005,2025-09-12 15:59:00,32.455,WEEK_END_CLOSE,5.249999999999915,0.5421313506815295
JCI,2025-09-10 00:00:00,2025-09-11 00:00:00,0.0544554455445544,8.0,2025-09-11 09:46:00,107.815,54.95502892658705,51.81066532652484,9,970.335,102.42424999999999,113.20575000000001,2025-09-12 15:59:00,107.52,WEEK_END_CLOSE,-2.6550000000000153,-0.27361684366739025
ABT,2025-09-10 00:00:00,2025-09-11 00:00:00,0.063569453025413,9.0,2025-09-11 09:55:00,130.19,61.66241089945218,56.952392075076006,7,911.3299999999999,123.6805,136.6995,2025-09-12 15:59:00,133.77,WEEK_END_CLOSE,25.060000000000088,2.7498271756663417
MMM,2025-09-10 00:00:00,2025-09-11 00:00:00,0.0915083777918154,10.0,2025-09-11 10:15:00,157.39,75.42994711541412,72.87864451158623,6,944.3399999999999,149.52049999999997,165.2595,2025-09-12 15:59:00,157.88,WEEK_END_CLOSE,2.9400000000000546,0.3113285469216631
BSX,2025-09-10 00:00:00,2025-09-11 00:00:00,0.0324522943338999,4.0,2025-09-11 10:19:00,104.505,53.67330405389745,52.15166439606139,9,940.545,99.27974999999999,109.73025,2025-09-12 15:59:00,102.69,WEEK_END_CLOSE,-16.33499999999998,-1.7367590067460914
TEL,2025-09-10 00:00:00,2025-09-11 00:00:00,0.0512820512820512,7.0,2025-09-11 10:23:00,212.55,68.19043194195086,66.84903124470979,4,850.2,201.9225,223.1775,2025-09-12 15:59:00,209.78,WEEK_END_CLOSE,-11.080000000000041,-1.3032227711126887
CSCO,2025-09-11 00:00:00,2025-09-12 00:00:00,0.0668431412230108,7.0,2025-09-12 09:49:00,66.91,48.25335165066562,45.2644444544454,14,936.74,63.564499999999995,70.2555,2025-09-12 15:59:00,66.505,WEEK_END_CLOSE,-5.670000000000016,-0.605290688985205
CI,2025-09-11 00:00:00,2025-09-12 00:00:00,0.031467920512128,5.0,2025-09-12 09:56:00,307.45,62.03829816669747,53.256765873333784,3,922.3499999999999,292.0775,322.8225,2025-09-12 15:59:00,302.69,WEEK_END_CLOSE,-14.279999999999973,-1.5482192226378255
ETN,2025-09-11 00:00:00,2025-09-12 00:00:00,0.0859037074379033,10.0,2025-09-12 10:04:00,362.05,55.99923501401812,54.168210911436475,2,724.1,343.9475,380.15250000000003,2025-09-12 15:59:00,365.91,WEEK_END_CLOSE,7.720000000000027,1.0661510841044164
WM,2025-09-11 00:00:00,2025-09-12 00:00:00,0.0150375939849624,1.0,2025-09-12 10:36:00,218.55,40.827065636851565,40.306381292538056,4,874.2,207.6225,229.47750000000002,2025-09-12 15:59:00,218.11,WEEK_END_CLOSE,-1.759999999999991,-0.20132692747655279
CME,2025-09-11 00:00:00,2025-09-12 00:00:00,0.0298759864712514,4.0,2025-09-12 10:37:00,261.405,46.22348175244503,45.44047445443759,3,784.2149999999999,248.33474999999996,274.47524999999996,2025-09-12 15:59:00,262.22,WEEK_END_CLOSE,2.4450000000001637,0.31177674489779594
PH,2025-09-11 00:00:00,2025-09-12 00:00:00,0.0215439856373429,2.0,2025-09-12 10:41:00,760.68,47.33855094798324,39.615429704532914,1,760.68,722.646,798.7139999999999,2025-09-12 15:59:00,759.23,WEEK_END_CLOSE,-1.4499999999999318,-0.19061891991375424
ITW,2025-09-11 00:00:00,2025-09-12 00:00:00,0.0674157303370786,8.0,2025-09-12 10:49:00,263.305,43.53324938043017,38.91852374675079,3,789.915,250.13975,276.47025,2025-09-12 15:59:00,263.42,WEEK_END_CLOSE,0.3450000000000273,0.043675585347791035
CL,2025-09-12 00:00:00,2025-09-15 00:00:00,0.0727299830435835,8.0,2025-09-15 09:47:00,83.27,41.92758473012061,38.194018356317734,12,999.24,79.1065,87.4335,2025-09-19 15:59:00,81.19,WEEK_END_CLOSE,-24.95999999999998,-2.497898402786114
CMCSA,2025-09-12 00:00:00,2025-09-15 00:00:00,0.0780755402258624,9.0,2025-09-15 09:47:00,33.115,58.38578224016556,56.03248003692962,30,993.45,31.45925,34.77075000000001,2025-09-18 10:12:00,31.45925,STOP_LOSS,-49.672500000000035,-5.000000000000004
CI,2025-09-12 00:00:00,2025-09-15 00:00:00,0.0616309712940868,5.0,2025-09-15 09:49:00,300.4699,35.906202793156965,35.15250015408579,3,901.4096999999999,285.44640499999997,315.493395,2025-09-19 15:59:00,290.44,WEEK_END_CLOSE,-30.089699999999993,-3.338071467391579
AMT,2025-09-12 00:00:00,2025-09-15 00:00:00,0.0710382513661202,7.0,2025-09-15 09:53:00,195.58,45.97065771078961,43.746857542714466,5,977.9000000000001,185.80100000000002,205.359,2025-09-19 15:59:00,193.266,WEEK_END_CLOSE,-11.570000000000107,-1.1831475611003284
SPGI,2025-09-12 00:00:00,2025-09-15 00:00:00,0.058717253839205,4.0,2025-09-15 09:54:00,545.115,45.28149459300477,43.27062015711664,1,545.115,517.85925,572.37075,2025-09-18 13:05:00,517.85925,STOP_LOSS,-27.255750000000035,-5.000000000000004
MNST,2025-09-12 00:00:00,2025-09-15 00:00:00,0.0709219858156028,6.0,2025-09-15 09:57:00,65.07,58.271451216002596,55.30971065343257,15,976.05,61.81649999999999,68.3235,2025-09-19 15:59:00,64.08,WEEK_END_CLOSE,-14.849999999999923,-1.5214384508990264
DUK,2025-09-12 00:00:00,2025-09-15 00:00:00,0.0785854616895874,10.0,2025-09-15 10:01:00,121.94,42.996343586536355,41.65351563299313,8,975.52,115.84299999999999,128.037,2025-09-19 15:59:00,121.08,WEEK_END_CLOSE,-6.8799999999999955,-0.705264884369361
EMR,2025-09-12 00:00:00,2025-09-15 00:00:00,0.0548416749789747,2.0,2025-09-15 10:05:00,135.86,47.957147582712665,46.22788194376081,7,951.0200000000001,129.067,142.65300000000002,2025-09-16 12:30:00,129.067,STOP_LOSS,-47.551000000000045,-5.000000000000004
HON,2025-09-12 00:00:00,2025-09-15 00:00:00,0.0561948280822368,3.0,2025-09-15 10:13:00,200.0848,53.6891266732349,49.18429423076343,4,800.3392,190.08056,210.08904,2025-09-19 15:59:00,197.3327,WEEK_END_CLOSE,-11.008400000000051,-1.3754668020759309
FDX,2025-09-12 00:00:00,2025-09-15 00:00:00,0.0338045133683475,1.0,2025-09-15 10:16:00,230.89,57.77877915216068,50.20253994835426,4,923.56,219.3455,242.43449999999999,2025-09-19 15:59:00,231.77,WEEK_END_CLOSE,3.5200000000000955,0.3811338732729874
BSX,2025-09-15 00:00:00,2025-09-16 00:00:00,0.0698074277854195,4.0,2025-09-16 09:46:00,99.2729,45.588155408936764,38.02522519462092,10,992.729,94.30925500000001,104.236545,2025-09-19 15:59:00,97.74,WEEK_END_CLOSE,-15.329000000000121,-1.5441273499615882
SHW,2025-09-15 00:00:00,2025-09-16 00:00:00,0.0714285714285714,5.0,2025-09-16 09:46:00,356.41,48.02952295806752,46.89955579748103,2,712.82,338.5895,374.23050000000006,2025-09-19 15:59:00,346.74,WEEK_END_CLOSE,-19.340000000000032,-2.713167419544915
MCO,2025-09-15 00:00:00,2025-09-16 00:00:00,0.1206896551724138,10.0,2025-09-16 09:49:00,507.78,48.03161905994469,46.03247377324789,1,507.78,482.39099999999996,533.169,2025-09-18 14:42:00,482.39099999999996,STOP_LOSS,-25.38900000000001,-5.000000000000004
CTAS,2025-09-15 00:00:00,2025-09-16 00:00:00,0.0297619047619047,2.0,2025-09-16 09:55:00,199.14,45.81525354002995,45.75568333219343,5,995.6999999999999,189.18299999999996,209.097,2025-09-19 15:59:00,200.05,WEEK_END_CLOSE,4.550000000000125,0.456964949281935
DHR,2025-09-15 00:00:00,2025-09-16 00:00:00,0.119301648884578,9.0,2025-09-16 10:04:00,188.47,52.65116349180252,49.29117642507393,5,942.35,179.04649999999998,197.89350000000002,2025-09-19 15:59:00,193.28,WEEK_END_CLOSE,24.05000000000001,2.552130312516576
TT,2025-09-15 00:00:00,2025-09-16 00:00:00,0.09375,8.0,2025-09-16 10:09:00,403.8653,46.67512742339977,45.371032843317344,2,807.7306,383.672035,424.058565,2025-09-19 15:59:00,406.58,WEEK_END_CLOSE,5.429399999999987,0.6721795608585213
UNP,2025-09-15 00:00:00,2025-09-16 00:00:00,0.0861214374225526,6.0,2025-09-16 10:16:00,217.595,56.86684985409791,55.08890005624113,4,870.38,206.71525,228.47475,2025-09-19 15:59:00,220.66,WEEK_END_CLOSE,12.259999999999991,1.4085801603897163
TJX,2025-09-15 00:00:00,2025-09-16 00:00:00,0.0485187777000233,3.0,2025-09-16 10:28:00,139.765,48.50534663698396,41.69337286251308,7,978.3549999999999,132.77675,146.75324999999998,2025-09-19 15:59:00,139.82,WEEK_END_CLOSE,0.38500000000004775,0.03935176904088511
APD,2025-09-16 00:00:00,2025-09-17 00:00:00,0.0333333333333333,3.0,2025-09-17 09:45:00,287.67,62.825902997005095,58.52825634512957,3,863.01,273.2865,302.05350000000004,2025-09-19 15:59:00,290.12,WEEK_END_CLOSE,7.349999999999966,0.8516703166822959
CRH,2025-09-16 00:00:00,2025-09-17 00:00:00,0.0117647058823529,1.0,2025-09-17 09:57:00,113.5,61.86908417150142,58.5488616415304,8,908.0,107.82499999999999,119.17500000000001,2025-09-19 15:59:00,113.075,WEEK_END_CLOSE,-3.3999999999999773,-0.37444933920705026
AFL,2025-09-16 00:00:00,2025-09-17 00:00:00,0.0246252676659528,2.0,2025-09-17 10:00:00,108.8,67.71234948976381,54.712217807291395,9,979.1999999999999,103.36,114.24,2025-09-19 15:59:00,108.05,WEEK_END_CLOSE,-6.75,-0.6893382352941124
CB,2025-09-16 00:00:00,2025-09-17 00:00:00,0.0419580419580419,4.0,2025-09-17 10:00:00,273.5,55.89932908679091,55.723674524121535,3,820.5,259.825,287.175,2025-09-19 15:59:00,273.83,WEEK_END_CLOSE,0.9899999999999523,0.1206581352833469
EQIX,2025-09-16 00:00:00,2025-09-17 00:00:00,0.0898876404494382,10.0,2025-09-17 10:01:00,785.75,56.75613032882563,53.8426791708526,1,785.75,746.4625,825.0375,2025-09-19 15:59:00,791.61,WEEK_END_CLOSE,5.860000000000014,0.7457842825326244
PH,2025-09-16 00:00:00,2025-09-17 00:00:00,0.0833333333333333,9.0,2025-09-17 10:27:00,751.55,49.1321630822024,48.37525214379682,1,751.55,713.9725,789.1274999999999,2025-09-19 15:59:00,755.19,WEEK_END_CLOSE,3.6400000000001,0.48433237974854215
AEP,2025-09-16 00:00:00,2025-09-17 00:00:00,0.0694444444444444,8.0,2025-09-17 10:28:00,107.3,55.17359339262044,50.13288944042996,9,965.6999999999999,101.93499999999999,112.665,2025-09-19 15:59:00,107.04,WEEK_END_CLOSE,-2.339999999999918,-0.2423112767940272
ICE,2025-09-17 00:00:00,2025-09-18 00:00:00,0.037037037037037,9.0,2025-09-18 09:45:00,172.03,53.6183188455044,51.93692940303731,5,860.15,163.42849999999999,180.63150000000002,2025-09-19 15:59:00,169.765,WEEK_END_CLOSE,-11.325000000000074,-1.3166308202057886
WELL,2025-09-17 00:00:00,2025-09-18 00:00:00,0.0151057401812688,2.0,2025-09-18 09:47:00,166.52,50.96382875784829,50.7159805257665,6,999.1200000000001,158.194,174.84600000000003,2025-09-19 15:59:00,165.21,WEEK_END_CLOSE,-7.860000000000014,-0.7866922892145078
GILD,2025-09-17 00:00:00,2025-09-18 00:00:00,0.0319634703196347,6.0,2025-09-18 09:49:00,112.195,50.06552582742766,48.904660533565114,8,897.56,106.58524999999999,117.80475,2025-09-19 15:59:00,114.05,WEEK_END_CLOSE,14.840000000000032,1.6533713623601898
DE,2025-09-17 00:00:00,2025-09-18 00:00:00,0.0355714285714285,8.0,2025-09-18 09:57:00,470.35,60.59594290889714,54.72474226597521,2,940.7,446.8325,493.86750000000006,2025-09-19 15:59:00,469.99,WEEK_END_CLOSE,-0.7200000000000273,-0.07653874774105063
CMCSA,2025-09-17 00:00:00,2025-09-18 00:00:00,0.029520295202952,5.0,2025-09-18 10:16:00,31.515,36.84450914315397,35.90174281624809,31,976.965,29.939249999999998,33.09075,2025-09-19 15:59:00,31.58,WEEK_END_CLOSE,2.0149999999999295,0.20625099159130578
MCK,2025-09-17 00:00:00,2025-09-18 00:00:00,0.0097895252080274,1.0,2025-09-18 10:42:00,695.27,49.70275414632551,49.39439246714194,1,695.27,660.5065,730.0335,2025-09-19 15:59:00,698.38,WEEK_END_CLOSE,3.1100000000000136,0.447308239964328
MCO,2025-09-17 00:00:00,2025-09-18 00:00:00,0.0275229357798165,4.0,2025-09-18 14:53:00,481.74,35.62042798836097,34.229065637793894,2,963.48,457.65299999999996,505.82700000000006,2025-09-19 15:59:00,480.74,WEEK_END_CLOSE,-2.0,-0.20758085274213967
EMR,2025-09-18 00:00:00,2025-09-19 00:00:00,0.0265848670756646,4.0,2025-09-19 09:47:00,131.815,48.40381083510876,44.632514064702164,7,922.7049999999999,125.22425,138.40575,2025-09-19 15:59:00,132.33,WEEK_END_CLOSE,3.6050000000001035,0.39069908584001833
USB,2025-09-18 00:00:00,2025-09-19 00:00:00,0.0217909431392577,3.0,2025-09-19 09:51:00,50.16,51.74315632495197,50.45939356707839,19,953.04,47.651999999999994,52.668,2025-09-19 15:59:00,50.4,WEEK_END_CLOSE,4.560000000000038,0.4784688995215447
SPGI,2025-09-18 00:00:00,2025-09-19 00:00:00,0.0033898305084745,2.0,2025-09-19 09:55:00,507.7,54.417385600741746,51.34766371237683,1,507.7,482.31499999999994,533.085,2025-09-19 15:59:00,506.92,WEEK_END_CLOSE,-0.7799999999999727,-0.15363403584793822
TEL,2025-09-18 00:00:00,2025-09-19 00:00:00,0.0597014925373134,8.0,2025-09-19 09:58:00,215.825,39.02453035784373,38.345566348310726,4,863.3,205.03374999999997,226.61625,2025-09-19 15:59:00,216.1,WEEK_END_CLOSE,1.1000000000000227,0.12741804702884885
SPG,2025-09-18 00:00:00,2025-09-19 00:00:00,0.0303605313092979,5.0,2025-09-19 10:00:00,181.34,58.45519731513796,54.05517694191883,5,906.7,172.273,190.407,2025-09-19 15:59:00,180.74,WEEK_END_CLOSE,-2.9999999999999716,-0.3308701885959997
PCAR,2025-09-19 00:00:00,2025-09-22 00:00:00,0.0147540983606557,3.0,2025-09-22 09:45:00,98.815,44.90803509691668,43.45388367506769,10,988.15,93.87424999999999,103.75575,2025-09-26 15:59:00,100.54,WEEK_END_CLOSE,17.250000000000085,1.7456863836462055
AON,2025-09-19 00:00:00,2025-09-22 00:00:00,0.0727762803234501,10.0,2025-09-22 09:52:00,350.7,52.21905134036394,50.678141621984906,2,701.4,333.16499999999996,368.235,2025-09-26 15:59:00,356.04,WEEK_END_CLOSE,10.680000000000064,1.5226689478186506
TRV,2025-09-19 00:00:00,2025-09-22 00:00:00,0.0306513409961685,4.0,2025-09-22 09:52:00,276.11,51.74858711193947,49.238289312170906,3,828.33,262.3045,289.9155,2025-09-26 15:59:00,277.82,WEEK_END_CLOSE,5.129999999999939,0.6193183875991437
HLT,2025-09-19 00:00:00,2025-09-22 00:00:00,0.0498338870431893,5.0,2025-09-22 09:53:00,266.3301,48.281359165166215,47.75363791688885,3,798.9903,253.013595,279.646605,2025-09-26 15:59:00,261.75,WEEK_END_CLOSE,-13.740300000000047,-1.719707986442398
FDX,2025-09-19 00:00:00,2025-09-22 00:00:00,0.0699955416852429,9.0,2025-09-22 09:55:00,226.58,38.79133635862637,38.324181918827044,4,906.32,215.251,237.90900000000002,2025-09-26 09:33:00,237.90900000000002,TAKE_PROFIT,45.31600000000003,5.000000000000004
CMCSA,2025-09-19 00:00:00,2025-09-22 00:00:00,0.0030234315948601,1.0,2025-09-22 09:57:00,31.43,52.89598508816547,50.065734637039625,31,974.33,29.8585,33.0015,2025-09-26 15:59:00,31.715,WEEK_END_CLOSE,8.835000000000004,0.9067769646834201
ECL,2025-09-19 00:00:00,2025-09-22 00:00:00,0.0666666666666666,8.0,2025-09-22 09:57:00,265.41,52.482680381839025,50.98232976661207,3,796.23,252.1395,278.68050000000005,2025-09-26 15:59:00,270.98,WEEK_END_CLOSE,16.70999999999998,2.098639840247163
PG,2025-09-19 00:00:00,2025-09-22 00:00:00,0.0647921760391198,7.0,2025-09-22 09:57:00,155.11,41.97497363655202,39.01963440081671,6,930.6600000000001,147.3545,162.86550000000003,2025-09-26 15:59:00,152.49,WEEK_END_CLOSE,-15.720000000000027,-1.6891238475920334
AJG,2025-09-19 00:00:00,2025-09-22 00:00:00,0.0080256821829855,2.0,2025-09-22 10:02:00,298.765,55.951729852147494,54.513030810677236,3,896.295,283.82674999999995,313.70325,2025-09-26 15:59:00,304.1,WEEK_END_CLOSE,16.00500000000011,1.7856844007832384
CSX,2025-09-19 00:00:00,2025-09-22 00:00:00,0.0570071258907363,6.0,2025-09-22 10:12:00,33.095,59.70501559881025,53.494292243637645,30,992.8499999999999,31.44025,34.74975,2025-09-26 15:59:00,34.005,WEEK_END_CLOSE,27.30000000000011,2.7496600694969064
HPE,2025-09-22 00:00:00,2025-09-23 00:00:00,0.1670411985018726,8.0,2025-09-23 09:46:00,25.26,61.93947307566201,59.200216558416706,39,985.1400000000001,23.997,26.523000000000003,2025-09-25 09:30:00,23.997,STOP_LOSS,-49.25700000000006,-5.000000000000004
PANW,2025-09-22 00:00:00,2025-09-23 00:00:00,0.1315600478787073,7.0,2025-09-23 09:46:00,206.84,45.34642762561768,43.41280332479998,4,827.36,196.498,217.18200000000002,2025-09-26 15:59:00,202.37,WEEK_END_CLOSE,-17.879999999999995,-2.1610906981241573
BSX,2025-09-22 00:00:00,2025-09-23 00:00:00,0.0452841973766396,4.0,2025-09-23 09:53:00,96.64,51.93623801088364,50.85192167063205,10,966.4,91.80799999999999,101.47200000000001,2025-09-26 15:59:00,98.175,WEEK_END_CLOSE,15.349999999999966,1.5883692052980125
REGN,2025-09-22 00:00:00,2025-09-23 00:00:00,0.192200557103064,10.0,2025-09-23 09:57:00,575.363,41.88333181365628,39.0410393672728,1,575.363,546.5948500000001,604.13115,2025-09-26 15:59:00,564.05,WEEK_END_CLOSE,-11.313000000000102,-1.966236966923507
SPGI,2025-09-22 00:00:00,2025-09-23 00:00:00,0.0077519379844961,2.0,2025-09-23 10:09:00,499.875,46.7041541070606,38.750903355115106,2,999.75,474.88124999999997,524.86875,2025-09-26 15:59:00,487.14,WEEK_END_CLOSE,-25.470000000000027,-2.5476369092273132
TJX,2025-09-22 00:00:00,2025-09-23 00:00:00,0.1166892808683853,6.0,2025-09-23 10:09:00,139.45,57.247791640646454,51.53303733564398,7,976.1499999999999,132.4775,146.42249999999999,2025-09-26 15:59:00,143.135,WEEK_END_CLOSE,25.795000000000016,2.6425242022230178
KKR,2025-09-22 00:00:00,2025-09-23 00:00:00,0.0970772442588726,5.0,2025-09-23 11:17:00,149.85,45.869581762534516,45.166757002749314,6,899.0999999999999,142.3575,157.3425,2025-09-24 11:02:00,142.3575,STOP_LOSS,-44.95500000000004,-5.000000000000004
CI,2025-09-23 00:00:00,2025-09-24 00:00:00,0.028169014084507,5.0,2025-09-24 09:45:00,290.436,53.545296186284645,50.87794055375811,3,871.308,275.9142,304.95779999999996,2025-09-26 15:59:00,286.13,WEEK_END_CLOSE,-12.91799999999995,-1.482598575934102
CRH,2025-09-23 00:00:00,2025-09-24 00:00:00,0.008695652173913,2.0,2025-09-24 09:46:00,114.03,49.86241544943439,47.78374432314721,8,912.24,108.32849999999999,119.73150000000001,2025-09-26 15:59:00,113.68,WEEK_END_CLOSE,-2.7999999999999545,-0.30693677102516803
PFE,2025-09-23 00:00:00,2025-09-24 00:00:00,0.1054998045093184,8.0,2025-09-24 09:48:00,24.085,42.726814760119815,42.42444050246851,41,987.485,22.88075,25.289250000000003,2025-09-26 15:59:00,23.76,WEEK_END_CLOSE,-13.32499999999997,-1.3493875856342097
DLR,2025-09-23 00:00:00,2025-09-24 00:00:00,0.125,10.0,2025-09-24 10:00:00,172.93,52.14946216044118,50.97089289169101,5,864.6500000000001,164.2835,181.5765,2025-09-26 15:59:00,171.47,WEEK_END_CLOSE,-7.30000000000004,-0.8442722488868348
USB,2025-09-23 00:00:00,2025-09-24 00:00:00,0.0224130403143647,4.0,2025-09-24 10:11:00,49.535,59.034862859410445,57.61505654119836,20,990.6999999999999,47.058249999999994,52.01175,2025-09-26 15:59:00,49.435,WEEK_END_CLOSE,-1.9999999999998863,-0.20187746038153875
AMGN,2025-09-23 00:00:00,2025-09-24 00:00:00,0.0649847094801223,6.0,2025-09-24 10:22:00,282.16,41.21878687545104,39.91301250600527,3,846.48,268.052,296.26800000000003,2025-09-26 15:59:00,273.02,WEEK_END_CLOSE,-27.42000000000013,-3.2392968528494603
EOG,2025-09-23 00:00:00,2025-09-24 00:00:00,0.1119402985074626,9.0,2025-09-24 10:53:00,117.96,59.99158648763965,58.39578416332935,8,943.68,112.06199999999998,123.858,2025-09-26 15:59:00,117.3,WEEK_END_CLOSE,-5.279999999999973,-0.5595116988809767
MCK,2025-09-24 00:00:00,2025-09-25 00:00:00,0.037037037037037,7.0,2025-09-25 09:48:00,760.105,52.433477066451374,51.31065264676423,1,760.105,722.09975,798.1102500000001,2025-09-25 11:40:00,722.09975,STOP_LOSS,-38.005250000000046,-5.000000000000004
WMB,2025-09-24 00:00:00,2025-09-25 00:00:00,0.0093538751768589,1.0,2025-09-25 09:55:00,62.465,46.894679083412086,45.924966954584,16,999.44,59.34175,65.58825,2025-09-26 15:59:00,64.03,WEEK_END_CLOSE,25.039999999999964,2.505403025694375
MO,2025-09-24 00:00:00,2025-09-25 00:00:00,0.0271167263812936,5.0,2025-09-25 09:58:00,65.765,54.515574999872975,53.59316380866539,15,986.475,62.476749999999996,69.05325,2025-09-26 15:59:00,65.705,WEEK_END_CLOSE,-0.9000000000000341,-0.09123393902532584
ABNB,2025-09-24 00:00:00,2025-09-25 00:00:00,0.0739178283198826,10.0,2025-09-25 10:03:00,122.08,54.86346447958443,50.69127926309686,8,976.64,115.976,128.184,2025-09-26 15:59:00,123.73,WEEK_END_CLOSE,13.200000000000045,1.3515727391874233
SO,2025-09-24 00:00:00,2025-09-25 00:00:00,0.0386879730866274,8.0,2025-09-25 10:22:00,94.58,59.59832967596216,56.33355244979445,10,945.8,89.851,99.309,2025-09-26 15:59:00,94.52,WEEK_END_CLOSE,-0.6000000000000227,-0.06343835906111872
KKR,2025-09-24 00:00:00,2025-09-25 00:00:00,0.0125195618153364,2.0,2025-09-25 10:28:00,137.78,48.84518600755916,48.132483843136995,7,964.46,130.891,144.669,2025-09-26 15:59:00,133.975,WEEK_END_CLOSE,-26.635000000000048,-2.761649005661204
MCK,2025-09-24 00:00:00,2025-09-25 00:00:00,0.037037037037037,7.0,2025-09-25 11:47:00,721.66,39.838235165439144,29.478709126907592,1,721.66,685.5769999999999,757.743,2025-09-26 11:41:00,757.743,TAKE_PROFIT,36.083000000000084,5.000000000000004
DASH,2025-09-25 00:00:00,2025-09-26 00:00:00,0.036863028550777,7.0,2025-09-26 09:50:00,262.995,54.74331032135261,51.46060235067023,3,788.985,249.84525,276.14475000000004,2025-09-26 15:59:00,262.56,WEEK_END_CLOSE,-1.3050000000000068,-0.16540238407574126
NEE,2025-09-25 00:00:00,2025-09-26 00:00:00,0.0123882503192848,4.0,2025-09-26 09:54:00,75.41,56.36416955699655,53.922316299625706,13,980.3299999999999,71.6395,79.1805,2025-09-26 15:59:00,75.82,WEEK_END_CLOSE,5.329999999999956,0.5436944702294166
HON,2025-09-25 00:00:00,2025-09-26 00:00:00,0.0068450528935905,2.0,2025-09-26 10:51:00,196.0415,56.82749836989952,49.72996070300679,5,980.2075000000001,186.239425,205.84357500000002,2025-09-26 15:59:00,196.1828,WEEK_END_CLOSE,0.7064999999998633,0.07207657562300351
KMI,2025-09-25 00:00:00,2025-09-26 00:00:00,0.0069151083008206,3.0,2025-09-26 10:59:00,28.355,53.91383319266772,53.37105763125154,35,992.4250000000001,26.93725,29.772750000000002,2025-09-26 15:59:00,28.215,WEEK_END_CLOSE,-4.90000000000002,-0.49374008111444656
FDX,2025-09-25 00:00:00,2025-09-26 00:00:00,0.006060606060606,1.0,2025-09-26 11:10:00,239.09,45.83330375172029,45.46818101006733,4,956.36,227.13549999999998,251.04450000000003,2025-09-26 15:59:00,237.82,WEEK_END_CLOSE,-5.080000000000041,-0.5311807269229196
BSX,2025-09-26 00:00:00,2025-09-29 00:00:00,0.0270921131848284,9.0,2025-09-29 09:49:00,97.28,41.64141002277556,39.3189350394641,10,972.8,92.416,102.144,2025-10-01 11:14:00,92.416,STOP_LOSS,-48.64000000000004,-5.000000000000004
NEE,2025-09-26 00:00:00,2025-09-29 00:00:00,0.0209125475285171,8.0,2025-09-29 09:49:00,75.6,52.76136025315241,50.263693305847575,13,982.8,71.82,79.38,2025-10-03 09:56:00,79.38,TAKE_PROFIT,49.140000000000015,5.000000000000004
MDT,2025-09-26 00:00:00,2025-09-29 00:00:00,0.0121827411167512,5.0,2025-09-29 09:54:00,93.615,42.14567777441192,40.07515217797503,10,936.15,88.93424999999999,98.29575,2025-10-03 15:59:00,97.705,WEEK_END_CLOSE,40.900000000000034,4.3689579661378986
CMCSA,2025-09-26 00:00:00,2025-09-29 00:00:00,0.0088691796008869,3.0,2025-09-29 09:56:00,31.505,43.4961429386103,42.37461763643746,31,976.655,29.92975,33.08025,2025-10-03 15:59:00,30.9,WEEK_END_CLOSE,-18.755000000000013,-1.9203301063323241
KMI,2025-09-26 00:00:00,2025-09-29 00:00:00,0.0148826559816828,6.0,2025-09-29 09:56:00,28.1754,49.96794473182252,47.34977892134113,35,986.139,26.76663,29.58417,2025-10-03 15:59:00,28.46,WEEK_END_CLOSE,9.961000000000038,1.0101010101010166
CRH,2025-09-26 00:00:00,2025-09-29 00:00:00,0.009009009009009,4.0,2025-09-29 10:05:00,112.17,49.41876393830106,42.032849278355705,8,897.36,106.5615,117.77850000000001,2025-09-30 09:30:00,120.95,TAKE_PROFIT_GAP,70.24000000000001,7.827404831951501
FDX,2025-09-26 00:00:00,2025-09-29 00:00:00,0.0007608902415826,2.0,2025-09-29 10:05:00,235.35,41.0865298195751,39.577374606356784,4,941.4,223.58249999999998,247.1175,2025-10-03 15:59:00,244.6,WEEK_END_CLOSE,37.0,3.9303165498194126
EOG,2025-09-26 00:00:00,2025-09-29 00:00:00,0.0188405797101449,7.0,2025-09-29 10:07:00,114.98,46.516813600609574,40.151873113757375,8,919.84,109.231,120.72900000000001,2025-10-03 15:59:00,110.82,WEEK_END_CLOSE,-33.280000000000086,-3.6180205253087627
AFL,2025-09-26 00:00:00,2025-09-29 00:00:00,0.0,1.0,2025-09-29 10:15:00,110.89,49.189582121353645,47.05243649191929,9,998.01,105.3455,116.4345,2025-10-03 15:59:00,112.325,WEEK_END_CLOSE,12.91500000000002,1.2940752096672448
SPGI,2025-09-26 00:00:00,2025-09-29 00:00:00,0.0476190476190476,10.0,2025-09-29 10:21:00,491.03,53.43199541701076,48.940850434327494,2,982.06,466.47849999999994,515.5815,2025-10-03 15:59:00,479.78,WEEK_END_CLOSE,-22.5,-2.2911023766368666
KKR,2025-09-29 00:00:00,2025-09-30 00:00:00,0.013016367887763,3.0,2025-09-30 09:45:00,134.25,44.19423521489392,43.14365996679743,7,939.75,127.5375,140.9625,2025-09-30 12:59:00,127.5375,STOP_LOSS,-46.98750000000004,-5.000000000000004
CSCO,2025-09-29 00:00:00,2025-09-30 00:00:00,0.168076109936575,9.0,2025-09-30 10:07:00,68.48,65.0814388350245,61.197404234146504,14,958.72,65.056,71.90400000000001,2025-10-03 15:59:00,67.94,WEEK_END_CLOSE,-7.5600000000000875,-0.7885514018691642
CDNS,2025-09-29 00:00:00,2025-09-30 00:00:00,0.1764705882352941,10.0,2025-09-30 10:13:00,349.38,47.52664233868386,46.12092968979101,2,698.76,331.911,366.849,2025-10-03 15:59:00,347.28,WEEK_END_CLOSE,-4.2000000000000455,-0.601064743259494
ADI,2025-09-29 00:00:00,2025-09-30 00:00:00,0.0425243770314192,5.0,2025-09-30 10:17:00,246.505,59.54737271950536,58.14945617926791,4,986.02,234.17974999999998,258.83025,2025-10-03 15:59:00,242.04,WEEK_END_CLOSE,-17.860000000000014,-1.8113222855520195
HPE,2025-09-29 00:00:00,2025-09-30 00:00:00,0.164033798677443,8.0,2025-09-30 10:22:00,24.21,54.3358223431252,49.01893680746317,41,992.61,22.9995,25.4205,2025-10-03 15:59:00,24.425,WEEK_END_CLOSE,8.814999999999994,0.8880627839735533
BX,2025-09-29 00:00:00,2025-09-30 00:00:00,0.0411450442548441,4.0,2025-09-30 10:38:00,170.34,38.78302740049518,31.289903486385473,5,851.7,161.823,178.857,2025-10-03 15:59:00,168.47,WEEK_END_CLOSE,-9.350000000000023,-1.0978043912175717
KKR,2025-09-29 00:00:00,2025-09-30 00:00:00,0.013016367887763,3.0,2025-09-30 13:15:00,127.34,41.23447912293822,38.84868731391101,7,891.38,120.973,133.70700000000002,2025-10-03 15:59:00,127.645,WEEK_END_CLOSE,2.1349999999999483,0.23951625569340607
TJX,2025-09-30 00:00:00,2025-10-01 00:00:00,0.0267755102040816,3.0,2025-10-01 09:49:00,144.4975,58.026162459378604,56.39242763012131,6,866.985,137.272625,151.722375,2025-10-03 15:59:00,141.32,WEEK_END_CLOSE,-19.065000000000055,-2.1989999826986684
TMO,2025-09-30 00:00:00,2025-10-01 00:00:00,0.0583778966131907,6.0,2025-10-01 09:50:00,500.96,63.18017281105085,60.18316186493652,1,500.96,475.912,526.008,2025-10-01 13:17:00,526.27,TAKE_PROFIT_GAP,25.310000000000002,5.052299584797182
PG,2025-09-30 00:00:00,2025-10-01 00:00:00,0.0599070693660803,7.0,2025-10-01 09:53:00,152.51,41.321685979088286,38.88570994046011,6,915.06,144.88449999999997,160.1355,2025-10-03 15:59:00,152.26,WEEK_END_CLOSE,-1.5,-0.16392367713592426
MO,2025-09-30 00:00:00,2025-10-01 00:00:00,0.0820092886824737,9.0,2025-10-01 09:57:00,66.08,51.749497629091124,51.1973884940576,15,991.1999999999999,62.775999999999996,69.384,2025-10-03 15:59:00,65.72,WEEK_END_CLOSE,-5.3999999999999915,-0.5447941888619856
GLW,2025-09-30 00:00:00,2025-10-01 00:00:00,0.0707494270807937,8.0,2025-10-01 10:00:00,82.5332,67.3868903228197,60.59503986838553,12,990.3983999999999,78.40653999999999,86.65986,2025-10-03 15:59:00,83.575,WEEK_END_CLOSE,12.50160000000011,1.2622799067526946
EMR,2025-09-30 00:00:00,2025-10-01 00:00:00,0.0348837209302325,4.0,2025-10-01 10:10:00,130.19,50.3552378970336,50.076969265513995,7,911.3299999999999,123.6805,136.6995,2025-10-03 15:59:00,134.77,WEEK_END_CLOSE,32.06000000000009,3.5179353252938084
TMO,2025-09-30 00:00:00,2025-10-01 00:00:00,0.0583778966131907,6.0,2025-10-01 13:55:00,523.0,52.86433980180753,51.9198093861228,1,523.0,496.84999999999997,549.15,2025-10-03 15:59:00,543.37,WEEK_END_CLOSE,20.370000000000005,3.894837476099422
MCO,2025-10-01 00:00:00,2025-10-02 00:00:00,0.0746268656716417,7.0,2025-10-02 10:13:00,482.37,55.95011323616613,53.91000664309781,2,964.74,458.25149999999996,506.48850000000004,2025-10-03 15:59:00,485.18,WEEK_END_CLOSE,5.6200000000000045,0.582540373572149
ICE,2025-10-01 00:00:00,2025-10-02 00:00:00,0.05,6.0,2025-10-02 10:23:00,162.1,44.99124543608933,44.97264223750423,6,972.5999999999999,153.99499999999998,170.205,2025-10-03 15:59:00,162.59,WEEK_END_CLOSE,2.9400000000000546,0.3022825416409747
AON,2025-10-01 00:00:00,2025-10-02 00:00:00,0.0052631578947368,1.0,2025-10-02 10:28:00,359.67,52.416838535525414,51.64045828289792,2,719.34,341.6865,377.6535,2025-10-03 15:59:00,363.81,WEEK_END_CLOSE,8.279999999999973,1.1510551338727026
CMI,2025-10-01 00:00:00,2025-10-02 00:00:00,0.0342857142857142,4.0,2025-10-02 10:38:00,428.66,55.71507964715476,52.88308428196918,2,857.32,407.22700000000003,450.093,2025-10-03 15:59:00,432.82,WEEK_END_CLOSE,8.319999999999936,0.9704661036719076
DASH,2025-10-02 00:00:00,2025-10-03 00:00:00,0.0820872238113963,10.0,2025-10-03 09:45:00,271.05,63.55295457134977,59.22456550451098,3,813.1500000000001,257.4975,284.6025,2025-10-03 15:59:00,271.22,WEEK_END_CLOSE,0.5100000000000477,0.06271905552481805
UNP,2025-10-02 00:00:00,2025-10-03 00:00:00,0.0643925639008251,7.0,2025-10-03 09:50:00,235.82,61.237885160133565,57.81738305479445,4,943.28,224.029,247.611,2025-10-03 15:59:00,236.78,WEEK_END_CLOSE,3.840000000000032,0.407090153506906
JCI,2025-10-02 00:00:00,2025-10-03 00:00:00,0.0291666666666666,3.0,2025-10-03 10:11:00,108.45,50.59213242223127,49.65534287269133,9,976.0500000000001,103.0275,113.8725,2025-10-03 15:59:00,108.79,WEEK_END_CLOSE,3.0600000000000307,0.313508529276163
MSI,2025-10-02 00:00:00,2025-10-03 00:00:00,0.043103448275862,6.0,2025-10-03 11:11:00,455.94,65.10326648182834,62.910965342447966,2,911.88,433.143,478.737,2025-10-03 15:59:00,452.77,WEEK_END_CLOSE,-6.340000000000032,-0.6952669210861129
FDX,2025-10-03 00:00:00,2025-10-06 00:00:00,0.0050295648325832,1.0,2025-10-06 09:46:00,245.0,57.96234426835938,53.28931010244329,4,980.0,232.75,257.25,2025-10-10 11:07:00,232.75,STOP_LOSS,-49.0,-5.000000000000004
WELL,2025-10-03 00:00:00,2025-10-06 00:00:00,0.0338983050847457,4.0,2025-10-06 09:46:00,173.83,34.20293589694542,33.074461839973225,5,869.1500000000001,165.1385,182.52150000000003,2025-10-10 15:59:00,165.9,WEEK_END_CLOSE,-39.650000000000034,-4.561928320773168
WMB,2025-10-03 00:00:00,2025-10-06 00:00:00,0.0158653894059267,3.0,2025-10-06 09:47:00,64.785,52.02537213590524,49.95506768487056,15,971.775,61.54574999999999,68.02425,2025-10-10 15:59:00,62.61,WEEK_END_CLOSE,-32.62499999999996,-3.357258624681636
SPGI,2025-10-03 00:00:00,2025-10-06 00:00:00,0.0674939467312348,8.0,2025-10-06 09:49:00,477.935,45.306695671670134,44.24969479498802,2,955.87,454.03825,501.83175,2025-10-10 15:59:00,486.045,WEEK_END_CLOSE,16.220000000000027,1.6968834674171207
SYK,2025-10-03 00:00:00,2025-10-06 00:00:00,0.0815450643776824,10.0,2025-10-06 09:51:00,369.83,48.48440980971607,47.72293305924931,2,739.66,351.33849999999995,388.3215,2025-10-10 15:59:00,364.66,WEEK_END_CLOSE,-10.339999999999918,-1.3979395938674366
AON,2025-10-03 00:00:00,2025-10-06 00:00:00,0.0727272727272727,9.0,2025-10-06 10:05:00,363.83,47.763570991708626,46.41432292101008,2,727.66,345.63849999999996,382.0215,2025-10-10 15:59:00,359.995,WEEK_END_CLOSE,-7.669999999999959,-1.0540637110738493
CMCSA,2025-10-03 00:00:00,2025-10-06 00:00:00,0.0072093519828393,2.0,2025-10-06 10:05:00,30.515,47.930809620514374,40.0901209848518,32,976.48,28.98925,32.04075,2025-10-10 15:59:00,29.46,WEEK_END_CLOSE,-33.75999999999999,-3.4573160740619335
NEE,2025-10-03 00:00:00,2025-10-06 00:00:00,0.0597088926361667,7.0,2025-10-06 10:08:00,81.47,54.01675771747133,52.83903925415793,12,977.64,77.39649999999999,85.54350000000001,2025-10-10 15:59:00,83.37,WEEK_END_CLOSE,22.800000000000068,2.332146802503998
ICE,2025-10-03 00:00:00,2025-10-06 00:00:00,0.0397672162948593,5.0,2025-10-06 10:12:00,159.12,38.796641282695084,35.016206673940545,6,954.72,151.164,167.07600000000002,2025-10-10 15:59:00,157.475,WEEK_END_CLOSE,-9.870000000000061,-1.033810960281556
LITE,2025-10-03 00:00:00,2025-10-06 00:00:00,0.0520254169976171,6.0,2025-10-06 10:38:00,159.2,43.322126903202815,43.048612750713595,6,955.1999999999999,151.23999999999998,167.16,2025-10-10 11:21:00,151.23999999999998,STOP_LOSS,-47.76000000000005,-5.000000000000004
TT,2025-10-06 00:00:00,2025-10-07 00:00:00,0.1333333333333333,10.0,2025-10-07 09:50:00,425.79,51.588191329764896,48.77094352743855,2,851.58,404.5005,447.07950000000005,2025-10-10 15:59:00,414.14,WEEK_END_CLOSE,-23.300000000000068,-2.736090561074711
BSX,2025-10-06 00:00:00,2025-10-07 00:00:00,0.1187598398694337,8.0,2025-10-07 09:55:00,95.59,38.292949153414554,38.02033847760562,10,955.9000000000001,90.8105,100.3695,2025-10-10 15:59:00,95.41,WEEK_END_CLOSE,-1.8000000000000682,-0.18830421592217483
DHR,2025-10-06 00:00:00,2025-10-07 00:00:00,0.1218192619735427,9.0,2025-10-07 09:55:00,213.59,59.12507722948419,51.43907413167915,4,854.36,202.91049999999998,224.26950000000002,2025-10-10 12:04:00,202.91049999999998,STOP_LOSS,-42.718000000000075,-5.000000000000004
HPE,2025-10-06 00:00:00,2025-10-07 00:00:00,0.0850192764731809,5.0,2025-10-07 09:58:00,25.575,51.50011631138649,49.80478788665251,39,997.425,24.296249999999997,26.85375,2025-10-10 15:59:00,24.41,WEEK_END_CLOSE,-45.43499999999997,-4.555229716520037
ITW,2025-10-06 00:00:00,2025-10-07 00:00:00,0.0892857142857142,6.0,2025-10-07 10:17:00,257.27,46.17938751010922,45.15135150687852,3,771.81,244.40649999999997,270.13349999999997,2025-10-10 15:28:00,244.4,STOP_LOSS_GAP,-38.60999999999993,-5.002526528549767
PCAR,2025-10-06 00:00:00,2025-10-07 00:00:00,0.0459016393442622,3.0,2025-10-07 10:44:00,97.03,45.578978921894155,39.742953720206955,10,970.3,92.1785,101.8815,2025-10-10 15:59:00,93.0,WEEK_END_CLOSE,-40.30000000000001,-4.153354632587858
JCI,2025-10-07 00:00:00,2025-10-08 00:00:00,0.0222965440356744,6.0,2025-10-08 09:57:00,107.71,52.491174867195376,50.57801383913255,9,969.39,102.32449999999999,113.0955,2025-10-10 15:59:00,105.57,WEEK_END_CLOSE,-19.260000000000005,-1.9868164515829512
USB,2025-10-07 00:00:00,2025-10-08 00:00:00,0.0511846659708155,8.0,2025-10-08 10:00:00,47.28,47.82569752116746,46.39992867306478,21,992.88,44.916,49.644000000000005,2025-10-10 15:59:00,45.29,WEEK_END_CLOSE,-41.79000000000004,-4.208967851099832
KMI,2025-10-07 00:00:00,2025-10-08 00:00:00,0.0592637291137906,9.0,2025-10-08 10:01:00,27.745,47.169320674825514,46.94287337311649,36,998.82,26.35775,29.132250000000003,2025-10-10 15:59:00,27.1,WEEK_END_CLOSE,-23.219999999999985,-2.324743196972423
PH,2025-10-07 00:00:00,2025-10-08 00:00:00,0.0,1.0,2025-10-08 10:02:00,750.87,55.897998241922565,53.91413191042247,1,750.87,713.3265,788.4135,2025-10-10 15:59:00,716.655,WEEK_END_CLOSE,-34.21500000000003,-4.556714211514645
MCO,2025-10-08 00:00:00,2025-10-09 00:00:00,0.0594059405940594,8.0,2025-10-09 09:48:00,494.21,59.23269376799654,58.49580431528029,2,988.42,469.49949999999995,518.9205,2025-10-10 15:59:00,484.045,WEEK_END_CLOSE,-20.329999999999927,-2.0568179518827945
AEP,2025-10-08 00:00:00,2025-10-09 00:00:00,0.0396419437340153,6.0,2025-10-09 10:04:00,118.45,63.63599311831975,61.126128722971316,8,947.6,112.5275,124.3725,2025-10-10 15:59:00,117.07,WEEK_END_CLOSE,-11.040000000000077,-1.1650485436893288
SHW,2025-10-08 00:00:00,2025-10-09 00:00:00,0.04,7.0,2025-10-09 10:04:00,335.275,47.686862913343234,45.85476069197179,2,670.55,318.51124999999996,352.03875,2025-10-10 15:59:00,332.87,WEEK_END_CLOSE,-4.809999999999945,-0.7173216016702622
NSC,2025-10-08 00:00:00,2025-10-09 00:00:00,0.09375,10.0,2025-10-09 10:11:00,295.505,48.17850041860794,45.063396735202865,3,886.515,280.72974999999997,310.28025,2025-10-10 15:59:00,288.43,WEEK_END_CLOSE,-21.224999999999966,-2.394206527808329
TRV,2025-10-08 00:00:00,2025-10-09 00:00:00,0.0896860986547085,9.0,2025-10-09 10:34:00,280.91,54.651998029451256,47.44757379032149,3,842.73,266.8645,294.95550000000003,2025-10-10 15:59:00,270.04,WEEK_END_CLOSE,-32.610000000000014,-3.869566765156096
BMY,2025-10-09 00:00:00,2025-10-10 00:00:00,0.0764291219707803,10.0,2025-10-10 09:53:00,44.195,47.30524414950022,44.263701367149245,22,972.29,41.98525,46.40475,2025-10-10 15:59:00,43.97,WEEK_END_CLOSE,-4.950000000000031,-0.5091073650865474
MRK,2025-10-09 00:00:00,2025-10-10 00:00:00,0.0581391759025236,7.0,2025-10-10 10:09:00,87.26,51.76479672228311,50.222391511940074,11,959.86,82.897,91.623,2025-10-10 15:59:00,86.025,WEEK_END_CLOSE,-13.584999999999994,-1.4153105661242282
EOG,2025-10-09 00:00:00,2025-10-10 00:00:00,0.0678791565618995,9.0,2025-10-10 10:25:00,110.085,49.134158713487345,44.87203253551498,9,990.765,104.58075,115.58924999999999,2025-10-10 15:59:00,108.06,WEEK_END_CLOSE,-18.224999999999923,-1.8394876686196993
HLT,2025-10-09 00:00:00,2025-10-10 00:00:00,0.0329911615458946,4.0,2025-10-10 10:25:00,262.035,54.91491465803623,49.960224765669814,3,786.105,248.93325000000002,275.13675000000006,2025-10-10 15:59:00,259.54,WEEK_END_CLOSE,-7.485000000000014,-0.9521628790047143
TEL,2025-10-09 00:00:00,2025-10-10 00:00:00,0.0,1.0,2025-10-10 10:27:00,223.455,56.15274139866371,54.89851517311324,4,893.82,212.28225,234.62775000000002,2025-10-10 15:59:00,214.61,WEEK_END_CLOSE,-35.379999999999995,-3.958291378577339
APH,2025-10-09 00:00:00,2025-10-10 00:00:00,0.0508701472556894,6.0,2025-10-10 10:42:00,125.305,47.26318590784775,45.59325684762544,7,877.135,119.03975,131.57025000000002,2025-10-10 15:59:00,121.65,WEEK_END_CLOSE,-25.585000000000008,-2.916882805953469
FDX,2025-10-09 00:00:00,2025-10-10 00:00:00,0.0601187902690048,8.0,2025-10-10 11:13:00,233.87,40.745493909130865,39.590419592987736,4,935.48,222.1765,245.5635,2025-10-10 15:59:00,224.62,WEEK_END_CLOSE,-37.0,-3.955188780091501
ITW,2025-10-10 00:00:00,2025-10-13 00:00:00,0.0161290322580645,6.0,2025-10-13 09:46:00,245.46,50.812699628364,49.694606371323204,4,981.84,233.18699999999998,257.733,2025-10-17 15:59:00,249.4,WEEK_END_CLOSE,15.759999999999991,1.6051495151959472
CMCSA,2025-10-10 00:00:00,2025-10-13 00:00:00,0.0088402516480988,2.0,2025-10-13 09:47:00,29.545,52.24269642499572,49.03124932604774,33,974.985,28.06775,31.022250000000003,2025-10-17 15:59:00,29.525,WEEK_END_CLOSE,-0.6600000000001032,-0.06769334912846148
FDX,2025-10-10 00:00:00,2025-10-13 00:00:00,0.0010748504397164,1.0,2025-10-13 09:50:00,228.515,61.07648578029985,52.79849838557396,4,914.06,217.08924999999996,239.94075,2025-10-17 15:59:00,237.77,WEEK_END_CLOSE,37.020000000000095,4.050062359144935
KMI,2025-10-10 00:00:00,2025-10-13 00:00:00,0.0476741043102599,8.0,2025-10-13 09:50:00,27.1865,47.4522324357411,43.313811578956056,36,978.7139999999999,25.827174999999997,28.545825,2025-10-17 15:59:00,27.38,WEEK_END_CLOSE,6.966000000000008,0.711750317253057
SLB,2025-10-10 00:00:00,2025-10-13 00:00:00,0.0211372184312895,7.0,2025-10-13 09:50:00,31.79,48.95250780227627,41.65754678808849,31,985.49,30.200499999999998,33.3795,2025-10-17 15:59:00,32.65,WEEK_END_CLOSE,26.659999999999982,2.705253224284365
AON,2025-10-10 00:00:00,2025-10-13 00:00:00,0.0088888888888888,3.0,2025-10-13 09:59:00,357.85,48.078003365009884,45.413897528714145,2,715.7,339.9575,375.74250000000006,2025-10-16 09:51:00,339.9575,STOP_LOSS,-35.78500000000008,-5.000000000000016
PLD,2025-10-10 00:00:00,2025-10-13 00:00:00,0.0097087378640776,4.0,2025-10-13 10:03:00,112.44,58.095917155556464,54.91066285140141,8,899.52,106.818,118.062,2025-10-15 09:34:00,118.062,TAKE_PROFIT,44.976,5.000000000000004
AJG,2025-10-10 00:00:00,2025-10-13 00:00:00,0.0526315789473684,9.0,2025-10-13 10:14:00,300.045,43.586672684018474,42.323767949948014,3,900.135,285.04275,315.04725,2025-10-16 09:30:00,285.04275,STOP_LOSS,-45.00675000000001,-5.000000000000004
SO,2025-10-10 00:00:00,2025-10-13 00:00:00,0.0547020704915441,10.0,2025-10-13 10:16:00,97.565,49.2539788556121,48.615424091352686,10,975.65,92.68674999999999,102.44325,2025-10-17 15:59:00,97.79,WEEK_END_CLOSE,2.2500000000000853,0.2306154871111632
PH,2025-10-10 00:00:00,2025-10-13 00:00:00,0.0146396396396396,5.0,2025-10-13 10:39:00,730.685,53.10383106964476,51.139364638798824,1,730.685,694.1507499999999,767.21925,2025-10-17 15:59:00,733.67,WEEK_END_CLOSE,2.9850000000000136,0.40852077160473677
DLR,2025-10-13 00:00:00,2025-10-14 00:00:00,0.058083252662149,8.0,2025-10-14 09:50:00,170.27,51.04492306104729,50.83664191978126,5,851.35,161.7565,178.78350000000003,2025-10-17 15:59:00,172.73,WEEK_END_CLOSE,12.299999999999898,1.4447641980384063
TEL,2025-10-13 00:00:00,2025-10-14 00:00:00,0.0294117647058823,7.0,2025-10-14 09:51:00,217.595,48.37368069932041,46.764065949184186,4,870.38,206.71525,228.47475,2025-10-17 15:59:00,222.97,WEEK_END_CLOSE,21.5,2.4701854362462417
PFE,2025-10-13 00:00:00,2025-10-14 00:00:00,0.0714133322989196,10.0,2025-10-14 09:52:00,24.66,49.71888159792597,45.03612951811987,40,986.4,23.427,25.893,2025-10-17 15:59:00,24.5199,WEEK_END_CLOSE,-5.604000000000013,-0.5681265206812669
APH,2025-10-13 00:00:00,2025-10-14 00:00:00,0.0196579830589739,4.0,2025-10-14 09:53:00,121.78,47.21798080416755,46.901359630124894,8,974.24,115.691,127.869,2025-10-16 10:22:00,127.869,TAKE_PROFIT,48.71199999999999,5.000000000000004
SPGI,2025-10-13 00:00:00,2025-10-14 00:00:00,0.0245398773006134,6.0,2025-10-14 10:05:00,485.085,63.55617782912572,59.393363502219835,2,970.17,460.83074999999997,509.33925,2025-10-17 15:59:00,473.17,WEEK_END_CLOSE,-23.829999999999927,-2.456270550522066
MCO,2025-10-13 00:00:00,2025-10-14 00:00:00,0.0204081632653061,5.0,2025-10-14 10:10:00,479.61,61.42596829962495,55.88047034216034,2,959.22,455.6295,503.5905,2025-10-17 15:59:00,470.97,WEEK_END_CLOSE,-17.279999999999973,-1.8014636892475067
WM,2025-10-14 00:00:00,2025-10-15 00:00:00,0.0650784427658338,10.0,2025-10-15 09:46:00,216.6607,38.45578914961629,38.16026425739144,4,866.6428,205.827665,227.493735,2025-10-17 15:59:00,215.48,WEEK_END_CLOSE,-4.7228000000000065,-0.5449534687186008
MO,2025-10-14 00:00:00,2025-10-15 00:00:00,0.0619495299356754,9.0,2025-10-15 10:00:00,65.62,61.88029711562078,60.67441263865821,15,984.3000000000001,62.339,68.90100000000001,2025-10-17 15:59:00,65.04,WEEK_END_CLOSE,-8.699999999999974,-0.883876866808897
TMO,2025-10-14 00:00:00,2025-10-15 00:00:00,0.0411568409343715,7.0,2025-10-15 10:20:00,530.825,53.46187854373619,52.0577945641991,1,530.825,504.28375,557.36625,2025-10-17 15:59:00,538.47,WEEK_END_CLOSE,7.644999999999982,1.4402109923232764
APD,2025-10-14 00:00:00,2025-10-15 00:00:00,0.0351351351351351,6.0,2025-10-15 10:28:00,262.965,45.31408561540024,45.23154601375744,3,788.895,249.81674999999996,276.11325,2025-10-17 15:59:00,253.23,WEEK_END_CLOSE,-29.204999999999956,-3.7020135759511685
ECL,2025-10-14 00:00:00,2025-10-15 00:00:00,0.0084151472650771,4.0,2025-10-15 10:28:00,276.0665,63.132933732333115,57.714570662902744,3,828.1995000000001,262.263175,289.86982500000005,2025-10-17 15:59:00,276.89,WEEK_END_CLOSE,2.4704999999999018,0.29829769276603635
WELL,2025-10-15 00:00:00,2025-10-16 00:00:00,0.0181818181818181,5.0,2025-10-16 09:55:00,173.02,51.76289341366349,50.27653959959385,5,865.1,164.369,181.67100000000002,2025-10-17 15:59:00,175.11,WEEK_END_CLOSE,10.450000000000017,1.2079528378222237
JCI,2025-10-15 00:00:00,2025-10-16 00:00:00,0.0186781609195402,6.0,2025-10-16 09:58:00,110.335,45.56594859540805,45.4871139272883,9,993.015,104.81824999999999,115.85175,2025-10-17 15:59:00,108.84,WEEK_END_CLOSE,-13.454999999999913,-1.3549644265192229
TJX,2025-10-15 00:00:00,2025-10-16 00:00:00,0.0415300546448087,8.0,2025-10-16 10:00:00,143.52,47.88536153801737,41.95097966526451,6,861.1200000000001,136.344,150.69600000000003,2025-10-17 15:59:00,143.85,WEEK_END_CLOSE,1.9799999999999045,0.22993311036787478
CRH,2025-10-15 00:00:00,2025-10-16 00:00:00,0.0149094781682641,3.0,2025-10-16 10:03:00,117.76,41.53521168240506,39.625532343136555,8,942.08,111.872,123.64800000000001,2025-10-17 15:59:00,117.41,WEEK_END_CLOSE,-2.800000000000068,-0.2972146739130488
AJG,2025-10-15 00:00:00,2025-10-16 00:00:00,0.0434782608695652,9.0,2025-10-16 10:05:00,280.72,37.807894624433196,37.66074352660941,3,842.1600000000001,266.684,294.75600000000003,2025-10-17 15:59:00,280.63,WEEK_END_CLOSE,-0.2700000000000955,-0.03206041607296539
EMR,2025-10-15 00:00:00,2025-10-16 00:00:00,0.0458715596330275,10.0,2025-10-16 10:15:00,130.0,52.705769202945156,48.493361994444484,7,910.0,123.5,136.5,2025-10-17 15:59:00,129.31,WEEK_END_CLOSE,-4.829999999999984,-0.5307692307692236
ICE,2025-10-15 00:00:00,2025-10-16 00:00:00,0.0168195718654434,4.0,2025-10-16 10:29:00,155.73,43.46200293268358,41.587057231742754,6,934.3799999999999,147.94349999999997,163.5165,2025-10-17 15:59:00,153.575,WEEK_END_CLOSE,-12.930000000000007,-1.3838053040518883
EQIX,2025-10-16 00:00:00,2025-10-17 00:00:00,0.0434782608695652,4.0,2025-10-17 09:45:00,810.42,43.52652959479877,41.318191138962206,1,810.42,769.8989999999999,850.941,2025-10-17 15:59:00,813.86,WEEK_END_CLOSE,3.4400000000000546,0.4244712618148627
REGN,2025-10-16 00:00:00,2025-10-17 00:00:00,0.0607356715141146,9.0,2025-10-17 09:48:00,573.0,66.96880042514553,55.78455114445975,1,573.0,544.35,601.65,2025-10-17 15:59:00,578.25,WEEK_END_CLOSE,5.25,0.9162303664921545
QCOM,2025-10-16 00:00:00,2025-10-17 00:00:00,0.0557783273705188,8.0,2025-10-17 09:51:00,163.22,50.11787948716433,49.825103098935195,6,979.3199999999999,155.059,171.381,2025-10-17 15:59:00,163.441,WEEK_END_CLOSE,1.3260000000000218,0.1354000735203975
MDT,2025-10-16 00:00:00,2025-10-17 00:00:00,0.0339285714285714,2.0,2025-10-17 10:14:00,95.365,53.361234717450806,52.27286601790117,10,953.65,90.59674999999999,100.13325,2025-10-17 15:59:00,95.78,WEEK_END_CLOSE,4.1500000000000625,0.4351701357940607
BSX,2025-10-16 00:00:00,2025-10-17 00:00:00,0.0343915343915343,3.0,2025-10-17 10:27:00,98.93,63.12472209176467,60.866850634803036,10,989.3000000000001,93.9835,103.87650000000001,2025-10-17 15:59:00,99.24,WEEK_END_CLOSE,3.0999999999998806,0.3133528757707449
AFL,2025-10-17 00:00:00,2025-10-20 00:00:00,0.0067796610169491,3.0,2025-10-20 09:45:00,108.0,54.592790418516024,47.1426680004432,9,972.0,102.6,113.4,2025-10-24 15:59:00,107.17,WEEK_END_CLOSE,-7.469999999999985,-0.7685185185185128
EQIX,2025-10-17 00:00:00,2025-10-20 00:00:00,0.0,1.0,2025-10-20 09:46:00,820.89,59.33356637951891,56.472082788594626,1,820.89,779.8454999999999,861.9345000000001,2025-10-24 15:59:00,839.85,WEEK_END_CLOSE,18.960000000000036,2.3096882651756134
FDX,2025-10-17 00:00:00,2025-10-20 00:00:00,0.0468384074941452,8.0,2025-10-20 09:47:00,240.14,58.107766884304795,53.63529972400943,4,960.56,228.13299999999998,252.147,2025-10-24 15:59:00,241.17,WEEK_END_CLOSE,4.1200000000000045,0.42891646539517936
ROST,2025-10-17 00:00:00,2025-10-20 00:00:00,0.0049875311720698,2.0,2025-10-20 09:50:00,157.15,53.97510631028624,52.237326099460354,6,942.9000000000001,149.2925,165.00750000000002,2025-10-24 15:59:00,156.79,WEEK_END_CLOSE,-2.160000000000082,-0.22908049634108307
SPGI,2025-10-17 00:00:00,2025-10-20 00:00:00,0.0526315789473684,9.0,2025-10-20 09:56:00,473.93,48.37455211953635,48.30524776095456,2,947.86,450.2335,497.6265,2025-10-24 15:59:00,489.45,WEEK_END_CLOSE,31.039999999999964,3.274745215538166
CRH,2025-10-17 00:00:00,2025-10-20 00:00:00,0.0285714285714285,6.0,2025-10-20 10:02:00,117.235,52.332613532110805,49.404949350994855,8,937.88,111.37325,123.09675,2025-10-24 15:59:00,120.18,WEEK_END_CLOSE,23.56000000000006,2.512048449695059
DHR,2025-10-17 00:00:00,2025-10-20 00:00:00,0.0664804469273743,10.0,2025-10-20 10:07:00,209.7,51.253339147204905,50.92717637763545,4,838.8,199.21499999999997,220.185,2025-10-21 09:30:00,223.5,TAKE_PROFIT_GAP,55.200000000000045,6.580829756795437
CMCSA,2025-10-17 00:00:00,2025-10-20 00:00:00,0.0079268292682926,4.0,2025-10-20 10:13:00,29.505,54.44187909934285,50.817107430358,33,973.665,28.029749999999996,30.98025,2025-10-24 15:59:00,29.27,WEEK_END_CLOSE,-7.754999999999981,-0.7964751736993736
MCO,2025-10-17 00:00:00,2025-10-20 00:00:00,0.0273722627737226,5.0,2025-10-20 10:21:00,472.82,53.58643432956082,53.15184829608688,2,945.64,449.179,496.461,2025-10-24 15:59:00,490.83,WEEK_END_CLOSE,36.01999999999998,3.809060530434416
PH,2025-10-17 00:00:00,2025-10-20 00:00:00,0.0389610389610389,7.0,2025-10-20 10:40:00,743.25,58.37257372102798,55.30301595493921,1,743.25,706.0875,780.4125,2025-10-24 15:59:00,772.76,WEEK_END_CLOSE,29.50999999999999,3.9704002690884588
EMR,2025-10-20 00:00:00,2025-10-21 00:00:00,0.0261437908496732,3.0,2025-10-21 09:49:00,130.255,55.65656485529697,55.33675025456771,7,911.785,123.74224999999998,136.76775,2025-10-24 15:59:00,132.7,WEEK_END_CLOSE,17.114999999999952,1.8770872519288995
MDLZ,2025-10-20 00:00:00,2025-10-21 00:00:00,0.0483870967741935,5.0,2025-10-21 10:05:00,62.815,53.431186958217964,49.941726007477875,15,942.2249999999999,59.674249999999994,65.95575,2025-10-24 15:59:00,60.76,WEEK_END_CLOSE,-30.824999999999996,-3.2715115816285945
PFE,2025-10-20 00:00:00,2025-10-21 00:00:00,0.1167043618739903,10.0,2025-10-21 10:06:00,24.705,57.01101648133313,54.48743601355319,40,988.1999999999999,23.469749999999998,25.94025,2025-10-24 15:59:00,24.775,WEEK_END_CLOSE,2.8000000000000114,0.2833434527423684
CI,2025-10-20 00:00:00,2025-10-21 00:00:00,0.0563663814796175,7.0,2025-10-21 10:08:00,305.495,52.14851130898961,50.25039675060956,3,916.485,290.22024999999996,320.76975000000004,2025-10-24 15:59:00,301.74,WEEK_END_CLOSE,-11.264999999999986,-1.229152686623347
ETN,2025-10-20 00:00:00,2025-10-21 00:00:00,0.0989345509893455,9.0,2025-10-21 10:13:00,373.4,47.884398796383,45.97398676207879,2,746.8,354.72999999999996,392.07,2025-10-22 11:22:00,354.72999999999996,STOP_LOSS,-37.34000000000003,-5.000000000000004
AMGN,2025-10-20 00:00:00,2025-10-21 00:00:00,0.020800627943485,2.0,2025-10-21 10:20:00,299.24,48.021973254550204,45.76277451624143,3,897.72,284.278,314.202,2025-10-24 15:59:00,291.85,WEEK_END_CLOSE,-22.16999999999996,-2.469589627055202
SNPS,2025-10-21 00:00:00,2025-10-22 00:00:00,0.1413489736070381,6.0,2025-10-22 09:46:00,461.23,64.21151426338733,63.92068874519578,2,922.46,438.1685,484.29150000000004,2025-10-24 15:59:00,464.18,WEEK_END_CLOSE,5.899999999999977,0.6395941287427043
CSX,2025-10-21 00:00:00,2025-10-22 00:00:00,0.0256983240223463,2.0,2025-10-22 09:48:00,36.205,54.842091307496254,52.83905693510986,27,977.535,34.394749999999995,38.01525,2025-10-24 15:59:00,36.13,WEEK_END_CLOSE,-2.024999999999885,-0.20715370805136635
NSC,2025-10-21 00:00:00,2025-10-22 00:00:00,0.0898203592814371,3.0,2025-10-22 09:48:00,290.7,52.383428061311946,49.55934812968401,3,872.0999999999999,276.16499999999996,305.235,2025-10-24 15:59:00,280.39,WEEK_END_CLOSE,-30.930000000000007,-3.546611627106988
REGN,2025-10-21 00:00:00,2025-10-22 00:00:00,0.196,8.0,2025-10-22 09:50:00,580.855,53.23772196429065,52.5675937919535,1,580.855,551.81225,609.8977500000001,2025-10-24 15:59:00,578.09,WEEK_END_CLOSE,-2.7649999999999864,-0.47602241523271305
TMUS,2025-10-21 00:00:00,2025-10-22 00:00:00,0.1537484116899618,7.0,2025-10-22 09:55:00,223.65,45.51402579421604,42.66129910462793,4,894.6,212.4675,234.8325,2025-10-24 15:59:00,217.77,WEEK_END_CLOSE,-23.519999999999982,-2.6291079812206575
QCOM,2025-10-21 00:00:00,2025-10-22 00:00:00,0.1321476381717345,4.0,2025-10-22 10:00:00,166.81,50.347533586984916,50.09720365921528,5,834.05,158.46949999999998,175.15050000000002,2025-10-24 15:59:00,168.951,WEEK_END_CLOSE,10.704999999999956,1.2834961932737698
JPM,2025-10-21 00:00:00,2025-10-22 00:00:00,0.2044504907200466,10.0,2025-10-22 10:01:00,296.565,45.54646997338022,41.53611149286873,3,889.6949999999999,281.73675,311.39325,2025-10-24 15:59:00,300.51,WEEK_END_CLOSE,11.83499999999998,1.3302311466288907
KKR,2025-10-22 00:00:00,2025-10-23 00:00:00,0.0498090940645609,3.0,2025-10-23 09:48:00,123.525,52.563622302380494,51.19848759425152,8,988.2,117.34875,129.70125000000002,2025-10-24 15:59:00,121.2899,WEEK_END_CLOSE,-17.880800000000022,-1.8094312892127151
MRK,2025-10-22 00:00:00,2025-10-23 00:00:00,0.0796434169278996,6.0,2025-10-23 09:48:00,87.76,49.56206348556558,46.463434341862076,11,965.36,83.372,92.14800000000001,2025-10-24 15:59:00,87.47,WEEK_END_CLOSE,-3.190000000000069,-0.330446672743856
EOG,2025-10-22 00:00:00,2025-10-23 00:00:00,0.1122931442080378,9.0,2025-10-23 09:49:00,108.5,62.364469367006414,60.40960109382,9,976.5,103.07499999999999,113.92500000000001,2025-10-24 15:59:00,106.38,WEEK_END_CLOSE,-19.08000000000004,-1.953917050691245
TFC,2025-10-22 00:00:00,2025-10-23 00:00:00,0.1341991341991342,10.0,2025-10-23 09:50:00,43.58,49.67394546498336,49.65215426423735,22,958.76,41.400999999999996,45.759,2025-10-24 15:59:00,44.2,WEEK_END_CLOSE,13.6400000000001,1.4226709499770562
ABBV,2025-10-22 00:00:00,2025-10-23 00:00:00,0.0709745762711864,5.0,2025-10-23 09:59:00,228.16,45.31868333721652,44.37260742884908,4,912.64,216.75199999999998,239.568,2025-10-24 15:59:00,228.0,WEEK_END_CLOSE,-0.6399999999999864,-0.07012622720897754
MO,2025-10-22 00:00:00,2025-10-23 00:00:00,0.0827175208581644,7.0,2025-10-23 10:02:00,64.36,54.612280588850545,50.14578989056696,15,965.4,61.141999999999996,67.578,2025-10-24 15:59:00,64.67,WEEK_END_CLOSE,4.650000000000034,0.48166563082661096
LOW,2025-10-23 00:00:00,2025-10-24 00:00:00,0.0761865112406328,5.0,2025-10-24 09:50:00,245.34,54.07588250186252,52.51319258523302,4,981.36,233.07299999999998,257.607,2025-10-24 15:59:00,242.72,WEEK_END_CLOSE,-10.480000000000018,-1.0679057634303435
MDT,2025-10-23 00:00:00,2025-10-24 00:00:00,0.0984427141268075,8.0,2025-10-24 10:00:00,94.51,52.632403288044465,48.799515838102,10,945.1,89.7845,99.23550000000002,2025-10-24 15:59:00,93.67,WEEK_END_CLOSE,-8.400000000000034,-0.8887948365252418
SO,2025-10-23 00:00:00,2025-10-24 00:00:00,0.0940860215053763,7.0,2025-10-24 10:05:00,96.19,49.48982326780577,42.156288266451845,10,961.9,91.3805,100.9995,2025-10-24 15:59:00,95.87,WEEK_END_CLOSE,-3.199999999999932,-0.33267491423224493
WFC,2025-10-23 00:00:00,2025-10-24 00:00:00,0.1185179937659393,10.0,2025-10-24 10:07:00,86.01,62.206467698735814,62.11415036555831,11,946.11,81.7095,90.3105,2025-10-24 15:59:00,86.41,WEEK_END_CLOSE,4.399999999999906,0.46506220206952165
KMI,2025-10-23 00:00:00,2025-10-24 00:00:00,0.0239255981399535,2.0,2025-10-24 10:53:00,26.135,45.6813529018237,45.04745955820502,38,993.1300000000001,24.82825,27.441750000000003,2025-10-24 15:59:00,25.865,WEEK_END_CLOSE,-10.260000000000119,-1.033097378993697
DHR,2025-10-24 00:00:00,2025-10-27 00:00:00,0.1017811704834605,6.0,2025-10-27 09:47:00,223.23,51.716799570845986,50.49577146422608,4,892.92,212.06849999999997,234.3915,2025-10-31 15:59:00,215.38,WEEK_END_CLOSE,-31.399999999999977,-3.5165524347085975
MRK,2025-10-24 00:00:00,2025-10-27 00:00:00,0.1294170103667372,9.0,2025-10-27 09:47:00,87.44,51.24305061732678,48.54364422884459,11,961.8399999999999,83.068,91.812,2025-10-31 15:59:00,85.98,WEEK_END_CLOSE,-16.05999999999993,-1.6697163769441858
TJX,2025-10-24 00:00:00,2025-10-27 00:00:00,0.0876002467612584,4.0,2025-10-27 09:50:00,142.385,48.71345110254865,46.30978203603925,7,996.6949999999999,135.26575,149.50424999999998,2025-10-31 15:59:00,140.13,WEEK_END_CLOSE,-15.784999999999968,-1.5837342416687106
NEE,2025-10-24 00:00:00,2025-10-27 00:00:00,0.1059479553903345,7.0,2025-10-27 09:51:00,84.54,58.01505810997319,54.209582656545635,11,929.94,80.313,88.76700000000001,2025-10-31 15:59:00,81.41,WEEK_END_CLOSE,-34.430000000000106,-3.702389401466777
WMB,2025-10-24 00:00:00,2025-10-27 00:00:00,0.1325301204819277,10.0,2025-10-27 09:51:00,57.69,57.80146747099672,54.509263911474974,17,980.73,54.805499999999995,60.5745,2025-10-31 15:59:00,57.88,WEEK_END_CLOSE,3.230000000000082,0.32934650719362857
BRK.B,2025-10-24 00:00:00,2025-10-27 00:00:00,0.1222594789785917,8.0,2025-10-27 09:57:00,489.29,44.714757092367506,41.92949112361547,2,978.58,464.8255,513.7545,2025-10-31 15:59:00,477.89,WEEK_END_CLOSE,-22.800000000000068,-2.3299065993582557
CMCSA,2025-10-24 00:00:00,2025-10-27 00:00:00,0.0062408223201174,2.0,2025-10-27 09:57:00,29.605,54.19196193224908,52.55940884490272,33,976.965,28.12475,31.085250000000002,2025-10-30 09:30:00,26.09,STOP_LOSS_GAP,-115.99500000000002,-11.872994426617122
FDX,2025-10-24 00:00:00,2025-10-27 00:00:00,0.0029899429192715,1.0,2025-10-27 09:57:00,245.46,53.56063001425471,51.28775327038348,4,981.84,233.18699999999998,257.733,2025-10-31 15:59:00,253.93,WEEK_END_CLOSE,33.879999999999995,3.450664059317199
KKR,2025-10-24 00:00:00,2025-10-27 00:00:00,0.0729613733905579,3.0,2025-10-27 10:19:00,123.2,52.14169483290663,48.00529652564771,8,985.6,117.03999999999999,129.36,2025-10-31 09:30:00,116.95,STOP_LOSS_GAP,-50.0,-5.073051948051943
WBD,2025-10-24 00:00:00,2025-10-27 00:00:00,0.0949861263470349,5.0,2025-10-27 10:32:00,21.145,49.86552551913998,48.75056276398554,47,993.8149999999999,20.08775,22.20225,2025-10-31 09:30:00,22.20225,TAKE_PROFIT,49.690749999999994,5.000000000000004
ISRG,2025-10-27 00:00:00,2025-10-28 00:00:00,0.1264559068219634,5.0,2025-10-28 09:46:00,551.2,59.95366196630265,56.64734684205936,1,551.2,523.64,578.7600000000001,2025-10-31 15:59:00,534.29,WEEK_END_CLOSE,-16.910000000000082,-3.0678519593614118
KMI,2025-10-27 00:00:00,2025-10-28 00:00:00,0.0922442941673711,4.0,2025-10-28 09:54:00,25.935,46.01461168538032,45.036570186039,38,985.53,24.63825,27.231749999999998,2025-10-31 15:59:00,26.19,WEEK_END_CLOSE,9.690000000000097,0.9832272990167867
HON,2025-10-27 00:00:00,2025-10-28 00:00:00,0.1384358009201171,6.0,2025-10-28 09:55:00,202.0782,49.36907010595653,48.82868128770596,4,808.3128,191.97429,212.18211000000002,2025-10-31 15:59:00,201.35,WEEK_END_CLOSE,-2.912800000000061,-0.36035554552644733
HPE,2025-10-27 00:00:00,2025-10-28 00:00:00,0.0119565217391304,1.0,2025-10-28 10:03:00,23.82,48.41893672086364,48.28810390832804,41,976.62,22.628999999999998,25.011000000000003,2025-10-31 15:59:00,24.42,WEEK_END_CLOSE,24.60000000000006,2.518891687657443
SO,2025-10-27 00:00:00,2025-10-28 00:00:00,0.024,2.0,2025-10-28 10:04:00,94.905,58.183902478848175,49.9129430070445,10,949.05,90.15975,99.65025,2025-10-31 15:59:00,94.055,WEEK_END_CLOSE,-8.499999999999943,-0.8956324745798327
BSX,2025-10-28 00:00:00,2025-10-29 00:00:00,0.068230277185501,7.0,2025-10-29 09:50:00,100.13,40.19793610556543,40.00607902645821,9,901.17,95.12349999999999,105.1365,2025-10-31 15:59:00,100.73,WEEK_END_CLOSE,5.400000000000077,0.5992210126835262
AFL,2025-10-28 00:00:00,2025-10-29 00:00:00,0.0769230769230769,9.0,2025-10-29 09:57:00,106.15,48.27252412016806,47.05957940853452,9,955.35,100.8425,111.45750000000001,2025-10-31 15:59:00,107.2,WEEK_END_CLOSE,9.449999999999974,0.9891662741403628
BX,2025-10-28 00:00:00,2025-10-29 00:00:00,0.0768543342269883,8.0,2025-10-29 10:04:00,150.66,43.66544077160271,43.29898950656957,6,903.96,143.12699999999998,158.193,2025-10-31 15:59:00,146.63,WEEK_END_CLOSE,-24.180000000000007,-2.6748971193415683
AMGN,2025-10-28 00:00:00,2025-10-29 00:00:00,0.0527823240589198,6.0,2025-10-29 10:08:00,292.27,60.49060265144426,55.90638212078394,3,876.81,277.6565,306.88349999999997,2025-10-31 15:59:00,298.4,WEEK_END_CLOSE,18.389999999999986,2.0973757142368266
CRH,2025-10-29 00:00:00,2025-10-30 00:00:00,0.0588235294117647,7.0,2025-10-30 09:48:00,117.64,53.892410021938936,46.55537710095682,8,941.12,111.758,123.522,2025-10-31 15:59:00,119.1,WEEK_END_CLOSE,11.67999999999995,1.2410744644678617
CTAS,2025-10-29 00:00:00,2025-10-30 00:00:00,0.0344827586206896,4.0,2025-10-30 09:48:00,184.43,49.659398428364014,49.371809294392634,5,922.1500000000001,175.2085,193.65150000000003,2025-10-31 15:59:00,183.27,WEEK_END_CLOSE,-5.799999999999983,-0.6289649189394342
EMR,2025-10-29 00:00:00,2025-10-30 00:00:00,0.0519480519480519,5.0,2025-10-30 10:08:00,137.42,55.63701919943646,55.422109121008965,7,961.9399999999999,130.54899999999998,144.291,2025-10-31 15:59:00,139.56,WEEK_END_CLOSE,14.980000000000103,1.5572696841799072
SPGI,2025-10-29 00:00:00,2025-10-30 00:00:00,0.0568965517241379,6.0,2025-10-30 10:10:00,496.5941,60.22661940555028,59.830993089152614,2,993.1882,471.764395,521.423805,2025-10-31 15:59:00,487.08,WEEK_END_CLOSE,-19.028200000000083,-1.9158705268548348
ADP,2025-10-29 00:00:00,2025-10-30 00:00:00,0.0911411794740873,10.0,2025-10-30 10:16:00,261.23,49.94432145175113,49.65082828481692,3,783.69,248.1685,274.29150000000004,2025-10-31 15:59:00,260.28,WEEK_END_CLOSE,-2.8500000000001364,-0.36366420395821386
DLR,2025-10-29 00:00:00,2025-10-30 00:00:00,0.0890052356020942,9.0,2025-10-30 10:17:00,170.95,57.502063007067775,53.60427659726067,5,854.75,162.40249999999997,179.4975,2025-10-31 15:59:00,170.52,WEEK_END_CLOSE,-2.149999999999892,-0.2515355367066263
RTX,2025-10-30 00:00:00,2025-10-31 00:00:00,0.0158687896054103,2.0,2025-10-31 09:47:00,177.2275,44.1094868302123,40.90541086588189,5,886.1374999999999,168.36612499999998,186.088875,2025-10-31 15:59:00,178.59,WEEK_END_CLOSE,6.812500000000057,0.7687858825520921
ADI,2025-10-30 00:00:00,2025-10-31 00:00:00,0.1023622047244094,8.0,2025-10-31 10:07:00,234.81,53.153342678146466,52.96974812967223,4,939.24,223.0695,246.5505,2025-10-31 15:59:00,234.13,WEEK_END_CLOSE,-2.7200000000000273,-0.28959584344789846
MDT,2025-10-30 00:00:00,2025-10-31 00:00:00,0.0392670157068062,3.0,2025-10-31 10:09:00,91.04,54.38432759363886,48.39634861013868,10,910.4000000000001,86.488,95.59200000000001,2025-10-31 15:59:00,90.7,WEEK_END_CLOSE,-3.400000000000034,-0.3734622144112465
CMCSA,2025-10-30 00:00:00,2025-10-31 00:00:00,0.0744332646381379,5.0,2025-10-31 10:11:00,27.059,45.52831909690117,45.471477952467964,36,974.124,25.70605,28.41195,2025-10-31 15:59:00,27.84,WEEK_END_CLOSE,28.115999999999957,2.8862855242248298
DASH,2025-10-30 00:00:00,2025-10-31 00:00:00,0.0479677226539151,4.0,2025-10-31 10:13:00,259.2,58.78041825238411,56.60276448796712,3,777.5999999999999,246.23999999999998,272.16,2025-10-31 15:59:00,254.36,WEEK_END_CLOSE,-14.519999999999925,-1.8672839506172711
PFE,2025-10-30 00:00:00,2025-10-31 00:00:00,0.0969076588311011,7.0,2025-10-31 10:31:00,24.4993,52.07631256379395,51.62715864589129,40,979.9720000000001,23.274335,25.724265000000003,2025-10-31 15:59:00,24.65,WEEK_END_CLOSE,6.027999999999878,0.6151196156624739
T,2025-10-30 00:00:00,2025-10-31 00:00:00,0.1184003771213073,9.0,2025-10-31 10:51:00,24.905,57.24053438320683,56.82111006043469,40,996.2,23.65975,26.150250000000003,2025-10-31 15:59:00,24.73,WEEK_END_CLOSE,-7.000000000000028,-0.7026701465569163
DHR,2025-10-31 00:00:00,2025-11-03 00:00:00,0.0634146341463414,4.0,2025-11-03 09:46:00,213.59,45.026275339113944,43.665239776958636,4,854.36,202.91049999999998,224.26950000000002,2025-11-07 15:59:00,209.95,WEEK_END_CLOSE,-14.56000000000006,-1.704199634814374
EMR,2025-10-31 00:00:00,2025-11-03 00:00:00,0.0952380952380952,6.0,2025-11-03 09:55:00,138.71,49.81524102872908,48.37004698384616,7,970.97,131.7745,145.64550000000003,2025-11-05 09:30:00,129.49,STOP_LOSS_GAP,-64.53999999999999,-6.646961286136543
CME,2025-10-31 00:00:00,2025-11-03 00:00:00,0.0454545454545454,3.0,2025-11-03 09:59:00,262.19,41.53924130924368,40.832295529607826,3,786.5699999999999,249.08049999999997,275.2995,2025-11-07 09:33:00,275.2995,TAKE_PROFIT,39.328500000000076,5.000000000000004
BSX,2025-10-31 00:00:00,2025-11-03 00:00:00,0.0654205607476635,5.0,2025-11-03 10:00:00,99.12,45.04848368178693,41.832376594447005,10,991.2,94.164,104.07600000000001,2025-11-07 15:59:00,100.0,WEEK_END_CLOSE,8.799999999999955,0.8878127522195189
T,2025-10-31 00:00:00,2025-11-03 00:00:00,0.1281776826331281,8.0,2025-11-03 10:00:00,24.2161,39.90917591150622,34.265255785956754,41,992.8601,23.005295,25.426905,2025-11-07 15:59:00,24.83,WEEK_END_CLOSE,25.169899999999895,2.535090291169917
FDX,2025-10-31 00:00:00,2025-11-03 00:00:00,0.0028885037550548,1.0,2025-11-03 10:01:00,251.885,47.864316093685005,45.969051074459806,3,755.655,239.29074999999997,264.47925,2025-11-07 15:59:00,262.1,WEEK_END_CLOSE,30.645000000000095,4.055422117236063
SO,2025-10-31 00:00:00,2025-11-03 00:00:00,0.096629213483146,7.0,2025-11-03 10:03:00,92.52,44.26745180989993,38.727606155544464,10,925.1999999999999,87.89399999999999,97.146,2025-11-07 15:59:00,91.44,WEEK_END_CLOSE,-10.799999999999983,-1.1673151750972721
PGR,2025-10-31 00:00:00,2025-11-03 00:00:00,0.131578947368421,9.0,2025-11-03 10:06:00,201.24,36.94727699484624,36.094008717089615,4,804.96,191.178,211.30200000000002,2025-11-05 09:31:00,211.30200000000002,TAKE_PROFIT,40.24800000000005,5.000000000000004
HPE,2025-10-31 00:00:00,2025-11-03 00:00:00,0.037108744756373,2.0,2025-11-03 10:08:00,24.585,53.36755194817881,52.241240044805295,40,983.4000000000001,23.35575,25.81425,2025-11-06 10:42:00,23.35575,STOP_LOSS,-49.170000000000016,-5.000000000000004
ETN,2025-10-31 00:00:00,2025-11-03 00:00:00,0.136986301369863,10.0,2025-11-03 10:19:00,380.59,45.8924457826472,45.66564114970435,2,761.18,361.56049999999993,399.6195,2025-11-04 09:30:00,360.63,STOP_LOSS_GAP,-39.91999999999996,-5.244488819990012
LIN,2025-11-03 00:00:00,2025-11-04 00:00:00,0.0411764705882352,4.0,2025-11-04 09:46:00,416.425,58.487489962583254,54.28678444204254,2,832.85,395.60375,437.24625000000003,2025-11-07 15:59:00,420.5,WEEK_END_CLOSE,8.149999999999977,0.9785675691901252
USB,2025-11-03 00:00:00,2025-11-04 00:00:00,0.1012929767962893,7.0,2025-11-04 09:46:00,46.46,52.02641365955346,49.562503334352776,21,975.66,44.137,48.783,2025-11-07 15:59:00,47.315,WEEK_END_CLOSE,17.954999999999934,1.8402927249246526
NSC,2025-11-03 00:00:00,2025-11-04 00:00:00,0.1032608695652173,8.0,2025-11-04 09:47:00,281.31,45.510709280222166,43.15896616877872,3,843.9300000000001,267.2445,295.3755,2025-11-07 15:59:00,284.25,WEEK_END_CLOSE,8.819999999999993,1.045110376453029
CSCO,2025-11-03 00:00:00,2025-11-04 00:00:00,0.1295974674246876,10.0,2025-11-04 09:48:00,73.4,48.74918836635527,47.79121099650075,13,954.2,69.73,77.07000000000001,2025-11-07 15:59:00,71.08,WEEK_END_CLOSE,-30.160000000000096,-3.160762942779305
CMCSA,2025-11-03 00:00:00,2025-11-04 00:00:00,0.0887449108398295,6.0,2025-11-04 09:51:00,27.125,57.110671594162824,51.079900218330266,36,976.5,25.768749999999997,28.481250000000003,2025-11-07 15:59:00,27.345,WEEK_END_CLOSE,7.919999999999959,0.8110599078340996
PCAR,2025-11-03 00:00:00,2025-11-04 00:00:00,0.0520951302378255,5.0,2025-11-04 09:54:00,96.38,34.754503881470086,34.70384909575338,10,963.8,91.56099999999999,101.199,2025-11-06 09:31:00,101.199,TAKE_PROFIT,48.190000000000026,5.000000000000004
AJG,2025-11-03 00:00:00,2025-11-04 00:00:00,0.0390243902439024,3.0,2025-11-04 09:55:00,245.25,61.086643517267596,57.37172478420526,4,981.0,232.98749999999998,257.5125,2025-11-07 15:59:00,250.0,WEEK_END_CLOSE,19.0,1.9367991845055998
DUK,2025-11-03 00:00:00,2025-11-04 00:00:00,0.1242840778923253,9.0,2025-11-04 09:56:00,124.07,54.091029034829134,53.816263214725424,8,992.56,117.86649999999999,130.27349999999998,2025-11-07 15:59:00,123.64,WEEK_END_CLOSE,-3.439999999999941,-0.34657854437011304
JCI,2025-11-03 00:00:00,2025-11-04 00:00:00,0.0300965360590573,2.0,2025-11-04 09:58:00,111.765,43.4345052674472,39.555023119341165,8,894.12,106.17675,117.35325,2025-11-05 09:30:00,120.925,TAKE_PROFIT_GAP,73.27999999999997,8.195767905873929
AMT,2025-11-04 00:00:00,2025-11-05 00:00:00,0.0189155107187894,1.0,2025-11-05 09:53:00,181.18,52.43017657436777,52.18747315461512,5,905.9000000000001,172.121,190.239,2025-11-07 15:59:00,177.92,WEEK_END_CLOSE,-16.300000000000097,-1.799315597748108
AON,2025-11-04 00:00:00,2025-11-05 00:00:00,0.1,8.0,2025-11-05 10:04:00,344.365,56.179107606554716,55.65051414852343,2,688.73,327.14675,361.58325,2025-11-07 15:59:00,346.37,WEEK_END_CLOSE,4.009999999999991,0.5822310629709726
APD,2025-11-04 00:00:00,2025-11-05 00:00:00,0.0960365853658536,7.0,2025-11-05 10:04:00,239.555,48.81660757011528,47.87374074359601,4,958.22,227.57725,251.53275000000002,2025-11-06 09:30:00,251.53275000000002,TAKE_PROFIT,47.91100000000006,5.000000000000004
PM,2025-11-04 00:00:00,2025-11-05 00:00:00,0.1171066672943726,9.0,2025-11-05 10:07:00,148.42,56.33163870383721,56.27520195153784,6,890.52,140.999,155.84099999999998,2025-11-07 15:59:00,153.4,WEEK_END_CLOSE,29.88000000000011,3.3553429456946615
MSI,2025-11-04 00:00:00,2025-11-05 00:00:00,0.0730994152046783,6.0,2025-11-05 10:15:00,392.6,50.05390506681462,47.20248617638812,2,785.2,372.97,412.23,2025-11-07 15:59:00,390.685,WEEK_END_CLOSE,-3.830000000000041,-0.48777381558838817
HLT,2025-11-04 00:00:00,2025-11-05 00:00:00,0.1214337046352856,10.0,2025-11-05 10:20:00,261.38,58.52108345272293,57.02232918311785,3,784.14,248.31099999999998,274.449,2025-11-07 15:59:00,273.35,WEEK_END_CLOSE,35.91000000000008,4.57953936797002
ICE,2025-11-04 00:00:00,2025-11-05 00:00:00,0.06,5.0,2025-11-05 10:59:00,148.15,48.819003293107144,48.09609105733905,6,888.9000000000001,140.7425,155.5575,2025-11-07 15:59:00,149.01,WEEK_END_CLOSE,5.159999999999911,0.5804927438406882
KMI,2025-11-05 00:00:00,2025-11-06 00:00:00,0.0442279740026135,4.0,2025-11-06 09:56:00,26.159,54.43309248842292,50.531402568339296,38,994.0419999999999,24.851049999999997,27.46695,2025-11-07 15:59:00,26.56,WEEK_END_CLOSE,15.237999999999992,1.5329332161015286
RSG,2025-11-05 00:00:00,2025-11-06 00:00:00,0.054054054054054,6.0,2025-11-06 10:02:00,204.08,42.91802222047102,37.333737557613276,4,816.32,193.876,214.28400000000002,2025-11-07 15:59:00,205.64,WEEK_END_CLOSE,6.239999999999895,0.7644061152489057
BX,2025-11-05 00:00:00,2025-11-06 00:00:00,0.1227415038125536,9.0,2025-11-06 10:11:00,143.5,52.151575186822896,49.47310370612579,6,861.0,136.325,150.675,2025-11-07 15:59:00,145.97,WEEK_END_CLOSE,14.819999999999993,1.721254355400692
ECL,2025-11-06 00:00:00,2025-11-07 00:00:00,0.0833333333333333,7.0,2025-11-07 09:45:00,253.63,49.34906547746548,46.547612216754175,3,760.89,240.9485,266.3115,2025-11-07 15:59:00,256.13,WEEK_END_CLOSE,7.5,0.985687812955871
GD,2025-11-06 00:00:00,2025-11-07 00:00:00,0.0921434689060182,9.0,2025-11-07 09:45:00,341.12,55.24893502874599,50.904917076672064,2,682.24,324.06399999999996,358.17600000000004,2025-11-07 15:59:00,346.41,WEEK_END_CLOSE,10.580000000000041,1.5507739212007543
ADP,2025-11-06 00:00:00,2025-11-07 00:00:00,0.0829895847592489,6.0,2025-11-07 09:48:00,254.175,58.727040572712774,57.555101831709294,3,762.5250000000001,241.46625,266.88375,2025-11-07 15:59:00,254.26,WEEK_END_CLOSE,0.2549999999999386,0.033441526507327346
TT,2025-11-06 00:00:00,2025-11-07 00:00:00,0.0166270783847981,1.0,2025-11-07 09:56:00,427.835,44.32860985193914,43.11932407742825,2,855.67,406.44325,449.22675,2025-11-07 15:59:00,434.37,WEEK_END_CLOSE,13.07000000000005,1.5274580153563866
SYK,2025-11-06 00:00:00,2025-11-07 00:00:00,0.0663265306122449,3.0,2025-11-07 10:03:00,356.635,60.15149515349939,53.438620943518046,2,713.27,338.80325,374.46675,2025-11-07 15:59:00,356.06,WEEK_END_CLOSE,-1.1499999999999773,-0.16122926801912518
MO,2025-11-06 00:00:00,2025-11-07 00:00:00,0.0749766517832097,4.0,2025-11-07 10:06:00,57.455,54.10544603260088,48.8435527196125,17,976.735,54.582249999999995,60.32775,2025-11-07 15:59:00,58.02,WEEK_END_CLOSE,9.605000000000082,0.9833782960577908
ACN,2025-11-06 00:00:00,2025-11-07 00:00:00,0.0799516323952714,5.0,2025-11-07 10:07:00,242.33,51.4193418827569,43.03566306634997,4,969.32,230.2135,254.44650000000001,2025-11-07 15:59:00,245.78,WEEK_END_CLOSE,13.799999999999955,1.4236784549993775
SHW,2025-11-06 00:00:00,2025-11-07 00:00:00,0.0884955752212389,8.0,2025-11-07 10:21:00,339.175,56.01648955007925,55.51006802477465,2,678.35,322.21625,356.13375,2025-11-07 15:59:00,340.24,WEEK_END_CLOSE,2.1299999999999955,0.31399719908602464
BSX,2025-11-07 00:00:00,2025-11-10 00:00:00,0.0650454899684093,7.0,2025-11-10 09:45:00,99.54,48.63947315448643,44.39574626632644,10,995.4000000000001,94.563,104.51700000000001,2025-11-12 15:35:00,104.51700000000001,TAKE_PROFIT,49.77000000000004,5.000000000000004
CMCSA,2025-11-07 00:00:00,2025-11-10 00:00:00,0.0939140212864298,10.0,2025-11-10 09:45:00,27.3799,55.228012561205034,53.39463751848799,36,985.6764,26.010904999999998,28.748895,2025-11-14 15:59:00,27.51,WEEK_END_CLOSE,4.683600000000084,0.47516608899229595
ROST,2025-11-07 00:00:00,2025-11-10 00:00:00,0.0910334584115071,9.0,2025-11-10 09:45:00,160.905,48.144152157702145,47.350853473792476,6,965.4300000000001,152.85975,168.95025,2025-11-14 15:59:00,160.57,WEEK_END_CLOSE,-2.0100000000000477,-0.20819738354930228
SYK,2025-11-07 00:00:00,2025-11-10 00:00:00,0.0158371040723981,3.0,2025-11-10 09:45:00,353.62,48.20749847612625,43.56856305032771,2,707.24,335.93899999999996,371.30100000000004,2025-11-13 09:47:00,371.30100000000004,TAKE_PROFIT,35.36200000000008,5.000000000000004
KMI,2025-11-07 00:00:00,2025-11-10 00:00:00,0.0588377780374864,6.0,2025-11-10 09:47:00,26.585,52.73363600150769,49.18752183838983,37,983.645,25.25575,27.914250000000003,2025-11-14 15:59:00,27.42,WEEK_END_CLOSE,30.89500000000003,3.1408689110400623
FDX,2025-11-07 00:00:00,2025-11-10 00:00:00,0.011187573640606,1.0,2025-11-10 09:51:00,258.62,48.3820713470031,40.08971327554647,3,775.86,245.689,271.55100000000004,2025-11-12 10:04:00,271.55100000000004,TAKE_PROFIT,38.79300000000012,5.000000000000004
MCO,2025-11-07 00:00:00,2025-11-10 00:00:00,0.0253164556962025,4.0,2025-11-10 09:55:00,484.1,50.385628675420975,46.52840019244497,2,968.2,459.895,508.30500000000006,2025-11-14 15:59:00,479.36,WEEK_END_CLOSE,-9.480000000000018,-0.9791365420367737
JCI,2025-11-07 00:00:00,2025-11-10 00:00:00,0.0457809694793536,5.0,2025-11-10 10:04:00,122.64,49.912042363546334,49.51694584446292,8,981.12,116.508,128.77200000000002,2025-11-14 15:59:00,118.725,WEEK_END_CLOSE,-31.32000000000005,-3.192270058708424
AON,2025-11-07 00:00:00,2025-11-10 00:00:00,0.0707964601769911,8.0,2025-11-10 10:10:00,344.19,59.3723372521316,50.541501190476694,2,688.38,326.9805,361.3995,2025-11-14 15:59:00,350.14,WEEK_END_CLOSE,11.899999999999977,1.7286963595688487
MSI,2025-11-07 00:00:00,2025-11-10 00:00:00,0.0131578947368421,2.0,2025-11-10 10:18:00,392.555,54.34989112152879,53.494068701315506,2,785.11,372.92725,412.18275,2025-11-14 15:59:00,379.88,WEEK_END_CLOSE,-25.350000000000023,-3.2288469131714015
SPGI,2025-11-10 00:00:00,2025-11-11 00:00:00,0.0972915236133364,6.0,2025-11-11 09:46:00,496.36,60.83712913713296,59.80500672332403,2,992.72,471.542,521.178,2025-11-14 15:59:00,493.89,WEEK_END_CLOSE,-4.940000000000055,-0.4976226932065453
PNC,2025-11-10 00:00:00,2025-11-11 00:00:00,0.1060074690527193,7.0,2025-11-11 09:47:00,184.98,47.76472335773342,45.27582003100536,5,924.9,175.731,194.22899999999998,2025-11-14 15:59:00,184.04,WEEK_END_CLOSE,-4.699999999999989,-0.5081630446534757
ITW,2025-11-10 00:00:00,2025-11-11 00:00:00,0.2,10.0,2025-11-11 09:48:00,245.055,56.162027088621215,49.6901895953224,4,980.22,232.80225,257.30775,2025-11-14 15:59:00,244.08,WEEK_END_CLOSE,-3.8999999999999773,-0.39786986594846363
LIN,2025-11-10 00:00:00,2025-11-11 00:00:00,0.1421319796954314,8.0,2025-11-11 09:49:00,424.3345,61.152385575053216,60.54602939771699,2,848.669,403.117775,445.551225,2025-11-14 15:59:00,423.27,WEEK_END_CLOSE,-2.129000000000019,-0.25086341082329877
DUK,2025-11-10 00:00:00,2025-11-11 00:00:00,0.1664684898929845,9.0,2025-11-11 09:50:00,122.86,47.33689933594223,44.32594536383546,8,982.88,116.717,129.00300000000001,2025-11-14 15:59:00,122.715,WEEK_END_CLOSE,-1.1599999999999682,-0.11802051115089585
ALL,2025-11-10 00:00:00,2025-11-11 00:00:00,0.06184012066365,5.0,2025-11-11 10:13:00,205.5244,52.62316459222968,51.62490454134055,4,822.0976,195.24818,215.80062000000004,2025-11-14 15:59:00,214.37,WEEK_END_CLOSE,35.38239999999996,4.303917199125751
ELV,2025-11-10 00:00:00,2025-11-11 00:00:00,0.0580498866213151,4.0,2025-11-11 10:20:00,307.5585,60.395182008141745,59.28848730379142,3,922.6754999999999,292.180575,322.936425,2025-11-12 09:48:00,322.936425,TAKE_PROFIT,46.133775000000014,5.000000000000004
ICE,2025-11-11 00:00:00,2025-11-12 00:00:00,0.0947368421052631,6.0,2025-11-12 09:47:00,152.735,60.517797176018206,59.88585916099947,6,916.4100000000001,145.09825,160.37175000000002,2025-11-14 15:59:00,152.08,WEEK_END_CLOSE,-3.930000000000007,-0.42884734998527296
ORLY,2025-11-11 00:00:00,2025-11-12 00:00:00,0.1413690476190476,10.0,2025-11-12 09:49:00,98.49,43.44842946525741,42.760401069524995,10,984.9,93.56549999999999,103.4145,2025-11-14 15:59:00,98.795,WEEK_END_CLOSE,3.050000000000068,0.30967610924967914
WELL,2025-11-11 00:00:00,2025-11-12 00:00:00,0.0493358633776091,3.0,2025-11-12 09:51:00,191.665,48.269241055222956,46.45248248875983,5,958.3249999999999,182.08174999999997,201.24825,2025-11-14 15:59:00,193.93,WEEK_END_CLOSE,11.325000000000074,1.1817494065165857
MPWR,2025-11-11 00:00:00,2025-11-12 00:00:00,0.1128526645768025,7.0,2025-11-12 10:08:00,977.49,57.336241926109274,56.480612429009355,1,977.49,928.6155,1026.3645000000001,2025-11-13 11:07:00,928.0,STOP_LOSS_GAP,-49.49000000000001,-5.062967396085893
FDX,2025-11-11 00:00:00,2025-11-12 00:00:00,0.0805665239707792,5.0,2025-11-12 10:19:00,270.49,51.47920129087036,50.35171635723614,3,811.47,256.9655,284.0145,2025-11-14 15:59:00,267.51,WEEK_END_CLOSE,-8.940000000000055,-1.1017043143924043
TT,2025-11-11 00:00:00,2025-11-12 00:00:00,0.0215827338129496,2.0,2025-11-12 10:49:00,428.24,55.963830523032854,55.80016953261537,2,856.48,406.828,449.65200000000004,2025-11-14 15:59:00,418.21,WEEK_END_CLOSE,-20.06000000000006,-2.342144591817674
PWR,2025-11-12 00:00:00,2025-11-13 00:00:00,0.0935251798561151,8.0,2025-11-13 09:47:00,444.29,40.66069767149111,39.696701101128454,2,888.58,422.0755,466.50450000000006,2025-11-14 09:30:00,418.0,STOP_LOSS_GAP,-52.58000000000004,-5.917306263926713
TEL,2025-11-12 00:00:00,2025-11-13 00:00:00,0.0527225583405358,3.0,2025-11-13 09:50:00,244.54,44.768192925226565,44.68175047791322,4,978.16,232.313,256.767,2025-11-14 09:30:00,232.313,STOP_LOSS,-48.908000000000015,-5.000000000000004
DLR,2025-11-12 00:00:00,2025-11-13 00:00:00,0.0901206636500754,7.0,2025-11-13 09:51:00,161.365,43.91155374788804,42.83876691375825,6,968.19,153.29675,169.43325000000002,2025-11-14 15:59:00,158.25,WEEK_END_CLOSE,-18.690000000000055,-1.9304062219192564
NSC,2025-11-12 00:00:00,2025-11-13 00:00:00,0.0646153846153846,4.0,2025-11-13 09:58:00,285.68,44.06479029026061,37.71257235850214,3,857.04,271.396,299.964,2025-11-14 15:59:00,284.0,WEEK_END_CLOSE,-5.0400000000000205,-0.588070568468213
RSG,2025-11-12 00:00:00,2025-11-13 00:00:00,0.1176470588235294,10.0,2025-11-13 10:11:00,207.29,57.80654778424002,54.8846617476671,4,829.16,196.92549999999997,217.6545,2025-11-14 15:59:00,209.82,WEEK_END_CLOSE,10.120000000000005,1.220512325727241
ECL,2025-11-13 00:00:00,2025-11-14 00:00:00,0.1428571428571428,10.0,2025-11-14 09:47:00,260.87,45.44202076354494,43.89231302628462,3,782.61,247.82649999999998,273.9135,2025-11-14 15:59:00,258.58,WEEK_END_CLOSE,-6.870000000000061,-0.8778318702802212
TFC,2025-11-13 00:00:00,2025-11-14 00:00:00,0.0803511141120864,7.0,2025-11-14 09:49:00,44.52,41.821726141908144,41.804314343020856,22,979.44,42.294000000000004,46.746,2025-11-14 15:59:00,44.86,WEEK_END_CLOSE,7.479999999999919,0.7637017070979191
TEL,2025-11-13 00:00:00,2025-11-14 00:00:00,0.0427402862985685,6.0,2025-11-14 10:05:00,236.725,53.284837194437245,53.005428419095814,4,946.9,224.88875,248.56125,2025-11-14 15:59:00,237.31,WEEK_END_CLOSE,2.340000000000032,0.24712218819304965
SPGI,2025-11-14 00:00:00,2025-11-17 00:00:00,0.040078950423778,1.0,2025-11-17 09:46:00,491.19,37.65892688016798,33.04211589775471,2,982.38,466.6305,515.7495,2025-11-21 15:59:00,493.79,WEEK_END_CLOSE,5.2000000000000455,0.5293267371078381
PFE,2025-11-14 00:00:00,2025-11-17 00:00:00,0.1564222004077016,10.0,2025-11-17 09:49:00,25.1842,48.59044814981647,48.417433128300885,39,982.1838,23.92499,26.44341,2025-11-21 15:59:00,25.04,WEEK_END_CLOSE,-5.623800000000056,-0.5725812215595538
ADI,2025-11-14 00:00:00,2025-11-17 00:00:00,0.1171971084100856,7.0,2025-11-17 09:50:00,232.84,46.64417540913919,43.913233175732174,4,931.36,221.19799999999998,244.48200000000003,2025-11-21 15:59:00,232.16,WEEK_END_CLOSE,-2.7200000000000273,-0.2920460401992786
MRK,2025-11-14 00:00:00,2025-11-17 00:00:00,0.1284907397303669,8.0,2025-11-17 09:51:00,93.08,43.25439985009446,41.6887446122682,10,930.8,88.42599999999999,97.73400000000001,2025-11-21 11:24:00,97.73400000000001,TAKE_PROFIT,46.540000000000106,5.000000000000004
T,2025-11-14 00:00:00,2025-11-17 00:00:00,0.092889524865612,4.0,2025-11-17 09:52:00,25.63,53.65954600776656,47.47514800470363,39,999.5699999999999,24.348499999999998,26.9115,2025-11-21 15:59:00,25.955,WEEK_END_CLOSE,12.674999999999972,1.2680452594615588
TT,2025-11-14 00:00:00,2025-11-17 00:00:00,0.0789473684210526,3.0,2025-11-17 09:52:00,417.26,51.24299021009385,44.16637289855982,2,834.52,396.397,438.123,2025-11-21 15:59:00,410.48,WEEK_END_CLOSE,-13.559999999999945,-1.6248861621051547
AON,2025-11-14 00:00:00,2025-11-17 00:00:00,0.06,2.0,2025-11-17 09:54:00,348.99,52.004480021535336,48.31251623133965,2,697.98,331.5405,366.4395,2025-11-21 15:59:00,346.54,WEEK_END_CLOSE,-4.899999999999977,-0.7020258460127771
PCAR,2025-11-14 00:00:00,2025-11-17 00:00:00,0.1530054644808743,9.0,2025-11-17 09:54:00,95.715,53.654668677218424,49.90571561931055,10,957.1500000000001,90.92925,100.50075000000001,2025-11-21 09:34:00,100.50075000000001,TAKE_PROFIT,47.85750000000007,5.000000000000004
AMT,2025-11-14 00:00:00,2025-11-17 00:00:00,0.1024390243902439,6.0,2025-11-17 09:58:00,182.52,52.32857110506621,50.88342498067756,5,912.6,173.394,191.64600000000002,2025-11-21 15:59:00,179.58,WEEK_END_CLOSE,-14.699999999999989,-1.6107823800131427
BSX,2025-11-14 00:00:00,2025-11-17 00:00:00,0.0973456319990973,5.0,2025-11-17 10:29:00,102.375,46.79036147906287,46.63316176075068,9,921.375,97.25625,107.49375,2025-11-19 09:50:00,97.25625,STOP_LOSS,-46.06875000000005,-5.000000000000004
CRH,2025-11-17 00:00:00,2025-11-18 00:00:00,0.0543478260869565,3.0,2025-11-18 09:45:00,109.245,55.48672289373876,50.33041462377162,9,983.205,103.78275,114.70725000000002,2025-11-21 15:59:00,110.14,WEEK_END_CLOSE,8.054999999999964,0.8192594626756255
FDX,2025-11-17 00:00:00,2025-11-18 00:00:00,0.0597560975609756,4.0,2025-11-18 09:45:00,263.45,51.878979524572024,50.64027933539314,3,790.3499999999999,250.27749999999997,276.6225,2025-11-21 15:59:00,269.43,WEEK_END_CLOSE,17.940000000000055,2.2698804327196953
GM,2025-11-17 00:00:00,2025-11-18 00:00:00,0.119677909870058,7.0,2025-11-18 09:45:00,67.635,51.82070451621156,48.60806517078336,14,946.8900000000001,64.25325000000001,71.01675,2025-11-21 15:59:00,70.32,WEEK_END_CLOSE,37.58999999999983,3.9698381015746076
CVS,2025-11-17 00:00:00,2025-11-18 00:00:00,0.121101856326577,8.0,2025-11-18 09:46:00,78.035,49.73226397432332,44.22903208553614,12,936.42,74.13324999999999,81.93675,2025-11-21 15:59:00,78.04,WEEK_END_CLOSE,0.06000000000011596,0.006407381303263904
DHR,2025-11-17 00:00:00,2025-11-18 00:00:00,0.1175492453312867,6.0,2025-11-18 09:53:00,221.45,57.76369459410985,51.34627155915512,4,885.8,210.37749999999997,232.5225,2025-11-21 15:59:00,227.41,WEEK_END_CLOSE,23.840000000000032,2.6913524497629293
CMCSA,2025-11-17 00:00:00,2025-11-18 00:00:00,0.0284533073929961,1.0,2025-11-18 10:02:00,27.395,54.55330764674458,53.548257457170735,36,986.22,26.02525,28.76475,2025-11-21 15:59:00,27.35,WEEK_END_CLOSE,-1.6199999999999335,-0.16426355174301577
MO,2025-11-17 00:00:00,2025-11-18 00:00:00,0.1423984891406987,10.0,2025-11-18 10:10:00,59.06,68.67807092217797,66.26280858826874,16,944.96,56.107,62.013000000000005,2025-11-21 15:59:00,58.2,WEEK_END_CLOSE,-13.759999999999991,-1.4561462919065349
JCI,2025-11-17 00:00:00,2025-11-18 00:00:00,0.1357702349869451,9.0,2025-11-18 10:13:00,114.82,44.87601346020801,41.63494687671604,8,918.56,109.079,120.56099999999999,2025-11-21 15:59:00,113.56,WEEK_END_CLOSE,-10.079999999999927,-1.0973697962027407
UBER,2025-11-17 00:00:00,2025-11-18 00:00:00,0.1119916786368814,5.0,2025-11-18 10:20:00,90.73,48.56203756639221,47.6169336766527,11,998.0300000000001,86.1935,95.26650000000001,2025-11-20 11:13:00,86.1935,STOP_LOSS,-49.90150000000004,-5.000000000000004
USB,2025-11-18 00:00:00,2025-11-19 00:00:00,0.0500658761528326,8.0,2025-11-19 09:46:00,46.045,52.971205805644495,48.148613349914164,21,966.945,43.74275,48.34725,2025-11-21 15:59:00,47.78,WEEK_END_CLOSE,36.43499999999999,3.768052991638604
GD,2025-11-18 00:00:00,2025-11-19 00:00:00,0.0300518134715025,4.0,2025-11-19 09:52:00,340.24,46.2740624159492,44.39111355034054,2,680.48,323.228,357.252,2025-11-21 15:59:00,340.53,WEEK_END_CLOSE,0.5799999999999272,0.0852339525041046
MPC,2025-11-18 00:00:00,2025-11-19 00:00:00,0.0415518824609733,5.0,2025-11-19 09:58:00,192.33,43.81322492752044,43.291203380937695,5,961.6500000000001,182.7135,201.94650000000001,2025-11-21 15:59:00,190.58,WEEK_END_CLOSE,-8.75,-0.9098944522435426
ETN,2025-11-18 00:00:00,2025-11-19 00:00:00,0.0422535211267605,6.0,2025-11-19 10:09:00,342.79,53.522362744721136,50.259741352822125,2,685.58,325.6505,359.9295,2025-11-21 09:39:00,325.6505,STOP_LOSS,-34.278999999999996,-5.000000000000004
TEL,2025-11-18 00:00:00,2025-11-19 00:00:00,0.0029880478087649,1.0,2025-11-19 11:15:00,233.61,52.39186753228742,51.5164401435159,4,934.44,221.9295,245.29050000000004,2025-11-20 11:52:00,221.9295,STOP_LOSS,-46.722000000000094,-5.000000000000004
NSC,2025-11-19 00:00:00,2025-11-20 00:00:00,0.0,1.0,2025-11-20 09:45:00,282.98,59.371900184113784,58.774521612757276,3,848.94,268.831,297.129,2025-11-21 15:59:00,286.4,WEEK_END_CLOSE,10.259999999999877,1.2085659763940715
SHW,2025-11-19 00:00:00,2025-11-20 00:00:00,0.0952380952380952,10.0,2025-11-20 09:47:00,331.8899,65.67827300291762,59.59852256920139,3,995.6697,315.295405,348.484395,2025-11-21 15:59:00,337.25,WEEK_END_CLOSE,16.080299999999966,1.6150235364197574
SPG,2025-11-19 00:00:00,2025-11-20 00:00:00,0.056338028169014,6.0,2025-11-20 09:48:00,182.69,55.66863008796662,54.06612682225622,5,913.45,173.5555,191.8245,2025-11-21 15:59:00,183.09,WEEK_END_CLOSE,2.0000000000000284,0.2189501341069544
CSCO,2025-11-19 00:00:00,2025-11-20 00:00:00,0.0722157155025553,7.0,2025-11-20 09:51:00,79.46,59.017584188257466,56.22981750037572,12,953.52,75.487,83.43299999999999,2025-11-20 15:53:00,75.487,STOP_LOSS,-47.67599999999999,-5.000000000000004
DASH,2025-11-19 00:00:00,2025-11-20 00:00:00,0.0742535866614967,8.0,2025-11-20 09:58:00,199.765,47.454756956374794,43.56802540055384,5,998.8249999999999,189.77674999999996,209.75325,2025-11-20 14:06:00,189.77674999999996,STOP_LOSS,-49.94125000000011,-5.000000000000016
ABNB,2025-11-19 00:00:00,2025-11-20 00:00:00,0.0906520292747837,9.0,2025-11-20 10:01:00,114.32,49.49215449932077,49.39861904188673,8,914.56,108.60399999999998,120.036,2025-11-21 15:59:00,114.25,WEEK_END_CLOSE,-0.5599999999999454,-0.061231630510838464
AFL,2025-11-19 00:00:00,2025-11-20 00:00:00,0.040880503144654,5.0,2025-11-20 10:05:00,110.34,62.779020557812025,59.03512993416013,9,993.0600000000001,104.823,115.85700000000001,2025-11-21 15:59:00,110.97,WEEK_END_CLOSE,5.669999999999959,0.5709624796084833
TEL,2025-11-19 00:00:00,2025-11-20 00:00:00,0.0019762845849802,2.0,2025-11-20 12:04:00,221.34,47.235296647329235,39.77210773686715,4,885.36,210.273,232.407,2025-11-21 15:59:00,218.92,WEEK_END_CLOSE,-9.680000000000064,-1.0933405620312753
DASH,2025-11-19 00:00:00,2025-11-20 00:00:00,0.0742535866614967,8.0,2025-11-20 14:11:00,190.31,44.759428686019,44.15877613607261,5,951.55,180.7945,199.8255,2025-11-21 15:59:00,189.59,WEEK_END_CLOSE,-3.5999999999999943,-0.3783300930061517
CL,2025-11-20 00:00:00,2025-11-21 00:00:00,0.0325972660357518,7.0,2025-11-21 09:45:00,79.395,59.42935527569135,58.45396923725785,12,952.74,75.42524999999999,83.36475,2025-11-21 15:59:00,80.94,WEEK_END_CLOSE,18.54000000000002,1.9459663706782537
CSX,2025-11-20 00:00:00,2025-11-21 00:00:00,0.0061683599419448,2.0,2025-11-21 09:45:00,33.82,52.25775243366338,51.71756690685892,29,980.78,32.129,35.511,2025-11-21 15:59:00,34.29,WEEK_END_CLOSE,13.629999999999967,1.389710230632768
MCO,2025-11-20 00:00:00,2025-11-21 00:00:00,0.0310965630114566,6.0,2025-11-21 09:47:00,476.4,49.29524607588531,47.942114297792166,2,952.8,452.58,500.21999999999997,2025-11-21 15:59:00,479.78,WEEK_END_CLOSE,6.759999999999991,0.7094878253568471
RSG,2025-11-20 00:00:00,2025-11-21 00:00:00,0.0165289256198347,5.0,2025-11-21 09:47:00,217.57,47.43711925627075,45.84023223773803,4,870.28,206.6915,228.4485,2025-11-21 15:59:00,219.0,WEEK_END_CLOSE,5.720000000000027,0.6572597324998819
WMB,2025-11-20 00:00:00,2025-11-21 00:00:00,0.0161943319838056,4.0,2025-11-21 09:47:00,58.8,45.642770081642674,40.35931248283943,17,999.5999999999999,55.85999999999999,61.74,2025-11-21 15:59:00,59.62,WEEK_END_CLOSE,13.940000000000005,1.39455782312925
PSX,2025-11-20 00:00:00,2025-11-21 00:00:00,0.0692520775623268,9.0,2025-11-21 09:53:00,131.39,44.12750501509639,43.4139995278487,7,919.7299999999999,124.82049999999998,137.9595,2025-11-21 15:59:00,133.75,WEEK_END_CLOSE,16.520000000000095,1.796179313494184
SPGI,2025-11-21 00:00:00,2025-11-24 00:00:00,0.0446927374301676,6.0,2025-11-24 09:46:00,492.075,43.904870279475944,43.24253067493956,2,984.15,467.47124999999994,516.67875,2025-11-28 13:00:00,498.83,WEEK_END_CLOSE,13.509999999999991,1.3727582177513575
AON,2025-11-21 00:00:00,2025-11-24 00:00:00,0.005889281507656,1.0,2025-11-24 09:47:00,344.83,41.38909244189876,41.020676341260895,2,689.66,327.58849999999995,362.0715,2025-11-28 13:00:00,353.92,WEEK_END_CLOSE,18.180000000000064,2.636081547429181
PCAR,2025-11-21 00:00:00,2025-11-24 00:00:00,0.063063063063063,7.0,2025-11-24 09:49:00,102.675,47.97432462123505,46.80390739225785,9,924.0749999999999,97.54124999999999,107.80875,2025-11-28 13:00:00,105.42,WEEK_END_CLOSE,24.70500000000004,2.6734842951059212
CMCSA,2025-11-21 00:00:00,2025-11-24 00:00:00,0.0167853509664293,4.0,2025-11-24 09:52:00,27.125,45.2043271914832,43.85191459596896,36,976.5,25.768749999999997,28.481250000000003,2025-11-28 13:00:00,26.69,WEEK_END_CLOSE,-15.659999999999954,-1.603686635944701
CB,2025-11-21 00:00:00,2025-11-24 00:00:00,0.0867430441898527,9.0,2025-11-24 09:55:00,296.16,40.353689714233,37.95039660622483,3,888.48,281.35200000000003,310.968,2025-11-28 13:00:00,296.18,WEEK_END_CLOSE,0.05999999999994543,0.00675310642894722
DHR,2025-11-21 00:00:00,2025-11-24 00:00:00,0.0138806501364337,2.0,2025-11-24 09:56:00,225.76,56.097480492105745,45.458694716835126,4,903.04,214.47199999999998,237.048,2025-11-28 13:00:00,226.78,WEEK_END_CLOSE,4.080000000000041,0.45180722891566827
PLD,2025-11-21 00:00:00,2025-11-24 00:00:00,0.0631047538914598,8.0,2025-11-24 09:57:00,125.94,53.392310400548965,48.23641955880513,7,881.5799999999999,119.64299999999999,132.237,2025-11-28 13:00:00,128.53,WEEK_END_CLOSE,18.130000000000024,2.0565348578688303
FDX,2025-11-21 00:00:00,2025-11-24 00:00:00,0.0162921348314606,3.0,2025-11-24 09:58:00,267.46,48.096059781668686,44.28720388242433,3,802.3799999999999,254.08699999999996,280.83299999999997,2025-11-28 13:00:00,275.68,WEEK_END_CLOSE,24.660000000000082,3.07335676362821
AEP,2025-11-21 00:00:00,2025-11-24 00:00:00,0.1020408163265306,10.0,2025-11-24 10:04:00,119.89,40.39061182804751,39.661787998796456,8,959.12,113.8955,125.8845,2025-11-28 13:00:00,123.77,WEEK_END_CLOSE,31.039999999999964,3.236299941613141
ORLY,2025-11-21 00:00:00,2025-11-24 00:00:00,0.0446623093681917,5.0,2025-11-24 10:07:00,98.83,37.947737605418034,36.93516958681702,10,988.3,93.8885,103.7715,2025-11-28 13:00:00,101.7,WEEK_END_CLOSE,28.700000000000045,2.903976525346552
CRH,2025-11-24 00:00:00,2025-11-25 00:00:00,0.0061996280223186,1.0,2025-11-25 09:55:00,114.44,59.9507547777165,59.812927145502975,8,915.52,108.71799999999999,120.162,2025-11-28 10:50:00,120.162,TAKE_PROFIT,45.77600000000007,5.000000000000004
HWM,2025-11-24 00:00:00,2025-11-25 00:00:00,0.1048951048951049,9.0,2025-11-25 09:58:00,201.19,56.277045860101104,52.98614481497617,4,804.76,191.13049999999998,211.2495,2025-11-28 13:00:00,204.59,WEEK_END_CLOSE,13.600000000000023,1.6899448282717833
APO,2025-11-24 00:00:00,2025-11-25 00:00:00,0.042298960449277,4.0,2025-11-25 09:59:00,128.75,51.349752937313944,47.83183379108895,7,901.25,122.3125,135.1875,2025-11-28 13:00:00,131.85,WEEK_END_CLOSE,21.69999999999996,2.40776699029126
NEE,2025-11-24 00:00:00,2025-11-25 00:00:00,0.032293012208842,3.0,2025-11-25 10:01:00,84.63,57.24738992585276,54.013467450646395,11,930.93,80.3985,88.86149999999999,2025-11-28 13:00:00,86.29,WEEK_END_CLOSE,18.26000000000012,1.9614793808342412
DLR,2025-11-24 00:00:00,2025-11-25 00:00:00,0.1442622950819672,10.0,2025-11-25 10:09:00,157.94,52.7181567250542,52.60592977441586,6,947.64,150.04299999999998,165.83700000000002,2025-11-28 13:00:00,160.12,WEEK_END_CLOSE,13.080000000000041,1.3802709889831677
BSX,2025-11-24 00:00:00,2025-11-25 00:00:00,0.0996784565916398,8.0,2025-11-25 10:22:00,100.24,63.199857890517755,60.84787697895251,9,902.16,95.228,105.252,2025-11-28 13:00:00,101.58,WEEK_END_CLOSE,12.06000000000003,1.3367916999202034
WMB,2025-11-24 00:00:00,2025-11-25 00:00:00,0.0735930735930736,7.0,2025-11-25 10:29:00,58.83,50.511931097358136,46.620235886458566,16,941.28,55.88849999999999,61.7715,2025-11-28 13:00:00,60.93,WEEK_END_CLOSE,33.60000000000002,3.5696073431922493
MDLZ,2025-11-25 00:00:00,2025-11-26 00:00:00,0.1308411214953271,9.0,2025-11-26 09:45:00,56.64,62.77353234135695,60.81481675893722,17,962.88,53.808,59.472,2025-11-28 13:00:00,57.57,WEEK_END_CLOSE,15.809999999999995,1.6419491525423657
USB,2025-11-25 00:00:00,2025-11-26 00:00:00,0.1363088057901085,10.0,2025-11-26 09:56:00,48.93,45.61990442318527,45.43540918570305,20,978.6,46.4835,51.3765,2025-11-28 13:00:00,49.05,WEEK_END_CLOSE,2.399999999999949,0.24524831391783408
ABBV,2025-11-25 00:00:00,2025-11-26 00:00:00,0.0773195876288659,5.0,2025-11-26 09:59:00,229.14,41.346001435374376,39.78722318021632,4,916.56,217.68299999999996,240.597,2025-11-28 13:00:00,227.7,WEEK_END_CLOSE,-5.759999999999991,-0.628436763550666
NSC,2025-11-25 00:00:00,2025-11-26 00:00:00,0.0,1.0,2025-11-26 10:01:00,290.09,59.083855265838864,58.30702894757844,3,870.27,275.58549999999997,304.5945,2025-11-28 13:00:00,292.09,WEEK_END_CLOSE,6.0,0.6894412079009982
NEM,2025-11-25 00:00:00,2025-11-26 00:00:00,0.0973230490018148,7.0,2025-11-26 10:05:00,88.55,62.62096327771954,60.855992101884816,11,974.05,84.12249999999999,92.9775,2025-11-28 13:00:00,90.73,WEEK_END_CLOSE,23.980000000000075,2.461885940146824
CI,2025-11-25 00:00:00,2025-11-26 00:00:00,0.1082251082251082,8.0,2025-11-26 10:06:00,279.48,55.190706701487045,48.42077137681312,3,838.44,265.50600000000003,293.454,2025-11-28 13:00:00,277.28,WEEK_END_CLOSE,-6.600000000000136,-0.7871761843423641
MDT,2025-11-26 00:00:00,2025-11-28 00:00:00,0.0772128060263653,8.0,2025-11-28 09:48:00,104.81,45.8180234786633,45.55266508546274,9,943.29,99.56949999999999,110.05050000000001,2025-11-28 13:00:00,105.33,WEEK_END_CLOSE,4.679999999999964,0.4961358648983838
UNP,2025-11-26 00:00:00,2025-11-28 00:00:00,0.0952380952380952,10.0,2025-11-28 09:48:00,231.01,47.76586996842385,47.632930285296084,4,924.04,219.4595,242.5605,2025-11-28 13:00:00,231.83,WEEK_END_CLOSE,3.2800000000000864,0.354962988615215
SO,2025-11-26 00:00:00,2025-11-28 00:00:00,0.087012987012987,9.0,2025-11-28 09:54:00,90.765,61.77963018276956,60.8006794335246,11,998.415,86.22675,95.30325,2025-11-28 13:00:00,91.12,WEEK_END_CLOSE,3.9050000000000438,0.3911199250812514
BX,2025-11-26 00:00:00,2025-11-28 00:00:00,0.0734421364985163,7.0,2025-11-28 09:59:00,145.88,46.209521935920286,46.096330305764546,6,875.28,138.58599999999998,153.174,2025-11-28 13:00:00,146.42,WEEK_END_CLOSE,3.2399999999999523,0.37016726076226636
HPE,2025-11-26 00:00:00,2025-11-28 00:00:00,0.0430188679245283,3.0,2025-11-28 10:13:00,21.755,54.15982243308838,53.10161259371535,45,978.9749999999999,20.66725,22.84275,2025-11-28 13:00:00,21.87,WEEK_END_CLOSE,5.1750000000000895,0.5286141116984666
CRH,2025-11-28 00:00:00,2025-12-01 00:00:00,0.0,1.0,2025-12-01 09:45:00,118.265,38.278363825731745,36.718183805216974,8,946.12,112.35175,124.17825,2025-12-05 15:59:00,119.445,WEEK_END_CLOSE,9.43999999999994,0.9977592694372817
FDX,2025-11-28 00:00:00,2025-12-01 00:00:00,0.014251781472684,3.0,2025-12-01 09:48:00,274.715,48.03408228378833,40.87376873308667,3,824.145,260.97925,288.45074999999997,2025-12-05 15:59:00,274.3,WEEK_END_CLOSE,-1.2449999999998909,-0.15106564985528648
NEE,2025-11-28 00:00:00,2025-12-01 00:00:00,0.0197628458498023,4.0,2025-12-01 09:51:00,85.39,44.95577250203579,42.8328609420024,11,939.29,81.12049999999999,89.65950000000001,2025-12-05 15:59:00,83.105,WEEK_END_CLOSE,-25.134999999999962,-2.6759573720576135
PFE,2025-11-28 00:00:00,2025-12-01 00:00:00,0.0904418635696168,9.0,2025-12-01 09:56:00,25.815,49.867365699942795,49.46026074936006,38,980.97,24.52425,27.105750000000004,2025-12-05 15:59:00,26.02,WEEK_END_CLOSE,7.789999999999935,0.7941119504164096
CMCSA,2025-11-28 00:00:00,2025-12-01 00:00:00,0.0013876040703052,2.0,2025-12-01 10:10:00,26.715,48.94276143947463,45.721324823070056,37,988.455,25.37925,28.05075,2025-12-05 09:52:00,28.05075,TAKE_PROFIT,49.422750000000036,5.000000000000004
UPS,2025-11-28 00:00:00,2025-12-01 00:00:00,0.0865847140566542,8.0,2025-12-01 10:13:00,96.15,50.45107109536034,50.03522797190456,10,961.5,91.3425,100.95750000000001,2025-12-05 15:59:00,94.88,WEEK_END_CLOSE,-12.700000000000102,-1.320852834113373
APO,2025-11-28 00:00:00,2025-12-01 00:00:00,0.0218054949847361,5.0,2025-12-01 10:16:00,131.215,48.03862722667084,45.88555887903541,7,918.505,124.65424999999999,137.77575000000002,2025-12-05 09:40:00,137.77575000000002,TAKE_PROFIT,45.92525000000009,5.000000000000004
USB,2025-11-28 00:00:00,2025-12-01 00:00:00,0.0428211586901763,7.0,2025-12-01 10:40:00,49.52,61.215807087563554,60.06024025057504,20,990.4000000000001,47.044000000000004,51.996,2025-12-05 15:59:00,51.255,WEEK_END_CLOSE,34.69999999999999,3.503634894991925
BX,2025-11-28 00:00:00,2025-12-01 00:00:00,0.0233497979344409,6.0,2025-12-01 10:42:00,145.62,52.84808485298868,48.24069987302008,6,873.72,138.339,152.901,2025-12-04 09:45:00,152.901,TAKE_PROFIT,43.686000000000035,5.000000000000004
COF,2025-11-28 00:00:00,2025-12-01 00:00:00,0.0932669635839664,10.0,2025-12-01 10:42:00,220.56,56.97139932968769,53.145840119932735,4,882.24,209.53199999999998,231.58800000000002,2025-12-05 09:54:00,231.58800000000002,TAKE_PROFIT,44.11200000000008,5.000000000000004
RSG,2025-12-01 00:00:00,2025-12-02 00:00:00,0.0,1.0,2025-12-02 09:45:00,213.495,38.2305982703727,37.412872747534,4,853.98,202.82025,224.16975000000002,2025-12-05 15:59:00,216.54,WEEK_END_CLOSE,12.17999999999995,1.4262629101384094
ECL,2025-12-01 00:00:00,2025-12-02 00:00:00,0.0100806451612903,2.0,2025-12-02 09:46:00,272.56,39.513109505135695,38.34814415607734,3,817.6800000000001,258.932,286.188,2025-12-05 15:59:00,259.69,WEEK_END_CLOSE,-38.610000000000014,-4.721896096272382
AON,2025-12-01 00:00:00,2025-12-02 00:00:00,0.0131578947368421,3.0,2025-12-02 09:47:00,348.75,39.327647123643615,37.275073556002916,2,697.5,331.3125,366.1875,2025-12-05 15:59:00,345.16,WEEK_END_CLOSE,-7.17999999999995,-1.0293906810035724
ICE,2025-12-01 00:00:00,2025-12-02 00:00:00,0.1176470588235294,9.0,2025-12-02 09:48:00,156.74,47.14879613914215,47.0200193973086,6,940.44,148.903,164.57700000000003,2025-12-05 15:59:00,157.78,WEEK_END_CLOSE,6.239999999999952,0.6635192037769411
SPGI,2025-12-01 00:00:00,2025-12-02 00:00:00,0.1046766692989383,8.0,2025-12-02 09:54:00,492.16,39.92778194496396,37.2473022567086,2,984.32,467.552,516.768,2025-12-05 15:59:00,498.38,WEEK_END_CLOSE,12.43999999999994,1.2638166449934873
TEL,2025-12-01 00:00:00,2025-12-02 00:00:00,0.0454959053685168,5.0,2025-12-02 09:56:00,228.89,57.47631180000318,54.78249878631563,4,915.56,217.44549999999998,240.3345,2025-12-05 15:59:00,234.345,WEEK_END_CLOSE,21.82000000000005,2.383240858054103
INTU,2025-12-01 00:00:00,2025-12-02 00:00:00,0.129517393043753,10.0,2025-12-02 10:02:00,627.94,51.64579873225867,49.80015566497005,1,627.94,596.543,659.3370000000001,2025-12-04 14:37:00,659.3370000000001,TAKE_PROFIT,31.397000000000048,5.000000000000004
PCAR,2025-12-01 00:00:00,2025-12-02 00:00:00,0.0323450134770889,4.0,2025-12-02 10:36:00,104.13,50.116138531004836,47.088284407448896,9,937.17,98.92349999999999,109.3365,2025-12-04 09:32:00,109.3365,TAKE_PROFIT,46.85850000000005,5.000000000000004
EQIX,2025-12-02 00:00:00,2025-12-03 00:00:00,0.0955414012738853,8.0,2025-12-03 09:50:00,728.17,51.81523016076541,51.57492844871566,1,728.17,691.7615,764.5785,2025-12-05 15:59:00,741.58,WEEK_END_CLOSE,13.410000000000082,1.841602922394503
DLR,2025-12-02 00:00:00,2025-12-03 00:00:00,0.0657300275482093,4.0,2025-12-03 09:55:00,157.355,61.62313020120708,52.159361313670345,6,944.1299999999999,149.48725,165.22275,2025-12-05 12:48:00,165.22275,TAKE_PROFIT,47.206500000000005,5.000000000000004
TT,2025-12-02 00:00:00,2025-12-03 00:00:00,0.09375,7.0,2025-12-03 09:57:00,406.22,48.7750492542087,45.55585878150404,2,812.44,385.909,426.53100000000006,2025-12-05 15:59:00,401.29,WEEK_END_CLOSE,-9.860000000000014,-1.2136280833046187
LIN,2025-12-02 00:00:00,2025-12-03 00:00:00,0.0329289428076256,3.0,2025-12-03 10:29:00,407.32,42.741619086367315,41.52275014435805,2,814.64,386.95399999999995,427.68600000000004,2025-12-05 15:59:00,399.57,WEEK_END_CLOSE,-15.5,-1.9026809388196009
CSX,2025-12-02 00:00:00,2025-12-03 00:00:00,0.086332478298045,5.0,2025-12-03 10:55:00,35.3,51.851915281062304,46.40773009370015,28,988.3999999999999,33.535,37.065,2025-12-05 15:59:00,36.31,WEEK_END_CLOSE,28.280000000000143,2.8611898016997372
NSC,2025-12-02 00:00:00,2025-12-03 00:00:00,0.0306818181818181,2.0,2025-12-03 10:58:00,292.6425,46.00658355621042,45.037646960122395,3,877.9275,278.01037499999995,307.274625,2025-12-05 15:59:00,294.21,WEEK_END_CLOSE,4.702499999999986,0.5356364847894701
MDT,2025-12-03 00:00:00,2025-12-04 00:00:00,0.1314877173228625,8.0,2025-12-04 09:47:00,102.32,60.261111353016865,58.152706265882,9,920.8799999999999,97.204,107.43599999999999,2025-12-05 15:59:00,101.37,WEEK_END_CLOSE,-8.549999999999898,-0.9284597341673084
SHW,2025-12-03 00:00:00,2025-12-04 00:00:00,0.0357142857142857,2.0,2025-12-04 09:47:00,339.44,50.74181855261192,48.092941208510695,2,678.88,322.46799999999996,356.41200000000003,2025-12-05 15:59:00,333.13,WEEK_END_CLOSE,-12.620000000000005,-1.8589441432948384
ABBV,2025-12-03 00:00:00,2025-12-04 00:00:00,0.1211640843535168,4.0,2025-12-04 09:52:00,229.945,50.16785014690179,48.07509440767847,4,919.78,218.44774999999998,241.44225,2025-12-05 15:59:00,226.05,WEEK_END_CLOSE,-15.579999999999927,-1.6938833199243164
MMM,2025-12-03 00:00:00,2025-12-04 00:00:00,0.1272829175213801,6.0,2025-12-04 09:55:00,170.765,40.75563047861518,39.9882989238705,5,853.8249999999999,162.22674999999998,179.30325,2025-12-05 15:59:00,167.47,WEEK_END_CLOSE,-16.474999999999937,-1.9295523087283661
APD,2025-12-03 00:00:00,2025-12-04 00:00:00,0.1516587677725118,10.0,2025-12-04 10:17:00,258.82,46.92538390853106,46.790776490506175,3,776.46,245.879,271.761,2025-12-05 15:59:00,260.69,WEEK_END_CLOSE,5.610000000000014,0.7225098524070717
AEP,2025-12-03 00:00:00,2025-12-04 00:00:00,0.1439252336448598,9.0,2025-12-04 10:29:00,118.655,50.72167610890307,50.419725899511086,8,949.24,112.72225,124.58775,2025-12-05 15:59:00,117.54,WEEK_END_CLOSE,-8.919999999999959,-0.9396991277232258
VZ,2025-12-03 00:00:00,2025-12-04 00:00:00,0.1297323561747765,7.0,2025-12-04 10:53:00,41.095,53.247747089584585,51.37798064178138,24,986.28,39.04025,43.14975,2025-12-05 15:59:00,41.69,WEEK_END_CLOSE,14.279999999999973,1.4478647037352355
DUK,2025-12-04 00:00:00,2025-12-05 00:00:00,0.1057818659658344,10.0,2025-12-05 09:45:00,117.985,55.56914033228435,48.795586875602936,8,943.88,112.08574999999999,123.88425000000001,2025-12-05 15:59:00,116.52,WEEK_END_CLOSE,-11.720000000000027,-1.2416832648218024
JCI,2025-12-04 00:00:00,2025-12-05 00:00:00,0.0108695652173913,2.0,2025-12-05 09:52:00,113.88,43.54521400959375,41.23802763782248,8,911.04,108.18599999999999,119.574,2025-12-05 15:59:00,114.21,WEEK_END_CLOSE,2.6399999999999864,0.2897787144362507
SO,2025-12-04 00:00:00,2025-12-05 00:00:00,0.0929669661178869,9.0,2025-12-05 10:00:00,88.005,65.33639993232394,60.78192135155886,11,968.055,83.60475,92.40525,2025-12-05 15:59:00,86.31,WEEK_END_CLOSE,-18.644999999999925,-1.9260269302880495
PCAR,2025-12-04 00:00:00,2025-12-05 00:00:00,0.0413746326023061,4.0,2025-12-05 10:07:00,109.25,56.28018551803953,51.799423755255475,9,983.25,103.7875,114.7125,2025-12-05 15:59:00,110.34,WEEK_END_CLOSE,9.81000000000003,0.99771167048055
CMCSA,2025-12-04 00:00:00,2025-12-05 00:00:00,0.0234490642725867,3.0,2025-12-05 11:33:00,27.505,40.137798328686834,38.81617988088369,36,990.18,26.129749999999998,28.88025,2025-12-05 15:59:00,27.31,WEEK_END_CLOSE,-7.02000000000001,-0.7089620069078317
ORLY,2025-12-05 00:00:00,2025-12-08 00:00:00,0.0732708089097303,7.0,2025-12-08 09:46:00,98.59,49.4542794953791,45.50589168422415,10,985.9000000000001,93.6605,103.51950000000001,2025-12-09 12:23:00,93.6605,STOP_LOSS,-49.295000000000044,-5.000000000000004
PCAR,2025-12-05 00:00:00,2025-12-08 00:00:00,0.0152838427947598,3.0,2025-12-08 09:47:00,110.58,57.94494961688527,54.96039637190684,9,995.22,105.05099999999999,116.10900000000001,2025-12-12 15:59:00,111.56,WEEK_END_CLOSE,8.820000000000036,0.886236209079394
CME,2025-12-05 00:00:00,2025-12-08 00:00:00,0.0739654051711685,9.0,2025-12-08 09:48:00,269.74,48.779912416225734,47.52890341109828,3,809.22,256.253,283.22700000000003,2025-12-12 15:59:00,273.53,WEEK_END_CLOSE,11.36999999999989,1.4050567212871456
MSI,2025-12-05 00:00:00,2025-12-08 00:00:00,0.0735785953177257,8.0,2025-12-08 09:48:00,371.305,42.97007878053542,42.81255419897817,2,742.61,352.73975,389.87025,2025-12-12 15:59:00,364.79,WEEK_END_CLOSE,-13.029999999999973,-1.754622210850909
CMCSA,2025-12-05 00:00:00,2025-12-08 00:00:00,0.0319544187178877,5.0,2025-12-08 09:49:00,27.005,39.18231812406717,38.311001177192146,37,999.185,25.654749999999996,28.35525,2025-12-12 15:59:00,27.23,WEEK_END_CLOSE,8.325000000000053,0.8331790409183526
FDX,2025-12-05 00:00:00,2025-12-08 00:00:00,0.0153567495753093,4.0,2025-12-08 09:54:00,277.285,51.687633698780644,49.385438323838436,3,831.855,263.42075,291.14925000000005,2025-12-12 15:59:00,284.44,WEEK_END_CLOSE,21.464999999999918,2.5803775898443737
TEL,2025-12-05 00:00:00,2025-12-08 00:00:00,0.0088888888888888,2.0,2025-12-08 09:59:00,237.28,67.49045353055642,67.2156490918058,4,949.12,225.416,249.144,2025-12-12 15:59:00,230.16,WEEK_END_CLOSE,-28.480000000000018,-3.000674308833451
DASH,2025-12-05 00:00:00,2025-12-08 00:00:00,0.0888023700590869,10.0,2025-12-08 10:14:00,223.19,46.718415300650435,45.86018083173602,4,892.76,212.0305,234.3495,2025-12-12 15:59:00,227.58,WEEK_END_CLOSE,17.56000000000006,1.9669340024194737
TT,2025-12-05 00:00:00,2025-12-08 00:00:00,0.0,1.0,2025-12-08 10:28:00,401.41,52.971665017379856,51.6637455887909,2,802.82,381.3395,421.48050000000006,2025-12-12 15:59:00,391.27,WEEK_END_CLOSE,-20.280000000000086,-2.526095513315574
SO,2025-12-05 00:00:00,2025-12-08 00:00:00,0.0390895596239485,6.0,2025-12-08 10:40:00,85.55,37.714656245165465,37.58888420215245,11,941.05,81.2725,89.8275,2025-12-12 15:59:00,84.445,WEEK_END_CLOSE,-12.155000000000044,-1.2916423144360034
DE,2025-12-08 00:00:00,2025-12-09 00:00:00,0.1495111083731654,10.0,2025-12-09 09:47:00,464.72,39.22242597264777,39.036129606827316,2,929.44,441.484,487.9560000000001,2025-12-12 15:59:00,484.82,WEEK_END_CLOSE,40.19999999999993,4.325185057669123
ITW,2025-12-08 00:00:00,2025-12-09 00:00:00,0.0769230769230769,5.0,2025-12-09 09:52:00,248.68,51.57694120450855,49.599799702575744,4,994.72,236.246,261.11400000000003,2025-12-12 15:59:00,258.12,WEEK_END_CLOSE,37.75999999999999,3.7960431076081713
SHW,2025-12-08 00:00:00,2025-12-09 00:00:00,0.1403508771929824,8.0,2025-12-09 09:53:00,326.53,52.92050358236402,48.575876794981056,3,979.5899999999999,310.20349999999996,342.8565,2025-12-12 15:59:00,328.62,WEEK_END_CLOSE,6.2700000000000955,0.640063700119442
SPG,2025-12-08 00:00:00,2025-12-09 00:00:00,0.1139601139601139,7.0,2025-12-09 09:54:00,181.06,51.844578271581376,51.80238969771218,5,905.3,172.007,190.113,2025-12-12 15:59:00,182.03,WEEK_END_CLOSE,4.849999999999994,0.5357340108251396
RSG,2025-12-08 00:00:00,2025-12-09 00:00:00,0.0681818181818181,4.0,2025-12-09 09:55:00,211.7894,45.83916444706778,45.11066688606028,4,847.1576,201.19993,222.37887,2025-12-12 15:59:00,213.64,WEEK_END_CLOSE,7.402399999999943,0.8737925505242439
AON,2025-12-08 00:00:00,2025-12-09 00:00:00,0.0,1.0,2025-12-09 11:08:00,347.065,54.12208823666207,50.15832463374364,2,694.13,329.71175,364.41825,2025-12-12 15:59:00,353.79,WEEK_END_CLOSE,13.450000000000045,1.9376773803178038
JCI,2025-12-09 00:00:00,2025-12-10 00:00:00,0.0015964240102171,1.0,2025-12-10 09:45:00,115.81,49.41284550325284,43.30842221906038,8,926.48,110.0195,121.60050000000001,2025-12-12 15:59:00,114.76,WEEK_END_CLOSE,-8.399999999999977,-0.906657456178217
ICE,2025-12-09 00:00:00,2025-12-10 00:00:00,0.0608695652173913,6.0,2025-12-10 09:51:00,158.25,50.29068641857449,48.20344662765537,6,949.5,150.3375,166.1625,2025-12-12 15:59:00,163.22,WEEK_END_CLOSE,29.819999999999993,3.140600315955755
DUK,2025-12-09 00:00:00,2025-12-10 00:00:00,0.0435161009573542,5.0,2025-12-10 09:57:00,115.0936,48.46495417473635,48.42594985987205,8,920.7488,109.33891999999999,120.84828,2025-12-12 15:59:00,115.28,WEEK_END_CLOSE,1.491200000000049,0.16195513912156123
PM,2025-12-09 00:00:00,2025-12-10 00:00:00,0.0686195886195886,7.0,2025-12-10 09:57:00,149.05,46.444224237751186,46.2503849258433,6,894.3000000000001,141.5975,156.50250000000003,2025-12-12 15:59:00,153.64,WEEK_END_CLOSE,27.53999999999985,3.079503522307925
DLR,2025-12-09 00:00:00,2025-12-10 00:00:00,0.1065134099616858,9.0,2025-12-10 10:13:00,159.98,43.307843624911065,40.896759132572164,6,959.8799999999999,151.981,167.97899999999998,2025-12-12 11:29:00,151.981,STOP_LOSS,-47.99399999999997,-4.999999999999993
TJX,2025-12-09 00:00:00,2025-12-10 00:00:00,0.0810136078521266,8.0,2025-12-10 10:43:00,155.42,59.76643075796756,56.662746268698044,6,932.52,147.64899999999997,163.191,2025-12-12 15:59:00,156.16,WEEK_END_CLOSE,4.440000000000055,0.47612919830137823
ABBV,2025-12-10 00:00:00,2025-12-11 00:00:00,0.0978177015912865,10.0,2025-12-11 09:47:00,224.83,49.8716148494471,49.73649911118096,4,899.32,213.5885,236.07150000000001,2025-12-12 15:59:00,223.33,WEEK_END_CLOSE,-6.0,-0.6671707512342695
SPGI,2025-12-10 00:00:00,2025-12-11 00:00:00,0.0563972736124634,6.0,2025-12-11 10:18:00,494.99,56.79388263937558,56.09210355276147,2,989.98,470.2405,519.7395,2025-12-12 15:59:00,501.08,WEEK_END_CLOSE,12.17999999999995,1.2303278854118194
AJG,2025-12-10 00:00:00,2025-12-11 00:00:00,0.0,1.0,2025-12-11 10:32:00,245.42,64.1477245936891,63.036600581335136,4,981.68,233.14899999999997,257.691,2025-12-12 15:59:00,255.4,WEEK_END_CLOSE,39.92000000000007,4.066498247901573
MO,2025-12-11 00:00:00,2025-12-12 00:00:00,0.0626333207508221,4.0,2025-12-12 09:45:00,58.53,46.0686218147594,44.88315256942257,17,995.01,55.6035,61.456500000000005,2025-12-12 15:59:00,58.76,WEEK_END_CLOSE,3.909999999999947,0.39296087476508035
MPC,2025-12-11 00:00:00,2025-12-12 00:00:00,0.0647709320695102,6.0,2025-12-12 09:46:00,187.3,49.04792352799638,47.44692118983652,5,936.5,177.935,196.66500000000002,2025-12-12 15:59:00,185.79,WEEK_END_CLOSE,-7.550000000000097,-0.8061932728243515
AMT,2025-12-11 00:00:00,2025-12-12 00:00:00,0.1126760563380281,10.0,2025-12-12 09:50:00,182.585,59.30864446073747,58.09905277505018,5,912.9250000000001,173.45575,191.71425000000002,2025-12-12 15:59:00,180.6,WEEK_END_CLOSE,-9.925000000000068,-1.0871648821097146
FDX,2025-12-12 00:00:00,2025-12-15 00:00:00,0.0211197736265542,3.0,2025-12-15 09:47:00,282.785,51.949346183682486,48.76597326515001,3,848.355,268.64575,296.92425000000003,2025-12-19 15:59:00,288.82,WEEK_END_CLOSE,18.104999999999905,2.1341301695634307
AON,2025-12-12 00:00:00,2025-12-15 00:00:00,0.0579710144927536,8.0,2025-12-15 09:52:00,353.525,52.49591474357708,52.19727041975948,2,707.05,335.84874999999994,371.20125,2025-12-19 15:59:00,350.04,WEEK_END_CLOSE,-6.969999999999914,-0.9857860123046347
CME,2025-12-12 00:00:00,2025-12-15 00:00:00,0.0554487863904904,6.0,2025-12-15 09:52:00,274.69,57.034356436367126,54.06692542934566,3,824.0699999999999,260.9555,288.4245,2025-12-19 15:59:00,269.09,WEEK_END_CLOSE,-16.800000000000068,-2.038661764170524
PCAR,2025-12-12 00:00:00,2025-12-15 00:00:00,0.0054585152838427,1.0,2025-12-15 09:52:00,112.32,51.99692909822263,50.18016335970939,8,898.56,106.704,117.93599999999999,2025-12-19 15:59:00,111.57,WEEK_END_CLOSE,-6.0,-0.6677350427350404
AEP,2025-12-12 00:00:00,2025-12-15 00:00:00,0.04,4.0,2025-12-15 10:03:00,115.115,57.86417225083499,57.18488092957036,8,920.92,109.35924999999999,120.87075,2025-12-19 15:59:00,114.49,WEEK_END_CLOSE,-5.0,-0.542935325544025
CRH,2025-12-12 00:00:00,2025-12-15 00:00:00,0.0584999408494025,9.0,2025-12-15 10:05:00,127.99,65.3250277035637,57.14368565302476,7,895.93,121.59049999999999,134.3895,2025-12-19 15:59:00,124.45,WEEK_END_CLOSE,-24.779999999999944,-2.7658410813344747
QCOM,2025-12-12 00:00:00,2025-12-15 00:00:00,0.0902655205547113,10.0,2025-12-15 10:05:00,178.6,49.28690273936919,44.29603173037058,5,893.0,169.67,187.53,2025-12-19 15:59:00,175.25,WEEK_END_CLOSE,-16.74999999999997,-1.875699888017912
CMCSA,2025-12-12 00:00:00,2025-12-15 00:00:00,0.0062038031498416,2.0,2025-12-15 10:08:00,27.72,54.68116552489619,53.333520348117325,36,997.92,26.333999999999996,29.106,2025-12-16 10:25:00,29.106,TAKE_PROFIT,49.8960000000001,5.000000000000004
SPGI,2025-12-12 00:00:00,2025-12-15 00:00:00,0.0494595199536543,5.0,2025-12-15 10:09:00,501.46,54.17759735836024,49.308579037462856,1,501.46,476.38699999999994,526.533,2025-12-19 15:59:00,512.47,WEEK_END_CLOSE,11.010000000000048,2.195588880469046
RSG,2025-12-12 00:00:00,2025-12-15 00:00:00,0.0555555555555555,7.0,2025-12-15 10:23:00,215.195,63.74913247153664,60.18650598581079,4,860.78,204.43525,225.95475,2025-12-19 15:59:00,213.02,WEEK_END_CLOSE,-8.699999999999932,-1.0107112154092768
LIN,2025-12-15 00:00:00,2025-12-16 00:00:00,0.0742481203007518,9.0,2025-12-16 09:50:00,417.9,54.70003888639994,51.13919087014943,2,835.8,397.00499999999994,438.795,2025-12-19 15:59:00,421.56,WEEK_END_CLOSE,7.32000000000005,0.8758076094759648
MO,2025-12-15 00:00:00,2025-12-16 00:00:00,0.0443773305802952,2.0,2025-12-16 09:51:00,59.08,47.755162351399825,46.368768060514604,16,945.28,56.126,62.034,2025-12-19 15:59:00,58.04,WEEK_END_CLOSE,-16.639999999999986,-1.7603249830738021
CEG,2025-12-15 00:00:00,2025-12-16 00:00:00,0.0537293460553874,5.0,2025-12-16 09:55:00,360.57,48.75097725922223,48.04887079597675,2,721.14,342.5415,378.5985,2025-12-17 10:44:00,342.5415,STOP_LOSS,-36.057000000000016,-5.000000000000004
MDT,2025-12-15 00:00:00,2025-12-16 00:00:00,0.0573577809120827,7.0,2025-12-16 09:55:00,97.77,44.37439006254103,41.19966516233089,10,977.6999999999999,92.88149999999999,102.6585,2025-12-19 15:59:00,98.6,WEEK_END_CLOSE,8.299999999999983,0.8489311649790388
CI,2025-12-15 00:00:00,2025-12-16 00:00:00,0.0360424028268551,1.0,2025-12-16 09:59:00,276.635,51.88563947443222,50.368599225688996,3,829.905,262.80325,290.46675,2025-12-19 15:59:00,271.89,WEEK_END_CLOSE,-14.235000000000014,-1.7152565655105145
SO,2025-12-15 00:00:00,2025-12-16 00:00:00,0.0817120622568093,10.0,2025-12-16 10:07:00,85.43,50.7962936971983,48.505985810326365,11,939.73,81.1585,89.70150000000001,2025-12-19 15:59:00,85.29,WEEK_END_CLOSE,-1.5400000000000063,-0.16387685824651443
TT,2025-12-15 00:00:00,2025-12-16 00:00:00,0.0552763819095477,6.0,2025-12-16 10:08:00,396.67,51.92088517174192,50.49259258050723,2,793.34,376.8365,416.50350000000003,2025-12-19 15:59:00,390.13,WEEK_END_CLOSE,-13.080000000000041,-1.6487256409610018
CMCSA,2025-12-15 00:00:00,2025-12-16 00:00:00,0.0502269732025186,3.0,2025-12-16 10:49:00,29.265,64.62777396125557,61.697043136342145,34,995.01,27.80175,30.728250000000003,2025-12-19 15:59:00,29.56,WEEK_END_CLOSE,10.029999999999937,1.0080300700495481
JCI,2025-12-16 00:00:00,2025-12-17 00:00:00,0.0769230769230769,9.0,2025-12-17 09:45:00,119.13,53.161134111560195,52.964687646793244,8,953.04,113.17349999999999,125.0865,2025-12-19 15:59:00,119.5,WEEK_END_CLOSE,2.9600000000000364,0.3105850751280226
TRV,2025-12-16 00:00:00,2025-12-17 00:00:00,0.0227272727272727,4.0,2025-12-17 09:45:00,289.57,57.04759448317774,55.121067303906216,3,868.71,275.0915,304.0485,2025-12-19 15:59:00,292.74,WEEK_END_CLOSE,9.510000000000048,1.0947266636737396
PH,2025-12-16 00:00:00,2025-12-17 00:00:00,0.0357142857142857,5.0,2025-12-17 09:50:00,878.81,57.53838969796601,56.01012061611373,1,878.81,834.8694999999999,922.7505,2025-12-19 15:59:00,873.8,WEEK_END_CLOSE,-5.009999999999991,-0.5700890977571982
ICE,2025-12-16 00:00:00,2025-12-17 00:00:00,0.0163487738419618,2.0,2025-12-17 10:00:00,161.09,49.164748887256856,48.52418979424172,6,966.54,153.03549999999998,169.14450000000002,2025-12-19 15:59:00,160.29,WEEK_END_CLOSE,-4.800000000000068,-0.4966167980631986
WMB,2025-12-16 00:00:00,2025-12-17 00:00:00,0.0175438596491228,3.0,2025-12-17 10:23:00,58.575,51.828060875143116,46.3638983720911,17,995.7750000000001,55.64625,61.503750000000004,2025-12-19 15:59:00,58.24,WEEK_END_CLOSE,-5.6950000000000145,-0.5719163465642385
WM,2025-12-17 00:00:00,2025-12-18 00:00:00,0.079295154185022,7.0,2025-12-18 09:47:00,218.77,47.74798620103393,46.64341332900999,4,875.08,207.8315,229.70850000000002,2025-12-19 15:59:00,216.333,WEEK_END_CLOSE,-9.748000000000047,-1.113955295515845
GILD,2025-12-17 00:00:00,2025-12-18 00:00:00,0.0455252918287937,5.0,2025-12-18 09:56:00,121.47,53.34945696972153,52.564608419625436,8,971.76,115.39649999999999,127.54350000000001,2025-12-19 15:59:00,124.34,WEEK_END_CLOSE,22.960000000000036,2.362723306166137
RTX,2025-12-17 00:00:00,2025-12-18 00:00:00,0.0840759395583107,9.0,2025-12-18 09:59:00,179.105,58.599107133971835,55.938346283510455,5,895.525,170.14974999999998,188.06025,2025-12-19 15:59:00,182.09,WEEK_END_CLOSE,14.925000000000068,1.6666201390246105
TXN,2025-12-18 00:00:00,2025-12-19 00:00:00,0.0521890403015366,10.0,2025-12-19 09:50:00,177.645,53.81356651101322,52.980128377203954,5,888.225,168.76275,186.52725,2025-12-19 15:59:00,176.31,WEEK_END_CLOSE,-6.67500000000004,-0.7514987756480629
CSX,2025-12-18 00:00:00,2025-12-19 00:00:00,0.0064935064935064,1.0,2025-12-19 09:51:00,36.605,56.27546512042547,47.58205823236673,27,988.3349999999999,34.77475,38.435249999999996,2025-12-19 15:59:00,36.47,WEEK_END_CLOSE,-3.6449999999999463,-0.368802076219088
ROST,2025-12-18 00:00:00,2025-12-19 00:00:00,0.0424028268551236,8.0,2025-12-19 09:51:00,182.72,58.339978902841914,54.67746697456494,5,913.6,173.584,191.856,2025-12-19 15:59:00,182.39,WEEK_END_CLOSE,-1.6500000000000625,-0.18060420315236803
EMR,2025-12-18 00:00:00,2025-12-19 00:00:00,0.0158102766798418,4.0,2025-12-19 09:53:00,132.25,51.10406713060093,49.32522017735417,7,925.75,125.63749999999999,138.8625,2025-12-19 15:59:00,132.96,WEEK_END_CLOSE,4.970000000000056,0.5368620037807137
TFC,2025-12-18 00:00:00,2025-12-19 00:00:00,0.0490867579908675,9.0,2025-12-19 09:58:00,50.08,53.05769505744572,51.89771930260077,19,951.52,47.57599999999999,52.584,2025-12-19 15:59:00,50.075,WEEK_END_CLOSE,-0.0949999999999136,-0.0099840255590955
USB,2025-12-18 00:00:00,2025-12-19 00:00:00,0.0080526688067903,2.0,2025-12-19 10:03:00,54.05,61.01022599707003,54.80369522161915,18,972.9,51.3475,56.7525,2025-12-19 15:59:00,54.155,WEEK_END_CLOSE,1.8900000000000716,0.1942645698427503
SO,2025-12-19 00:00:00,2025-12-22 00:00:00,0.0277777777777777,7.0,2025-12-22 09:46:00,85.04,38.05195029597122,37.96081272579042,11,935.44,80.788,89.29200000000002,2025-12-26 15:59:00,87.18,WEEK_END_CLOSE,23.540000000000006,2.5164628410159873
CMCSA,2025-12-19 00:00:00,2025-12-22 00:00:00,0.0040287769784172,1.0,2025-12-22 09:50:00,29.605,47.71036214493177,46.52795685393382,33,976.965,28.12475,31.085250000000002,2025-12-26 15:59:00,29.655,WEEK_END_CLOSE,1.6500000000000234,0.16889039013681106
MDT,2025-12-19 00:00:00,2025-12-22 00:00:00,0.019222367846221,6.0,2025-12-22 09:51:00,97.415,38.073513116486524,37.03490715862081,10,974.1500000000001,92.54425,102.28575000000001,2025-12-26 15:59:00,96.54,WEEK_END_CLOSE,-8.75,-0.8982189601190793
CRH,2025-12-19 00:00:00,2025-12-22 00:00:00,0.0287408759124087,8.0,2025-12-22 09:53:00,124.9,46.33024251890155,46.14149536516527,8,999.2,118.655,131.145,2025-12-26 15:59:00,128.97,WEEK_END_CLOSE,32.559999999999945,3.2586068855084083
ICE,2025-12-19 00:00:00,2025-12-22 00:00:00,0.0081967213114754,3.0,2025-12-22 09:54:00,160.255,51.2851551430778,46.71698065350389,6,961.53,152.24224999999998,168.26775,2025-12-26 15:59:00,163.52,WEEK_END_CLOSE,19.59000000000009,2.0373779289257765
SPGI,2025-12-19 00:00:00,2025-12-22 00:00:00,0.0059405940594059,2.0,2025-12-22 10:00:00,515.62,57.03944451863569,56.09860282944195,1,515.62,489.839,541.4010000000001,2025-12-26 15:59:00,529.47,WEEK_END_CLOSE,13.850000000000023,2.6860866529614835
AFL,2025-12-19 00:00:00,2025-12-22 00:00:00,0.0173010380622837,5.0,2025-12-22 10:01:00,110.12,43.78004382696269,43.61712226105314,9,991.08,104.614,115.626,2025-12-26 15:59:00,109.91,WEEK_END_CLOSE,-1.8900000000000716,-0.19070105339630272
FDX,2025-12-19 00:00:00,2025-12-22 00:00:00,0.0111344537815126,4.0,2025-12-22 10:16:00,288.49,55.12433394392648,49.50739748029673,3,865.47,274.0655,302.91450000000003,2025-12-26 15:59:00,296.44,WEEK_END_CLOSE,23.849999999999966,2.7557281014939816
AJG,2025-12-19 00:00:00,2025-12-22 00:00:00,0.04,10.0,2025-12-22 10:18:00,257.1099,56.623871725368474,55.0977079234112,3,771.3297,244.25440499999996,269.965395,2025-12-26 15:59:00,261.56,WEEK_END_CLOSE,13.350300000000061,1.730816277397329
BX,2025-12-22 00:00:00,2025-12-23 00:00:00,0.1256101062302612,10.0,2025-12-23 09:45:00,156.4,56.91481204484539,56.00914888701326,6,938.4000000000001,148.58,164.22,2025-12-26 15:59:00,155.44,WEEK_END_CLOSE,-5.760000000000048,-0.6138107416879812
RTX,2025-12-22 00:00:00,2025-12-23 00:00:00,0.1185819070904645,9.0,2025-12-23 09:45:00,187.015,63.22249090547719,54.20881226261526,5,935.0749999999999,177.66424999999998,196.36575,2025-12-26 15:59:00,185.17,WEEK_END_CLOSE,-9.224999999999994,-0.9865518808651719
WMB,2025-12-22 00:00:00,2025-12-23 00:00:00,0.0634920634920634,6.0,2025-12-23 09:45:00,59.05,52.63032717895119,52.4350219853886,16,944.8,56.0975,62.0025,2025-12-26 15:59:00,59.52,WEEK_END_CLOSE,7.5200000000000955,0.7959356477561519
NSC,2025-12-22 00:00:00,2025-12-23 00:00:00,0.0952380952380952,8.0,2025-12-23 09:47:00,291.5,49.01423410732745,47.27094518029829,3,874.5,276.925,306.075,2025-12-26 15:59:00,291.07,WEEK_END_CLOSE,-1.2900000000000205,-0.1475128644940038
ADP,2025-12-22 00:00:00,2025-12-23 00:00:00,0.0617283950617283,5.0,2025-12-23 09:55:00,258.77,52.02590822414421,46.173706054587115,3,776.31,245.83149999999998,271.7085,2025-12-26 15:59:00,258.75,WEEK_END_CLOSE,-0.05999999999994543,-0.007728871198353637
KMI,2025-12-22 00:00:00,2025-12-23 00:00:00,0.0068717623427423,1.0,2025-12-23 10:10:00,26.975,56.99003397307106,56.3677860336908,37,998.075,25.62625,28.323750000000004,2025-12-26 15:59:00,27.195,WEEK_END_CLOSE,8.139999999999958,0.8155699721964726
COP,2025-12-22 00:00:00,2025-12-23 00:00:00,0.0907281001137656,7.0,2025-12-23 10:16:00,92.845,43.21335605923368,43.10260894738751,10,928.45,88.20275,97.48725,2025-12-26 15:59:00,91.54,WEEK_END_CLOSE,-13.049999999999926,-1.4055684204857477
APO,2025-12-23 00:00:00,2025-12-24 00:00:00,0.155,10.0,2025-12-24 09:47:00,148.15,47.64834685690615,45.98522413946526,6,888.9000000000001,140.7425,155.5575,2025-12-26 15:59:00,148.53,WEEK_END_CLOSE,2.2799999999999727,0.25649679379007306
HPE,2025-12-23 00:00:00,2025-12-24 00:00:00,0.1176470588235294,6.0,2025-12-24 09:54:00,24.64,55.63908267349825,46.61089534377447,40,985.6,23.407999999999998,25.872000000000003,2025-12-26 15:59:00,24.5,WEEK_END_CLOSE,-5.600000000000023,-0.5681818181818232
UBER,2025-12-23 00:00:00,2025-12-24 00:00:00,0.1397625749602251,9.0,2025-12-24 10:01:00,80.865,59.06997495639304,57.97391730323722,12,970.3799999999999,76.82175,84.90825,2025-12-26 15:59:00,81.255,WEEK_END_CLOSE,4.680000000000007,0.4822852902986563
DHR,2025-12-24 00:00:00,2025-12-26 00:00:00,0.0,1.0,2025-12-26 09:53:00,231.18,52.608399719633425,50.65884635823617,4,924.72,219.621,242.739,2025-12-26 15:59:00,230.37,WEEK_END_CLOSE,-3.240000000000009,-0.3503763301323626
REGN,2025-12-24 00:00:00,2025-12-26 00:00:00,0.0099099099099099,6.0,2025-12-26 09:58:00,784.82,51.25616354532007,47.094518694214734,1,784.82,745.5790000000001,824.061,2025-12-26 15:59:00,784.48,WEEK_END_CLOSE,-0.34000000000003183,-0.04332203562600334
DASH,2025-12-24 00:00:00,2025-12-26 00:00:00,0.0190440627333831,7.0,2025-12-26 10:07:00,232.67,54.657947179463996,50.99056525877816,4,930.68,221.0365,244.30349999999999,2025-12-26 15:59:00,233.95,WEEK_END_CLOSE,5.1200000000000045,0.5501353848798685
ABNB,2025-12-26 00:00:00,2025-12-29 00:00:00,0.0827740492170022,8.0,2025-12-29 09:47:00,136.97,57.445812829275795,55.71544664551341,7,958.79,130.1215,143.8185,2026-01-02 15:59:00,133.0,WEEK_END_CLOSE,-27.789999999999992,-2.8984449149448754
CMCSA,2025-12-26 00:00:00,2025-12-29 00:00:00,0.009417304296645,1.0,2025-12-29 09:47:00,29.675,56.20961956852615,54.91107894383626,33,979.275,28.19125,31.15875,2026-01-02 15:59:00,29.533,WEEK_END_CLOSE,-4.685999999999982,-0.47851727042965697
FTNT,2025-12-26 00:00:00,2025-12-29 00:00:00,0.1226158038147139,10.0,2025-12-29 09:47:00,81.6202,54.56611215413608,52.1740006484597,12,979.4423999999999,77.53918999999999,85.70121,2026-01-02 10:11:00,77.53918999999999,STOP_LOSS,-48.972120000000075,-5.000000000000004
SPGI,2025-12-26 00:00:00,2025-12-29 00:00:00,0.1020408163265306,9.0,2025-12-29 09:47:00,530.48,57.67137546106999,55.10784029112539,1,530.48,503.956,557.004,2026-01-02 15:59:00,512.66,WEEK_END_CLOSE,-17.82000000000005,-3.359221836827031
CSX,2025-12-26 00:00:00,2025-12-29 00:00:00,0.0476190476190476,2.0,2025-12-29 09:49:00,36.669,53.99221069475308,53.05544549021982,27,990.0629999999999,34.83555,38.502449999999996,2026-01-02 15:59:00,36.26,WEEK_END_CLOSE,-11.04299999999997,-1.1153835665003053
ISRG,2025-12-26 00:00:00,2025-12-29 00:00:00,0.0571081409477521,3.0,2025-12-29 09:54:00,579.6,58.94573648725929,58.19296935995825,1,579.6,550.62,608.58,2026-01-02 15:59:00,561.875,WEEK_END_CLOSE,-17.725000000000023,-3.0581435472739837
CL,2025-12-26 00:00:00,2025-12-29 00:00:00,0.08,7.0,2025-12-29 10:12:00,79.95,54.3043839853053,51.035128605711364,12,959.4000000000001,75.9525,83.9475,2026-01-02 15:59:00,77.679,WEEK_END_CLOSE,-27.25200000000001,-2.8405253283302123
GLW,2025-12-26 00:00:00,2025-12-29 00:00:00,0.0613069016152716,5.0,2025-12-29 10:15:00,88.7,47.861948989512605,41.89048472202967,11,975.7,84.265,93.135,2026-01-02 15:59:00,90.67,WEEK_END_CLOSE,21.669999999999987,2.2209695603156776
KMI,2025-12-26 00:00:00,2025-12-29 00:00:00,0.0597722960151802,4.0,2025-12-29 10:33:00,27.415,63.36486306377167,62.806317494807395,36,986.9399999999999,26.044249999999998,28.78575,2026-01-02 15:59:00,27.71,WEEK_END_CLOSE,10.620000000000061,1.076053255517051
T,2025-12-26 00:00:00,2025-12-29 00:00:00,0.0742201505916099,6.0,2025-12-29 10:48:00,24.905,62.6095457096572,60.041663236068025,40,996.2,23.65975,26.150250000000003,2026-01-02 15:59:00,24.55,WEEK_END_CLOSE,-14.200000000000017,-1.4254165830154597
MS,2025-12-29 00:00:00,2025-12-30 00:00:00,0.166887919590366,6.0,2025-12-30 09:47:00,179.01,41.08083253341821,41.068137174723454,5,895.05,170.05949999999999,187.9605,2026-01-02 15:59:00,181.92,WEEK_END_CLOSE,14.549999999999983,1.6256075079604582
WMB,2025-12-29 00:00:00,2025-12-30 00:00:00,0.1027397260273972,4.0,2025-12-30 09:47:00,60.075,50.14574093500041,47.79357426427909,16,961.2,57.07125,63.07875000000001,2026-01-02 15:59:00,60.84,WEEK_END_CLOSE,12.240000000000009,1.2734082397003688
CSCO,2025-12-29 00:00:00,2025-12-30 00:00:00,0.2276480301958009,10.0,2025-12-30 09:48:00,77.41,47.01704892332539,44.547796424584085,12,928.92,73.53949999999999,81.2805,2026-01-02 15:59:00,76.04,WEEK_END_CLOSE,-16.439999999999884,-1.7697971838263715
HPE,2025-12-29 00:00:00,2025-12-30 00:00:00,0.1753554502369668,9.0,2025-12-30 09:48:00,24.325,53.164600247043644,47.73070118534381,41,997.3249999999999,23.108749999999997,25.54125,2026-01-02 15:59:00,24.17,WEEK_END_CLOSE,-6.354999999999901,-0.6372045220966016
UNP,2025-12-29 00:00:00,2025-12-30 00:00:00,0.174496644295302,8.0,2025-12-30 10:00:00,234.425,54.197508676191894,50.12998731039874,4,937.7,222.70375,246.14625,2026-01-02 15:59:00,231.91,WEEK_END_CLOSE,-10.06000000000006,-1.0728377946038203
REGN,2025-12-29 00:00:00,2025-12-30 00:00:00,0.0934959349593495,3.0,2025-12-30 10:04:00,774.77,47.50189036964406,44.06695138504897,1,774.77,736.0314999999999,813.5085,2026-01-02 15:59:00,776.28,WEEK_END_CLOSE,1.509999999999991,0.19489654994384598
VZ,2025-12-29 00:00:00,2025-12-30 00:00:00,0.1720820189274448,7.0,2025-12-30 10:05:00,40.48,49.88518321246904,45.48917383912591,24,971.52,38.455999999999996,42.504,2026-01-02 15:59:00,40.46,WEEK_END_CLOSE,-0.4799999999999045,-0.04940711462450009
PEP,2025-12-29 00:00:00,2025-12-30 00:00:00,0.1199281867145422,5.0,2025-12-30 10:50:00,144.2227,45.328398771605514,44.88626711313212,6,865.3362,137.011565,151.43383500000002,2026-01-02 15:59:00,142.24,WEEK_END_CLOSE,-11.896199999999965,-1.3747489126191614
ADP,2025-12-30 00:00:00,2025-12-31 00:00:00,0.0964705882352941,5.0,2025-12-31 09:46:00,259.28,48.18494313168314,47.73399881918799,3,777.8399999999999,246.31599999999997,272.24399999999997,2026-01-02 15:59:00,252.84,WEEK_END_CLOSE,-19.319999999999908,-2.483801295896315
HLT,2025-12-30 00:00:00,2025-12-31 00:00:00,0.1306666666666666,7.0,2025-12-31 09:46:00,289.435,44.454116416985705,33.55894435280409,3,868.3050000000001,274.96325,303.90675,2026-01-02 15:59:00,292.98,WEEK_END_CLOSE,10.635000000000048,1.2248000414600835
CTAS,2025-12-30 00:00:00,2025-12-31 00:00:00,0.1466666666666666,10.0,2025-12-31 09:47:00,190.345,47.54286764529422,46.41802684302367,5,951.725,180.82774999999998,199.86225000000002,2026-01-02 15:59:00,184.83,WEEK_END_CLOSE,-27.574999999999932,-2.8973705639759317
FDX,2025-12-30 00:00:00,2025-12-31 00:00:00,0.0045708481462671,2.0,2025-12-31 09:49:00,290.4,44.6596253021064,43.78373924943182,3,871.1999999999999,275.87999999999994,304.92,2026-01-02 15:59:00,293.12,WEEK_END_CLOSE,8.160000000000082,0.9366391184573164
NSC,2025-12-30 00:00:00,2025-12-31 00:00:00,0.0,1.0,2025-12-31 09:50:00,290.27,48.956538859575936,47.58953946568818,3,870.81,275.75649999999996,304.7835,2026-01-02 15:59:00,287.81,WEEK_END_CLOSE,-7.379999999999939,-0.8474868226134191
RTX,2025-12-30 00:00:00,2025-12-31 00:00:00,0.142548596112311,9.0,2025-12-31 09:51:00,183.29,50.50842851439078,47.1961410010209,5,916.4499999999999,174.1255,192.4545,2026-01-02 15:59:00,187.24,WEEK_END_CLOSE,19.750000000000085,2.1550548311419115
DLR,2025-12-31 00:00:00,2026-01-02 00:00:00,0.0769230769230769,5.0,2026-01-02 09:45:00,154.47,47.631940237909426,45.3078051250288,6,926.8199999999999,146.7465,162.1935,2026-01-02 15:59:00,155.03,WEEK_END_CLOSE,3.3600000000000136,0.362529941088896
TXN,2025-12-31 00:00:00,2026-01-02 00:00:00,0.1142578125,10.0,2026-01-02 09:47:00,175.62,53.29082407115881,46.306391070794184,5,878.1,166.839,184.401,2026-01-02 15:59:00,177.51,WEEK_END_CLOSE,9.449999999999932,1.0761872224120284
MDT,2025-12-31 00:00:00,2026-01-02 00:00:00,0.0357142857142857,3.0,2026-01-02 09:50:00,95.46,39.10655280325636,37.15389086459233,10,954.5999999999999,90.68699999999998,100.233,2026-01-02 15:59:00,96.05,WEEK_END_CLOSE,5.900000000000034,0.6180599203855053
USB,2025-12-31 00:00:00,2026-01-02 00:00:00,0.0121415654869542,2.0,2026-01-02 09:50:00,53.14,38.42908612810109,37.934480110515366,18,956.52,50.483,55.797000000000004,2026-01-02 15:59:00,53.92,WEEK_END_CLOSE,14.04000000000002,1.4678208505833679
CDNS,2025-12-31 00:00:00,2026-01-02 00:00:00,0.1,7.0,2026-01-02 09:54:00,313.91,50.523427600034914,47.417045618851446,3,941.73,298.2145,329.60550000000006,2026-01-02 15:59:00,310.29,WEEK_END_CLOSE,-10.860000000000014,-1.153196776146026
ETN,2025-12-31 00:00:00,2026-01-02 00:00:00,0.0855949895615866,6.0,2026-01-02 10:19:00,326.505,58.70810813749314,57.41078442021213,3,979.515,310.17974999999996,342.83025000000004,2026-01-02 15:59:00,327.26,WEEK_END_CLOSE,2.2649999999999864,0.23123688764337125
FTNT,2025-12-31 00:00:00,2026-01-02 00:00:00,0.1048780487804878,8.0,2026-01-02 10:25:00,77.32,34.7071173921984,33.46044786637223,12,927.8399999999999,73.454,81.18599999999999,2026-01-02 15:59:00,77.865,WEEK_END_CLOSE,6.5400000000000205,0.7048629073978185
KMI,2026-01-02 00:00:00,2026-01-05 00:00:00,0.0882012222343129,4.0,2026-01-05 09:46:00,27.575,40.561563916618255,35.98240859867985,36,992.6999999999999,26.19625,28.95375,2026-01-09 15:59:00,27.13,WEEK_END_CLOSE,-16.02000000000001,-1.6137805983680864
MO,2026-01-02 00:00:00,2026-01-05 00:00:00,0.1041681149461871,5.0,2026-01-05 09:46:00,56.53,33.020943284560886,27.52624954983417,17,961.01,53.7035,59.356500000000004,2026-01-09 15:59:00,57.51,WEEK_END_CLOSE,16.659999999999947,1.7335927825933073
FDX,2026-01-02 00:00:00,2026-01-05 00:00:00,0.0499421207658321,1.0,2026-01-05 09:47:00,293.795,57.59630651756184,49.10216633592351,3,881.385,279.10525,308.48475,2026-01-07 09:30:00,308.48475,TAKE_PROFIT,44.06925000000001,5.000000000000004
DUK,2026-01-02 00:00:00,2026-01-05 00:00:00,0.1849148418491484,9.0,2026-01-05 09:48:00,116.08,33.39610800840782,30.495643050184707,8,928.64,110.276,121.884,2026-01-09 15:59:00,116.815,WEEK_END_CLOSE,5.8799999999999955,0.6331840110268772
NFLX,2026-01-02 00:00:00,2026-01-05 00:00:00,0.1204385936306999,6.0,2026-01-05 10:00:00,91.74,50.878765799317236,50.39228712669103,10,917.4,87.15299999999999,96.327,2026-01-09 15:59:00,89.435,WEEK_END_CLOSE,-23.049999999999926,-2.5125354262044874
CTAS,2026-01-02 00:00:00,2026-01-05 00:00:00,0.1773774916943521,8.0,2026-01-05 10:20:00,185.445,50.98589539398997,46.32847492657801,5,927.2249999999999,176.17274999999998,194.71725,2026-01-09 15:59:00,193.13,WEEK_END_CLOSE,38.42500000000001,4.144085847555878
MA,2026-01-02 00:00:00,2026-01-05 00:00:00,0.2158836235836694,10.0,2026-01-05 10:25:00,572.84,62.66128020898318,62.56685663793934,1,572.84,544.198,601.4820000000001,2026-01-09 15:59:00,575.48,WEEK_END_CLOSE,2.6399999999999864,0.4608616716709646
SPGI,2026-01-02 00:00:00,2026-01-05 00:00:00,0.1285697746217968,7.0,2026-01-05 10:27:00,532.445,71.73763139387798,71.64297085314642,1,532.445,505.82275000000004,559.0672500000001,2026-01-09 15:59:00,541.95,WEEK_END_CLOSE,9.504999999999995,1.7851609086384501
AON,2026-01-02 00:00:00,2026-01-05 00:00:00,0.074074074074074,2.0,2026-01-05 10:28:00,345.53,56.39560641511796,55.664853088783424,2,691.06,328.2535,362.80649999999997,2026-01-09 15:59:00,350.79,WEEK_END_CLOSE,10.520000000000095,1.5222990767806088
CMCSA,2026-01-02 00:00:00,2026-01-05 00:00:00,0.0820532428041521,3.0,2026-01-05 10:41:00,27.855,39.352950275076104,36.30146993100437,35,974.9250000000001,26.46225,29.24775,2026-01-09 15:59:00,28.36,WEEK_END_CLOSE,17.674999999999965,1.8129599712798372
MPC,2026-01-05 00:00:00,2026-01-06 00:00:00,0.0994437661104327,7.0,2026-01-06 09:45:00,173.78,41.809952271407575,39.815723414940756,5,868.9,165.09099999999998,182.46900000000002,2026-01-09 15:59:00,176.26,WEEK_END_CLOSE,12.399999999999949,1.427091725169749
JCI,2026-01-05 00:00:00,2026-01-06 00:00:00,0.0105680317040951,1.0,2026-01-06 09:49:00,111.97,39.590690556240695,35.26020333653331,8,895.76,106.3715,117.5685,2026-01-09 15:59:00,110.85,WEEK_END_CLOSE,-8.960000000000036,-1.0002679289095373
MDT,2026-01-05 00:00:00,2026-01-06 00:00:00,0.1103876640456079,8.0,2026-01-06 09:50:00,99.71,66.28575355946964,63.97512199339106,10,997.0999999999999,94.72449999999999,104.6955,2026-01-09 15:59:00,97.545,WEEK_END_CLOSE,-21.64999999999992,-2.1712967606057454
ITW,2026-01-05 00:00:00,2026-01-06 00:00:00,0.0317460317460317,3.0,2026-01-06 10:00:00,248.48,50.19015303996771,50.046705705044936,4,993.92,236.05599999999998,260.904,2026-01-09 15:59:00,255.08,WEEK_END_CLOSE,26.40000000000009,2.6561493882807596
DHR,2026-01-05 00:00:00,2026-01-06 00:00:00,0.1534964918891299,10.0,2026-01-06 10:03:00,238.83,64.1213983503689,61.34208334229054,4,955.32,226.8885,250.77150000000003,2026-01-09 15:59:00,238.33,WEEK_END_CLOSE,-2.0,-0.20935393376041445
MCO,2026-01-05 00:00:00,2026-01-06 00:00:00,0.1508704061895551,9.0,2026-01-06 10:14:00,529.3,47.22636865410055,47.05683918137355,1,529.3,502.8349999999999,555.765,2026-01-09 15:59:00,531.8,WEEK_END_CLOSE,2.5,0.4723219346306484
ECL,2026-01-05 00:00:00,2026-01-06 00:00:00,0.0609756097560975,6.0,2026-01-06 10:30:00,268.21,64.31239015462565,63.088988935106435,3,804.6299999999999,254.79949999999997,281.6205,2026-01-09 15:59:00,271.73,WEEK_END_CLOSE,10.560000000000116,1.3124044591924289
WELL,2026-01-05 00:00:00,2026-01-06 00:00:00,0.031578947368421,2.0,2026-01-06 11:20:00,184.25,50.868165378465555,46.79170722521928,5,921.25,175.0375,193.4625,2026-01-09 15:59:00,186.09,WEEK_END_CLOSE,9.200000000000017,0.9986431478968827
MSI,2026-01-06 00:00:00,2026-01-07 00:00:00,0.0694444444444444,4.0,2026-01-07 09:47:00,380.2186,45.8159628179537,44.0084502967745,2,760.4372,361.20766999999995,399.22953,2026-01-09 15:59:00,383.29,WEEK_END_CLOSE,6.142800000000079,0.8077984612010036
ALL,2026-01-06 00:00:00,2026-01-07 00:00:00,0.0851063829787234,7.0,2026-01-07 09:56:00,208.82,52.8850785723337,46.412155130537904,4,835.28,198.379,219.261,2026-01-09 15:59:00,212.215,WEEK_END_CLOSE,13.580000000000041,1.6258021262331335
TFC,2026-01-06 00:00:00,2026-01-07 00:00:00,0.102803738317757,9.0,2026-01-07 09:59:00,50.7021,42.487069853425936,42.278980062520795,19,963.3399000000001,48.166995,53.237205,2026-01-09 15:59:00,50.61,WEEK_END_CLOSE,-1.7499000000000393,-0.18164928079902332
APH,2026-01-06 00:00:00,2026-01-07 00:00:00,0.0596990243095749,3.0,2026-01-07 10:03:00,139.315,52.93511550497265,51.53383071489946,7,975.2049999999999,132.34924999999998,146.28075,2026-01-09 15:59:00,140.14,WEEK_END_CLOSE,5.77499999999992,0.5921831819976298
CSX,2026-01-06 00:00:00,2026-01-07 00:00:00,0.0442608803232337,2.0,2026-01-07 10:26:00,35.435,39.0580072809368,35.19865122077844,28,992.1800000000001,33.66325,37.20675000000001,2026-01-09 15:59:00,35.19,WEEK_END_CLOSE,-6.860000000000127,-0.6914068011852792
FDX,2026-01-06 00:00:00,2026-01-07 00:00:00,0.0175748180055699,1.0,2026-01-07 10:28:00,307.0,56.67324537541968,53.526166958900596,3,921.0,291.65,322.35,2026-01-09 15:59:00,312.36,WEEK_END_CLOSE,16.08000000000004,1.7459283387622149
PGR,2026-01-06 00:00:00,2026-01-07 00:00:00,0.1306122448979591,10.0,2026-01-07 10:32:00,212.32,50.980203131507956,44.91030272321154,4,849.28,201.70399999999998,222.936,2026-01-09 15:59:00,215.15,WEEK_END_CLOSE,11.32000000000005,1.3328937452901313
APD,2026-01-07 00:00:00,2026-01-08 00:00:00,0.0935251798561151,9.0,2026-01-08 09:52:00,262.72,54.99611163027377,53.369414156861275,3,788.1600000000001,249.584,275.85600000000005,2026-01-09 15:59:00,263.73,WEEK_END_CLOSE,3.0299999999999727,0.3844397076735673
EQIX,2026-01-07 00:00:00,2026-01-08 00:00:00,0.0350877192982456,3.0,2026-01-08 10:53:00,778.69,51.85085239790897,50.14718536939102,1,778.69,739.7555,817.6245000000001,2026-01-09 15:59:00,800.4,WEEK_END_CLOSE,21.709999999999923,2.7880157700753694
ORLY,2026-01-08 00:00:00,2026-01-09 00:00:00,0.0379746835443038,6.0,2026-01-09 09:51:00,92.42,58.44471161499045,52.18017288250883,10,924.2,87.79899999999999,97.04100000000001,2026-01-09 15:59:00,93.8,WEEK_END_CLOSE,13.799999999999955,1.4931832936593725
T,2026-01-08 00:00:00,2026-01-09 00:00:00,0.0773854045938337,10.0,2026-01-09 09:51:00,24.225,49.517960716228046,45.50121674295445,41,993.225,23.01375,25.43625,2026-01-09 15:59:00,23.985,WEEK_END_CLOSE,-9.840000000000082,-0.9907120743034126
ICE,2026-01-08 00:00:00,2026-01-09 00:00:00,0.0196078431372549,3.0,2026-01-09 10:05:00,163.74,52.46664367833462,50.99197774225409,6,982.44,155.553,171.92700000000002,2026-01-09 15:59:00,165.98,WEEK_END_CLOSE,13.439999999999884,1.3680224746549285
FDX,2026-01-09 00:00:00,2026-01-12 00:00:00,0.0043838141713786,1.0,2026-01-12 09:45:00,312.06,57.093740112810025,49.6642503248746,3,936.1800000000001,296.457,327.663,2026-01-16 15:59:00,308.27,WEEK_END_CLOSE,-11.370000000000061,-1.2145100301224176
KMI,2026-01-09 00:00:00,2026-01-12 00:00:00,0.124134326452321,10.0,2026-01-12 09:45:00,27.1737,51.55671895646612,49.23319422947242,36,978.2532,25.815015,28.532385,2026-01-16 15:59:00,27.95,WEEK_END_CLOSE,27.946799999999968,2.856806397362144
ADP,2026-01-09 00:00:00,2026-01-12 00:00:00,0.0643410952276979,5.0,2026-01-12 09:52:00,264.135,39.00548219544,38.37523209511855,3,792.405,250.92825,277.34175,2026-01-16 15:59:00,260.44,WEEK_END_CLOSE,-11.08499999999998,-1.398905862532418
MPC,2026-01-09 00:00:00,2026-01-12 00:00:00,0.1,7.0,2026-01-12 09:52:00,175.27,48.29568290451527,43.451067695638244,5,876.35,166.5065,184.03350000000003,2026-01-16 15:59:00,175.61,WEEK_END_CLOSE,1.700000000000017,0.19398642095054264
DHR,2026-01-09 00:00:00,2026-01-12 00:00:00,0.0206297437402059,2.0,2026-01-12 10:05:00,238.97,60.113640585994084,58.31884398789794,4,955.88,227.02149999999997,250.91850000000002,2026-01-16 15:59:00,236.01,WEEK_END_CLOSE,-11.840000000000032,-1.238649202828812
SPGI,2026-01-09 00:00:00,2026-01-12 00:00:00,0.0936507936507936,6.0,2026-01-12 10:09:00,543.045,50.59009968956617,47.78192037693578,1,543.045,515.89275,570.1972499999999,2026-01-16 15:59:00,546.3,WEEK_END_CLOSE,3.2549999999999955,0.5993978399580158
MSI,2026-01-09 00:00:00,2026-01-12 00:00:00,0.058252427184466,4.0,2026-01-12 10:11:00,385.83,56.46072781530037,51.947425933750424,2,771.66,366.53849999999994,405.1215,2026-01-16 15:59:00,400.73,WEEK_END_CLOSE,29.800000000000068,3.8618044216364833
AFL,2026-01-09 00:00:00,2026-01-12 00:00:00,0.1008470353761833,8.0,2026-01-12 10:16:00,109.69,51.20356182965021,46.66092238704134,9,987.21,104.20549999999999,115.17450000000001,2026-01-16 15:59:00,109.5,WEEK_END_CLOSE,-1.7099999999999795,-0.17321542528945244
TRV,2026-01-09 00:00:00,2026-01-12 00:00:00,0.1111111111111111,9.0,2026-01-12 10:19:00,282.09,52.23898128014929,47.09035324302049,3,846.27,267.98549999999994,296.1945,2026-01-16 15:59:00,269.43,WEEK_END_CLOSE,-37.979999999999905,-4.487929384239065
CB,2026-01-09 00:00:00,2026-01-12 00:00:00,0.0253807106598984,3.0,2026-01-12 10:26:00,308.22,48.1598340907581,46.571671005013094,3,924.6600000000001,292.809,323.63100000000003,2026-01-16 15:59:00,300.75,WEEK_END_CLOSE,-22.410000000000082,-2.4235935370839123
EMR,2026-01-12 00:00:00,2026-01-13 00:00:00,0.0398671096345514,5.0,2026-01-13 09:46:00,146.51,59.305689601183666,55.488272888409114,6,879.06,139.18449999999999,153.8355,2026-01-16 15:59:00,149.44,WEEK_END_CLOSE,17.58000000000004,1.9998634905467272
JCI,2026-01-12 00:00:00,2026-01-13 00:00:00,0.0211267605633802,1.0,2026-01-13 09:48:00,111.72,51.50582679902586,50.299686904335395,8,893.76,106.134,117.306,2026-01-16 15:59:00,114.61,WEEK_END_CLOSE,23.120000000000005,2.5868242033655564
ICE,2026-01-12 00:00:00,2026-01-13 00:00:00,0.0244252873563218,3.0,2026-01-13 09:50:00,165.67,43.3652590861555,42.09044817906293,6,994.02,157.38649999999998,173.9535,2026-01-15 09:30:00,173.9535,TAKE_PROFIT,49.70100000000002,5.000000000000004
PLD,2026-01-12 00:00:00,2026-01-13 00:00:00,0.0803571428571428,8.0,2026-01-13 09:56:00,128.57,44.311710514688805,40.073142879949536,7,899.99,122.1415,134.9985,2026-01-16 15:59:00,133.22,WEEK_END_CLOSE,32.55000000000004,3.616706852298357
AMT,2026-01-12 00:00:00,2026-01-13 00:00:00,0.0808678500986193,9.0,2026-01-13 10:14:00,170.29,51.28511837459908,49.901573080985955,5,851.4499999999999,161.7755,178.8045,2026-01-14 09:34:00,178.8045,TAKE_PROFIT,42.57249999999999,5.000000000000004
TMO,2026-01-12 00:00:00,2026-01-13 00:00:00,0.0571428571428571,7.0,2026-01-13 10:18:00,614.02,59.60275076436665,55.62897178562711,1,614.02,583.319,644.721,2026-01-16 15:59:00,618.84,WEEK_END_CLOSE,4.82000000000005,0.7849907169147574
CRH,2026-01-12 00:00:00,2026-01-13 00:00:00,0.0881024096385542,10.0,2026-01-13 10:21:00,126.76,43.17193008523961,42.06612927767978,7,887.32,120.422,133.098,2026-01-16 15:59:00,122.96,WEEK_END_CLOSE,-26.60000000000008,-2.9977911012937897
PCAR,2026-01-13 00:00:00,2026-01-14 00:00:00,0.1111111111111111,8.0,2026-01-14 09:48:00,119.99,56.931239157713165,56.76449572538634,8,959.92,113.99049999999998,125.9895,2026-01-16 15:59:00,121.37,WEEK_END_CLOSE,11.040000000000077,1.150095841320109
CDNS,2026-01-13 00:00:00,2026-01-14 00:00:00,0.0503355704697986,3.0,2026-01-14 09:54:00,315.03,39.809821695489504,38.16527408109757,3,945.0899999999999,299.27849999999995,330.7815,2026-01-16 15:59:00,317.33,WEEK_END_CLOSE,6.900000000000034,0.7300891978541779
COP,2026-01-13 00:00:00,2026-01-14 00:00:00,0.1067143221853459,7.0,2026-01-14 10:06:00,100.02,65.19116284646898,60.43182137741634,9,900.18,95.01899999999999,105.021,2026-01-16 15:59:00,98.18,WEEK_END_CLOSE,-16.559999999999903,-1.8396320735852734
SCHW,2026-01-13 00:00:00,2026-01-14 00:00:00,0.0787316942093242,4.0,2026-01-14 10:06:00,99.9488,45.93922611054554,44.121720824208026,10,999.488,94.95136,104.94624000000002,2026-01-16 13:22:00,104.94624000000002,TAKE_PROFIT,49.97440000000012,5.000000000000004
MO,2026-01-13 00:00:00,2026-01-14 00:00:00,0.0892975480450629,5.0,2026-01-14 10:07:00,60.75,64.18237035786109,63.194152351324156,16,972.0,57.7125,63.7875,2026-01-16 15:59:00,61.76,WEEK_END_CLOSE,16.159999999999968,1.6625514403292074
RSG,2026-01-13 00:00:00,2026-01-14 00:00:00,0.1183431952662721,9.0,2026-01-14 10:12:00,210.62,60.46884012481496,54.112490218721135,4,842.48,200.089,221.151,2026-01-16 15:59:00,210.94,WEEK_END_CLOSE,1.2799999999999727,0.1519323900864178
HWM,2026-01-13 00:00:00,2026-01-14 00:00:00,0.09375,6.0,2026-01-14 10:42:00,219.96,53.15450490903998,49.555583812349866,4,879.84,208.962,230.95800000000003,2026-01-16 15:59:00,224.9,WEEK_END_CLOSE,19.75999999999999,2.245862884160754
PEP,2026-01-13 00:00:00,2026-01-14 00:00:00,0.1229797979797979,10.0,2026-01-14 10:42:00,145.855,64.9087610155994,63.37777399614606,6,875.1299999999999,138.56224999999998,153.14775,2026-01-16 15:59:00,146.31,WEEK_END_CLOSE,2.730000000000075,0.31195365260019425
AEP,2026-01-14 00:00:00,2026-01-15 00:00:00,0.01859410430839,2.0,2026-01-15 09:45:00,118.06,49.685978412375356,44.614785455601215,8,944.48,112.157,123.96300000000001,2026-01-16 15:59:00,119.96,WEEK_END_CLOSE,15.199999999999932,1.609351177367424
LIN,2026-01-14 00:00:00,2026-01-15 00:00:00,0.019873532068654,3.0,2026-01-15 09:45:00,441.015,56.770724191980634,54.879644911473065,2,882.03,418.96425,463.06575,2026-01-16 15:59:00,438.94,WEEK_END_CLOSE,-4.149999999999977,-0.47050553836036624
T,2026-01-14 00:00:00,2026-01-15 00:00:00,0.0739386427022001,10.0,2026-01-15 09:55:00,23.57,53.79809079476811,44.190175398480235,42,989.94,22.3915,24.7485,2026-01-16 15:59:00,23.495,WEEK_END_CLOSE,-3.14999999999997,-0.3182011030971599
ROST,2026-01-14 00:00:00,2026-01-15 00:00:00,0.0298507462686567,7.0,2026-01-15 10:01:00,193.305,71.55047120828324,63.450151122230444,5,966.5250000000001,183.63975,202.97025000000002,2026-01-16 15:59:00,192.35,WEEK_END_CLOSE,-4.7750000000000625,-0.4940379193502542
CME,2026-01-14 00:00:00,2026-01-15 00:00:00,0.0557575757575757,9.0,2026-01-15 10:09:00,273.43,52.108451549146714,47.25269219928361,3,820.29,259.75849999999997,287.10150000000004,2026-01-16 15:59:00,279.52,WEEK_END_CLOSE,18.269999999999925,2.227261090589905
WMB,2026-01-14 00:00:00,2026-01-15 00:00:00,0.027923917442331,6.0,2026-01-15 10:33:00,60.78,54.344436828087034,48.57909682170623,16,972.48,57.741,63.819,2026-01-16 15:59:00,61.54,WEEK_END_CLOSE,12.159999999999968,1.2504113195130007
ETN,2026-01-14 00:00:00,2026-01-15 00:00:00,0.0440134278254382,8.0,2026-01-15 10:58:00,336.88,56.86945943350726,49.62208423286394,2,673.76,320.036,353.724,2026-01-16 15:59:00,343.85,WEEK_END_CLOSE,13.940000000000055,2.068985989076233
CSX,2026-01-15 00:00:00,2026-01-16 00:00:00,0.0193423597678916,3.0,2026-01-16 09:56:00,36.34,51.007132511866295,50.353558773414086,27,981.1800000000001,34.523,38.157000000000004,2026-01-16 15:59:00,36.235,WEEK_END_CLOSE,-2.8350000000001074,-0.2889378095762396
AON,2026-01-15 00:00:00,2026-01-16 00:00:00,0.0526315789473684,7.0,2026-01-16 10:04:00,342.04,51.332577204004075,49.46908333902741,2,684.08,324.938,359.14200000000005,2026-01-16 15:59:00,343.87,WEEK_END_CLOSE,3.659999999999968,0.5350251432580944
CMCSA,2026-01-15 00:00:00,2026-01-16 00:00:00,0.0021736643404644,1.0,2026-01-16 10:10:00,27.97,56.66875692023056,38.32944303718135,35,978.9499999999999,26.571499999999997,29.3685,2026-01-16 15:59:00,27.82,WEEK_END_CLOSE,-5.24999999999995,-0.5362888809438582
MCO,2026-01-15 00:00:00,2026-01-16 00:00:00,0.08,10.0,2026-01-16 10:14:00,536.84,53.24961038155252,51.501947786471284,1,536.84,509.998,563.682,2026-01-16 15:59:00,538.87,WEEK_END_CLOSE,2.0299999999999727,0.378138737798972
KMI,2026-01-16 00:00:00,2026-01-20 00:00:00,0.0242252291575731,8.0,2026-01-20 09:49:00,27.975,47.66295678172511,47.15370774295324,35,979.125,26.57625,29.37375,2026-01-22 09:32:00,29.37375,TAKE_PROFIT,48.95624999999999,5.000000000000004
MDLZ,2026-01-16 00:00:00,2026-01-20 00:00:00,0.0084602368866328,5.0,2026-01-20 09:49:00,57.22,53.59749594851833,47.54972791398327,17,972.74,54.358999999999995,60.081,2026-01-23 15:59:00,58.39,WEEK_END_CLOSE,19.89000000000003,2.044739601537926
PH,2026-01-16 00:00:00,2026-01-20 00:00:00,0.0175284837861524,6.0,2026-01-20 09:50:00,931.3,43.04100909924089,42.54992852651597,1,931.3,884.7349999999999,977.865,2026-01-23 15:59:00,928.0,WEEK_END_CLOSE,-3.2999999999999545,-0.3543433909588667
TEL,2026-01-16 00:00:00,2026-01-20 00:00:00,0.0257510729613733,9.0,2026-01-20 09:50:00,238.08,40.511631807901,38.00502334233075,4,952.32,226.176,249.98400000000004,2026-01-21 09:32:00,226.176,STOP_LOSS,-47.6160000000001,-5.000000000000016
APO,2026-01-16 00:00:00,2026-01-20 00:00:00,0.0051849291393017,3.0,2026-01-20 09:51:00,142.34,45.27657105070328,43.259583034099926,7,996.38,135.22299999999998,149.45700000000002,2026-01-23 15:59:00,136.27,WEEK_END_CLOSE,-42.48999999999995,-4.264437262891663
ALL,2026-01-16 00:00:00,2026-01-20 00:00:00,0.0204081632653061,7.0,2026-01-20 09:54:00,194.555,54.179404443508744,51.988270837769086,5,972.7750000000001,184.82725,204.28275000000002,2026-01-23 15:59:00,193.61,WEEK_END_CLOSE,-4.724999999999966,-0.48572383130733865
AEP,2026-01-16 00:00:00,2026-01-20 00:00:00,0.0051260145237078,2.0,2026-01-20 10:01:00,118.5,41.545225783329215,41.437360941720655,8,948.0,112.57499999999999,124.42500000000001,2026-01-23 15:59:00,116.62,WEEK_END_CLOSE,-15.039999999999964,-1.5864978902953575
SPGI,2026-01-16 00:00:00,2026-01-20 00:00:00,0.0265486725663716,10.0,2026-01-20 10:02:00,541.41,39.84002689654431,39.70576152675043,1,541.41,514.3394999999999,568.4805,2026-01-23 15:59:00,533.6,WEEK_END_CLOSE,-7.809999999999945,-1.4425296909920338
FDX,2026-01-16 00:00:00,2026-01-20 00:00:00,0.0083876980428704,4.0,2026-01-20 10:13:00,308.05,45.79020130693056,42.72597840249268,3,924.1500000000001,292.6475,323.45250000000004,2026-01-23 15:59:00,304.04,WEEK_END_CLOSE,-12.029999999999973,-1.3017367310501515
PCAR,2026-01-16 00:00:00,2026-01-20 00:00:00,0.0,1.0,2026-01-20 10:15:00,119.79,49.497491162675445,45.29173244943219,8,958.32,113.8005,125.77950000000001,2026-01-23 15:59:00,121.99,WEEK_END_CLOSE,17.59999999999991,1.8365472910927272
CVS,2026-01-20 00:00:00,2026-01-21 00:00:00,0.0230400144848814,3.0,2026-01-21 09:45:00,80.66,55.430334091053794,55.16236642090428,12,967.92,76.627,84.693,2026-01-23 15:59:00,83.015,WEEK_END_CLOSE,28.260000000000048,2.919662782048116
NOW,2026-01-20 00:00:00,2026-01-21 00:00:00,0.1350791414601806,10.0,2026-01-21 09:45:00,126.143,53.019569116820136,47.30697165703922,7,883.001,119.83585,132.45015,2026-01-23 10:54:00,132.45015,TAKE_PROFIT,44.15005000000005,5.000000000000004
SO,2026-01-20 00:00:00,2026-01-21 00:00:00,0.0883392226148409,6.0,2026-01-21 09:49:00,89.2,56.45371756848331,53.868241529008365,11,981.2,84.74,93.66000000000001,2026-01-23 15:59:00,87.53,WEEK_END_CLOSE,-18.37000000000002,-1.8721973094170452
CTAS,2026-01-20 00:00:00,2026-01-21 00:00:00,0.0134328358208955,1.0,2026-01-21 09:55:00,194.475,55.89215592900172,54.139064048553145,5,972.375,184.75125,204.19875,2026-01-23 15:59:00,192.9,WEEK_END_CLOSE,-7.874999999999943,-0.8098727342846113
HPE,2026-01-20 00:00:00,2026-01-21 00:00:00,0.0914454277286135,7.0,2026-01-21 09:56:00,20.685,59.044442456780445,58.654577227449515,48,992.8799999999999,19.65075,21.71925,2026-01-22 10:21:00,21.71925,TAKE_PROFIT,49.644000000000005,5.000000000000004
BSX,2026-01-20 00:00:00,2026-01-21 00:00:00,0.0792264504054897,5.0,2026-01-21 09:57:00,91.305,54.66374476688071,52.29730845840421,10,913.0500000000001,86.73975,95.87025000000001,2026-01-23 15:59:00,92.5,WEEK_END_CLOSE,11.949999999999932,1.308800175236846
CSCO,2026-01-20 00:00:00,2026-01-21 00:00:00,0.1165246387550944,8.0,2026-01-21 10:13:00,74.1129,62.43547311731889,57.32681057687152,13,963.4676999999999,70.40725499999999,77.818545,2026-01-23 15:59:00,74.58,WEEK_END_CLOSE,6.072300000000027,0.6302546520241536
CDNS,2026-01-20 00:00:00,2026-01-21 00:00:00,0.0539772727272727,4.0,2026-01-21 10:16:00,310.4358,58.152484650734074,56.09151875914977,3,931.3073999999999,294.91400999999996,325.95759,2026-01-23 15:59:00,318.24,WEEK_END_CLOSE,23.41260000000011,2.5139497441983405
CME,2026-01-21 00:00:00,2026-01-22 00:00:00,0.0543478260869565,5.0,2026-01-22 09:46:00,279.475,49.898135544975005,48.2036986239873,3,838.4250000000001,265.50125,293.44875,2026-01-23 15:59:00,282.73,WEEK_END_CLOSE,9.764999999999986,1.1646837820914246
WMB,2026-01-21 00:00:00,2026-01-22 00:00:00,0.0808823529411764,7.0,2026-01-22 09:48:00,63.63,59.60661416917537,58.11029470315083,15,954.45,60.4485,66.81150000000001,2026-01-23 15:59:00,64.96,WEEK_END_CLOSE,19.949999999999868,2.0902090209020674
VZ,2026-01-21 00:00:00,2026-01-22 00:00:00,0.04297273124363,3.0,2026-01-22 09:49:00,39.36,55.00802611734444,51.259598196019525,25,984.0,37.391999999999996,41.328,2026-01-23 15:59:00,39.52,WEEK_END_CLOSE,4.000000000000092,0.40650406504065817
MDT,2026-01-21 00:00:00,2026-01-22 00:00:00,0.0235294117647058,2.0,2026-01-22 09:58:00,100.73,49.1097066488916,47.98417633628891,9,906.57,95.6935,105.76650000000001,2026-01-23 15:59:00,100.91,WEEK_END_CLOSE,1.6199999999999335,0.17869552268439115
BMY,2026-01-21 00:00:00,2026-01-22 00:00:00,0.1131628787878787,9.0,2026-01-22 09:59:00,55.075,60.42938946269422,55.95368209464615,18,991.35,52.32125,57.82875000000001,2026-01-23 15:59:00,54.645,WEEK_END_CLOSE,-7.739999999999995,-0.7807535179300995
NEE,2026-01-21 00:00:00,2026-01-22 00:00:00,0.1210084033613445,10.0,2026-01-22 10:13:00,83.985,53.51552149519113,51.16862462091673,11,923.835,79.78575,88.18425,2026-01-23 15:59:00,84.81,WEEK_END_CLOSE,9.075000000000031,0.982318271119853
ROST,2026-01-21 00:00:00,2026-01-22 00:00:00,0.0227272727272727,1.0,2026-01-22 10:20:00,190.295,45.53032926299673,45.359218506704146,5,951.4749999999999,180.78024999999997,199.80975,2026-01-23 15:59:00,188.505,WEEK_END_CLOSE,-8.94999999999996,-0.9406447883549163
UPS,2026-01-22 00:00:00,2026-01-23 00:00:00,0.0504749487800335,2.0,2026-01-23 09:56:00,108.62,47.14867616178138,45.87216336727037,9,977.58,103.189,114.05100000000002,2026-01-23 15:59:00,107.94,WEEK_END_CLOSE,-6.120000000000061,-0.6260357208617284
CMCSA,2026-01-22 00:00:00,2026-01-23 00:00:00,0.0610367892976588,3.0,2026-01-23 10:05:00,28.95,51.624363427235494,51.601552505149016,34,984.3,27.502499999999998,30.3975,2026-01-23 15:59:00,29.32,WEEK_END_CLOSE,12.580000000000034,1.2780656303972293
BRK.B,2026-01-22 00:00:00,2026-01-23 00:00:00,0.1308710033076075,8.0,2026-01-23 10:12:00,481.12,44.656733691274844,43.60149420781072,2,962.24,457.06399999999996,505.17600000000004,2026-01-23 15:59:00,479.34,WEEK_END_CLOSE,-3.560000000000059,-0.3699700698370556
SPGI,2026-01-23 00:00:00,2026-01-26 00:00:00,0.005524861878453,1.0,2026-01-26 09:47:00,533.35,51.18146794458442,50.991094504054026,1,533.35,506.6825,560.0175,2026-01-30 15:59:00,527.98,WEEK_END_CLOSE,-5.3700000000000045,-1.0068435361395012
KKR,2026-01-23 00:00:00,2026-01-26 00:00:00,0.0583941605839416,6.0,2026-01-26 09:49:00,121.135,51.42052482008278,51.30004257175279,8,969.08,115.07825,127.19175000000001,2026-01-29 11:00:00,115.07825,STOP_LOSS,-48.454000000000065,-5.000000000000004
BSX,2026-01-23 00:00:00,2026-01-26 00:00:00,0.0747126436781609,9.0,2026-01-26 09:54:00,92.985,64.4194117540456,62.46031436873032,10,929.85,88.33574999999999,97.63425000000001,2026-01-30 15:59:00,93.59,WEEK_END_CLOSE,6.05000000000004,0.6506425767596857
CRH,2026-01-23 00:00:00,2026-01-26 00:00:00,0.0364963503649635,5.0,2026-01-26 09:54:00,123.95,61.62854881218049,59.276243216899715,8,991.6,117.7525,130.1475,2026-01-30 15:59:00,122.43,WEEK_END_CLOSE,-12.159999999999968,-1.2263009277934667
MDLZ,2026-01-23 00:00:00,2026-01-26 00:00:00,0.018348623853211,2.0,2026-01-26 09:54:00,58.715,61.23999896347274,60.73040675554349,17,998.1550000000001,55.77925,61.65075000000001,2026-01-30 15:59:00,58.5,WEEK_END_CLOSE,-3.655000000000058,-0.3661755939708855
ABNB,2026-01-23 00:00:00,2026-01-26 00:00:00,0.0837625372729737,10.0,2026-01-26 09:58:00,132.56,51.07471986131748,46.07421604578379,7,927.9200000000001,125.932,139.18800000000002,2026-01-30 15:59:00,129.37,WEEK_END_CLOSE,-22.329999999999984,-2.4064574532287275
GD,2026-01-23 00:00:00,2026-01-26 00:00:00,0.0672268907563025,7.0,2026-01-26 10:02:00,363.4243,52.38377607265524,48.228010429679635,2,726.8486,345.253085,381.59551500000003,2026-01-28 09:31:00,345.253085,STOP_LOSS,-36.342430000000036,-5.000000000000004
FDX,2026-01-23 00:00:00,2026-01-26 00:00:00,0.0323275862068965,3.0,2026-01-26 10:04:00,302.3775,46.26618110636588,45.68840851292984,3,907.1324999999999,287.258625,317.496375,2026-01-29 09:30:00,317.496375,TAKE_PROFIT,45.35662500000001,5.000000000000004
CI,2026-01-23 00:00:00,2026-01-26 00:00:00,0.0730337078651685,8.0,2026-01-26 10:13:00,277.9,47.538271026502166,47.49652375189303,3,833.6999999999999,264.00499999999994,291.795,2026-01-30 15:59:00,274.09,WEEK_END_CLOSE,-11.430000000000007,-1.3709967614249696
CDNS,2026-01-23 00:00:00,2026-01-26 00:00:00,0.0333642261353104,4.0,2026-01-26 11:03:00,321.95,59.19328343744411,57.43977462858659,3,965.8499999999999,305.85249999999996,338.0475,2026-01-29 09:46:00,305.85249999999996,STOP_LOSS,-48.292500000000075,-5.000000000000004
AFL,2026-01-26 00:00:00,2026-01-27 00:00:00,0.0260416666666666,1.0,2026-01-27 09:52:00,108.9799,57.1844225188495,51.63400612319396,9,980.8191,103.53090499999999,114.42889500000001,2026-01-30 15:59:00,110.97,WEEK_END_CLOSE,17.910899999999984,1.8261165591086037
ORCL,2026-01-26 00:00:00,2026-01-27 00:00:00,0.1738894907908992,9.0,2026-01-27 09:52:00,175.92,35.355368581054876,34.84676965410203,5,879.5999999999999,167.12399999999997,184.716,2026-01-29 09:35:00,167.12399999999997,STOP_LOSS,-43.9800000000001,-5.000000000000016
USB,2026-01-26 00:00:00,2026-01-27 00:00:00,0.0768970189701897,2.0,2026-01-27 10:00:00,56.155,53.93011278632862,48.4596612065549,17,954.635,53.347249999999995,58.96275000000001,2026-01-30 15:59:00,56.12,WEEK_END_CLOSE,-0.5950000000000628,-0.06232748642152064
SO,2026-01-26 00:00:00,2026-01-27 00:00:00,0.1186264308012487,4.0,2026-01-27 10:01:00,88.52,50.01337431879106,48.173137396881394,11,973.7199999999999,84.094,92.946,2026-01-30 15:59:00,89.34,WEEK_END_CLOSE,9.020000000000081,0.9263443289652118
APO,2026-01-26 00:00:00,2026-01-27 00:00:00,0.0974899148363962,3.0,2026-01-27 10:07:00,129.86,48.54252570603885,48.13828659917745,7,909.0200000000001,123.367,136.353,2026-01-30 15:59:00,134.55,WEEK_END_CLOSE,32.829999999999984,3.611581703372857
CME,2026-01-26 00:00:00,2026-01-27 00:00:00,0.1240506329113924,5.0,2026-01-27 10:20:00,283.57,45.55795501205266,45.034468943121176,3,850.71,269.3915,297.7485,2026-01-30 15:59:00,289.06,WEEK_END_CLOSE,16.470000000000027,1.936029904432779
ETN,2026-01-26 00:00:00,2026-01-27 00:00:00,0.1856617647058823,10.0,2026-01-27 10:26:00,336.75,60.04584142166738,57.78939328774332,2,673.5,319.91249999999997,353.58750000000003,2026-01-29 09:30:00,355.18,TAKE_PROFIT_GAP,36.860000000000014,5.472902746844843
BMY,2026-01-27 00:00:00,2026-01-28 00:00:00,0.1773551525873507,9.0,2026-01-28 09:46:00,55.23,47.06312581959622,44.68760433187579,18,994.14,52.46849999999999,57.9915,2026-01-30 15:59:00,55.05,WEEK_END_CLOSE,-3.239999999999995,-0.32590983161325804
HLT,2026-01-27 00:00:00,2026-01-28 00:00:00,0.1428571428571428,5.0,2026-01-28 09:48:00,297.33,63.16743765202224,60.52367095369151,3,891.99,282.46349999999995,312.1965,2026-01-30 15:59:00,298.52,WEEK_END_CLOSE,3.569999999999993,0.40022870211549044
FTNT,2026-01-27 00:00:00,2026-01-28 00:00:00,0.127565982404692,3.0,2026-01-28 10:01:00,82.335,54.35656400989828,50.77755402252287,12,988.02,78.21824999999998,86.45175,2026-01-30 15:59:00,81.26,WEEK_END_CLOSE,-12.899999999999864,-1.3056415862026993
CTAS,2026-01-27 00:00:00,2026-01-28 00:00:00,0.1428571428571428,4.0,2026-01-28 10:02:00,190.398,50.03862876156333,48.65739606794711,5,951.99,180.8781,199.9179,2026-01-30 15:59:00,191.36,WEEK_END_CLOSE,4.8100000000000875,0.505257408166071
HON,2026-01-27 00:00:00,2026-01-28 00:00:00,0.1437019515079834,6.0,2026-01-28 10:20:00,218.96,42.55531982634064,39.57235263252706,4,875.84,208.012,229.90800000000002,2026-01-30 15:59:00,227.64,WEEK_END_CLOSE,34.719999999999914,3.9641943734015195
EOG,2026-01-27 00:00:00,2026-01-28 00:00:00,0.1783132530120482,10.0,2026-01-28 10:31:00,110.11,61.44775760149537,59.088987549106264,9,990.99,104.6045,115.6155,2026-01-30 15:59:00,112.13,WEEK_END_CLOSE,18.179999999999964,1.8345291072563663
BRK.B,2026-01-27 00:00:00,2026-01-28 00:00:00,0.159723164608495,7.0,2026-01-28 10:52:00,474.91,57.30520061648849,54.267044233092015,2,949.82,451.1645,498.6555000000001,2026-01-30 15:59:00,480.79,WEEK_END_CLOSE,11.759999999999991,1.2381293297677454
FDX,2026-01-28 00:00:00,2026-01-29 00:00:00,0.1039697542533081,3.0,2026-01-29 09:45:00,316.84,50.55097901148799,49.52159464521435,3,950.52,300.998,332.68199999999996,2026-01-30 15:59:00,322.27,WEEK_END_CLOSE,16.29000000000002,1.7137987627824813
CSCO,2026-01-28 00:00:00,2026-01-29 00:00:00,0.1549609810479375,9.0,2026-01-29 09:48:00,79.12,53.26372099581124,52.170967648220355,12,949.44,75.164,83.07600000000001,2026-01-30 15:59:00,78.34,WEEK_END_CLOSE,-9.360000000000014,-0.9858442871587436
MAR,2026-01-28 00:00:00,2026-01-29 00:00:00,0.1136363636363636,6.0,2026-01-29 09:49:00,314.98,53.701521538457555,49.54321092085829,3,944.94,299.231,330.72900000000004,2026-01-30 15:59:00,315.405,WEEK_END_CLOSE,1.2749999999998636,0.13492920185407264
COF,2026-01-28 00:00:00,2026-01-29 00:00:00,0.1549392619757048,8.0,2026-01-29 09:51:00,219.825,44.80177716041519,43.488869385121134,4,879.3,208.83374999999998,230.81625,2026-01-30 15:59:00,219.0,WEEK_END_CLOSE,-3.2999999999999545,-0.3752985329239067
QCOM,2026-01-28 00:00:00,2026-01-29 00:00:00,0.1553358613217768,10.0,2026-01-29 09:54:00,152.4723,51.70908217582494,48.129879322572876,6,914.8337999999999,144.848685,160.095915,2026-01-30 15:59:00,151.59,WEEK_END_CLOSE,-5.293799999999919,-0.5786624849234867
KMI,2026-01-28 00:00:00,2026-01-29 00:00:00,0.039212885254098,2.0,2026-01-29 09:56:00,30.445,59.62582370824185,58.433073142023545,32,974.24,28.92275,31.96725,2026-01-30 15:59:00,30.48,WEEK_END_CLOSE,1.1200000000000045,0.11496140581377379
KKR,2026-01-28 00:00:00,2026-01-29 00:00:00,0.1308411214953271,7.0,2026-01-29 11:11:00,114.99,45.38865028200041,38.788912531508736,8,919.92,109.24049999999998,120.7395,2026-01-30 15:59:00,114.27,WEEK_END_CLOSE,-5.759999999999991,-0.626141403600311
WMB,2026-01-28 00:00:00,2026-01-29 00:00:00,0.112,5.0,2026-01-29 11:11:00,67.29,54.2566606543394,44.632308635444446,14,942.0600000000001,63.9255,70.65450000000001,2026-01-30 15:59:00,67.255,WEEK_END_CLOSE,-0.4900000000001512,-0.052013672165274194
ROST,2026-01-29 00:00:00,2026-01-30 00:00:00,0.0247349823321554,1.0,2026-01-30 09:46:00,186.645,52.70848232373469,48.18678602705739,5,933.225,177.31275,195.97725000000003,2026-01-30 15:59:00,188.58,WEEK_END_CLOSE,9.675000000000011,1.036727477296484
UNP,2026-01-29 00:00:00,2026-01-30 00:00:00,0.1908713692946058,9.0,2026-01-30 09:51:00,232.445,54.28197171352325,47.05642942137835,4,929.78,220.82274999999998,244.06725,2026-01-30 15:59:00,235.035,WEEK_END_CLOSE,10.360000000000014,1.1142420787713325
SNPS,2026-01-29 00:00:00,2026-01-30 00:00:00,0.0349946977730646,2.0,2026-01-30 10:11:00,468.45,44.80162352010396,43.98305152373305,2,936.9,445.0275,491.8725,2026-01-30 15:59:00,465.24,WEEK_END_CLOSE,-6.419999999999959,-0.6852385526737059
UNP,2026-01-30 00:00:00,2026-02-02 00:00:00,0.0562983814215341,8.0,2026-02-02 09:46:00,234.55,51.067943150224956,49.306260637036964,4,938.2,222.8225,246.27750000000003,2026-02-04 09:40:00,246.27750000000003,TAKE_PROFIT,46.91000000000008,5.000000000000004
CRH,2026-01-30 00:00:00,2026-02-02 00:00:00,0.05,7.0,2026-02-02 09:50:00,122.73,54.09987205030158,50.87020235554735,8,981.84,116.59349999999999,128.8665,2026-02-06 15:59:00,127.13,WEEK_END_CLOSE,35.19999999999993,3.5851055161737033
FDX,2026-01-30 00:00:00,2026-02-02 00:00:00,0.0193103448275862,2.0,2026-02-02 09:50:00,325.18,59.815720147420606,59.749151284300105,3,975.54,308.921,341.439,2026-02-03 09:30:00,343.34,TAKE_PROFIT_GAP,54.479999999999905,5.584599298849868
AFL,2026-01-30 00:00:00,2026-02-02 00:00:00,0.0104166666666666,1.0,2026-02-02 09:53:00,111.35,56.74911237305638,56.35786615486155,8,890.8,105.78249999999998,116.9175,2026-02-05 09:33:00,116.9175,TAKE_PROFIT,44.54000000000008,5.000000000000004
ABBV,2026-01-30 00:00:00,2026-02-02 00:00:00,0.0654088050314465,10.0,2026-02-02 10:01:00,229.475,68.10538136792391,66.12378535472759,4,917.9,218.00124999999997,240.94875000000002,2026-02-04 09:30:00,209.775,STOP_LOSS_GAP,-78.79999999999995,-8.58481316047499
ADI,2026-01-30 00:00:00,2026-02-02 00:00:00,0.0366182014001077,6.0,2026-02-02 10:01:00,312.43,51.29248254657115,49.422316777263106,3,937.29,296.8085,328.05150000000003,2026-02-06 15:59:00,320.42,WEEK_END_CLOSE,23.970000000000027,2.5573728515187355
KKR,2026-01-30 00:00:00,2026-02-02 00:00:00,0.0308788598574821,3.0,2026-02-02 10:31:00,113.05,43.40143808245925,42.64417287409389,8,904.4,107.3975,118.7025,2026-02-03 11:11:00,107.3975,STOP_LOSS,-45.22000000000003,-5.000000000000004
MDLZ,2026-01-30 00:00:00,2026-02-02 00:00:00,0.0357142857142857,5.0,2026-02-02 10:31:00,58.45,50.750117121111,49.618317274115284,17,993.6500000000001,55.5275,61.3725,2026-02-06 15:59:00,60.02,WEEK_END_CLOSE,26.690000000000005,2.686056458511543
SPGI,2026-01-30 00:00:00,2026-02-02 00:00:00,0.0333333333333333,4.0,2026-02-02 10:32:00,525.085,48.90745690030318,43.87541760832269,1,525.085,498.83075,551.3392500000001,2026-02-03 09:30:00,498.83075,STOP_LOSS,-26.254250000000013,-5.000000000000004
CME,2026-01-30 00:00:00,2026-02-02 00:00:00,0.0588235294117647,9.0,2026-02-02 10:33:00,290.0,57.661382592183216,51.696353725388704,3,870.0,275.5,304.5,2026-02-06 15:59:00,301.99,WEEK_END_CLOSE,35.97000000000003,4.1344827586206945
DLR,2026-02-02 00:00:00,2026-02-03 00:00:00,0.1317504485043752,7.0,2026-02-03 09:47:00,165.66,51.04553831674032,50.06367833667479,6,993.96,157.37699999999998,173.943,2026-02-06 15:59:00,171.55,WEEK_END_CLOSE,35.34000000000009,3.5554750694193116
AEP,2026-02-02 00:00:00,2026-02-03 00:00:00,0.0603015075376884,3.0,2026-02-03 09:50:00,119.95,57.725732678254715,55.412392791971975,8,959.6,113.9525,125.9475,2026-02-06 15:59:00,120.77,WEEK_END_CLOSE,6.559999999999945,0.6836181742392533
AMT,2026-02-02 00:00:00,2026-02-03 00:00:00,0.0927643784786641,4.0,2026-02-03 09:50:00,173.085,45.4509742006186,41.966774693734195,5,865.4250000000001,164.43075,181.73925000000003,2026-02-06 15:59:00,171.26,WEEK_END_CLOSE,-9.125000000000085,-1.0543952393332834
SPGI,2026-02-02 00:00:00,2026-02-03 00:00:00,0.1388953578636857,9.0,2026-02-03 10:00:00,482.5325,38.03594535048494,36.42900591847887,2,965.065,458.405875,506.6591250000001,2026-02-04 09:30:00,458.405875,STOP_LOSS,-48.253250000000094,-5.000000000000004
MCO,2026-02-02 00:00:00,2026-02-03 00:00:00,0.0,1.0,2026-02-03 10:01:00,482.985,36.427879027459255,30.566449286061566,2,965.97,458.83575,507.13425,2026-02-04 09:33:00,458.83575,STOP_LOSS,-48.29849999999999,-4.999999999999993
ITW,2026-02-02 00:00:00,2026-02-03 00:00:00,0.15625,10.0,2026-02-03 10:05:00,273.97,60.05290576131063,59.551814198216405,3,821.9100000000001,260.2715,287.66850000000005,2026-02-04 09:47:00,287.66850000000005,TAKE_PROFIT,41.09550000000007,5.000000000000004
FDX,2026-02-02 00:00:00,2026-02-03 00:00:00,0.1377066867574237,8.0,2026-02-03 10:19:00,352.995,67.19041023436873,66.07128488440846,2,705.99,335.34524999999996,370.64475000000004,2026-02-06 15:51:00,370.64475000000004,TAKE_PROFIT,35.29950000000008,5.000000000000004
ICE,2026-02-02 00:00:00,2026-02-03 00:00:00,0.0081355932203389,2.0,2026-02-03 10:30:00,162.825,22.075102355612486,20.796680533530008,6,976.9499999999999,154.68374999999997,170.96625,2026-02-05 09:31:00,170.96625,TAKE_PROFIT,48.84750000000008,5.000000000000004
ROST,2026-02-02 00:00:00,2026-02-03 00:00:00,0.1220819081182554,6.0,2026-02-03 10:31:00,193.19,58.097968036404346,58.089351336086594,5,965.95,183.5305,202.8495,2026-02-06 15:59:00,190.71,WEEK_END_CLOSE,-12.399999999999949,-1.2837103369739533
TT,2026-02-02 00:00:00,2026-02-03 00:00:00,0.1130952380952381,5.0,2026-02-03 10:36:00,432.63,60.72351561284034,58.718392202085205,2,865.26,410.9985,454.2615,2026-02-06 13:51:00,454.2615,TAKE_PROFIT,43.263000000000034,5.000000000000004
MO,2026-02-03 00:00:00,2026-02-04 00:00:00,0.1257192146389558,9.0,2026-02-04 09:51:00,64.76,59.32863014993885,57.66624099270985,15,971.4000000000001,61.522,67.998,2026-02-06 15:59:00,65.4,WEEK_END_CLOSE,9.600000000000009,0.9882643607164843
RSG,2026-02-03 00:00:00,2026-02-04 00:00:00,0.0444444444444444,1.0,2026-02-04 09:52:00,213.47,49.400843846142585,44.51762889231048,4,853.88,202.79649999999998,224.14350000000002,2026-02-06 15:59:00,219.84,WEEK_END_CLOSE,25.480000000000018,2.984025858434447
PG,2026-02-03 00:00:00,2026-02-04 00:00:00,0.117076877537586,8.0,2026-02-04 09:56:00,157.2094,59.65292020471987,58.451450765021846,6,943.2564,149.34893,165.06986999999998,2026-02-06 15:59:00,159.18,WEEK_END_CLOSE,11.823600000000113,1.2534873868865537
CTAS,2026-02-03 00:00:00,2026-02-04 00:00:00,0.056198347107438,2.0,2026-02-04 09:58:00,191.09,54.36151091565522,52.018445140588156,5,955.45,181.53549999999998,200.64450000000002,2026-02-06 15:59:00,195.82,WEEK_END_CLOSE,23.64999999999995,2.4752734313674196
SHW,2026-02-03 00:00:00,2026-02-04 00:00:00,0.0774647887323943,5.0,2026-02-04 10:00:00,368.605,60.94388853702715,58.39428698579476,2,737.21,350.17475,387.03525,2026-02-06 15:59:00,361.93,WEEK_END_CLOSE,-13.350000000000023,-1.8108815669890532
ITW,2026-02-03 00:00:00,2026-02-04 00:00:00,0.1293588301462317,10.0,2026-02-04 10:05:00,288.62,63.17912308609487,62.85496349665743,3,865.86,274.18899999999996,303.05100000000004,2026-02-06 15:59:00,293.715,WEEK_END_CLOSE,15.284999999999911,1.7652969302196508
APD,2026-02-03 00:00:00,2026-02-04 00:00:00,0.0962566844919786,7.0,2026-02-04 10:21:00,286.155,69.72830887453858,69.14699385556438,3,858.4649999999999,271.84725,300.46274999999997,2026-02-06 15:59:00,283.07,WEEK_END_CLOSE,-9.254999999999939,-1.0780870507242524
CSX,2026-02-03 00:00:00,2026-02-04 00:00:00,0.060410162228344,3.0,2026-02-04 10:26:00,39.81,61.87263095268273,61.86164033586013,25,995.25,37.8195,41.80050000000001,2026-02-06 15:59:00,40.58,WEEK_END_CLOSE,19.2499999999999,1.9341873901029816
TEL,2026-02-03 00:00:00,2026-02-04 00:00:00,0.0714285714285714,4.0,2026-02-04 10:38:00,222.13,51.693120304549524,42.89926104629455,4,888.52,211.02349999999998,233.2365,2026-02-05 09:31:00,211.02349999999998,STOP_LOSS,-44.426000000000045,-5.000000000000004
AJG,2026-02-04 00:00:00,2026-02-05 00:00:00,0.0359712230215827,5.0,2026-02-05 09:47:00,249.2225,44.708514741711355,41.96424771887444,4,996.89,236.761375,261.683625,2026-02-06 15:59:00,241.48,WEEK_END_CLOSE,-30.970000000000027,-3.1066617179428047
NSC,2026-02-04 00:00:00,2026-02-05 00:00:00,0.0884803921568627,7.0,2026-02-05 09:53:00,307.04,50.82499947971458,50.48477918108984,3,921.1200000000001,291.688,322.39200000000005,2026-02-06 15:59:00,306.41,WEEK_END_CLOSE,-1.8899999999999864,-0.205184992183427
CMCSA,2026-02-04 00:00:00,2026-02-05 00:00:00,0.1054232677420127,8.0,2026-02-05 09:55:00,30.47,47.41948606776223,42.71890630123087,32,975.04,28.946499999999997,31.9935,2026-02-06 15:59:00,31.36,WEEK_END_CLOSE,28.480000000000018,2.9209058089924467
WELL,2026-02-04 00:00:00,2026-02-05 00:00:00,0.1428571428571428,9.0,2026-02-05 09:55:00,187.96,58.044297601907964,51.98069191899871,5,939.8000000000001,178.562,197.358,2026-02-06 15:59:00,195.91,WEEK_END_CLOSE,39.74999999999994,4.229623324111498
ADP,2026-02-04 00:00:00,2026-02-05 00:00:00,0.1453861556704029,10.0,2026-02-05 09:58:00,234.69,42.4248452297338,41.712017331848635,4,938.76,222.9555,246.4245,2026-02-06 15:59:00,231.34,WEEK_END_CLOSE,-13.399999999999977,-1.427414887724232
SPGI,2026-02-04 00:00:00,2026-02-05 00:00:00,0.0256703224640832,3.0,2026-02-05 10:02:00,459.2325,42.84180606897783,41.89705970108137,2,918.465,436.270875,482.19412500000004,2026-02-06 15:59:00,439.27,WEEK_END_CLOSE,-39.92500000000007,-4.346926665686778
ELV,2026-02-05 00:00:00,2026-02-06 00:00:00,0.049966239027684,5.0,2026-02-06 09:47:00,329.89,43.42166945653359,42.93668674793954,3,989.67,313.39549999999997,346.3845,2026-02-06 15:59:00,338.95,WEEK_END_CLOSE,27.180000000000007,2.746370002121923
PCAR,2026-02-05 00:00:00,2026-02-06 00:00:00,0.057391304347826,6.0,2026-02-06 09:48:00,127.12,43.579526307701116,42.562808904687394,7,889.84,120.764,133.476,2026-02-06 15:59:00,127.31,WEEK_END_CLOSE,1.329999999999984,0.14946507237256768
AON,2026-02-05 00:00:00,2026-02-06 00:00:00,0.0,1.0,2026-02-06 09:55:00,342.09,43.11931922545749,37.43362082577894,2,684.18,324.98549999999994,359.1945,2026-02-06 15:59:00,342.01,WEEK_END_CLOSE,-0.15999999999996817,-0.023385658744767834
TMO,2026-02-05 00:00:00,2026-02-06 00:00:00,0.0850044682752457,10.0,2026-02-06 09:58:00,538.91,41.32334653309248,40.21475795274583,1,538.91,511.96449999999993,565.8555,2026-02-06 15:59:00,542.8,WEEK_END_CLOSE,3.8899999999999864,0.7218273923289553
TMUS,2026-02-05 00:00:00,2026-02-06 00:00:00,0.0271159343553815,4.0,2026-02-06 10:00:00,200.065,46.23598911490007,45.53002479384321,4,800.26,190.06175,210.06825,2026-02-06 15:59:00,197.35,WEEK_END_CLOSE,-10.860000000000014,-1.357058955839352
CDNS,2026-02-05 00:00:00,2026-02-06 00:00:00,0.0767938087341072,8.0,2026-02-06 10:11:00,277.255,56.16981133795917,53.5666015185025,3,831.765,263.39225,291.11775,2026-02-06 15:59:00,283.4,WEEK_END_CLOSE,18.434999999999945,2.216371210618373
KMI,2026-02-06 00:00:00,2026-02-09 00:00:00,0.0247245023429451,1.0,2026-02-09 09:53:00,30.555,52.3590460223491,51.976570566791786,32,977.76,29.02725,32.082750000000004,2026-02-13 10:39:00,32.082750000000004,TAKE_PROFIT,48.88800000000015,5.000000000000004
AMT,2026-02-06 00:00:00,2026-02-09 00:00:00,0.0608537693006357,6.0,2026-02-09 09:57:00,170.16,51.70633605293436,50.85827846397872,5,850.8,161.652,178.668,2026-02-10 13:38:00,178.668,TAKE_PROFIT,42.54000000000005,5.000000000000004
MMM,2026-02-06 00:00:00,2026-02-09 00:00:00,0.1635948632206117,9.0,2026-02-09 09:57:00,169.84,44.775303493918564,43.07216884454195,5,849.2,161.34799999999998,178.33200000000002,2026-02-13 15:59:00,171.8,WEEK_END_CLOSE,9.80000000000004,1.1540273198304307
MRSH,2026-02-06 00:00:00,2026-02-09 00:00:00,0.0333333333333333,2.0,2026-02-09 09:57:00,182.92,44.7017931171936,44.262626959175144,5,914.5999999999999,173.77399999999997,192.066,2026-02-09 13:53:00,173.77399999999997,STOP_LOSS,-45.730000000000075,-5.000000000000004
UPS,2026-02-06 00:00:00,2026-02-09 00:00:00,0.0813442294287998,7.0,2026-02-09 09:57:00,116.685,57.27339272213476,51.48806774358911,8,933.48,110.85074999999999,122.51925000000001,2026-02-13 15:59:00,119.23,WEEK_END_CLOSE,20.360000000000014,2.1810858293696667
SO,2026-02-06 00:00:00,2026-02-09 00:00:00,0.0474983811672306,5.0,2026-02-09 09:59:00,89.38,46.3597922699054,45.315676489778035,11,983.18,84.91099999999999,93.849,2026-02-13 10:48:00,93.849,TAKE_PROFIT,49.15900000000009,5.000000000000004
PCAR,2026-02-06 00:00:00,2026-02-09 00:00:00,0.0430686406460296,4.0,2026-02-09 10:00:00,125.93,48.31309734335632,42.97812089853868,7,881.51,119.6335,132.22650000000002,2026-02-13 15:59:00,127.02,WEEK_END_CLOSE,7.629999999999924,0.8655602318748512
FDX,2026-02-06 00:00:00,2026-02-09 00:00:00,0.0347893807227927,3.0,2026-02-09 10:06:00,365.0,44.09047782208937,43.55962432956092,2,730.0,346.75,383.25,2026-02-13 15:59:00,374.72,WEEK_END_CLOSE,19.440000000000055,2.6630136986301345
ADP,2026-02-06 00:00:00,2026-02-09 00:00:00,0.1127354595835199,8.0,2026-02-09 10:21:00,226.13,40.65200604486882,40.62065111377149,4,904.52,214.8235,237.4365,2026-02-12 09:30:00,214.8235,STOP_LOSS,-45.226,-5.000000000000004
CDNS,2026-02-06 00:00:00,2026-02-09 00:00:00,0.1728187919463087,10.0,2026-02-09 10:28:00,284.63,55.01071271262124,51.11214242646648,3,853.89,270.39849999999996,298.86150000000004,2026-02-10 10:04:00,298.86150000000004,TAKE_PROFIT,42.69450000000012,5.000000000000004
MRSH,2026-02-06 00:00:00,2026-02-09 00:00:00,0.0333333333333333,2.0,2026-02-09 14:04:00,173.96,40.954481574084184,31.75855380126249,5,869.8000000000001,165.262,182.65800000000002,2026-02-13 15:59:00,174.0,WEEK_END_CLOSE,0.1999999999999602,0.022993791676251263
TT,2026-02-09 00:00:00,2026-02-10 00:00:00,0.1372549019607843,7.0,2026-02-10 09:47:00,460.825,45.28046096875632,44.46572261270673,2,921.65,437.78374999999994,483.86625000000004,2026-02-13 15:59:00,465.04,WEEK_END_CLOSE,8.430000000000064,0.914663917973213
ICE,2026-02-09 00:00:00,2026-02-10 00:00:00,0.1052631578947368,5.0,2026-02-10 09:48:00,166.075,49.08224357290154,42.436076701732624,6,996.4499999999999,157.77124999999998,174.37875,2026-02-11 11:43:00,157.77124999999998,STOP_LOSS,-49.82250000000005,-5.000000000000004
MCO,2026-02-09 00:00:00,2026-02-10 00:00:00,0.1409395973154362,8.0,2026-02-10 09:48:00,420.185,42.778068757029864,42.55055734965658,2,840.37,399.17575,441.19425,2026-02-13 15:59:00,426.27,WEEK_END_CLOSE,12.169999999999959,1.4481716386829602
QCOM,2026-02-09 00:00:00,2026-02-10 00:00:00,0.2273303874251279,10.0,2026-02-10 09:50:00,138.375,42.12682526637828,41.02365370433099,7,968.625,131.45624999999998,145.29375000000002,2026-02-13 15:59:00,140.77,WEEK_END_CLOSE,16.76500000000007,1.7308039747064186
ABT,2026-02-09 00:00:00,2026-02-10 00:00:00,0.0923772638103211,4.0,2026-02-10 09:51:00,112.235,60.56836469237889,59.849633736683714,8,897.88,106.62325,117.84675,2026-02-13 15:59:00,112.61,WEEK_END_CLOSE,3.0,0.33412037243283343
RSG,2026-02-09 00:00:00,2026-02-10 00:00:00,0.0579710144927536,1.0,2026-02-10 10:24:00,224.08,56.06089649599289,54.954220684224055,4,896.32,212.876,235.28400000000002,2026-02-13 15:59:00,223.12,WEEK_END_CLOSE,-3.840000000000032,-0.4284184219921494
SYK,2026-02-09 00:00:00,2026-02-10 00:00:00,0.1900826446280991,9.0,2026-02-10 10:26:00,367.035,67.08781295675489,64.5317153313703,2,734.07,348.68325,385.38675000000006,2026-02-13 15:59:00,366.07,WEEK_END_CLOSE,-1.9300000000000637,-0.2629177053959486
SPG,2026-02-09 00:00:00,2026-02-10 00:00:00,0.0754516471838469,2.0,2026-02-10 10:51:00,195.66,41.19620713228642,40.94304618739862,5,978.3,185.87699999999998,205.443,2026-02-13 15:59:00,196.83,WEEK_END_CLOSE,5.85000000000008,0.5979760809567747
CSX,2026-02-10 00:00:00,2026-02-11 00:00:00,0.0406546259216455,2.0,2026-02-11 09:51:00,41.28,51.89839096686915,46.23087559708356,24,990.72,39.216,43.344,2026-02-13 15:59:00,40.87,WEEK_END_CLOSE,-9.840000000000089,-0.9932170542635732
MDT,2026-02-10 00:00:00,2026-02-11 00:00:00,0.1446262333762333,8.0,2026-02-11 09:54:00,99.09,31.970196727957585,31.29757480129484,10,990.9000000000001,94.1355,104.04450000000001,2026-02-13 15:59:00,99.47,WEEK_END_CLOSE,3.7999999999999545,0.3834897567867479
ELV,2026-02-10 00:00:00,2026-02-11 00:00:00,0.09375,5.0,2026-02-11 10:04:00,327.85,53.981957046296806,46.801949240181784,3,983.5500000000001,311.4575,344.24250000000006,2026-02-12 10:57:00,344.24250000000006,TAKE_PROFIT,49.17750000000012,5.000000000000004
NEE,2026-02-10 00:00:00,2026-02-11 00:00:00,0.0969282294484866,6.0,2026-02-11 10:11:00,90.59,39.95214610327363,36.2327309282828,11,996.49,86.0605,95.1195,2026-02-13 15:59:00,93.79,WEEK_END_CLOSE,35.20000000000003,3.5323987195054585
ALL,2026-02-10 00:00:00,2026-02-11 00:00:00,0.1736334405144694,10.0,2026-02-11 10:13:00,199.5,53.95858630486836,50.71938840654128,5,997.5,189.52499999999998,209.47500000000002,2026-02-13 15:59:00,207.5,WEEK_END_CLOSE,40.0,4.010025062656641
ITW,2026-02-10 00:00:00,2026-02-11 00:00:00,0.0237154150197628,1.0,2026-02-11 10:13:00,297.17,51.27184502977169,50.921650136343146,3,891.51,282.3115,312.0285,2026-02-13 15:59:00,299.55,WEEK_END_CLOSE,7.139999999999986,0.8008883803883204
BSX,2026-02-10 00:00:00,2026-02-11 00:00:00,0.1508938961176346,9.0,2026-02-11 10:25:00,72.945,40.51804920963331,39.017795627559636,13,948.2849999999999,69.29775,76.59224999999999,2026-02-13 15:59:00,74.72,WEEK_END_CLOSE,23.075000000000074,2.433340187812738
NSC,2026-02-11 00:00:00,2026-02-12 00:00:00,0.0979020979020978,9.0,2026-02-12 09:47:00,319.47,59.25627456672124,57.042367891031226,3,958.4100000000001,303.4965,335.44350000000003,2026-02-13 15:59:00,315.16,WEEK_END_CLOSE,-12.930000000000007,-1.3491094625473488
SPGI,2026-02-11 00:00:00,2026-02-12 00:00:00,0.0787181543396459,7.0,2026-02-12 09:47:00,391.255,46.387165056135274,45.93405930416335,2,782.51,371.69225,410.81775,2026-02-13 15:59:00,410.08,WEEK_END_CLOSE,37.64999999999998,4.811440109391563
CMCSA,2026-02-11 00:00:00,2026-02-12 00:00:00,0.0133418794655282,2.0,2026-02-12 09:48:00,32.76,58.09716731852622,56.636449053833374,30,982.8,31.121999999999996,34.397999999999996,2026-02-13 09:49:00,31.121999999999996,STOP_LOSS,-49.14000000000005,-5.000000000000004
ICE,2026-02-11 00:00:00,2026-02-12 00:00:00,0.0750670241286863,6.0,2026-02-12 09:48:00,148.645,36.55575242265504,33.23257388557532,6,891.8700000000001,141.21275,156.07725000000002,2026-02-13 15:59:00,152.26,WEEK_END_CLOSE,21.689999999999884,2.431968784688343
ELV,2026-02-11 00:00:00,2026-02-12 00:00:00,0.0556792873051225,3.0,2026-02-12 11:00:00,344.42,68.75792164421156,68.49557183548173,2,688.84,327.199,361.641,2026-02-13 15:59:00,346.81,WEEK_END_CLOSE,4.779999999999973,0.6939202136925893
ETN,2026-02-12 00:00:00,2026-02-13 00:00:00,0.1471399590980594,10.0,2026-02-13 09:45:00,388.47,47.692949012706464,44.167323780365486,2,776.94,369.0465,407.8935000000001,2026-02-13 15:59:00,389.11,WEEK_END_CLOSE,1.2799999999999727,0.1647488866579172
AFL,2026-02-12 00:00:00,2026-02-13 00:00:00,0.0567667626491155,2.0,2026-02-13 09:46:00,115.22,43.815022475005314,39.01095984267455,8,921.76,109.45899999999999,120.98100000000001,2026-02-13 15:59:00,114.9,WEEK_END_CLOSE,-2.5599999999999454,-0.2777295608401231
MO,2026-02-12 00:00:00,2026-02-13 00:00:00,0.1259247166797829,8.0,2026-02-13 09:50:00,66.65,46.5299793248566,42.60797711049944,15,999.7500000000001,63.3175,69.98250000000002,2026-02-13 15:59:00,67.23,WEEK_END_CLOSE,8.699999999999974,0.870217554388586
CMI,2026-02-12 00:00:00,2026-02-13 00:00:00,0.144,9.0,2026-02-13 09:51:00,592.26,53.662379165476835,53.37987158022418,1,592.26,562.6469999999999,621.873,2026-02-13 15:59:00,601.0,WEEK_END_CLOSE,8.740000000000009,1.4757032384425717
KMI,2026-02-12 00:00:00,2026-02-13 00:00:00,0.1002223361957085,6.0,2026-02-13 10:56:00,32.0506,57.582322911487026,56.609683901603276,31,993.5686000000001,30.44807,33.653130000000004,2026-02-13 15:59:00,32.32,WEEK_END_CLOSE,8.35139999999992,0.8405458868164573
SO,2026-02-12 00:00:00,2026-02-13 00:00:00,0.0919549658552591,5.0,2026-02-13 10:57:00,93.8,57.56830524006091,57.40000083248839,10,938.0,89.11,98.49,2026-02-13 15:59:00,94.945,WEEK_END_CLOSE,11.44999999999996,1.2206823027718583
ROST,2026-02-12 00:00:00,2026-02-13 00:00:00,0.0568446475881839,3.0,2026-02-13 11:14:00,196.0,64.29365584010145,60.333189713211,5,980.0,186.2,205.8,2026-02-13 15:59:00,196.52,WEEK_END_CLOSE,2.600000000000051,0.2653061224489939
DLR,2026-02-13 00:00:00,2026-02-17 00:00:00,0.093311758360302,6.0,2026-02-17 09:45:00,181.075,50.88312067057375,50.80971509987023,5,905.375,172.02124999999998,190.12875,2026-02-20 15:59:00,175.67,WEEK_END_CLOSE,-27.025000000000006,-2.9849509871600177
KKR,2026-02-13 00:00:00,2026-02-17 00:00:00,0.0695584315375982,5.0,2026-02-17 09:45:00,102.095,50.958024963615884,47.06751061850156,9,918.855,96.99024999999999,107.19975000000001,2026-02-20 15:59:00,101.16,WEEK_END_CLOSE,-8.41500000000002,-0.9158137029237512
BMY,2026-02-13 00:00:00,2026-02-17 00:00:00,0.0643040182442973,4.0,2026-02-17 09:46:00,60.74,51.246293711736264,47.76614672955115,16,971.84,57.702999999999996,63.77700000000001,2026-02-20 15:59:00,60.68,WEEK_END_CLOSE,-0.9600000000000364,-0.09878169245967072
SNPS,2026-02-13 00:00:00,2026-02-17 00:00:00,0.1363651024028382,10.0,2026-02-17 09:49:00,423.18,43.28733636143033,42.76875267364919,2,846.36,402.021,444.339,2026-02-18 09:31:00,444.339,TAKE_PROFIT,42.317999999999984,5.000000000000004
FDX,2026-02-13 00:00:00,2026-02-17 00:00:00,0.105123325867959,8.0,2026-02-17 09:56:00,378.33,52.06197381386613,46.96605247653266,2,756.66,359.41349999999994,397.2465,2026-02-20 15:59:00,388.43,WEEK_END_CLOSE,20.200000000000045,2.669627045172218
PCAR,2026-02-13 00:00:00,2026-02-17 00:00:00,0.0558659217877094,3.0,2026-02-17 09:56:00,126.965,49.73821723217486,49.52889355649576,7,888.755,120.61675,133.31325,2026-02-20 15:59:00,128.45,WEEK_END_CLOSE,10.394999999999897,1.1696136730594997
WMB,2026-02-13 00:00:00,2026-02-17 00:00:00,0.0975108707428741,7.0,2026-02-17 10:12:00,71.8801,47.36029850315953,46.9209410670172,13,934.4413,68.28609499999999,75.47410500000001,2026-02-20 15:59:00,72.975,WEEK_END_CLOSE,14.233699999999942,1.523231047257867
MDLZ,2026-02-13 00:00:00,2026-02-17 00:00:00,0.0344935385157299,2.0,2026-02-17 10:20:00,60.36,33.60101314307356,29.601606763090462,16,965.76,57.342,63.378,2026-02-20 15:59:00,58.79,WEEK_END_CLOSE,-25.120000000000005,-2.6010603048376435
MO,2026-02-13 00:00:00,2026-02-17 00:00:00,0.1230577215871333,9.0,2026-02-17 10:20:00,67.04,47.409693880265,46.76290946676344,14,938.5600000000001,63.688,70.39200000000001,2026-02-20 15:59:00,67.57,WEEK_END_CLOSE,7.419999999999817,0.7905727923627426
AFL,2026-02-13 00:00:00,2026-02-17 00:00:00,0.0209553749360759,1.0,2026-02-17 10:58:00,114.955,41.73944068229764,41.1179531210976,8,919.64,109.20724999999999,120.70275000000001,2026-02-20 15:59:00,114.03,WEEK_END_CLOSE,-7.399999999999977,-0.8046626940976909
APD,2026-02-17 00:00:00,2026-02-18 00:00:00,0.144927536231884,10.0,2026-02-18 09:48:00,279.8526,53.130189641986206,51.8854003745067,3,839.5578,265.85997,293.84523,2026-02-20 15:59:00,281.27,WEEK_END_CLOSE,4.252199999999959,0.5064809117371061
BSX,2026-02-17 00:00:00,2026-02-18 00:00:00,0.0702970297029703,5.0,2026-02-18 09:49:00,75.88,52.502804502978734,47.26831331225699,13,986.4399999999999,72.086,79.67399999999999,2026-02-20 15:59:00,74.59,WEEK_END_CLOSE,-16.769999999999897,-1.7000527148128497
SLB,2026-02-17 00:00:00,2026-02-18 00:00:00,0.0910032094419712,6.0,2026-02-18 09:49:00,50.95,62.1544464086903,55.775149250989415,19,968.0500000000001,48.4025,53.4975,2026-02-20 15:59:00,50.85,WEEK_END_CLOSE,-1.900000000000027,-0.19627085377821318
ELV,2026-02-17 00:00:00,2026-02-18 00:00:00,0.119047619047619,7.0,2026-02-18 09:50:00,343.6554,48.68848734438303,45.871428977151574,2,687.3108,326.47263,360.83817,2026-02-20 15:59:00,342.94,WEEK_END_CLOSE,-1.4307999999999765,-0.20817365302567836
JCI,2026-02-17 00:00:00,2026-02-18 00:00:00,0.0657276995305164,4.0,2026-02-18 09:51:00,142.29,52.608145253049464,52.24279071087515,7,996.03,135.1755,149.40449999999998,2026-02-20 15:59:00,143.81,WEEK_END_CLOSE,10.640000000000072,1.0682409164382678
EMR,2026-02-17 00:00:00,2026-02-18 00:00:00,0.1299212598425196,8.0,2026-02-18 09:58:00,151.56,62.35665365563291,56.417477998866765,6,909.36,143.982,159.138,2026-02-20 15:59:00,148.61,WEEK_END_CLOSE,-17.699999999999932,-1.9464238585378602
PGR,2026-02-17 00:00:00,2026-02-18 00:00:00,0.0552092609082813,2.0,2026-02-18 10:08:00,202.5,40.270927699020525,37.37037443360865,4,810.0,192.375,212.625,2026-02-20 15:59:00,204.06,WEEK_END_CLOSE,6.240000000000009,0.7703703703703768
PH,2026-02-17 00:00:00,2026-02-18 00:00:00,0.1428571428571428,9.0,2026-02-18 14:23:00,997.64,39.4969978247273,37.94565918502282,1,997.64,947.7579999999999,1047.522,2026-02-20 15:59:00,1022.24,WEEK_END_CLOSE,24.600000000000023,2.4658193336273726
AJG,2026-02-18 00:00:00,2026-02-19 00:00:00,0.0204081632653061,1.0,2026-02-19 09:47:00,215.5,62.47061623180118,59.834681638118234,4,862.0,204.725,226.275,2026-02-20 15:59:00,216.57,WEEK_END_CLOSE,4.279999999999973,0.49651972157771507
CMCSA,2026-02-18 00:00:00,2026-02-19 00:00:00,0.0220440881763527,2.0,2026-02-19 09:49:00,31.63,52.311255504979854,50.792836963129844,31,980.53,30.048499999999997,33.2115,2026-02-20 15:59:00,31.34,WEEK_END_CLOSE,-8.989999999999974,-0.9168510907366367
NSC,2026-02-18 00:00:00,2026-02-19 00:00:00,0.0454545454545454,5.0,2026-02-19 09:53:00,316.86,52.92203982314051,52.293750254496125,3,950.58,301.017,332.70300000000003,2026-02-20 15:59:00,316.32,WEEK_END_CLOSE,-1.6200000000000614,-0.17042226850976228
AEP,2026-02-18 00:00:00,2026-02-19 00:00:00,0.0574572127139364,8.0,2026-02-19 09:59:00,127.92,55.9857719250156,55.94765945316889,7,895.44,121.524,134.316,2026-02-20 15:59:00,129.39,WEEK_END_CLOSE,10.289999999999893,1.1491557223264337
AMT,2026-02-18 00:00:00,2026-02-19 00:00:00,0.0378787878787878,4.0,2026-02-19 10:09:00,187.67,56.066497714466834,54.44431202342993,5,938.3499999999999,178.2865,197.05349999999999,2026-02-20 15:59:00,187.32,WEEK_END_CLOSE,-1.7499999999999716,-0.18649757553151902
CSX,2026-02-18 00:00:00,2026-02-19 00:00:00,0.0502261366341347,6.0,2026-02-19 10:19:00,41.15,50.79837676863516,49.99329981493171,24,987.5999999999999,39.092499999999994,43.2075,2026-02-20 15:59:00,42.31,WEEK_END_CLOSE,27.84000000000009,2.818955042527338
RSG,2026-02-18 00:00:00,2026-02-19 00:00:00,0.1171132238547968,10.0,2026-02-19 10:25:00,223.685,67.39187852016656,66.86173943574484,4,894.74,212.50074999999998,234.86925000000002,2026-02-20 15:59:00,219.57,WEEK_END_CLOSE,-16.460000000000036,-1.8396405659744763
DUK,2026-02-19 00:00:00,2026-02-20 00:00:00,0.0102127659574468,3.0,2026-02-20 09:47:00,126.335,55.26534551310593,54.374511547499,7,884.3449999999999,120.01825,132.65175,2026-02-20 15:59:00,126.78,WEEK_END_CLOSE,3.1150000000000517,0.3522380971227257
ITW,2026-02-19 00:00:00,2026-02-20 00:00:00,0.0466666666666666,7.0,2026-02-20 09:53:00,293.97,58.00216504400173,52.47700806029939,3,881.9100000000001,279.2715,308.66850000000005,2026-02-20 15:59:00,294.99,WEEK_END_CLOSE,3.0599999999999454,0.3469741810388838
HWM,2026-02-19 00:00:00,2026-02-20 00:00:00,0.0331753554502369,4.0,2026-02-20 09:55:00,254.19,66.00174990098225,63.06748914654043,3,762.5699999999999,241.48049999999998,266.8995,2026-02-20 15:59:00,258.16,WEEK_END_CLOSE,11.910000000000082,1.5618238325662004
SPGI,2026-02-19 00:00:00,2026-02-20 00:00:00,0.060377358490566,8.0,2026-02-20 09:55:00,414.38,55.95600466948643,51.56974751458749,2,828.76,393.661,435.099,2026-02-20 15:59:00,417.59,WEEK_END_CLOSE,6.419999999999959,0.7746512862589761
TT,2026-02-19 00:00:00,2026-02-20 00:00:00,0.0,1.0,2026-02-20 10:15:00,466.17,53.97021565173786,52.52475397090196,2,932.34,442.8615,489.47850000000005,2026-02-20 15:59:00,466.99,WEEK_END_CLOSE,1.6399999999999864,0.17590149516271136
FDX,2026-02-20 00:00:00,2026-02-23 00:00:00,0.0051432770022042,1.0,2026-02-23 09:45:00,388.285,48.549084605427154,48.20459130062003,2,776.57,368.87075,407.69925000000006,2026-02-27 15:59:00,387.1,WEEK_END_CLOSE,-2.3700000000000045,-0.3051881993896277
APD,2026-02-20 00:00:00,2026-02-23 00:00:00,0.0151006711409395,4.0,2026-02-23 09:50:00,283.79,56.85180093478936,53.98279275226067,3,851.3700000000001,269.6005,297.97950000000003,2026-02-27 15:59:00,275.67,WEEK_END_CLOSE,-24.360000000000014,-2.8612706578808322
DUK,2026-02-20 00:00:00,2026-02-23 00:00:00,0.0492051476154428,10.0,2026-02-23 09:53:00,127.93,55.37251046655193,54.034063387421554,7,895.51,121.5335,134.3265,2026-02-27 15:59:00,130.86,WEEK_END_CLOSE,20.510000000000048,2.2903150160243912
RSG,2026-02-20 00:00:00,2026-02-23 00:00:00,0.0121580547112462,3.0,2026-02-23 09:54:00,221.14,54.59760655891938,50.86666108203542,4,884.56,210.08299999999997,232.197,2026-02-27 15:59:00,228.99,WEEK_END_CLOSE,31.40000000000009,3.549787464954335
CI,2026-02-20 00:00:00,2026-02-23 00:00:00,0.0484189723320158,9.0,2026-02-23 10:05:00,282.09,53.681609958526,53.61535085997246,3,846.27,267.98549999999994,296.1945,2026-02-27 15:59:00,289.79,WEEK_END_CLOSE,23.100000000000136,2.7296252968910695
SPGI,2026-02-20 00:00:00,2026-02-23 00:00:00,0.008130081300813,2.0,2026-02-23 10:14:00,410.1,46.18512953156167,44.06952066373218,2,820.2,389.595,430.605,2026-02-26 09:30:00,430.605,TAKE_PROFIT,41.00999999999999,5.000000000000004
AFL,2026-02-20 00:00:00,2026-02-23 00:00:00,0.0357142857142857,7.0,2026-02-23 10:42:00,113.57,46.3448078875033,45.78381241322816,8,908.56,107.8915,119.24849999999999,2026-02-27 15:59:00,112.93,WEEK_END_CLOSE,-5.119999999999891,-0.5635291009949639
SYK,2026-02-20 00:00:00,2026-02-23 00:00:00,0.0301003344481605,6.0,2026-02-23 10:45:00,382.86,51.71071757892947,49.61364451108654,2,765.72,363.717,402.00300000000004,2026-02-27 15:59:00,387.55,WEEK_END_CLOSE,9.379999999999995,1.2249908582771862
ABT,2026-02-23 00:00:00,2026-02-24 00:00:00,0.1488095238095238,5.0,2026-02-24 09:46:00,115.1099,53.707383857599574,51.481822793160454,8,920.8792,109.35440499999999,120.865395,2026-02-27 15:59:00,116.32,WEEK_END_CLOSE,9.680799999999977,1.0512562342596121
KMI,2026-02-23 00:00:00,2026-02-24 00:00:00,0.0242336558459173,2.0,2026-02-24 09:46:00,32.41,47.25756591822764,41.30520808296906,30,972.3,30.789499999999997,34.030499999999996,2026-02-27 15:59:00,33.27,WEEK_END_CLOSE,25.800000000000196,2.653502005553854
DE,2026-02-23 00:00:00,2026-02-24 00:00:00,0.2382261315741249,10.0,2026-02-24 09:58:00,641.5,45.46767331544099,45.065001754999734,1,641.5,609.425,673.575,2026-02-27 15:59:00,629.72,WEEK_END_CLOSE,-11.779999999999973,-1.8363211223694442
MDT,2026-02-23 00:00:00,2026-02-24 00:00:00,0.1019801980198019,3.0,2026-02-24 10:05:00,97.975,43.10878247451495,42.297631640990524,10,979.75,93.07624999999999,102.87375,2026-02-27 15:59:00,97.64,WEEK_END_CLOSE,-3.3499999999999375,-0.3419239601939239
ANET,2026-02-23 00:00:00,2026-02-24 00:00:00,0.2157077625570776,9.0,2026-02-24 10:06:00,125.855,53.43637237933222,53.28997703361916,7,880.985,119.56224999999999,132.14775,2026-02-25 09:47:00,132.14775,TAKE_PROFIT,44.04924999999999,5.000000000000004
CTAS,2026-02-23 00:00:00,2026-02-24 00:00:00,0.1346153846153846,4.0,2026-02-24 10:06:00,197.85,47.606179064659905,47.33330008313461,5,989.25,187.95749999999998,207.7425,2026-02-27 15:59:00,201.06,WEEK_END_CLOSE,16.05000000000004,1.6224412433661906
CVS,2026-02-23 00:00:00,2026-02-24 00:00:00,0.2151233319854427,8.0,2026-02-24 10:14:00,73.57,31.59742166580878,25.984005435996888,13,956.4099999999999,69.8915,77.24849999999999,2026-02-26 09:31:00,77.24849999999999,TAKE_PROFIT,47.820499999999996,5.000000000000004
NOW,2026-02-24 00:00:00,2026-02-25 00:00:00,0.1834134615384615,8.0,2026-02-25 09:45:00,101.31,49.28256749525533,41.526303929123614,9,911.79,96.2445,106.3755,2026-02-26 09:30:00,107.45,TAKE_PROFIT_GAP,55.260000000000005,6.060606060606055
MAR,2026-02-24 00:00:00,2026-02-25 00:00:00,0.1812080536912751,7.0,2026-02-25 09:47:00,344.7988,50.613261072527635,50.2969803850371,2,689.5976,327.55886000000004,362.03874,2026-02-27 15:59:00,341.63,WEEK_END_CLOSE,-6.337600000000066,-0.9190287205176007
REGN,2026-02-24 00:00:00,2026-02-25 00:00:00,0.0831234256926952,3.0,2026-02-25 09:58:00,784.615,59.36219386215774,58.7724495948651,1,784.615,745.38425,823.8457500000001,2026-02-27 15:59:00,781.24,WEEK_END_CLOSE,-3.375,-0.4301472696800368
CSX,2026-02-24 00:00:00,2026-02-25 00:00:00,0.09375,4.0,2026-02-25 10:17:00,42.28,46.41921127236882,45.41925092581494,23,972.44,40.166,44.394000000000005,2026-02-27 15:59:00,42.7,WEEK_END_CLOSE,9.66000000000004,0.9933774834437026
TXN,2026-02-24 00:00:00,2026-02-25 00:00:00,0.204241948153967,10.0,2026-02-25 10:17:00,213.55,54.05884693507534,49.822270978202994,4,854.2,202.8725,224.22750000000002,2026-02-27 15:59:00,212.08,WEEK_END_CLOSE,-5.8799999999999955,-0.688363380941226
NSC,2026-02-24 00:00:00,2026-02-25 00:00:00,0.1515151515151515,6.0,2026-02-25 10:30:00,311.205,44.10093750137521,43.19718481538764,3,933.615,295.64475,326.76525,2026-02-27 15:59:00,314.56,WEEK_END_CLOSE,10.065000000000055,1.0780675117687766
ISRG,2026-02-24 00:00:00,2026-02-25 00:00:00,0.0789636027143738,2.0,2026-02-25 11:07:00,501.465,53.55436138291831,48.78825714371306,1,501.465,476.39174999999994,526.53825,2026-02-27 15:59:00,503.34,WEEK_END_CLOSE,1.875,0.37390445993239485
CL,2026-02-25 00:00:00,2026-02-26 00:00:00,0.0916030534351145,6.0,2026-02-26 09:45:00,97.21,59.96452843402554,54.90529186920961,10,972.0999999999999,92.34949999999999,102.0705,2026-02-27 15:59:00,99.1,WEEK_END_CLOSE,18.900000000000006,1.9442444192984354
EMR,2026-02-25 00:00:00,2026-02-26 00:00:00,0.1886792452830188,7.0,2026-02-26 09:45:00,149.08,47.36131227053359,46.53845940374792,6,894.48,141.626,156.53400000000002,2026-02-27 15:59:00,150.76,WEEK_END_CLOSE,10.07999999999987,1.1269117252481697
CRH,2026-02-25 00:00:00,2026-02-26 00:00:00,0.0344827586206896,2.0,2026-02-26 09:46:00,120.275,45.99472431335833,40.96870427384324,8,962.2,114.26125,126.28875000000001,2026-02-27 15:59:00,119.96,WEEK_END_CLOSE,-2.5200000000000955,-0.261899812928712
BMY,2026-02-25 00:00:00,2026-02-26 00:00:00,0.0353107344632768,3.0,2026-02-26 09:52:00,61.215,54.56911274835227,53.40409435327012,16,979.44,58.15425,64.27575,2026-02-27 15:59:00,62.36,WEEK_END_CLOSE,18.319999999999936,1.8704565874377188
JPM,2026-02-25 00:00:00,2026-02-26 00:00:00,0.2425531914893617,10.0,2026-02-26 09:52:00,307.015,57.633141883635545,54.41810191397737,3,921.045,291.66425,322.36575,2026-02-27 15:59:00,300.1,WEEK_END_CLOSE,-20.74499999999989,-2.2523329479015586
HLT,2026-02-25 00:00:00,2026-02-26 00:00:00,0.0520833333333333,5.0,2026-02-26 10:11:00,317.28,54.38278063199668,53.36259266151194,3,951.8399999999999,301.41599999999994,333.144,2026-02-27 15:59:00,311.72,WEEK_END_CLOSE,-16.679999999999836,-1.7523953605647846
BSX,2026-02-25 00:00:00,2026-02-26 00:00:00,0.1895043731778425,8.0,2026-02-26 10:23:00,74.84,54.8104860056852,53.77676356801241,13,972.9200000000001,71.098,78.58200000000001,2026-02-27 15:59:00,76.85,WEEK_END_CLOSE,26.12999999999988,2.685729556386951
SPGI,2026-02-25 00:00:00,2026-02-26 00:00:00,0.2025316455696202,9.0,2026-02-26 10:35:00,436.56,62.99080258395791,60.758919940034346,2,873.12,414.73199999999997,458.38800000000003,2026-02-27 15:59:00,441.87,WEEK_END_CLOSE,10.620000000000005,1.2163276525563482
DASH,2026-02-26 00:00:00,2026-02-27 00:00:00,0.1697217460108136,9.0,2026-02-27 09:46:00,178.0,51.46727192685458,42.53134122992796,5,890.0,169.1,186.9,2026-02-27 15:59:00,176.7,WEEK_END_CLOSE,-6.500000000000057,-0.7303370786516883
TGT,2026-02-26 00:00:00,2026-02-27 00:00:00,0.1099800209304538,4.0,2026-02-27 09:46:00,112.72,48.17014035232179,44.56105099609304,8,901.76,107.08399999999999,118.35600000000001,2026-02-27 15:59:00,113.77,WEEK_END_CLOSE,8.399999999999977,0.9315117104329307
NEE,2026-02-26 00:00:00,2026-02-27 00:00:00,0.1310067405957816,6.0,2026-02-27 09:48:00,91.53,44.25647108039424,40.79546530068911,10,915.3,86.95349999999999,96.10650000000001,2026-02-27 15:59:00,93.75,WEEK_END_CLOSE,22.19999999999999,2.4254342838413656
RTX,2026-02-26 00:00:00,2026-02-27 00:00:00,0.1568322981366459,8.0,2026-02-27 09:48:00,198.61,54.16405524416485,50.381527051438525,5,993.0500000000001,188.6795,208.54050000000004,2026-02-27 15:59:00,202.45,WEEK_END_CLOSE,19.199999999999875,1.9334373898595159
MDLZ,2026-02-26 00:00:00,2026-02-27 00:00:00,0.0706106870229007,2.0,2026-02-27 09:52:00,60.3872,51.96574035032297,51.097843011464235,16,966.1952,57.367839999999994,63.406560000000006,2026-02-27 15:59:00,61.56,WEEK_END_CLOSE,18.764800000000037,1.9421334322505368
PG,2026-02-26 00:00:00,2026-02-27 00:00:00,0.1553856532493816,7.0,2026-02-27 10:25:00,165.65,65.53812254022257,64.35350130492066,6,993.9000000000001,157.3675,173.9325,2026-02-27 15:59:00,167.135,WEEK_END_CLOSE,8.909999999999911,0.896468457591304
CMCSA,2026-02-27 00:00:00,2026-03-02 00:00:00,0.130098452883263,7.0,2026-03-02 09:45:00,30.815,52.29512299389428,49.38058040066926,32,986.08,29.27425,32.35575,2026-03-05 09:31:00,32.35575,TAKE_PROFIT,49.303999999999974,5.000000000000004
FDX,2026-02-27 00:00:00,2026-03-02 00:00:00,0.0019120458891013,1.0,2026-03-02 09:45:00,384.21,38.59621002923432,36.57210663761677,2,768.42,364.99949999999995,403.4205,2026-03-06 09:30:00,364.97,STOP_LOSS_GAP,-38.479999999999905,-5.0076780927097
MDLZ,2026-02-27 00:00:00,2026-03-02 00:00:00,0.1701030927835051,10.0,2026-03-02 09:48:00,61.075,52.66911281575175,51.923972634228036,16,977.2,58.02125,64.12875000000001,2026-03-05 09:32:00,58.02125,STOP_LOSS,-48.860000000000014,-5.000000000000004
SO,2026-02-27 00:00:00,2026-03-02 00:00:00,0.0987654320987654,5.0,2026-03-02 09:48:00,97.395,51.04577689570832,48.09879177682192,10,973.9499999999999,92.52524999999999,102.26475,2026-03-06 15:59:00,97.49,WEEK_END_CLOSE,0.9499999999999886,0.09754094152676362
WMB,2026-02-27 00:00:00,2026-03-02 00:00:00,0.0693069306930693,2.0,2026-03-02 09:52:00,75.47,58.3892704580407,58.252905722236584,13,981.11,71.6965,79.2435,2026-03-06 15:59:00,74.23,WEEK_END_CLOSE,-16.119999999999933,-1.6430369683317791
DLR,2026-02-27 00:00:00,2026-03-02 00:00:00,0.0833333333333333,4.0,2026-03-02 09:54:00,175.63,49.656246608648395,48.38454538608196,5,878.15,166.8485,184.4115,2026-03-06 15:59:00,176.18,WEEK_END_CLOSE,2.750000000000057,0.31315834424643363
PEP,2026-02-27 00:00:00,2026-03-02 00:00:00,0.0718308558766503,3.0,2026-03-02 09:58:00,168.82,53.31011853352773,51.28165504972729,5,844.0999999999999,160.379,177.261,2026-03-05 15:15:00,160.379,STOP_LOSS,-42.20500000000001,-5.000000000000004
ADI,2026-02-27 00:00:00,2026-03-02 00:00:00,0.1473354231974921,9.0,2026-03-02 10:01:00,351.98,56.43467140946795,56.01008059660893,2,703.96,334.38100000000003,369.579,2026-03-05 11:11:00,334.38100000000003,STOP_LOSS,-35.19799999999998,-4.999999999999993
MO,2026-02-27 00:00:00,2026-03-02 00:00:00,0.1032967032967032,6.0,2026-03-02 10:12:00,69.38,51.47437659560071,51.25576692750561,14,971.3199999999999,65.91099999999999,72.849,2026-03-06 15:59:00,66.5,WEEK_END_CLOSE,-40.319999999999936,-4.151052176419712
PGR,2026-02-27 00:00:00,2026-03-02 00:00:00,0.1327433628318584,8.0,2026-03-02 10:31:00,212.585,48.441495939571645,47.41255810805353,4,850.34,201.95575,223.21425000000002,2026-03-06 15:59:00,210.61,WEEK_END_CLOSE,-7.899999999999977,-0.9290401486464206
APD,2026-03-02 00:00:00,2026-03-03 00:00:00,0.085,5.0,2026-03-03 09:54:00,270.825,49.864098069700546,44.48904759260306,3,812.4749999999999,257.28375,284.36625,2026-03-06 15:59:00,272.17,WEEK_END_CLOSE,4.035000000000082,0.4966306655589614
MRSH,2026-03-02 00:00:00,2026-03-03 00:00:00,0.05,4.0,2026-03-03 09:54:00,183.91,39.06424346077649,38.940252814142454,5,919.55,174.7145,193.1055,2026-03-06 15:59:00,183.12,WEEK_END_CLOSE,-3.94999999999996,-0.4295579359469226
TRV,2026-03-02 00:00:00,2026-03-03 00:00:00,0.1756756756756756,10.0,2026-03-03 09:55:00,305.91,36.56301384434736,35.82328343556575,3,917.73,290.6145,321.20550000000003,2026-03-06 15:59:00,306.3,WEEK_END_CLOSE,1.169999999999959,0.1274884770030349
SPG,2026-03-02 00:00:00,2026-03-03 00:00:00,0.0978723404255319,6.0,2026-03-03 09:58:00,199.21,40.09837700351406,35.75275377120719,5,996.0500000000001,189.2495,209.1705,2026-03-06 15:59:00,194.82,WEEK_END_CLOSE,-21.950000000000074,-2.203704633301551
RSG,2026-03-02 00:00:00,2026-03-03 00:00:00,0.1538461538461538,8.0,2026-03-03 10:02:00,228.43,46.08110530992887,45.40953343110798,4,913.72,217.0085,239.85150000000002,2026-03-06 15:59:00,231.05,WEEK_END_CLOSE,10.480000000000018,1.146959681302806
WELL,2026-03-02 00:00:00,2026-03-03 00:00:00,0.0170212765957446,1.0,2026-03-03 10:02:00,207.24,50.933701272588024,49.622139242589164,4,828.96,196.878,217.60200000000003,2026-03-06 15:59:00,204.3,WEEK_END_CLOSE,-11.759999999999991,-1.4186450492182923
JCI,2026-03-02 00:00:00,2026-03-03 00:00:00,0.0190703218116805,2.0,2026-03-03 10:06:00,139.51,41.591978078434636,38.401002628906504,7,976.5699999999999,132.53449999999998,146.4855,2026-03-06 12:42:00,132.53449999999998,STOP_LOSS,-48.828500000000076,-5.000000000000004
SLB,2026-03-02 00:00:00,2026-03-03 00:00:00,0.1063181135956451,7.0,2026-03-03 10:07:00,48.86,31.488033065577795,31.410504401976848,20,977.2,46.416999999999994,51.303000000000004,2026-03-05 10:32:00,46.416999999999994,STOP_LOSS,-48.8600000000001,-5.000000000000016
AON,2026-03-03 00:00:00,2026-03-04 00:00:00,0.0833333333333333,4.0,2026-03-04 09:49:00,339.76,56.60294305769564,50.86039870604697,2,679.52,322.772,356.748,2026-03-06 15:59:00,340.6,WEEK_END_CLOSE,1.6800000000000637,0.24723334118201823
AFL,2026-03-03 00:00:00,2026-03-04 00:00:00,0.0387079187678887,2.0,2026-03-04 09:51:00,111.545,41.22161438249295,40.78564692692943,8,892.36,105.96775,117.12225000000001,2026-03-06 15:59:00,111.28,WEEK_END_CLOSE,-2.1200000000000045,-0.23757228024564592
SHW,2026-03-03 00:00:00,2026-03-04 00:00:00,0.1167883211678832,8.0,2026-03-04 09:51:00,345.35,42.296910208501195,35.50094929680093,2,690.7,328.0825,362.61750000000006,2026-03-06 09:31:00,328.0825,STOP_LOSS,-34.53500000000008,-5.000000000000016
VRTX,2026-03-03 00:00:00,2026-03-04 00:00:00,0.1332311998622522,10.0,2026-03-04 09:58:00,472.76,46.66368769153594,44.61202257323125,2,945.52,449.12199999999996,496.398,2026-03-06 15:59:00,456.67,WEEK_END_CLOSE,-32.17999999999995,-3.4034182248921185
SPGI,2026-03-03 00:00:00,2026-03-04 00:00:00,0.0901864801864801,6.0,2026-03-04 10:05:00,445.66,52.51260355151059,48.49311308216522,2,891.32,423.377,467.94300000000004,2026-03-06 15:59:00,452.22,WEEK_END_CLOSE,13.120000000000005,1.4719741506978412
NSC,2026-03-03 00:00:00,2026-03-04 00:00:00,0.009090909090909,1.0,2026-03-04 10:06:00,315.07,45.5738905666893,44.77951175956934,3,945.21,299.31649999999996,330.8235,2026-03-06 15:59:00,302.75,WEEK_END_CLOSE,-36.95999999999998,-3.9102421684070188
AJG,2026-03-03 00:00:00,2026-03-04 00:00:00,0.0978260869565217,7.0,2026-03-04 10:31:00,227.445,55.99483884536957,53.30207366708009,4,909.78,216.07274999999998,238.81725,2026-03-06 15:59:00,227.93,WEEK_END_CLOSE,1.9400000000000546,0.21323836531910167
DUK,2026-03-04 00:00:00,2026-03-05 00:00:00,0.1502732240437158,9.0,2026-03-05 09:47:00,130.47,36.73052700124965,35.336407786539674,7,913.29,123.94649999999999,136.9935,2026-03-06 15:59:00,132.48,WEEK_END_CLOSE,14.069999999999936,1.5405840423085682
CRH,2026-03-04 00:00:00,2026-03-05 00:00:00,0.0622891992990915,3.0,2026-03-05 09:50:00,113.12,52.13736998525587,51.09682684313305,8,904.96,107.464,118.77600000000001,2026-03-06 09:30:00,107.464,STOP_LOSS,-45.24800000000005,-5.000000000000004
APO,2026-03-04 00:00:00,2026-03-05 00:00:00,0.1391288715592276,7.0,2026-03-05 09:57:00,111.18,57.8212006117454,55.3161755852079,8,889.44,105.621,116.73900000000002,2026-03-06 09:34:00,105.621,STOP_LOSS,-44.472000000000094,-5.000000000000016
CL,2026-03-04 00:00:00,2026-03-05 00:00:00,0.2162878787878787,10.0,2026-03-05 09:57:00,94.04,35.80747237485153,34.19291669386458,10,940.4000000000001,89.33800000000001,98.742,2026-03-06 15:59:00,93.54,WEEK_END_CLOSE,-5.0,-0.531688643130579
EQIX,2026-03-04 00:00:00,2026-03-05 00:00:00,0.0727272727272727,5.0,2026-03-05 10:00:00,952.0,48.26725619540289,45.750784569300464,1,952.0,904.4,999.6,2026-03-06 15:59:00,936.65,WEEK_END_CLOSE,-15.350000000000023,-1.6123949579831987
BSX,2026-03-04 00:00:00,2026-03-05 00:00:00,0.1415873507424169,8.0,2026-03-05 10:09:00,71.69,41.37455010171214,39.16731315009157,13,931.97,68.10549999999999,75.2745,2026-03-06 15:59:00,71.3,WEEK_END_CLOSE,-5.070000000000007,-0.5440089273259896
REGN,2026-03-05 00:00:00,2026-03-06 00:00:00,0.0970772776281106,10.0,2026-03-06 09:48:00,757.83,52.187159749864385,51.64635450707601,1,757.83,719.9385,795.7215000000001,2026-03-06 15:59:00,759.635,WEEK_END_CLOSE,1.80499999999995,0.2381800667695888
FDX,2026-03-05 00:00:00,2026-03-06 00:00:00,0.0178836534395006,4.0,2026-03-06 09:58:00,359.83,40.07722726275287,37.305222877736085,2,719.66,341.83849999999995,377.8215,2026-03-06 15:59:00,358.98,WEEK_END_CLOSE,-1.6999999999999318,-0.23622266070087994
TEL,2026-03-05 00:00:00,2026-03-06 00:00:00,0.0137457044673539,3.0,2026-03-06 09:59:00,205.785,46.440866141773746,43.34234811211169,4,823.14,195.49575,216.07425,2026-03-06 15:59:00,205.81,WEEK_END_CLOSE,0.10000000000002274,0.012148601695938233
CI,2026-03-05 00:00:00,2026-03-06 00:00:00,0.089162420311914,9.0,2026-03-06 10:08:00,271.74,42.24907732687624,36.83997042420922,3,815.22,258.153,285.327,2026-03-06 15:59:00,271.62,WEEK_END_CLOSE,-0.36000000000001364,-0.04415985868845285
SLB,2026-03-05 00:00:00,2026-03-06 00:00:00,0.0558231737386932,6.0,2026-03-06 10:14:00,46.67,46.67656502484767,46.675534396374,21,980.07,44.3365,49.0035,2026-03-06 15:59:00,46.8704,WEEK_END_CLOSE,4.208399999999891,0.4293979001499748
BSX,2026-03-06 00:00:00,2026-03-09 00:00:00,0.0873844141170873,8.0,2026-03-09 09:45:00,70.48,46.10869861181725,42.1569428619858,14,986.72,66.956,74.004,2026-03-13 15:59:00,69.12,WEEK_END_CLOSE,-19.039999999999992,-1.9296254256526701
KMI,2026-03-06 00:00:00,2026-03-09 00:00:00,0.0668082175801299,6.0,2026-03-09 09:46:00,33.41,47.88993702145034,42.25801739665762,29,968.8899999999999,31.739499999999996,35.0805,2026-03-13 15:59:00,33.39,WEEK_END_CLOSE,-0.5799999999998846,-0.05986231667164388
ABBV,2026-03-06 00:00:00,2026-03-09 00:00:00,0.1339573979090194,10.0,2026-03-09 09:47:00,229.255,47.303091459073535,45.397865625501396,4,917.02,217.79225,240.71775,2026-03-13 15:59:00,219.68,WEEK_END_CLOSE,-38.299999999999955,-4.176571939543294
DHR,2026-03-06 00:00:00,2026-03-09 00:00:00,0.0583056573522675,5.0,2026-03-09 09:47:00,194.54,43.95569808459684,40.133160319212486,5,972.6999999999999,184.813,204.267,2026-03-13 15:59:00,187.39,WEEK_END_CLOSE,-35.75000000000003,-3.675336691682951
RSG,2026-03-06 00:00:00,2026-03-09 00:00:00,0.125,9.0,2026-03-09 09:54:00,229.66,52.0588852573731,50.39311310036924,4,918.64,218.177,241.143,2026-03-13 15:59:00,224.29,WEEK_END_CLOSE,-21.480000000000018,-2.338239136114262
PCAR,2026-03-06 00:00:00,2026-03-09 00:00:00,0.0859375,7.0,2026-03-09 09:55:00,117.62,40.23305063835339,38.6449674531919,8,940.96,111.739,123.501,2026-03-13 15:59:00,115.32,WEEK_END_CLOSE,-18.40000000000009,-1.9554497534433057
ITW,2026-03-06 00:00:00,2026-03-09 00:00:00,0.0109664153529814,3.0,2026-03-09 09:57:00,271.45,43.40827218765408,42.295908372237584,3,814.3499999999999,257.8775,285.0225,2026-03-13 15:59:00,267.01,WEEK_END_CLOSE,-13.319999999999993,-1.635660342604528
AON,2026-03-06 00:00:00,2026-03-09 00:00:00,0.0408163265306122,4.0,2026-03-09 10:00:00,336.31,46.491753619962985,46.01434290242197,2,672.62,319.49449999999996,353.12550000000005,2026-03-11 09:30:00,319.49449999999996,STOP_LOSS,-33.631000000000085,-5.000000000000016
FDX,2026-03-06 00:00:00,2026-03-09 00:00:00,0.0086278792248034,2.0,2026-03-09 10:00:00,348.03,43.99602552732487,43.20901487622585,2,696.06,330.6285,365.43149999999997,2026-03-10 10:24:00,365.43149999999997,TAKE_PROFIT,34.803,5.000000000000004
AMT,2026-03-09 00:00:00,2026-03-10 00:00:00,0.1108647450110864,6.0,2026-03-10 09:45:00,187.655,54.30843496128933,49.619546371389255,5,938.275,178.27224999999999,197.03775000000002,2026-03-13 15:59:00,184.41,WEEK_END_CLOSE,-16.225000000000023,-1.7292371639444748
ECL,2026-03-09 00:00:00,2026-03-10 00:00:00,0.1666666666666666,9.0,2026-03-10 09:55:00,281.87,59.579568845226746,58.70206388374571,3,845.61,267.7765,295.9635,2026-03-13 15:59:00,274.23,WEEK_END_CLOSE,-22.91999999999996,-2.710469365310242
LIN,2026-03-09 00:00:00,2026-03-10 00:00:00,0.0210084033613445,2.0,2026-03-10 09:57:00,478.16,50.772586828713656,45.79479480204303,2,956.32,454.252,502.06800000000004,2026-03-13 15:59:00,493.87,WEEK_END_CLOSE,31.41999999999996,3.2855111259829206
QCOM,2026-03-09 00:00:00,2026-03-10 00:00:00,0.1812729946778769,10.0,2026-03-10 10:04:00,133.565,49.350890447168,47.443795584710244,7,934.9549999999999,126.88674999999999,140.24325000000002,2026-03-13 15:59:00,129.86,WEEK_END_CLOSE,-25.93499999999989,-2.773930296110494
NSC,2026-03-09 00:00:00,2026-03-10 00:00:00,0.1126050420168067,7.0,2026-03-10 10:05:00,300.985,54.45825167868172,53.618017436236535,3,902.955,285.93575,316.03425000000004,2026-03-13 15:59:00,289.37,WEEK_END_CLOSE,-34.84500000000003,-3.858996295496453
WELL,2026-03-09 00:00:00,2026-03-10 00:00:00,0.0636363636363636,5.0,2026-03-10 10:42:00,209.25,58.6958063384324,55.5892931071949,4,837.0,198.7875,219.7125,2026-03-13 15:59:00,207.82,WEEK_END_CLOSE,-5.720000000000027,-0.6833930704898461
APH,2026-03-10 00:00:00,2026-03-11 00:00:00,0.1076363636363636,9.0,2026-03-11 09:46:00,134.375,45.608804010663356,41.544759480337675,7,940.625,127.65625,141.09375,2026-03-13 15:59:00,133.92,WEEK_END_CLOSE,-3.1850000000000875,-0.33860465116279936
EMR,2026-03-10 00:00:00,2026-03-11 00:00:00,0.0117135447389563,2.0,2026-03-11 09:53:00,138.11,41.98819026945233,38.46785381704961,7,966.7700000000001,131.2045,145.01550000000003,2026-03-13 15:59:00,132.25,WEEK_END_CLOSE,-41.020000000000095,-4.242994714358128
FDX,2026-03-10 00:00:00,2026-03-11 00:00:00,0.0190766525820264,3.0,2026-03-11 09:53:00,358.09,43.68512469409692,36.76739164915941,2,716.18,340.18549999999993,375.9945,2026-03-13 15:59:00,351.62,WEEK_END_CLOSE,-12.93999999999994,-1.8068083442709826
HWM,2026-03-10 00:00:00,2026-03-11 00:00:00,0.0999219248213508,8.0,2026-03-11 09:53:00,249.46,45.240578136833605,42.673745821803,4,997.84,236.987,261.933,2026-03-13 10:24:00,236.987,STOP_LOSS,-49.89200000000005,-5.000000000000004
TT,2026-03-10 00:00:00,2026-03-11 00:00:00,0.1258278145695364,10.0,2026-03-11 09:53:00,428.83,43.68150747487361,39.72463961964649,2,857.66,407.38849999999996,450.2715,2026-03-13 15:59:00,422.41,WEEK_END_CLOSE,-12.839999999999918,-1.4970967516265143
AON,2026-03-10 00:00:00,2026-03-11 00:00:00,0.0656565656565656,7.0,2026-03-11 09:56:00,319.01,39.762213236524296,37.271807724412234,3,957.03,303.05949999999996,334.9605,2026-03-13 15:59:00,321.48,WEEK_END_CLOSE,7.410000000000082,0.7742703990470501
EQIX,2026-03-10 00:00:00,2026-03-11 00:00:00,0.0600924499229583,6.0,2026-03-11 10:27:00,966.48,56.303941988437956,55.20687443916332,1,966.48,918.156,1014.8040000000001,2026-03-13 15:59:00,970.13,WEEK_END_CLOSE,3.6499999999999773,0.3776591341776214
REGN,2026-03-11 00:00:00,2026-03-12 00:00:00,0.0773942697528102,9.0,2026-03-12 09:46:00,761.14,42.22549505940289,40.0807378458568,1,761.14,723.083,799.197,2026-03-13 15:59:00,745.82,WEEK_END_CLOSE,-15.319999999999936,-2.0127703182068912
SHW,2026-03-11 00:00:00,2026-03-12 00:00:00,0.0583657587548638,6.0,2026-03-12 09:48:00,321.1,43.65674710964273,41.96348946290516,3,963.3000000000001,305.045,337.15500000000003,2026-03-13 15:59:00,319.73,WEEK_END_CLOSE,-4.110000000000014,-0.42665836188103823
ORLY,2026-03-11 00:00:00,2026-03-12 00:00:00,0.0761421319796954,8.0,2026-03-12 10:04:00,95.24,57.34856279370719,56.87151956297815,10,952.4,90.478,100.002,2026-03-13 15:59:00,91.54,WEEK_END_CLOSE,-36.999999999999886,-3.8849223015539613
MO,2026-03-12 00:00:00,2026-03-13 00:00:00,0.0683939858099689,7.0,2026-03-13 09:46:00,67.875,53.107329063984245,52.579886929752995,14,950.25,64.48125,71.26875,2026-03-13 15:59:00,67.93,WEEK_END_CLOSE,0.7700000000000955,0.08103130755066079
CI,2026-03-12 00:00:00,2026-03-13 00:00:00,0.0656244948853534,6.0,2026-03-13 09:52:00,267.61,51.57300354072133,49.25595413635482,3,802.83,254.2295,280.99050000000005,2026-03-13 15:59:00,267.14,WEEK_END_CLOSE,-1.4100000000000819,-0.17562871342626796
SLB,2026-03-12 00:00:00,2026-03-13 00:00:00,0.0547257351859842,5.0,2026-03-13 09:57:00,44.35,50.308486776514975,49.21938622419315,22,975.7,42.1325,46.5675,2026-03-13 15:59:00,44.735,WEEK_END_CLOSE,8.469999999999956,0.8680947012401408
CSX,2026-03-12 00:00:00,2026-03-13 00:00:00,0.0868323729250881,9.0,2026-03-13 10:13:00,39.27,45.58515983335718,44.42046742071956,25,981.7500000000001,37.3065,41.23350000000001,2026-03-13 15:59:00,39.31,WEEK_END_CLOSE,0.9999999999999787,0.10185892538834285
FDX,2026-03-13 00:00:00,2026-03-16 00:00:00,0.0933765573353674,8.0,2026-03-16 09:56:00,356.1125,57.714546904363516,53.33861756721604,2,712.225,338.306875,373.91812500000003,2026-03-20 09:30:00,380.82,TAKE_PROFIT_GAP,49.414999999999964,6.938116466004418
ELV,2026-03-13 00:00:00,2026-03-16 00:00:00,0.0417287630402384,3.0,2026-03-16 09:57:00,293.485,50.833655757677704,48.8278409020454,3,880.455,278.81075,308.15925000000004,2026-03-20 15:59:00,291.56,WEEK_END_CLOSE,-5.775000000000034,-0.6559108642690492
NSC,2026-03-13 00:00:00,2026-03-16 00:00:00,0.0693400167084377,7.0,2026-03-16 10:02:00,293.2,57.78388540253848,56.6866860719814,3,879.5999999999999,278.53999999999996,307.86,2026-03-19 13:11:00,278.53999999999996,STOP_LOSS,-43.980000000000075,-5.000000000000004
EMR,2026-03-13 00:00:00,2026-03-16 00:00:00,0.0652173913043478,6.0,2026-03-16 10:04:00,133.8675,52.15587266735831,50.411049729366304,7,937.0725,127.174125,140.560875,2026-03-19 09:30:00,127.174125,STOP_LOSS,-46.85362500000002,-5.000000000000004
BSX,2026-03-13 00:00:00,2026-03-16 00:00:00,0.0584172464125978,4.0,2026-03-16 10:07:00,69.65,54.07468620156505,47.388759350982184,14,975.1000000000001,66.1675,73.13250000000001,2026-03-20 15:59:00,69.54,WEEK_END_CLOSE,-1.539999999999992,-0.15793251974156597
ICE,2026-03-13 00:00:00,2026-03-16 00:00:00,0.0409207161125319,2.0,2026-03-16 10:07:00,160.92,57.71187014006825,54.97416135429529,6,965.52,152.87399999999997,168.966,2026-03-20 15:59:00,158.44,WEEK_END_CLOSE,-14.879999999999939,-1.541138453890123
PSX,2026-03-13 00:00:00,2026-03-16 00:00:00,0.097183377122355,9.0,2026-03-16 10:07:00,173.705,48.32084133687782,44.120105115172684,5,868.5250000000001,165.01975000000002,182.39025,2026-03-20 15:59:00,175.47,WEEK_END_CLOSE,8.824999999999932,1.0160904982585262
KO,2026-03-13 00:00:00,2026-03-16 00:00:00,0.1048089691291196,10.0,2026-03-16 10:16:00,78.3079,56.73881507792957,56.30624229864611,12,939.6948,74.392505,82.22329500000001,2026-03-20 15:50:00,74.392505,STOP_LOSS,-46.984740000000045,-5.000000000000004
ITW,2026-03-13 00:00:00,2026-03-16 00:00:00,0.0068775790921595,1.0,2026-03-16 10:56:00,268.2,53.41202727245637,47.75212118230045,3,804.5999999999999,254.78999999999996,281.61,2026-03-20 15:59:00,257.73,WEEK_END_CLOSE,-31.40999999999991,-3.903803131991046
SO,2026-03-13 00:00:00,2026-03-16 00:00:00,0.0599462606962666,5.0,2026-03-16 11:18:00,98.53,56.436341965157936,47.18840650657771,10,985.3,93.6035,103.4565,2026-03-20 15:37:00,93.6035,STOP_LOSS,-49.26500000000004,-5.000000000000004
JCI,2026-03-16 00:00:00,2026-03-17 00:00:00,0.033722438391699,4.0,2026-03-17 09:47:00,132.015,53.85629873287956,53.768568190641055,7,924.1049999999999,125.41424999999998,138.61575,2026-03-20 15:59:00,129.69,WEEK_END_CLOSE,-16.27499999999992,-1.761163504147245
EQIX,2026-03-16 00:00:00,2026-03-17 00:00:00,0.0837988826815642,9.0,2026-03-17 09:48:00,984.58,52.721088525595114,45.76159555833932,1,984.58,935.351,1033.8090000000002,2026-03-20 15:59:00,959.5,WEEK_END_CLOSE,-25.08000000000004,-2.547279042840611
CSX,2026-03-16 00:00:00,2026-03-17 00:00:00,0.0289276807980049,3.0,2026-03-17 09:52:00,40.295,58.68069872567441,56.22069338969404,24,967.08,38.28025,42.30975,2026-03-20 14:11:00,38.28025,STOP_LOSS,-48.353999999999985,-4.999999999999993
MSI,2026-03-16 00:00:00,2026-03-17 00:00:00,0.0909090909090909,10.0,2026-03-17 09:59:00,471.63,51.47678805466695,47.53207591819668,2,943.26,448.0485,495.2115,2026-03-20 15:59:00,452.7,WEEK_END_CLOSE,-37.860000000000014,-4.0137395839959344
UNP,2026-03-16 00:00:00,2026-03-17 00:00:00,0.0674055643519565,6.0,2026-03-17 10:02:00,243.71,53.461891103111704,48.97983786164941,4,974.84,231.5245,255.89550000000003,2026-03-20 15:59:00,234.91,WEEK_END_CLOSE,-35.200000000000045,-3.6108489598293048
FTNT,2026-03-16 00:00:00,2026-03-17 00:00:00,0.0678950025239777,7.0,2026-03-17 10:49:00,84.9,51.625615995845,49.38441608030003,11,933.9000000000001,80.655,89.14500000000001,2026-03-20 15:39:00,80.655,STOP_LOSS,-46.69500000000005,-5.000000000000004
DASH,2026-03-17 00:00:00,2026-03-18 00:00:00,0.0666061941168848,6.0,2026-03-18 09:47:00,169.13,52.84478890689115,47.88266788558065,5,845.65,160.6735,177.5865,2026-03-19 10:10:00,160.6735,STOP_LOSS,-42.28250000000003,-5.000000000000004
MDT,2026-03-17 00:00:00,2026-03-18 00:00:00,0.0628218331616889,5.0,2026-03-18 09:47:00,87.9399,47.590259604588944,44.422487809441876,11,967.3389,83.54290499999999,92.336895,2026-03-20 15:59:00,86.2,WEEK_END_CLOSE,-19.138899999999907,-1.9785103235277601
MCO,2026-03-17 00:00:00,2026-03-18 00:00:00,0.025297619047619,4.0,2026-03-18 09:50:00,439.42,49.53252134301013,48.48907911539284,2,878.84,417.449,461.391,2026-03-20 15:59:00,435.03,WEEK_END_CLOSE,-8.780000000000086,-0.9990441946201911
MRSH,2026-03-17 00:00:00,2026-03-18 00:00:00,0.0009389671361502,2.0,2026-03-18 09:59:00,171.51,50.38504535412597,48.90862708646731,5,857.55,162.93449999999999,180.0855,2026-03-20 15:59:00,176.54,WEEK_END_CLOSE,25.150000000000006,2.9327735992070503
MMM,2026-03-17 00:00:00,2026-03-18 00:00:00,0.1005061460592914,9.0,2026-03-18 10:21:00,144.95,39.554830121405566,37.37250785540253,6,869.6999999999999,137.7025,152.1975,2026-03-20 15:59:00,141.1,WEEK_END_CLOSE,-23.099999999999966,-2.6560883063125207
ADBE,2026-03-17 00:00:00,2026-03-18 00:00:00,0.114850253280801,10.0,2026-03-18 10:22:00,250.32,42.77732589522581,41.013398344651435,3,750.96,237.80399999999997,262.836,2026-03-20 15:59:00,248.11,WEEK_END_CLOSE,-6.629999999999939,-0.8828699264940787
RSG,2026-03-17 00:00:00,2026-03-18 00:00:00,0.0,1.0,2026-03-18 10:30:00,224.91,50.00434599993927,47.23470827778184,4,899.64,213.66449999999998,236.15550000000002,2026-03-20 15:59:00,219.42,WEEK_END_CLOSE,-21.960000000000036,-2.4409763905562265
TEL,2026-03-18 00:00:00,2026-03-19 00:00:00,0.05,10.0,2026-03-19 09:45:00,193.21,46.26660190958431,42.39213002561447,5,966.0500000000001,183.5495,202.87050000000002,2026-03-20 15:59:00,195.67,WEEK_END_CLOSE,12.299999999999898,1.273226023497731
CB,2026-03-18 00:00:00,2026-03-19 00:00:00,0.04,7.0,2026-03-19 09:46:00,328.79,47.813582519228156,44.72509717783431,3,986.3700000000001,312.3505,345.22950000000003,2026-03-20 15:59:00,322.59,WEEK_END_CLOSE,-18.600000000000136,-1.8857021198941726
AON,2026-03-18 00:00:00,2026-03-19 00:00:00,0.0192307692307692,4.0,2026-03-19 09:47:00,319.42,51.96109118285254,51.883828599357734,3,958.26,303.449,335.391,2026-03-20 15:59:00,325.74,WEEK_END_CLOSE,18.95999999999998,1.9785861874647814
MDLZ,2026-03-18 00:00:00,2026-03-19 00:00:00,0.0091977516607051,3.0,2026-03-19 09:53:00,56.46,52.59527284300551,52.058464266458756,17,959.82,53.637,59.283,2026-03-20 15:59:00,56.23,WEEK_END_CLOSE,-3.9100000000000676,-0.4073680481757047
REGN,2026-03-18 00:00:00,2026-03-19 00:00:00,0.042,8.0,2026-03-19 09:59:00,743.04,50.22050225974206,46.60000802556692,1,743.04,705.8879999999999,780.192,2026-03-20 15:59:00,732.79,WEEK_END_CLOSE,-10.25,-1.379468130921624
KMI,2026-03-18 00:00:00,2026-03-19 00:00:00,0.0210378681626928,5.0,2026-03-19 10:29:00,33.545,65.2942765592814,65.08338944135835,29,972.8050000000001,31.86775,35.22225,2026-03-20 15:59:00,32.86,WEEK_END_CLOSE,-19.865000000000066,-2.0420330898792693
DUK,2026-03-18 00:00:00,2026-03-19 00:00:00,0.0491978609625668,9.0,2026-03-19 10:30:00,131.14,51.5190500569682,48.94516262125224,7,917.9799999999999,124.58299999999998,137.697,2026-03-20 15:59:00,126.88,WEEK_END_CLOSE,-29.819999999999936,-3.2484367851151386
EMR,2026-03-18 00:00:00,2026-03-19 00:00:00,0.0079754601226993,1.0,2026-03-19 10:31:00,128.27,49.232284074969016,46.160183499732355,7,897.8900000000001,121.8565,134.6835,2026-03-20 15:59:00,128.17,WEEK_END_CLOSE,-0.7000000000001592,-0.07796055196072071
AFL,2026-03-18 00:00:00,2026-03-19 00:00:00,0.0090452261306532,2.0,2026-03-19 10:34:00,107.58,46.76169038981694,43.529456538227606,9,968.22,102.201,112.959,2026-03-20 15:59:00,106.28,WEEK_END_CLOSE,-11.699999999999974,-1.2084030488938469
WELL,2026-03-18 00:00:00,2026-03-19 00:00:00,0.0271493212669683,6.0,2026-03-19 10:42:00,210.52,52.14382810197321,51.980197139380266,4,842.08,199.994,221.04600000000002,2026-03-20 10:09:00,199.994,STOP_LOSS,-42.10400000000004,-5.000000000000004
HWM,2026-03-19 00:00:00,2026-03-20 00:00:00,0.0509868421052631,6.0,2026-03-20 09:45:00,232.78,56.13012225259252,48.97376373408554,4,931.12,221.141,244.419,2026-03-20 15:59:00,231.25,WEEK_END_CLOSE,-6.1200000000000045,-0.6572729615946349
MCK,2026-03-19 00:00:00,2026-03-20 00:00:00,0.0245215311004784,4.0,2026-03-20 09:45:00,895.75,45.587924759976545,37.38193423626768,1,895.75,850.9625,940.5375,2026-03-20 15:59:00,886.48,WEEK_END_CLOSE,-9.269999999999982,-1.0348869662294091
PCAR,2026-03-19 00:00:00,2026-03-20 00:00:00,0.037037037037037,5.0,2026-03-20 09:48:00,112.94,53.76484707718699,48.498191307272904,8,903.52,107.29299999999999,118.587,2026-03-20 15:59:00,111.33,WEEK_END_CLOSE,-12.879999999999995,-1.4255356826633592
MPC,2026-03-19 00:00:00,2026-03-20 00:00:00,0.0762032085561497,9.0,2026-03-20 09:49:00,235.705,49.147367384146726,43.79750573400159,4,942.82,223.91975,247.49025000000003,2026-03-20 15:59:00,232.75,WEEK_END_CLOSE,-11.82000000000005,-1.2536857512568722
NSC,2026-03-19 00:00:00,2026-03-20 00:00:00,0.0142857142857142,3.0,2026-03-20 09:51:00,278.88,49.556029439467444,48.19277124008238,3,836.64,264.936,292.824,2026-03-20 15:59:00,281.25,WEEK_END_CLOSE,7.110000000000014,0.8498278829604189
VRTX,2026-03-19 00:00:00,2026-03-20 00:00:00,0.0541516245487364,7.0,2026-03-20 09:51:00,459.75,57.19710920094189,56.75427878147309,2,919.5,436.7625,482.7375,2026-03-20 15:59:00,454.18,WEEK_END_CLOSE,-11.139999999999986,-1.211528004350193
WELL,2026-03-20 00:00:00,2026-03-23 00:00:00,0.027027027027027,4.0,2026-03-23 09:57:00,199.02,56.29961999392481,56.16675287060745,5,995.1,189.069,208.97100000000003,2026-03-27 15:59:00,195.67,WEEK_END_CLOSE,-16.750000000000114,-1.6832479147824486
FDX,2026-03-20 00:00:00,2026-03-23 00:00:00,0.0152506289916779,2.0,2026-03-23 09:59:00,366.705,55.91877713113952,53.733269646810776,2,733.41,348.36974999999995,385.04025,2026-03-27 09:30:00,348.36974999999995,STOP_LOSS,-36.67050000000006,-5.000000000000004
NEE,2026-03-20 00:00:00,2026-03-23 00:00:00,0.0385321100917431,8.0,2026-03-23 10:07:00,90.885,52.66910103366389,51.98363088866202,11,999.735,86.34075,95.42925000000001,2026-03-27 15:59:00,91.37,WEEK_END_CLOSE,5.334999999999994,0.5336414149749613
SO,2026-03-20 00:00:00,2026-03-23 00:00:00,0.0120614035087719,1.0,2026-03-23 10:07:00,94.0,50.79583356358085,47.77269935165515,10,940.0,89.3,98.7,2026-03-27 15:59:00,95.51,WEEK_END_CLOSE,15.100000000000051,1.6063829787234196
HPE,2026-03-20 00:00:00,2026-03-23 00:00:00,0.0433864915572232,9.0,2026-03-23 10:09:00,22.15,58.1437656275067,54.43622913328796,45,996.7499999999999,21.042499999999997,23.2575,2026-03-24 11:24:00,23.2575,TAKE_PROFIT,49.83750000000008,5.000000000000004
PCAR,2026-03-20 00:00:00,2026-03-23 00:00:00,0.0165289256198347,3.0,2026-03-23 10:21:00,114.665,64.7163515666377,62.98398281624377,8,917.32,108.93175,120.39825000000002,2026-03-27 15:59:00,112.77,WEEK_END_CLOSE,-15.160000000000082,-1.652640300004371
REGN,2026-03-20 00:00:00,2026-03-23 00:00:00,0.0360824742268041,7.0,2026-03-23 10:23:00,743.1799,57.226898268709476,52.92455732232996,1,743.1799,706.020905,780.338895,2026-03-27 15:59:00,737.71,WEEK_END_CLOSE,-5.469899999999939,-0.7360129088528788
DLR,2026-03-20 00:00:00,2026-03-23 00:00:00,0.029585798816568,5.0,2026-03-23 10:26:00,177.21,60.36691245823689,57.13558178721431,5,886.0500000000001,168.3495,186.0705,2026-03-27 15:59:00,175.42,WEEK_END_CLOSE,-8.950000000000102,-1.0101010101010166
MPC,2026-03-20 00:00:00,2026-03-23 00:00:00,0.032258064516129,6.0,2026-03-23 10:39:00,236.57,56.34621735801897,55.177171397267145,4,946.28,224.74149999999997,248.3985,2026-03-26 11:59:00,248.42,TAKE_PROFIT_GAP,47.39999999999998,5.009088219131752
KMI,2026-03-20 00:00:00,2026-03-23 00:00:00,0.0463302752293578,10.0,2026-03-23 11:54:00,33.165,53.82642621683562,52.68968270760221,30,994.9499999999999,31.506749999999997,34.82325,2026-03-27 15:59:00,34.02,WEEK_END_CLOSE,25.65000000000012,2.5780189959294653
GE,2026-03-23 00:00:00,2026-03-24 00:00:00,0.2014471304061832,8.0,2026-03-24 09:51:00,286.66,38.5224223494501,31.985267696990345,3,859.98,272.327,300.99300000000005,2026-03-27 15:59:00,282.73,WEEK_END_CLOSE,-11.79000000000002,-1.3709621153980334
ADP,2026-03-23 00:00:00,2026-03-24 00:00:00,0.1709677419354838,6.0,2026-03-24 09:52:00,206.945,41.05425632040236,39.9576162035979,4,827.78,196.59775,217.29225,2026-03-27 15:59:00,201.23,WEEK_END_CLOSE,-22.860000000000014,-2.76160332455484
BSX,2026-03-23 00:00:00,2026-03-24 00:00:00,0.1399899648770697,3.0,2026-03-24 09:55:00,68.6,43.89030248584234,41.185230600799684,14,960.3999999999999,65.16999999999999,72.03,2026-03-27 15:59:00,69.19,WEEK_END_CLOSE,8.260000000000048,0.8600583090379033
SPGI,2026-03-23 00:00:00,2026-03-24 00:00:00,0.1884057971014492,7.0,2026-03-24 09:55:00,416.795,36.81069561449781,32.6627861027828,2,833.59,395.95525,437.63475000000005,2026-03-27 15:59:00,406.08,WEEK_END_CLOSE,-21.430000000000064,-2.5708081910771563
ABBV,2026-03-23 00:00:00,2026-03-24 00:00:00,0.1620970171738475,4.0,2026-03-24 10:00:00,202.91,49.260852975866406,45.246850852699666,4,811.64,192.7645,213.0555,2026-03-27 10:09:00,213.0555,TAKE_PROFIT,40.581999999999994,5.000000000000004
MDLZ,2026-03-23 00:00:00,2026-03-24 00:00:00,0.2294117647058823,10.0,2026-03-24 10:39:00,57.67,59.260198931440925,58.356554187757084,17,980.39,54.7865,60.55350000000001,2026-03-27 15:59:00,58.27,WEEK_END_CLOSE,10.200000000000024,1.040402288885045
TXN,2026-03-23 00:00:00,2026-03-24 00:00:00,0.2273806383539963,9.0,2026-03-24 10:58:00,194.28,61.68631351774807,61.05746741517904,5,971.4,184.566,203.994,2026-03-27 15:59:00,190.33,WEEK_END_CLOSE,-19.749999999999943,-2.033148033765697
HWM,2026-03-23 00:00:00,2026-03-24 00:00:00,0.1666666666666666,5.0,2026-03-24 11:16:00,237.34,57.41121683106149,56.93896490674182,4,949.36,225.47299999999998,249.20700000000002,2026-03-27 15:59:00,227.77,WEEK_END_CLOSE,-38.27999999999997,-4.032190107019462
MO,2026-03-24 00:00:00,2026-03-25 00:00:00,0.0418888042650418,2.0,2026-03-25 09:51:00,63.39,34.92757881534541,32.26576051626432,15,950.85,60.2205,66.5595,2026-03-27 12:39:00,66.5595,TAKE_PROFIT,47.54249999999999,5.000000000000004
EMR,2026-03-24 00:00:00,2026-03-25 00:00:00,0.1875,10.0,2026-03-25 09:52:00,131.1844,51.381186821728654,48.639350553699174,7,918.2908000000001,124.62518,137.74362000000002,2026-03-27 09:30:00,124.625,STOP_LOSS_GAP,-45.915800000000075,-5.000137211436728
GOOGL,2026-03-24 00:00:00,2026-03-25 00:00:00,0.1609360008398446,7.0,2026-03-25 09:53:00,292.64,44.34540093201583,43.40909315916233,3,877.92,278.008,307.272,2026-03-27 09:30:00,277.275,STOP_LOSS_GAP,-46.09500000000003,-5.250478403499182
PFE,2026-03-24 00:00:00,2026-03-25 00:00:00,0.1587045622522341,6.0,2026-03-25 09:53:00,27.125,51.24397789002818,49.526763418556286,36,976.5,25.768749999999997,28.481250000000003,2026-03-27 15:59:00,27.03,WEEK_END_CLOSE,-3.419999999999959,-0.35023041474654404
CSCO,2026-03-24 00:00:00,2026-03-25 00:00:00,0.1641799881586737,8.0,2026-03-25 10:05:00,81.92,62.4567076136214,62.425540548506575,12,983.04,77.824,86.016,2026-03-27 15:59:00,79.93,WEEK_END_CLOSE,-23.87999999999994,-2.429199218749989
MDT,2026-03-24 00:00:00,2026-03-25 00:00:00,0.1828410689170183,9.0,2026-03-25 10:06:00,86.58,43.93387276072323,41.8019349779537,11,952.38,82.25099999999999,90.909,2026-03-27 15:59:00,87.11,WEEK_END_CLOSE,5.8300000000000125,0.6121506121506082
WMB,2026-03-24 00:00:00,2026-03-25 00:00:00,0.1377870563674321,4.0,2026-03-25 10:22:00,74.42,49.93068522769547,49.32470720681215,13,967.46,70.699,78.141,2026-03-27 15:59:00,73.565,WEEK_END_CLOSE,-11.115000000000052,-1.1488847084117237
CME,2026-03-25 00:00:00,2026-03-26 00:00:00,0.2146596858638743,10.0,2026-03-26 09:46:00,295.525,53.06815401030073,49.76153422637814,3,886.5749999999999,280.74875,310.30125,2026-03-27 15:59:00,293.67,WEEK_END_CLOSE,-5.564999999999884,-0.6276964723796463
URI,2026-03-25 00:00:00,2026-03-26 00:00:00,0.0580137659783677,5.0,2026-03-26 09:50:00,745.91,54.42690426987582,51.154706857293746,1,745.91,708.6144999999999,783.2055,2026-03-27 15:59:00,734.09,WEEK_END_CLOSE,-11.819999999999936,-1.5846415787427404
TMUS,2026-03-25 00:00:00,2026-03-26 00:00:00,0.1715116279069767,8.0,2026-03-26 09:54:00,212.46,54.50512474705711,54.011635838941295,4,849.84,201.837,223.08300000000003,2026-03-27 15:59:00,210.82,WEEK_END_CLOSE,-6.560000000000059,-0.7719100065894824
MRVL,2026-03-25 00:00:00,2026-03-26 00:00:00,0.1405376247415265,7.0,2026-03-26 10:04:00,99.94,54.38730218522038,52.426938321732315,10,999.4,94.943,104.937,2026-03-27 10:38:00,94.943,STOP_LOSS,-49.97,-5.000000000000004
BMY,2026-03-25 00:00:00,2026-03-26 00:00:00,0.0443638608132088,4.0,2026-03-26 10:06:00,59.24,57.855623788426065,54.329242211175185,16,947.84,56.278,62.202000000000005,2026-03-27 15:59:00,58.515,WEEK_END_CLOSE,-11.600000000000023,-1.2238352464550961
MRK,2026-03-25 00:00:00,2026-03-26 00:00:00,0.0389258438038925,3.0,2026-03-26 10:08:00,119.37,55.78441370548568,52.175818270042924,8,954.96,113.4015,125.33850000000001,2026-03-27 15:59:00,119.63,WEEK_END_CLOSE,2.0799999999999272,0.21781017005946257
CSX,2026-03-25 00:00:00,2026-03-26 00:00:00,0.1091549295774647,6.0,2026-03-26 10:09:00,39.86,58.73180995770773,51.68112133213759,25,996.5,37.867,41.853,2026-03-27 15:59:00,39.67,WEEK_END_CLOSE,-4.749999999999943,-0.47666833918714735
FDX,2026-03-26 00:00:00,2026-03-27 00:00:00,0.0038647342995169,1.0,2026-03-27 09:45:00,348.72,49.41250786694983,42.307806046756156,2,697.44,331.284,366.15600000000006,2026-03-27 15:59:00,343.89,WEEK_END_CLOSE,-9.660000000000082,-1.3850653819683534
CVS,2026-03-26 00:00:00,2026-03-27 00:00:00,0.0578186596583442,4.0,2026-03-27 09:57:00,71.17,48.64097181793651,47.38976514579615,14,996.38,67.61149999999999,74.72850000000001,2026-03-27 15:59:00,70.07,WEEK_END_CLOSE,-15.40000000000012,-1.5455950540958385
DASH,2026-03-26 00:00:00,2026-03-27 00:00:00,0.0298948751642575,3.0,2026-03-27 10:06:00,145.145,42.23613038904301,42.14954758502984,6,870.8700000000001,137.88775,152.40225,2026-03-27 15:59:00,146.6,WEEK_END_CLOSE,8.729999999999905,1.0024458300320171
CMCSA,2026-03-26 00:00:00,2026-03-27 00:00:00,0.1008403361344537,9.0,2026-03-27 10:18:00,28.735,54.50901642651485,52.19117709980421,34,976.99,27.29825,30.17175,2026-03-27 15:59:00,28.34,WEEK_END_CLOSE,-13.429999999999986,-1.3746302418653156
KMI,2026-03-27 00:00:00,2026-03-30 00:00:00,0.0117951022242192,3.0,2026-03-30 09:48:00,33.97,41.72632258578538,41.2610968563403,29,985.13,32.271499999999996,35.6685,2026-04-02 15:59:00,32.97,WEEK_END_CLOSE,-29.0,-2.943773918163084
ABNB,2026-03-27 00:00:00,2026-03-30 00:00:00,0.0763809523809523,8.0,2026-03-30 09:52:00,125.45,61.78530533580089,56.165430440583,7,878.15,119.1775,131.7225,2026-04-02 15:59:00,124.92,WEEK_END_CLOSE,-3.710000000000008,-0.4224790753288188
MCK,2026-03-27 00:00:00,2026-03-30 00:00:00,0.0827067669172932,9.0,2026-03-30 09:52:00,866.719,57.81818998990925,55.97956938860549,1,866.719,823.38305,910.0549500000001,2026-04-02 15:59:00,884.8,WEEK_END_CLOSE,18.080999999999904,2.0861432598108465
MRK,2026-03-27 00:00:00,2026-03-30 00:00:00,0.0596965699208443,5.0,2026-03-30 09:53:00,121.01,52.1519213856045,51.12266802958054,8,968.08,114.9595,127.0605,2026-04-02 15:59:00,120.99,WEEK_END_CLOSE,-0.16000000000008185,-0.016527559705814543
MO,2026-03-27 00:00:00,2026-03-30 00:00:00,0.0414154236750238,4.0,2026-03-30 09:55:00,66.55,55.87993049512777,49.466579612785566,15,998.25,63.2225,69.8775,2026-04-02 15:59:00,65.735,WEEK_END_CLOSE,-12.224999999999966,-1.224643125469571
GD,2026-03-27 00:00:00,2026-03-30 00:00:00,0.0901960784313725,10.0,2026-03-30 10:00:00,347.48,52.49484125779864,46.50838540429876,2,694.96,330.106,364.85400000000004,2026-04-02 15:59:00,349.08,WEEK_END_CLOSE,3.199999999999932,0.46045815586508443
GILD,2026-03-27 00:00:00,2026-03-30 00:00:00,0.0656303972366148,6.0,2026-03-30 10:12:00,135.025,49.474595076400895,46.13546100224751,7,945.1750000000001,128.27375,141.77625,2026-04-02 15:59:00,139.71,WEEK_END_CLOSE,32.795000000000016,3.469727828179958
FDX,2026-03-27 00:00:00,2026-03-30 00:00:00,0.005859375,2.0,2026-03-30 10:13:00,345.415,54.88023644748231,53.284237975749804,2,690.83,328.14425,362.68575000000004,2026-04-01 09:45:00,362.68575000000004,TAKE_PROFIT,34.54150000000004,5.000000000000004
SPGI,2026-03-27 00:00:00,2026-03-30 00:00:00,0.073170731707317,7.0,2026-03-30 10:21:00,413.055,55.97629520522878,55.5492437540941,2,826.11,392.40225,433.70775000000003,2026-04-02 15:59:00,431.2,WEEK_END_CLOSE,36.289999999999964,4.392877461839229
NSC,2026-03-27 00:00:00,2026-03-30 00:00:00,0.0,1.0,2026-03-30 10:23:00,286.005,54.78769697330313,53.21599589925523,3,858.015,271.70475,300.30525,2026-04-02 15:59:00,288.32,WEEK_END_CLOSE,6.944999999999993,0.8094264086292213
PM,2026-03-30 00:00:00,2026-03-31 00:00:00,0.027891156462585,4.0,2026-03-31 09:51:00,166.1777,58.04015839850063,51.55798845250798,6,997.0662,157.86881499999998,174.486585,2026-04-01 09:41:00,157.86881499999998,STOP_LOSS,-49.85331000000002,-5.000000000000004
SO,2026-03-30 00:00:00,2026-03-31 00:00:00,0.0268595041322314,3.0,2026-03-31 10:01:00,96.1,44.8126985934618,39.895703721165965,10,961.0,91.29499999999999,100.905,2026-04-02 15:59:00,97.425,WEEK_END_CLOSE,13.250000000000028,1.378772112382931
PG,2026-03-30 00:00:00,2026-03-31 00:00:00,0.0786259541984732,10.0,2026-03-31 10:05:00,143.67,47.66112228164385,46.754134453333414,6,862.02,136.48649999999998,150.8535,2026-04-02 15:59:00,143.14,WEEK_END_CLOSE,-3.180000000000007,-0.3689009535741583
AFL,2026-03-30 00:00:00,2026-03-31 00:00:00,0.0250352609308885,2.0,2026-03-31 10:08:00,109.02,57.482811376481365,55.504993473375926,9,981.18,103.56899999999999,114.471,2026-04-02 15:59:00,110.47,WEEK_END_CLOSE,13.050000000000026,1.3300311869381742
SNPS,2026-03-30 00:00:00,2026-03-31 00:00:00,0.0553709856035437,7.0,2026-03-31 10:15:00,394.855,65.23533604087892,64.62582548460274,2,789.71,375.11225,414.59775,2026-04-02 15:59:00,395.825,WEEK_END_CLOSE,1.9399999999999409,0.24565979916677527
CMCSA,2026-03-30 00:00:00,2026-03-31 00:00:00,0.0744391912282466,9.0,2026-03-31 10:22:00,28.495,47.62191247146041,44.72158051012226,35,997.325,27.070249999999998,29.919750000000004,2026-04-02 15:59:00,27.93,WEEK_END_CLOSE,-19.775000000000045,-1.9828040007018766
HWM,2026-03-30 00:00:00,2026-03-31 00:00:00,0.0480863591756624,6.0,2026-03-31 11:06:00,229.43,57.8844562688428,55.09573220497627,4,917.72,217.9585,240.90150000000003,2026-04-02 15:59:00,232.78,WEEK_END_CLOSE,13.399999999999977,1.4601403478184949
CSX,2026-03-31 00:00:00,2026-04-01 00:00:00,0.0744186046511627,3.0,2026-04-01 10:01:00,41.79,70.14990176793322,68.82276201123693,23,961.17,39.7005,43.8795,2026-04-02 15:59:00,41.245,WEEK_END_CLOSE,-12.53500000000004,-1.3041397463508075
EMR,2026-03-31 00:00:00,2026-04-01 00:00:00,0.1909090909090909,10.0,2026-04-01 10:01:00,134.23,68.1663088582653,65.60307359011783,7,939.6099999999999,127.51849999999999,140.9415,2026-04-02 15:59:00,131.72,WEEK_END_CLOSE,-17.569999999999936,-1.869924756015784
FDX,2026-03-31 00:00:00,2026-04-01 00:00:00,0.0109409190371991,1.0,2026-04-01 10:03:00,365.04,74.44326032533438,71.81508823543504,2,730.08,346.788,383.29200000000003,2026-04-02 15:59:00,361.5,WEEK_END_CLOSE,-7.080000000000041,-0.969756738987515
BSX,2026-03-31 00:00:00,2026-04-01 00:00:00,0.1475409836065573,5.0,2026-04-01 10:15:00,62.51,53.16475925063308,52.06516573583556,15,937.65,59.384499999999996,65.63550000000001,2026-04-02 15:59:00,62.8,WEEK_END_CLOSE,4.349999999999987,0.4639257718765055
ABBV,2026-03-31 00:00:00,2026-04-01 00:00:00,0.1847133757961783,9.0,2026-04-01 10:29:00,216.705,48.01966019459973,46.748524876216926,4,866.82,205.86975,227.54025000000001,2026-04-02 15:59:00,208.84,WEEK_END_CLOSE,-31.460000000000036,-3.629357882836115
NEE,2026-03-31 00:00:00,2026-04-01 00:00:00,0.1632985658409387,6.0,2026-04-01 10:45:00,92.76,50.191992034109035,47.61044917373501,10,927.6,88.122,97.39800000000001,2026-04-02 15:59:00,93.19,WEEK_END_CLOSE,4.299999999999926,0.46356188012073307
MDLZ,2026-04-01 00:00:00,2026-04-02 00:00:00,0.1386045544645099,10.0,2026-04-02 09:50:00,57.279,54.24290883559067,51.69468576912244,17,973.743,54.41505,60.142950000000006,2026-04-02 15:59:00,57.535,WEEK_END_CLOSE,4.351999999999883,0.44693517694092133
WM,2026-04-01 00:00:00,2026-04-02 00:00:00,0.1129032258064516,9.0,2026-04-02 09:54:00,235.14,68.64669482664908,65.02665272938303,4,940.56,223.38299999999998,246.897,2026-04-02 15:59:00,235.43,WEEK_END_CLOSE,1.1600000000000819,0.12333078166200107
DLR,2026-04-01 00:00:00,2026-04-02 00:00:00,0.020804128966484,2.0,2026-04-02 09:58:00,180.5,57.34634612048192,56.18753351030985,5,902.5,171.475,189.525,2026-04-02 15:59:00,181.88,WEEK_END_CLOSE,6.899999999999977,0.7645429362880929
SPG,2026-04-01 00:00:00,2026-04-02 00:00:00,0.0643153526970954,7.0,2026-04-02 09:58:00,186.8395,47.130555199348535,46.59306553936475,5,934.1975,177.49752499999997,196.181475,2026-04-02 15:59:00,188.7,WEEK_END_CLOSE,9.302500000000009,0.9957744481225772
ECL,2026-04-01 00:00:00,2026-04-02 00:00:00,0.0086410054988216,1.0,2026-04-02 10:07:00,264.46,41.75422223763318,41.206265768601504,3,793.3799999999999,251.23699999999997,277.683,2026-04-02 15:59:00,264.25,WEEK_END_CLOSE,-0.6299999999999386,-0.07940709370036769
NOC,2026-04-01 00:00:00,2026-04-02 00:00:00,0.0408759124087591,4.0,2026-04-02 10:13:00,707.225,58.27921096084494,58.08690611363204,1,707.225,671.86375,742.5862500000001,2026-04-02 15:59:00,702.3,WEEK_END_CLOSE,-4.925000000000068,-0.6963837534023964
MRSH,2026-04-01 00:00:00,2026-04-02 00:00:00,0.0833333333333333,8.0,2026-04-02 11:35:00,174.44,57.63806169801276,53.65772879496781,5,872.2,165.718,183.162,2026-04-02 15:59:00,174.6,WEEK_END_CLOSE,0.799999999999983,0.0917220820912723
SPGI,2026-04-02 00:00:00,2026-04-06 00:00:00,0.0661275596713186,7.0,2026-04-06 09:45:00,432.485,60.570196076457655,59.13497046399742,2,864.97,410.86075,454.10925000000003,2026-04-10 11:46:00,410.86075,STOP_LOSS,-43.248500000000035,-5.000000000000004
EQIX,2026-04-02 00:00:00,2026-04-06 00:00:00,0.0460772104607721,4.0,2026-04-06 09:46:00,999.94,48.4134426119395,43.17235998152996,1,999.94,949.943,1049.9370000000001,2026-04-10 15:59:00,1030.23,WEEK_END_CLOSE,30.289999999999964,3.0291817509050523
MSI,2026-04-02 00:00:00,2026-04-06 00:00:00,0.0714285714285714,9.0,2026-04-06 09:47:00,439.195,57.92578970840178,55.198499087024814,2,878.39,417.23524999999995,461.15475000000004,2026-04-10 15:59:00,433.72,WEEK_END_CLOSE,-10.949999999999932,-1.2465988911531278
ORLY,2026-04-02 00:00:00,2026-04-06 00:00:00,0.0536585365853658,5.0,2026-04-06 09:48:00,90.685,44.74121613928373,41.90937450344248,11,997.5350000000001,86.15075,95.21925,2026-04-10 15:59:00,93.03,WEEK_END_CLOSE,25.794999999999987,2.5858741798533424
APD,2026-04-02 00:00:00,2026-04-06 00:00:00,0.0703986429177268,8.0,2026-04-06 09:51:00,290.765,45.324139950795654,42.40133670461087,3,872.295,276.22675,305.30325,2026-04-10 15:59:00,298.8,WEEK_END_CLOSE,24.105000000000075,2.7633999965608114
NOC,2026-04-02 00:00:00,2026-04-06 00:00:00,0.0949044585987261,10.0,2026-04-06 09:55:00,693.87,47.2930573099723,43.567474655338486,1,693.87,659.1764999999999,728.5635000000001,2026-04-10 15:59:00,673.71,WEEK_END_CLOSE,-20.159999999999968,-2.905443382766215
RSG,2026-04-02 00:00:00,2026-04-06 00:00:00,0.0096930533117932,1.0,2026-04-06 09:55:00,222.07,46.99194084126963,44.99829947589993,4,888.28,210.9665,233.1735,2026-04-10 15:59:00,214.62,WEEK_END_CLOSE,-29.799999999999955,-3.3547980366551045
SO,2026-04-02 00:00:00,2026-04-06 00:00:00,0.0555635872398919,6.0,2026-04-06 09:55:00,97.61,57.65125481743238,53.65679949441698,10,976.1,92.7295,102.4905,2026-04-10 15:59:00,97.155,WEEK_END_CLOSE,-4.549999999999983,-0.4661407642659543
CSX,2026-04-02 00:00:00,2026-04-06 00:00:00,0.031160420752114,3.0,2026-04-06 09:59:00,41.01,50.933756901742896,49.41347436660234,24,984.24,38.9595,43.0605,2026-04-10 15:59:00,42.23,WEEK_END_CLOSE,29.279999999999973,2.974884174591552
NSC,2026-04-02 00:00:00,2026-04-06 00:00:00,0.0163398692810457,2.0,2026-04-06 09:59:00,287.75,51.179097837039144,46.47701192580582,3,863.25,273.3625,302.1375,2026-04-10 15:59:00,296.41,WEEK_END_CLOSE,25.980000000000075,3.0095569070373696
MRSH,2026-04-06 00:00:00,2026-04-07 00:00:00,0.0125786163522012,2.0,2026-04-07 09:45:00,174.07,45.31375816860706,42.715891456674335,5,870.3499999999999,165.36649999999997,182.7735,2026-04-10 12:03:00,165.36649999999997,STOP_LOSS,-43.5175000000001,-5.000000000000016
HCA,2026-04-06 00:00:00,2026-04-07 00:00:00,0.1816283924843423,10.0,2026-04-07 09:50:00,485.255,60.533828947021,57.502827390683144,2,970.51,460.99224999999996,509.51775000000004,2026-04-09 12:03:00,509.51775000000004,TAKE_PROFIT,48.52550000000008,5.000000000000004
TEL,2026-04-06 00:00:00,2026-04-07 00:00:00,0.013215859030837,3.0,2026-04-07 09:50:00,208.8225,49.50189104824175,47.437111034166115,4,835.29,198.381375,219.263625,2026-04-08 09:30:00,220.735,TAKE_PROFIT_GAP,47.65000000000009,5.704605586083877
EOG,2026-04-06 00:00:00,2026-04-07 00:00:00,0.1726387873658292,9.0,2026-04-07 09:51:00,144.66,57.470635052990765,53.55371347891083,6,867.96,137.427,151.893,2026-04-08 09:30:00,135.44,STOP_LOSS_GAP,-55.31999999999999,-6.373565602101483
FDX,2026-04-06 00:00:00,2026-04-07 00:00:00,0.0997139371088599,6.0,2026-04-07 09:52:00,356.41,43.98380126410923,42.14121873198359,2,712.82,338.5895,374.23050000000006,2026-04-09 09:32:00,374.23050000000006,TAKE_PROFIT,35.641000000000076,5.000000000000004
PLD,2026-04-06 00:00:00,2026-04-07 00:00:00,0.0636550308008213,5.0,2026-04-07 09:53:00,131.28,41.83210853349374,41.04896775362718,7,918.96,124.716,137.844,2026-04-08 09:46:00,137.844,TAKE_PROFIT,45.94799999999995,5.000000000000004
AJG,2026-04-06 00:00:00,2026-04-07 00:00:00,0.16,8.0,2026-04-07 10:13:00,220.24,56.81980622004107,54.7524423428396,4,880.96,209.228,231.252,2026-04-10 10:57:00,209.228,STOP_LOSS,-44.048,-5.000000000000004
TMUS,2026-04-07 00:00:00,2026-04-08 00:00:00,0.0902156275760336,7.0,2026-04-08 09:49:00,199.555,47.81909458873144,44.244544239540694,5,997.7750000000001,189.57725,209.53275000000002,2026-04-10 15:59:00,195.72,WEEK_END_CLOSE,-19.17500000000004,-1.9217759514920774
PCAR,2026-04-07 00:00:00,2026-04-08 00:00:00,0.0338983050847457,4.0,2026-04-08 09:55:00,123.52,68.66652315392938,68.3645031020032,8,988.16,117.344,129.696,2026-04-10 15:59:00,127.21,WEEK_END_CLOSE,29.519999999999982,2.9873704663212486
ITW,2026-04-07 00:00:00,2026-04-08 00:00:00,0.0789473684210526,6.0,2026-04-08 09:56:00,268.2325,66.22621846359408,63.93925037760639,3,804.6975,254.820875,281.64412500000003,2026-04-10 15:59:00,270.52,WEEK_END_CLOSE,6.862499999999898,0.8528049360163159
AON,2026-04-07 00:00:00,2026-04-08 00:00:00,0.0060240963855421,2.0,2026-04-08 10:18:00,330.395,64.6449628327785,62.771046634083504,3,991.185,313.87525,346.91474999999997,2026-04-10 09:54:00,313.87525,STOP_LOSS,-49.55924999999996,-4.999999999999993
ABT,2026-04-07 00:00:00,2026-04-08 00:00:00,0.1166971696290362,9.0,2026-04-08 10:29:00,102.92,56.89027651017485,55.86266078469272,9,926.28,97.774,108.066,2026-04-10 15:59:00,100.29,WEEK_END_CLOSE,-23.66999999999996,-2.555382821609009
MO,2026-04-07 00:00:00,2026-04-08 00:00:00,0.1023195791565746,8.0,2026-04-08 10:33:00,64.95,43.23780306654241,39.7784115155549,15,974.25,61.7025,68.1975,2026-04-10 15:59:00,67.395,WEEK_END_CLOSE,36.6749999999999,3.764434180138565
BMY,2026-04-08 00:00:00,2026-04-09 00:00:00,0.1268532791711599,10.0,2026-04-09 09:55:00,59.255,65.53774124646615,64.31097379794066,16,948.08,56.29225,62.21775,2026-04-10 15:59:00,58.62,WEEK_END_CLOSE,-10.160000000000082,-1.071639524090806
ADP,2026-04-08 00:00:00,2026-04-09 00:00:00,0.1089715736017986,9.0,2026-04-09 09:58:00,195.88,41.564152517665555,39.39605066626294,5,979.4,186.08599999999998,205.674,2026-04-10 15:59:00,188.75,WEEK_END_CLOSE,-35.64999999999998,-3.6399836634674276
ACN,2026-04-08 00:00:00,2026-04-09 00:00:00,0.1011611843006722,7.0,2026-04-09 10:04:00,184.335,37.59596481175825,36.142278129742834,5,921.6750000000001,175.11825,193.55175000000003,2026-04-10 15:59:00,179.46,WEEK_END_CLOSE,-24.375,-2.6446415493530773
TEL,2026-04-09 00:00:00,2026-04-10 00:00:00,0.125,8.0,2026-04-10 09:46:00,230.31,59.89505091649274,55.15780829843611,4,921.24,218.7945,241.8255,2026-04-10 15:59:00,229.87,WEEK_END_CLOSE,-1.759999999999991,-0.19104684989795784
MCK,2026-04-09 00:00:00,2026-04-10 00:00:00,0.144927536231884,10.0,2026-04-10 09:51:00,865.0,50.777264441446874,39.13464270361796,1,865.0,821.75,908.25,2026-04-10 15:59:00,865.94,WEEK_END_CLOSE,0.9400000000000546,0.10867052023122437
MPC,2026-04-09 00:00:00,2026-04-10 00:00:00,0.0644518272425249,4.0,2026-04-10 09:55:00,220.69,43.80606546137789,40.76555155941903,4,882.76,209.6555,231.7245,2026-04-10 15:59:00,222.64,WEEK_END_CLOSE,7.7999999999999545,0.8835923693869097
AFL,2026-04-09 00:00:00,2026-04-10 00:00:00,0.0125200255302905,1.0,2026-04-10 09:56:00,111.17,37.0714858709048,36.386737591594304,8,889.36,105.61149999999999,116.72850000000001,2026-04-10 15:59:00,110.74,WEEK_END_CLOSE,-3.4400000000000546,-0.3867949986507191
PM,2026-04-09 00:00:00,2026-04-10 00:00:00,0.1232657258981636,7.0,2026-04-10 10:00:00,159.405,41.13695649747585,37.42658421902762,6,956.4300000000001,151.43475,167.37525,2026-04-10 15:59:00,160.49,WEEK_END_CLOSE,6.510000000000048,0.6806561902073405
SPGI,2026-04-09 00:00:00,2026-04-10 00:00:00,0.0965403248788828,5.0,2026-04-10 11:57:00,410.485,42.29986545638016,35.89422056830287,2,820.97,389.96075,431.00925,2026-04-10 15:59:00,415.41,WEEK_END_CLOSE,9.850000000000023,1.1998002363058369
KO,2026-04-10 00:00:00,2026-04-13 00:00:00,0.0540134929393529,4.0,2026-04-13 09:46:00,77.02,38.31525610251276,37.49003551748586,12,924.24,73.169,80.871,2026-04-17 15:59:00,75.74,WEEK_END_CLOSE,-15.360000000000014,-1.6619059984419593
CSX,2026-04-10 00:00:00,2026-04-13 00:00:00,0.1178499607122404,7.0,2026-04-13 09:47:00,42.205,53.89731752576996,53.81162252421843,23,970.7149999999999,40.09475,44.31525,2026-04-17 15:59:00,43.32,WEEK_END_CLOSE,25.645000000000046,2.6418670773605157
ELV,2026-04-10 00:00:00,2026-04-13 00:00:00,0.1376146788990825,9.0,2026-04-13 09:47:00,309.06,40.4264674627065,38.564574265563955,3,927.1800000000001,293.60699999999997,324.51300000000003,2026-04-17 12:26:00,324.51300000000003,TAKE_PROFIT,46.359000000000094,5.000000000000004
FDX,2026-04-10 00:00:00,2026-04-13 00:00:00,0.032640921175953,2.0,2026-04-13 09:47:00,372.05,47.1180254659868,43.7437514157463,2,744.1,353.4475,390.65250000000003,2026-04-17 13:18:00,390.65250000000003,TAKE_PROFIT,37.20500000000004,5.000000000000004
MPC,2026-04-10 00:00:00,2026-04-13 00:00:00,0.1471962616822429,10.0,2026-04-13 09:47:00,224.12,55.99916390087065,53.689902599210164,4,896.48,212.914,235.32600000000002,2026-04-17 10:14:00,212.914,STOP_LOSS,-44.82400000000007,-5.000000000000004
ABNB,2026-04-10 00:00:00,2026-04-13 00:00:00,0.0973031800333547,6.0,2026-04-13 09:49:00,127.87,62.540141303014735,54.49315191158063,7,895.09,121.4765,134.26350000000002,2026-04-14 10:36:00,134.26350000000002,TAKE_PROFIT,44.75450000000012,5.000000000000004
ADI,2026-04-10 00:00:00,2026-04-13 00:00:00,0.1200358931451368,8.0,2026-04-13 09:49:00,346.6325,43.105143618264854,41.95440150584054,2,693.265,329.30087499999996,363.964125,2026-04-17 10:07:00,363.964125,TAKE_PROFIT,34.66325000000006,5.000000000000004
MDLZ,2026-04-10 00:00:00,2026-04-13 00:00:00,0.0585147444804693,5.0,2026-04-13 09:49:00,58.2,41.05315449344762,39.65266714462139,17,989.4000000000001,55.29,61.11000000000001,2026-04-17 15:59:00,57.24,WEEK_END_CLOSE,-16.320000000000014,-1.6494845360824795
PCAR,2026-04-10 00:00:00,2026-04-13 00:00:00,0.027027027027027,1.0,2026-04-13 09:58:00,126.54,46.71718557608341,46.30439843043965,7,885.7800000000001,120.213,132.86700000000002,2026-04-17 15:59:00,126.26,WEEK_END_CLOSE,-1.960000000000008,-0.2212739054844315
TT,2026-04-10 00:00:00,2026-04-13 00:00:00,0.0530973451327433,3.0,2026-04-13 09:58:00,467.33,51.562239728082474,46.18169780836066,2,934.66,443.96349999999995,490.6965,2026-04-17 15:59:00,476.12,WEEK_END_CLOSE,17.58000000000004,1.8808978666039033
HCA,2026-04-13 00:00:00,2026-04-14 00:00:00,0.0979228486646884,10.0,2026-04-14 09:47:00,498.835,64.08569081833647,60.224037519475196,2,997.67,473.89324999999997,523.77675,2026-04-17 15:59:00,487.98,WEEK_END_CLOSE,-21.709999999999923,-2.176070243667738
APD,2026-04-13 00:00:00,2026-04-14 00:00:00,0.0536912751677852,6.0,2026-04-14 09:55:00,295.285,50.65763973724758,46.77941770101191,3,885.855,280.52075,310.04925000000003,2026-04-17 15:59:00,291.58,WEEK_END_CLOSE,-11.115000000000123,-1.254720016255495
UNP,2026-04-13 00:00:00,2026-04-14 00:00:00,0.076537712218202,9.0,2026-04-14 09:56:00,250.945,54.104778514224954,52.90552271268203,3,752.835,238.39774999999997,263.49225,2026-04-17 15:59:00,251.07,WEEK_END_CLOSE,0.375,0.0498117117296637
NSC,2026-04-13 00:00:00,2026-04-14 00:00:00,0.0,1.0,2026-04-14 09:57:00,297.32,59.977997264173275,56.86170354301662,3,891.96,282.454,312.186,2026-04-17 15:59:00,302.34,WEEK_END_CLOSE,15.059999999999945,1.6884165209202218
CB,2026-04-13 00:00:00,2026-04-14 00:00:00,0.0434782608695652,5.0,2026-04-14 10:00:00,327.22,54.43405244286484,53.606267226184656,3,981.6600000000001,310.85900000000004,343.581,2026-04-17 15:59:00,330.78,WEEK_END_CLOSE,10.679999999999836,1.087953059103941
MRSH,2026-04-13 00:00:00,2026-04-14 00:00:00,0.0153793574846206,4.0,2026-04-14 10:00:00,172.78,55.783643212463566,55.00922251257812,5,863.9,164.141,181.419,2026-04-16 09:59:00,181.419,TAKE_PROFIT,43.19500000000005,5.000000000000004
MSI,2026-04-13 00:00:00,2026-04-14 00:00:00,0.0583090379008746,7.0,2026-04-14 10:00:00,437.495,55.72574624948038,54.5137407573201,2,874.99,415.62025,459.36975,2026-04-17 15:59:00,441.9,WEEK_END_CLOSE,8.809999999999945,1.0068686499274282
ITW,2026-04-13 00:00:00,2026-04-14 00:00:00,0.0069444444444444,3.0,2026-04-14 10:03:00,274.34,63.88660169072549,59.40511725991189,3,823.02,260.623,288.05699999999996,2026-04-17 15:59:00,272.13,WEEK_END_CLOSE,-6.629999999999939,-0.8055697309907295
FTNT,2026-04-13 00:00:00,2026-04-14 00:00:00,0.0710727333111923,8.0,2026-04-14 10:18:00,78.86,51.81395732303096,50.90923904614427,12,946.3199999999999,74.917,82.803,2026-04-17 09:30:00,83.95,TAKE_PROFIT_GAP,61.08000000000004,6.45447628709106
MCO,2026-04-14 00:00:00,2026-04-15 00:00:00,0.0826446280991735,6.0,2026-04-15 09:49:00,446.12,61.06124173624093,60.0637421691906,2,892.24,423.81399999999996,468.42600000000004,2026-04-17 15:59:00,455.43,WEEK_END_CLOSE,18.620000000000005,2.0868824531516283
AJG,2026-04-14 00:00:00,2026-04-15 00:00:00,0.0925925925925925,8.0,2026-04-15 09:56:00,220.22,46.02167701685919,45.87328279530421,4,880.88,209.209,231.231,2026-04-17 15:59:00,221.62,WEEK_END_CLOSE,5.600000000000023,0.6357279084551859
CRH,2026-04-14 00:00:00,2026-04-15 00:00:00,0.055045871559633,2.0,2026-04-15 09:58:00,116.37,41.508353168325364,37.553583726887496,8,930.96,110.5515,122.1885,2026-04-17 15:59:00,117.07,WEEK_END_CLOSE,5.599999999999909,0.6015296038497819
UPS,2026-04-14 00:00:00,2026-04-15 00:00:00,0.100750069450875,9.0,2026-04-15 10:06:00,102.765,59.012978851999144,57.168134939411765,9,924.885,97.62675,107.90325,2026-04-17 15:59:00,106.43,WEEK_END_CLOSE,32.985000000000056,3.5663893348902853
TJX,2026-04-14 00:00:00,2026-04-15 00:00:00,0.0723961803242282,4.0,2026-04-15 10:07:00,159.68,56.37273287233141,56.318710689876944,6,958.08,151.696,167.66400000000002,2026-04-17 15:59:00,160.67,WEEK_END_CLOSE,5.939999999999884,0.6199899799599118
HD,2026-04-14 00:00:00,2026-04-15 00:00:00,0.1060527138243567,10.0,2026-04-15 10:22:00,339.0899,47.34869004124401,44.92575663201421,2,678.1798,322.135405,356.044395,2026-04-17 15:59:00,349.4,WEEK_END_CLOSE,20.620199999999954,3.0405211125427156
ABNB,2026-04-15 00:00:00,2026-04-16 00:00:00,0.0264670296430732,3.0,2026-04-16 09:46:00,138.86,53.65870591320702,50.22237900655906,7,972.0200000000001,131.917,145.80300000000003,2026-04-17 15:59:00,141.55,WEEK_END_CLOSE,18.829999999999984,1.9372029382111355
MCD,2026-04-15 00:00:00,2026-04-16 00:00:00,0.0665399239543726,6.0,2026-04-16 09:50:00,306.23,53.59285459796296,53.03722541415804,3,918.69,290.9185,321.54150000000004,2026-04-17 15:59:00,311.36,WEEK_END_CLOSE,15.389999999999986,1.675211442379898
SPG,2026-04-15 00:00:00,2026-04-16 00:00:00,0.0149625935162094,2.0,2026-04-16 09:52:00,202.605,58.20760073732854,57.89229046939502,4,810.42,192.47474999999997,212.73525,2026-04-17 15:59:00,206.12,WEEK_END_CLOSE,14.06000000000006,1.7349028898595797
ICE,2026-04-15 00:00:00,2026-04-16 00:00:00,0.036144578313253,4.0,2026-04-16 09:56:00,164.39,46.26605622161686,41.149564765574915,6,986.3399999999999,156.17049999999998,172.6095,2026-04-17 15:59:00,161.23,WEEK_END_CLOSE,-18.95999999999998,-1.9222580448932436
QCOM,2026-04-15 00:00:00,2026-04-16 00:00:00,0.0606564488143435,5.0,2026-04-16 09:57:00,133.61,50.40144488663038,48.11436290197236,7,935.2700000000001,126.9295,140.2905,2026-04-17 15:59:00,136.21,WEEK_END_CLOSE,18.19999999999996,1.9459621285831785
PWR,2026-04-15 00:00:00,2026-04-16 00:00:00,0.0943627450980392,10.0,2026-04-16 10:00:00,586.6,50.92714208538528,48.87737666321194,1,586.6,557.27,615.9300000000001,2026-04-17 15:59:00,602.04,WEEK_END_CLOSE,15.43999999999994,2.6321172860552133
AON,2026-04-15 00:00:00,2026-04-16 00:00:00,0.074074074074074,7.0,2026-04-16 10:08:00,334.28,59.8845350819091,57.780293792872335,2,668.56,317.566,350.99399999999997,2026-04-17 15:59:00,331.82,WEEK_END_CLOSE,-4.919999999999959,-0.7359100155558185
CME,2026-04-16 00:00:00,2026-04-17 00:00:00,0.0398162327718223,7.0,2026-04-17 09:46:00,292.01,37.36146231648179,34.3811318111303,3,876.03,277.4095,306.6105,2026-04-17 15:59:00,287.68,WEEK_END_CLOSE,-12.989999999999952,-1.482825930618814
JCI,2026-04-16 00:00:00,2026-04-17 00:00:00,0.0292792792792792,6.0,2026-04-17 09:47:00,139.615,62.368398044796244,60.769207856649274,7,977.3050000000001,132.63425,146.59575,2026-04-17 15:59:00,140.88,WEEK_END_CLOSE,8.854999999999905,0.9060631021021948
WM,2026-04-16 00:00:00,2026-04-17 00:00:00,0.0746887966804979,10.0,2026-04-17 10:20:00,223.59,52.61436504699839,48.8399737339237,4,894.36,212.41049999999998,234.76950000000002,2026-04-17 15:59:00,223.92,WEEK_END_CLOSE,1.3199999999999363,0.1475915738628597
FDX,2026-04-16 00:00:00,2026-04-17 00:00:00,0.0036443148688046,2.0,2026-04-17 13:22:00,390.24,55.13693916169158,53.928353379573025,2,780.48,370.728,409.752,2026-04-17 15:59:00,392.04,WEEK_END_CLOSE,3.6000000000000227,0.46125461254613587
MCO,2026-04-17 00:00:00,2026-04-20 00:00:00,0.0054794520547945,1.0,2026-04-20 09:45:00,455.5,52.76149136895986,45.60773865377604,2,911.0,432.72499999999997,478.27500000000003,2026-04-22 09:30:00,478.27500000000003,TAKE_PROFIT,45.55000000000007,5.000000000000004
SPGI,2026-04-17 00:00:00,2026-04-20 00:00:00,0.0165975103734439,6.0,2026-04-20 09:45:00,441.345,50.75767223848074,46.67391725722282,2,882.69,419.27775,463.41225000000003,2026-04-24 15:59:00,436.9,WEEK_END_CLOSE,-8.8900000000001,-1.007148602567165
AJG,2026-04-17 00:00:00,2026-04-20 00:00:00,0.0222222222222222,8.0,2026-04-20 09:53:00,222.39,55.89349251243551,54.185386345116264,4,889.56,211.27049999999997,233.5095,2026-04-24 15:59:00,215.38,WEEK_END_CLOSE,-28.039999999999964,-3.1521201492872852
ITW,2026-04-17 00:00:00,2026-04-20 00:00:00,0.0173410404624277,7.0,2026-04-20 09:54:00,271.74,49.027097539927325,47.74081066071022,3,815.22,258.153,285.327,2026-04-24 15:59:00,269.31,WEEK_END_CLOSE,-7.2900000000000205,-0.8942371384411563
JCI,2026-04-17 00:00:00,2026-04-20 00:00:00,0.009375,5.0,2026-04-20 09:57:00,141.37,50.623266472652986,47.91761748981311,7,989.59,134.3015,148.4385,2026-04-24 15:59:00,141.93,WEEK_END_CLOSE,3.920000000000016,0.39612364716701265
CB,2026-04-17 00:00:00,2026-04-20 00:00:00,0.0224719101123595,9.0,2026-04-20 09:58:00,333.08,57.941924545531364,57.203909823073,3,999.24,316.426,349.734,2026-04-24 15:59:00,326.1,WEEK_END_CLOSE,-20.939999999999884,-2.095592650414302
TT,2026-04-17 00:00:00,2026-04-20 00:00:00,0.0093457943925233,4.0,2026-04-20 10:03:00,477.71,53.473562887204835,49.10417950528399,2,955.42,453.82449999999994,501.5955,2026-04-24 15:59:00,486.52,WEEK_END_CLOSE,17.620000000000005,1.8442151095853232
FDX,2026-04-17 00:00:00,2026-04-20 00:00:00,0.006820765441455,2.0,2026-04-20 10:30:00,394.66,63.27314252153065,55.106257394617884,2,789.32,374.927,414.39300000000003,2026-04-24 15:59:00,387.94,WEEK_END_CLOSE,-13.440000000000055,-1.702731465058538
NSC,2026-04-17 00:00:00,2026-04-20 00:00:00,0.0229885057471264,10.0,2026-04-20 10:39:00,304.22,54.752199629083975,54.51676457724791,3,912.6600000000001,289.009,319.43100000000004,2026-04-23 13:01:00,319.43100000000004,TAKE_PROFIT,45.63300000000004,5.000000000000004
APD,2026-04-17 00:00:00,2026-04-20 00:00:00,0.0089820359281437,3.0,2026-04-20 10:43:00,297.72,62.320856222969894,61.50899646569327,3,893.1600000000001,282.834,312.60600000000005,2026-04-24 15:59:00,301.76,WEEK_END_CLOSE,12.11999999999989,1.3569797124815208
AFL,2026-04-20 00:00:00,2026-04-21 00:00:00,0.1266375545851528,8.0,2026-04-21 09:49:00,115.11,55.922980751484204,55.47318422205145,8,920.88,109.35449999999999,120.86550000000001,2026-04-24 15:59:00,114.65,WEEK_END_CLOSE,-3.67999999999995,-0.39961775692815005
TGT,2026-04-20 00:00:00,2026-04-21 00:00:00,0.0673108525603102,4.0,2026-04-21 09:53:00,132.305,58.71283310192845,57.91621139999001,7,926.135,125.68975,138.92025,2026-04-24 15:59:00,129.24,WEEK_END_CLOSE,-21.454999999999984,-2.3166169079021914
TMUS,2026-04-20 00:00:00,2026-04-21 00:00:00,0.1106110847939365,7.0,2026-04-21 09:54:00,195.56,41.22863549231581,40.46547312098354,5,977.8,185.78199999999998,205.33800000000002,2026-04-21 14:04:00,205.33800000000002,TAKE_PROFIT,48.8900000000001,5.000000000000004
CSX,2026-04-20 00:00:00,2026-04-21 00:00:00,0.0943643512450851,6.0,2026-04-21 10:01:00,43.68,48.87697597128264,45.637680549895485,22,960.96,41.495999999999995,45.864000000000004,2026-04-23 10:00:00,45.864000000000004,TAKE_PROFIT,48.0480000000001,5.000000000000004
UNP,2026-04-20 00:00:00,2026-04-21 00:00:00,0.0386547281065734,2.0,2026-04-21 10:01:00,252.57,47.706654665769065,47.290441787229184,3,757.71,239.9415,265.1985,2026-04-23 11:33:00,265.1985,TAKE_PROFIT,37.88550000000009,5.000000000000004
ICE,2026-04-20 00:00:00,2026-04-21 00:00:00,0.0891719745222929,5.0,2026-04-21 10:15:00,161.5165,56.90733560146224,49.76056634176365,6,969.099,153.440675,169.59232500000002,2026-04-24 15:59:00,158.44,WEEK_END_CLOSE,-18.45900000000006,-1.9047589565152845
CME,2026-04-20 00:00:00,2026-04-21 00:00:00,0.1504424778761062,10.0,2026-04-21 10:29:00,285.94,47.94496170074938,46.60815605431559,3,857.8199999999999,271.643,300.237,2026-04-24 15:59:00,284.97,WEEK_END_CLOSE,-2.9099999999999113,-0.3392320067146848
UPS,2026-04-20 00:00:00,2026-04-21 00:00:00,0.0451932290003193,3.0,2026-04-21 10:38:00,107.26,55.00653754678968,49.633764590996215,9,965.34,101.897,112.623,2026-04-24 15:59:00,107.02,WEEK_END_CLOSE,-2.160000000000082,-0.22375536080553315
KMI,2026-04-20 00:00:00,2026-04-21 00:00:00,0.1281553398058252,9.0,2026-04-21 10:39:00,31.475,38.21012512943517,37.58717224757792,31,975.725,29.90125,33.048750000000005,2026-04-24 15:59:00,31.72,WEEK_END_CLOSE,7.594999999999921,0.7783955520254127
TMUS,2026-04-20 00:00:00,2026-04-21 00:00:00,0.1106110847939365,7.0,2026-04-21 15:14:00,196.745,46.6654373651836,42.763240114239814,5,983.725,186.90775,206.58225000000002,2026-04-22 10:20:00,186.90775,STOP_LOSS,-49.18625000000006,-5.000000000000004
PGR,2026-04-21 00:00:00,2026-04-22 00:00:00,0.0776545166402535,8.0,2026-04-22 09:46:00,207.13,49.464514679709986,47.31078874128511,4,828.52,196.77349999999998,217.4865,2026-04-24 15:59:00,200.87,WEEK_END_CLOSE,-25.039999999999964,-3.0222565538550628
WMB,2026-04-21 00:00:00,2026-04-22 00:00:00,0.0061068702290076,3.0,2026-04-22 09:46:00,70.99,58.25992374678706,56.41216338746528,14,993.8599999999999,67.44049999999999,74.5395,2026-04-24 15:59:00,72.17,WEEK_END_CLOSE,16.520000000000095,1.6622059444992399
FTNT,2026-04-21 00:00:00,2026-04-22 00:00:00,0.0547785547785547,5.0,2026-04-22 09:54:00,86.5,59.59783467070273,57.371781800476604,11,951.5,82.175,90.825,2026-04-23 13:10:00,82.14,STOP_LOSS_GAP,-47.959999999999994,-5.040462427745663
HD,2026-04-21 00:00:00,2026-04-22 00:00:00,0.130650292224606,9.0,2026-04-22 09:54:00,343.87,53.06154154578476,48.6071155238977,2,687.74,326.6765,361.06350000000003,2026-04-24 15:59:00,335.9,WEEK_END_CLOSE,-15.940000000000055,-2.3177363538546603
ACN,2026-04-21 00:00:00,2026-04-22 00:00:00,0.0705176294073518,7.0,2026-04-22 10:23:00,193.56,46.58262420260398,43.89525002117945,5,967.8,183.882,203.238,2026-04-23 09:30:00,181.0,STOP_LOSS_GAP,-62.80000000000001,-6.48894399669353
SLB,2026-04-21 00:00:00,2026-04-22 00:00:00,0.0696818870374377,6.0,2026-04-22 10:46:00,54.745,65.84776184418995,65.50175760698914,18,985.41,52.007749999999994,57.48225,2026-04-24 15:59:00,56.17,WEEK_END_CLOSE,25.650000000000077,2.6029774408621975
WBD,2026-04-22 00:00:00,2026-04-23 00:00:00,0.137310606060606,9.0,2026-04-23 09:45:00,27.335,57.3333730912633,56.18817570031907,36,984.0600000000001,25.96825,28.70175,2026-04-24 15:59:00,27.055,WEEK_END_CLOSE,-10.080000000000041,-1.0243277848911658
BRK.B,2026-04-22 00:00:00,2026-04-23 00:00:00,0.1117632965979875,4.0,2026-04-23 10:07:00,471.3206,63.29527874482555,62.46687731760555,2,942.6412,447.75457,494.88663,2026-04-24 15:59:00,469.31,WEEK_END_CLOSE,-4.021200000000022,-0.42658861080971944
CVS,2026-04-22 00:00:00,2026-04-23 00:00:00,0.0718525066296249,3.0,2026-04-23 10:11:00,77.47,52.34344539662076,51.500504016706714,12,929.64,73.59649999999999,81.3435,2026-04-24 15:59:00,77.92,WEEK_END_CLOSE,5.400000000000034,0.5808700141990419
SNPS,2026-04-22 00:00:00,2026-04-23 00:00:00,0.1216356107660455,6.0,2026-04-23 10:11:00,460.39,42.57958843587868,41.719719739615805,2,920.78,437.3705,483.4095,2026-04-24 09:40:00,483.4095,TAKE_PROFIT,46.03899999999999,5.000000000000004
MA,2026-04-22 00:00:00,2026-04-23 00:00:00,0.1163980557687388,5.0,2026-04-23 10:12:00,504.3,46.209421564478234,45.923539543849294,1,504.3,479.085,529.515,2026-04-24 15:59:00,504.25,WEEK_END_CLOSE,-0.05000000000001137,-0.009914733293681088
UNP,2026-04-22 00:00:00,2026-04-23 00:00:00,0.1285366931918656,8.0,2026-04-23 12:09:00,267.2925,67.61720314970472,61.93843230520229,3,801.8775,253.927875,280.657125,2026-04-24 15:59:00,268.7,WEEK_END_CLOSE,4.222499999999911,0.5265766903298719
MDLZ,2026-04-23 00:00:00,2026-04-24 00:00:00,0.0403225806451612,2.0,2026-04-24 09:45:00,57.42,47.95211752639192,46.72410986417677,17,976.14,54.549,60.291000000000004,2026-04-24 15:59:00,57.63,WEEK_END_CLOSE,3.5700000000000145,0.3657262277952045
MCD,2026-04-23 00:00:00,2026-04-24 00:00:00,0.1077770973668095,8.0,2026-04-24 09:46:00,301.415,46.04518053932839,42.669244714931445,3,904.2450000000001,286.34425,316.48575000000005,2026-04-24 15:59:00,299.42,WEEK_END_CLOSE,-5.985000000000014,-0.6618781414329145
CI,2026-04-23 00:00:00,2026-04-24 00:00:00,0.1077844311377245,9.0,2026-04-24 09:50:00,277.68,51.08007801838873,50.018533748547256,3,833.04,263.796,291.564,2026-04-24 15:59:00,275.66,WEEK_END_CLOSE,-6.059999999999945,-0.727456064534715
HWM,2026-04-23 00:00:00,2026-04-24 00:00:00,0.0796915167095115,5.0,2026-04-24 09:50:00,243.22,45.22698057353698,40.6900270798008,4,972.88,231.059,255.381,2026-04-24 15:59:00,242.43,WEEK_END_CLOSE,-3.159999999999968,-0.32480881506454784
CSX,2026-04-23 00:00:00,2026-04-24 00:00:00,0.0815115552779512,7.0,2026-04-24 09:55:00,45.985,57.80814720796679,51.67101595275824,21,965.685,43.68575,48.28425,2026-04-24 15:59:00,45.39,WEEK_END_CLOSE,-12.494999999999976,-1.2939001848428777
FCX,2026-04-23 00:00:00,2026-04-24 00:00:00,0.1251874062968515,10.0,2026-04-24 10:46:00,61.7,55.17500801222874,55.14566449512272,16,987.2,58.615,64.78500000000001,2026-04-24 15:59:00,61.05,WEEK_END_CLOSE,-10.400000000000091,-1.053484602917354
ICE,2026-04-24 00:00:00,2026-04-27 00:00:00,0.0100755667506297,2.0,2026-04-27 09:45:00,158.91,58.012769179271764,56.372750028670715,6,953.46,150.9645,166.8555,2026-05-01 15:59:00,154.78,WEEK_END_CLOSE,-24.779999999999973,-2.5989553835504386
CMCSA,2026-04-24 00:00:00,2026-04-27 00:00:00,0.0455092704069347,4.0,2026-04-27 09:47:00,27.62,42.80384622425811,40.523010299849965,36,994.32,26.239,29.001,2026-05-01 15:59:00,27.185,WEEK_END_CLOSE,-15.660000000000082,-1.5749456915278848
UNP,2026-04-24 00:00:00,2026-04-27 00:00:00,0.1301369863013698,9.0,2026-04-27 09:50:00,268.94,43.96414969446459,42.731277461774035,3,806.8199999999999,255.493,282.387,2026-05-01 15:59:00,266.47,WEEK_END_CLOSE,-7.409999999999911,-0.9184204655313333
APO,2026-04-24 00:00:00,2026-04-27 00:00:00,0.0602205258693808,5.0,2026-04-27 09:51:00,124.39,47.73126141518602,45.42831372548465,8,995.12,118.17049999999999,130.6095,2026-05-01 09:57:00,130.6095,TAKE_PROFIT,49.75599999999997,5.000000000000004
CDNS,2026-04-24 00:00:00,2026-04-27 00:00:00,0.1385041551246537,10.0,2026-04-27 09:54:00,334.38,57.45184412922259,56.035933741174524,2,668.76,317.661,351.099,2026-04-28 12:48:00,317.661,STOP_LOSS,-33.43799999999999,-4.999999999999993
PFE,2026-04-24 00:00:00,2026-04-27 00:00:00,0.1131740755412411,7.0,2026-04-27 10:03:00,27.245,58.8429345450349,57.72896217897417,36,980.82,25.88275,28.60725,2026-05-01 15:59:00,26.33,WEEK_END_CLOSE,-32.9400000000001,-3.358414387961106
KMI,2026-04-24 00:00:00,2026-04-27 00:00:00,0.0838491840180078,6.0,2026-04-27 10:19:00,31.665,50.85057484798768,48.807811607082805,31,981.615,30.08175,33.24825,2026-05-01 15:59:00,32.535,WEEK_END_CLOSE,26.96999999999992,2.7475130270014025
AFL,2026-04-24 00:00:00,2026-04-27 00:00:00,0.03475935828877,3.0,2026-04-27 10:22:00,115.4,52.84750349183678,51.526124506546225,8,923.2,109.63,121.17000000000002,2026-04-30 09:34:00,109.63,STOP_LOSS,-46.16000000000008,-5.000000000000004
FDX,2026-04-24 00:00:00,2026-04-27 00:00:00,0.0032822757111597,1.0,2026-04-27 10:35:00,385.53,48.84621671904485,48.69940042872154,2,771.06,366.2535,404.80649999999997,2026-05-01 15:59:00,393.72,WEEK_END_CLOSE,16.38000000000011,2.1243482997432173
PGR,2026-04-24 00:00:00,2026-04-27 00:00:00,0.1147540983606557,8.0,2026-04-27 10:37:00,203.72,61.76265126188014,61.71798248982823,4,814.88,193.534,213.906,2026-05-01 15:59:00,199.36,WEEK_END_CLOSE,-17.43999999999994,-2.140192420969955
FTNT,2026-04-27 00:00:00,2026-04-28 00:00:00,0.1304938830992297,6.0,2026-04-28 09:45:00,86.25,53.78756973014766,50.1666632715522,11,948.75,81.9375,90.5625,2026-05-01 15:59:00,86.29,WEEK_END_CLOSE,0.4400000000000688,0.04637681159420648
WMB,2026-04-27 00:00:00,2026-04-28 00:00:00,0.1253263707571801,5.0,2026-04-28 09:51:00,72.52,59.43371465115162,56.80879739198141,13,942.76,68.89399999999999,76.146,2026-04-30 10:37:00,76.146,TAKE_PROFIT,47.13800000000006,5.000000000000004
BSX,2026-04-27 00:00:00,2026-04-28 00:00:00,0.1961869618696187,10.0,2026-04-28 10:10:00,59.41,42.20720213836028,41.622798421958116,16,950.56,56.439499999999995,62.3805,2026-04-29 13:06:00,56.439499999999995,STOP_LOSS,-47.52800000000002,-5.000000000000004
RTX,2026-04-27 00:00:00,2026-04-28 00:00:00,0.1069340016708437,4.0,2026-04-28 10:13:00,174.18,54.394368168933624,53.94652957654287,5,870.9000000000001,165.471,182.889,2026-05-01 15:59:00,173.99,WEEK_END_CLOSE,-0.9499999999999886,-0.1090825582730548
GD,2026-04-27 00:00:00,2026-04-28 00:00:00,0.1584821428571428,8.0,2026-04-28 10:17:00,307.635,40.08170745785255,38.679259368883585,3,922.905,292.25325,323.01675,2026-04-29 09:30:00,338.08,TAKE_PROFIT_GAP,91.33499999999998,9.896468217205445
DHR,2026-04-27 00:00:00,2026-04-28 00:00:00,0.0763975155279503,2.0,2026-04-28 10:24:00,178.11,44.23888915267776,37.333403940916504,5,890.5500000000001,169.2045,187.01550000000003,2026-05-01 15:59:00,175.14,WEEK_END_CLOSE,-14.850000000000136,-1.6675088428499407
SCHW,2026-04-27 00:00:00,2026-04-28 00:00:00,0.0748198146665141,1.0,2026-04-28 10:24:00,90.54,52.92491972440207,48.056028118915194,11,995.94,86.013,95.06700000000001,2026-05-01 15:59:00,91.52,WEEK_END_CLOSE,10.779999999999887,1.0823945217583342
AXP,2026-04-27 00:00:00,2026-04-28 00:00:00,0.1022769004774146,3.0,2026-04-28 10:31:00,318.85,52.86954788472333,51.61825277343358,3,956.5500000000001,302.9075,334.7925,2026-05-01 15:59:00,319.65,WEEK_END_CLOSE,2.3999999999998636,0.25090167790495777
T,2026-04-27 00:00:00,2026-04-28 00:00:00,0.1875,9.0,2026-04-28 10:37:00,26.275,63.7640342626547,63.048583776512224,38,998.4499999999999,24.961249999999996,27.58875,2026-05-01 15:59:00,26.13,WEEK_END_CLOSE,-5.509999999999984,-0.551855375832544
ACN,2026-04-28 00:00:00,2026-04-29 00:00:00,0.1662354463130659,10.0,2026-04-29 09:45:00,176.635,47.43598656744148,44.3852927662093,5,883.175,167.80325,185.46675,2026-05-01 15:59:00,179.82,WEEK_END_CLOSE,15.925000000000011,1.803153395419943
SLB,2026-04-28 00:00:00,2026-04-29 00:00:00,0.164066852367688,9.0,2026-04-29 09:53:00,55.71,49.397872101705346,48.97044349448686,17,947.07,52.9245,58.4955,2026-05-01 15:59:00,56.94,WEEK_END_CLOSE,20.909999999999947,2.207862143241779
BX,2026-04-28 00:00:00,2026-04-29 00:00:00,0.0947850599013389,3.0,2026-04-29 09:56:00,120.82,53.78844338240507,49.07471394075959,8,966.56,114.77899999999998,126.861,2026-05-01 09:30:00,126.861,TAKE_PROFIT,48.32800000000009,5.000000000000004
JNJ,2026-04-28 00:00:00,2026-04-29 00:00:00,0.0710905513904397,2.0,2026-04-29 10:02:00,225.685,50.12790097559484,45.47903639393035,4,902.74,214.40075,236.96925000000002,2026-05-01 15:59:00,227.2,WEEK_END_CLOSE,6.059999999999945,0.6712896293506354
TJX,2026-04-28 00:00:00,2026-04-29 00:00:00,0.1161290322580645,5.0,2026-04-29 10:02:00,155.69,48.24198337476632,43.11091526467768,6,934.14,147.9055,163.4745,2026-05-01 15:59:00,156.85,WEEK_END_CLOSE,6.9599999999999795,0.7450703320701413
LOW,2026-04-28 00:00:00,2026-04-29 00:00:00,0.1299000768639508,6.0,2026-04-29 10:05:00,234.605,42.15535247126289,38.74197968356079,4,938.42,222.87474999999998,246.33525,2026-05-01 15:59:00,233.35,WEEK_END_CLOSE,-5.019999999999982,-0.5349417105347309
KKR,2026-04-28 00:00:00,2026-04-29 00:00:00,0.1345381526104417,7.0,2026-04-29 10:10:00,100.18,51.45876544460564,49.925077178502946,9,901.6200000000001,95.171,105.18900000000001,2026-05-01 09:30:00,105.18900000000001,TAKE_PROFIT,45.081,5.000000000000004
PG,2026-04-29 00:00:00,2026-04-30 00:00:00,0.0653543307086614,1.0,2026-04-30 09:52:00,146.5699,55.104353953388795,53.32012075682286,6,879.4194,139.241405,153.898395,2026-05-01 15:59:00,147.27,WEEK_END_CLOSE,4.200600000000122,0.47765605352805274
CL,2026-04-29 00:00:00,2026-04-30 00:00:00,0.0698005698005698,2.0,2026-04-30 09:54:00,85.19,59.505386759640565,58.22633910796917,11,937.0899999999999,80.9305,89.4495,2026-05-01 15:59:00,87.24,WEEK_END_CLOSE,22.54999999999997,2.406385726024185
HWM,2026-04-29 00:00:00,2026-04-30 00:00:00,0.1434599156118143,9.0,2026-04-30 10:02:00,241.82,60.822860445043645,58.88623377221912,4,967.28,229.72899999999998,253.911,2026-05-01 15:59:00,239.51,WEEK_END_CLOSE,-9.240000000000009,-0.9552559755189871
DE,2026-04-29 00:00:00,2026-04-30 00:00:00,0.1323529411764706,8.0,2026-04-30 10:03:00,580.29,65.2300474885121,64.22012764661254,1,580.29,551.2755,609.3045,2026-05-01 15:59:00,577.41,WEEK_END_CLOSE,-2.8799999999999955,-0.4963035723517528
VZ,2026-04-29 00:00:00,2026-04-30 00:00:00,0.0764925373134328,3.0,2026-04-30 10:10:00,47.805,74.51838755610883,68.92284836305589,20,956.1,45.41475,50.19525,2026-05-01 15:59:00,48.145,WEEK_END_CLOSE,6.800000000000068,0.711222675452361
WMB,2026-04-29 00:00:00,2026-04-30 00:00:00,0.1483644859813084,10.0,2026-04-30 11:21:00,76.07,63.89170285622595,57.323412407822566,13,988.9099999999999,72.2665,79.87349999999999,2026-05-01 15:59:00,75.56,WEEK_END_CLOSE,-6.629999999999882,-0.6704351255422569
ROST,2026-04-30 00:00:00,2026-05-01 00:00:00,0.0124605915027773,1.0,2026-05-01 09:50:00,227.92,52.46648994005878,49.772199918164524,4,911.68,216.52399999999997,239.316,2026-05-01 15:59:00,228.91,WEEK_END_CLOSE,3.9600000000000364,0.4343629343629418
PM,2026-04-30 00:00:00,2026-05-01 00:00:00,0.117750439367311,7.0,2026-05-01 09:51:00,167.28,61.068327334019386,57.10288816177069,5,836.4,158.916,175.644,2026-05-01 15:59:00,166.4,WEEK_END_CLOSE,-4.399999999999977,-0.5260640841702524
TGT,2026-04-30 00:00:00,2026-05-01 00:00:00,0.1286872520269104,8.0,2026-05-01 09:53:00,129.93,52.63679924124535,51.94086293569417,7,909.51,123.4335,136.4265,2026-05-01 15:59:00,128.89,WEEK_END_CLOSE,-7.280000000000143,-0.8004310013084104
GE,2026-04-30 00:00:00,2026-05-01 00:00:00,0.1457444576543814,10.0,2026-05-01 09:55:00,288.41,55.77275249225077,53.145493200433734,3,865.23,273.9895,302.83050000000003,2026-05-01 15:59:00,286.5,WEEK_END_CLOSE,-5.730000000000075,-0.6622516556291425
DLR,2026-04-30 00:00:00,2026-05-01 00:00:00,0.1153846153846153,6.0,2026-05-01 09:59:00,199.928,57.51328252991336,49.47792409349842,5,999.64,189.93159999999997,209.92440000000002,2026-05-01 15:59:00,200.69,WEEK_END_CLOSE,3.8100000000000023,0.381137209395388
HWM,2026-05-01 00:00:00,2026-05-04 00:00:00,0.0764230139230139,7.0,2026-05-04 09:46:00,241.89,59.23009848197243,52.097377893759244,4,967.56,229.79549999999998,253.9845,2026-05-06 09:37:00,253.9845,TAKE_PROFIT,48.37800000000004,5.000000000000004
PCAR,2026-05-01 00:00:00,2026-05-04 00:00:00,0.0802292263610315,8.0,2026-05-04 09:46:00,115.52,46.74342749772703,40.42694773915778,8,924.16,109.74399999999999,121.296,2026-05-08 15:59:00,114.31,WEEK_END_CLOSE,-9.67999999999995,-1.0474376731301915
SYK,2026-05-01 00:00:00,2026-05-04 00:00:00,0.0701665825340737,5.0,2026-05-04 09:46:00,294.87,44.879217403860814,42.42767420995691,3,884.61,280.12649999999996,309.61350000000004,2026-05-08 15:59:00,285.47,WEEK_END_CLOSE,-28.199999999999932,-3.187845491233421
V,2026-05-01 00:00:00,2026-05-04 00:00:00,0.073143158316734,6.0,2026-05-04 09:47:00,326.78,46.61406503417272,42.65194446031163,3,980.3399999999999,310.441,343.11899999999997,2026-05-08 15:59:00,318.75,WEEK_END_CLOSE,-24.089999999999918,-2.4573107289307727
AEP,2026-05-01 00:00:00,2026-05-04 00:00:00,0.0587288817377312,3.0,2026-05-04 09:52:00,136.175,56.66498075019703,51.47788491869206,7,953.2250000000001,129.36625,142.98375000000001,2026-05-08 15:59:00,130.13,WEEK_END_CLOSE,-42.31500000000011,-4.4391408114558555
ROST,2026-05-01 00:00:00,2026-05-04 00:00:00,0.0672854693623085,4.0,2026-05-04 09:52:00,226.205,43.38588223190698,42.68135406225428,4,904.82,214.89475,237.51525000000004,2026-05-08 15:59:00,225.77,WEEK_END_CLOSE,-1.740000000000009,-0.19230344156848656
FDX,2026-05-01 00:00:00,2026-05-04 00:00:00,0.0226652865404837,1.0,2026-05-04 09:53:00,369.41,37.38218366154792,35.53460948233735,2,738.82,350.9395,387.88050000000004,2026-05-08 15:59:00,378.37,WEEK_END_CLOSE,17.91999999999996,2.4254892937386696
PG,2026-05-01 00:00:00,2026-05-04 00:00:00,0.1154556498504411,10.0,2026-05-04 09:59:00,144.735,45.8950504772613,45.76887199305941,6,868.4100000000001,137.49825,151.97175000000001,2026-05-08 15:59:00,146.43,WEEK_END_CLOSE,10.169999999999959,1.1711058140740027
APD,2026-05-01 00:00:00,2026-05-04 00:00:00,0.1065088757396449,9.0,2026-05-04 10:01:00,297.965,49.177412199896196,42.56375672333128,3,893.895,283.06674999999996,312.86325,2026-05-08 15:59:00,295.37,WEEK_END_CLOSE,-7.784999999999911,-0.870907656939568
ECL,2026-05-01 00:00:00,2026-05-04 00:00:00,0.0555555555555555,2.0,2026-05-04 10:53:00,260.34,53.808752274463274,53.5098034030995,3,781.02,247.32299999999995,273.35699999999997,2026-05-08 15:59:00,254.2,WEEK_END_CLOSE,-18.41999999999996,-2.35845432895444
COF,2026-05-04 00:00:00,2026-05-05 00:00:00,0.0919255588701524,8.0,2026-05-05 09:47:00,189.79,47.4054081392499,47.07312730760519,5,948.9499999999999,180.30049999999997,199.2795,2026-05-08 15:59:00,189.48,WEEK_END_CLOSE,-1.5500000000000114,-0.16333842668212473
PLD,2026-05-04 00:00:00,2026-05-05 00:00:00,0.1292517006802721,10.0,2026-05-05 09:49:00,139.325,55.9938216634695,54.88536585297822,7,975.2749999999999,132.35875,146.29125,2026-05-08 15:59:00,144.11,WEEK_END_CLOSE,33.495000000000175,3.434415933967361
NSC,2026-05-04 00:00:00,2026-05-05 00:00:00,0.0714285714285714,6.0,2026-05-05 09:51:00,311.52,51.54502066022465,51.28460053181118,3,934.56,295.94399999999996,327.096,2026-05-08 15:59:00,312.06,WEEK_END_CLOSE,1.6200000000000614,0.1733436055469939
JCI,2026-05-04 00:00:00,2026-05-05 00:00:00,0.0234892163143284,3.0,2026-05-05 09:53:00,145.665,52.725889726552346,52.58488010928783,6,873.99,138.38174999999998,152.94825,2026-05-06 09:31:00,138.38174999999998,STOP_LOSS,-43.69950000000006,-5.000000000000004
TT,2026-05-04 00:00:00,2026-05-05 00:00:00,0.0439560439560439,4.0,2026-05-05 09:53:00,487.81,58.46516858366186,57.14547232529311,2,975.62,463.41949999999997,512.2005,2026-05-08 15:59:00,466.13,WEEK_END_CLOSE,-43.360000000000014,-4.444353334289996
NOC,2026-05-04 00:00:00,2026-05-05 00:00:00,0.1193737769080234,9.0,2026-05-05 10:00:00,559.89,43.7804615705822,43.45487008959135,1,559.89,531.8955,587.8845,2026-05-08 15:59:00,549.64,WEEK_END_CLOSE,-10.25,-1.8307167479326258
AJG,2026-05-04 00:00:00,2026-05-05 00:00:00,0.0526315789473684,5.0,2026-05-05 10:01:00,206.0975,52.65090500019074,44.03485886030865,4,824.39,195.792625,216.402375,2026-05-07 09:30:00,194.27,STOP_LOSS_GAP,-47.309999999999945,-5.738788680114992
RSG,2026-05-04 00:00:00,2026-05-05 00:00:00,0.0128205128205128,1.0,2026-05-05 10:11:00,204.845,53.12033624647448,50.786284883055,4,819.38,194.60275,215.08725,2026-05-08 15:59:00,200.02,WEEK_END_CLOSE,-19.299999999999955,-2.3554394786301835
AMT,2026-05-04 00:00:00,2026-05-05 00:00:00,0.0838264299802761,7.0,2026-05-05 10:14:00,179.26,50.868117270392396,49.63399887284546,5,896.3,170.297,188.22299999999998,2026-05-08 15:59:00,176.52,WEEK_END_CLOSE,-13.699999999999903,-1.5285060805533712
QCOM,2026-05-05 00:00:00,2026-05-06 00:00:00,0.1659951763558144,9.0,2026-05-06 09:45:00,194.4253,65.82276300493592,64.8892430116859,5,972.1265,184.70403499999998,204.146565,2026-05-07 11:10:00,204.146565,TAKE_PROFIT,48.60632500000008,5.000000000000004
HCA,2026-05-05 00:00:00,2026-05-06 00:00:00,0.1403508771929824,8.0,2026-05-06 09:47:00,432.49,52.44861693188782,52.266376674372864,2,864.98,410.8655,454.1145,2026-05-08 15:59:00,435.13,WEEK_END_CLOSE,5.279999999999973,0.6104187380054915
CME,2026-05-05 00:00:00,2026-05-06 00:00:00,0.2034824314461474,10.0,2026-05-06 09:50:00,284.36,47.36612516342382,42.57558112876565,3,853.08,270.142,298.57800000000003,2026-05-08 15:59:00,281.24,WEEK_END_CLOSE,-9.360000000000014,-1.0972007314671517
ITW,2026-05-05 00:00:00,2026-05-06 00:00:00,0.0476190476190476,2.0,2026-05-06 09:50:00,259.03,59.87258544833327,57.007274198890336,3,777.0899999999999,246.07849999999996,271.9815,2026-05-08 15:59:00,254.76,WEEK_END_CLOSE,-12.809999999999945,-1.648457707601425
AON,2026-05-05 00:00:00,2026-05-06 00:00:00,0.1111111111111111,6.0,2026-05-06 10:14:00,314.865,54.39216238144746,51.90836407758021,3,944.595,299.12175,330.60825,2026-05-08 15:59:00,312.84,WEEK_END_CLOSE,-6.075000000000102,-0.64313277118766
MPC,2026-05-05 00:00:00,2026-05-06 00:00:00,0.0731821006836544,4.0,2026-05-06 10:19:00,246.06,37.28151923115844,34.11496858689279,4,984.24,233.757,258.363,2026-05-08 15:59:00,244.97,WEEK_END_CLOSE,-4.360000000000014,-0.4429813866536625
GE,2026-05-05 00:00:00,2026-05-06 00:00:00,0.0750206717259358,5.0,2026-05-06 10:24:00,303.66,67.89112607299842,66.30940263627369,3,910.98,288.47700000000003,318.843,2026-05-08 15:59:00,297.125,WEEK_END_CLOSE,-19.605000000000075,-2.152077981953504
TEL,2026-05-05 00:00:00,2026-05-06 00:00:00,0.1354166666666666,7.0,2026-05-06 10:25:00,213.4,59.407880745085905,56.607094795242716,4,853.6,202.73,224.07000000000002,2026-05-08 15:59:00,206.22,WEEK_END_CLOSE,-28.720000000000027,-3.364573570759144
UNP,2026-05-06 00:00:00,2026-05-07 00:00:00,0.1252239344857958,5.0,2026-05-07 09:45:00,267.86,47.38995193784291,45.57827893435658,3,803.58,254.467,281.25300000000004,2026-05-08 15:59:00,264.65,WEEK_END_CLOSE,-9.63000000000011,-1.198387217203034
TMO,2026-05-06 00:00:00,2026-05-07 00:00:00,0.1370596652984978,6.0,2026-05-07 09:55:00,478.245,58.17536540393356,56.945953801562425,2,956.49,454.33275,502.15725000000003,2026-05-08 15:59:00,465.0,WEEK_END_CLOSE,-26.49000000000001,-2.769500987987328
VZ,2026-05-06 00:00:00,2026-05-07 00:00:00,0.1839403231415175,10.0,2026-05-07 09:58:00,47.485,56.17196011433352,56.125255162284816,21,997.185,45.110749999999996,49.85925,2026-05-08 15:59:00,47.23,WEEK_END_CLOSE,-5.355000000000054,-0.5370116879014453
MSI,2026-05-06 00:00:00,2026-05-07 00:00:00,0.1702127659574468,9.0,2026-05-07 10:01:00,434.235,53.789501612433206,53.77426968538824,2,868.47,412.52325,455.94675,2026-05-08 09:33:00,412.52325,STOP_LOSS,-43.42349999999999,-4.999999999999993
AJG,2026-05-06 00:00:00,2026-05-07 00:00:00,0.03125,2.0,2026-05-07 10:03:00,198.735,47.054314319778015,46.984736356366355,5,993.6750000000001,188.79825,208.67175000000003,2026-05-08 15:59:00,198.87,WEEK_END_CLOSE,0.6749999999999545,0.06792965506829951
SPGI,2026-05-06 00:00:00,2026-05-07 00:00:00,0.1634339840893962,8.0,2026-05-07 10:44:00,428.11,56.43399700138887,53.065344154940384,2,856.22,406.7045,449.51550000000003,2026-05-08 15:59:00,420.1,WEEK_END_CLOSE,-16.019999999999982,-1.8710144589007438
AMGN,2026-05-07 00:00:00,2026-05-08 00:00:00,0.0682775481349841,9.0,2026-05-08 09:46:00,329.63,56.707920643680474,52.815680572816554,3,988.89,313.14849999999996,346.11150000000004,2026-05-08 15:59:00,331.73,WEEK_END_CLOSE,6.300000000000068,0.6370779358674916
CVNA,2026-05-07 00:00:00,2026-05-08 00:00:00,0.0007160687091557,1.0,2026-05-08 09:56:00,80.08,55.63718875359582,53.455972854509575,12,960.96,76.076,84.084,2026-05-08 15:59:00,77.94,WEEK_END_CLOSE,-25.680000000000007,-2.672327672327668
ADP,2026-05-07 00:00:00,2026-05-08 00:00:00,0.0854666257223416,10.0,2026-05-08 09:58:00,209.34,38.90660722212414,37.80508755764879,4,837.36,198.873,219.80700000000002,2026-05-08 15:59:00,213.02,WEEK_END_CLOSE,14.720000000000027,1.757905799178383
CB,2026-05-07 00:00:00,2026-05-08 00:00:00,0.0171026156941649,3.0,2026-05-08 09:58:00,321.33,48.87676627487782,48.06804811353402,3,963.99,305.26349999999996,337.3965,2026-05-08 15:59:00,319.6,WEEK_END_CLOSE,-5.189999999999884,-0.5383873276693651
PCAR,2026-05-08 00:00:00,2026-05-11 00:00:00,0.0273224043715847,2.0,2026-05-11 09:50:00,113.625,48.69329073912882,45.76861328081605,8,909.0,107.94375,119.30625,2026-05-15 15:59:00,110.3,WEEK_END_CLOSE,-26.600000000000023,-2.9262926292629277
ORLY,2026-05-08 00:00:00,2026-05-11 00:00:00,0.0381679389312977,4.0,2026-05-11 09:53:00,91.41,40.31565024440563,39.69201219894817,10,914.0999999999999,86.83949999999999,95.9805,2026-05-15 15:59:00,88.49,WEEK_END_CLOSE,-29.200000000000017,-3.194398862268899
ADP,2026-05-08 00:00:00,2026-05-11 00:00:00,0.0829042889615167,6.0,2026-05-11 09:57:00,211.12,48.77258707201831,48.35729604502357,4,844.48,200.564,221.67600000000002,2026-05-15 15:59:00,214.55,WEEK_END_CLOSE,13.720000000000027,1.6246684350132767
EOG,2026-05-08 00:00:00,2026-05-11 00:00:00,0.0989379453979725,10.0,2026-05-11 10:03:00,131.65,53.728753022484966,48.80778691976936,7,921.5500000000001,125.0675,138.23250000000002,2026-05-15 09:30:00,138.49,TAKE_PROFIT_GAP,47.880000000000024,5.195594379035318
PWR,2026-05-08 00:00:00,2026-05-11 00:00:00,0.0800711743772242,5.0,2026-05-11 10:12:00,753.939,52.47506493592484,52.31826339913207,1,753.939,716.24205,791.63595,2026-05-15 15:59:00,769.96,WEEK_END_CLOSE,16.021000000000072,2.1249729752672364
WELL,2026-05-08 00:00:00,2026-05-11 00:00:00,0.09375,7.0,2026-05-11 10:12:00,216.02,46.009807416417075,44.421792376830595,4,864.08,205.219,226.82100000000003,2026-05-15 15:59:00,213.84,WEEK_END_CLOSE,-8.720000000000027,-1.009165817979818
FDX,2026-05-08 00:00:00,2026-05-11 00:00:00,0.097616273803406,9.0,2026-05-11 10:17:00,382.625,58.58098369822053,57.77144877120784,2,765.25,363.49375,401.75625,2026-05-15 15:59:00,375.855,WEEK_END_CLOSE,-13.539999999999964,-1.7693564194707578
AFL,2026-05-08 00:00:00,2026-05-11 00:00:00,0.0955448201825013,8.0,2026-05-11 10:18:00,113.9,53.222588916208416,52.33217424733086,8,911.2,108.205,119.59500000000001,2026-05-15 15:59:00,116.84,WEEK_END_CLOSE,23.519999999999982,2.5812115891132636
CB,2026-05-08 00:00:00,2026-05-11 00:00:00,0.0309278350515463,3.0,2026-05-11 10:24:00,320.09,52.4154306097792,49.43488539830207,3,960.27,304.08549999999997,336.0945,2026-05-15 15:59:00,324.165,WEEK_END_CLOSE,12.225000000000136,1.2730794464057116
ABBV,2026-05-11 00:00:00,2026-05-12 00:00:00,0.0396742638661303,3.0,2026-05-12 09:47:00,204.45,58.8718138070037,53.010497401651534,4,817.8,194.2275,214.67249999999999,2026-05-15 09:35:00,214.67249999999999,TAKE_PROFIT,40.889999999999986,5.000000000000004
MSI,2026-05-11 00:00:00,2026-05-12 00:00:00,0.0375586854460093,2.0,2026-05-12 09:50:00,395.185,49.44565624189114,49.37727738190689,2,790.37,375.42575,414.94425,2026-05-15 15:59:00,393.42,WEEK_END_CLOSE,-3.5299999999999727,-0.446626263648664
SPGI,2026-05-11 00:00:00,2026-05-12 00:00:00,0.0772145902415916,9.0,2026-05-12 09:50:00,423.21,52.53334795808422,52.435167252729116,2,846.42,402.04949999999997,444.3705,2026-05-13 10:57:00,402.04949999999997,STOP_LOSS,-42.321000000000026,-5.000000000000004
COP,2026-05-11 00:00:00,2026-05-12 00:00:00,0.0815926892950391,10.0,2026-05-12 09:51:00,116.075,53.50564395566506,50.03121999212779,8,928.6,110.27125,121.87875000000001,2026-05-15 09:51:00,121.87875000000001,TAKE_PROFIT,46.430000000000064,5.000000000000004
ECL,2026-05-11 00:00:00,2026-05-12 00:00:00,0.0454545454545454,4.0,2026-05-12 09:56:00,249.98,51.20904914414046,50.50245507288192,4,999.92,237.48099999999997,262.479,2026-05-15 15:59:00,247.69,WEEK_END_CLOSE,-9.159999999999968,-0.9160732858628617
CME,2026-05-11 00:00:00,2026-05-12 00:00:00,0.0545454545454545,6.0,2026-05-12 10:03:00,283.605,55.075536461095275,53.49777673294661,3,850.815,269.42475,297.78525,2026-05-14 09:30:00,297.78525,TAKE_PROFIT,42.54075,5.000000000000004
MCO,2026-05-11 00:00:00,2026-05-12 00:00:00,0.051056338028169,5.0,2026-05-12 10:24:00,453.67,60.01479494271982,56.88911713059396,2,907.34,430.9865,476.35350000000005,2026-05-15 11:43:00,430.9865,STOP_LOSS,-45.367000000000075,-5.000000000000004
KMI,2026-05-12 00:00:00,2026-05-13 00:00:00,0.0392551585304479,3.0,2026-05-13 09:50:00,32.36,48.59007103441754,48.48553380293426,30,970.8,30.741999999999997,33.978,2026-05-15 15:59:00,33.63,WEEK_END_CLOSE,38.100000000000094,3.9245982694684933
PLD,2026-05-12 00:00:00,2026-05-13 00:00:00,0.0561797752808988,5.0,2026-05-13 09:57:00,143.545,51.527098192497,50.32449894512341,6,861.27,136.36774999999997,150.72225,2026-05-15 15:59:00,140.53,WEEK_END_CLOSE,-18.089999999999918,-2.1003866383364045
AEP,2026-05-12 00:00:00,2026-05-13 00:00:00,0.0614525139664804,6.0,2026-05-13 10:09:00,127.0,33.85360351795579,33.73387657804518,7,889.0,120.64999999999999,133.35,2026-05-15 15:59:00,125.13,WEEK_END_CLOSE,-13.090000000000032,-1.472440944881892
MO,2026-05-12 00:00:00,2026-05-13 00:00:00,0.0707314619176979,9.0,2026-05-13 10:25:00,71.0,55.84971723419051,54.004055318011154,14,994.0,67.45,74.55,2026-05-15 15:59:00,73.1,WEEK_END_CLOSE,29.39999999999992,2.9577464788732355
PGR,2026-05-12 00:00:00,2026-05-13 00:00:00,0.0722543352601156,10.0,2026-05-13 10:37:00,200.29,56.904403212220295,53.8214125005225,4,801.16,190.2755,210.3045,2026-05-15 15:59:00,199.81,WEEK_END_CLOSE,-1.919999999999959,-0.23965250386938086
ADI,2026-05-12 00:00:00,2026-05-13 00:00:00,0.063150074294205,7.0,2026-05-13 10:48:00,432.85,57.39458679516455,56.938733336630065,2,865.7,411.2075,454.49250000000006,2026-05-15 15:59:00,417.3,WEEK_END_CLOSE,-31.100000000000023,-3.592468522582881
NSC,2026-05-13 00:00:00,2026-05-14 00:00:00,0.0,1.0,2026-05-14 09:46:00,312.3699,55.335680327136345,51.652885387876616,3,937.1097,296.751405,327.98839499999997,2026-05-15 15:59:00,316.62,WEEK_END_CLOSE,12.750300000000095,1.360598444344352
UNP,2026-05-13 00:00:00,2026-05-14 00:00:00,0.0724149545301448,9.0,2026-05-14 09:48:00,265.745,52.22675492299682,51.38866398777031,3,797.235,252.45775,279.03225000000003,2026-05-15 15:59:00,270.58,WEEK_END_CLOSE,14.504999999999939,1.8194133473818708
APO,2026-05-13 00:00:00,2026-05-14 00:00:00,0.0721247563352826,8.0,2026-05-14 09:49:00,132.42,47.989607046797104,47.3467983673068,7,926.9399999999999,125.79899999999998,139.041,2026-05-15 15:59:00,135.39,WEEK_END_CLOSE,20.789999999999992,2.2428636157680204
CL,2026-05-13 00:00:00,2026-05-14 00:00:00,0.046692607003891,6.0,2026-05-14 09:53:00,88.56,64.59444184819603,64.00194466174567,11,974.1600000000001,84.132,92.988,2026-05-15 15:59:00,88.15,WEEK_END_CLOSE,-4.5099999999999625,-0.4629629629629539
AMT,2026-05-14 00:00:00,2026-05-15 00:00:00,0.0458015267175572,8.0,2026-05-15 09:46:00,169.35,40.611535523020635,40.34793305392677,5,846.75,160.8825,177.8175,2026-05-15 15:59:00,170.71,WEEK_END_CLOSE,6.800000000000068,0.8030705639208824
CTAS,2026-05-14 00:00:00,2026-05-15 00:00:00,0.0625,10.0,2026-05-15 09:46:00,167.75,61.73596664848267,61.231501805543694,5,838.75,159.36249999999998,176.13750000000002,2026-05-15 15:59:00,168.34,WEEK_END_CLOSE,2.950000000000017,0.351713859910574
GD,2026-05-14 00:00:00,2026-05-15 00:00:00,0.0125,2.0,2026-05-15 09:46:00,340.585,51.2698886319278,48.17552219227738,2,681.17,323.55575,357.61424999999997,2026-05-15 15:59:00,334.5,WEEK_END_CLOSE,-12.169999999999959,-1.7866318246546276
CMCSA,2026-05-14 00:00:00,2026-05-15 00:00:00,0.039784739573323,6.0,2026-05-15 09:56:00,25.29,48.87908502571044,47.74743562955833,39,986.31,24.025499999999997,26.5545,2026-05-15 15:59:00,24.755,WEEK_END_CLOSE,-20.865000000000006,-2.1154606563859257
TT,2026-05-14 00:00:00,2026-05-15 00:00:00,0.0446428571428571,7.0,2026-05-15 09:56:00,471.81,48.014258293209096,47.80110115247175,2,943.62,448.2195,495.4005,2026-05-15 15:59:00,466.4,WEEK_END_CLOSE,-10.82000000000005,-1.1466480150908231
RSG,2026-05-14 00:00:00,2026-05-15 00:00:00,0.0154999148356327,3.0,2026-05-15 09:57:00,210.46,60.760732952759675,59.31728041380511,4,841.84,199.937,220.983,2026-05-15 15:59:00,208.36,WEEK_END_CLOSE,-8.399999999999977,-0.9978143115081273
SO,2026-05-14 00:00:00,2026-05-15 00:00:00,0.0549450549450549,9.0,2026-05-15 10:00:00,93.58,53.49249197369428,53.43495755684743,10,935.8,88.901,98.259,2026-05-15 15:59:00,92.575,WEEK_END_CLOSE,-10.049999999999955,-1.0739474246633796
MPC,2026-05-14 00:00:00,2026-05-15 00:00:00,0.012210796915167,1.0,2026-05-15 10:07:00,254.18,57.82498677709088,56.51815080974518,3,762.54,241.471,266.889,2026-05-15 15:59:00,255.02,WEEK_END_CLOSE,2.5200000000000102,0.3304744669132109
APD,2026-05-14 00:00:00,2026-05-15 00:00:00,0.0360824742268041,4.0,2026-05-15 10:27:00,297.565,51.153861252033025,46.79388513785946,3,892.6949999999999,282.68674999999996,312.44325000000003,2026-05-15 15:59:00,295.37,WEEK_END_CLOSE,-6.5849999999999795,-0.7376539579587615
JCI,2026-05-15 00:00:00,2026-05-18 00:00:00,0.0469483568075117,6.0,2026-05-18 09:50:00,142.185,48.7500784211274,48.29655102346193,7,995.2950000000001,135.07575,149.29425,2026-05-19 09:32:00,135.07575,STOP_LOSS,-49.76475000000002,-5.000000000000004
VRTX,2026-05-15 00:00:00,2026-05-18 00:00:00,0.0498338870431893,7.0,2026-05-18 09:53:00,436.25,52.92911579934236,46.23147545295634,2,872.5,414.4375,458.0625,2026-05-22 15:59:00,434.53,WEEK_END_CLOSE,-3.4400000000000546,-0.3942693409742182
MO,2026-05-15 00:00:00,2026-05-18 00:00:00,0.0608391608391608,8.0,2026-05-18 09:55:00,73.14,54.38331565682854,53.72494248708157,13,950.82,69.483,76.797,2026-05-22 15:59:00,73.91,WEEK_END_CLOSE,10.009999999999948,1.052775499042924
RSG,2026-05-15 00:00:00,2026-05-18 00:00:00,0.0054744525547445,1.0,2026-05-18 09:55:00,210.34,57.804927451160275,56.9670441295686,4,841.36,199.823,220.857,2026-05-22 15:59:00,208.94,WEEK_END_CLOSE,-5.600000000000023,-0.665589046305981
AXP,2026-05-15 00:00:00,2026-05-18 00:00:00,0.0455585498550872,5.0,2026-05-18 10:04:00,314.835,52.360077844556166,50.87451795645515,3,944.5049999999999,299.09324999999995,330.57675,2026-05-22 15:59:00,311.84,WEEK_END_CLOSE,-8.985000000000014,-0.9512919465751946
UNP,2026-05-15 00:00:00,2026-05-18 00:00:00,0.0753114382785957,9.0,2026-05-18 10:05:00,273.285,64.6053973025729,61.414904878885736,3,819.855,259.62075,286.94925000000006,2026-05-22 15:59:00,265.9,WEEK_END_CLOSE,-22.155000000000143,-2.7023071152825984
MRSH,2026-05-15 00:00:00,2026-05-18 00:00:00,0.0350877192982456,4.0,2026-05-18 10:18:00,164.88,58.878506575517136,55.97110776802359,6,989.28,156.636,173.124,2026-05-22 15:59:00,164.06,WEEK_END_CLOSE,-4.919999999999959,-0.49733139252789993
PLD,2026-05-15 00:00:00,2026-05-18 00:00:00,0.0159744408945686,2.0,2026-05-18 10:18:00,142.0999,57.77268727743763,54.70089027615658,7,994.6993,134.994905,149.204895,2026-05-22 15:59:00,145.91,WEEK_END_CLOSE,26.67070000000004,2.681282675075769
MDLZ,2026-05-15 00:00:00,2026-05-18 00:00:00,0.0766666666666666,10.0,2026-05-18 10:33:00,61.68,63.629982772203164,63.28572340045191,16,986.88,58.596,64.764,2026-05-22 15:59:00,61.74,WEEK_END_CLOSE,0.9600000000000364,0.09727626459143934
SO,2026-05-15 00:00:00,2026-05-18 00:00:00,0.0343473994111874,3.0,2026-05-18 10:33:00,92.65,57.91195100247648,48.888281678292444,10,926.5,88.0175,97.28250000000001,2026-05-22 15:59:00,94.56,WEEK_END_CLOSE,19.099999999999966,2.061521856448989
SPGI,2026-05-18 00:00:00,2026-05-19 00:00:00,0.0459770114942528,2.0,2026-05-19 09:45:00,417.28,53.59359516620895,50.91393642277792,2,834.56,396.41599999999994,438.144,2026-05-22 15:59:00,418.17,WEEK_END_CLOSE,1.7800000000000864,0.21328604294479359
MRK,2026-05-18 00:00:00,2026-05-19 00:00:00,0.1328182487122884,7.0,2026-05-19 09:46:00,113.12,62.293797595433325,59.33844623195532,8,904.96,107.464,118.77600000000001,2026-05-22 09:30:00,120.55,TAKE_PROFIT_GAP,59.43999999999994,6.568246110325315
GE,2026-05-18 00:00:00,2026-05-19 00:00:00,0.0336784799316823,1.0,2026-05-19 09:47:00,284.695,52.27698902868738,50.36695999626641,3,854.085,270.46025,298.92975,2026-05-20 11:24:00,298.92975,TAKE_PROFIT,42.70425000000006,5.000000000000004
PGR,2026-05-18 00:00:00,2026-05-19 00:00:00,0.1553030303030303,10.0,2026-05-19 09:47:00,203.745,54.6760094171901,52.335628083948315,4,814.98,193.55775,213.93225,2026-05-22 15:59:00,199.52,WEEK_END_CLOSE,-16.899999999999977,-2.073670519521953
HLT,2026-05-18 00:00:00,2026-05-19 00:00:00,0.0558035714285714,3.0,2026-05-19 09:50:00,314.78,45.13673143096673,40.144424292624215,3,944.3399999999999,299.04099999999994,330.519,2026-05-22 15:59:00,321.05,WEEK_END_CLOSE,18.810000000000116,1.9918673359171635
AMGN,2026-05-18 00:00:00,2026-05-19 00:00:00,0.0851699663802764,5.0,2026-05-19 09:51:00,323.67,56.03600315650738,53.54444058374327,3,971.01,307.4865,339.85350000000005,2026-05-22 09:30:00,340.26,TAKE_PROFIT_GAP,49.769999999999925,5.125590879599584
KKR,2026-05-18 00:00:00,2026-05-19 00:00:00,0.1170454545454545,6.0,2026-05-19 09:51:00,94.9,51.614925295383365,47.297447014581785,10,949.0,90.155,99.64500000000001,2026-05-22 15:59:00,94.02,WEEK_END_CLOSE,-8.800000000000097,-0.9272918861960022
USB,2026-05-18 00:00:00,2026-05-19 00:00:00,0.1455108359133126,9.0,2026-05-19 09:52:00,52.79,44.288848527724454,42.294717069458976,18,950.22,50.150499999999994,55.429500000000004,2026-05-22 15:59:00,54.825,WEEK_END_CLOSE,36.63000000000007,3.8548967607501483
ABBV,2026-05-19 00:00:00,2026-05-20 00:00:00,0.0632680928538916,5.0,2026-05-20 09:45:00,213.875,53.332131674525485,51.7505309932231,4,855.5,203.18124999999998,224.56875000000002,2026-05-22 15:59:00,215.76,WEEK_END_CLOSE,7.539999999999964,0.8813559322033759
BKNG,2026-05-19 00:00:00,2026-05-20 00:00:00,0.1016733535570995,9.0,2026-05-20 09:45:00,152.38,45.97077128883883,44.46105754788548,6,914.28,144.761,159.999,2026-05-21 13:50:00,159.999,TAKE_PROFIT,45.714,5.000000000000004
JNJ,2026-05-19 00:00:00,2026-05-20 00:00:00,0.0612467603328331,4.0,2026-05-20 09:45:00,231.22,61.65025120685131,60.63736889727539,4,924.88,219.659,242.781,2026-05-22 15:59:00,234.38,WEEK_END_CLOSE,12.639999999999986,1.3666637834097273
KMI,2026-05-19 00:00:00,2026-05-20 00:00:00,0.0255640465793304,1.0,2026-05-20 09:47:00,34.47,49.335547637671006,47.8536188808503,29,999.63,32.7465,36.1935,2026-05-22 15:59:00,33.79,WEEK_END_CLOSE,-19.71999999999999,-1.9727299100667284
MDT,2026-05-19 00:00:00,2026-05-20 00:00:00,0.0802757941393745,8.0,2026-05-20 09:51:00,78.34,55.582545465196894,52.81308039911596,12,940.08,74.423,82.257,2026-05-22 15:59:00,78.58,WEEK_END_CLOSE,2.8799999999999386,0.30635690579523533
PEP,2026-05-19 00:00:00,2026-05-20 00:00:00,0.0280199566597792,2.0,2026-05-20 09:54:00,150.41,60.79999809920447,57.738949126486624,6,902.46,142.8895,157.9305,2026-05-22 15:59:00,150.57,WEEK_END_CLOSE,0.9599999999999795,0.10637590585731438
AFL,2026-05-19 00:00:00,2026-05-20 00:00:00,0.0379131561892417,3.0,2026-05-20 10:10:00,118.18,50.05903156242254,43.10906663996365,8,945.44,112.271,124.08900000000001,2026-05-22 15:59:00,117.85,WEEK_END_CLOSE,-2.6400000000001,-0.2792350651548592
ADP,2026-05-19 00:00:00,2026-05-20 00:00:00,0.0725138121546961,7.0,2026-05-20 10:42:00,219.33,52.56128497941469,48.89119411483206,4,877.32,208.36350000000002,230.2965,2026-05-22 15:59:00,225.35,WEEK_END_CLOSE,24.079999999999927,2.744722564172708
SNPS,2026-05-19 00:00:00,2026-05-20 00:00:00,0.0702479338842975,6.0,2026-05-20 11:01:00,491.82,58.97694038001663,58.68230873049006,2,983.64,467.229,516.4110000000001,2026-05-22 09:37:00,516.4110000000001,TAKE_PROFIT,49.18200000000013,5.000000000000004
MS,2026-05-20 00:00:00,2026-05-21 00:00:00,0.0722875377897211,3.0,2026-05-21 09:45:00,198.84,58.29079273452083,57.20678492329395,5,994.2,188.898,208.782,2026-05-22 15:59:00,201.04,WEEK_END_CLOSE,10.999999999999943,1.1064172198752775
BSX,2026-05-20 00:00:00,2026-05-21 00:00:00,0.10250569476082,5.0,2026-05-21 09:47:00,56.61,54.76773804350464,52.686645435007314,17,962.37,53.7795,59.4405,2026-05-22 15:59:00,57.75,WEEK_END_CLOSE,19.38000000000001,2.013778484366724
GE,2026-05-20 00:00:00,2026-05-21 00:00:00,0.1127798765318345,6.0,2026-05-21 09:55:00,298.21,51.864870014948835,51.843202820588736,3,894.6299999999999,283.29949999999997,313.1205,2026-05-22 15:59:00,302.73,WEEK_END_CLOSE,13.560000000000116,1.515710405419024
WMB,2026-05-20 00:00:00,2026-05-21 00:00:00,0.05720823798627,2.0,2026-05-21 10:11:00,77.79,52.9593427061067,51.81497936878181,12,933.48,73.90050000000001,81.6795,2026-05-22 15:59:00,78.46,WEEK_END_CLOSE,8.03999999999985,0.8612932253502903
MCD,2026-05-21 00:00:00,2026-05-22 00:00:00,0.1101449275362318,9.0,2026-05-22 09:46:00,282.845,44.321062836910876,43.683427426146295,3,848.5350000000001,268.70275000000004,296.98725,2026-05-22 15:59:00,282.23,WEEK_END_CLOSE,-1.8450000000000273,-0.21743357669394836
CMCSA,2026-05-21 00:00:00,2026-05-22 00:00:00,0.0368157597287259,3.0,2026-05-22 09:57:00,25.245,53.71636238467592,53.18195932541247,39,984.5550000000001,23.98275,26.507250000000003,2026-05-22 15:59:00,25.205,WEEK_END_CLOSE,-1.5600000000001053,-0.15844721727075184
TMO,2026-05-21 00:00:00,2026-05-22 00:00:00,0.0689045936395759,4.0,2026-05-22 10:03:00,450.87,47.1058470381938,46.7794538236368,2,901.74,428.3265,473.4135,2026-05-22 15:59:00,448.205,WEEK_END_CLOSE,-5.330000000000041,-0.5910794685829668
CSX,2026-05-21 00:00:00,2026-05-22 00:00:00,0.0856031128404669,6.0,2026-05-22 10:07:00,45.885,45.36113633654001,44.63243350253158,21,963.5849999999999,43.59074999999999,48.17925,2026-05-22 15:59:00,45.51,WEEK_END_CLOSE,-7.875,-0.8172605426610025
DASH,2026-05-21 00:00:00,2026-05-22 00:00:00,0.0968033230991511,7.0,2026-05-22 10:10:00,163.69,52.929931021349034,51.20961737299024,6,982.14,155.50549999999998,171.8745,2026-05-22 15:59:00,160.27,WEEK_END_CLOSE,-20.519999999999925,-2.08931516891685
PSX,2026-05-21 00:00:00,2026-05-22 00:00:00,0.102127659574468,8.0,2026-05-22 10:16:00,176.615,57.212374020689175,54.79898720671648,5,883.075,167.78425000000001,185.44575,2026-05-22 15:59:00,177.68,WEEK_END_CLOSE,5.324999999999989,0.6030065396483764
BKNG,2026-05-21 00:00:00,2026-05-22 00:00:00,0.1130360205831904,10.0,2026-05-22 10:41:00,159.595,48.2429327590508,47.22172276137922,6,957.5699999999999,151.61525,167.57475,2026-05-22 15:59:00,161.12,WEEK_END_CLOSE,9.150000000000034,0.955543720041363
PM,2026-05-21 00:00:00,2026-05-22 00:00:00,0.0786516853932584,5.0,2026-05-22 11:17:00,189.205,49.86915815921216,49.181960526772194,5,946.0250000000001,179.74475,198.66525000000001,2026-05-22 15:59:00,189.07,WEEK_END_CLOSE,-0.6750000000000966,-0.07135117993711804
DHR,2026-05-22 00:00:00,2026-05-26 00:00:00,0.0471976401179941,3.0,2026-05-26 09:45:00,171.11,51.05041687664697,42.28824861247287,5,855.5500000000001,162.55450000000002,179.6655,2026-05-28 09:48:00,179.6655,TAKE_PROFIT,42.777499999999975,5.000000000000004
COF,2026-05-22 00:00:00,2026-05-26 00:00:00,0.0754716981132075,5.0,2026-05-26 09:49:00,189.28,52.68365023687296,51.01040476427057,5,946.4,179.816,198.744,2026-05-29 15:59:00,188.0,WEEK_END_CLOSE,-6.400000000000006,-0.6762468300929858
ADP,2026-05-22 00:00:00,2026-05-26 00:00:00,0.0920716112531969,7.0,2026-05-26 09:50:00,220.94,41.81737954111974,40.50541148334942,4,883.76,209.893,231.987,2026-05-29 15:59:00,221.83,WEEK_END_CLOSE,3.560000000000059,0.4028242961890083
ABBV,2026-05-22 00:00:00,2026-05-26 00:00:00,0.1020154267230654,9.0,2026-05-26 09:52:00,213.63,40.266473027176055,35.24740095076624,4,854.52,202.9485,224.3115,2026-05-29 15:59:00,217.6,WEEK_END_CLOSE,15.879999999999995,1.8583532275429526
KMI,2026-05-22 00:00:00,2026-05-26 00:00:00,0.1090047393364928,10.0,2026-05-26 09:52:00,33.63,53.60405495207309,53.0171864931459,29,975.2700000000001,31.9485,35.3115,2026-05-28 10:17:00,31.9485,STOP_LOSS,-48.76350000000009,-5.000000000000004
AFL,2026-05-22 00:00:00,2026-05-26 00:00:00,0.078125,6.0,2026-05-26 09:56:00,117.55,53.67709051970905,48.135981401258455,8,940.4,111.67249999999999,123.42750000000001,2026-05-29 15:59:00,112.42,WEEK_END_CLOSE,-41.039999999999964,-4.364100382815817
BSX,2026-05-22 00:00:00,2026-05-26 00:00:00,0.0623781676413255,4.0,2026-05-26 10:00:00,57.49,48.066574087017955,47.745674423421896,17,977.33,54.6155,60.36450000000001,2026-05-27 09:30:00,53.13,STOP_LOSS_GAP,-74.11999999999999,-7.5839276395894935
UPS,2026-05-22 00:00:00,2026-05-26 00:00:00,0.0342597199516667,2.0,2026-05-26 10:02:00,102.4458,61.983051626489704,57.99674259582006,9,922.0122,97.32351,107.56809000000001,2026-05-29 15:59:00,106.7,WEEK_END_CLOSE,38.287799999999976,4.15263485667543
EMR,2026-05-22 00:00:00,2026-05-26 00:00:00,0.0264150943396226,1.0,2026-05-26 10:07:00,138.61,59.47518604105674,54.75718006047769,7,970.2700000000001,131.67950000000002,145.5405,2026-05-29 11:22:00,145.5405,TAKE_PROFIT,48.513499999999965,5.000000000000004
SNPS,2026-05-22 00:00:00,2026-05-26 00:00:00,0.1004366812227074,8.0,2026-05-26 10:13:00,534.29,56.04950242533854,55.01915880652741,1,534.29,507.5754999999999,561.0045,2026-05-28 09:30:00,507.5754999999999,STOP_LOSS,-26.714500000000044,-5.000000000000004
NEE,2026-05-26 00:00:00,2026-05-27 00:00:00,0.1135864449325384,9.0,2026-05-27 09:45:00,87.51,47.68789472618586,47.50725752691857,11,962.61,83.1345,91.88550000000001,2026-05-29 15:59:00,86.97,WEEK_END_CLOSE,-5.940000000000069,-0.6170723345903406
REGN,2026-05-26 00:00:00,2026-05-27 00:00:00,0.1098696461824953,7.0,2026-05-27 09:52:00,635.0,48.052343913120325,47.39029410393288,1,635.0,603.25,666.75,2026-05-29 15:59:00,614.03,WEEK_END_CLOSE,-20.970000000000027,-3.3023622047244183
WFC,2026-05-26 00:00:00,2026-05-27 00:00:00,0.0316788281420169,3.0,2026-05-27 09:55:00,76.26,49.78298714281217,47.65134613686465,13,991.3800000000001,72.447,80.07300000000001,2026-05-29 15:59:00,77.54,WEEK_END_CLOSE,16.640000000000015,1.6784683975872072
SPGI,2026-05-26 00:00:00,2026-05-27 00:00:00,0.1246376811594203,10.0,2026-05-27 09:58:00,414.87,53.537663472225475,51.202808517318154,2,829.74,394.12649999999996,435.61350000000004,2026-05-29 15:59:00,424.17,WEEK_END_CLOSE,18.600000000000023,2.2416660640682595
SO,2026-05-26 00:00:00,2026-05-27 00:00:00,0.106060606060606,6.0,2026-05-27 10:05:00,94.175,48.69394289434529,47.713409104798416,10,941.75,89.46624999999999,98.88375,2026-05-29 15:59:00,92.01,WEEK_END_CLOSE,-21.64999999999992,-2.298911600743292
MMM,2026-05-26 00:00:00,2026-05-27 00:00:00,0.0358161286643093,4.0,2026-05-27 10:17:00,156.33,63.29412183868402,61.00019069873616,6,937.98,148.5135,164.14650000000003,2026-05-29 15:59:00,153.22,WEEK_END_CLOSE,-18.660000000000082,-1.9893814367044182
TJX,2026-05-26 00:00:00,2026-05-27 00:00:00,0.0520833333333333,5.0,2026-05-27 10:17:00,159.11,53.46908429929302,52.096262705932794,6,954.6600000000001,151.1545,167.06550000000001,2026-05-29 15:59:00,154.82,WEEK_END_CLOSE,-25.740000000000123,-2.696247878825986
UNP,2026-05-26 00:00:00,2026-05-27 00:00:00,0.0069813923373588,1.0,2026-05-27 10:30:00,274.79,60.574701981084914,54.877951278034594,3,824.3700000000001,261.0505,288.52950000000004,2026-05-29 10:05:00,260.98,STOP_LOSS_GAP,-41.43000000000001,-5.025655955456898
DLR,2026-05-27 00:00:00,2026-05-28 00:00:00,0.0183299389002036,3.0,2026-05-28 09:45:00,191.045,41.51469375759465,37.935079578112514,5,955.2249999999999,181.49274999999997,200.59725,2026-05-29 15:59:00,189.97,WEEK_END_CLOSE,-5.374999999999943,-0.5626946530921995
WMB,2026-05-27 00:00:00,2026-05-28 00:00:00,0.082901554404145,9.0,2026-05-28 09:48:00,74.165,35.42212204315912,35.003880836332115,13,964.1450000000001,70.45675,77.87325000000001,2026-05-29 15:59:00,71.38,WEEK_END_CLOSE,-36.20500000000014,-3.7551405649565273
PG,2026-05-27 00:00:00,2026-05-28 00:00:00,0.0713828267402335,7.0,2026-05-28 09:50:00,145.83,41.34579387999087,40.90620740881312,6,874.98,138.5385,153.12150000000003,2026-05-29 15:59:00,143.56,WEEK_END_CLOSE,-13.620000000000061,-1.5566070081601935
CSX,2026-05-27 00:00:00,2026-05-28 00:00:00,0.0697424892703862,6.0,2026-05-28 09:52:00,45.95,43.3608848295565,39.58451170865893,21,964.95,43.6525,48.2475,2026-05-29 15:59:00,45.25,WEEK_END_CLOSE,-14.70000000000006,-1.5233949945593128
DHR,2026-05-27 00:00:00,2026-05-28 00:00:00,0.0156041016495764,2.0,2026-05-28 09:54:00,179.06,71.433068944137,70.67636230993543,5,895.3,170.107,188.013,2026-05-29 15:59:00,182.73,WEEK_END_CLOSE,18.349999999999937,2.049592315424986
ICE,2026-05-27 00:00:00,2026-05-28 00:00:00,0.0762081784386617,8.0,2026-05-28 09:58:00,149.82,53.795784569939066,51.63186855317444,6,898.92,142.32899999999998,157.311,2026-05-29 15:59:00,147.95,WEEK_END_CLOSE,-11.220000000000027,-1.2481644640234935
CI,2026-05-27 00:00:00,2026-05-28 00:00:00,0.0630252100840336,5.0,2026-05-28 10:01:00,287.935,61.789009184095725,61.45338042472852,3,863.8050000000001,273.53825,302.33175,2026-05-29 15:59:00,277.27,WEEK_END_CLOSE,-31.99500000000006,-3.7039609634118897
PM,2026-05-27 00:00:00,2026-05-28 00:00:00,0.0934579439252336,10.0,2026-05-28 10:02:00,182.45,50.209299905959504,49.17380494442201,5,912.25,173.3275,191.5725,2026-05-29 15:59:00,177.41,WEEK_END_CLOSE,-25.19999999999996,-2.7624006577144367
RTX,2026-05-28 00:00:00,2026-05-29 00:00:00,0.0272775705913692,3.0,2026-05-29 09:45:00,177.66,46.786134794053424,42.977955843443226,5,888.3,168.777,186.543,2026-05-29 15:59:00,179.61,WEEK_END_CLOSE,9.750000000000085,1.0976021614319542
GILD,2026-05-28 00:00:00,2026-05-29 00:00:00,0.0022454564591958,1.0,2026-05-29 10:10:00,135.78,53.15573602293559,52.89241527533603,7,950.46,128.99099999999999,142.56900000000002,2026-05-29 15:59:00,134.47,WEEK_END_CLOSE,-9.170000000000016,-0.9647959935189299
MRK,2026-05-28 00:00:00,2026-05-29 00:00:00,0.0481369077727196,6.0,2026-05-29 10:10:00,118.965,48.5277867467298,48.31254681102909,8,951.72,113.01675,124.91325,2026-05-29 15:59:00,118.74,WEEK_END_CLOSE,-1.8000000000000682,-0.18913125709243417
DASH,2026-05-28 00:00:00,2026-05-29 00:00:00,0.0833478034380968,10.0,2026-05-29 10:18:00,159.9175,52.521909519620046,51.373163338842396,6,959.5049999999999,151.92162499999998,167.913375,2026-05-29 15:59:00,159.34,WEEK_END_CLOSE,-3.464999999999918,-0.36112370441008235
FTNT,2026-05-28 00:00:00,2026-05-29 00:00:00,0.0799719396702911,9.0,2026-05-29 10:30:00,133.62,67.22311433314732,67.1639137837764,7,935.34,126.939,140.30100000000002,2026-05-29 15:59:00,137.93,WEEK_END_CLOSE,30.170000000000016,3.2255650351743714
CMCSA,2026-05-29 00:00:00,2026-06-01 00:00:00,0.0861130825644665,6.0,2026-06-01 09:47:00,24.655,45.59153128403087,45.56261085504332,40,986.2,23.42225,25.887750000000004,2026-06-04 13:06:00,23.42225,STOP_LOSS,-49.310000000000116,-5.000000000000016
WMB,2026-05-29 00:00:00,2026-06-01 00:00:00,0.0204081632653061,2.0,2026-06-01 09:50:00,71.13,44.214709336804226,41.73534791754893,14,995.8199999999999,67.5735,74.6865,2026-06-05 15:59:00,71.965,WEEK_END_CLOSE,11.690000000000111,1.17390693097148
V,2026-05-29 00:00:00,2026-06-01 00:00:00,0.0460927877377856,3.0,2026-06-01 09:52:00,323.62,45.218767520034355,40.58944666290123,3,970.86,307.43899999999996,339.80100000000004,2026-06-05 15:59:00,323.7,WEEK_END_CLOSE,0.23999999999995225,0.024720351028983956
NVDA,2026-05-29 00:00:00,2026-06-01 00:00:00,0.1105401731145577,10.0,2026-06-01 10:02:00,218.995,50.11227087314674,48.656986217931944,4,875.98,208.04524999999998,229.94475000000003,2026-06-02 09:50:00,229.94475000000003,TAKE_PROFIT,43.79900000000009,5.000000000000004
CDNS,2026-05-29 00:00:00,2026-06-01 00:00:00,0.0677419354838709,4.0,2026-06-01 10:04:00,392.21,65.54460402480856,63.017045119108296,2,784.42,372.5995,411.8205,2026-06-01 15:52:00,411.8205,TAKE_PROFIT,39.221000000000004,5.000000000000004
CME,2026-05-29 00:00:00,2026-06-01 00:00:00,0.096551724137931,7.0,2026-06-01 10:04:00,267.67,41.421132456843104,39.22567127804697,3,803.01,254.2865,281.05350000000004,2026-06-02 09:37:00,254.2865,STOP_LOSS,-40.15050000000008,-5.000000000000004
KMI,2026-05-29 00:00:00,2026-06-01 00:00:00,0.0742574257425742,5.0,2026-06-01 10:04:00,31.14,43.56210190602315,43.230548552059965,32,996.48,29.583,32.697,2026-06-05 15:59:00,31.69,WEEK_END_CLOSE,17.600000000000023,1.7662170841361569
HPE,2026-05-29 00:00:00,2026-06-01 00:00:00,0.104558856883647,9.0,2026-06-01 10:07:00,44.82,60.41970763718659,59.352831692729175,22,986.04,42.579,47.061,2026-06-01 15:09:00,47.061,TAKE_PROFIT,49.30199999999999,5.000000000000004
GILD,2026-05-29 00:00:00,2026-06-01 00:00:00,0.1021834061135371,8.0,2026-06-01 10:08:00,132.48,42.67701866553366,42.53002468444466,7,927.3599999999999,125.85599999999998,139.10399999999998,2026-06-05 15:59:00,129.0,WEEK_END_CLOSE,-24.35999999999993,-2.6268115942028936
ADP,2026-05-29 00:00:00,2026-06-01 00:00:00,0.0124653739612188,1.0,2026-06-01 10:46:00,230.14,66.41099578670952,63.02366954750342,4,920.56,218.63299999999998,241.647,2026-06-05 15:59:00,231.96,WEEK_END_CLOSE,7.280000000000086,0.7908229773181619
NSC,2026-06-01 00:00:00,2026-06-02 00:00:00,0.1,5.0,2026-06-02 09:46:00,307.03,53.89038217323977,52.730924454716565,3,921.0899999999999,291.6785,322.38149999999996,2026-06-05 15:59:00,313.7,WEEK_END_CLOSE,20.010000000000048,2.172426147282036
APO,2026-06-01 00:00:00,2026-06-02 00:00:00,0.1044978146785082,9.0,2026-06-02 09:55:00,128.35,41.490436017415625,36.651661894551076,7,898.4499999999999,121.93249999999999,134.7675,2026-06-05 15:59:00,128.03,WEEK_END_CLOSE,-2.2399999999999523,-0.24931827035449272
NOC,2026-06-01 00:00:00,2026-06-02 00:00:00,0.0684570826750921,3.0,2026-06-02 09:55:00,535.07,46.59535673368596,41.39983076573956,1,535.07,508.3165,561.8235000000001,2026-06-05 15:59:00,544.53,WEEK_END_CLOSE,9.459999999999923,1.7679929728820376
SHW,2026-06-01 00:00:00,2026-06-02 00:00:00,0.1023622047244094,6.0,2026-06-02 09:56:00,291.72,45.65952651660174,43.976141882204175,3,875.1600000000001,277.134,306.30600000000004,2026-06-05 09:37:00,306.30600000000004,TAKE_PROFIT,43.75800000000004,5.000000000000004
AON,2026-06-01 00:00:00,2026-06-02 00:00:00,0.0263157894736842,1.0,2026-06-02 10:04:00,315.91,54.2427615002654,48.48931591966878,3,947.73,300.1145,331.70550000000003,2026-06-05 15:59:00,328.76,WEEK_END_CLOSE,38.5499999999999,4.067614193915969
DHR,2026-06-01 00:00:00,2026-06-02 00:00:00,0.1037794352872747,7.0,2026-06-02 10:05:00,177.215,45.45590685796059,43.99866888382663,5,886.075,168.35425,186.07575,2026-06-04 10:23:00,186.07575,TAKE_PROFIT,44.30374999999998,5.000000000000004
MSI,2026-06-01 00:00:00,2026-06-02 00:00:00,0.0497076023391812,2.0,2026-06-02 10:05:00,409.3775,54.33999782448566,50.248422429877614,2,818.755,388.908625,429.846375,2026-06-05 15:59:00,410.32,WEEK_END_CLOSE,1.884999999999991,0.23022760166349077
ORLY,2026-06-01 00:00:00,2026-06-02 00:00:00,0.1043017088980553,8.0,2026-06-02 10:09:00,85.625,42.34982864188537,40.65202951382704,11,941.875,81.34375,89.90625,2026-06-05 09:59:00,89.90625,TAKE_PROFIT,47.09375,5.000000000000004
UPS,2026-06-01 00:00:00,2026-06-02 00:00:00,0.105699021453133,10.0,2026-06-02 10:09:00,109.3,49.794137381428854,47.16594931932818,9,983.6999999999999,103.835,114.765,2026-06-05 15:59:00,108.55,WEEK_END_CLOSE,-6.75,-0.6861848124428138
AJG,2026-06-02 00:00:00,2026-06-03 00:00:00,0.0694444444444444,6.0,2026-06-03 09:45:00,204.66,53.10749746690424,40.24889997929203,4,818.64,194.427,214.893,2026-06-05 09:35:00,214.893,TAKE_PROFIT,40.932000000000016,5.000000000000004
PCAR,2026-06-02 00:00:00,2026-06-03 00:00:00,0.0049822064056939,2.0,2026-06-03 09:55:00,114.56,56.59252083910553,55.06125559766398,8,916.48,108.832,120.28800000000001,2026-06-05 15:59:00,116.67,WEEK_END_CLOSE,16.879999999999995,1.84182960893855
TMO,2026-06-02 00:00:00,2026-06-03 00:00:00,0.0667470002020943,5.0,2026-06-03 09:57:00,473.45,52.21848043884715,47.85741198434976,2,946.9,449.7775,497.1225,2026-06-05 15:59:00,472.715,WEEK_END_CLOSE,-1.4700000000000273,-0.1552434259161517
SO,2026-06-02 00:00:00,2026-06-03 00:00:00,0.07738947910028,8.0,2026-06-03 09:59:00,92.115,65.64458781232725,64.26744910268833,10,921.15,87.50925,96.72075,2026-06-05 15:59:00,92.635,WEEK_END_CLOSE,5.200000000000102,0.564511751614849
TRV,2026-06-02 00:00:00,2026-06-03 00:00:00,0.0428015564202334,4.0,2026-06-03 10:07:00,294.04,52.95445930909702,52.36572657774585,3,882.1200000000001,279.338,308.742,2026-06-05 15:59:00,303.36,WEEK_END_CLOSE,27.95999999999998,3.1696367841109963
APD,2026-06-02 00:00:00,2026-06-03 00:00:00,0.0264900662251655,3.0,2026-06-03 10:08:00,283.5869,57.906905638418685,55.99201775688234,3,850.7607,269.407555,297.766245,2026-06-05 15:59:00,282.34,WEEK_END_CLOSE,-3.7407000000001176,-0.4396888572779756
CTAS,2026-06-02 00:00:00,2026-06-03 00:00:00,0.0713449382703659,7.0,2026-06-03 10:19:00,173.34,50.87356549781426,49.13639831954544,5,866.7,164.673,182.007,2026-06-05 09:36:00,182.007,TAKE_PROFIT,43.33500000000001,5.000000000000004
GD,2026-06-02 00:00:00,2026-06-03 00:00:00,0.0802080725288916,9.0,2026-06-03 10:23:00,337.79,52.546449623496706,47.064743178417146,2,675.58,320.9005,354.6795,2026-06-05 15:59:00,346.46,WEEK_END_CLOSE,17.339999999999918,2.566683442375428
PM,2026-06-02 00:00:00,2026-06-03 00:00:00,0.08232005962111,10.0,2026-06-03 11:08:00,176.25,48.27975264029953,45.937193548393566,5,881.25,167.4375,185.0625,2026-06-05 15:59:00,178.31,WEEK_END_CLOSE,10.300000000000011,1.1687943262411293
FDX,2026-06-03 00:00:00,2026-06-04 00:00:00,0.0338983050847457,5.0,2026-06-04 09:59:00,330.09,55.21386664201382,54.992216089480394,3,990.27,313.58549999999997,346.5945,2026-06-05 15:59:00,331.07,WEEK_END_CLOSE,2.9400000000000546,0.29688872731679083
DUK,2026-06-03 00:00:00,2026-06-04 00:00:00,0.0548885077186964,6.0,2026-06-04 10:07:00,121.92,49.191942160697614,48.101290217782456,8,975.36,115.824,128.01600000000002,2026-06-05 15:59:00,124.24,WEEK_END_CLOSE,18.559999999999945,1.9028871391076008
PH,2026-06-03 00:00:00,2026-06-04 00:00:00,0.0734463276836158,7.0,2026-06-04 10:10:00,860.44,53.7335390249882,53.52070431682739,1,860.44,817.418,903.4620000000001,2026-06-05 15:59:00,882.54,WEEK_END_CLOSE,22.09999999999991,2.568453349449107
JNJ,2026-06-03 00:00:00,2026-06-04 00:00:00,0.0881843102182788,9.0,2026-06-04 10:14:00,227.24,61.45195196762793,55.62906811257529,4,908.96,215.878,238.60200000000003,2026-06-05 15:59:00,232.8,WEEK_END_CLOSE,22.24000000000001,2.4467523323358664
ABBV,2026-06-03 00:00:00,2026-06-04 00:00:00,0.0927102238354507,10.0,2026-06-04 10:27:00,222.32,58.71992443363829,58.04775962558959,4,889.28,211.20399999999998,233.436,2026-06-05 15:59:00,227.25,WEEK_END_CLOSE,19.720000000000027,2.2175242893127
TFC,2026-06-03 00:00:00,2026-06-04 00:00:00,0.0302233902759526,4.0,2026-06-04 11:09:00,48.72,51.956110308976,50.68620554078442,20,974.4,46.284,51.156,2026-06-05 15:59:00,49.2,WEEK_END_CLOSE,9.60000000000008,0.9852216748768461
SHW,2026-06-04 00:00:00,2026-06-05 00:00:00,0.1266666666666666,10.0,2026-06-05 09:48:00,305.405,68.06317148086444,66.74715576567833,3,916.2149999999999,290.13474999999994,320.67525,2026-06-05 15:59:00,305.29,WEEK_END_CLOSE,-0.34499999999985675,-0.037654917241025654
AMT,2026-06-04 00:00:00,2026-06-05 00:00:00,0.106029106029106,8.0,2026-06-05 09:56:00,195.6,63.613034790756224,59.981318610558056,5,978.0,185.82,205.38,2026-06-05 15:59:00,194.115,WEEK_END_CLOSE,-7.424999999999926,-0.7592024539877174
SBUX,2026-06-04 00:00:00,2026-06-05 00:00:00,0.1152979064782467,9.0,2026-06-05 09:56:00,95.115,57.999160278295385,54.576418127036305,10,951.15,90.35924999999999,99.87075,2026-06-05 15:59:00,95.31,WEEK_END_CLOSE,1.950000000000074,0.2050149818640712
PLD,2026-06-04 00:00:00,2026-06-05 00:00:00,0.064,5.0,2026-06-05 10:02:00,144.83,67.67692320529531,64.1409895764695,6,868.98,137.5885,152.07150000000001,2026-06-05 15:59:00,144.57,WEEK_END_CLOSE,-1.560000000000116,-0.17952081751019255
SYK,2026-06-04 00:00:00,2026-06-05 00:00:00,0.0626003210272873,4.0,2026-06-05 10:04:00,309.92,65.1067330606264,63.90500160771869,3,929.76,294.424,325.41600000000005,2026-06-05 15:59:00,305.68,WEEK_END_CLOSE,-12.720000000000027,-1.3680949922560637
DHR,2026-06-04 00:00:00,2026-06-05 00:00:00,0.0899014972867945,6.0,2026-06-05 10:16:00,184.59,48.1366325747521,44.15068386362395,5,922.95,175.3605,193.8195,2026-06-05 15:59:00,184.39,WEEK_END_CLOSE,-1.0000000000000853,-0.10834823121513848
TMUS,2026-06-04 00:00:00,2026-06-05 00:00:00,0.1059563133766553,7.0,2026-06-05 10:40:00,179.075,59.44127485288124,52.33193543016977,5,895.375,170.12124999999997,188.02875,2026-06-05 15:59:00,178.18,WEEK_END_CLOSE,-4.474999999999909,-0.49979059053467667
PCAR,2026-06-05 00:00:00,2026-06-08 00:00:00,0.0152173913043478,3.0,2026-06-08 09:45:00,116.76,49.36075783325586,47.8157385177452,8,934.08,110.922,122.59800000000001,2026-06-12 15:59:00,118.53,WEEK_END_CLOSE,14.159999999999968,1.5159301130524216
SYK,2026-06-05 00:00:00,2026-06-08 00:00:00,0.0610169491525423,10.0,2026-06-08 09:45:00,303.535,50.24609280743626,42.839932183602215,3,910.605,288.35825,318.71175000000005,2026-06-12 15:59:00,312.1,WEEK_END_CLOSE,25.694999999999993,2.821750374750853
MDLZ,2026-06-05 00:00:00,2026-06-08 00:00:00,0.0403434684684684,6.0,2026-06-08 09:47:00,61.68,35.063849198930484,33.39212278935705,16,986.88,58.596,64.764,2026-06-12 15:59:00,62.98,WEEK_END_CLOSE,20.799999999999955,2.1076523994811858
GILD,2026-06-05 00:00:00,2026-06-08 00:00:00,0.0138944872962746,2.0,2026-06-08 09:49:00,129.76,47.18931835304871,46.05789290426809,7,908.3199999999999,123.27199999999999,136.248,2026-06-09 10:03:00,123.27199999999999,STOP_LOSS,-45.416,-5.000000000000004
MRSH,2026-06-05 00:00:00,2026-06-08 00:00:00,0.0076161462300076,1.0,2026-06-08 09:50:00,164.45,47.67814487869451,46.557545424033876,6,986.6999999999999,156.2275,172.67249999999999,2026-06-12 15:59:00,168.69,WEEK_END_CLOSE,25.440000000000055,2.578291273943445
PH,2026-06-05 00:00:00,2026-06-08 00:00:00,0.0286885245901639,5.0,2026-06-08 09:52:00,883.975,54.200163008125706,50.62162872993298,1,883.975,839.77625,928.17375,2026-06-12 15:59:00,903.33,WEEK_END_CLOSE,19.355000000000018,2.18954155943325
AFL,2026-06-05 00:00:00,2026-06-08 00:00:00,0.0279623477297895,4.0,2026-06-08 09:54:00,117.13,43.3751111896763,41.35358363710577,8,937.04,111.27349999999998,122.9865,2026-06-12 15:59:00,117.8,WEEK_END_CLOSE,5.360000000000014,0.572014001536747
AJG,2026-06-05 00:00:00,2026-06-08 00:00:00,0.0596491228070175,9.0,2026-06-08 09:58:00,214.52,53.14238707249398,49.12108990085842,4,858.08,203.794,225.246,2026-06-10 11:18:00,225.32,TAKE_PROFIT_GAP,43.19999999999993,5.0344956181241685
TFC,2026-06-05 00:00:00,2026-06-08 00:00:00,0.0404255319148936,7.0,2026-06-08 10:01:00,49.2092,54.288946718929125,46.26638722708726,20,984.1840000000001,46.74874,51.66966000000001,2026-06-12 10:55:00,51.66966000000001,TAKE_PROFIT,49.209200000000095,5.000000000000004
TT,2026-06-05 00:00:00,2026-06-08 00:00:00,0.0462962962962962,8.0,2026-06-08 11:15:00,462.97,54.95355676766847,49.75429913453225,2,925.94,439.8215,486.11850000000004,2026-06-10 13:42:00,439.8215,STOP_LOSS,-46.297000000000025,-5.000000000000004
NOC,2026-06-08 00:00:00,2026-06-09 00:00:00,0.1434426229508196,8.0,2026-06-09 09:48:00,542.36,59.14411177084917,57.25965686709511,1,542.36,515.242,569.4780000000001,2026-06-12 15:59:00,550.33,WEEK_END_CLOSE,7.970000000000027,1.469503650711701
RSG,2026-06-08 00:00:00,2026-06-09 00:00:00,0.1282051282051282,6.0,2026-06-09 09:48:00,205.9,54.38544777344865,49.862228768602506,4,823.6,195.605,216.19500000000002,2026-06-12 15:59:00,209.9,WEEK_END_CLOSE,16.0,1.942690626517729
AEP,2026-06-08 00:00:00,2026-06-09 00:00:00,0.0680555555555555,3.0,2026-06-09 09:50:00,126.79,55.95717515862447,50.14784778328559,7,887.5300000000001,120.4505,133.1295,2026-06-12 15:59:00,129.25,WEEK_END_CLOSE,17.219999999999956,1.9402161053710731
SO,2026-06-08 00:00:00,2026-06-09 00:00:00,0.1637891333728292,10.0,2026-06-09 09:50:00,91.265,51.81331776228732,50.18067861856327,10,912.65,86.70174999999999,95.82825000000001,2026-06-12 15:59:00,94.0,WEEK_END_CLOSE,27.349999999999994,2.9967676546321043
CSX,2026-06-08 00:00:00,2026-06-09 00:00:00,0.1376370910059885,7.0,2026-06-09 10:01:00,47.25,62.178775251164915,52.646260216817346,21,992.25,44.887499999999996,49.612500000000004,2026-06-12 15:59:00,47.58,WEEK_END_CLOSE,6.929999999999964,0.698412698412687
HD,2026-06-08 00:00:00,2026-06-09 00:00:00,0.1147340400342505,5.0,2026-06-09 10:08:00,318.42,68.69783317246083,59.931242651921536,3,955.26,302.499,334.341,2026-06-12 15:59:00,328.37,WEEK_END_CLOSE,29.849999999999966,3.1248037183593924
APD,2026-06-08 00:00:00,2026-06-09 00:00:00,0.0912408759124087,4.0,2026-06-09 10:11:00,280.32,56.550262891727435,53.96340984335447,3,840.96,266.304,294.336,2026-06-12 15:59:00,281.62,WEEK_END_CLOSE,3.900000000000034,0.4637557077625587
PLD,2026-06-08 00:00:00,2026-06-09 00:00:00,0.0628930817610062,2.0,2026-06-09 10:18:00,146.7598,69.70721770978494,69.2857507857631,6,880.5588,139.42181,154.09779000000003,2026-06-12 15:59:00,148.72,WEEK_END_CLOSE,11.761199999999917,1.33565186106821
SPGI,2026-06-08 00:00:00,2026-06-09 00:00:00,0.149389464262882,9.0,2026-06-09 10:22:00,425.76,63.24776649113429,61.26507862896199,2,851.52,404.472,447.048,2026-06-12 15:59:00,418.935,WEEK_END_CLOSE,-13.649999999999977,-1.6030157835400183
ORLY,2026-06-09 00:00:00,2026-06-10 00:00:00,0.1476923076923077,10.0,2026-06-10 09:49:00,90.215,51.61102324450379,49.63365283955883,11,992.365,85.70425,94.72575,2026-06-12 15:59:00,91.02,WEEK_END_CLOSE,8.854999999999919,0.8923128082912957
V,2026-06-09 00:00:00,2026-06-10 00:00:00,0.0566138631845026,3.0,2026-06-10 09:50:00,324.0975,49.5069371857381,48.95048531857854,3,972.2925,307.892625,340.30237500000004,2026-06-12 15:59:00,322.27,WEEK_END_CLOSE,-5.48250000000013,-0.5638735257137206
ELV,2026-06-09 00:00:00,2026-06-10 00:00:00,0.1132596685082873,5.0,2026-06-10 09:55:00,409.68,37.247049388444275,35.595976218088545,2,819.36,389.19599999999997,430.16400000000004,2026-06-12 15:59:00,404.05,WEEK_END_CLOSE,-11.259999999999991,-1.3742433118531516
NSC,2026-06-09 00:00:00,2026-06-10 00:00:00,0.1153846153846153,6.0,2026-06-10 10:04:00,310.99,48.073869650463585,45.506332965927825,3,932.97,295.4405,326.53950000000003,2026-06-12 15:59:00,313.67,WEEK_END_CLOSE,8.04000000000002,0.8617640438599361
AJG,2026-06-09 00:00:00,2026-06-10 00:00:00,0.1428571428571428,9.0,2026-06-10 11:51:00,224.065,51.43758895152226,50.26171178374669,4,896.26,212.86175,235.26825,2026-06-12 15:59:00,218.77,WEEK_END_CLOSE,-21.17999999999995,-2.3631535491933087
JNJ,2026-06-10 00:00:00,2026-06-11 00:00:00,0.1382635824868403,7.0,2026-06-11 09:48:00,240.535,59.74155895259461,58.834043782504146,4,962.14,228.50824999999998,252.56175000000002,2026-06-12 15:59:00,240.88,WEEK_END_CLOSE,1.3799999999999955,0.14343027002308162
EMR,2026-06-10 00:00:00,2026-06-11 00:00:00,0.1445188167009923,8.0,2026-06-11 09:53:00,138.78,56.96179843054642,54.716290412023646,7,971.46,131.841,145.719,2026-06-12 15:59:00,143.05,WEEK_END_CLOSE,29.89000000000007,3.076812220781089
DLR,2026-06-10 00:00:00,2026-06-11 00:00:00,0.0944444444444444,1.0,2026-06-11 09:54:00,180.16,44.841312599034,43.58240310193791,5,900.8,171.152,189.168,2026-06-12 15:59:00,184.16,WEEK_END_CLOSE,20.0,2.2202486678507993
ABBV,2026-06-10 00:00:00,2026-06-11 00:00:00,0.1708517938064021,9.0,2026-06-11 09:57:00,226.11,57.709519430193794,49.90805070505705,4,904.44,214.8045,237.41550000000004,2026-06-12 15:59:00,227.63,WEEK_END_CLOSE,6.079999999999927,0.6722391756224688
AMT,2026-06-10 00:00:00,2026-06-11 00:00:00,0.1019736842105263,3.0,2026-06-11 09:57:00,190.33,43.879783056331014,43.22353808819165,5,951.6500000000001,180.8135,199.84650000000002,2026-06-12 15:59:00,187.14,WEEK_END_CLOSE,-15.95000000000013,-1.6760363579047088
APH,2026-06-10 00:00:00,2026-06-11 00:00:00,0.1209430496019595,4.0,2026-06-11 10:04:00,150.89,51.34775061181626,50.57711696592086,6,905.3399999999999,143.3455,158.43449999999999,2026-06-12 15:59:00,153.86,WEEK_END_CLOSE,17.820000000000164,1.9683212936576489
JCI,2026-06-11 00:00:00,2026-06-12 00:00:00,0.0102214650766609,5.0,2026-06-12 10:00:00,145.04,61.713141155932945,55.66850887581952,6,870.24,137.78799999999998,152.292,2026-06-12 15:59:00,144.93,WEEK_END_CLOSE,-0.6599999999999113,-0.07584114726970625
TEL,2026-06-11 00:00:00,2026-06-12 00:00:00,0.0,2.0,2026-06-12 10:00:00,209.68,57.66357021009283,55.904960989203666,4,838.72,199.196,220.16400000000002,2026-06-12 15:59:00,210.19,WEEK_END_CLOSE,2.0399999999999636,0.24322777565815024
CL,2026-06-11 00:00:00,2026-06-12 00:00:00,0.0648166023166023,8.0,2026-06-12 10:03:00,88.7075,41.181329441704506,39.035005957480344,11,975.7824999999999,84.27212499999999,93.142875,2026-06-12 15:59:00,89.45,WEEK_END_CLOSE,8.167500000000075,0.8370205450497492
ECL,2026-06-11 00:00:00,2026-06-12 00:00:00,0.0,1.0,2026-06-12 10:06:00,263.935,54.537577672802016,53.61096202994931,3,791.8050000000001,250.73825,277.13175,2026-06-12 15:59:00,265.34,WEEK_END_CLOSE,4.214999999999918,0.5323280353117132
SPG,2026-06-11 00:00:00,2026-06-12 00:00:00,0.0283018867924528,6.0,2026-06-12 10:53:00,219.66,63.51448377006775,63.00433216326354,4,878.64,208.677,230.643,2026-06-12 15:59:00,218.99,WEEK_END_CLOSE,-2.67999999999995,-0.30501684421377906
CVS,2026-06-12 00:00:00,2026-06-15 00:00:00,0.1265587751401806,8.0,2026-06-15 09:45:00,100.255,45.84942248457615,44.33331172948654,9,902.295,95.24224999999998,105.26775,2026-06-18 15:59:00,98.33,WEEK_END_CLOSE,-17.324999999999974,-1.920103735474532
MDLZ,2026-06-12 00:00:00,2026-06-15 00:00:00,0.1219367588932806,7.0,2026-06-15 09:45:00,62.56,50.25365773309097,44.582278722699144,15,938.4000000000001,59.432,65.688,2026-06-18 15:59:00,60.09,WEEK_END_CLOSE,-37.04999999999998,-3.9482097186700704
CSX,2026-06-12 00:00:00,2026-06-15 00:00:00,0.143605014575703,9.0,2026-06-15 09:47:00,47.32,44.27373502273887,41.15434176084042,21,993.72,44.954,49.686,2026-06-18 15:59:00,45.6,WEEK_END_CLOSE,-36.119999999999976,-3.6348267117497834
PG,2026-06-12 00:00:00,2026-06-15 00:00:00,0.0643051450921472,3.0,2026-06-15 09:52:00,150.14,48.7318613223594,48.46434212714392,6,900.8399999999999,142.63299999999998,157.647,2026-06-18 15:59:00,150.37,WEEK_END_CLOSE,1.3800000000001091,0.1531903556680536
RTX,2026-06-12 00:00:00,2026-06-15 00:00:00,0.1572472794817597,10.0,2026-06-15 09:54:00,183.74,49.234501229862644,44.166733806851724,5,918.7,174.553,192.92700000000002,2026-06-17 13:27:00,192.92700000000002,TAKE_PROFIT,45.93500000000006,5.000000000000004
SNPS,2026-06-12 00:00:00,2026-06-15 00:00:00,0.0987411445588946,6.0,2026-06-15 09:54:00,459.01,54.173683058260124,52.18161670464361,2,918.02,436.05949999999996,481.9605,2026-06-18 15:59:00,455.64,WEEK_END_CLOSE,-6.740000000000009,-0.7341887976296868
CL,2026-06-12 00:00:00,2026-06-15 00:00:00,0.0983475479744136,5.0,2026-06-15 09:57:00,90.11,51.09576778976435,48.54625970982868,11,991.21,85.6045,94.6155,2026-06-18 15:59:00,89.45,WEEK_END_CLOSE,-7.2599999999999625,-0.7324381311730077
PCAR,2026-06-12 00:00:00,2026-06-15 00:00:00,0.0,1.0,2026-06-15 10:03:00,121.07,58.3304597716876,56.26062776796132,8,968.56,115.0165,127.12349999999999,2026-06-18 15:59:00,118.91,WEEK_END_CLOSE,-17.279999999999973,-1.7840918476914158
MCD,2026-06-12 00:00:00,2026-06-15 00:00:00,0.095305189969163,4.0,2026-06-15 10:18:00,286.55,53.296380471135734,50.98557884642918,3,859.6500000000001,272.2225,300.8775,2026-06-18 15:59:00,278.65,WEEK_END_CLOSE,-23.700000000000102,-2.7569359623102585
MCK,2026-06-12 00:00:00,2026-06-15 00:00:00,0.0450966356478167,2.0,2026-06-15 10:44:00,777.19,49.38134676633549,49.2561659194418,1,777.19,738.3305,816.0495000000001,2026-06-18 15:59:00,750.8,WEEK_END_CLOSE,-26.3900000000001,-3.3955660777930885
WMB,2026-06-15 00:00:00,2026-06-16 00:00:00,0.0190735694822888,2.0,2026-06-16 09:46:00,71.18,42.327436055842554,41.71065725217232,14,996.5200000000001,67.62100000000001,74.739,2026-06-18 15:59:00,73.12,WEEK_END_CLOSE,27.159999999999968,2.725484686709745
BNY,2026-06-15 00:00:00,2026-06-16 00:00:00,0.0727969348659003,8.0,2026-06-16 09:47:00,143.19,42.98730817444249,40.988560656782816,6,859.14,136.0305,150.3495,2026-06-18 15:59:00,143.63,WEEK_END_CLOSE,2.6399999999999864,0.3072840282142497
ICE,2026-06-15 00:00:00,2026-06-16 00:00:00,0.086140254003313,9.0,2026-06-16 09:48:00,140.61,49.85030538756172,48.16555768622467,7,984.2700000000001,133.5795,147.64050000000003,2026-06-18 11:28:00,133.5795,STOP_LOSS,-49.213500000000124,-5.000000000000016
PH,2026-06-15 00:00:00,2026-06-16 00:00:00,0.0518731988472622,5.0,2026-06-16 09:59:00,936.64,55.09738200477103,51.973917768132644,1,936.64,889.808,983.472,2026-06-18 15:59:00,952.76,WEEK_END_CLOSE,16.120000000000005,1.7210454390160557
UNP,2026-06-15 00:00:00,2026-06-16 00:00:00,0.0210282068015372,3.0,2026-06-16 09:59:00,268.13,49.13860821507038,48.99253698360125,3,804.39,254.72349999999997,281.5365,2026-06-18 15:59:00,256.88,WEEK_END_CLOSE,-33.75,-4.195725953828367
MS,2026-06-15 00:00:00,2026-06-16 00:00:00,0.0552835196052779,6.0,2026-06-16 10:04:00,219.12,44.749030309758126,44.73600210574292,4,876.48,208.164,230.07600000000002,2026-06-18 09:32:00,230.07600000000002,TAKE_PROFIT,43.82400000000007,5.000000000000004
JCI,2026-06-15 00:00:00,2026-06-16 00:00:00,0.1139240506329113,10.0,2026-06-16 10:50:00,147.04,47.51301424786045,47.45515671011494,6,882.24,139.688,154.392,2026-06-18 15:59:00,144.88,WEEK_END_CLOSE,-12.95999999999998,-1.4689880304678993
AMT,2026-06-16 00:00:00,2026-06-17 00:00:00,0.0582255083179297,10.0,2026-06-17 09:49:00,183.49,55.801057028781464,47.18167588705057,5,917.45,174.31550000000001,192.6645,2026-06-18 15:59:00,175.92,WEEK_END_CLOSE,-37.85000000000011,-4.125565425908784
EMR,2026-06-16 00:00:00,2026-06-17 00:00:00,0.0483091787439613,9.0,2026-06-17 10:14:00,152.35,57.91689414442432,55.22911925652741,6,914.0999999999999,144.7325,159.9675,2026-06-18 15:59:00,150.72,WEEK_END_CLOSE,-9.779999999999973,-1.0699048244174558
MMM,2026-06-16 00:00:00,2026-06-17 00:00:00,0.0272863304286594,7.0,2026-06-17 10:16:00,162.36,52.5491090947795,49.10913369164848,6,974.1600000000001,154.24200000000002,170.478,2026-06-18 15:59:00,160.63,WEEK_END_CLOSE,-10.38000000000011,-1.065533382606565
TRV,2026-06-16 00:00:00,2026-06-17 00:00:00,0.0185567010309278,6.0,2026-06-17 10:16:00,308.54,51.8999938280886,51.682123568769796,3,925.6200000000001,293.113,323.96700000000004,2026-06-18 15:59:00,307.79,WEEK_END_CLOSE,-2.25,-0.2430803137356552
AON,2026-06-16 00:00:00,2026-06-17 00:00:00,0.0,1.0,2026-06-17 10:31:00,331.41,57.48400633053444,51.11263123959791,3,994.23,314.8395,347.98050000000006,2026-06-18 15:59:00,317.62,WEEK_END_CLOSE,-41.37000000000006,-4.1610090220572715
MRSH,2026-06-16 00:00:00,2026-06-17 00:00:00,0.0303030303030303,8.0,2026-06-17 10:32:00,167.16,54.169529080347075,52.47147867711766,5,835.8,158.802,175.518,2026-06-18 15:59:00,162.33,WEEK_END_CLOSE,-24.14999999999992,-2.8894472361808976
HPE,2026-06-17 00:00:00,2026-06-18 00:00:00,0.0372736280648493,7.0,2026-06-18 09:45:00,47.9,44.43609407197927,40.86558426407583,20,958.0,45.504999999999995,50.295,2026-06-18 15:59:00,47.41,WEEK_END_CLOSE,-9.80000000000004,-1.022964509394575
MCO,2026-06-17 00:00:00,2026-06-18 00:00:00,0.0093945720250521,1.0,2026-06-18 09:45:00,455.165,45.41544749726603,44.068569090108554,2,910.33,432.40675,477.92325000000005,2026-06-18 15:59:00,450.67,WEEK_END_CLOSE,-8.990000000000009,-0.9875539639471409
ELV,2026-06-17 00:00:00,2026-06-18 00:00:00,0.0523560209424083,10.0,2026-06-18 09:47:00,390.05,42.978174915790476,42.31429278758449,2,780.1,370.5475,409.5525,2026-06-18 15:59:00,388.52,WEEK_END_CLOSE,-3.060000000000059,-0.3922574028970671
ADP,2026-06-17 00:00:00,2026-06-18 00:00:00,0.0196656833824975,4.0,2026-06-18 10:00:00,216.73,50.78963946060036,42.3058514769268,4,866.92,205.8935,227.5665,2026-06-18 15:59:00,217.83,WEEK_END_CLOSE,4.400000000000091,0.5075439486919242
TT,2026-06-17 00:00:00,2026-06-18 00:00:00,0.0476190476190476,9.0,2026-06-18 10:02:00,488.505,55.8432192830468,55.82689255053375,2,977.01,464.07975,512.93025,2026-06-18 15:59:00,483.14,WEEK_END_CLOSE,-10.730000000000018,-1.0982487384980755
ITW,2026-06-17 00:00:00,2026-06-18 00:00:00,0.0185567010309278,3.0,2026-06-18 10:16:00,268.115,57.62382864880296,56.29483284881259,3,804.345,254.70925,281.52075,2026-06-18 15:59:00,264.0,WEEK_END_CLOSE,-12.345000000000027,-1.5347891762862997
V,2026-06-17 00:00:00,2026-06-18 00:00:00,0.0398247710075667,8.0,2026-06-18 10:16:00,330.57,53.021213933768664,48.53709555932241,3,991.71,314.0415,347.0985,2026-06-18 15:59:00,327.21,WEEK_END_CLOSE,-10.080000000000041,-1.016426172973961
CRH,2026-06-17 00:00:00,2026-06-18 00:00:00,0.0334572490706319,6.0,2026-06-18 10:31:00,112.815,62.41297941295601,57.841653563245856,8,902.52,107.17424999999999,118.45575000000001,2026-06-18 15:59:00,111.26,WEEK_END_CLOSE,-12.43999999999994,-1.3783628063643971
EMR,2026-06-18 00:00:00,2026-06-22 00:00:00,0.0202020202020202,5.0,2026-06-22 09:45:00,151.15,48.38154525551085,47.95202130856129,6,906.9000000000001,143.5925,158.7075,2026-06-23 11:16:00,143.5925,STOP_LOSS,-45.34500000000003,-5.000000000000004
MDLZ,2026-06-18 00:00:00,2026-06-22 00:00:00,0.0108736407949006,2.0,2026-06-22 09:45:00,60.16,48.754799332690375,44.872158026309755,16,962.56,57.151999999999994,63.168,2026-06-26 15:59:00,60.71,WEEK_END_CLOSE,8.800000000000068,0.9142287234042534
CL,2026-06-18 00:00:00,2026-06-22 00:00:00,0.021043000914913,6.0,2026-06-22 09:48:00,90.0519,54.25167949929085,47.28061066059443,11,990.5709,85.549305,94.554495,2026-06-26 15:59:00,92.06,WEEK_END_CLOSE,22.089099999999988,2.229936292293666
MCO,2026-06-18 00:00:00,2026-06-22 00:00:00,0.0276923076923076,8.0,2026-06-22 09:57:00,451.955,52.002790947078836,51.72857511878528,2,903.91,429.35724999999996,474.55275,2026-06-26 15:59:00,449.87,WEEK_END_CLOSE,-4.169999999999959,-0.46132911462424264
CB,2026-06-18 00:00:00,2026-06-22 00:00:00,0.0218514104092173,7.0,2026-06-22 10:00:00,327.645,62.186673505356076,57.298237748011815,3,982.935,311.26275,344.02725,2026-06-26 15:59:00,341.39,WEEK_END_CLOSE,41.235000000000014,4.195089197149349
CRH,2026-06-18 00:00:00,2026-06-22 00:00:00,0.0117647058823529,3.0,2026-06-22 10:07:00,110.08,51.50891890099721,43.76569701522127,9,990.72,104.576,115.584,2026-06-25 09:59:00,115.584,TAKE_PROFIT,49.536000000000044,5.000000000000004
BNY,2026-06-18 00:00:00,2026-06-22 00:00:00,0.0297029702970297,9.0,2026-06-22 10:08:00,145.51,55.10779738501674,53.303490688151264,6,873.06,138.2345,152.78549999999998,2026-06-26 15:59:00,143.44,WEEK_END_CLOSE,-12.419999999999959,-1.4225826403683528
PH,2026-06-18 00:00:00,2026-06-22 00:00:00,0.0053908355795148,1.0,2026-06-22 10:08:00,955.045,55.51695130009022,53.19679037144066,1,955.045,907.29275,1002.79725,2026-06-25 10:36:00,1002.79725,TAKE_PROFIT,47.752250000000004,5.000000000000004
APO,2026-06-18 00:00:00,2026-06-22 00:00:00,0.0338664158043273,10.0,2026-06-22 10:34:00,135.9,45.54580682522425,43.011895640569406,7,951.3000000000001,129.105,142.69500000000002,2026-06-24 09:30:00,129.105,STOP_LOSS,-47.56500000000011,-5.000000000000016
ITW,2026-06-18 00:00:00,2026-06-22 00:00:00,0.0174050632911392,4.0,2026-06-22 10:35:00,264.635,53.03897784405725,51.11838959237742,3,793.905,251.40324999999999,277.86675,2026-06-26 15:59:00,267.61,WEEK_END_CLOSE,8.925000000000068,1.1241899219680107
CVS,2026-06-22 00:00:00,2026-06-23 00:00:00,0.0276303300875312,1.0,2026-06-23 09:45:00,101.14,45.59571588267981,39.68656287355212,9,910.26,96.083,106.197,2026-06-26 15:59:00,104.32,WEEK_END_CLOSE,28.619999999999933,3.1441566145936184
ISRG,2026-06-22 00:00:00,2026-06-23 00:00:00,0.1419902912621359,9.0,2026-06-23 09:48:00,404.63,52.746972437994394,52.49571810588179,2,809.26,384.39849999999996,424.86150000000004,2026-06-26 15:59:00,404.24,WEEK_END_CLOSE,-0.7799999999999727,-0.09638435113560329
IBM,2026-06-22 00:00:00,2026-06-23 00:00:00,0.0800993821595831,4.0,2026-06-23 09:50:00,262.92,67.06551277934335,65.78069291277369,3,788.76,249.774,276.06600000000003,2026-06-26 15:59:00,271.4,WEEK_END_CLOSE,25.439999999999884,3.2253156853795595
FTNT,2026-06-22 00:00:00,2026-06-23 00:00:00,0.1487327701200533,10.0,2026-06-23 09:56:00,146.12,60.22637531028656,58.32574218679262,6,876.72,138.814,153.42600000000002,2026-06-26 15:59:00,151.22,WEEK_END_CLOSE,30.599999999999966,3.4902819600328483
JNJ,2026-06-22 00:00:00,2026-06-23 00:00:00,0.0822258238789843,5.0,2026-06-23 09:56:00,236.52,62.45764744358847,60.05026338978848,4,946.08,224.694,248.34600000000003,2026-06-26 09:30:00,248.34600000000003,TAKE_PROFIT,47.30400000000009,5.000000000000004
PSX,2026-06-22 00:00:00,2026-06-23 00:00:00,0.1,7.0,2026-06-23 09:57:00,168.9,53.30133798794194,50.54313972511974,5,844.5,160.45499999999998,177.34500000000003,2026-06-26 15:59:00,171.74,WEEK_END_CLOSE,14.200000000000017,1.681468324452351
SO,2026-06-22 00:00:00,2026-06-23 00:00:00,0.0444444444444444,2.0,2026-06-23 10:06:00,94.52,55.53562280275286,49.19939050387146,10,945.1999999999999,89.794,99.246,2026-06-26 15:59:00,97.02,WEEK_END_CLOSE,25.0,2.6449428692340238
V,2026-06-22 00:00:00,2026-06-23 00:00:00,0.09689880304679,6.0,2026-06-23 10:17:00,329.4399,56.26150307407034,53.74110715708312,3,988.3197,312.96790500000003,345.911895,2026-06-26 15:59:00,335.01,WEEK_END_CLOSE,16.710299999999904,1.6907788036603755
SPGI,2026-06-22 00:00:00,2026-06-23 00:00:00,0.1037735849056603,8.0,2026-06-23 10:32:00,405.425,50.85271155142509,47.116598676020764,2,810.85,385.15375,425.69625,2026-06-26 15:59:00,408.3,WEEK_END_CLOSE,5.75,0.7091323919343973
REGN,2026-06-23 00:00:00,2026-06-24 00:00:00,0.2160804020100502,10.0,2026-06-24 09:55:00,626.825,55.54736400389846,54.15554518386702,1,626.825,595.48375,658.1662500000001,2026-06-26 15:59:00,633.29,WEEK_END_CLOSE,6.464999999999918,1.0313883460295825
DIS,2026-06-23 00:00:00,2026-06-24 00:00:00,0.1798612772064099,9.0,2026-06-24 10:05:00,103.67,51.86792849929954,51.422485668551225,9,933.03,98.48649999999999,108.85350000000001,2026-06-25 14:02:00,98.48649999999999,STOP_LOSS,-46.651500000000084,-5.000000000000004
EMR,2026-06-23 00:00:00,2026-06-24 00:00:00,0.0853658536585365,4.0,2026-06-24 10:07:00,143.9326,51.94377062959961,47.871170528048275,6,863.5956000000001,136.73597,151.12923,2026-06-26 15:59:00,143.45,WEEK_END_CLOSE,-2.8956000000001154,-0.3352958259630001
ABBV,2026-06-23 00:00:00,2026-06-24 00:00:00,0.0823207776427703,3.0,2026-06-24 10:27:00,234.7066,52.22619201649688,51.41495691658818,4,938.8264,222.97127,246.44193,2026-06-26 09:31:00,246.44193,TAKE_PROFIT,46.94132000000002,5.000000000000004
BA,2026-06-24 00:00:00,2026-06-25 00:00:00,0.1736908555281669,10.0,2026-06-25 09:48:00,219.67,44.756665063516834,42.82099222861328,4,878.68,208.68649999999997,230.6535,2026-06-26 15:59:00,217.29,WEEK_END_CLOSE,-9.519999999999982,-1.083443346838442
NEM,2026-06-24 00:00:00,2026-06-25 00:00:00,0.1395864106351551,6.0,2026-06-25 09:49:00,94.695,56.892479572354894,55.819619966963536,10,946.9499999999999,89.96024999999999,99.42975,2026-06-26 15:59:00,96.11,WEEK_END_CLOSE,14.150000000000063,1.494271080838483
MSFT,2026-06-24 00:00:00,2026-06-25 00:00:00,0.131705141130494,5.0,2026-06-25 09:53:00,357.835,35.84845440134703,35.2148527089734,2,715.67,339.94325,375.72675,2026-06-26 15:50:00,375.72675,TAKE_PROFIT,35.783500000000004,5.000000000000004
SNPS,2026-06-24 00:00:00,2026-06-25 00:00:00,0.0945890128046261,3.0,2026-06-25 09:57:00,453.78,43.645559764111994,40.53755296657523,2,907.56,431.09099999999995,476.469,2026-06-26 15:59:00,453.24,WEEK_END_CLOSE,-1.0799999999999272,-0.11900039666797868
NOW,2026-06-24 00:00:00,2026-06-25 00:00:00,0.1434640845766228,7.0,2026-06-25 09:58:00,90.43,45.74523920715394,43.76483920638428,11,994.73,85.9085,94.95150000000001,2026-06-26 09:39:00,94.95150000000001,TAKE_PROFIT,49.736500000000035,5.000000000000004
PEP,2026-06-24 00:00:00,2026-06-25 00:00:00,0.0679872419002853,1.0,2026-06-25 10:56:00,141.0,44.738930696601706,43.06168599202132,7,987.0,133.95,148.05,2026-06-26 15:59:00,141.18,WEEK_END_CLOSE,1.2600000000000477,0.1276595744680975
DIS,2026-06-24 00:00:00,2026-06-25 00:00:00,0.090988882387361,2.0,2026-06-25 14:04:00,98.67,41.222121678936766,36.06269345730443,10,986.7,93.73649999999999,103.60350000000001,2026-06-26 15:59:00,98.73,WEEK_END_CLOSE,0.6000000000000227,0.060808756460928315
ABBV,2026-06-25 00:00:00,2026-06-26 00:00:00,0.0562420110779718,5.0,2026-06-26 09:49:00,247.4,60.41922364330372,56.08961724989101,4,989.6,235.03,259.77000000000004,2026-06-26 15:59:00,251.64,WEEK_END_CLOSE,16.959999999999923,1.7138237671786571
AXP,2026-06-25 00:00:00,2026-06-26 00:00:00,0.0722788556395922,6.0,2026-06-26 09:50:00,340.673,53.17136514645674,50.50945987875033,2,681.346,323.63935,357.70665,2026-06-26 15:59:00,340.2,WEEK_END_CLOSE,-0.9460000000000264,-0.13884281994758219
DASH,2026-06-25 00:00:00,2026-06-26 00:00:00,0.0892923304927751,8.0,2026-06-26 09:54:00,178.615,60.22046549627452,58.649302740159655,5,893.075,169.68425,187.54575000000003,2026-06-26 15:59:00,182.75,WEEK_END_CLOSE,20.674999999999955,2.3150351314279227
AFL,2026-06-25 00:00:00,2026-06-26 00:00:00,0.02,1.0,2026-06-26 10:02:00,119.33,57.96184108677316,48.91446592469704,8,954.64,113.36349999999999,125.29650000000001,2026-06-26 15:59:00,120.12,WEEK_END_CLOSE,6.32000000000005,0.6620296656331126
TMUS,2026-06-25 00:00:00,2026-06-26 00:00:00,0.0523930897762673,4.0,2026-06-26 10:11:00,181.32,49.50913980387288,43.397326627738224,5,906.5999999999999,172.254,190.386,2026-06-26 15:59:00,182.545,WEEK_END_CLOSE,6.124999999999972,0.6756011471431789
KMI,2026-06-25 00:00:00,2026-06-26 00:00:00,0.1218961625282167,10.0,2026-06-26 11:00:00,33.235,57.242692673247454,53.02780474932695,30,997.05,31.573249999999998,34.896750000000004,2026-06-26 15:59:00,33.18,WEEK_END_CLOSE,-1.6499999999999915,-0.16548819016097838
COF,2026-06-26 00:00:00,2026-06-29 00:00:00,0.0401776700989299,2.0,2026-06-29 09:49:00,203.75,50.592796437022535,47.85729957535828,4,815.0,193.5625,213.9375,2026-07-02 15:59:00,205.03,WEEK_END_CLOSE,5.1200000000000045,0.6282208588957117
ICE,2026-06-26 00:00:00,2026-06-29 00:00:00,0.0997624703087886,10.0,2026-06-29 09:50:00,124.05,43.796272064441524,41.87661078514753,8,992.4,117.8475,130.2525,2026-07-02 09:37:00,130.2525,TAKE_PROFIT,49.620000000000005,5.000000000000004
CVS,2026-06-26 00:00:00,2026-06-29 00:00:00,0.0684697021567956,7.0,2026-06-29 09:54:00,103.6,48.320274840893006,45.90139869960751,9,932.4,98.41999999999999,108.78,2026-07-02 15:59:00,104.72,WEEK_END_CLOSE,10.080000000000041,1.0810810810810922
ADP,2026-06-26 00:00:00,2026-06-29 00:00:00,0.0902255639097744,9.0,2026-06-29 09:57:00,226.28,60.010112305645585,57.73118168718941,4,905.12,214.96599999999998,237.59400000000002,2026-07-02 09:32:00,238.0,TAKE_PROFIT_GAP,46.879999999999995,5.179423722821275
EMR,2026-06-26 00:00:00,2026-06-29 00:00:00,0.0454545454545454,5.0,2026-06-29 09:58:00,142.76,48.18533734411677,46.80452407646165,7,999.3199999999999,135.62199999999999,149.898,2026-07-02 15:59:00,139.04,WEEK_END_CLOSE,-26.039999999999992,-2.6057719249089395
BSX,2026-06-26 00:00:00,2026-06-29 00:00:00,0.0438144329896907,4.0,2026-06-29 10:01:00,44.24,48.33588793545836,48.25200192660812,22,973.2800000000001,42.028,46.452000000000005,2026-07-02 15:59:00,45.11,WEEK_END_CLOSE,19.139999999999944,1.9665461121157302
CSX,2026-06-26 00:00:00,2026-06-29 00:00:00,0.0093283582089552,1.0,2026-06-29 10:05:00,48.315,60.49071771882635,57.425921446521244,20,966.3,45.899249999999995,50.73075,2026-07-02 15:59:00,48.87,WEEK_END_CLOSE,11.099999999999994,1.14871158025458
AMGN,2026-06-26 00:00:00,2026-06-29 00:00:00,0.0759668508287292,8.0,2026-06-29 10:16:00,362.19,62.101399356344196,61.48035914396132,2,724.38,344.0805,380.2995,2026-07-02 15:59:00,373.97,WEEK_END_CLOSE,23.56000000000006,3.252436566443029
WMB,2026-06-26 00:00:00,2026-06-29 00:00:00,0.0542521994134897,6.0,2026-06-29 10:17:00,74.245,35.75629428951861,34.943367250085686,13,965.1850000000001,70.53275000000001,77.95725,2026-07-02 15:59:00,73.14,WEEK_END_CLOSE,-14.365000000000052,-1.4883157114957246
MRK,2026-06-26 00:00:00,2026-06-29 00:00:00,0.042362487027078,3.0,2026-06-29 10:22:00,128.02,59.137381012007225,54.99614467852958,7,896.1400000000001,121.619,134.42100000000002,2026-07-02 15:59:00,129.52,WEEK_END_CLOSE,10.5,1.1716919231370193
COP,2026-06-29 00:00:00,2026-06-30 00:00:00,0.1550802139037433,9.0,2026-06-30 09:50:00,104.1267,41.15490715759847,39.5095078569636,9,937.1403,98.92036499999999,109.33303500000001,2026-07-02 15:59:00,104.72,WEEK_END_CLOSE,5.3396999999999935,0.569786615728729
FTNT,2026-06-29 00:00:00,2026-06-30 00:00:00,0.1278180354267311,7.0,2026-06-30 09:51:00,153.52,45.0011431168424,37.308341265328146,6,921.1200000000001,145.844,161.19600000000003,2026-07-02 15:59:00,156.22,WEEK_END_CLOSE,16.199999999999932,1.7587285044293743
HPE,2026-06-29 00:00:00,2026-06-30 00:00:00,0.1273423608261523,6.0,2026-06-30 09:52:00,43.815,46.29749816277465,44.665361842094896,22,963.93,41.624249999999996,46.00575,2026-07-02 11:17:00,41.624249999999996,STOP_LOSS,-48.19650000000003,-5.000000000000004
SPGI,2026-06-29 00:00:00,2026-06-30 00:00:00,0.0393541876892028,3.0,2026-06-30 09:52:00,406.877,56.96089080701554,54.978692850986064,2,813.754,386.53315,427.22085000000004,2026-07-02 09:31:00,427.22085000000004,TAKE_PROFIT,40.68770000000006,5.000000000000004
ABNB,2026-06-29 00:00:00,2026-06-30 00:00:00,0.0713219934347955,5.0,2026-06-30 10:18:00,147.04,51.225425496435015,46.55381588708236,6,882.24,139.688,154.392,2026-07-02 15:59:00,148.91,WEEK_END_CLOSE,11.220000000000027,1.2717627856365654
DHR,2026-06-29 00:00:00,2026-06-30 00:00:00,0.0075617853190704,1.0,2026-06-30 10:20:00,190.15,43.838574178681206,43.16654147442446,5,950.75,180.64249999999998,199.65750000000003,2026-07-02 15:59:00,197.8,WEEK_END_CLOSE,38.25000000000003,4.023139626610583
BMY,2026-06-29 00:00:00,2026-06-30 00:00:00,0.0390385631273111,2.0,2026-06-30 10:40:00,57.415,39.89577920265421,37.53227121097804,17,976.055,54.54425,60.28575,2026-07-02 15:59:00,58.11,WEEK_END_CLOSE,11.815000000000005,1.2104850648785082
PM,2026-06-30 00:00:00,2026-07-01 00:00:00,0.0898809523809523,6.0,2026-07-01 09:45:00,179.265,48.607994118497395,40.359327002771956,5,896.3249999999999,170.30174999999997,188.22825,2026-07-02 15:59:00,182.26,WEEK_END_CLOSE,14.975000000000023,1.6707109586366675
INTU,2026-06-30 00:00:00,2026-07-01 00:00:00,0.1189303307529908,9.0,2026-07-01 09:46:00,271.24,57.91162411853373,57.297234645547,3,813.72,257.678,284.802,2026-07-02 15:59:00,275.35,WEEK_END_CLOSE,12.330000000000041,1.5152632355109885
CTAS,2026-06-30 00:00:00,2026-07-01 00:00:00,0.04,3.0,2026-07-01 09:49:00,172.12,57.162399415258264,54.532223619876106,5,860.6,163.514,180.726,2026-07-02 13:51:00,180.726,TAKE_PROFIT,43.02999999999997,5.000000000000004
RTX,2026-06-30 00:00:00,2026-07-01 00:00:00,0.02686005909213,2.0,2026-07-01 09:50:00,189.88,53.8753802043741,50.32386416289921,5,949.4,180.386,199.374,2026-07-02 15:43:00,199.374,TAKE_PROFIT,47.47,5.000000000000004
ACN,2026-06-30 00:00:00,2026-07-01 00:00:00,0.1200970481196926,10.0,2026-07-01 09:53:00,127.09,54.79307240113961,54.74203711034404,7,889.63,120.7355,133.4445,2026-07-01 12:46:00,133.4445,TAKE_PROFIT,44.48150000000001,5.000000000000004
CVX,2026-06-30 00:00:00,2026-07-01 00:00:00,0.0764112232449817,5.0,2026-07-01 10:04:00,166.305,44.7387296233963,44.12246913883145,6,997.83,157.98975,174.62025000000003,2026-07-02 15:59:00,169.2,WEEK_END_CLOSE,17.36999999999989,1.7407774871470938
NOW,2026-06-30 00:00:00,2026-07-01 00:00:00,0.1137607505863956,8.0,2026-07-01 10:06:00,103.9599,66.35916792000174,65.53337126015192,9,935.6391000000001,98.761905,109.15789500000001,2026-07-02 15:59:00,106.16,WEEK_END_CLOSE,19.800899999999928,2.116296764425507
APO,2026-06-30 00:00:00,2026-07-01 00:00:00,0.062206572769953,4.0,2026-07-01 11:04:00,117.15,45.40814806575702,37.91560338456119,8,937.2,111.2925,123.00750000000001,2026-07-02 15:59:00,118.56,WEEK_END_CLOSE,11.279999999999973,1.2035851472471215
ACN,2026-06-30 00:00:00,2026-07-01 00:00:00,0.1200970481196926,10.0,2026-07-01 12:50:00,133.7,70.9001765408289,70.3660196135212,7,935.8999999999999,127.01499999999999,140.385,2026-07-02 15:59:00,137.35,WEEK_END_CLOSE,25.55000000000004,2.729992520568447
IBM,2026-07-01 00:00:00,2026-07-02 00:00:00,0.1319492911603847,7.0,2026-07-02 09:46:00,288.46,53.51071499355273,49.75594873493164,3,865.3799999999999,274.037,302.883,2026-07-02 15:59:00,289.12,WEEK_END_CLOSE,1.980000000000075,0.22880122027317817
ITW,2026-07-01 00:00:00,2026-07-02 00:00:00,0.0684931506849315,2.0,2026-07-02 09:55:00,271.74,55.14874469628951,53.37073857478744,3,815.22,258.153,285.327,2026-07-02 15:59:00,272.7,WEEK_END_CLOSE,2.8799999999999386,0.35327886950760057
UBER,2026-07-01 00:00:00,2026-07-02 00:00:00,0.1610700485492421,10.0,2026-07-02 09:56:00,73.23,46.468799866907965,46.230497359076566,13,951.99,69.5685,76.89150000000001,2026-07-02 15:59:00,74.425,WEEK_END_CLOSE,15.534999999999911,1.6318448723200873
PLD,2026-07-01 00:00:00,2026-07-02 00:00:00,0.0835694050991501,3.0,2026-07-02 09:57:00,137.56,44.32520965313767,39.84474936914176,7,962.9200000000001,130.682,144.43800000000002,2026-07-02 15:59:00,139.43,WEEK_END_CLOSE,13.090000000000032,1.3594068043035756
TT,2026-07-01 00:00:00,2026-07-02 00:00:00,0.1212121212121212,6.0,2026-07-02 10:02:00,481.46,39.50115144061779,39.44956181472719,2,962.92,457.38699999999994,505.533,2026-07-02 15:59:00,477.92,WEEK_END_CLOSE,-7.079999999999927,-0.735263573297873
HD,2026-07-01 00:00:00,2026-07-02 00:00:00,0.1547631892003496,9.0,2026-07-02 10:05:00,349.07,45.12317731123441,40.404860816059944,2,698.14,331.6165,366.5235,2026-07-02 15:59:00,357.8,WEEK_END_CLOSE,17.460000000000036,2.500931045349075
KO,2026-07-01 00:00:00,2026-07-02 00:00:00,0.0959687001413196,4.0,2026-07-02 10:06:00,81.775,58.81365582506095,57.72321648557566,12,981.3000000000001,77.68625,85.86375000000001,2026-07-02 15:59:00,83.98,WEEK_END_CLOSE,26.45999999999998,2.6964231121981097
ORLY,2026-07-01 00:00:00,2026-07-02 00:00:00,0.1337966985230234,8.0,2026-07-02 10:10:00,91.74,45.171542637722844,44.85484591685047,10,917.4,87.15299999999999,96.327,2026-07-02 15:59:00,90.22,WEEK_END_CLOSE,-15.19999999999996,-1.6568563331153197
TFC,2026-07-01 00:00:00,2026-07-02 00:00:00,0.1078224101479915,5.0,2026-07-02 10:26:00,50.87,53.56733038857265,52.764200425626505,19,966.53,48.326499999999996,53.4135,2026-07-02 15:59:00,50.97,WEEK_END_CLOSE,1.900000000000027,0.19657951641438576
EQIX,2026-07-01 00:00:00,2026-07-02 00:00:00,0.0668103448275862,1.0,2026-07-02 12:05:00,996.385,40.326473707206716,39.30699173587368,1,996.385,946.56575,1046.20425,2026-07-02 15:59:00,1002.03,WEEK_END_CLOSE,5.644999999999982,0.5665480712776727
AON,2026-07-02 00:00:00,2026-07-06 00:00:00,0.0493827160493827,3.0,2026-07-06 09:45:00,354.46,52.016298462832026,50.31348084850779,2,708.92,336.73699999999997,372.183,2026-07-10 15:59:00,356.92,WEEK_END_CLOSE,4.920000000000073,0.6940134288777378
TEL,2026-07-02 00:00:00,2026-07-06 00:00:00,0.0252365930599369,1.0,2026-07-06 09:46:00,200.41,62.95442755659898,62.19352646552088,4,801.64,190.3895,210.4305,2026-07-10 15:59:00,200.36,WEEK_END_CLOSE,-0.1999999999999318,-0.024948854847550717
RTX,2026-07-02 00:00:00,2026-07-06 00:00:00,0.0768480071367493,10.0,2026-07-06 09:47:00,199.28,59.142339874384724,56.278987885357246,5,996.4,189.316,209.244,2026-07-10 15:59:00,195.94,WEEK_END_CLOSE,-16.700000000000017,-1.67603372139703
ORLY,2026-07-02 00:00:00,2026-07-06 00:00:00,0.0619389587073608,6.0,2026-07-06 09:48:00,85.71,39.155165252167535,35.28941047297297,11,942.81,81.4245,89.99549999999999,2026-07-10 15:59:00,86.27,WEEK_END_CLOSE,6.160000000000025,0.6533660016334153
CTAS,2026-07-02 00:00:00,2026-07-06 00:00:00,0.0713285620714727,9.0,2026-07-06 09:50:00,179.94,50.808207416693335,50.31438944384025,5,899.7,170.94299999999998,188.937,2026-07-10 15:59:00,179.64,WEEK_END_CLOSE,-1.5000000000000568,-0.16672224074691933
TT,2026-07-02 00:00:00,2026-07-06 00:00:00,0.0692307692307692,8.0,2026-07-06 09:50:00,484.275,63.5888649419807,62.17738903593354,2,968.55,460.06125,508.48875,2026-07-10 15:59:00,479.72,WEEK_END_CLOSE,-9.1099999999999,-0.9405812812967707
PLD,2026-07-02 00:00:00,2026-07-06 00:00:00,0.0297619047619047,2.0,2026-07-06 09:52:00,139.01,53.43130800822725,52.39270042405809,7,973.0699999999999,132.05949999999999,145.9605,2026-07-10 15:59:00,140.86,WEEK_END_CLOSE,12.95000000000016,1.3308395079490776
TFC,2026-07-02 00:00:00,2026-07-06 00:00:00,0.0678391959798995,7.0,2026-07-06 09:57:00,51.15,60.624521335072124,55.85434743351721,19,971.85,48.592499999999994,53.7075,2026-07-10 15:59:00,51.69,WEEK_END_CLOSE,10.259999999999984,1.0557184750733084
ABBV,2026-07-02 00:00:00,2026-07-06 00:00:00,0.0595561259746544,5.0,2026-07-06 09:59:00,255.48,43.94100764201677,43.495893055760455,3,766.4399999999999,242.706,268.254,2026-07-10 15:59:00,248.0,WEEK_END_CLOSE,-22.43999999999997,-2.9278221387192715
DHR,2026-07-02 00:00:00,2026-07-06 00:00:00,0.0526724102219047,4.0,2026-07-06 10:01:00,191.79,45.57675000640597,42.811661021885904,5,958.9499999999999,182.20049999999998,201.3795,2026-07-10 15:59:00,198.95,WEEK_END_CLOSE,35.79999999999998,3.733249908754366
MPC,2026-07-06 00:00:00,2026-07-07 00:00:00,0.0832929782082324,4.0,2026-07-07 09:48:00,267.58,47.78970978595963,46.999231105170075,3,802.74,254.20099999999996,280.959,2026-07-08 11:32:00,280.959,TAKE_PROFIT,40.13700000000006,5.000000000000004
PH,2026-07-06 00:00:00,2026-07-07 00:00:00,0.1224489795918367,7.0,2026-07-07 09:56:00,952.63,42.606180902262594,38.51352785856818,1,952.63,904.9984999999999,1000.2615000000001,2026-07-10 15:59:00,960.73,WEEK_END_CLOSE,8.100000000000023,0.8502776523938937
APH,2026-07-06 00:00:00,2026-07-07 00:00:00,0.1463414634146341,8.0,2026-07-07 09:59:00,159.92,40.94361686033111,35.579382061842495,6,959.52,151.92399999999998,167.916,2026-07-10 15:59:00,159.07,WEEK_END_CLOSE,-5.099999999999966,-0.5315157578789309
AFL,2026-07-06 00:00:00,2026-07-07 00:00:00,0.0830493496914297,3.0,2026-07-07 10:04:00,122.1,63.83830541930858,61.32144041390072,8,976.8,115.99499999999999,128.205,2026-07-10 15:59:00,121.92,WEEK_END_CLOSE,-1.4399999999999409,-0.14742014742014087
PCAR,2026-07-06 00:00:00,2026-07-07 00:00:00,0.1617647058823529,10.0,2026-07-07 10:04:00,124.295,50.39693049548305,49.00843376023712,8,994.36,118.08024999999999,130.50975,2026-07-10 15:59:00,124.57,WEEK_END_CLOSE,2.199999999999932,0.22124783780521629
WELL,2026-07-06 00:00:00,2026-07-07 00:00:00,0.1126760563380281,6.0,2026-07-07 10:10:00,236.675,59.542939307542774,55.96050108672746,4,946.7,224.84125,248.50875000000002,2026-07-10 15:59:00,231.59,WEEK_END_CLOSE,-20.340000000000032,-2.148515897327563
CRH,2026-07-06 00:00:00,2026-07-07 00:00:00,0.0971676749554201,5.0,2026-07-07 10:13:00,105.58,48.25735334555477,44.75216361452534,9,950.22,100.30099999999999,110.85900000000001,2026-07-10 15:59:00,104.71,WEEK_END_CLOSE,-7.830000000000041,-0.8240197007008954
UBER,2026-07-06 00:00:00,2026-07-07 00:00:00,0.1515303639329359,9.0,2026-07-07 10:29:00,73.915,60.45368860816346,54.38930178646074,13,960.8950000000001,70.21925,77.61075000000001,2026-07-10 15:59:00,74.56,WEEK_END_CLOSE,8.384999999999948,0.8726239599539998
AEP,2026-07-07 00:00:00,2026-07-08 00:00:00,0.0880733944954128,2.0,2026-07-08 09:47:00,137.265,51.201572747093174,40.952800429237215,7,960.8549999999999,130.40175,144.12824999999998,2026-07-10 15:59:00,135.43,WEEK_END_CLOSE,-12.844999999999857,-1.3368302189195935
WMT,2026-07-07 00:00:00,2026-07-08 00:00:00,0.1419092835658625,8.0,2026-07-08 09:47:00,112.29,56.09929340536477,51.07854990066732,8,898.32,106.6755,117.90450000000001,2026-07-10 15:59:00,113.89,WEEK_END_CLOSE,12.799999999999955,1.4248820019592046
ADBE,2026-07-07 00:00:00,2026-07-08 00:00:00,0.1214755604542262,6.0,2026-07-08 09:48:00,218.33,33.6352625100438,32.771111179844944,4,873.32,207.4135,229.24650000000003,2026-07-10 15:59:00,223.62,WEEK_END_CLOSE,21.159999999999968,2.4229377547748676
PG,2026-07-07 00:00:00,2026-07-08 00:00:00,0.1245814273575694,7.0,2026-07-08 09:53:00,150.18,51.54112247385049,50.91383981742359,6,901.08,142.671,157.68900000000002,2026-07-10 15:59:00,147.024,WEEK_END_CLOSE,-18.936000000000035,-2.10147822612865
WM,2026-07-07 00:00:00,2026-07-08 00:00:00,0.1149851632047477,4.0,2026-07-08 09:54:00,236.0,48.91681694270383,46.98178523455555,4,944.0,224.2,247.8,2026-07-10 15:59:00,233.35,WEEK_END_CLOSE,-10.600000000000023,-1.1228813559322037
JCI,2026-07-07 00:00:00,2026-07-08 00:00:00,0.0187313750532141,1.0,2026-07-08 10:00:00,140.445,61.04045105993834,54.440273857768744,7,983.115,133.42274999999998,147.46725,2026-07-10 15:59:00,142.82,WEEK_END_CLOSE,16.625,1.6910534372886143
NSC,2026-07-07 00:00:00,2026-07-08 00:00:00,0.1147540983606557,3.0,2026-07-08 10:03:00,321.95,55.52431404532365,55.37903482220629,3,965.8499999999999,305.85249999999996,338.0475,2026-07-10 15:59:00,327.54,WEEK_END_CLOSE,16.770000000000095,1.7362944556608362
MDLZ,2026-07-07 00:00:00,2026-07-08 00:00:00,0.1204272998646838,5.0,2026-07-08 10:06:00,59.54,52.34331774335069,43.569208143896624,16,952.64,56.562999999999995,62.517,2026-07-10 15:59:00,58.825,WEEK_END_CLOSE,-11.43999999999994,-1.2008733624454093
RSG,2026-07-08 00:00:00,2026-07-09 00:00:00,0.0625,5.0,2026-07-09 09:45:00,218.325,43.10747932813001,41.33074682588038,4,873.3,207.40874999999997,229.24125,2026-07-10 15:59:00,219.13,WEEK_END_CLOSE,3.2200000000000273,0.3687163632199786
SO,2026-07-08 00:00:00,2026-07-09 00:00:00,0.0735208977069442,7.0,2026-07-09 09:48:00,95.98,45.60618643935486,45.07354506445095,10,959.8000000000001,91.181,100.77900000000001,2026-07-10 15:59:00,95.61,WEEK_END_CLOSE,-3.7000000000000455,-0.3854969785372031
SHW,2026-07-08 00:00:00,2026-07-09 00:00:00,0.1117824773413897,10.0,2026-07-09 09:49:00,330.75,50.65480952280413,49.39885732007839,3,992.25,314.2125,347.2875,2026-07-10 15:59:00,334.0,WEEK_END_CLOSE,9.75,0.9826152683295453
CVS,2026-07-08 00:00:00,2026-07-09 00:00:00,0.0764439293736028,8.0,2026-07-09 09:58:00,104.54,53.10125962424081,48.661288530091454,9,940.86,99.313,109.76700000000001,2026-07-10 15:59:00,104.19,WEEK_END_CLOSE,-3.1500000000000767,-0.33480007652574306
CSX,2026-07-08 00:00:00,2026-07-09 00:00:00,0.0042577932897279,2.0,2026-07-09 10:01:00,49.09,62.37857190799844,62.27719349236359,20,981.8000000000001,46.6355,51.544500000000006,2026-07-10 15:59:00,49.41,WEEK_END_CLOSE,6.399999999999864,0.6518639234059709
SYK,2026-07-08 00:00:00,2026-07-09 00:00:00,0.0352941176470588,4.0,2026-07-09 10:25:00,328.44,55.138424462669725,52.99156211381341,3,985.3199999999999,312.018,344.862,2026-07-10 15:59:00,329.76,WEEK_END_CLOSE,3.9599999999999795,0.4018998903909443
SPG,2026-07-09 00:00:00,2026-07-10 00:00:00,0.0210526315789473,5.0,2026-07-10 09:47:00,220.11,48.45966788566086,46.209727503075484,4,880.44,209.1045,231.11550000000003,2026-07-10 15:59:00,218.77,WEEK_END_CLOSE,-5.360000000000014,-0.608786515832993
ITW,2026-07-09 00:00:00,2026-07-10 00:00:00,0.0008503401360544,2.0,2026-07-10 09:55:00,267.69,59.38652909317799,55.147098017209686,3,803.0699999999999,254.3055,281.0745,2026-07-10 15:59:00,268.755,WEEK_END_CLOSE,3.194999999999993,0.3978482573125719
XOM,2026-07-09 00:00:00,2026-07-10 00:00:00,0.0956296087318759,9.0,2026-07-10 10:02:00,137.9618,52.199432080464746,51.04679550708257,7,965.7326,131.06371000000001,144.85989,2026-07-10 15:59:00,138.83,WEEK_END_CLOSE,6.0774000000000115,0.6293046336014685
ADP,2026-07-09 00:00:00,2026-07-10 00:00:00,0.0569891646814723,7.0,2026-07-10 10:17:00,243.15,61.15395486128986,60.73887564597266,4,972.6,230.9925,255.3075,2026-07-10 15:59:00,241.95,WEEK_END_CLOSE,-4.800000000000068,-0.4935225169648394
HPE,2026-07-10 00:00:00,2026-07-13 00:00:00,0.0753592486164425,6.0,2026-07-13 09:47:00,47.34,40.50521696095913,39.15776737877142,21,994.1400000000001,44.973,49.70700000000001,2026-07-14 09:40:00,49.70700000000001,TAKE_PROFIT,49.70700000000009,5.000000000000004
AEP,2026-07-10 00:00:00,2026-07-13 00:00:00,0.0256410256410256,2.0,2026-07-13 09:50:00,136.165,60.03302324194601,59.34134302099627,7,953.155,129.35674999999998,142.97325,2026-07-17 15:59:00,132.15,WEEK_END_CLOSE,-28.104999999999905,-2.9486285021848357
DE,2026-07-10 00:00:00,2026-07-13 00:00:00,0.1107697704510317,9.0,2026-07-13 09:51:00,584.1,39.920396282681196,36.62604384911372,1,584.1,554.895,613.3050000000001,2026-07-17 09:48:00,613.3050000000001,TAKE_PROFIT,29.20500000000004,5.000000000000004
MSI,2026-07-10 00:00:00,2026-07-13 00:00:00,0.0666666666666666,5.0,2026-07-13 09:56:00,424.59,53.186551002786445,51.74023128302546,2,849.18,403.36049999999994,445.8195,2026-07-17 15:59:00,413.28,WEEK_END_CLOSE,-22.620000000000005,-2.6637462022186087
KO,2026-07-10 00:00:00,2026-07-13 00:00:00,0.1035730138751109,7.0,2026-07-13 10:04:00,84.43,58.29277435841362,56.687159290151506,11,928.73,80.2085,88.65150000000001,2026-07-17 15:59:00,81.565,WEEK_END_CLOSE,-31.5150000000001,-3.3933435982470783
PFE,2026-07-10 00:00:00,2026-07-13 00:00:00,0.1037560128186785,8.0,2026-07-13 10:11:00,24.6387,57.56588714696513,56.189933408690884,40,985.548,23.406765,25.870635,2026-07-17 15:59:00,25.05,WEEK_END_CLOSE,16.452000000000027,1.6693250861449682
BNY,2026-07-10 00:00:00,2026-07-13 00:00:00,0.0410404624277456,3.0,2026-07-13 10:20:00,150.99,49.28660094529583,48.34244547236102,6,905.94,143.44050000000001,158.5395,2026-07-15 09:35:00,158.5395,TAKE_PROFIT,45.29699999999997,5.000000000000004
MDT,2026-07-10 00:00:00,2026-07-13 00:00:00,0.1127064111486622,10.0,2026-07-13 10:54:00,83.89,54.72419216363792,47.1240768262109,11,922.79,79.6955,88.0845,2026-07-14 09:35:00,79.6955,STOP_LOSS,-46.139500000000055,-5.000000000000004
CSX,2026-07-10 00:00:00,2026-07-13 00:00:00,0.0051168091347315,1.0,2026-07-13 11:14:00,49.505,45.43746042574245,43.660941673064684,20,990.1,47.02975,51.980250000000005,2026-07-17 15:59:00,50.735,WEEK_END_CLOSE,24.599999999999937,2.484597515402487
ITW,2026-07-13 00:00:00,2026-07-14 00:00:00,0.0408163265306122,3.0,2026-07-14 09:46:00,274.27,62.82170121599782,61.286962389415564,3,822.81,260.55649999999997,287.9835,2026-07-17 15:59:00,276.05,WEEK_END_CLOSE,5.340000000000089,0.6489955153680782
ORLY,2026-07-13 00:00:00,2026-07-14 00:00:00,0.0766246362754607,10.0,2026-07-14 09:49:00,86.52,39.68036080195794,39.57817930084221,11,951.7199999999999,82.19399999999999,90.846,2026-07-17 15:59:00,86.06,WEEK_END_CLOSE,-5.059999999999931,-0.5316689782709161
SYK,2026-07-13 00:00:00,2026-07-14 00:00:00,0.0245901639344262,2.0,2026-07-14 09:50:00,313.85,36.4349608424808,34.94953751781965,3,941.5500000000001,298.1575,329.5425,2026-07-16 09:38:00,329.5425,TAKE_PROFIT,47.077499999999986,5.000000000000004
TJX,2026-07-13 00:00:00,2026-07-14 00:00:00,0.0710116731517509,8.0,2026-07-14 09:50:00,149.74,42.271863024710115,39.80682829011105,6,898.44,142.25300000000001,157.227,2026-07-17 09:40:00,157.227,TAKE_PROFIT,44.92199999999997,5.000000000000004
PCAR,2026-07-13 00:00:00,2026-07-14 00:00:00,0.0541871921182266,5.0,2026-07-14 09:51:00,124.86,53.33260254931673,51.30905758354367,8,998.88,118.61699999999999,131.103,2026-07-17 15:59:00,126.22,WEEK_END_CLOSE,10.879999999999995,1.089219926317475
SPG,2026-07-13 00:00:00,2026-07-14 00:00:00,0.0545454545454545,6.0,2026-07-14 10:04:00,221.25,63.36810511603465,57.97027755972113,4,885.0,210.1875,232.3125,2026-07-17 15:59:00,228.7,WEEK_END_CLOSE,29.799999999999955,3.367231638418078
ECL,2026-07-13 00:00:00,2026-07-14 00:00:00,0.0689655172413793,7.0,2026-07-14 10:05:00,272.225,58.73815720253587,54.9774806788232,3,816.6750000000001,258.61375,285.83625000000006,2026-07-17 15:59:00,272.92,WEEK_END_CLOSE,2.0849999999999795,0.25530351731104517
RTX,2026-07-14 00:00:00,2026-07-15 00:00:00,0.0418917722079532,2.0,2026-07-15 09:46:00,194.5,47.42660575320614,45.31967526864378,5,972.5,184.77499999999998,204.22500000000002,2026-07-17 15:59:00,193.49,WEEK_END_CLOSE,-5.0499999999999545,-0.5192802056555257
DHR,2026-07-14 00:00:00,2026-07-15 00:00:00,0.017221249270286,1.0,2026-07-15 09:47:00,201.03,56.08128946664275,56.07931900630242,4,804.12,190.9785,211.0815,2026-07-17 15:59:00,203.745,WEEK_END_CLOSE,10.860000000000014,1.350544694821676
RSG,2026-07-14 00:00:00,2026-07-15 00:00:00,0.0857142857142857,10.0,2026-07-15 09:48:00,219.23,45.374267769411375,41.7567071326038,4,876.92,208.2685,230.1915,2026-07-17 15:59:00,222.3,WEEK_END_CLOSE,12.280000000000086,1.4003557907220854
SHW,2026-07-14 00:00:00,2026-07-15 00:00:00,0.0847457627118644,9.0,2026-07-15 09:48:00,330.46,56.70955826770954,51.43434783374149,3,991.3799999999999,313.93699999999995,346.983,2026-07-17 15:59:00,331.29,WEEK_END_CLOSE,2.490000000000123,0.25116504266780026
TEL,2026-07-14 00:00:00,2026-07-15 00:00:00,0.0714285714285714,8.0,2026-07-15 09:57:00,202.32,53.793867983142064,52.473980485241675,4,809.28,192.20399999999998,212.436,2026-07-17 15:59:00,203.24,WEEK_END_CLOSE,3.6800000000000637,0.454725187821281
HD,2026-07-14 00:00:00,2026-07-15 00:00:00,0.0673805913570887,5.0,2026-07-15 10:16:00,344.33,61.693045529677214,60.97189226143977,2,688.66,327.1135,361.5465,2026-07-17 15:59:00,338.95,WEEK_END_CLOSE,-10.759999999999991,-1.5624546220195712
EMR,2026-07-15 00:00:00,2026-07-16 00:00:00,0.0610687022900763,3.0,2026-07-16 09:50:00,135.67,58.81263655045231,49.145769259292294,7,949.6899999999999,128.88649999999998,142.4535,2026-07-17 15:59:00,139.54,WEEK_END_CLOSE,27.090000000000032,2.852509766344813
ACN,2026-07-15 00:00:00,2026-07-16 00:00:00,0.1196172248803827,10.0,2026-07-16 09:51:00,139.28,59.3790194298477,53.951535872265595,7,974.96,132.316,146.244,2026-07-17 09:36:00,146.244,TAKE_PROFIT,48.74799999999999,5.000000000000004
ADP,2026-07-15 00:00:00,2026-07-16 00:00:00,0.0700636942675159,4.0,2026-07-16 09:55:00,253.03,60.347619694953664,58.804204390221344,3,759.09,240.3785,265.6815,2026-07-17 15:59:00,255.3,WEEK_END_CLOSE,6.810000000000031,0.8971268229063689
WELL,2026-07-15 00:00:00,2026-07-16 00:00:00,0.0833333333333333,6.0,2026-07-16 10:07:00,236.98,57.03115773718248,55.44543809152697,4,947.92,225.13099999999997,248.829,2026-07-17 15:59:00,243.25,WEEK_END_CLOSE,25.08000000000004,2.645792893915111
TFC,2026-07-15 00:00:00,2026-07-16 00:00:00,0.0929705215419501,9.0,2026-07-16 10:28:00,53.47,59.57415195505176,59.35085481162039,18,962.46,50.796499999999995,56.1435,2026-07-17 15:59:00,52.51,WEEK_END_CLOSE,-17.280000000000015,-1.7953992893211201
MDLZ,2026-07-15 00:00:00,2026-07-16 00:00:00,0.0857142857142857,8.0,2026-07-16 10:45:00,59.85,55.12346844523757,54.779250794687414,16,957.6,56.8575,62.8425,2026-07-17 09:37:00,62.8425,TAKE_PROFIT,47.879999999999995,5.000000000000004
SLB,2026-07-16 00:00:00,2026-07-17 00:00:00,0.032557005243263,9.0,2026-07-17 09:45:00,46.985,52.31128821380032,51.01537257147567,21,986.685,44.635749999999994,49.334250000000004,2026-07-17 15:59:00,46.99,WEEK_END_CLOSE,0.10500000000005372,0.010641694157720316
DASH,2026-07-16 00:00:00,2026-07-17 00:00:00,0.0369489665264313,10.0,2026-07-17 09:46:00,185.54,41.3563753379614,41.16672463031455,5,927.6999999999999,176.26299999999998,194.817,2026-07-17 15:59:00,184.16,WEEK_END_CLOSE,-6.899999999999977,-0.7437749272394045
SYK,2026-07-16 00:00:00,2026-07-17 00:00:00,0.0194336479733481,6.0,2026-07-17 09:46:00,328.375,51.95033478326649,47.56190156570984,3,985.125,311.95625,344.79375,2026-07-17 15:59:00,319.88,WEEK_END_CLOSE,-25.485000000000014,-2.5869813475447256
AON,2026-07-16 00:00:00,2026-07-17 00:00:00,0.0,1.0,2026-07-17 09:50:00,374.7,64.89118329580788,63.66663619433023,2,749.4,355.965,393.435,2026-07-17 15:59:00,367.01,WEEK_END_CLOSE,-15.379999999999995,-2.052308513477452
ABBV,2026-07-16 00:00:00,2026-07-17 00:00:00,0.0244590780809031,7.0,2026-07-17 09:54:00,260.61,68.06559947510824,67.99016724841506,3,781.83,247.5795,273.64050000000003,2026-07-17 15:59:00,254.49,WEEK_END_CLOSE,-18.360000000000014,-2.3483365949119372
CB,2026-07-16 00:00:00,2026-07-17 00:00:00,0.0177514792899408,5.0,2026-07-17 10:54:00,353.94,64.68426271375478,57.11591340139463,2,707.88,336.243,371.637,2026-07-17 15:59:00,352.18,WEEK_END_CLOSE,-3.519999999999982,-0.4972594225009841
BMY,2026-07-17 00:00:00,2026-07-20 00:00:00,0.0404699738903394,8.0,2026-07-20 09:45:00,60.91,52.72704959606192,51.99487364975949,16,974.56,57.86449999999999,63.9555,2026-07-24 15:59:00,62.09,WEEK_END_CLOSE,18.88000000000011,1.9372845181415244
ABBV,2026-07-17 00:00:00,2026-07-20 00:00:00,0.0437049362174154,9.0,2026-07-20 09:48:00,255.62,54.181730549838946,47.61785122043962,3,766.86,242.839,268.401,2026-07-24 15:59:00,259.22,WEEK_END_CLOSE,10.800000000000068,1.4083405054377662
BNY,2026-07-17 00:00:00,2026-07-20 00:00:00,0.0353982300884955,5.0,2026-07-20 09:50:00,157.9275,52.17158882395122,51.8683644877359,6,947.565,150.031125,165.82387500000002,2026-07-24 15:59:00,158.95,WEEK_END_CLOSE,6.134999999999877,0.6474489876683753
CB,2026-07-17 00:00:00,2026-07-20 00:00:00,0.0181159420289855,2.0,2026-07-20 09:50:00,352.985,58.21322858322158,53.86806725516302,2,705.97,335.33575,370.63425,2026-07-24 15:59:00,359.74,WEEK_END_CLOSE,13.509999999999991,1.9136790515177582
COF,2026-07-17 00:00:00,2026-07-20 00:00:00,0.0534521158129175,10.0,2026-07-20 09:50:00,208.27,54.5170755128036,50.168463896954826,4,833.08,197.8565,218.6835,2026-07-23 09:31:00,197.6,STOP_LOSS_GAP,-42.680000000000064,-5.123157439861725
AON,2026-07-17 00:00:00,2026-07-20 00:00:00,0.0,1.0,2026-07-20 09:51:00,363.82,44.240094244293886,42.533514695535395,2,727.64,345.62899999999996,382.011,2026-07-24 15:59:00,361.67,WEEK_END_CLOSE,-4.2999999999999545,-0.5909515694574208
ECL,2026-07-17 00:00:00,2026-07-20 00:00:00,0.037037037037037,6.0,2026-07-20 09:57:00,271.775,51.90405749079356,49.16938059463046,3,815.3249999999999,258.18625,285.36375,2026-07-24 15:59:00,268.75,WEEK_END_CLOSE,-9.074999999999932,-1.1130530769938307
MRK,2026-07-17 00:00:00,2026-07-20 00:00:00,0.0263956711099379,4.0,2026-07-20 09:58:00,127.44,56.190825763856864,48.92166791114876,7,892.0799999999999,121.068,133.812,2026-07-24 15:59:00,131.09,WEEK_END_CLOSE,25.55000000000004,2.864092906465787
SPG,2026-07-17 00:00:00,2026-07-20 00:00:00,0.0209790209790209,3.0,2026-07-20 10:06:00,230.58,62.94403502449717,59.66787181949745,4,922.32,219.051,242.10900000000004,2026-07-24 15:59:00,229.68,WEEK_END_CLOSE,-3.6000000000000227,-0.3903200624512104
ITW,2026-07-17 00:00:00,2026-07-20 00:00:00,0.0392156862745098,7.0,2026-07-20 10:21:00,272.45,43.9381227542509,41.41033154220556,3,817.3499999999999,258.8275,286.0725,2026-07-24 15:59:00,283.03,WEEK_END_CLOSE,31.739999999999952,3.8832813360249574
CI,2026-07-20 00:00:00,2026-07-21 00:00:00,0.1412103746397694,10.0,2026-07-21 09:45:00,283.99,55.246630624916016,50.85875908635413,3,851.97,269.7905,298.1895,2026-07-24 15:59:00,289.55,WEEK_END_CLOSE,16.680000000000007,1.9578154160357686
DLR,2026-07-20 00:00:00,2026-07-21 00:00:00,0.0977777777777777,5.0,2026-07-21 09:51:00,176.99,55.78826061468991,55.41420112223898,5,884.95,168.1405,185.83950000000002,2026-07-24 09:30:00,190.0,TAKE_PROFIT_GAP,65.04999999999995,7.350697779535564
GILD,2026-07-20 00:00:00,2026-07-21 00:00:00,0.0507196710075394,3.0,2026-07-21 09:52:00,130.63,47.51610720306469,44.416554653987504,7,914.41,124.09849999999999,137.1615,2026-07-24 15:59:00,129.33,WEEK_END_CLOSE,-9.09999999999988,-0.9951772180968987
CME,2026-07-20 00:00:00,2026-07-21 00:00:00,0.1407056798623063,9.0,2026-07-21 09:53:00,241.6,46.85526208563258,41.50754780946482,4,966.4,229.51999999999998,253.68,2026-07-22 09:49:00,253.68,TAKE_PROFIT,48.32000000000005,5.000000000000004
CL,2026-07-20 00:00:00,2026-07-21 00:00:00,0.0833333333333333,4.0,2026-07-21 09:54:00,91.2,51.109660758256666,50.75693788006049,10,912.0,86.64,95.76,2026-07-24 15:59:00,90.76,WEEK_END_CLOSE,-4.399999999999977,-0.48245614035087314
SO,2026-07-20 00:00:00,2026-07-21 00:00:00,0.0382848392036753,2.0,2026-07-21 09:57:00,93.79,46.036688282104095,45.097201169679266,10,937.9000000000001,89.1005,98.47950000000002,2026-07-24 15:59:00,97.27,WEEK_END_CLOSE,34.7999999999999,3.710416888794099
WMB,2026-07-20 00:00:00,2026-07-21 00:00:00,0.1216617210682492,7.0,2026-07-21 10:00:00,73.38,43.0780140609146,38.920208615006715,13,953.9399999999999,69.711,77.04899999999999,2026-07-24 15:59:00,74.01,WEEK_END_CLOSE,8.190000000000126,0.8585445625511223
MDLZ,2026-07-20 00:00:00,2026-07-21 00:00:00,0.0273224043715847,1.0,2026-07-21 10:01:00,59.4,47.06369816123729,45.17586457995631,16,950.4,56.42999999999999,62.370000000000005,2026-07-24 15:59:00,60.53,WEEK_END_CLOSE,18.08000000000004,1.9023569023569165
PGR,2026-07-20 00:00:00,2026-07-21 00:00:00,0.1320293398533007,8.0,2026-07-21 10:03:00,208.76,54.56318710500314,51.886100732048305,4,835.04,198.32199999999997,219.198,2026-07-24 15:59:00,213.81,WEEK_END_CLOSE,20.200000000000045,2.419045794213459
FCX,2026-07-20 00:00:00,2026-07-21 00:00:00,0.1020634568449079,6.0,2026-07-21 10:50:00,61.82,66.48783223119598,63.45469445879671,16,989.12,58.729,64.911,2026-07-22 12:06:00,64.911,TAKE_PROFIT,49.45600000000002,5.000000000000004
MCD,2026-07-21 00:00:00,2026-07-22 00:00:00,0.1781800857551214,8.0,2026-07-22 09:45:00,264.6177,49.25305390136236,46.59987126237807,3,793.8531,251.386815,277.848585,2026-07-24 15:59:00,264.76,WEEK_END_CLOSE,0.42689999999993233,0.053775692253377194
UPS,2026-07-21 00:00:00,2026-07-22 00:00:00,0.0386202830188679,1.0,2026-07-22 09:52:00,117.0602,59.3974446048643,56.3051132372306,8,936.4816,111.20718999999998,122.91321,2026-07-24 15:59:00,114.79,WEEK_END_CLOSE,-18.161599999999908,-1.939344029823964
SLB,2026-07-21 00:00:00,2026-07-22 00:00:00,0.1297602256699576,6.0,2026-07-22 09:54:00,47.445,58.47942940060477,54.752369201437425,21,996.345,45.07275,49.81725,2026-07-24 09:30:00,50.07,TAKE_PROFIT_GAP,55.125,5.5327220992728465
XOM,2026-07-21 00:00:00,2026-07-22 00:00:00,0.2254153141111323,9.0,2026-07-22 09:54:00,153.735,63.4194147315868,62.52874248200713,6,922.4100000000001,146.04825,161.42175000000003,2026-07-24 15:59:00,156.93,WEEK_END_CLOSE,19.16999999999996,2.078251536735287
CSX,2026-07-21 00:00:00,2026-07-22 00:00:00,0.1684446939921392,7.0,2026-07-22 09:58:00,50.005,52.94218670257719,49.41368717171245,19,950.095,47.50475,52.505250000000004,2026-07-23 09:31:00,52.505250000000004,TAKE_PROFIT,47.50475000000002,5.000000000000004
FTNT,2026-07-21 00:00:00,2026-07-22 00:00:00,0.1214574898785425,5.0,2026-07-22 10:00:00,156.62,54.630051888073424,49.29136579246059,6,939.72,148.789,164.45100000000002,2026-07-24 15:59:00,152.35,WEEK_END_CLOSE,-25.62000000000006,-2.7263440173668774
CVS,2026-07-21 00:00:00,2026-07-22 00:00:00,0.0387118193891102,2.0,2026-07-22 10:06:00,110.64,65.32586791251424,60.22973404609447,9,995.76,105.10799999999999,116.17200000000001,2026-07-24 15:59:00,107.74,WEEK_END_CLOSE,-26.10000000000005,-2.6211135213304426
PFE,2026-07-21 00:00:00,2026-07-22 00:00:00,0.2267437379576108,10.0,2026-07-22 10:06:00,25.145,62.530900585087764,59.23181910165503,39,980.655,23.887749999999997,26.402250000000002,2026-07-24 15:59:00,24.55,WEEK_END_CLOSE,-23.204999999999956,-2.366275601511225
KO,2026-07-22 00:00:00,2026-07-23 00:00:00,0.1425006239081607,10.0,2026-07-23 09:59:00,81.26,43.922170614274016,40.80784726301605,12,975.1200000000001,77.197,85.32300000000001,2026-07-24 15:59:00,82.25,WEEK_END_CLOSE,11.879999999999939,1.2183115924193855
APO,2026-07-22 00:00:00,2026-07-23 00:00:00,0.0218151307509439,2.0,2026-07-23 10:00:00,121.0,59.89202601675317,53.65214619150447,8,968.0,114.94999999999999,127.05000000000001,2026-07-24 15:59:00,122.65,WEEK_END_CLOSE,13.200000000000045,1.3636363636363669
MMM,2026-07-22 00:00:00,2026-07-23 00:00:00,0.0497393945669807,3.0,2026-07-23 10:00:00,170.0,53.15245232090856,49.52519070497684,5,850.0,161.5,178.5,2026-07-24 15:59:00,172.59,WEEK_END_CLOSE,12.950000000000017,1.5235294117647014
EMR,2026-07-22 00:00:00,2026-07-23 00:00:00,0.1333333333333333,8.0,2026-07-23 11:16:00,143.67,47.45352993647032,46.066251291880334,6,862.02,136.48649999999998,150.8535,2026-07-24 15:59:00,147.94,WEEK_END_CLOSE,25.62000000000006,2.97208881464468
JNJ,2026-07-23 00:00:00,2026-07-24 00:00:00,0.0291417501895056,2.0,2026-07-24 09:50:00,262.01,58.95626889455694,57.71153199636332,3,786.03,248.90949999999998,275.1105,2026-07-24 15:59:00,263.42,WEEK_END_CLOSE,4.230000000000075,0.5381473989542584
UNP,2026-07-23 00:00:00,2026-07-24 00:00:00,0.0511215440792905,5.0,2026-07-24 09:52:00,304.545,50.57868859152779,48.475198012722764,3,913.635,289.31775,319.77225000000004,2026-07-24 15:59:00,307.55,WEEK_END_CLOSE,9.014999999999986,0.9867178906237228
DASH,2026-07-23 00:00:00,2026-07-24 00:00:00,0.0286699328615496,1.0,2026-07-24 10:00:00,171.42,52.21093099907131,51.84892699104613,5,857.0999999999999,162.849,179.99099999999999,2026-07-24 15:59:00,172.98,WEEK_END_CLOSE,7.800000000000011,0.9100455022751142
SLB,2026-07-23 00:00:00,2026-07-24 00:00:00,0.1152795292139554,9.0,2026-07-24 10:02:00,51.23,63.119874605362746,58.070705162429284,19,973.3699999999999,48.668499999999995,53.7915,2026-07-24 15:59:00,52.45,WEEK_END_CLOSE,23.180000000000113,2.3814171383954807
ICE,2026-07-24 00:00:00,2026-07-27 00:00:00,0.0688073394495412,4.0,2026-07-27 09:46:00,146.7,62.30952150880828,62.25684155779152,6,880.1999999999999,139.36499999999998,154.035,2026-07-29 10:27:00,154.035,TAKE_PROFIT,44.01000000000005,5.000000000000004
EOG,2026-07-24 00:00:00,2026-07-27 00:00:00,0.1241379310344827,7.0,2026-07-27 09:53:00,144.043,43.059405052905376,42.243040731736414,6,864.258,136.84085,151.24515000000002,2026-07-31 15:59:00,148.67,WEEK_END_CLOSE,27.761999999999887,3.2122352353116668
DIS,2026-07-24 00:00:00,2026-07-27 00:00:00,0.1212705590282395,6.0,2026-07-27 09:58:00,96.4001,53.41709679615263,52.75175145931945,10,964.001,91.58009499999999,101.220105,2026-07-31 15:59:00,96.2,WEEK_END_CLOSE,-2.0009999999999195,-0.2075723987838063
MDLZ,2026-07-24 00:00:00,2026-07-27 00:00:00,0.0857142857142857,5.0,2026-07-27 10:01:00,60.33,48.339413241982264,46.35751787167848,16,965.28,57.3135,63.3465,2026-07-28 10:18:00,63.3465,TAKE_PROFIT,48.26400000000001,5.000000000000004
MRK,2026-07-24 00:00:00,2026-07-27 00:00:00,0.0527481377088786,2.0,2026-07-27 10:01:00,131.775,51.15058407549937,49.48105907939892,7,922.4250000000001,125.18625,138.36375,2026-07-31 15:59:00,130.22,WEEK_END_CLOSE,-10.885000000000048,-1.1800417378106665
CI,2026-07-24 00:00:00,2026-07-27 00:00:00,0.0666666666666666,3.0,2026-07-27 10:02:00,288.515,48.91080517521526,48.62939833799619,3,865.545,274.08925,302.94075,2026-07-28 14:52:00,302.95,TAKE_PROFIT_GAP,43.30500000000001,5.003206072474575
ORCL,2026-07-24 00:00:00,2026-07-27 00:00:00,0.1371004722331721,9.0,2026-07-27 10:07:00,121.1,57.68465300721331,57.61403831593198,8,968.8,115.04499999999999,127.155,2026-07-28 09:53:00,115.04499999999999,STOP_LOSS,-48.440000000000055,-5.000000000000004
META,2026-07-24 00:00:00,2026-07-27 00:00:00,0.1375263174433585,10.0,2026-07-27 10:21:00,608.125,54.26253710843022,52.28250061452397,1,608.125,577.71875,638.53125,2026-07-30 09:30:00,526.0,STOP_LOSS_GAP,-82.125,-13.504624871531345
SNPS,2026-07-24 00:00:00,2026-07-27 00:00:00,0.1263586956521739,8.0,2026-07-27 10:46:00,392.73,63.04366932992656,59.585574636511424,2,785.46,373.0935,412.36650000000003,2026-07-30 09:36:00,373.0935,STOP_LOSS,-39.273000000000025,-5.000000000000004
JNJ,2026-07-24 00:00:00,2026-07-27 00:00:00,0.0361734435633541,1.0,2026-07-27 11:44:00,267.87,55.46563424987137,54.08937698143259,3,803.61,254.4765,281.2635,2026-07-31 09:33:00,254.4765,STOP_LOSS,-40.18050000000005,-5.000000000000004
CSX,2026-07-27 00:00:00,2026-07-28 00:00:00,0.0106326422115895,1.0,2026-07-28 09:51:00,52.18,66.46949043745059,56.56920258709822,19,991.42,49.571,54.789,2026-07-31 15:59:00,50.38,WEEK_END_CLOSE,-34.199999999999946,-3.449597546952854
UNP,2026-07-27 00:00:00,2026-07-28 00:00:00,0.0218563370935633,2.0,2026-07-28 09:51:00,300.15,59.09219643304341,56.08244570907358,3,900.4499999999999,285.1425,315.15749999999997,2026-07-30 12:01:00,285.1425,STOP_LOSS,-45.02249999999998,-4.999999999999993
VRTX,2026-07-27 00:00:00,2026-07-28 00:00:00,0.1854545454545454,10.0,2026-07-28 10:01:00,484.684,54.33650427851929,54.02652904215222,2,969.368,460.4498,508.91820000000007,2026-07-31 15:59:00,476.88,WEEK_END_CLOSE,-15.608000000000061,-1.6101212336285142
GILD,2026-07-27 00:00:00,2026-07-28 00:00:00,0.148064637354378,7.0,2026-07-28 10:03:00,134.26,57.33827835678545,55.415211025011445,7,939.8199999999999,127.54699999999998,140.97299999999998,2026-07-31 15:59:00,130.21,WEEK_END_CLOSE,-28.34999999999988,-3.016535081185745
CMCSA,2026-07-27 00:00:00,2026-07-28 00:00:00,0.1143057503506311,5.0,2026-07-28 10:06:00,23.62,54.880399443950466,54.380645807073115,42,992.0400000000001,22.439,24.801000000000002,2026-07-29 14:00:00,24.801000000000002,TAKE_PROFIT,49.60200000000004,5.000000000000004
CRH,2026-07-27 00:00:00,2026-07-28 00:00:00,0.075187969924812,4.0,2026-07-28 10:11:00,103.8,66.84757936230992,64.27621279719723,9,934.1999999999999,98.61,108.99,2026-07-30 09:36:00,98.61,STOP_LOSS,-46.70999999999998,-4.999999999999993
MDLZ,2026-07-27 00:00:00,2026-07-28 00:00:00,0.0539067231980617,3.0,2026-07-28 10:30:00,63.51,69.40355900506594,69.37870077410096,15,952.65,60.3345,66.6855,2026-07-31 15:59:00,62.3,WEEK_END_CLOSE,-18.150000000000013,-1.9052117776728106
AFL,2026-07-27 00:00:00,2026-07-28 00:00:00,0.1605839416058394,8.0,2026-07-28 10:59:00,129.23,61.80167696058973,57.18992541728502,7,904.6099999999999,122.76849999999999,135.6915,2026-07-31 15:59:00,127.49,WEEK_END_CLOSE,-12.179999999999964,-1.3464365859320537
COP,2026-07-27 00:00:00,2026-07-28 00:00:00,0.143752303722816,6.0,2026-07-28 11:08:00,116.17,48.91097970968884,45.48810854147691,8,929.36,110.36149999999999,121.97850000000001,2026-07-31 15:59:00,120.49,WEEK_END_CLOSE,34.559999999999945,3.7186881294654306
CME,2026-07-28 00:00:00,2026-07-29 00:00:00,0.0872971460548405,6.0,2026-07-29 09:45:00,261.355,56.739949061713546,55.72309258846344,3,784.065,248.28725,274.42275,2026-07-31 15:59:00,267.8,WEEK_END_CLOSE,19.33499999999998,2.465994528514859
HON,2026-07-28 00:00:00,2026-07-29 00:00:00,0.1330049261083744,9.0,2026-07-29 09:51:00,244.67,42.72352002216971,41.4035510831873,4,978.68,232.43649999999997,256.9035,2026-07-31 15:59:00,243.05,WEEK_END_CLOSE,-6.4799999999999045,-0.6621163199411306
NEM,2026-07-28 00:00:00,2026-07-29 00:00:00,0.1581180100269957,10.0,2026-07-29 09:59:00,90.25,41.76459324784561,38.8831735398997,11,992.75,85.7375,94.7625,2026-07-30 13:00:00,94.7625,TAKE_PROFIT,49.63750000000003,5.000000000000004
KMI,2026-07-28 00:00:00,2026-07-29 00:00:00,0.0134883720930232,2.0,2026-07-29 10:01:00,32.115,52.502497599545386,52.10836829660182,31,995.565,30.50925,33.72075,2026-07-31 15:59:00,32.18,WEEK_END_CLOSE,2.0149999999999295,0.20239763350458073
MDT,2026-07-28 00:00:00,2026-07-29 00:00:00,0.0596217105263157,5.0,2026-07-29 10:03:00,87.6,54.74795232541353,54.62780467752403,11,963.5999999999999,83.21999999999998,91.98,2026-07-31 15:59:00,85.4,WEEK_END_CLOSE,-24.199999999999875,-2.511415525114147
SO,2026-07-28 00:00:00,2026-07-29 00:00:00,0.1245487364620938,8.0,2026-07-29 10:06:00,97.28,47.21051799225981,44.38830477886873,10,972.8,92.416,102.144,2026-07-31 15:59:00,94.59,WEEK_END_CLOSE,-26.899999999999977,-2.765213815789469
CMCSA,2026-07-28 00:00:00,2026-07-29 00:00:00,0.1019375109094082,7.0,2026-07-29 14:13:00,24.7501,58.1631735258332,57.11229015361285,40,990.004,23.512594999999997,25.987605000000002,2026-07-30 10:21:00,23.512594999999997,STOP_LOSS,-49.50020000000009,-5.000000000000004
LOW,2026-07-29 00:00:00,2026-07-30 00:00:00,0.0101087898334456,1.0,2026-07-30 09:45:00,212.845,39.53370778841537,32.7821752145374,4,851.38,202.20274999999998,223.48725000000002,2026-07-31 15:59:00,207.93,WEEK_END_CLOSE,-19.659999999999968,-2.309192135121796
TGT,2026-07-29 00:00:00,2026-07-30 00:00:00,0.0507761642463695,4.0,2026-07-30 09:57:00,143.81,36.47731729100513,33.36636460691058,6,862.86,136.6195,151.00050000000002,2026-07-31 15:59:00,144.49,WEEK_END_CLOSE,4.080000000000041,0.4728461164035913
WMB,2026-07-29 00:00:00,2026-07-30 00:00:00,0.1325301204819277,10.0,2026-07-30 09:57:00,70.74,54.95510312933379,54.65255992699633,14,990.3599999999999,67.20299999999999,74.277,2026-07-31 15:59:00,71.56,WEEK_END_CLOSE,11.480000000000103,1.1591744416171945
CL,2026-07-29 00:00:00,2026-07-30 00:00:00,0.0944625407166123,7.0,2026-07-30 10:04:00,91.72,47.206569242713144,44.250713347598115,10,917.2,87.134,96.306,2026-07-31 15:59:00,91.3,WEEK_END_CLOSE,-4.200000000000017,-0.4579153946794645
WBD,2026-07-29 00:00:00,2026-07-30 00:00:00,0.0348066298342541,2.0,2026-07-30 10:04:00,25.56,46.045535221373854,41.87381559079034,39,996.8399999999999,24.281999999999996,26.838,2026-07-31 15:59:00,26.291,WEEK_END_CLOSE,28.509000000000064,2.8599374021909263
ANET,2026-07-29 00:00:00,2026-07-30 00:00:00,0.1237190236631265,9.0,2026-07-30 10:20:00,169.595,57.034121697661654,56.431532055382064,5,847.975,161.11525,178.07475,2026-07-31 09:30:00,178.07475,TAKE_PROFIT,42.39874999999998,5.000000000000004
HWM,2026-07-29 00:00:00,2026-07-30 00:00:00,0.1162790697674418,8.0,2026-07-30 10:40:00,277.44,55.463354587981605,55.172377541854075,3,832.3199999999999,263.568,291.312,2026-07-31 15:59:00,282.36,WEEK_END_CLOSE,14.760000000000048,1.7733564013840963
REGN,2026-07-30 00:00:00,2026-07-31 00:00:00,0.1090342679127725,3.0,2026-07-31 09:45:00,740.84,58.53308013309081,57.78077574147911,1,740.84,703.798,777.8820000000001,2026-07-31 15:59:00,762.88,WEEK_END_CLOSE,22.039999999999964,2.9750013498191175
DASH,2026-07-30 00:00:00,2026-07-31 00:00:00,0.04881945677259,1.0,2026-07-31 09:48:00,197.46,60.8011967686031,59.68867280506207,5,987.3000000000001,187.587,207.33300000000003,2026-07-31 15:59:00,196.15,WEEK_END_CLOSE,-6.550000000000011,-0.6634255038995285
JPM,2026-07-30 00:00:00,2026-07-31 00:00:00,0.234679600783509,10.0,2026-07-31 09:51:00,351.12,49.89706861255596,49.195762577908056,2,702.24,333.56399999999996,368.67600000000004,2026-07-31 15:59:00,351.78,WEEK_END_CLOSE,1.3199999999999363,0.1879699248120259
NEE,2026-07-30 00:00:00,2026-07-31 00:00:00,0.1018010963194988,2.0,2026-07-31 10:08:00,87.3,49.719947291495174,45.49088613752722,11,960.3,82.93499999999999,91.665,2026-07-31 15:59:00,86.92,WEEK_END_CLOSE,-4.17999999999995,-0.43528064146620693
CEG,2026-07-30 00:00:00,2026-07-31 00:00:00,0.204660587639311,9.0,2026-07-31 10:18:00,262.99,45.73803075633681,43.68789122031979,3,788.97,249.8405,276.1395,2026-07-31 15:59:00,262.76,WEEK_END_CLOSE,-0.6900000000000546,-0.08745579679836357
MS,2026-07-30 00:00:00,2026-07-31 00:00:00,0.1217078254279037,6.0,2026-07-31 10:18:00,210.05,53.70913333477361,46.61298884000473,4,840.2,199.5475,220.5525,2026-07-31 15:59:00,210.51,WEEK_END_CLOSE,1.8399999999999181,0.21899547726731416
DLR,2026-07-30 00:00:00,2026-07-31 00:00:00,0.1304347826086956,7.0,2026-07-31 10:19:00,191.435,48.74376459470161,44.80680750820166,5,957.175,181.86325,201.00675,2026-07-31 15:59:00,188.52,WEEK_END_CLOSE,-14.57499999999996,-1.5227100582443032
CMCSA,2026-07-30 00:00:00,2026-07-31 00:00:00,0.1134751773049645,4.0,2026-07-31 10:21:00,23.69,52.820035107330064,48.84003140509963,42,994.98,22.5055,24.8745,2026-07-31 15:59:00,23.96,WEEK_END_CLOSE,11.339999999999982,1.139721401435212
MCD,2026-07-31 00:00:00,2026-08-03 00:00:00,0.0518414561537807,2.0,2026-08-03 09:45:00,273.76,55.882874100878716,55.2440607522364,3,821.28,260.072,287.448,2026-08-06 15:59:00,276.27,WEEK_END_CLOSE,7.529999999999973,0.9168614845119771
PGR,2026-07-31 00:00:00,2026-08-03 00:00:00,0.1,5.0,2026-08-03 09:45:00,212.35,48.23212024112339,46.92475212461945,4,849.4,201.7325,222.9675,2026-08-06 15:59:00,215.32,WEEK_END_CLOSE,11.879999999999995,1.398634330115378
GILD,2026-07-31 00:00:00,2026-08-03 00:00:00,0.1278195488721804,7.0,2026-08-03 09:46:00,130.8999,54.122012559124805,50.22238042350592,7,916.2993,124.354905,137.444895,2026-08-05 09:32:00,137.444895,TAKE_PROFIT,45.814965,5.000000000000004
USB,2026-07-31 00:00:00,2026-08-03 00:00:00,0.1282952548330404,8.0,2026-08-03 09:46:00,63.545,64.09223041805956,59.705415775973805,15,953.1750000000001,60.36775,66.72225,2026-08-06 15:59:00,63.835,WEEK_END_CLOSE,4.349999999999987,0.4563695019277558
PSX,2026-07-31 00:00:00,2026-08-03 00:00:00,0.0614406779661017,3.0,2026-08-03 09:51:00,207.67,42.622021607364395,42.19459033631802,4,830.68,197.2865,218.05349999999999,2026-08-06 15:59:00,205.56,WEEK_END_CLOSE,-8.43999999999994,-1.0160350556170816
MS,2026-07-31 00:00:00,2026-08-03 00:00:00,0.1402010050251256,10.0,2026-08-03 09:58:00,209.335,52.21525770591423,51.860255406845596,4,837.34,198.86825,219.80175000000003,2026-08-05 09:31:00,219.85,TAKE_PROFIT_GAP,42.059999999999945,5.023049179544747
UPS,2026-07-31 00:00:00,2026-08-03 00:00:00,0.1259069568928723,6.0,2026-08-03 10:00:00,105.625,54.06967213003719,53.112561418789404,9,950.625,100.34375,110.90625,2026-08-06 15:59:00,103.18,WEEK_END_CLOSE,-22.00499999999994,-2.31479289940828
COF,2026-07-31 00:00:00,2026-08-03 00:00:00,0.0258729490954985,1.0,2026-08-03 10:02:00,216.02,75.89495768171462,72.08853376422095,4,864.08,205.219,226.82100000000003,2026-08-06 15:59:00,219.98,WEEK_END_CLOSE,15.839999999999918,1.8331635959633275
REGN,2026-07-31 00:00:00,2026-08-03 00:00:00,0.0714285714285714,4.0,2026-08-03 10:05:00,767.64,57.54404251818557,55.90920403135208,1,767.64,729.2579999999999,806.022,2026-08-06 15:59:00,772.09,WEEK_END_CLOSE,4.4500000000000455,0.5796988171538731
DASH,2026-07-31 00:00:00,2026-08-03 00:00:00,0.136724960254372,9.0,2026-08-03 10:29:00,200.76,58.870010203491326,54.61786353343387,4,803.04,190.72199999999998,210.798,2026-08-06 09:30:00,214.67,TAKE_PROFIT_GAP,55.639999999999986,6.92867105000996
ORLY,2026-08-03 00:00:00,2026-08-04 00:00:00,0.0505438259756877,3.0,2026-08-04 09:49:00,88.925,40.73680272275427,38.87456603748889,11,978.175,84.47874999999999,93.37125,2026-08-05 09:59:00,93.37125,TAKE_PROFIT,48.90875000000007,5.000000000000004
PCAR,2026-08-03 00:00:00,2026-08-04 00:00:00,0.12,10.0,2026-08-04 09:50:00,130.8972,47.2745773909696,44.69438385403908,7,916.2804,124.35234,137.44206,2026-08-06 15:59:00,132.09,WEEK_END_CLOSE,8.349600000000038,0.9112494384906578
WELL,2026-08-03 00:00:00,2026-08-04 00:00:00,0.0735930735930736,5.0,2026-08-04 09:51:00,228.37,41.125401873171285,39.867115677690094,4,913.48,216.95149999999998,239.78850000000003,2026-08-06 15:59:00,236.1,WEEK_END_CLOSE,30.91999999999996,3.3848579060296924
TRV,2026-08-03 00:00:00,2026-08-04 00:00:00,0.0124495289367429,1.0,2026-08-04 09:52:00,372.835,51.67915724408167,49.958427611119184,2,745.67,354.19325,391.47675,2026-08-06 15:59:00,386.02,WEEK_END_CLOSE,26.370000000000005,3.5364169136481216
ABT,2026-08-03 00:00:00,2026-08-04 00:00:00,0.096058003102152,7.0,2026-08-04 09:55:00,105.37,41.427547517731874,41.25122114754439,9,948.33,100.1015,110.63850000000001,2026-08-06 15:59:00,107.955,WEEK_END_CLOSE,23.264999999999944,2.4532599411597245
AJG,2026-08-03 00:00:00,2026-08-04 00:00:00,0.0456852791878172,2.0,2026-08-04 09:55:00,242.58,42.425023149100504,37.22889897613076,4,970.32,230.451,254.70900000000003,2026-08-06 15:59:00,251.77,WEEK_END_CLOSE,36.75999999999999,3.7884409267045838
MRSH,2026-08-03 00:00:00,2026-08-04 00:00:00,0.1142857142857142,9.0,2026-08-04 09:56:00,190.42,47.49027403899291,44.80234035087146,5,952.0999999999999,180.89899999999997,199.941,2026-08-06 15:59:00,193.22,WEEK_END_CLOSE,14.000000000000057,1.4704337779644971
AON,2026-08-03 00:00:00,2026-08-04 00:00:00,0.0745762711864406,6.0,2026-08-04 10:00:00,352.615,46.96477689742573,43.45037083106077,2,705.23,334.98425,370.24575000000004,2026-08-06 15:59:00,360.7,WEEK_END_CLOSE,16.16999999999996,2.2928689930944435
KLAC,2026-08-03 00:00:00,2026-08-04 00:00:00,0.1024227083709998,8.0,2026-08-04 10:48:00,191.38,58.27780605959047,57.7294410416871,5,956.9,181.81099999999998,200.949,2026-08-05 09:50:00,200.949,TAKE_PROFIT,47.845000000000084,5.000000000000004
APD,2026-08-04 00:00:00,2026-08-05 00:00:00,0.1685393258426966,6.0,2026-08-05 09:47:00,295.335,53.51237501277261,47.71318345826785,3,886.0049999999999,280.56825,310.10175,2026-08-06 15:59:00,299.94,WEEK_END_CLOSE,13.815000000000055,1.5592462796485407
AEP,2026-08-04 00:00:00,2026-08-05 00:00:00,0.1317829457364341,3.0,2026-08-05 09:52:00,127.0,46.79481712862031,42.62238931361701,7,889.0,120.64999999999999,133.35,2026-08-06 15:59:00,125.24,WEEK_END_CLOSE,-12.320000000000036,-1.3858267716535422
CRH,2026-08-04 00:00:00,2026-08-05 00:00:00,0.1569549449873993,5.0,2026-08-05 09:52:00,99.98,59.89291250095385,56.21130436014782,10,999.8000000000001,94.981,104.97900000000001,2026-08-06 15:59:00,97.65,WEEK_END_CLOSE,-23.299999999999983,-2.3304660932186416
WM,2026-08-04 00:00:00,2026-08-05 00:00:00,0.2149122807017544,9.0,2026-08-05 09:52:00,223.93,48.77495501498637,46.96925012791282,4,895.72,212.7335,235.12650000000002,2026-08-06 15:59:00,229.05,WEEK_END_CLOSE,20.480000000000018,2.286428794712636
DLR,2026-08-04 00:00:00,2026-08-05 00:00:00,0.1378258105530833,4.0,2026-08-05 10:00:00,193.19,50.07806558381804,47.81715005451546,5,965.95,183.5305,202.8495,2026-08-06 15:59:00,192.55,WEEK_END_CLOSE,-3.199999999999932,-0.33128008696101663
ELV,2026-08-04 00:00:00,2026-08-05 00:00:00,0.2448979591836734,10.0,2026-08-05 10:03:00,383.62,56.913494070258075,56.803692502171806,2,767.24,364.43899999999996,402.80100000000004,2026-08-06 15:59:00,391.41,WEEK_END_CLOSE,15.580000000000041,2.0306553360095903
ECL,2026-08-04 00:00:00,2026-08-05 00:00:00,0.1791044776119403,7.0,2026-08-05 10:06:00,285.32,61.14415380648138,60.93303116249721,3,855.96,271.054,299.586,2026-08-06 15:59:00,283.67,WEEK_END_CLOSE,-4.949999999999932,-0.5782980513107994
ORLY,2026-08-04 00:00:00,2026-08-05 00:00:00,0.0955665024630541,2.0,2026-08-05 11:34:00,93.0,56.74133251967753,39.01208678014178,10,930.0,88.35,97.65,2026-08-06 15:59:00,93.381,WEEK_END_CLOSE,3.8100000000000023,0.409677419354848
TEL,2026-08-05 00:00:00,2026-08-06 00:00:00,0.1657907310081223,9.0,2026-08-06 09:48:00,217.05,49.14074494859223,47.429141328149065,4,868.2,206.1975,227.90250000000003,2026-08-06 15:59:00,215.08,WEEK_END_CLOSE,-7.8799999999999955,-0.9076249712047901
LIN,2026-08-05 00:00:00,2026-08-06 00:00:00,0.1852589641434263,10.0,2026-08-06 09:49:00,495.635,54.5075705581027,52.13402173768457,2,991.27,470.85324999999995,520.41675,2026-08-06 15:59:00,490.2,WEEK_END_CLOSE,-10.870000000000005,-1.096573083014718
PLD,2026-08-05 00:00:00,2026-08-06 00:00:00,0.0771604938271604,6.0,2026-08-06 09:49:00,140.68,51.22166301454654,48.579849468147,7,984.76,133.646,147.71400000000003,2026-08-06 15:59:00,139.14,WEEK_END_CLOSE,-10.780000000000143,-1.0946829684390202
JCI,2026-08-05 00:00:00,2026-08-06 00:00:00,0.0238772029562251,1.0,2026-08-06 09:57:00,154.335,52.28349503639273,49.386735494300716,6,926.01,146.61825,162.05175000000003,2026-08-06 15:59:00,154.55,WEEK_END_CLOSE,1.2900000000000205,0.13930735089253687
DUK,2026-08-05 00:00:00,2026-08-06 00:00:00,0.0959488272921108,7.0,2026-08-06 10:02:00,123.595,50.71824126350235,49.928195483677634,8,988.76,117.41525,129.77475,2026-08-06 15:59:00,123.88,WEEK_END_CLOSE,2.2799999999999727,0.2305918524212025
CB,2026-08-05 00:00:00,2026-08-06 00:00:00,0.0603448275862069,3.0,2026-08-06 10:03:00,353.68,60.444663974871425,60.049399410810075,2,707.36,335.996,371.36400000000003,2026-08-06 15:59:00,354.09,WEEK_END_CLOSE,0.8199999999999363,0.11592399909521323
NSC,2026-08-05 00:00:00,2026-08-06 00:00:00,0.0476190476190476,2.0,2026-08-06 10:04:00,341.97,58.026723460067075,56.966701229275095,2,683.94,324.8715,359.06850000000003,2026-08-06 15:59:00,342.44,WEEK_END_CLOSE,0.9399999999999409,0.1374389566336065
