symbol,pcr_date,trade_date,pcr_value,pcr_rank,entry_timestamp,entry_price,rsi14,rsi14_mean100,quantity,capital_used,stop_loss_price,take_profit_price,exit_timestamp,exit_price,exit_reason,gross_pnl,pnl_pct
CME,2025-08-05 00:00:00,2025-08-06 00:00:00,0.1353628703452025,8.0,2025-08-06 09:45:00,280.5875,38.041649695883514,33.83051695450892,3,841.7624999999999,274.97574999999995,286.19925,2025-08-08 15:59:00,282.17,WEEK_END_CLOSE,4.747500000000116,0.563995188666655
CVS,2025-08-05 00:00:00,2025-08-06 00:00:00,0.1344810713074705,7.0,2025-08-06 09:45:00,63.11,50.207614860717946,45.73601469732973,15,946.65,61.8478,64.3722,2025-08-08 10:06:00,64.3722,TAKE_PROFIT,18.933000000000106,2.0000000000000018
LIN,2025-08-05 00:00:00,2025-08-06 00:00:00,0.0484429065743944,3.0,2025-08-06 09:49:00,470.36,56.79211971260369,53.21105622633141,2,940.72,460.9528,479.7672,2025-08-08 15:59:00,472.42,WEEK_END_CLOSE,4.1200000000000045,0.43796241176969897
FDX,2025-08-05 00:00:00,2025-08-06 00:00:00,0.0038675678426435,1.0,2025-08-06 09:52:00,222.92,58.20388779388993,57.306734082442134,4,891.68,218.46159999999998,227.3784,2025-08-06 15:12:00,227.3784,TAKE_PROFIT,17.833600000000047,2.0000000000000018
APD,2025-08-05 00:00:00,2025-08-06 00:00:00,0.1270718232044199,6.0,2025-08-06 09:55:00,292.045,53.318355294415795,51.69001663031349,3,876.135,286.2041,297.88590000000005,2025-08-08 15:59:00,288.46,WEEK_END_CLOSE,-10.75500000000011,-1.227550548716816
RSG,2025-08-05 00:00:00,2025-08-06 00:00:00,0.0833333333333333,5.0,2025-08-06 10:17:00,232.615,48.57793528807152,46.141395036960425,4,930.46,227.9627,237.2673,2025-08-08 10:42:00,237.2673,TAKE_PROFIT,18.609199999999987,2.0000000000000018
AON,2025-08-05 00:00:00,2025-08-06 00:00:00,0.0357142857142857,2.0,2025-08-06 10:20:00,359.215,44.097292848106164,43.486378589789794,2,718.43,352.03069999999997,366.3993,2025-08-07 10:11:00,366.3993,TAKE_PROFIT,14.368600000000015,2.0000000000000018
SNDK,2025-08-05 00:00:00,2025-08-06 00:00:00,0.0666666666666666,4.0,2025-08-06 10:30:00,42.16,59.472850541988066,53.71717289176993,23,969.68,41.31679999999999,43.0032,2025-08-07 10:24:00,41.31679999999999,STOP_LOSS,-19.39360000000007,-2.000000000000013
CMCSA,2025-08-05 00:00:00,2025-08-06 00:00:00,0.1527289126054558,9.0,2025-08-06 10:34:00,32.453,47.44739554928206,46.34510048356417,30,973.5900000000001,31.80394,33.10206,2025-08-07 11:26:00,31.80394,STOP_LOSS,-19.471800000000066,-2.0000000000000018
MSI,2025-08-05 00:00:00,2025-08-06 00:00:00,0.1826923076923076,10.0,2025-08-06 11:19:00,441.43,63.690051734445696,63.5355530362803,2,882.86,432.6014,450.2586,2025-08-08 09:32:00,451.82,TAKE_PROFIT_GAP,20.779999999999973,2.353714065650281
KKR,2025-08-06 00:00:00,2025-08-07 00:00:00,0.0176446393875865,3.0,2025-08-07 09:49:00,145.35,50.69205225259806,49.40741568291859,6,872.0999999999999,142.44299999999998,148.257,2025-08-07 11:04:00,142.44299999999998,STOP_LOSS,-17.442000000000064,-2.000000000000013
FDX,2025-08-06 00:00:00,2025-08-07 00:00:00,0.0110229892043356,2.0,2025-08-07 09:57:00,228.35,54.16803902989522,52.3833621720538,4,913.4,223.783,232.917,2025-08-08 09:37:00,223.7,STOP_LOSS_GAP,-18.600000000000023,-2.036347711845854
DLR,2025-08-06 00:00:00,2025-08-07 00:00:00,0.0362852778107015,6.0,2025-08-07 09:59:00,170.16,52.46661467226839,48.995007597011465,5,850.8,166.7568,173.5632,2025-08-08 15:59:00,169.96,WEEK_END_CLOSE,-0.9999999999999432,-0.11753643629524024
AJG,2025-08-06 00:00:00,2025-08-07 00:00:00,0.0335820895522388,5.0,2025-08-07 10:28:00,286.31,53.44666762437855,48.968470691110916,3,858.9300000000001,280.5838,292.0362,2025-08-08 10:06:00,292.0362,TAKE_PROFIT,17.178600000000017,2.0000000000000018
CDNS,2025-08-06 00:00:00,2025-08-07 00:00:00,0.1436651583710407,10.0,2025-08-07 10:29:00,356.97,49.23396218272302,44.00715379158198,2,713.94,349.8306,364.10940000000005,2025-08-07 12:46:00,349.8306,STOP_LOSS,-14.278800000000047,-2.0000000000000018
SNDK,2025-08-06 00:00:00,2025-08-07 00:00:00,0.0217391304347826,4.0,2025-08-07 10:31:00,41.66,49.3450347438815,46.13814378728822,24,999.8399999999999,40.8268,42.493199999999995,2025-08-07 11:10:00,40.8268,STOP_LOSS,-19.99679999999995,-1.9999999999999907
CMI,2025-08-06 00:00:00,2025-08-07 00:00:00,0.0422077922077922,7.0,2025-08-07 10:54:00,380.2699,48.11010460183854,44.938636819447204,2,760.5398,372.664502,387.875298,2025-08-08 09:57:00,387.875298,TAKE_PROFIT,15.21079599999996,2.0000000000000018
KKR,2025-08-06 00:00:00,2025-08-07 00:00:00,0.0176446393875865,3.0,2025-08-07 11:07:00,142.6,39.7767574101448,38.281943064083535,7,998.1999999999999,139.748,145.452,2025-08-08 15:59:00,142.67,WEEK_END_CLOSE,0.48999999999995225,0.04908835904626763
SNDK,2025-08-06 00:00:00,2025-08-07 00:00:00,0.0217391304347826,4.0,2025-08-07 11:17:00,41.065,41.9435543226302,41.20088774013655,24,985.56,40.2437,41.8863,2025-08-08 09:39:00,41.8863,TAKE_PROFIT,19.71120000000002,2.0000000000000018
MCO,2025-08-06 00:00:00,2025-08-07 00:00:00,0.0909090909090909,9.0,2025-08-07 11:21:00,517.34,47.89358532235251,46.709230507193865,1,517.34,506.9932,527.6868000000001,2025-08-08 15:59:00,515.3,WEEK_END_CLOSE,-2.0400000000000773,-0.3943248154018808
CMCSA,2025-08-06 00:00:00,2025-08-07 00:00:00,0.0091042326041862,1.0,2025-08-07 11:38:00,31.765,41.57539378621595,37.52340849848073,31,984.715,31.1297,32.4003,2025-08-08 15:59:00,31.665,WEEK_END_CLOSE,-3.100000000000044,-0.31481189988982194
CDNS,2025-08-06 00:00:00,2025-08-07 00:00:00,0.1436651583710407,10.0,2025-08-07 12:48:00,351.1,38.39262281317544,37.57467244030762,2,702.2,344.07800000000003,358.122,2025-08-08 15:59:00,352.38,WEEK_END_CLOSE,2.5599999999999454,0.36456849900312616
SPGI,2025-08-07 00:00:00,2025-08-08 00:00:00,0.0327922077922077,5.0,2025-08-08 09:46:00,559.325,54.624559051667624,53.71522490837739,1,559.325,548.1385,570.5115000000001,2025-08-08 15:59:00,556.08,WEEK_END_CLOSE,-3.2450000000000045,-0.5801635900415714
NSC,2025-08-07 00:00:00,2025-08-08 00:00:00,0.0226440226440226,3.0,2025-08-08 09:49:00,281.41,56.6315510052204,54.3865008781573,3,844.23,275.78180000000003,287.0382,2025-08-08 15:59:00,279.93,WEEK_END_CLOSE,-4.440000000000055,-0.5259230304537899
FDX,2025-08-07 00:00:00,2025-08-08 00:00:00,0.0276833544528699,4.0,2025-08-08 09:51:00,223.8626,51.793009242884516,40.29624916027469,4,895.4504,219.385348,228.33985199999998,2025-08-08 14:48:00,228.33985199999998,TAKE_PROFIT,17.90900799999997,2.0000000000000018
WELL,2025-08-07 00:00:00,2025-08-08 00:00:00,0.0666666666666666,9.0,2025-08-08 09:59:00,170.465,53.11586276381429,52.67436176819036,5,852.325,167.0557,173.8743,2025-08-08 15:59:00,168.17,WEEK_END_CLOSE,-11.47500000000008,-1.3463174258645516
JCI,2025-08-07 00:00:00,2025-08-08 00:00:00,0.0050847457627118,2.0,2025-08-08 10:02:00,105.145,60.30495773285708,59.0951476804394,9,946.305,103.04209999999999,107.2479,2025-08-08 15:59:00,105.51,WEEK_END_CLOSE,3.285000000000082,0.347139664273155
SNDK,2025-08-07 00:00:00,2025-08-08 00:00:00,0.0530035335689045,6.0,2025-08-08 10:19:00,43.32,71.03486999520777,68.10043776284307,23,996.36,42.4536,44.1864,2025-08-08 11:09:00,44.1864,TAKE_PROFIT,19.92719999999997,2.0000000000000018
AJG,2025-08-07 00:00:00,2025-08-08 00:00:00,0.0547945205479452,7.0,2025-08-08 10:26:00,293.39,66.88521448522313,65.17743022970322,3,880.17,287.5222,299.2578,2025-08-08 15:59:00,289.44,WEEK_END_CLOSE,-11.849999999999966,-1.3463308224547443
ITW,2025-08-07 00:00:00,2025-08-08 00:00:00,0.0,1.0,2025-08-08 10:30:00,258.475,59.47829420781011,58.91578412541658,3,775.4250000000001,253.30550000000002,263.64450000000005,2025-08-08 15:59:00,256.99,WEEK_END_CLOSE,-4.455000000000041,-0.5745236483218896
CSX,2025-08-07 00:00:00,2025-08-08 00:00:00,0.0752914733394817,10.0,2025-08-08 10:42:00,35.7947,69.66776835660264,66.29971507837134,27,966.4569,35.078806,36.510594,2025-08-08 15:59:00,35.45,WEEK_END_CLOSE,-9.306899999999892,-0.9629917278256128
SNDK,2025-08-07 00:00:00,2025-08-08 00:00:00,0.0530035335689045,6.0,2025-08-08 11:12:00,44.08,63.56276581889442,63.4430557149577,22,969.76,43.1984,44.9616,2025-08-08 15:59:00,44.34,WEEK_END_CLOSE,5.7200000000001125,0.5898366606170713
FDX,2025-08-07 00:00:00,2025-08-08 00:00:00,0.0276833544528699,4.0,2025-08-08 14:58:00,228.39,62.26986786534917,57.4215056186372,4,913.56,223.82219999999998,232.9578,2025-08-08 15:59:00,227.97,WEEK_END_CLOSE,-1.67999999999995,-0.18389596742414138
EMR,2025-08-08 00:00:00,2025-08-11 00:00:00,0.0567312708157778,8.0,2025-08-11 09:45:00,132.87,47.53902472445283,46.98882567156373,7,930.09,130.2126,135.5274,2025-08-15 15:59:00,131.71,WEEK_END_CLOSE,-8.119999999999976,-0.8730337924286902
AJG,2025-08-08 00:00:00,2025-08-11 00:00:00,0.0,1.0,2025-08-11 09:47:00,290.53,47.81155050891694,47.02875198395012,3,871.5899999999999,284.71939999999995,296.3406,2025-08-15 15:59:00,292.61,WEEK_END_CLOSE,6.240000000000123,0.7159329501256417
ITW,2025-08-08 00:00:00,2025-08-11 00:00:00,0.0294117647058823,4.0,2025-08-11 09:52:00,257.2,44.45506255760222,42.97294055947831,3,771.5999999999999,252.05599999999998,262.344,2025-08-13 09:35:00,262.344,TAKE_PROFIT,15.432000000000016,2.0000000000000018
SNDK,2025-08-08 00:00:00,2025-08-11 00:00:00,0.041182682154171,6.0,2025-08-11 09:52:00,45.22,53.55993975352227,50.61153247129289,22,994.8399999999999,44.315599999999996,46.1244,2025-08-11 14:44:00,44.315599999999996,STOP_LOSS,-19.896800000000056,-2.0000000000000018
CSX,2025-08-08 00:00:00,2025-08-11 00:00:00,0.0679047930918255,10.0,2025-08-11 09:57:00,35.425,49.194785563741796,48.963672447707744,28,991.8999999999999,34.716499999999996,36.1335,2025-08-14 09:40:00,36.1335,TAKE_PROFIT,19.838000000000022,2.0000000000000018
ROST,2025-08-08 00:00:00,2025-08-11 00:00:00,0.0251974862743747,3.0,2025-08-11 09:58:00,146.33,65.99324241046358,54.412289156432884,6,877.98,143.4034,149.25660000000002,2025-08-13 09:46:00,149.25660000000002,TAKE_PROFIT,17.559600000000046,2.0000000000000018
FDX,2025-08-08 00:00:00,2025-08-11 00:00:00,0.0435243232473894,7.0,2025-08-11 09:59:00,229.73,54.35803887422057,53.48449668029004,4,918.92,225.13539999999998,234.3246,2025-08-11 10:39:00,225.13539999999998,STOP_LOSS,-18.378400000000056,-2.0000000000000018
LIN,2025-08-08 00:00:00,2025-08-11 00:00:00,0.0317460317460317,5.0,2025-08-11 09:59:00,470.58,44.23167602396845,41.921492504111136,2,941.16,461.16839999999996,479.9916,2025-08-15 09:30:00,480.88,TAKE_PROFIT_GAP,20.600000000000023,2.1887883037953193
SPGI,2025-08-08 00:00:00,2025-08-11 00:00:00,0.0245840042941492,2.0,2025-08-11 10:21:00,558.99,52.59096318605475,49.3006600202494,1,558.99,547.8102,570.1698,2025-08-14 09:30:00,570.1698,TAKE_PROFIT,11.1798,2.0000000000000018
GLW,2025-08-08 00:00:00,2025-08-11 00:00:00,0.0616996420179723,9.0,2025-08-11 10:37:00,65.32,46.90521018799219,43.23643538001339,15,979.8,64.0136,66.62639999999999,2025-08-15 15:59:00,65.45,WEEK_END_CLOSE,1.950000000000145,0.19902020820576904
FDX,2025-08-08 00:00:00,2025-08-11 00:00:00,0.0435243232473894,7.0,2025-08-11 10:50:00,224.82,35.51333991771625,35.46136909318799,4,899.28,220.3236,229.3164,2025-08-12 10:04:00,229.46,TAKE_PROFIT_GAP,18.56000000000006,2.0638733208789395
SNDK,2025-08-08 00:00:00,2025-08-11 00:00:00,0.041182682154171,6.0,2025-08-11 14:45:00,44.47,52.28066754640213,45.182554697633385,22,978.3399999999999,43.5806,45.3594,2025-08-11 15:48:00,43.5806,STOP_LOSS,-19.566800000000043,-2.0000000000000018
NSC,2025-08-11 00:00:00,2025-08-12 00:00:00,0.0168954593453009,4.0,2025-08-12 09:46:00,279.64,57.537254027384016,54.39323479619952,3,838.92,274.0472,285.2328,2025-08-15 15:59:00,280.75,WEEK_END_CLOSE,3.330000000000041,0.39693892147045773
WMB,2025-08-11 00:00:00,2025-08-12 00:00:00,0.0622327790973871,9.0,2025-08-12 09:48:00,57.85,41.955969056783914,38.440597857910866,17,983.45,56.693,59.007000000000005,2025-08-15 15:59:00,57.46,WEEK_END_CLOSE,-6.63000000000001,-0.6741573033707926
APD,2025-08-11 00:00:00,2025-08-12 00:00:00,0.0857142857142857,10.0,2025-08-12 09:58:00,285.295,61.96743178724177,61.122081145601236,3,855.885,279.58910000000003,291.0009,2025-08-13 09:46:00,291.316,TAKE_PROFIT_GAP,18.062999999999874,2.1104470810914933
DUK,2025-08-11 00:00:00,2025-08-12 00:00:00,0.0213740458015267,5.0,2025-08-12 09:59:00,125.26,53.48016940796609,51.32023134868736,7,876.82,122.7548,127.76520000000001,2025-08-15 09:33:00,122.7548,STOP_LOSS,-17.536400000000015,-2.0000000000000018
FDX,2025-08-11 00:00:00,2025-08-12 00:00:00,0.0017167381974248,2.0,2025-08-12 10:26:00,231.77,68.4955831937057,67.74639261170329,4,927.08,227.1346,236.40540000000001,2025-08-13 09:30:00,227.1346,STOP_LOSS,-18.541600000000017,-2.0000000000000018
AON,2025-08-11 00:00:00,2025-08-12 00:00:00,0.0002237136465324,1.0,2025-08-12 10:43:00,363.405,45.66399244012254,42.558742993057535,2,726.81,356.13689999999997,370.6731,2025-08-13 11:12:00,370.6731,TAKE_PROFIT,14.536200000000008,2.0000000000000018
CMCSA,2025-08-11 00:00:00,2025-08-12 00:00:00,0.0428189116859946,8.0,2025-08-12 10:47:00,32.195,65.00634825045498,63.56916599885014,31,998.045,31.551099999999998,32.8389,2025-08-13 12:36:00,32.8389,TAKE_PROFIT,19.960900000000066,2.0000000000000018
FDX,2025-08-12 00:00:00,2025-08-13 00:00:00,0.0026833631484794,2.0,2025-08-13 09:45:00,223.51,36.75741174337835,36.31233778733177,4,894.04,219.03979999999999,227.9802,2025-08-13 11:16:00,227.9802,TAKE_PROFIT,17.880800000000022,2.0000000000000018
AMT,2025-08-12 00:00:00,2025-08-13 00:00:00,0.0813648293963254,10.0,2025-08-13 09:46:00,204.3025,45.219077165941236,36.87197809004448,4,817.21,200.21645,208.38855,2025-08-15 15:59:00,206.29,WEEK_END_CLOSE,7.949999999999932,0.9728221632138601
UPS,2025-08-12 00:00:00,2025-08-13 00:00:00,0.0789595375722543,9.0,2025-08-13 09:48:00,87.045,51.27535872228041,51.127621648478666,11,957.495,85.3041,88.7859,2025-08-14 10:55:00,88.7859,TAKE_PROFIT,19.14989999999996,2.0000000000000018
TEL,2025-08-12 00:00:00,2025-08-13 00:00:00,0.0,1.0,2025-08-13 09:54:00,205.55,62.90537896805942,59.21918010172206,4,822.2,201.43900000000002,209.661,2025-08-15 15:59:00,202.71,WEEK_END_CLOSE,-11.360000000000014,-1.381658963755783
HPE,2025-08-12 00:00:00,2025-08-13 00:00:00,0.012930508681332,6.0,2025-08-13 10:05:00,21.565,61.027864846668756,59.11972473181606,46,991.99,21.1337,21.9963,2025-08-14 09:30:00,21.1337,STOP_LOSS,-19.83980000000001,-2.0000000000000018
CRH,2025-08-12 00:00:00,2025-08-13 00:00:00,0.0508806262230919,7.0,2025-08-13 10:18:00,113.18,63.01384348063249,60.76303976536839,8,905.44,110.91640000000001,115.4436,2025-08-15 15:30:00,110.91640000000001,STOP_LOSS,-18.108799999999974,-2.0000000000000018
AON,2025-08-12 00:00:00,2025-08-13 00:00:00,0.0085278276481149,4.0,2025-08-13 11:27:00,370.492,60.581095001605874,56.4104796323321,2,740.984,363.08216,377.90184000000005,2025-08-15 15:59:00,367.24,WEEK_END_CLOSE,-6.504000000000019,-0.877751746326505
FDX,2025-08-12 00:00:00,2025-08-13 00:00:00,0.0026833631484794,2.0,2025-08-13 12:07:00,229.17,64.72473519067938,62.39059469340774,4,916.68,224.58659999999998,233.7534,2025-08-15 15:59:00,227.4,WEEK_END_CLOSE,-7.079999999999927,-0.7723524021468697
CMCSA,2025-08-12 00:00:00,2025-08-13 00:00:00,0.0033068783068783,3.0,2025-08-13 12:59:00,32.9,59.18461880612824,56.73608332221265,30,987.0,32.242,33.558,2025-08-15 15:59:00,33.47,WEEK_END_CLOSE,17.10000000000001,1.7325227963525869
MCO,2025-08-13 00:00:00,2025-08-14 00:00:00,0.0056497175141242,4.0,2025-08-14 09:45:00,521.48,56.06374054284689,51.56870719283002,1,521.48,511.0504,531.9096000000001,2025-08-15 15:59:00,516.6,WEEK_END_CLOSE,-4.8799999999999955,-0.9357981130628246
SPGI,2025-08-13 00:00:00,2025-08-14 00:00:00,0.008130081300813,6.0,2025-08-14 09:47:00,563.75,52.26140121789569,48.211434483113145,1,563.75,552.475,575.025,2025-08-15 15:59:00,556.59,WEEK_END_CLOSE,-7.159999999999968,-1.2700665188470017
ALL,2025-08-13 00:00:00,2025-08-14 00:00:00,0.0,2.0,2025-08-14 09:51:00,208.41,54.13894738846405,46.10500197450331,4,833.64,204.24179999999998,212.5782,2025-08-15 15:59:00,206.83,WEEK_END_CLOSE,-6.319999999999936,-0.7581210114677717
HPE,2025-08-13 00:00:00,2025-08-14 00:00:00,0.0541911804393587,9.0,2025-08-14 10:31:00,21.275,44.51083964805273,42.10426751412701,47,999.925,20.8495,21.700499999999998,2025-08-15 15:59:00,21.165,WEEK_END_CLOSE,-5.169999999999973,-0.5170387779083407
ECL,2025-08-13 00:00:00,2025-08-14 00:00:00,0.0,1.0,2025-08-14 10:33:00,279.7,49.252520182534674,48.60188899329653,3,839.0999999999999,274.106,285.294,2025-08-15 15:59:00,280.96,WEEK_END_CLOSE,3.7799999999999727,0.45048265999285686
PH,2025-08-13 00:00:00,2025-08-14 00:00:00,0.0193548387096774,7.0,2025-08-14 10:44:00,752.095,47.273117144327124,46.146875359191085,1,752.095,737.0531,767.1369000000001,2025-08-15 09:51:00,737.0531,STOP_LOSS,-15.041900000000055,-2.0000000000000018
ITW,2025-08-14 00:00:00,2025-08-15 00:00:00,0.0111801242236024,7.0,2025-08-15 09:45:00,262.785,52.79690215023629,47.75728304587932,3,788.355,257.52930000000003,268.0407,2025-08-15 15:59:00,258.65,WEEK_END_CLOSE,-12.405000000000143,-1.5735296915729724
HON,2025-08-14 00:00:00,2025-08-15 00:00:00,0.0238748627881448,9.0,2025-08-15 09:51:00,205.2309,53.07161176896173,52.491508926152996,4,820.9236,201.12628199999997,209.335518,2025-08-15 15:59:00,204.1942,WEEK_END_CLOSE,-4.146799999999985,-0.5051383587948988
WELL,2025-08-14 00:00:00,2025-08-15 00:00:00,0.0,1.0,2025-08-15 09:52:00,161.63,49.07864191576214,48.92632254838702,6,969.78,158.3974,164.8626,2025-08-15 15:59:00,162.95,WEEK_END_CLOSE,7.919999999999959,0.8166800717688494
KMI,2025-08-14 00:00:00,2025-08-15 00:00:00,0.0060761024964258,5.0,2025-08-15 10:13:00,26.735,49.68250410670162,47.20065542761832,37,989.1949999999999,26.2003,27.2697,2025-08-15 15:59:00,26.66,WEEK_END_CLOSE,-2.7749999999999737,-0.2805311389564191
CSX,2025-08-14 00:00:00,2025-08-15 00:00:00,0.0186575166202015,8.0,2025-08-15 10:24:00,36.12,49.063065933236324,40.887861054163814,27,975.2399999999999,35.3976,36.8424,2025-08-15 15:59:00,36.335,WEEK_END_CLOSE,5.805000000000092,0.5952380952381153
ICE,2025-08-14 00:00:00,2025-08-15 00:00:00,0.0241935483870967,10.0,2025-08-15 10:40:00,181.09,43.585471859834996,39.47764146782057,5,905.45,177.4682,184.7118,2025-08-15 15:59:00,181.21,WEEK_END_CLOSE,0.6000000000000227,0.06626539289855682
APD,2025-08-15 00:00:00,2025-08-18 00:00:00,0.0043763676148796,1.0,2025-08-18 09:45:00,289.09,42.69253673200416,41.42615632497631,3,867.27,283.30819999999994,294.8718,2025-08-22 09:30:00,295.0,TAKE_PROFIT_GAP,17.730000000000075,2.04434605140269
WMB,2025-08-15 00:00:00,2025-08-18 00:00:00,0.0421686746987951,10.0,2025-08-18 09:51:00,56.73,35.83629689614203,32.6798755317214,17,964.41,55.5954,57.864599999999996,2025-08-21 09:57:00,57.864599999999996,TAKE_PROFIT,19.288199999999982,2.0000000000000018
SPGI,2025-08-15 00:00:00,2025-08-18 00:00:00,0.0084388185654008,4.0,2025-08-18 09:59:00,554.55,42.45712799485976,34.15632000379252,1,554.55,543.459,565.641,2025-08-22 15:59:00,556.35,WEEK_END_CLOSE,1.8000000000000682,0.3245875033811352
USB,2025-08-15 00:00:00,2025-08-18 00:00:00,0.0166538164996144,5.0,2025-08-18 10:00:00,45.865,43.35000192607944,41.97649550059324,21,963.1650000000001,44.947700000000005,46.7823,2025-08-22 09:56:00,46.7823,TAKE_PROFIT,19.263299999999944,2.0000000000000018
AON,2025-08-15 00:00:00,2025-08-18 00:00:00,0.0072202166064981,2.0,2025-08-18 10:05:00,366.08,40.14488658221889,40.06658930120798,2,732.16,358.7584,373.4016,2025-08-20 09:30:00,373.93,TAKE_PROFIT_GAP,15.700000000000045,2.144340034965042
DUK,2025-08-15 00:00:00,2025-08-18 00:00:00,0.0205882352941176,6.0,2025-08-18 10:16:00,122.33,50.43039553982167,47.79504427147803,8,978.64,119.8834,124.7766,2025-08-20 09:30:00,124.7766,TAKE_PROFIT,19.57280000000003,2.0000000000000018
FDX,2025-08-15 00:00:00,2025-08-18 00:00:00,0.0072992700729927,3.0,2025-08-18 10:29:00,226.29,44.84692317851625,43.30082789289913,4,905.16,221.7642,230.8158,2025-08-19 09:43:00,230.8158,TAKE_PROFIT,18.103200000000015,2.0000000000000018
ITW,2025-08-15 00:00:00,2025-08-18 00:00:00,0.0274725274725274,7.0,2025-08-18 10:35:00,258.61,54.38389563352881,47.87116771096042,3,775.83,253.4378,263.78220000000005,2025-08-19 10:30:00,263.83,TAKE_PROFIT_GAP,15.659999999999911,2.0184834306484545
AFL,2025-08-15 00:00:00,2025-08-18 00:00:00,0.0406320541760722,9.0,2025-08-18 10:38:00,105.64,59.93771989285886,53.69941099843402,9,950.76,103.5272,107.75280000000001,2025-08-20 09:40:00,107.75280000000001,TAKE_PROFIT,19.015200000000064,2.0000000000000018
AJG,2025-08-15 00:00:00,2025-08-18 00:00:00,0.0289855072463768,8.0,2025-08-18 10:42:00,295.1,59.46658427250915,54.030918511950425,3,885.3000000000001,289.19800000000004,301.002,2025-08-19 15:57:00,301.002,TAKE_PROFIT,17.70599999999996,2.0000000000000018
GLW,2025-08-18 00:00:00,2025-08-19 00:00:00,0.0971168437025796,8.0,2025-08-19 09:57:00,64.94,46.23294189534006,42.191502855783995,15,974.0999999999999,63.6412,66.2388,2025-08-20 09:48:00,63.6412,STOP_LOSS,-19.482,-2.0000000000000018
MO,2025-08-18 00:00:00,2025-08-19 00:00:00,0.0255621615257829,5.0,2025-08-19 10:00:00,65.9454,53.21016807731112,44.87172945258543,15,989.181,64.626492,67.26430800000001,2025-08-20 09:38:00,67.26430800000001,TAKE_PROFIT,19.783620000000113,2.0000000000000018
WFC,2025-08-18 00:00:00,2025-08-19 00:00:00,0.1347663918335296,10.0,2025-08-19 10:02:00,77.61,61.23536713470441,57.58148420539373,12,931.3199999999999,76.0578,79.1622,2025-08-22 11:48:00,79.1622,TAKE_PROFIT,18.62639999999999,2.0000000000000018
HON,2025-08-18 00:00:00,2025-08-19 00:00:00,0.1020833333333333,9.0,2025-08-19 10:05:00,204.3214,57.31448838916416,53.76013508165462,4,817.2856,200.234972,208.40782800000002,2025-08-22 09:36:00,208.40782800000002,TAKE_PROFIT,16.34571200000005,2.0000000000000018
CMCSA,2025-08-18 00:00:00,2025-08-19 00:00:00,0.0032076205287713,1.0,2025-08-19 10:08:00,33.725,55.0535904782264,54.10956325909376,29,978.0250000000001,33.0505,34.3995,2025-08-22 10:33:00,34.3995,TAKE_PROFIT,19.560500000000054,2.0000000000000018
BMY,2025-08-18 00:00:00,2025-08-19 00:00:00,0.0520893288822378,6.0,2025-08-19 10:10:00,48.57,55.85842102204418,50.8776113537357,20,971.4,47.5986,49.5414,2025-08-20 10:12:00,49.5414,TAKE_PROFIT,19.428000000000054,2.0000000000000018
FDX,2025-08-18 00:00:00,2025-08-19 00:00:00,0.0120481927710843,3.0,2025-08-19 10:10:00,231.37,59.11673105873596,58.3737068144175,4,925.48,226.7426,235.9974,2025-08-21 09:30:00,226.31,STOP_LOSS_GAP,-20.24000000000001,-2.1869732463154268
MRK,2025-08-18 00:00:00,2025-08-19 00:00:00,0.0622177198092102,7.0,2025-08-19 10:15:00,85.405,67.08158199578585,61.15899123904603,11,939.455,83.6969,87.1131,2025-08-21 11:20:00,87.1131,TAKE_PROFIT,18.78910000000002,2.0000000000000018
CTAS,2025-08-18 00:00:00,2025-08-19 00:00:00,0.0039028620988725,2.0,2025-08-19 10:26:00,216.01,56.34164982236289,53.427750270927184,4,864.04,211.6898,220.3302,2025-08-22 15:59:00,215.58,WEEK_END_CLOSE,-1.7199999999999136,-0.1990648581084109
CRM,2025-08-19 00:00:00,2025-08-20 00:00:00,0.1514839491217444,8.0,2025-08-20 09:52:00,246.37,58.72504741933445,56.56466175528319,4,985.48,241.4426,251.2974,2025-08-21 09:40:00,241.4426,STOP_LOSS,-19.709600000000023,-2.0000000000000018
GILD,2025-08-19 00:00:00,2025-08-20 00:00:00,0.0417840375586854,4.0,2025-08-20 09:58:00,120.2189,59.388151074334154,58.60143352508055,8,961.7512,117.814522,122.62327800000001,2025-08-21 09:30:00,115.5,STOP_LOSS_GAP,-37.75120000000004,-3.9252563448842093
GLW,2025-08-19 00:00:00,2025-08-20 00:00:00,0.1589147286821705,10.0,2025-08-20 10:03:00,63.83,52.7047568039551,45.67387765677933,15,957.4499999999999,62.553399999999996,65.1066,2025-08-21 14:18:00,65.11,TAKE_PROFIT_GAP,19.200000000000017,2.0053266489111765
MO,2025-08-19 00:00:00,2025-08-20 00:00:00,0.0797196333667103,5.0,2025-08-20 10:18:00,67.7,67.10627923644842,63.98816235993829,14,947.8000000000001,66.346,69.054,2025-08-22 15:59:00,67.67,WEEK_END_CLOSE,-0.4200000000000159,-0.04431314623338789
HPE,2025-08-19 00:00:00,2025-08-20 00:00:00,0.0293504064455794,3.0,2025-08-20 10:19:00,20.585,36.39783474194636,31.625252093754106,48,988.08,20.1733,20.9967,2025-08-20 11:23:00,20.9967,TAKE_PROFIT,19.761599999999987,2.0000000000000018
NEE,2025-08-19 00:00:00,2025-08-20 00:00:00,0.1555062995800279,9.0,2025-08-20 10:51:00,76.25,48.547768312738846,46.83513445812046,13,991.25,74.725,77.775,2025-08-22 15:59:00,76.32,WEEK_END_CLOSE,0.9099999999999113,0.09180327868851812
BMY,2025-08-19 00:00:00,2025-08-20 00:00:00,0.1352537722908093,6.0,2025-08-20 11:32:00,48.445,39.30527881588333,33.644818800303334,20,968.9,47.4761,49.4139,2025-08-22 15:59:00,47.9,WEEK_END_CLOSE,-10.900000000000034,-1.1249870987718014
HPE,2025-08-19 00:00:00,2025-08-20 00:00:00,0.0293504064455794,3.0,2025-08-20 11:45:00,21.025,60.097846696685124,60.00315127499513,47,988.175,20.604499999999998,21.4455,2025-08-21 09:30:00,21.68,TAKE_PROFIT_GAP,30.785000000000053,3.115338882282992
PG,2025-08-20 00:00:00,2025-08-21 00:00:00,0.042492513902752,4.0,2025-08-21 09:48:00,158.395,47.274089289994926,46.3364187172412,6,950.3700000000001,155.2271,161.5629,2025-08-22 15:59:00,158.66,WEEK_END_CLOSE,1.5899999999999181,0.16730326083524982
KKR,2025-08-20 00:00:00,2025-08-21 00:00:00,0.0183591508892713,3.0,2025-08-21 09:49:00,137.41,51.546580465010095,47.25953426421064,7,961.87,134.6618,140.1582,2025-08-22 10:00:00,140.1582,TAKE_PROFIT,19.23739999999998,2.0000000000000018
CVS,2025-08-20 00:00:00,2025-08-21 00:00:00,0.0540876425136434,6.0,2025-08-21 09:51:00,70.7204,42.608531381719104,39.454005027704156,14,990.0856,69.305992,72.13480799999999,2025-08-22 09:32:00,72.13480799999999,TAKE_PROFIT,19.801711999999924,2.0000000000000018
FDX,2025-08-20 00:00:00,2025-08-21 00:00:00,0.0165289256198347,2.0,2025-08-21 09:51:00,225.33,37.49721909808304,35.30159741294801,4,901.32,220.82340000000002,229.8366,2025-08-22 10:00:00,229.8366,TAKE_PROFIT,18.026399999999967,2.0000000000000018
ETN,2025-08-20 00:00:00,2025-08-21 00:00:00,0.0952380952380952,10.0,2025-08-21 09:56:00,346.991,61.62005279083424,60.47664973925855,2,693.982,340.05118,353.93082,2025-08-22 15:59:00,347.61,WEEK_END_CLOSE,1.2380000000000564,0.17839079399755153
WDC,2025-08-20 00:00:00,2025-08-21 00:00:00,0.0647098065376917,8.0,2025-08-21 10:02:00,75.57,58.61844276877478,58.60775063253421,13,982.4099999999999,74.0586,77.08139999999999,2025-08-22 14:20:00,77.08139999999999,TAKE_PROFIT,19.64819999999993,2.0000000000000018
FCX,2025-08-21 00:00:00,2025-08-22 00:00:00,0.0771938057250117,8.0,2025-08-22 09:45:00,41.93,60.78714766942198,57.58448286855715,23,964.39,41.0914,42.7686,2025-08-22 10:10:00,42.7686,TAKE_PROFIT,19.28779999999999,2.0000000000000018
ABBV,2025-08-21 00:00:00,2025-08-22 00:00:00,0.1047661469933184,9.0,2025-08-22 10:00:00,210.795,53.671814211495615,44.788858419603656,4,843.18,206.57909999999998,215.0109,2025-08-22 15:59:00,210.62,WEEK_END_CLOSE,-0.6999999999999318,-0.083019046941335
APO,2025-08-21 00:00:00,2025-08-22 00:00:00,0.0141200951248513,2.0,2025-08-22 10:00:00,136.505,72.82397770418714,52.66597826620184,7,955.535,133.7749,139.2351,2025-08-22 15:59:00,134.26,WEEK_END_CLOSE,-15.715000000000032,-1.644628401890047
GLW,2025-08-21 00:00:00,2025-08-22 00:00:00,0.0670731707317073,7.0,2025-08-22 10:00:00,65.93,79.83803919222383,54.87265424955595,15,988.95,64.6114,67.24860000000001,2025-08-22 15:59:00,65.76,WEEK_END_CLOSE,-2.5500000000000256,-0.2578492340361005
KMI,2025-08-21 00:00:00,2025-08-22 00:00:00,0.0403387039868281,4.0,2025-08-22 10:16:00,26.875,53.830355197387384,50.7377364744121,37,994.375,26.3375,27.4125,2025-08-22 15:59:00,26.69,WEEK_END_CLOSE,-6.844999999999953,-0.6883720930232484
EMR,2025-08-21 00:00:00,2025-08-22 00:00:00,0.1168831168831168,10.0,2025-08-22 10:25:00,133.225,63.50784489347755,60.14530734466046,7,932.5749999999999,130.5605,135.8895,2025-08-22 15:59:00,133.71,WEEK_END_CLOSE,3.3950000000000955,0.36404578720210523
FCX,2025-08-21 00:00:00,2025-08-22 00:00:00,0.0771938057250117,8.0,2025-08-22 10:25:00,42.81,64.30047060571971,63.58687849943461,23,984.6300000000001,41.9538,43.6662,2025-08-22 15:59:00,43.28,WEEK_END_CLOSE,10.809999999999974,1.097874328427939
FDX,2025-08-21 00:00:00,2025-08-22 00:00:00,0.0014781966001478,1.0,2025-08-22 10:35:00,235.2675,73.77178493857686,73.51746647657927,4,941.07,230.56215,239.97285000000002,2025-08-22 15:59:00,236.81,WEEK_END_CLOSE,6.169999999999959,0.655636668898163
AFL,2025-08-21 00:00:00,2025-08-22 00:00:00,0.0416666666666666,5.0,2025-08-22 10:55:00,109.24,58.15505919971156,55.65068770297134,9,983.16,107.0552,111.42479999999999,2025-08-22 15:59:00,108.44,WEEK_END_CLOSE,-7.199999999999974,-0.7323324789454411
CMCSA,2025-08-21 00:00:00,2025-08-22 00:00:00,0.014627659574468,3.0,2025-08-22 11:18:00,34.165,54.3709463264371,50.75665712228222,29,990.785,33.4817,34.8483,2025-08-22 15:59:00,34.16,WEEK_END_CLOSE,-0.14500000000007418,-0.014634860237094927
EMR,2025-08-22 00:00:00,2025-08-25 00:00:00,0.0694444444444444,5.0,2025-08-25 09:45:00,133.74,45.194674601957395,45.06405685767153,7,936.1800000000001,131.0652,136.4148,2025-08-29 15:59:00,131.92,WEEK_END_CLOSE,-12.740000000000151,-1.3608494093016454
HPE,2025-08-22 00:00:00,2025-08-25 00:00:00,0.0788165954004391,7.0,2025-08-25 09:48:00,22.445,45.44753780618129,44.12598561210761,44,987.58,21.9961,22.893900000000002,2025-08-28 09:32:00,22.893900000000002,TAKE_PROFIT,19.75160000000008,2.0000000000000018
CVS,2025-08-22 00:00:00,2025-08-25 00:00:00,0.1126121684252046,9.0,2025-08-25 09:49:00,71.255,48.67188002789543,48.01268981434572,14,997.5699999999999,69.8299,72.6801,2025-08-29 09:33:00,72.6801,TAKE_PROFIT,19.951400000000007,2.0000000000000018
KKR,2025-08-22 00:00:00,2025-08-25 00:00:00,0.0516080777860882,4.0,2025-08-25 09:49:00,141.395,43.726804681436946,43.37526860712582,7,989.7650000000001,138.5671,144.2229,2025-08-26 09:30:00,138.21,STOP_LOSS_GAP,-22.295000000000016,-2.2525548993953093
CMCSA,2025-08-22 00:00:00,2025-08-25 00:00:00,0.000914913083257,1.0,2025-08-25 09:55:00,34.095,62.33382719569271,60.08251675340876,29,988.755,33.4131,34.7769,2025-08-28 09:47:00,33.4131,STOP_LOSS,-19.775099999999966,-2.0000000000000018
SNPS,2025-08-22 00:00:00,2025-08-25 00:00:00,0.1313868613138686,10.0,2025-08-25 09:56:00,601.49,44.55563694808696,44.37941258794675,1,601.49,589.4602,613.5198,2025-08-28 10:28:00,613.5198,TAKE_PROFIT,12.029800000000023,2.0000000000000018
SO,2025-08-22 00:00:00,2025-08-25 00:00:00,0.1043165467625899,8.0,2025-08-25 10:18:00,93.71,41.932241390717266,41.779008329456964,10,937.0999999999999,91.83579999999999,95.5842,2025-08-29 15:59:00,92.32,WEEK_END_CLOSE,-13.900000000000006,-1.4832995411375505
SPGI,2025-08-22 00:00:00,2025-08-25 00:00:00,0.0714285714285714,6.0,2025-08-25 10:18:00,552.9015,44.00418552363522,40.550353898673244,1,552.9015,541.84347,563.9595300000001,2025-08-29 15:59:00,548.44,WEEK_END_CLOSE,-4.461500000000001,-0.8069249224319397
FDX,2025-08-22 00:00:00,2025-08-25 00:00:00,0.0094562647754137,3.0,2025-08-25 10:28:00,233.805,45.446401516397614,41.80817540661595,4,935.22,229.12890000000002,238.4811,2025-08-28 10:21:00,229.12890000000002,STOP_LOSS,-18.704399999999964,-1.9999999999999907
KMI,2025-08-22 00:00:00,2025-08-25 00:00:00,0.0049530099060198,2.0,2025-08-25 10:55:00,26.495,42.91527411114354,39.22112814967881,37,980.315,25.9651,27.024900000000002,2025-08-28 15:55:00,27.024900000000002,TAKE_PROFIT,19.60630000000005,2.0000000000000018
GILD,2025-08-25 00:00:00,2025-08-26 00:00:00,0.1616939364773821,8.0,2025-08-26 09:59:00,114.72,53.96897411205589,53.091202025086154,8,917.76,112.4256,117.0144,2025-08-28 14:33:00,112.4256,STOP_LOSS,-18.355199999999968,-2.0000000000000018
MDT,2025-08-25 00:00:00,2025-08-26 00:00:00,0.1705583756345177,9.0,2025-08-26 10:05:00,92.12,49.726576580014225,48.88148960263651,10,921.2,90.2776,93.9624,2025-08-29 15:59:00,92.82,WEEK_END_CLOSE,6.999999999999886,0.7598784194528863
MCK,2025-08-25 00:00:00,2025-08-26 00:00:00,0.1343283582089552,5.0,2025-08-26 10:07:00,678.12,44.439330334840086,43.51575874572916,1,678.12,664.5576,691.6824,2025-08-29 15:59:00,687.09,WEEK_END_CLOSE,8.970000000000027,1.322774730136267
UBER,2025-08-25 00:00:00,2025-08-26 00:00:00,0.1821547872982654,10.0,2025-08-26 10:09:00,95.57,50.22533410477521,47.54743439576543,10,955.6999999999999,93.65859999999999,97.4814,2025-08-29 09:39:00,93.65859999999999,STOP_LOSS,-19.114000000000004,-2.0000000000000018
HON,2025-08-25 00:00:00,2025-08-26 00:00:00,0.1510574018126888,7.0,2025-08-26 10:21:00,208.7041,51.894635970281755,51.68883002973124,4,834.8164,204.530018,212.878182,2025-08-29 15:59:00,206.8049,WEEK_END_CLOSE,-7.59680000000003,-0.9099964974334518
BSX,2025-08-26 00:00:00,2025-08-27 00:00:00,0.1180648024855747,7.0,2025-08-27 09:47:00,106.5455,61.8903495549457,56.85932382754533,9,958.9095,104.41459,108.67641,2025-08-29 15:59:00,105.55,WEEK_END_CLOSE,-8.959500000000062,-0.9343426048026515
MDLZ,2025-08-26 00:00:00,2025-08-27 00:00:00,0.1333333333333333,9.0,2025-08-27 09:49:00,61.65,49.649855108194245,48.61807319420572,16,986.4,60.416999999999994,62.883,2025-08-29 15:59:00,61.45,WEEK_END_CLOSE,-3.199999999999932,-0.32441200324411223
KKR,2025-08-26 00:00:00,2025-08-27 00:00:00,0.0338983050847457,4.0,2025-08-27 09:52:00,140.69,59.43251466362739,57.924908843295576,7,984.8299999999999,137.87619999999998,143.5038,2025-08-29 15:59:00,139.56,WEEK_END_CLOSE,-7.909999999999968,-0.8031843059208121
ETN,2025-08-26 00:00:00,2025-08-27 00:00:00,0.1245674740484429,8.0,2025-08-27 09:57:00,351.9,55.219831074828484,51.2062574019152,2,703.8,344.86199999999997,358.938,2025-08-29 15:59:00,349.24,WEEK_END_CLOSE,-5.319999999999936,-0.7558965615231505
ADI,2025-08-26 00:00:00,2025-08-27 00:00:00,0.1349693251533742,10.0,2025-08-27 10:35:00,253.3999,39.682640650414406,37.86064025955125,3,760.1997,248.33190199999999,258.467898,2025-08-29 15:59:00,251.28,WEEK_END_CLOSE,-6.359700000000004,-0.8365828084383575
AMGN,2025-08-27 00:00:00,2025-08-28 00:00:00,0.1122047244094488,10.0,2025-08-28 09:48:00,286.13,48.521746972367126,46.430336013851814,3,858.39,280.4074,291.8526,2025-08-29 15:59:00,287.71,WEEK_END_CLOSE,4.739999999999952,0.5521965540139062
USB,2025-08-27 00:00:00,2025-08-28 00:00:00,0.0067379390890306,2.0,2025-08-28 09:49:00,48.7,48.73690708497838,47.66320453262969,20,974.0,47.726,49.67400000000001,2025-08-29 15:59:00,48.87,WEEK_END_CLOSE,3.399999999999892,0.34907597535933643
EOG,2025-08-27 00:00:00,2025-08-28 00:00:00,0.0637450199203187,7.0,2025-08-28 09:50:00,122.51,47.95752587549284,42.48610568730665,8,980.08,120.05980000000001,124.9602,2025-08-29 09:41:00,124.9602,TAKE_PROFIT,19.601599999999962,2.0000000000000018
BMY,2025-08-27 00:00:00,2025-08-28 00:00:00,0.0352609308885754,4.0,2025-08-28 09:51:00,47.32,51.80440715780102,49.4175157691645,21,993.72,46.373599999999996,48.266400000000004,2025-08-29 15:59:00,47.2,WEEK_END_CLOSE,-2.5199999999999463,-0.2535925612848655
CI,2025-08-27 00:00:00,2025-08-28 00:00:00,0.0976909413854351,9.0,2025-08-28 09:53:00,298.13,51.50350728200862,49.72839281465982,3,894.39,292.1674,304.0926,2025-08-29 15:59:00,301.12,WEEK_END_CLOSE,8.970000000000027,1.0029181900513162
CMCSA,2025-08-27 00:00:00,2025-08-28 00:00:00,0.0101394169835234,3.0,2025-08-28 09:58:00,33.5799,49.202591803863974,46.54506702176841,29,973.8171000000001,32.908302,34.251498000000005,2025-08-29 15:59:00,33.99,WEEK_END_CLOSE,11.892899999999997,1.2212662932289842
CTAS,2025-08-27 00:00:00,2025-08-28 00:00:00,0.0416666666666666,6.0,2025-08-28 10:17:00,211.1,46.63983987080469,38.154931892843855,4,844.4,206.878,215.322,2025-08-28 13:13:00,206.878,STOP_LOSS,-16.888000000000034,-2.0000000000000018
FDX,2025-08-27 00:00:00,2025-08-28 00:00:00,0.0025388765471278,1.0,2025-08-28 10:27:00,229.28,39.076548791761596,36.92472329014209,4,917.12,224.6944,233.8656,2025-08-29 15:59:00,231.07,WEEK_END_CLOSE,7.159999999999968,0.7807048150732632
CSCO,2025-08-27 00:00:00,2025-08-28 00:00:00,0.0973825226710634,8.0,2025-08-28 10:47:00,68.8599,56.75229424477897,54.87704196710787,14,964.0386,67.48270199999999,70.237098,2025-08-29 15:59:00,69.13,WEEK_END_CLOSE,3.7813999999999908,0.3922457046844352
CTAS,2025-08-27 00:00:00,2025-08-28 00:00:00,0.0416666666666666,6.0,2025-08-28 13:22:00,207.07,39.28661957948357,37.67575024897349,4,828.28,202.9286,211.2114,2025-08-29 15:59:00,210.11,WEEK_END_CLOSE,12.160000000000082,1.4681025740088005
VRT,2025-08-28 00:00:00,2025-08-29 00:00:00,0.1166425792106726,10.0,2025-08-29 09:53:00,129.67,36.62963023309027,35.24214824946682,7,907.6899999999999,127.07659999999998,132.2634,2025-08-29 10:26:00,127.07659999999998,STOP_LOSS,-18.153800000000018,-2.0000000000000018
WBD,2025-08-28 00:00:00,2025-08-29 00:00:00,0.0605317744672826,7.0,2025-08-29 10:17:00,11.735,38.354940696158344,35.527394752069554,85,997.4749999999999,11.5003,11.9697,2025-08-29 15:23:00,11.5003,STOP_LOSS,-19.94950000000001,-2.0000000000000018
KO,2025-08-28 00:00:00,2025-08-29 00:00:00,0.1109120969964177,9.0,2025-08-29 10:20:00,68.775,50.560678766366514,49.60054636111643,14,962.8500000000001,67.3995,70.15050000000001,2025-08-29 15:59:00,69.02,WEEK_END_CLOSE,3.4299999999998647,0.3562340966920985
VRT,2025-08-28 00:00:00,2025-08-29 00:00:00,0.1166425792106726,10.0,2025-08-29 10:27:00,127.07,34.80549248207224,32.87513982747745,7,889.49,124.5286,129.6114,2025-08-29 15:59:00,127.55,WEEK_END_CLOSE,3.360000000000028,0.3777445502479049
RTX,2025-08-28 00:00:00,2025-08-29 00:00:00,0.0324677435080763,6.0,2025-08-29 10:34:00,159.14,44.113268429539026,40.03332172225689,6,954.8399999999999,155.95719999999997,162.3228,2025-08-29 15:59:00,158.64,WEEK_END_CLOSE,-3.0,-0.3141887646097796
WBD,2025-08-28 00:00:00,2025-08-29 00:00:00,0.0605317744672826,7.0,2025-08-29 15:30:00,11.5099,39.91521870883816,32.24538239590309,86,989.8514,11.279702,11.740098,2025-08-29 15:59:00,11.63,WEEK_END_CLOSE,10.328600000000066,1.0434495521246978
BSX,2025-08-29 00:00:00,2025-09-02 00:00:00,0.0472494093823827,4.0,2025-09-02 09:45:00,105.06,50.603370614277246,46.59085034138665,9,945.54,102.9588,107.16120000000001,2025-09-03 09:34:00,107.16120000000001,TAKE_PROFIT,18.91080000000005,2.0000000000000018
EMR,2025-08-29 00:00:00,2025-09-02 00:00:00,0.0666666666666666,6.0,2025-09-02 09:48:00,130.415,47.943990803011054,46.59671252740286,7,912.905,127.80669999999999,133.0233,2025-09-04 15:58:00,133.0233,TAKE_PROFIT,18.2581000000001,2.0000000000000018
USB,2025-08-29 00:00:00,2025-09-02 00:00:00,0.0422832980972515,3.0,2025-09-02 09:49:00,48.15,42.59342799241329,38.33020860745462,20,963.0,47.187,49.113,2025-09-04 13:48:00,49.113,TAKE_PROFIT,19.26000000000002,2.0000000000000018
ABNB,2025-08-29 00:00:00,2025-09-02 00:00:00,0.0675375208449138,7.0,2025-09-02 09:50:00,129.045,49.05860164494502,44.765480374017,7,903.3149999999999,126.46409999999999,131.6259,2025-09-02 12:06:00,126.46409999999999,STOP_LOSS,-18.0663,-2.0000000000000018
CMCSA,2025-08-29 00:00:00,2025-09-02 00:00:00,0.025,2.0,2025-09-02 09:52:00,33.845,54.43152821618279,52.69695206616816,29,981.505,33.168099999999995,34.5219,2025-09-05 15:59:00,33.92,WEEK_END_CLOSE,2.1750000000000824,0.22159846358400515
AMGN,2025-08-29 00:00:00,2025-09-02 00:00:00,0.0906593406593406,8.0,2025-09-02 09:57:00,287.41,55.0783510003665,53.07915657877939,3,862.23,281.6618,293.1582,2025-09-03 10:43:00,281.6618,STOP_LOSS,-17.24459999999999,-2.0000000000000018
UPS,2025-08-29 00:00:00,2025-09-02 00:00:00,0.0922208004235979,9.0,2025-09-02 09:59:00,85.7,41.319356651315275,40.90981370479394,11,942.7,83.986,87.414,2025-09-04 10:23:00,83.986,STOP_LOSS,-18.853999999999985,-2.0000000000000018
FDX,2025-08-29 00:00:00,2025-09-02 00:00:00,0.0003720930232558,1.0,2025-09-02 10:03:00,224.96,45.81522324330634,41.40967444910212,4,899.84,220.4608,229.4592,2025-09-05 10:06:00,229.4592,TAKE_PROFIT,17.996800000000007,2.0000000000000018
COHR,2025-08-29 00:00:00,2025-09-02 00:00:00,0.0476190476190476,5.0,2025-09-02 10:20:00,86.88,40.33382027588252,40.03721171875784,11,955.68,85.1424,88.6176,2025-09-03 10:04:00,88.64,TAKE_PROFIT_GAP,19.360000000000056,2.02578268876612
ROST,2025-08-29 00:00:00,2025-09-02 00:00:00,0.1115577889447236,10.0,2025-09-02 10:41:00,149.935,69.45842843071229,66.122591765237,6,899.61,146.9363,152.93370000000002,2025-09-04 12:52:00,152.93370000000002,TAKE_PROFIT,17.992200000000082,2.0000000000000018
ABNB,2025-08-29 00:00:00,2025-09-02 00:00:00,0.0675375208449138,7.0,2025-09-02 12:30:00,126.59,48.51251922979801,38.9133581554921,7,886.13,124.0582,129.1218,2025-09-04 09:30:00,124.0582,STOP_LOSS,-17.72260000000003,-2.0000000000000018
CSX,2025-09-02 00:00:00,2025-09-03 00:00:00,0.1592241390929307,10.0,2025-09-03 09:46:00,32.195,51.84222778911941,50.738144182953825,31,998.045,31.551099999999998,32.8389,2025-09-05 15:59:00,32.53,WEEK_END_CLOSE,10.385000000000026,1.0405342444478993
TJX,2025-09-02 00:00:00,2025-09-03 00:00:00,0.1113205965571539,6.0,2025-09-03 09:57:00,138.76,55.44312258700111,54.43252247365292,7,971.3199999999999,135.98479999999998,141.5352,2025-09-05 15:59:00,139.25,WEEK_END_CLOSE,3.4300000000000637,0.35312770250792713
MCO,2025-09-02 00:00:00,2025-09-03 00:00:00,0.0754310344827586,4.0,2025-09-03 10:03:00,496.155,47.097598055728916,46.40316682030605,2,992.31,486.23189999999994,506.0781,2025-09-05 15:59:00,499.41,WEEK_END_CLOSE,6.510000000000105,0.6560449859418949
WELL,2025-09-02 00:00:00,2025-09-03 00:00:00,0.0666666666666666,3.0,2025-09-03 10:04:00,167.83,56.65541244416943,53.972529114658236,5,839.1500000000001,164.4734,171.18660000000003,2025-09-05 10:07:00,164.4734,STOP_LOSS,-16.783000000000072,-2.000000000000013
AJG,2025-09-02 00:00:00,2025-09-03 00:00:00,0.0269525267993874,1.0,2025-09-03 10:11:00,303.78,55.10135057843471,51.649319608999086,3,911.3399999999999,297.70439999999996,309.8556,2025-09-05 10:30:00,297.61,STOP_LOSS_GAP,-18.509999999999877,-2.0310751201527255
WM,2025-09-02 00:00:00,2025-09-03 00:00:00,0.0565457897971727,2.0,2025-09-03 10:11:00,223.995,47.432674389274005,45.82951347416205,4,895.98,219.5151,228.47490000000002,2025-09-05 11:54:00,219.5151,STOP_LOSS,-17.91960000000006,-2.0000000000000018
HCA,2025-09-02 00:00:00,2025-09-03 00:00:00,0.1451612903225806,8.0,2025-09-03 10:21:00,404.615,55.01133907804787,50.32156667915452,2,809.23,396.5227,412.70730000000003,2025-09-04 10:22:00,412.70730000000003,TAKE_PROFIT,16.184600000000046,2.0000000000000018
NOC,2025-09-02 00:00:00,2025-09-03 00:00:00,0.1568627450980392,9.0,2025-09-03 10:34:00,579.39,43.88493563646062,37.04146431632857,1,579.39,567.8022,590.9778,2025-09-05 15:59:00,580.59,WEEK_END_CLOSE,1.2000000000000455,0.20711437891576256
KKR,2025-09-02 00:00:00,2025-09-03 00:00:00,0.1426371149511645,7.0,2025-09-03 10:42:00,136.47,43.64095845487042,39.58691568625797,7,955.29,133.7406,139.1994,2025-09-03 13:45:00,133.7406,STOP_LOSS,-19.105799999999988,-2.0000000000000018
KKR,2025-09-02 00:00:00,2025-09-03 00:00:00,0.1426371149511645,7.0,2025-09-03 14:02:00,133.874,48.85336332151777,41.789145752818534,7,937.1179999999999,131.19652,136.55148,2025-09-04 10:30:00,136.619,TAKE_PROFIT_GAP,19.215000000000032,2.0504354841119232
GILD,2025-09-03 00:00:00,2025-09-04 00:00:00,0.0414321284090334,7.0,2025-09-04 09:46:00,113.38,60.61253628536159,56.1512062173572,8,907.04,111.1124,115.6476,2025-09-05 14:54:00,115.6476,TAKE_PROFIT,18.140800000000013,2.0000000000000018
VLO,2025-09-03 00:00:00,2025-09-04 00:00:00,0.0594384614320495,9.0,2025-09-04 09:48:00,156.08,61.66011524080874,61.169820508999784,6,936.48,152.9584,159.2016,2025-09-05 15:59:00,156.71,WEEK_END_CLOSE,3.7799999999999727,0.4036391594054223
ECL,2025-09-03 00:00:00,2025-09-04 00:00:00,0.0060698027314112,3.0,2025-09-04 09:53:00,274.72,62.89787253817275,61.37853489781002,3,824.1600000000001,269.22560000000004,280.2144,2025-09-05 15:59:00,273.59,WEEK_END_CLOSE,-3.390000000000157,-0.41132789749565024
LOW,2025-09-03 00:00:00,2025-09-04 00:00:00,0.0606274302395669,10.0,2025-09-04 10:23:00,262.9,62.63426616120074,55.66985710892017,3,788.6999999999999,257.642,268.15799999999996,2025-09-05 09:30:00,268.15799999999996,TAKE_PROFIT,15.773999999999944,2.0000000000000018
SPGI,2025-09-03 00:00:00,2025-09-04 00:00:00,0.0110786234768232,4.0,2025-09-04 10:23:00,542.32,65.68888351975642,63.96395398221513,1,542.32,531.4736,553.1664000000001,2025-09-05 15:59:00,537.96,WEEK_END_CLOSE,-4.360000000000014,-0.8039533854550807
AON,2025-09-03 00:00:00,2025-09-04 00:00:00,0.0,1.0,2025-09-04 10:43:00,373.5,59.919335035986066,55.51648917421645,2,747.0,366.03,380.97,2025-09-05 15:59:00,370.13,WEEK_END_CLOSE,-6.740000000000009,-0.9022757697456529
ICE,2025-09-04 00:00:00,2025-09-05 00:00:00,0.0198255352894528,4.0,2025-09-05 09:51:00,174.42,52.65937916971693,52.1895168727608,5,872.0999999999999,170.93159999999997,177.9084,2025-09-05 15:59:00,174.33,WEEK_END_CLOSE,-0.44999999999987494,-0.051599587203288166
MCK,2025-09-04 00:00:00,2025-09-05 00:00:00,0.0178323594929032,3.0,2025-09-05 09:55:00,686.0988,49.96987605689667,40.23018794065166,1,686.0988,672.3768239999999,699.820776,2025-09-05 15:59:00,687.2,WEEK_END_CLOSE,1.1012000000000626,0.16050166535783728
HCA,2025-09-04 00:00:00,2025-09-05 00:00:00,0.0753690753690753,9.0,2025-09-05 10:15:00,416.18,64.35658256653176,59.855459729924895,2,832.36,407.8564,424.5036,2025-09-05 15:59:00,420.92,WEEK_END_CLOSE,9.480000000000018,1.1389302705560045
FDX,2025-09-04 00:00:00,2025-09-05 00:00:00,0.0358012112979,7.0,2025-09-05 10:53:00,225.7,50.1674879817532,47.76684517417292,4,902.8,221.18599999999998,230.214,2025-09-05 15:59:00,227.64,WEEK_END_CLOSE,7.759999999999991,0.8595480726628191
LITE,2025-09-04 00:00:00,2025-09-05 00:00:00,0.0856278366111951,10.0,2025-09-05 10:53:00,146.07,52.45298561729512,49.097415730192054,6,876.42,143.1486,148.9914,2025-09-05 13:23:00,148.9914,TAKE_PROFIT,17.528400000000033,2.0000000000000018
LITE,2025-09-04 00:00:00,2025-09-05 00:00:00,0.0856278366111951,10.0,2025-09-05 14:10:00,148.805,60.920190096051755,57.09816606043022,6,892.83,145.8289,151.7811,2025-09-05 15:59:00,149.46,WEEK_END_CLOSE,3.930000000000007,0.4401733812707809
ECL,2025-09-05 00:00:00,2025-09-08 00:00:00,0.0784313725490196,7.0,2025-09-08 09:46:00,273.015,47.87776577760471,45.39821443692239,3,819.045,267.55469999999997,278.4753,2025-09-12 15:59:00,272.61,WEEK_END_CLOSE,-1.2149999999999181,-0.14834349761001508
WBD,2025-09-05 00:00:00,2025-09-08 00:00:00,0.0860269134638463,9.0,2025-09-08 09:47:00,12.025,50.89744183019591,46.47843680310894,83,998.075,11.7845,12.265500000000001,2025-09-08 14:02:00,12.265500000000001,TAKE_PROFIT,19.96150000000007,2.0000000000000018
AON,2025-09-05 00:00:00,2025-09-08 00:00:00,0.0080971659919028,1.0,2025-09-08 09:50:00,366.75,46.21260766512297,44.905420551050085,2,733.5,359.415,374.085,2025-09-12 15:59:00,372.13,WEEK_END_CLOSE,10.759999999999991,1.4669393319699964
SPGI,2025-09-05 00:00:00,2025-09-08 00:00:00,0.0570436507936508,5.0,2025-09-08 09:53:00,537.75,54.338748760287054,53.915823285308726,1,537.75,526.995,548.505,2025-09-09 14:20:00,548.505,TAKE_PROFIT,10.754999999999995,2.0000000000000018
MCO,2025-09-05 00:00:00,2025-09-08 00:00:00,0.0795454545454545,8.0,2025-09-08 09:54:00,499.84,57.11319153876114,54.893407020005235,2,999.68,489.84319999999997,509.8368,2025-09-10 09:54:00,509.8368,TAKE_PROFIT,19.993600000000015,2.0000000000000018
CMI,2025-09-05 00:00:00,2025-09-08 00:00:00,0.0869565217391304,10.0,2025-09-08 09:55:00,397.45,44.09221358311377,43.06343422596306,2,794.9,389.501,405.399,2025-09-10 10:18:00,405.399,TAKE_PROFIT,15.898000000000025,2.0000000000000018
FDX,2025-09-05 00:00:00,2025-09-08 00:00:00,0.0170121468113733,2.0,2025-09-08 09:58:00,223.5,41.52613040005978,41.06971665134784,4,894.0,219.03,227.97,2025-09-10 09:50:00,227.97,TAKE_PROFIT,17.879999999999995,2.0000000000000018
CMCSA,2025-09-05 00:00:00,2025-09-08 00:00:00,0.0452742137758055,4.0,2025-09-08 09:59:00,33.365,54.90772685845658,52.64565404353517,29,967.585,32.697700000000005,34.0323,2025-09-08 13:39:00,34.0323,TAKE_PROFIT,19.351699999999923,2.0000000000000018
EMR,2025-09-05 00:00:00,2025-09-08 00:00:00,0.0439189189189189,3.0,2025-09-08 10:01:00,132.01,46.17373045216965,43.75235583094814,7,924.0699999999999,129.3698,134.65019999999998,2025-09-10 10:02:00,134.65019999999998,TAKE_PROFIT,18.48139999999995,2.0000000000000018
GLW,2025-09-05 00:00:00,2025-09-08 00:00:00,0.0651395897323387,6.0,2025-09-08 10:05:00,71.79,53.85140142664267,52.189783449081155,13,933.2700000000001,70.3542,73.2258,2025-09-10 09:34:00,73.2258,TAKE_PROFIT,18.665400000000005,2.0000000000000018
WBD,2025-09-05 00:00:00,2025-09-08 00:00:00,0.0860269134638463,9.0,2025-09-08 14:11:00,12.245,54.90781576418809,54.15674367821364,81,991.8449999999999,12.0001,12.489899999999999,2025-09-10 11:02:00,12.0001,STOP_LOSS,-19.836899999999957,-1.9999999999999907
CMCSA,2025-09-05 00:00:00,2025-09-08 00:00:00,0.0452742137758055,4.0,2025-09-08 14:59:00,33.825,46.47581819792209,43.02390013656853,29,980.9250000000001,33.148500000000006,34.5015,2025-09-10 10:20:00,33.148500000000006,STOP_LOSS,-19.61849999999992,-1.9999999999999907
AEP,2025-09-08 00:00:00,2025-09-09 00:00:00,0.0428051001821493,2.0,2025-09-09 09:48:00,107.405,54.17309868087288,51.30422431246015,9,966.645,105.2569,109.5531,2025-09-12 15:52:00,109.5531,TAKE_PROFIT,19.332899999999995,2.0000000000000018
ICE,2025-09-08 00:00:00,2025-09-09 00:00:00,0.1798107255520504,9.0,2025-09-09 09:48:00,174.05,51.69879767976892,51.04036714929397,5,870.25,170.56900000000002,177.531,2025-09-12 15:59:00,173.92,WEEK_END_CLOSE,-0.6500000000001194,-0.07469118069521885
NEE,2025-09-08 00:00:00,2025-09-09 00:00:00,0.1817040775575009,10.0,2025-09-09 09:53:00,69.86,51.93325658349348,51.12334766158482,14,978.04,68.4628,71.2572,2025-09-10 15:15:00,71.2572,TAKE_PROFIT,19.560799999999972,2.0000000000000018
ALL,2025-09-08 00:00:00,2025-09-09 00:00:00,0.1636363636363636,6.0,2025-09-09 10:04:00,201.16,54.41781563276114,53.228815068313516,4,804.64,197.1368,205.1832,2025-09-12 15:59:00,200.38,WEEK_END_CLOSE,-3.1200000000000045,-0.38775104394511706
SPGI,2025-09-08 00:00:00,2025-09-09 00:00:00,0.0549892831626577,4.0,2025-09-09 14:37:00,548.86,67.84940645418229,67.52770646519325,1,548.86,537.8828,559.8372,2025-09-12 15:59:00,544.12,WEEK_END_CLOSE,-4.740000000000009,-0.8636082060999195
TRV,2025-09-09 00:00:00,2025-09-10 00:00:00,0.05,3.0,2025-09-10 09:46:00,271.415,41.52206444058126,37.953785020709994,3,814.2450000000001,265.98670000000004,276.8433,2025-09-11 12:15:00,276.89,TAKE_PROFIT_GAP,16.424999999999898,2.017206123464055
BRK.B,2025-09-09 00:00:00,2025-09-10 00:00:00,0.109528148938163,9.0,2025-09-10 09:48:00,490.105,50.58189639005405,45.457392334785986,2,980.21,480.3029,499.9071,2025-09-12 15:59:00,493.73,WEEK_END_CLOSE,7.25,0.7396374246334991
SPG,2025-09-09 00:00:00,2025-09-10 00:00:00,0.0762124711316397,5.0,2025-09-10 09:48:00,179.44,59.2680109308589,53.51380907142724,5,897.2,175.8512,183.0288,2025-09-11 11:35:00,183.0288,TAKE_PROFIT,17.94399999999996,2.0000000000000018
WELL,2025-09-09 00:00:00,2025-09-10 00:00:00,0.0714285714285714,4.0,2025-09-10 09:59:00,169.75,52.271448647567496,46.861882682918406,5,848.75,166.355,173.145,2025-09-12 15:59:00,169.12,WEEK_END_CLOSE,-3.1499999999999773,-0.3711340206185576
HPE,2025-09-09 00:00:00,2025-09-10 00:00:00,0.109596013400275,10.0,2025-09-10 10:05:00,24.665,68.22415487788442,67.99193381457104,40,986.5999999999999,24.171699999999998,25.1583,2025-09-10 12:30:00,24.171699999999998,STOP_LOSS,-19.732000000000056,-2.0000000000000018
CSX,2025-09-09 00:00:00,2025-09-10 00:00:00,0.1046277395788568,8.0,2025-09-10 10:08:00,32.28,54.813623218205365,48.31517344024478,30,968.4000000000001,31.6344,32.9256,2025-09-12 15:59:00,32.455,WEEK_END_CLOSE,5.249999999999915,0.5421313506815295
FDX,2025-09-09 00:00:00,2025-09-10 00:00:00,0.1014176539980509,7.0,2025-09-10 11:03:00,225.28,45.27831489424279,42.39528578876477,4,901.12,220.77439999999999,229.78560000000002,2025-09-11 09:58:00,229.78560000000002,TAKE_PROFIT,18.02240000000006,2.0000000000000018
HPE,2025-09-09 00:00:00,2025-09-10 00:00:00,0.109596013400275,10.0,2025-09-10 12:37:00,24.195,41.03754977920244,38.514206152810424,41,991.995,23.7111,24.678900000000002,2025-09-11 09:43:00,24.678900000000002,TAKE_PROFIT,19.839900000000082,2.0000000000000018
JCI,2025-09-10 00:00:00,2025-09-11 00:00:00,0.0544554455445544,8.0,2025-09-11 09:46:00,107.815,54.95502892658705,51.81066532652484,9,970.335,105.6587,109.9713,2025-09-12 15:59:00,107.52,WEEK_END_CLOSE,-2.6550000000000153,-0.27361684366739025
CMCSA,2025-09-10 00:00:00,2025-09-11 00:00:00,0.0296145778947673,3.0,2025-09-11 09:48:00,33.365,47.61395640945085,46.61541403887583,29,967.585,32.697700000000005,34.0323,2025-09-12 13:49:00,32.697700000000005,STOP_LOSS,-19.351699999999923,-1.9999999999999907
ABT,2025-09-10 00:00:00,2025-09-11 00:00:00,0.063569453025413,9.0,2025-09-11 09:55:00,130.19,61.66241089945218,56.952392075076006,7,911.3299999999999,127.58619999999999,132.7938,2025-09-12 09:36:00,132.7938,TAKE_PROFIT,18.226600000000047,2.0000000000000018
MMM,2025-09-10 00:00:00,2025-09-11 00:00:00,0.0915083777918154,10.0,2025-09-11 10:15:00,157.39,75.42994711541412,72.87864451158623,6,944.3399999999999,154.2422,160.53779999999998,2025-09-12 09:49:00,160.53779999999998,TAKE_PROFIT,18.886799999999937,2.0000000000000018
BSX,2025-09-10 00:00:00,2025-09-11 00:00:00,0.0324522943338999,4.0,2025-09-11 10:19:00,104.505,53.67330405389745,52.15166439606139,9,940.545,102.41489999999999,106.5951,2025-09-12 15:59:00,102.69,WEEK_END_CLOSE,-16.33499999999998,-1.7367590067460914
TEL,2025-09-10 00:00:00,2025-09-11 00:00:00,0.0512820512820512,7.0,2025-09-11 10:23:00,212.55,68.19043194195086,66.84903124470979,4,850.2,208.299,216.80100000000002,2025-09-12 15:59:00,209.78,WEEK_END_CLOSE,-11.080000000000041,-1.3032227711126887
FDX,2025-09-10 00:00:00,2025-09-11 00:00:00,0.0206545804229688,2.0,2025-09-11 10:26:00,229.0,59.20227108496874,58.59213019455341,4,916.0,224.42,233.58,2025-09-12 15:59:00,229.56,WEEK_END_CLOSE,2.240000000000009,0.24454148471615422
CSCO,2025-09-11 00:00:00,2025-09-12 00:00:00,0.0668431412230108,7.0,2025-09-12 09:49:00,66.91,48.25335165066562,45.2644444544454,14,936.74,65.5718,68.2482,2025-09-12 15:59:00,66.505,WEEK_END_CLOSE,-5.670000000000016,-0.605290688985205
CI,2025-09-11 00:00:00,2025-09-12 00:00:00,0.031467920512128,5.0,2025-09-12 09:56:00,307.45,62.03829816669747,53.256765873333784,3,922.3499999999999,301.301,313.599,2025-09-12 15:59:00,302.69,WEEK_END_CLOSE,-14.279999999999973,-1.5482192226378255
ETN,2025-09-11 00:00:00,2025-09-12 00:00:00,0.0859037074379033,10.0,2025-09-12 10:04:00,362.05,55.99923501401812,54.168210911436475,2,724.1,354.809,369.291,2025-09-12 15:59:00,365.91,WEEK_END_CLOSE,7.720000000000027,1.0661510841044164
HPE,2025-09-11 00:00:00,2025-09-12 00:00:00,0.0827701970489661,9.0,2025-09-12 10:08:00,24.915,56.34898801159654,53.98120422442449,40,996.5999999999999,24.4167,25.4133,2025-09-12 15:59:00,24.73,WEEK_END_CLOSE,-7.399999999999949,-0.7425245835841809
WM,2025-09-11 00:00:00,2025-09-12 00:00:00,0.0150375939849624,1.0,2025-09-12 10:36:00,218.55,40.827065636851565,40.306381292538056,4,874.2,214.179,222.92100000000002,2025-09-12 15:59:00,218.11,WEEK_END_CLOSE,-1.759999999999991,-0.20132692747655279
CME,2025-09-11 00:00:00,2025-09-12 00:00:00,0.0298759864712514,4.0,2025-09-12 10:37:00,261.405,46.22348175244503,45.44047445443759,3,784.2149999999999,256.1769,266.63309999999996,2025-09-12 15:59:00,262.22,WEEK_END_CLOSE,2.4450000000001637,0.31177674489779594
PH,2025-09-11 00:00:00,2025-09-12 00:00:00,0.0215439856373429,2.0,2025-09-12 10:41:00,760.68,47.33855094798324,39.615429704532914,1,760.68,745.4663999999999,775.8936,2025-09-12 15:59:00,759.23,WEEK_END_CLOSE,-1.4499999999999318,-0.19061891991375424
ITW,2025-09-11 00:00:00,2025-09-12 00:00:00,0.0674157303370786,8.0,2025-09-12 10:49:00,263.305,43.53324938043017,38.91852374675079,3,789.915,258.0389,268.5711,2025-09-12 15:59:00,263.42,WEEK_END_CLOSE,0.3450000000000273,0.043675585347791035
CL,2025-09-12 00:00:00,2025-09-15 00:00:00,0.0727299830435835,8.0,2025-09-15 09:47:00,83.27,41.92758473012061,38.194018356317734,12,999.24,81.60459999999999,84.9354,2025-09-15 12:51:00,81.60459999999999,STOP_LOSS,-19.984800000000064,-2.0000000000000018
CMCSA,2025-09-12 00:00:00,2025-09-15 00:00:00,0.0780755402258624,9.0,2025-09-15 09:47:00,33.115,58.38578224016556,56.03248003692962,30,993.45,32.4527,33.777300000000004,2025-09-16 09:43:00,32.4527,STOP_LOSS,-19.869000000000057,-2.0000000000000018
CI,2025-09-12 00:00:00,2025-09-15 00:00:00,0.0616309712940868,5.0,2025-09-15 09:49:00,300.4699,35.906202793156965,35.15250015408579,3,901.4096999999999,294.46050199999996,306.47929800000003,2025-09-16 10:02:00,294.46050199999996,STOP_LOSS,-18.0281940000001,-2.000000000000013
AMT,2025-09-12 00:00:00,2025-09-15 00:00:00,0.0710382513661202,7.0,2025-09-15 09:53:00,195.58,45.97065771078961,43.746857542714466,5,977.9000000000001,191.66840000000002,199.4916,2025-09-15 11:44:00,191.66840000000002,STOP_LOSS,-19.557999999999964,-1.9999999999999907
SPGI,2025-09-12 00:00:00,2025-09-15 00:00:00,0.058717253839205,4.0,2025-09-15 09:54:00,545.115,45.28149459300477,43.27062015711664,1,545.115,534.2127,556.0173,2025-09-18 09:59:00,534.2127,STOP_LOSS,-10.902299999999968,-1.9999999999999907
MNST,2025-09-12 00:00:00,2025-09-15 00:00:00,0.0709219858156028,6.0,2025-09-15 09:57:00,65.07,58.271451216002596,55.30971065343257,15,976.05,63.76859999999999,66.3714,2025-09-17 09:30:00,66.38,TAKE_PROFIT_GAP,19.650000000000034,2.0132165360381205
DUK,2025-09-12 00:00:00,2025-09-15 00:00:00,0.0785854616895874,10.0,2025-09-15 10:01:00,121.94,42.996343586536355,41.65351563299313,8,975.52,119.5012,124.3788,2025-09-19 15:59:00,121.08,WEEK_END_CLOSE,-6.8799999999999955,-0.705264884369361
EMR,2025-09-12 00:00:00,2025-09-15 00:00:00,0.0548416749789747,2.0,2025-09-15 10:05:00,135.86,47.957147582712665,46.22788194376081,7,951.0200000000001,133.14280000000002,138.5772,2025-09-16 09:30:00,131.58,STOP_LOSS_GAP,-29.960000000000008,-3.1503017812454015
HON,2025-09-12 00:00:00,2025-09-15 00:00:00,0.0561948280822368,3.0,2025-09-15 10:13:00,200.0848,53.6891266732349,49.18429423076343,4,800.3392,196.083104,204.086496,2025-09-19 10:35:00,196.083104,STOP_LOSS,-16.00678400000004,-2.0000000000000018
FDX,2025-09-12 00:00:00,2025-09-15 00:00:00,0.0338045133683475,1.0,2025-09-15 10:16:00,230.89,57.77877915216068,50.20253994835426,4,923.56,226.27219999999997,235.5078,2025-09-15 15:55:00,226.27219999999997,STOP_LOSS,-18.471200000000067,-2.000000000000013
AMT,2025-09-12 00:00:00,2025-09-15 00:00:00,0.0710382513661202,7.0,2025-09-15 11:50:00,192.63,47.139095391848315,43.89874113495797,5,963.15,188.7774,196.4826,2025-09-17 09:38:00,196.4826,TAKE_PROFIT,19.262999999999977,2.0000000000000018
CL,2025-09-12 00:00:00,2025-09-15 00:00:00,0.0727299830435835,8.0,2025-09-15 12:52:00,81.71,39.77137099064037,38.22658537988424,12,980.52,80.07579999999999,83.3442,2025-09-19 15:59:00,81.19,WEEK_END_CLOSE,-6.239999999999952,-0.6363970138293928
FDX,2025-09-15 00:00:00,2025-09-16 00:00:00,0.0933371217502486,7.0,2025-09-16 09:45:00,227.3899,45.47165195279214,44.9522456199908,4,909.5596,222.842102,231.937698,2025-09-17 14:04:00,231.937698,TAKE_PROFIT,18.191192,2.0000000000000018
BSX,2025-09-15 00:00:00,2025-09-16 00:00:00,0.0698074277854195,4.0,2025-09-16 09:46:00,99.2729,45.588155408936764,38.02522519462092,10,992.729,97.287442,101.25835800000002,2025-09-18 10:28:00,97.287442,STOP_LOSS,-19.854580000000084,-2.000000000000013
SHW,2025-09-15 00:00:00,2025-09-16 00:00:00,0.0714285714285714,5.0,2025-09-16 09:46:00,356.41,48.02952295806752,46.89955579748103,2,712.82,349.28180000000003,363.5382,2025-09-17 14:52:00,349.28180000000003,STOP_LOSS,-14.256399999999985,-2.0000000000000018
MCO,2025-09-15 00:00:00,2025-09-16 00:00:00,0.1206896551724138,10.0,2025-09-16 09:49:00,507.78,48.03161905994469,46.03247377324789,1,507.78,497.6244,517.9356,2025-09-18 12:51:00,497.6244,STOP_LOSS,-10.155599999999993,-2.0000000000000018
CTAS,2025-09-15 00:00:00,2025-09-16 00:00:00,0.0297619047619047,2.0,2025-09-16 09:55:00,199.14,45.81525354002995,45.75568333219343,5,995.6999999999999,195.1572,203.12279999999998,2025-09-19 15:59:00,200.05,WEEK_END_CLOSE,4.550000000000125,0.456964949281935
DHR,2025-09-15 00:00:00,2025-09-16 00:00:00,0.119301648884578,9.0,2025-09-16 10:04:00,188.47,52.65116349180252,49.29117642507393,5,942.35,184.7006,192.2394,2025-09-17 09:33:00,192.2394,TAKE_PROFIT,18.84699999999995,2.0000000000000018
CMCSA,2025-09-15 00:00:00,2025-09-16 00:00:00,0.0075225677031093,1.0,2025-09-16 10:07:00,32.245,40.57145644476343,39.26287452710513,31,999.5949999999999,31.600099999999998,32.8899,2025-09-18 10:06:00,31.600099999999998,STOP_LOSS,-19.991899999999994,-2.0000000000000018
TT,2025-09-15 00:00:00,2025-09-16 00:00:00,0.09375,8.0,2025-09-16 10:09:00,403.8653,46.67512742339977,45.371032843317344,2,807.7306,395.78799399999997,411.942606,2025-09-17 14:46:00,395.78799399999997,STOP_LOSS,-16.154612000000043,-2.0000000000000018
UNP,2025-09-15 00:00:00,2025-09-16 00:00:00,0.0861214374225526,6.0,2025-09-16 10:16:00,217.595,56.86684985409791,55.08890005624113,4,870.38,213.2431,221.9469,2025-09-19 15:59:00,220.66,WEEK_END_CLOSE,12.259999999999991,1.4085801603897163
TJX,2025-09-15 00:00:00,2025-09-16 00:00:00,0.0485187777000233,3.0,2025-09-16 10:28:00,139.765,48.50534663698396,41.69337286251308,7,978.3549999999999,136.9697,142.56029999999998,2025-09-19 15:59:00,139.82,WEEK_END_CLOSE,0.38500000000004775,0.03935176904088511
APD,2025-09-16 00:00:00,2025-09-17 00:00:00,0.0333333333333333,3.0,2025-09-17 09:45:00,287.67,62.825902997005095,58.52825634512957,3,863.01,281.9166,293.4234,2025-09-17 14:05:00,293.57,TAKE_PROFIT_GAP,17.699999999999932,2.0509611707859587
CRH,2025-09-16 00:00:00,2025-09-17 00:00:00,0.0117647058823529,1.0,2025-09-17 09:57:00,113.5,61.86908417150142,58.5488616415304,8,908.0,111.23,115.77,2025-09-17 14:46:00,111.23,STOP_LOSS,-18.159999999999968,-2.0000000000000018
AFL,2025-09-16 00:00:00,2025-09-17 00:00:00,0.0246252676659528,2.0,2025-09-17 10:00:00,108.8,67.71234948976381,54.712217807291395,9,979.1999999999999,106.624,110.976,2025-09-19 15:59:00,108.05,WEEK_END_CLOSE,-6.75,-0.6893382352941124
CB,2025-09-16 00:00:00,2025-09-17 00:00:00,0.0419580419580419,4.0,2025-09-17 10:00:00,273.5,55.89932908679091,55.723674524121535,3,820.5,268.03,278.97,2025-09-19 15:59:00,273.83,WEEK_END_CLOSE,0.9899999999999523,0.1206581352833469
EQIX,2025-09-16 00:00:00,2025-09-17 00:00:00,0.0898876404494382,10.0,2025-09-17 10:01:00,785.75,56.75613032882563,53.8426791708526,1,785.75,770.035,801.465,2025-09-19 15:59:00,791.61,WEEK_END_CLOSE,5.860000000000014,0.7457842825326244
PH,2025-09-16 00:00:00,2025-09-17 00:00:00,0.0833333333333333,9.0,2025-09-17 10:27:00,751.55,49.1321630822024,48.37525214379682,1,751.55,736.5189999999999,766.581,2025-09-17 10:56:00,736.5189999999999,STOP_LOSS,-15.031000000000063,-2.000000000000013
AEP,2025-09-16 00:00:00,2025-09-17 00:00:00,0.0694444444444444,8.0,2025-09-17 10:28:00,107.3,55.17359339262044,50.13288944042996,9,965.6999999999999,105.154,109.446,2025-09-19 15:59:00,107.04,WEEK_END_CLOSE,-2.339999999999918,-0.2423112767940272
PH,2025-09-16 00:00:00,2025-09-17 00:00:00,0.0833333333333333,9.0,2025-09-17 11:03:00,737.995,41.43750892028661,38.67656490640354,1,737.995,723.2351,752.7549,2025-09-17 14:04:00,752.7549,TAKE_PROFIT,14.759900000000016,2.0000000000000018
PH,2025-09-16 00:00:00,2025-09-17 00:00:00,0.0833333333333333,9.0,2025-09-17 14:18:00,747.87,53.30529866145883,49.50796468925126,1,747.87,732.9126,762.8274,2025-09-17 14:52:00,732.9126,STOP_LOSS,-14.957400000000007,-2.0000000000000018
APD,2025-09-16 00:00:00,2025-09-17 00:00:00,0.0333333333333333,3.0,2025-09-17 14:23:00,293.14,54.032843246468204,52.56196908272508,3,879.42,287.2772,299.0028,2025-09-19 15:59:00,290.12,WEEK_END_CLOSE,-9.059999999999945,-1.0302244661253956
PH,2025-09-16 00:00:00,2025-09-17 00:00:00,0.0833333333333333,9.0,2025-09-17 15:01:00,738.46,53.91011335561834,48.666171869930814,1,738.46,723.6908,753.2292000000001,2025-09-18 10:09:00,753.685,TAKE_PROFIT_GAP,15.224999999999909,2.061723045256336
CRH,2025-09-16 00:00:00,2025-09-17 00:00:00,0.0117647058823529,1.0,2025-09-17 15:08:00,111.78,54.76292087298144,50.49808219907222,8,894.24,109.5444,114.0156,2025-09-19 15:59:00,113.075,WEEK_END_CLOSE,10.360000000000014,1.1585256754338857
ICE,2025-09-17 00:00:00,2025-09-18 00:00:00,0.037037037037037,9.0,2025-09-18 09:45:00,172.03,53.6183188455044,51.93692940303731,5,860.15,168.5894,175.4706,2025-09-19 15:59:00,169.765,WEEK_END_CLOSE,-11.325000000000074,-1.3166308202057886
WELL,2025-09-17 00:00:00,2025-09-18 00:00:00,0.0151057401812688,2.0,2025-09-18 09:47:00,166.52,50.96382875784829,50.7159805257665,6,999.1200000000001,163.1896,169.8504,2025-09-19 15:59:00,165.21,WEEK_END_CLOSE,-7.860000000000014,-0.7866922892145078
GILD,2025-09-17 00:00:00,2025-09-18 00:00:00,0.0319634703196347,6.0,2025-09-18 09:49:00,112.195,50.06552582742766,48.904660533565114,8,897.56,109.9511,114.43889999999999,2025-09-19 09:30:00,114.43889999999999,TAKE_PROFIT,17.95119999999997,2.0000000000000018
DE,2025-09-17 00:00:00,2025-09-18 00:00:00,0.0355714285714285,8.0,2025-09-18 09:57:00,470.35,60.59594290889714,54.72474226597521,2,940.7,460.94300000000004,479.757,2025-09-19 15:59:00,469.99,WEEK_END_CLOSE,-0.7200000000000273,-0.07653874774105063
CMCSA,2025-09-17 00:00:00,2025-09-18 00:00:00,0.029520295202952,5.0,2025-09-18 10:16:00,31.515,36.84450914315397,35.90174281624809,31,976.965,30.8847,32.1453,2025-09-19 15:59:00,31.58,WEEK_END_CLOSE,2.0149999999999295,0.20625099159130578
MCK,2025-09-17 00:00:00,2025-09-18 00:00:00,0.0097895252080274,1.0,2025-09-18 10:42:00,695.27,49.70275414632551,49.39439246714194,1,695.27,681.3646,709.1754,2025-09-19 15:59:00,698.38,WEEK_END_CLOSE,3.1100000000000136,0.447308239964328
MCO,2025-09-17 00:00:00,2025-09-18 00:00:00,0.0275229357798165,4.0,2025-09-18 13:08:00,497.185,52.39073648978256,39.55707765821003,2,994.37,487.24129999999997,507.12870000000004,2025-09-18 13:53:00,487.24129999999997,STOP_LOSS,-19.88740000000007,-2.0000000000000018
MCO,2025-09-17 00:00:00,2025-09-18 00:00:00,0.0275229357798165,4.0,2025-09-18 14:06:00,485.9,37.644022635428,32.59124499330433,2,971.8,476.18199999999996,495.618,2025-09-18 15:17:00,476.18199999999996,STOP_LOSS,-19.436000000000035,-2.0000000000000018
MCO,2025-09-17 00:00:00,2025-09-18 00:00:00,0.0275229357798165,4.0,2025-09-18 15:20:00,478.7,49.61617356904373,38.170114531648515,2,957.4,469.126,488.274,2025-09-19 15:59:00,480.74,WEEK_END_CLOSE,4.080000000000041,0.426154167537085
EMR,2025-09-18 00:00:00,2025-09-19 00:00:00,0.0265848670756646,4.0,2025-09-19 09:47:00,131.815,48.40381083510876,44.632514064702164,7,922.7049999999999,129.1787,134.4513,2025-09-19 15:59:00,132.33,WEEK_END_CLOSE,3.6050000000001035,0.39069908584001833
PH,2025-09-18 00:00:00,2025-09-19 00:00:00,0.0326594090202177,6.0,2025-09-19 09:51:00,754.0,51.5542268689676,49.3934389988262,1,754.0,738.92,769.08,2025-09-19 15:59:00,755.19,WEEK_END_CLOSE,1.1900000000000546,0.1578249336870119
USB,2025-09-18 00:00:00,2025-09-19 00:00:00,0.0217909431392577,3.0,2025-09-19 09:51:00,50.16,51.74315632495197,50.45939356707839,19,953.04,49.1568,51.163199999999996,2025-09-19 15:59:00,50.4,WEEK_END_CLOSE,4.560000000000038,0.4784688995215447
SPGI,2025-09-18 00:00:00,2025-09-19 00:00:00,0.0033898305084745,2.0,2025-09-19 09:55:00,507.7,54.417385600741746,51.34766371237683,1,507.7,497.546,517.854,2025-09-19 15:59:00,506.92,WEEK_END_CLOSE,-0.7799999999999727,-0.15363403584793822
TEL,2025-09-18 00:00:00,2025-09-19 00:00:00,0.0597014925373134,8.0,2025-09-19 09:58:00,215.825,39.02453035784373,38.345566348310726,4,863.3,211.5085,220.14149999999998,2025-09-19 15:59:00,216.1,WEEK_END_CLOSE,1.1000000000000227,0.12741804702884885
SPG,2025-09-18 00:00:00,2025-09-19 00:00:00,0.0303605313092979,5.0,2025-09-19 10:00:00,181.34,58.45519731513796,54.05517694191883,5,906.7,177.7132,184.9668,2025-09-19 15:59:00,180.74,WEEK_END_CLOSE,-2.9999999999999716,-0.3308701885959997
AMT,2025-09-18 00:00:00,2025-09-19 00:00:00,0.0625,9.0,2025-09-19 10:04:00,194.02,53.25114846782891,51.48575394146387,5,970.1,190.1396,197.90040000000002,2025-09-19 15:59:00,193.266,WEEK_END_CLOSE,-3.7700000000000955,-0.38861972992475513
PCAR,2025-09-19 00:00:00,2025-09-22 00:00:00,0.0147540983606557,3.0,2025-09-22 09:45:00,98.815,44.90803509691668,43.45388367506769,10,988.15,96.8387,100.79129999999999,2025-09-24 15:54:00,96.8387,STOP_LOSS,-19.76299999999995,-1.9999999999999907
AON,2025-09-19 00:00:00,2025-09-22 00:00:00,0.0727762803234501,10.0,2025-09-22 09:52:00,350.7,52.21905134036394,50.678141621984906,2,701.4,343.686,357.714,2025-09-26 09:50:00,357.714,TAKE_PROFIT,14.02800000000002,2.0000000000000018
TRV,2025-09-19 00:00:00,2025-09-22 00:00:00,0.0306513409961685,4.0,2025-09-22 09:52:00,276.11,51.74858711193947,49.238289312170906,3,828.33,270.5878,281.6322,2025-09-26 15:59:00,277.82,WEEK_END_CLOSE,5.129999999999939,0.6193183875991437
HLT,2025-09-19 00:00:00,2025-09-22 00:00:00,0.0498338870431893,5.0,2025-09-22 09:53:00,266.3301,48.281359165166215,47.75363791688885,3,798.9903,261.00349800000004,271.656702,2025-09-24 12:03:00,261.00349800000004,STOP_LOSS,-15.97980599999994,-1.9999999999999907
FDX,2025-09-19 00:00:00,2025-09-22 00:00:00,0.0699955416852429,9.0,2025-09-22 09:55:00,226.58,38.79133635862637,38.324181918827044,4,906.32,222.04840000000002,231.1116,2025-09-23 09:30:00,231.1116,TAKE_PROFIT,18.12639999999999,2.0000000000000018
CMCSA,2025-09-19 00:00:00,2025-09-22 00:00:00,0.0030234315948601,1.0,2025-09-22 09:57:00,31.43,52.89598508816547,50.065734637039625,31,974.33,30.801399999999997,32.0586,2025-09-23 09:49:00,32.0586,TAKE_PROFIT,19.48659999999996,2.0000000000000018
ECL,2025-09-19 00:00:00,2025-09-22 00:00:00,0.0666666666666666,8.0,2025-09-22 09:57:00,265.41,52.482680381839025,50.98232976661207,3,796.23,260.1018,270.7182,2025-09-26 09:55:00,270.7182,TAKE_PROFIT,15.924599999999998,2.0000000000000018
PG,2025-09-19 00:00:00,2025-09-22 00:00:00,0.0647921760391198,7.0,2025-09-22 09:57:00,155.11,41.97497363655202,39.01963440081671,6,930.6600000000001,152.0078,158.21220000000002,2025-09-23 09:48:00,152.0078,STOP_LOSS,-18.613200000000063,-2.0000000000000018
AJG,2025-09-19 00:00:00,2025-09-22 00:00:00,0.0080256821829855,2.0,2025-09-22 10:02:00,298.765,55.951729852147494,54.513030810677236,3,896.295,292.7897,304.7403,2025-09-24 11:24:00,304.79,TAKE_PROFIT_GAP,18.075000000000102,2.016635148026058
CSX,2025-09-19 00:00:00,2025-09-22 00:00:00,0.0570071258907363,6.0,2025-09-22 10:12:00,33.095,59.70501559881025,53.494292243637645,30,992.8499999999999,32.433099999999996,33.7569,2025-09-23 09:53:00,33.7569,TAKE_PROFIT,19.857000000000085,2.0000000000000018
HPE,2025-09-22 00:00:00,2025-09-23 00:00:00,0.1670411985018726,8.0,2025-09-23 09:46:00,25.26,61.93947307566201,59.200216558416706,39,985.1400000000001,24.7548,25.765200000000004,2025-09-23 13:45:00,24.7548,STOP_LOSS,-19.70280000000008,-2.000000000000013
PANW,2025-09-22 00:00:00,2025-09-23 00:00:00,0.1315600478787073,7.0,2025-09-23 09:46:00,206.84,45.34642762561768,43.41280332479998,4,827.36,202.7032,210.9768,2025-09-23 13:44:00,202.7032,STOP_LOSS,-16.547199999999975,-2.0000000000000018
BSX,2025-09-22 00:00:00,2025-09-23 00:00:00,0.0452841973766396,4.0,2025-09-23 09:53:00,96.64,51.93623801088364,50.85192167063205,10,966.4,94.7072,98.5728,2025-09-24 11:37:00,98.5728,TAKE_PROFIT,19.328000000000003,2.0000000000000018
REGN,2025-09-22 00:00:00,2025-09-23 00:00:00,0.192200557103064,10.0,2025-09-23 09:57:00,575.363,41.88333181365628,39.0410393672728,1,575.363,563.8557400000001,586.87026,2025-09-25 10:46:00,563.8557400000001,STOP_LOSS,-11.507259999999974,-1.9999999999999907
FDX,2025-09-22 00:00:00,2025-09-23 00:00:00,0.0136845203060623,3.0,2025-09-23 10:06:00,234.39,66.76342426540907,63.138540094166146,4,937.56,229.70219999999998,239.0778,2025-09-26 09:35:00,239.0778,TAKE_PROFIT,18.75120000000004,2.0000000000000018
SPGI,2025-09-22 00:00:00,2025-09-23 00:00:00,0.0077519379844961,2.0,2025-09-23 10:09:00,499.875,46.7041541070606,38.750903355115106,2,999.75,489.8775,509.8725,2025-09-24 09:31:00,489.8775,STOP_LOSS,-19.995000000000005,-2.0000000000000018
TJX,2025-09-22 00:00:00,2025-09-23 00:00:00,0.1166892808683853,6.0,2025-09-23 10:09:00,139.45,57.247791640646454,51.53303733564398,7,976.1499999999999,136.66099999999997,142.239,2025-09-26 10:35:00,142.239,TAKE_PROFIT,19.52300000000011,2.0000000000000018
CMCSA,2025-09-22 00:00:00,2025-09-23 00:00:00,0.0036840893391664,1.0,2025-09-23 10:28:00,32.14,65.48180501911148,64.05463120857317,31,996.34,31.4972,32.7828,2025-09-24 09:45:00,31.4972,STOP_LOSS,-19.926800000000036,-2.0000000000000018
CSX,2025-09-22 00:00:00,2025-09-23 00:00:00,0.1797752808988764,9.0,2025-09-23 11:08:00,34.025,59.913042894275854,58.10148159600551,29,986.7249999999999,33.3445,34.7055,2025-09-26 15:59:00,34.005,WEEK_END_CLOSE,-0.5799999999998846,-0.058780308596606545
KKR,2025-09-22 00:00:00,2025-09-23 00:00:00,0.0970772442588726,5.0,2025-09-23 11:17:00,149.85,45.869581762534516,45.166757002749314,6,899.0999999999999,146.85299999999998,152.847,2025-09-23 15:21:00,146.85299999999998,STOP_LOSS,-17.982000000000085,-2.000000000000013
PANW,2025-09-22 00:00:00,2025-09-23 00:00:00,0.1315600478787073,7.0,2025-09-23 13:49:00,203.0895,40.829378805440264,40.00132108164009,4,812.358,199.02770999999998,207.15129,2025-09-25 09:40:00,199.02770999999998,STOP_LOSS,-16.247160000000008,-2.0000000000000018
HPE,2025-09-22 00:00:00,2025-09-23 00:00:00,0.1670411985018726,8.0,2025-09-23 13:53:00,24.83,36.80544324979583,36.668339421253265,40,993.1999999999999,24.333399999999997,25.3266,2025-09-25 09:30:00,24.02,STOP_LOSS_GAP,-32.39999999999995,-3.262182843334671
KKR,2025-09-22 00:00:00,2025-09-23 00:00:00,0.0970772442588726,5.0,2025-09-23 15:23:00,146.92,42.036674254355944,39.78869461769917,6,881.52,143.9816,149.8584,2025-09-24 10:03:00,143.9816,STOP_LOSS,-17.63040000000001,-2.0000000000000018
CI,2025-09-23 00:00:00,2025-09-24 00:00:00,0.028169014084507,5.0,2025-09-24 09:45:00,290.436,53.545296186284645,50.87794055375811,3,871.308,284.62728,296.24472,2025-09-25 11:36:00,284.62728,STOP_LOSS,-17.42615999999998,-2.0000000000000018
CRH,2025-09-23 00:00:00,2025-09-24 00:00:00,0.008695652173913,2.0,2025-09-24 09:46:00,114.03,49.86241544943439,47.78374432314721,8,912.24,111.7494,116.31060000000001,2025-09-25 09:30:00,109.21,STOP_LOSS_GAP,-38.56000000000006,-4.2269578181180485
CMCSA,2025-09-23 00:00:00,2025-09-24 00:00:00,0.0008625646923519,1.0,2025-09-24 09:48:00,31.57,47.073024896402956,45.698172466257866,31,978.67,30.9386,32.2014,2025-09-26 15:59:00,31.715,WEEK_END_CLOSE,4.494999999999987,0.4592968007602227
PFE,2025-09-23 00:00:00,2025-09-24 00:00:00,0.1054998045093184,8.0,2025-09-24 09:48:00,24.085,42.726814760119815,42.42444050246851,41,987.485,23.6033,24.5667,2025-09-25 15:41:00,23.6033,STOP_LOSS,-19.7497,-2.0000000000000018
DLR,2025-09-23 00:00:00,2025-09-24 00:00:00,0.125,10.0,2025-09-24 10:00:00,172.93,52.14946216044118,50.97089289169101,5,864.6500000000001,169.47140000000002,176.3886,2025-09-26 15:59:00,171.47,WEEK_END_CLOSE,-7.30000000000004,-0.8442722488868348
SPGI,2025-09-23 00:00:00,2025-09-24 00:00:00,0.0151133501259445,3.0,2025-09-24 10:04:00,489.91,49.38270121491049,46.98319579309662,2,979.82,480.1118,499.70820000000003,2025-09-26 15:59:00,487.14,WEEK_END_CLOSE,-5.540000000000077,-0.5654099732604001
USB,2025-09-23 00:00:00,2025-09-24 00:00:00,0.0224130403143647,4.0,2025-09-24 10:11:00,49.535,59.034862859410445,57.61505654119836,20,990.6999999999999,48.54429999999999,50.5257,2025-09-26 15:59:00,49.435,WEEK_END_CLOSE,-1.9999999999998863,-0.20187746038153875
AMGN,2025-09-23 00:00:00,2025-09-24 00:00:00,0.0649847094801223,6.0,2025-09-24 10:22:00,282.16,41.21878687545104,39.91301250600527,3,846.48,276.51680000000005,287.8032,2025-09-25 10:30:00,276.51680000000005,STOP_LOSS,-16.929599999999937,-1.9999999999999907
EOG,2025-09-23 00:00:00,2025-09-24 00:00:00,0.1119402985074626,9.0,2025-09-24 10:53:00,117.96,59.99158648763965,58.39578416332935,8,943.68,115.60079999999999,120.3192,2025-09-26 15:59:00,117.3,WEEK_END_CLOSE,-5.279999999999973,-0.5595116988809767
MCK,2025-09-24 00:00:00,2025-09-25 00:00:00,0.037037037037037,7.0,2025-09-25 09:48:00,760.105,52.433477066451374,51.31065264676423,1,760.105,744.9029,775.3071,2025-09-25 11:07:00,743.16,STOP_LOSS_GAP,-16.94500000000005,-2.2292972681405954
WMB,2025-09-24 00:00:00,2025-09-25 00:00:00,0.0093538751768589,1.0,2025-09-25 09:55:00,62.465,46.894679083412086,45.924966954584,16,999.44,61.215700000000005,63.7143,2025-09-26 09:35:00,63.7143,TAKE_PROFIT,19.98879999999997,2.0000000000000018
MO,2025-09-24 00:00:00,2025-09-25 00:00:00,0.0271167263812936,5.0,2025-09-25 09:58:00,65.765,54.515574999872975,53.59316380866539,15,986.475,64.44969999999999,67.08030000000001,2025-09-26 15:59:00,65.705,WEEK_END_CLOSE,-0.9000000000000341,-0.09123393902532584
ABNB,2025-09-24 00:00:00,2025-09-25 00:00:00,0.0739178283198826,10.0,2025-09-25 10:03:00,122.08,54.86346447958443,50.69127926309686,8,976.64,119.63839999999999,124.5216,2025-09-26 15:59:00,123.73,WEEK_END_CLOSE,13.200000000000045,1.3515727391874233
SO,2025-09-24 00:00:00,2025-09-25 00:00:00,0.0386879730866274,8.0,2025-09-25 10:22:00,94.58,59.59832967596216,56.33355244979445,10,945.8,92.6884,96.4716,2025-09-26 15:59:00,94.52,WEEK_END_CLOSE,-0.6000000000000227,-0.06343835906111872
KKR,2025-09-24 00:00:00,2025-09-25 00:00:00,0.0125195618153364,2.0,2025-09-25 10:28:00,137.78,48.84518600755916,48.132483843136995,7,964.46,135.02439999999999,140.53560000000002,2025-09-25 15:45:00,135.02439999999999,STOP_LOSS,-19.289200000000108,-2.000000000000013
MCK,2025-09-24 00:00:00,2025-09-25 00:00:00,0.037037037037037,7.0,2025-09-25 11:26:00,734.09,42.57814494413158,33.948828003733425,1,734.09,719.4082,748.7718000000001,2025-09-25 11:41:00,718.99,STOP_LOSS_GAP,-15.100000000000023,-2.0569684916018516
MCK,2025-09-24 00:00:00,2025-09-25 00:00:00,0.037037037037037,7.0,2025-09-25 11:47:00,721.66,39.838235165439144,29.478709126907592,1,721.66,707.2267999999999,736.0932,2025-09-25 13:33:00,736.0932,TAKE_PROFIT,14.433200000000056,2.0000000000000018
MCK,2025-09-24 00:00:00,2025-09-25 00:00:00,0.037037037037037,7.0,2025-09-25 13:51:00,737.18,63.019911395556996,59.42188562529898,1,737.18,722.4363999999999,751.9236,2025-09-26 10:07:00,751.9236,TAKE_PROFIT,14.743600000000015,2.0000000000000018
BSX,2025-09-25 00:00:00,2025-09-26 00:00:00,0.0482897384305835,8.0,2025-09-26 09:47:00,99.25,62.13982315875455,60.70455053155026,10,992.5,97.265,101.235,2025-09-26 15:59:00,98.175,WEEK_END_CLOSE,-10.750000000000028,-1.0831234256927003
DASH,2025-09-25 00:00:00,2025-09-26 00:00:00,0.036863028550777,7.0,2025-09-26 09:50:00,262.995,54.74331032135261,51.46060235067023,3,788.985,257.7351,268.2549,2025-09-26 15:59:00,262.56,WEEK_END_CLOSE,-1.3050000000000068,-0.16540238407574126
NEE,2025-09-25 00:00:00,2025-09-26 00:00:00,0.0123882503192848,4.0,2025-09-26 09:54:00,75.41,56.36416955699655,53.922316299625706,13,980.3299999999999,73.9018,76.9182,2025-09-26 15:59:00,75.82,WEEK_END_CLOSE,5.329999999999956,0.5436944702294166
KKR,2025-09-25 00:00:00,2025-09-26 00:00:00,0.0319071791153009,6.0,2025-09-26 10:39:00,135.13,50.5127591162157,47.59404427951316,7,945.91,132.4274,137.83259999999999,2025-09-26 15:59:00,133.975,WEEK_END_CLOSE,-8.085000000000008,-0.8547324798342304
TJX,2025-09-25 00:00:00,2025-09-26 00:00:00,0.0197293668009503,5.0,2025-09-26 10:50:00,142.2,58.79329429481406,55.79184849647326,7,995.3999999999999,139.356,145.04399999999998,2025-09-26 15:59:00,143.135,WEEK_END_CLOSE,6.545000000000016,0.6575246132208168
HON,2025-09-25 00:00:00,2025-09-26 00:00:00,0.0068450528935905,2.0,2025-09-26 10:51:00,196.0415,56.82749836989952,49.72996070300679,5,980.2075000000001,192.12067000000002,199.96233,2025-09-26 15:59:00,196.1828,WEEK_END_CLOSE,0.7064999999998633,0.07207657562300351
KMI,2025-09-25 00:00:00,2025-09-26 00:00:00,0.0069151083008206,3.0,2025-09-26 10:59:00,28.355,53.91383319266772,53.37105763125154,35,992.4250000000001,27.7879,28.9221,2025-09-26 15:59:00,28.215,WEEK_END_CLOSE,-4.90000000000002,-0.49374008111444656
FDX,2025-09-25 00:00:00,2025-09-26 00:00:00,0.006060606060606,1.0,2025-09-26 11:10:00,239.09,45.83330375172029,45.46818101006733,4,956.36,234.3082,243.8718,2025-09-26 15:59:00,237.82,WEEK_END_CLOSE,-5.080000000000041,-0.5311807269229196
BSX,2025-09-26 00:00:00,2025-09-29 00:00:00,0.0270921131848284,9.0,2025-09-29 09:49:00,97.28,41.64141002277556,39.3189350394641,10,972.8,95.3344,99.2256,2025-10-01 10:23:00,95.3344,STOP_LOSS,-19.45599999999999,-2.0000000000000018
NEE,2025-09-26 00:00:00,2025-09-29 00:00:00,0.0209125475285171,8.0,2025-09-29 09:49:00,75.6,52.76136025315241,50.263693305847575,13,982.8,74.088,77.112,2025-10-01 09:33:00,77.112,TAKE_PROFIT,19.656000000000006,2.0000000000000018
MDT,2025-09-26 00:00:00,2025-09-29 00:00:00,0.0121827411167512,5.0,2025-09-29 09:54:00,93.615,42.14567777441192,40.07515217797503,10,936.15,91.7427,95.48729999999999,2025-10-01 09:30:00,95.48729999999999,TAKE_PROFIT,18.722999999999956,2.0000000000000018
CMCSA,2025-09-26 00:00:00,2025-09-29 00:00:00,0.0088691796008869,3.0,2025-09-29 09:56:00,31.505,43.4961429386103,42.37461763643746,31,976.655,30.8749,32.1351,2025-10-02 09:30:00,30.72,STOP_LOSS_GAP,-24.335000000000004,-2.4916679892080573
KMI,2025-09-26 00:00:00,2025-09-29 00:00:00,0.0148826559816828,6.0,2025-09-29 09:56:00,28.1754,49.96794473182252,47.34977892134113,35,986.139,27.611892,28.738908,2025-10-02 09:34:00,28.738908,TAKE_PROFIT,19.722779999999958,2.0000000000000018
CRH,2025-09-26 00:00:00,2025-09-29 00:00:00,0.009009009009009,4.0,2025-09-29 10:05:00,112.17,49.41876393830106,42.032849278355705,8,897.36,109.9266,114.41340000000001,2025-09-29 14:42:00,114.41340000000001,TAKE_PROFIT,17.947200000000066,2.0000000000000018
FDX,2025-09-26 00:00:00,2025-09-29 00:00:00,0.0007608902415826,2.0,2025-09-29 10:05:00,235.35,41.0865298195751,39.577374606356784,4,941.4,230.643,240.057,2025-10-01 15:59:00,240.057,TAKE_PROFIT,18.827999999999975,2.0000000000000018
EOG,2025-09-26 00:00:00,2025-09-29 00:00:00,0.0188405797101449,7.0,2025-09-29 10:07:00,114.98,46.516813600609574,40.151873113757375,8,919.84,112.6804,117.2796,2025-09-30 09:30:00,112.05,STOP_LOSS_GAP,-23.440000000000055,-2.548269264219871
AFL,2025-09-26 00:00:00,2025-09-29 00:00:00,0.0,1.0,2025-09-29 10:15:00,110.89,49.189582121353645,47.05243649191929,9,998.01,108.6722,113.1078,2025-10-03 15:59:00,112.325,WEEK_END_CLOSE,12.91500000000002,1.2940752096672448
SPGI,2025-09-26 00:00:00,2025-09-29 00:00:00,0.0476190476190476,10.0,2025-09-29 10:21:00,491.03,53.43199541701076,48.940850434327494,2,982.06,481.20939999999996,500.8506,2025-10-01 11:09:00,481.20939999999996,STOP_LOSS,-19.641200000000026,-2.0000000000000018
CRH,2025-09-26 00:00:00,2025-09-29 00:00:00,0.009009009009009,4.0,2025-09-29 14:58:00,114.5,65.30119617156424,64.15329047330923,8,916.0,112.21,116.79,2025-09-30 09:30:00,120.95,TAKE_PROFIT_GAP,51.60000000000002,5.633187772925763
KKR,2025-09-29 00:00:00,2025-09-30 00:00:00,0.013016367887763,3.0,2025-09-30 09:45:00,134.25,44.19423521489392,43.14365996679743,7,939.75,131.565,136.935,2025-09-30 10:05:00,131.565,STOP_LOSS,-18.795000000000016,-2.0000000000000018
CSCO,2025-09-29 00:00:00,2025-09-30 00:00:00,0.168076109936575,9.0,2025-09-30 10:07:00,68.48,65.0814388350245,61.197404234146504,14,958.72,67.1104,69.84960000000001,2025-10-03 15:59:00,67.94,WEEK_END_CLOSE,-7.5600000000000875,-0.7885514018691642
CDNS,2025-09-29 00:00:00,2025-09-30 00:00:00,0.1764705882352941,10.0,2025-09-30 10:13:00,349.38,47.52664233868386,46.12092968979101,2,698.76,342.3924,356.3676,2025-10-03 15:59:00,347.28,WEEK_END_CLOSE,-4.2000000000000455,-0.601064743259494
ADI,2025-09-29 00:00:00,2025-09-30 00:00:00,0.0425243770314192,5.0,2025-09-30 10:17:00,246.505,59.54737271950536,58.14945617926791,4,986.02,241.57489999999999,251.4351,2025-10-01 10:58:00,241.57489999999999,STOP_LOSS,-19.72040000000004,-2.0000000000000018
HPE,2025-09-29 00:00:00,2025-09-30 00:00:00,0.164033798677443,8.0,2025-09-30 10:22:00,24.21,54.3358223431252,49.01893680746317,41,992.61,23.7258,24.694200000000002,2025-10-01 10:16:00,24.694200000000002,TAKE_PROFIT,19.852200000000053,2.0000000000000018
KKR,2025-09-29 00:00:00,2025-09-30 00:00:00,0.013016367887763,3.0,2025-09-30 10:37:00,128.82,31.05642481672217,28.128712356154765,7,901.74,126.24359999999999,131.3964,2025-10-02 09:35:00,126.24359999999999,STOP_LOSS,-18.034800000000047,-2.0000000000000018
BX,2025-09-29 00:00:00,2025-09-30 00:00:00,0.0411450442548441,4.0,2025-09-30 10:38:00,170.34,38.78302740049518,31.289903486385473,5,851.7,166.9332,173.7468,2025-09-30 14:06:00,166.9332,STOP_LOSS,-17.03400000000002,-2.0000000000000018
BX,2025-09-29 00:00:00,2025-09-30 00:00:00,0.0411450442548441,4.0,2025-09-30 14:10:00,167.045,39.93081585667511,38.48868122061147,5,835.2249999999999,163.70409999999998,170.3859,2025-09-30 15:33:00,170.3859,TAKE_PROFIT,16.704500000000024,2.0000000000000018
TJX,2025-09-30 00:00:00,2025-10-01 00:00:00,0.0267755102040816,3.0,2025-10-01 09:49:00,144.4975,58.026162459378604,56.39242763012131,6,866.985,141.60755,147.38745,2025-10-03 15:50:00,141.60755,STOP_LOSS,-17.339699999999993,-2.0000000000000018
TMO,2025-09-30 00:00:00,2025-10-01 00:00:00,0.0583778966131907,6.0,2025-10-01 09:50:00,500.96,63.18017281105085,60.18316186493652,1,500.96,490.94079999999997,510.9792,2025-10-01 10:29:00,510.9792,TAKE_PROFIT,10.019200000000012,2.0000000000000018
PG,2025-09-30 00:00:00,2025-10-01 00:00:00,0.0599070693660803,7.0,2025-10-01 09:53:00,152.51,41.321685979088286,38.88570994046011,6,915.06,149.4598,155.56019999999998,2025-10-03 15:59:00,152.26,WEEK_END_CLOSE,-1.5,-0.16392367713592426
MO,2025-09-30 00:00:00,2025-10-01 00:00:00,0.0820092886824737,9.0,2025-10-01 09:57:00,66.08,51.749497629091124,51.1973884940576,15,991.1999999999999,64.7584,67.4016,2025-10-03 15:59:00,65.72,WEEK_END_CLOSE,-5.3999999999999915,-0.5447941888619856
GLW,2025-09-30 00:00:00,2025-10-01 00:00:00,0.0707494270807937,8.0,2025-10-01 10:00:00,82.5332,67.3868903228197,60.59503986838553,12,990.3983999999999,80.88253599999999,84.183864,2025-10-02 09:32:00,84.183864,TAKE_PROFIT,19.807968000000074,2.0000000000000018
EMR,2025-09-30 00:00:00,2025-10-01 00:00:00,0.0348837209302325,4.0,2025-10-01 10:10:00,130.19,50.3552378970336,50.076969265513995,7,911.3299999999999,127.58619999999999,132.7938,2025-10-02 09:35:00,132.7938,TAKE_PROFIT,18.226600000000047,2.0000000000000018
TMO,2025-09-30 00:00:00,2025-10-01 00:00:00,0.0583778966131907,6.0,2025-10-01 10:36:00,513.0,73.51028699012585,70.37010094099732,1,513.0,502.74,523.26,2025-10-01 12:02:00,523.26,TAKE_PROFIT,10.259999999999991,2.0000000000000018
ADI,2025-09-30 00:00:00,2025-10-01 00:00:00,0.1152815013404825,10.0,2025-10-01 11:02:00,242.39,45.84740284706066,43.48979270678024,4,969.56,237.54219999999998,247.2378,2025-10-01 15:00:00,237.54219999999998,STOP_LOSS,-19.391200000000026,-2.0000000000000018
SPGI,2025-09-30 00:00:00,2025-10-01 00:00:00,0.0126582278481012,2.0,2025-10-01 11:17:00,482.87,46.66405537844003,44.48934268244538,2,965.74,473.2126,492.5274,2025-10-03 15:59:00,479.78,WEEK_END_CLOSE,-6.180000000000064,-0.6399237890115428
TMO,2025-09-30 00:00:00,2025-10-01 00:00:00,0.0583778966131907,6.0,2025-10-01 12:46:00,522.4,55.34949221344431,54.89336127356294,1,522.4,511.95199999999994,532.848,2025-10-01 15:24:00,532.848,TAKE_PROFIT,10.447999999999979,2.0000000000000018
ADI,2025-09-30 00:00:00,2025-10-01 00:00:00,0.1152815013404825,10.0,2025-10-01 15:07:00,237.315,38.944765442947826,33.561102349703646,4,949.26,232.5687,242.0613,2025-10-02 09:30:00,242.13,TAKE_PROFIT_GAP,19.25999999999999,2.028948865432012
CMCSA,2025-10-01 00:00:00,2025-10-02 00:00:00,0.0069699712052653,2.0,2025-10-02 09:49:00,30.59,37.91178785566165,37.61776292144528,32,978.88,29.9782,31.2018,2025-10-03 15:59:00,30.9,WEEK_END_CLOSE,9.919999999999959,1.0134030728996324
MCO,2025-10-01 00:00:00,2025-10-02 00:00:00,0.0746268656716417,7.0,2025-10-02 10:13:00,482.37,55.95011323616613,53.91000664309781,2,964.74,472.7226,492.0174,2025-10-03 15:59:00,485.18,WEEK_END_CLOSE,5.6200000000000045,0.582540373572149
ICE,2025-10-01 00:00:00,2025-10-02 00:00:00,0.05,6.0,2025-10-02 10:23:00,162.1,44.99124543608933,44.97264223750423,6,972.5999999999999,158.858,165.34199999999998,2025-10-03 15:59:00,162.59,WEEK_END_CLOSE,2.9400000000000546,0.3022825416409747
NEE,2025-10-01 00:00:00,2025-10-02 00:00:00,0.0464512360656134,5.0,2025-10-02 10:25:00,77.83,46.6370502014641,45.75829490550987,12,933.96,76.2734,79.3866,2025-10-03 09:56:00,79.3866,TAKE_PROFIT,18.679200000000037,2.0000000000000018
AON,2025-10-01 00:00:00,2025-10-02 00:00:00,0.0052631578947368,1.0,2025-10-02 10:28:00,359.67,52.416838535525414,51.64045828289792,2,719.34,352.4766,366.8634,2025-10-03 15:59:00,363.81,WEEK_END_CLOSE,8.279999999999973,1.1510551338727026
CMI,2025-10-01 00:00:00,2025-10-02 00:00:00,0.0342857142857142,4.0,2025-10-02 10:38:00,428.66,55.71507964715476,52.88308428196918,2,857.32,420.08680000000004,437.2332,2025-10-03 13:34:00,437.2332,TAKE_PROFIT,17.14639999999997,2.0000000000000018
EMR,2025-10-01 00:00:00,2025-10-02 00:00:00,0.1228070175438596,9.0,2025-10-02 10:38:00,131.87,52.67606533571745,51.16284149852259,7,923.09,129.2326,134.50740000000002,2025-10-03 10:30:00,134.54,TAKE_PROFIT_GAP,18.689999999999912,2.024721316447997
FDX,2025-10-01 00:00:00,2025-10-02 00:00:00,0.1228325077967345,10.0,2025-10-02 10:55:00,241.08,52.14466231662201,49.71408940285206,4,964.32,236.2584,245.90160000000003,2025-10-03 15:59:00,244.6,WEEK_END_CLOSE,14.079999999999927,1.4600962336153822
DASH,2025-10-02 00:00:00,2025-10-03 00:00:00,0.0820872238113963,10.0,2025-10-03 09:45:00,271.05,63.55295457134977,59.22456550451098,3,813.1500000000001,265.629,276.471,2025-10-03 15:59:00,271.22,WEEK_END_CLOSE,0.5100000000000477,0.06271905552481805
UNP,2025-10-02 00:00:00,2025-10-03 00:00:00,0.0643925639008251,7.0,2025-10-03 09:50:00,235.82,61.237885160133565,57.81738305479445,4,943.28,231.1036,240.5364,2025-10-03 15:59:00,236.78,WEEK_END_CLOSE,3.840000000000032,0.407090153506906
KMI,2025-10-02 00:00:00,2025-10-03 00:00:00,0.0756853970639386,9.0,2025-10-03 10:02:00,28.145,50.57183291980546,49.622918884395006,35,985.0749999999999,27.5821,28.7079,2025-10-03 14:23:00,28.7079,TAKE_PROFIT,19.701499999999967,2.0000000000000018
JCI,2025-10-02 00:00:00,2025-10-03 00:00:00,0.0291666666666666,3.0,2025-10-03 10:11:00,108.45,50.59213242223127,49.65534287269133,9,976.0500000000001,106.281,110.619,2025-10-03 15:59:00,108.79,WEEK_END_CLOSE,3.0600000000000307,0.313508529276163
MSI,2025-10-02 00:00:00,2025-10-03 00:00:00,0.043103448275862,6.0,2025-10-03 11:11:00,455.94,65.10326648182834,62.910965342447966,2,911.88,446.8212,465.0588,2025-10-03 15:59:00,452.77,WEEK_END_CLOSE,-6.340000000000032,-0.6952669210861129
KMI,2025-10-02 00:00:00,2025-10-03 00:00:00,0.0756853970639386,9.0,2025-10-03 15:04:00,28.605,52.527392366099825,52.339080211103415,34,972.57,28.0329,29.1771,2025-10-03 15:59:00,28.46,WEEK_END_CLOSE,-4.9299999999999855,-0.5069043873448642
FDX,2025-10-03 00:00:00,2025-10-06 00:00:00,0.0050295648325832,1.0,2025-10-06 09:46:00,245.0,57.96234426835938,53.28931010244329,4,980.0,240.1,249.9,2025-10-06 12:37:00,249.9,TAKE_PROFIT,19.600000000000023,2.0000000000000018
WELL,2025-10-03 00:00:00,2025-10-06 00:00:00,0.0338983050847457,4.0,2025-10-06 09:46:00,173.83,34.20293589694542,33.074461839973225,5,869.1500000000001,170.35340000000002,177.3066,2025-10-08 13:59:00,170.35340000000002,STOP_LOSS,-17.382999999999953,-1.9999999999999907
WMB,2025-10-03 00:00:00,2025-10-06 00:00:00,0.0158653894059267,3.0,2025-10-06 09:47:00,64.785,52.02537213590524,49.95506768487056,15,971.775,63.48929999999999,66.0807,2025-10-07 09:56:00,63.48929999999999,STOP_LOSS,-19.435500000000054,-2.0000000000000018
SPGI,2025-10-03 00:00:00,2025-10-06 00:00:00,0.0674939467312348,8.0,2025-10-06 09:49:00,477.935,45.306695671670134,44.24969479498802,2,955.87,468.3763,487.4937,2025-10-09 09:37:00,487.4937,TAKE_PROFIT,19.117399999999975,2.0000000000000018
SYK,2025-10-03 00:00:00,2025-10-06 00:00:00,0.0815450643776824,10.0,2025-10-06 09:51:00,369.83,48.48440980971607,47.72293305924931,2,739.66,362.4334,377.22659999999996,2025-10-10 15:59:00,364.66,WEEK_END_CLOSE,-10.339999999999918,-1.3979395938674366
AON,2025-10-03 00:00:00,2025-10-06 00:00:00,0.0727272727272727,9.0,2025-10-06 10:05:00,363.83,47.763570991708626,46.41432292101008,2,727.66,356.55339999999995,371.1066,2025-10-10 15:59:00,359.995,WEEK_END_CLOSE,-7.669999999999959,-1.0540637110738493
CMCSA,2025-10-03 00:00:00,2025-10-06 00:00:00,0.0072093519828393,2.0,2025-10-06 10:05:00,30.515,47.930809620514374,40.0901209848518,32,976.48,29.9047,31.125300000000003,2025-10-07 09:30:00,31.125300000000003,TAKE_PROFIT,19.529600000000073,2.0000000000000018
NEE,2025-10-03 00:00:00,2025-10-06 00:00:00,0.0597088926361667,7.0,2025-10-06 10:08:00,81.47,54.01675771747133,52.83903925415793,12,977.64,79.8406,83.0994,2025-10-07 09:30:00,83.13,TAKE_PROFIT_GAP,19.91999999999996,2.0375598379771764
ICE,2025-10-03 00:00:00,2025-10-06 00:00:00,0.0397672162948593,5.0,2025-10-06 10:12:00,159.12,38.796641282695084,35.016206673940545,6,954.72,155.9376,162.3024,2025-10-07 09:49:00,162.3024,TAKE_PROFIT,19.094400000000007,2.0000000000000018
LITE,2025-10-03 00:00:00,2025-10-06 00:00:00,0.0520254169976171,6.0,2025-10-06 10:38:00,159.2,43.322126903202815,43.048612750713595,6,955.1999999999999,156.016,162.384,2025-10-06 11:07:00,162.384,TAKE_PROFIT,19.103999999999985,2.0000000000000018
LITE,2025-10-03 00:00:00,2025-10-06 00:00:00,0.0520254169976171,6.0,2025-10-06 11:41:00,162.09,55.57522069959367,55.35848606252728,6,972.54,158.8482,165.33180000000002,2025-10-06 13:23:00,165.33180000000002,TAKE_PROFIT,19.450800000000072,2.0000000000000018
FDX,2025-10-03 00:00:00,2025-10-06 00:00:00,0.0050295648325832,1.0,2025-10-06 12:39:00,249.745,60.897487294720264,57.90122830119523,4,998.98,244.7501,254.7399,2025-10-07 10:00:00,244.7501,STOP_LOSS,-19.979600000000005,-2.0000000000000018
LITE,2025-10-03 00:00:00,2025-10-06 00:00:00,0.0520254169976171,6.0,2025-10-06 13:44:00,165.7075,62.34496362079681,60.20505628391328,6,994.2450000000001,162.39335,169.02165000000002,2025-10-06 15:42:00,162.39335,STOP_LOSS,-19.884900000000073,-2.0000000000000018
TT,2025-10-06 00:00:00,2025-10-07 00:00:00,0.1333333333333333,10.0,2025-10-07 09:50:00,425.79,51.588191329764896,48.77094352743855,2,851.58,417.2742,434.30580000000003,2025-10-08 09:47:00,417.2742,STOP_LOSS,-17.031600000000026,-2.0000000000000018
BSX,2025-10-06 00:00:00,2025-10-07 00:00:00,0.1187598398694337,8.0,2025-10-07 09:55:00,95.59,38.292949153414554,38.02033847760562,10,955.9000000000001,93.6782,97.5018,2025-10-09 09:43:00,97.5018,TAKE_PROFIT,19.117999999999995,2.0000000000000018
DHR,2025-10-06 00:00:00,2025-10-07 00:00:00,0.1218192619735427,9.0,2025-10-07 09:55:00,213.59,59.12507722948419,51.43907413167915,4,854.36,209.3182,217.86180000000002,2025-10-07 11:14:00,209.3182,STOP_LOSS,-17.087200000000053,-2.0000000000000018
HPE,2025-10-06 00:00:00,2025-10-07 00:00:00,0.0850192764731809,5.0,2025-10-07 09:58:00,25.575,51.50011631138649,49.80478788665251,39,997.425,25.063499999999998,26.0865,2025-10-07 11:03:00,25.063499999999998,STOP_LOSS,-19.948500000000063,-2.0000000000000018
FDX,2025-10-06 00:00:00,2025-10-07 00:00:00,0.0418257297604395,2.0,2025-10-07 10:10:00,245.4846,48.184778746914105,46.81007981673508,4,981.9384,240.574908,250.394292,2025-10-08 09:30:00,238.19,STOP_LOSS_GAP,-29.17840000000001,-2.9715102291549056
ITW,2025-10-06 00:00:00,2025-10-07 00:00:00,0.0892857142857142,6.0,2025-10-07 10:17:00,257.27,46.17938751010922,45.15135150687852,3,771.81,252.1246,262.4154,2025-10-08 13:36:00,252.1246,STOP_LOSS,-15.436199999999985,-2.0000000000000018
CMCSA,2025-10-06 00:00:00,2025-10-07 00:00:00,0.0173693378340182,1.0,2025-10-07 10:41:00,31.0,52.46758989239298,49.554672216937455,32,992.0,30.38,31.62,2025-10-07 14:55:00,30.38,STOP_LOSS,-19.840000000000032,-2.0000000000000018
PCAR,2025-10-06 00:00:00,2025-10-07 00:00:00,0.0459016393442622,3.0,2025-10-07 10:44:00,97.03,45.578978921894155,39.742953720206955,10,970.3,95.0894,98.9706,2025-10-09 10:02:00,95.0894,STOP_LOSS,-19.406000000000034,-2.0000000000000018
DHR,2025-10-06 00:00:00,2025-10-07 00:00:00,0.1218192619735427,9.0,2025-10-07 11:16:00,209.4875,43.34885304516636,38.98322280431539,4,837.95,205.29775,213.67725000000002,2025-10-08 15:31:00,205.29775,STOP_LOSS,-16.759000000000015,-2.0000000000000018
HPE,2025-10-06 00:00:00,2025-10-07 00:00:00,0.0850192764731809,5.0,2025-10-07 11:17:00,24.9951,42.901212653274264,38.13079733110905,40,999.8040000000001,24.495198000000002,25.495002,2025-10-08 09:58:00,25.495002,TAKE_PROFIT,19.99607999999995,2.0000000000000018
CMCSA,2025-10-06 00:00:00,2025-10-07 00:00:00,0.0173693378340182,1.0,2025-10-07 15:01:00,30.78,48.20619192975988,44.470488857463465,32,984.96,30.1644,31.3956,2025-10-09 13:13:00,30.1644,STOP_LOSS,-19.69920000000002,-2.0000000000000018
FDX,2025-10-07 00:00:00,2025-10-08 00:00:00,0.0113810041757832,3.0,2025-10-08 09:48:00,238.04,38.83951462322701,37.11408850874156,4,952.16,233.27919999999997,242.8008,2025-10-10 11:05:00,233.27919999999997,STOP_LOSS,-19.04320000000007,-2.000000000000013
ICE,2025-10-07 00:00:00,2025-10-08 00:00:00,0.0470753205128205,7.0,2025-10-08 09:57:00,157.65,36.2618675787634,34.82627799584953,6,945.9000000000001,154.497,160.803,2025-10-09 09:30:00,160.96,TAKE_PROFIT_GAP,19.860000000000014,2.0995876942594416
JCI,2025-10-07 00:00:00,2025-10-08 00:00:00,0.0222965440356744,6.0,2025-10-08 09:57:00,107.71,52.491174867195376,50.57801383913255,9,969.39,105.55579999999999,109.8642,2025-10-08 12:57:00,109.8642,TAKE_PROFIT,19.387800000000027,2.0000000000000018
USB,2025-10-07 00:00:00,2025-10-08 00:00:00,0.0511846659708155,8.0,2025-10-08 10:00:00,47.28,47.82569752116746,46.39992867306478,21,992.88,46.3344,48.2256,2025-10-10 11:26:00,46.3344,STOP_LOSS,-19.857599999999977,-2.0000000000000018
KMI,2025-10-07 00:00:00,2025-10-08 00:00:00,0.0592637291137906,9.0,2025-10-08 10:01:00,27.745,47.169320674825514,46.94287337311649,36,998.82,27.1901,28.2999,2025-10-09 09:39:00,28.2999,TAKE_PROFIT,19.976399999999998,2.0000000000000018
PH,2025-10-07 00:00:00,2025-10-08 00:00:00,0.0,1.0,2025-10-08 10:02:00,750.87,55.897998241922565,53.91413191042247,1,750.87,735.8525999999999,765.8874000000001,2025-10-09 11:47:00,735.8525999999999,STOP_LOSS,-15.017400000000066,-2.000000000000013
JCI,2025-10-07 00:00:00,2025-10-08 00:00:00,0.0222965440356744,6.0,2025-10-08 12:59:00,109.87,65.48196472191935,62.767307475563236,9,988.83,107.6726,112.0674,2025-10-09 10:14:00,107.6726,STOP_LOSS,-19.776600000000016,-2.0000000000000018
MCO,2025-10-08 00:00:00,2025-10-09 00:00:00,0.0594059405940594,8.0,2025-10-09 09:48:00,494.21,59.23269376799654,58.49580431528029,2,988.42,484.32579999999996,504.0942,2025-10-10 15:34:00,484.32579999999996,STOP_LOSS,-19.768400000000042,-2.0000000000000018
SPGI,2025-10-08 00:00:00,2025-10-09 00:00:00,0.0376131221719457,3.0,2025-10-09 09:56:00,486.04,57.73976750335815,55.50812327302465,2,972.08,476.3192,495.7608,2025-10-10 15:59:00,486.045,WEEK_END_CLOSE,0.009999999999990905,0.0010287219158966465
AEP,2025-10-08 00:00:00,2025-10-09 00:00:00,0.0396419437340153,6.0,2025-10-09 10:04:00,118.45,63.63599311831975,61.126128722971316,8,947.6,116.081,120.819,2025-10-10 10:48:00,116.081,STOP_LOSS,-18.951999999999998,-2.0000000000000018
SHW,2025-10-08 00:00:00,2025-10-09 00:00:00,0.04,7.0,2025-10-09 10:04:00,335.275,47.686862913343234,45.85476069197179,2,670.55,328.56949999999995,341.9805,2025-10-10 15:59:00,332.87,WEEK_END_CLOSE,-4.809999999999945,-0.7173216016702622
NSC,2025-10-08 00:00:00,2025-10-09 00:00:00,0.09375,10.0,2025-10-09 10:11:00,295.505,48.17850041860794,45.063396735202865,3,886.515,289.5949,301.4151,2025-10-10 14:41:00,289.5949,STOP_LOSS,-17.7303,-2.0000000000000018
PCAR,2025-10-08 00:00:00,2025-10-09 00:00:00,0.0384615384615384,4.0,2025-10-09 10:29:00,95.23,43.31684017565236,43.199266916790855,10,952.3000000000001,93.3254,97.1346,2025-10-10 11:30:00,93.3254,STOP_LOSS,-19.04600000000002,-2.0000000000000018
TRV,2025-10-08 00:00:00,2025-10-09 00:00:00,0.0896860986547085,9.0,2025-10-09 10:34:00,280.91,54.651998029451256,47.44757379032149,3,842.73,275.2918,286.5282,2025-10-09 14:13:00,275.2918,STOP_LOSS,-16.854600000000005,-2.0000000000000018
CMCSA,2025-10-08 00:00:00,2025-10-09 00:00:00,0.038858379448267,5.0,2025-10-09 13:25:00,30.155,41.461738899089525,39.423320081387864,33,995.115,29.5519,30.758100000000002,2025-10-10 14:42:00,29.5519,STOP_LOSS,-19.902300000000043,-2.0000000000000018
TRV,2025-10-08 00:00:00,2025-10-09 00:00:00,0.0896860986547085,9.0,2025-10-09 14:21:00,275.355,38.775061805710735,36.404585975501234,3,826.065,269.84790000000004,280.8621,2025-10-10 15:54:00,269.84790000000004,STOP_LOSS,-16.52129999999994,-1.9999999999999907
BMY,2025-10-09 00:00:00,2025-10-10 00:00:00,0.0764291219707803,10.0,2025-10-10 09:53:00,44.195,47.30524414950022,44.263701367149245,22,972.29,43.311099999999996,45.078900000000004,2025-10-10 15:59:00,43.97,WEEK_END_CLOSE,-4.950000000000031,-0.5091073650865474
MRK,2025-10-09 00:00:00,2025-10-10 00:00:00,0.0581391759025236,7.0,2025-10-10 10:09:00,87.26,51.76479672228311,50.222391511940074,11,959.86,85.51480000000001,89.0052,2025-10-10 15:59:00,86.025,WEEK_END_CLOSE,-13.584999999999994,-1.4153105661242282
EOG,2025-10-09 00:00:00,2025-10-10 00:00:00,0.0678791565618995,9.0,2025-10-10 10:25:00,110.085,49.134158713487345,44.87203253551498,9,990.765,107.88329999999999,112.2867,2025-10-10 15:59:00,108.06,WEEK_END_CLOSE,-18.224999999999923,-1.8394876686196993
HLT,2025-10-09 00:00:00,2025-10-10 00:00:00,0.0329911615458946,4.0,2025-10-10 10:25:00,262.035,54.91491465803623,49.960224765669814,3,786.105,256.7943,267.27570000000003,2025-10-10 15:59:00,259.54,WEEK_END_CLOSE,-7.485000000000014,-0.9521628790047143
TEL,2025-10-09 00:00:00,2025-10-10 00:00:00,0.0,1.0,2025-10-10 10:27:00,223.455,56.15274139866371,54.89851517311324,4,893.82,218.98590000000002,227.9241,2025-10-10 11:25:00,218.97,STOP_LOSS_GAP,-17.940000000000055,-2.007115526616099
APH,2025-10-09 00:00:00,2025-10-10 00:00:00,0.0508701472556894,6.0,2025-10-10 10:42:00,125.305,47.26318590784775,45.59325684762544,7,877.135,122.7989,127.81110000000001,2025-10-10 11:31:00,122.7989,STOP_LOSS,-17.542700000000025,-2.0000000000000018
FDX,2025-10-09 00:00:00,2025-10-10 00:00:00,0.0601187902690048,8.0,2025-10-10 11:13:00,233.87,40.745493909130865,39.590419592987736,4,935.48,229.1926,238.5474,2025-10-10 11:40:00,229.1926,STOP_LOSS,-18.709600000000023,-2.0000000000000018
APH,2025-10-09 00:00:00,2025-10-10 00:00:00,0.0508701472556894,6.0,2025-10-10 11:42:00,123.185,46.10208967486308,39.36734329173495,8,985.48,120.7213,125.6487,2025-10-10 15:59:00,121.65,WEEK_END_CLOSE,-12.279999999999973,-1.2460932743434627
FDX,2025-10-09 00:00:00,2025-10-10 00:00:00,0.0601187902690048,8.0,2025-10-10 11:42:00,229.56,36.39602102853445,33.145685636277186,4,918.24,224.9688,234.15120000000002,2025-10-10 15:05:00,224.9688,STOP_LOSS,-18.36480000000006,-2.0000000000000018
TEL,2025-10-09 00:00:00,2025-10-10 00:00:00,0.0,1.0,2025-10-10 11:42:00,217.94,40.66623179951981,36.32601899817447,4,871.76,213.5812,222.2988,2025-10-10 15:59:00,214.61,WEEK_END_CLOSE,-13.319999999999936,-1.5279434706799933
CMCSA,2025-10-09 00:00:00,2025-10-10 00:00:00,0.0053350192998802,2.0,2025-10-10 15:00:00,29.545,49.06284010887517,38.83075547227213,33,974.985,28.9541,30.135900000000003,2025-10-10 15:59:00,29.46,WEEK_END_CLOSE,-2.805000000000028,-0.28769673379590577
FDX,2025-10-09 00:00:00,2025-10-10 00:00:00,0.0601187902690048,8.0,2025-10-10 15:19:00,225.22,50.42728116096559,45.33635749299342,4,900.88,220.7156,229.7244,2025-10-10 15:59:00,224.62,WEEK_END_CLOSE,-2.3999999999999773,-0.26640618062339083
ITW,2025-10-10 00:00:00,2025-10-13 00:00:00,0.0161290322580645,6.0,2025-10-13 09:46:00,245.46,50.812699628364,49.694606371323204,4,981.84,240.5508,250.3692,2025-10-17 15:59:00,249.4,WEEK_END_CLOSE,15.759999999999991,1.6051495151959472
CMCSA,2025-10-10 00:00:00,2025-10-13 00:00:00,0.0088402516480988,2.0,2025-10-13 09:47:00,29.545,52.24269642499572,49.03124932604774,33,974.985,28.9541,30.135900000000003,2025-10-17 15:59:00,29.525,WEEK_END_CLOSE,-0.6600000000001032,-0.06769334912846148
FDX,2025-10-10 00:00:00,2025-10-13 00:00:00,0.0010748504397164,1.0,2025-10-13 09:50:00,228.515,61.07648578029985,52.79849838557396,4,914.06,223.94469999999998,233.0853,2025-10-14 12:49:00,233.0853,TAKE_PROFIT,18.281200000000013,2.0000000000000018
KMI,2025-10-10 00:00:00,2025-10-13 00:00:00,0.0476741043102599,8.0,2025-10-13 09:50:00,27.1865,47.4522324357411,43.313811578956056,36,978.7139999999999,26.64277,27.73023,2025-10-15 09:40:00,27.73023,TAKE_PROFIT,19.57428,2.0000000000000018
SLB,2025-10-10 00:00:00,2025-10-13 00:00:00,0.0211372184312895,7.0,2025-10-13 09:50:00,31.79,48.95250780227627,41.65754678808849,31,985.49,31.1542,32.4258,2025-10-14 10:56:00,32.4258,TAKE_PROFIT,19.7098000000001,2.0000000000000018
AON,2025-10-10 00:00:00,2025-10-13 00:00:00,0.0088888888888888,3.0,2025-10-13 09:59:00,357.85,48.078003365009884,45.413897528714145,2,715.7,350.69300000000004,365.007,2025-10-16 09:30:00,348.92,STOP_LOSS_GAP,-17.860000000000014,-2.49545899119743
PLD,2025-10-10 00:00:00,2025-10-13 00:00:00,0.0097087378640776,4.0,2025-10-13 10:03:00,112.44,58.095917155556464,54.91066285140141,8,899.52,110.1912,114.6888,2025-10-14 12:43:00,114.6888,TAKE_PROFIT,17.990400000000022,2.0000000000000018
AJG,2025-10-10 00:00:00,2025-10-13 00:00:00,0.0526315789473684,9.0,2025-10-13 10:14:00,300.045,43.586672684018474,42.323767949948014,3,900.135,294.0441,306.0459,2025-10-16 09:30:00,287.27,STOP_LOSS_GAP,-38.3250000000001,-4.257694679131474
SO,2025-10-10 00:00:00,2025-10-13 00:00:00,0.0547020704915441,10.0,2025-10-13 10:16:00,97.565,49.2539788556121,48.615424091352686,10,975.65,95.6137,99.5163,2025-10-14 09:48:00,99.5163,TAKE_PROFIT,19.513000000000034,2.0000000000000018
PH,2025-10-10 00:00:00,2025-10-13 00:00:00,0.0146396396396396,5.0,2025-10-13 10:39:00,730.685,53.10383106964476,51.139364638798824,1,730.685,716.0713,745.2986999999999,2025-10-15 09:57:00,745.565,TAKE_PROFIT_GAP,14.88000000000011,2.0364452534265887
DLR,2025-10-13 00:00:00,2025-10-14 00:00:00,0.058083252662149,8.0,2025-10-14 09:50:00,170.27,51.04492306104729,50.83664191978126,5,851.35,166.8646,173.67540000000002,2025-10-15 09:33:00,173.67540000000002,TAKE_PROFIT,17.027000000000072,2.0000000000000018
TEL,2025-10-13 00:00:00,2025-10-14 00:00:00,0.0294117647058823,7.0,2025-10-14 09:51:00,217.595,48.37368069932041,46.764065949184186,4,870.38,213.2431,221.9469,2025-10-14 13:51:00,221.97,TAKE_PROFIT_GAP,17.5,2.0106160527585626
PFE,2025-10-13 00:00:00,2025-10-14 00:00:00,0.0714133322989196,10.0,2025-10-14 09:52:00,24.66,49.71888159792597,45.03612951811987,40,986.4,24.1668,25.153200000000002,2025-10-17 09:30:00,24.1668,STOP_LOSS,-19.728000000000065,-2.0000000000000018
APH,2025-10-13 00:00:00,2025-10-14 00:00:00,0.0196579830589739,4.0,2025-10-14 09:53:00,121.78,47.21798080416755,46.901359630124894,8,974.24,119.3444,124.21560000000001,2025-10-14 13:25:00,124.21560000000001,TAKE_PROFIT,19.484800000000064,2.0000000000000018
SPGI,2025-10-13 00:00:00,2025-10-14 00:00:00,0.0245398773006134,6.0,2025-10-14 10:05:00,485.085,63.55617782912572,59.393363502219835,2,970.17,475.38329999999996,494.7867,2025-10-16 11:45:00,475.38329999999996,STOP_LOSS,-19.403400000000033,-2.0000000000000018
MCO,2025-10-13 00:00:00,2025-10-14 00:00:00,0.0204081632653061,5.0,2025-10-14 10:10:00,479.61,61.42596829962495,55.88047034216034,2,959.22,470.0178,489.2022,2025-10-16 14:13:00,469.85,STOP_LOSS_GAP,-19.519999999999982,-2.0349867600758964
FDX,2025-10-13 00:00:00,2025-10-14 00:00:00,0.00431344356578,2.0,2025-10-14 13:08:00,233.13,65.48212934444607,63.38283877592437,4,932.52,228.4674,237.7926,2025-10-16 09:30:00,237.7926,TAKE_PROFIT,18.65039999999999,2.0000000000000018
APH,2025-10-13 00:00:00,2025-10-14 00:00:00,0.0196579830589739,4.0,2025-10-14 13:38:00,124.198,56.01479322359559,54.58610048614908,8,993.584,121.71404,126.68195999999999,2025-10-15 09:30:00,126.68195999999999,TAKE_PROFIT,19.87167999999997,2.0000000000000018
TEL,2025-10-13 00:00:00,2025-10-14 00:00:00,0.0294117647058823,7.0,2025-10-14 14:05:00,221.95,62.50008005936351,60.890162306670284,4,887.8,217.511,226.38899999999998,2025-10-16 09:30:00,226.38899999999998,TAKE_PROFIT,17.755999999999972,2.0000000000000018
WM,2025-10-14 00:00:00,2025-10-15 00:00:00,0.0650784427658338,10.0,2025-10-15 09:46:00,216.6607,38.45578914961629,38.16026425739144,4,866.6428,212.327486,220.993914,2025-10-16 09:35:00,212.327486,STOP_LOSS,-17.332855999999992,-2.0000000000000018
DLR,2025-10-14 00:00:00,2025-10-15 00:00:00,0.0329218106995884,5.0,2025-10-15 10:00:00,175.72,60.75739927318619,58.18758245899932,5,878.6,172.2056,179.2344,2025-10-17 09:30:00,171.78,STOP_LOSS_GAP,-19.69999999999999,-2.242203505577056
MO,2025-10-14 00:00:00,2025-10-15 00:00:00,0.0619495299356754,9.0,2025-10-15 10:00:00,65.62,61.88029711562078,60.67441263865821,15,984.3000000000001,64.30760000000001,66.9324,2025-10-16 13:09:00,64.30760000000001,STOP_LOSS,-19.68599999999995,-1.9999999999999907
TMO,2025-10-14 00:00:00,2025-10-15 00:00:00,0.0411568409343715,7.0,2025-10-15 10:20:00,530.825,53.46187854373619,52.0577945641991,1,530.825,520.2085000000001,541.4415,2025-10-16 09:30:00,544.36,TAKE_PROFIT_GAP,13.534999999999968,2.5498045495219612
APD,2025-10-14 00:00:00,2025-10-15 00:00:00,0.0351351351351351,6.0,2025-10-15 10:28:00,262.965,45.31408561540024,45.23154601375744,3,788.895,257.7057,268.22429999999997,2025-10-15 12:53:00,257.7057,STOP_LOSS,-15.777899999999988,-2.0000000000000018
ECL,2025-10-14 00:00:00,2025-10-15 00:00:00,0.0084151472650771,4.0,2025-10-15 10:28:00,276.0665,63.132933732333115,57.714570662902744,3,828.1995000000001,270.54517000000004,281.58783,2025-10-16 12:30:00,270.54517000000004,STOP_LOSS,-16.563989999999933,-1.9999999999999907
APD,2025-10-14 00:00:00,2025-10-15 00:00:00,0.0351351351351351,6.0,2025-10-15 13:21:00,256.15,43.636182447788194,33.41796590448632,3,768.4499999999999,251.027,261.27299999999997,2025-10-17 15:59:00,253.23,WEEK_END_CLOSE,-8.759999999999962,-1.1399570564122552
WELL,2025-10-15 00:00:00,2025-10-16 00:00:00,0.0181818181818181,5.0,2025-10-16 09:55:00,173.02,51.76289341366349,50.27653959959385,5,865.1,169.55960000000002,176.4804,2025-10-17 15:59:00,175.11,WEEK_END_CLOSE,10.450000000000017,1.2079528378222237
SLB,2025-10-15 00:00:00,2025-10-16 00:00:00,0.0399877899877899,7.0,2025-10-16 09:57:00,32.65,51.062869875743345,47.40222470817989,30,979.5,31.996999999999996,33.303,2025-10-17 10:43:00,31.996999999999996,STOP_LOSS,-19.590000000000067,-2.0000000000000018
JCI,2025-10-15 00:00:00,2025-10-16 00:00:00,0.0186781609195402,6.0,2025-10-16 09:58:00,110.335,45.56594859540805,45.4871139272883,9,993.015,108.1283,112.54169999999999,2025-10-17 09:45:00,108.1283,STOP_LOSS,-19.86029999999998,-2.0000000000000018
TJX,2025-10-15 00:00:00,2025-10-16 00:00:00,0.0415300546448087,8.0,2025-10-16 10:00:00,143.52,47.88536153801737,41.95097966526451,6,861.1200000000001,140.64960000000002,146.3904,2025-10-17 15:59:00,143.85,WEEK_END_CLOSE,1.9799999999999045,0.22993311036787478
CRH,2025-10-15 00:00:00,2025-10-16 00:00:00,0.0149094781682641,3.0,2025-10-16 10:03:00,117.76,41.53521168240506,39.625532343136555,8,942.08,115.40480000000001,120.1152,2025-10-17 15:59:00,117.41,WEEK_END_CLOSE,-2.800000000000068,-0.2972146739130488
AJG,2025-10-15 00:00:00,2025-10-16 00:00:00,0.0434782608695652,9.0,2025-10-16 10:05:00,280.72,37.807894624433196,37.66074352660941,3,842.1600000000001,275.10560000000004,286.3344,2025-10-17 15:59:00,280.63,WEEK_END_CLOSE,-0.2700000000000955,-0.03206041607296539
EMR,2025-10-15 00:00:00,2025-10-16 00:00:00,0.0458715596330275,10.0,2025-10-16 10:15:00,130.0,52.705769202945156,48.493361994444484,7,910.0,127.39999999999999,132.6,2025-10-17 15:59:00,129.31,WEEK_END_CLOSE,-4.829999999999984,-0.5307692307692236
FDX,2025-10-15 00:00:00,2025-10-16 00:00:00,0.0018382352941176,1.0,2025-10-16 10:15:00,234.265,45.932563207609256,44.7908638859845,4,937.06,229.57969999999997,238.9503,2025-10-17 10:02:00,238.9503,TAKE_PROFIT,18.74120000000005,2.0000000000000018
ICE,2025-10-15 00:00:00,2025-10-16 00:00:00,0.0168195718654434,4.0,2025-10-16 10:29:00,155.73,43.46200293268358,41.587057231742754,6,934.3799999999999,152.6154,158.84459999999999,2025-10-17 15:59:00,153.575,WEEK_END_CLOSE,-12.930000000000007,-1.3838053040518883
EQIX,2025-10-16 00:00:00,2025-10-17 00:00:00,0.0434782608695652,4.0,2025-10-17 09:45:00,810.42,43.52652959479877,41.318191138962206,1,810.42,794.2116,826.6283999999999,2025-10-17 15:59:00,813.86,WEEK_END_CLOSE,3.4400000000000546,0.4244712618148627
SO,2025-10-16 00:00:00,2025-10-17 00:00:00,0.0505836575875486,5.0,2025-10-17 09:47:00,98.32,48.518805413646774,45.253886568373545,10,983.1999999999999,96.35359999999999,100.2864,2025-10-17 15:59:00,97.79,WEEK_END_CLOSE,-5.299999999999869,-0.5390561432058405
SPGI,2025-10-16 00:00:00,2025-10-17 00:00:00,0.0515463917525773,6.0,2025-10-17 09:47:00,473.45,55.179381372216035,49.190332876898715,2,946.9,463.981,482.919,2025-10-17 15:59:00,473.17,WEEK_END_CLOSE,-0.5599999999999454,-0.05914035272995832
REGN,2025-10-16 00:00:00,2025-10-17 00:00:00,0.0607356715141146,9.0,2025-10-17 09:48:00,573.0,66.96880042514553,55.78455114445975,1,573.0,561.54,584.46,2025-10-17 15:59:00,578.25,WEEK_END_CLOSE,5.25,0.9162303664921545
QCOM,2025-10-16 00:00:00,2025-10-17 00:00:00,0.0557783273705188,8.0,2025-10-17 09:51:00,163.22,50.11787948716433,49.825103098935195,6,979.3199999999999,159.9556,166.4844,2025-10-17 15:59:00,163.441,WEEK_END_CLOSE,1.3260000000000218,0.1354000735203975
MDT,2025-10-16 00:00:00,2025-10-17 00:00:00,0.0339285714285714,2.0,2025-10-17 10:14:00,95.365,53.361234717450806,52.27286601790117,10,953.65,93.45769999999999,97.2723,2025-10-17 15:59:00,95.78,WEEK_END_CLOSE,4.1500000000000625,0.4351701357940607
BSX,2025-10-16 00:00:00,2025-10-17 00:00:00,0.0343915343915343,3.0,2025-10-17 10:27:00,98.93,63.12472209176467,60.866850634803036,10,989.3000000000001,96.9514,100.9086,2025-10-17 15:59:00,99.24,WEEK_END_CLOSE,3.0999999999998806,0.3133528757707449
PH,2025-10-16 00:00:00,2025-10-17 00:00:00,0.0655737704918032,10.0,2025-10-17 10:30:00,731.485,54.061823177021516,52.596502417918465,1,731.485,716.8553,746.1147,2025-10-17 15:59:00,733.67,WEEK_END_CLOSE,2.1849999999999454,0.29870742393895977
FDX,2025-10-16 00:00:00,2025-10-17 00:00:00,0.0549828178694158,7.0,2025-10-17 10:46:00,238.15,54.0459253686105,53.82977876653492,4,952.6,233.387,242.913,2025-10-17 15:59:00,237.77,WEEK_END_CLOSE,-1.5199999999999818,-0.1595633004409014
AFL,2025-10-17 00:00:00,2025-10-20 00:00:00,0.0067796610169491,3.0,2025-10-20 09:45:00,108.0,54.592790418516024,47.1426680004432,9,972.0,105.84,110.16,2025-10-24 15:59:00,107.17,WEEK_END_CLOSE,-7.469999999999985,-0.7685185185185128
EQIX,2025-10-17 00:00:00,2025-10-20 00:00:00,0.0,1.0,2025-10-20 09:46:00,820.89,59.33356637951891,56.472082788594626,1,820.89,804.4721999999999,837.3078,2025-10-21 10:00:00,804.4721999999999,STOP_LOSS,-16.417800000000057,-2.0000000000000018
FDX,2025-10-17 00:00:00,2025-10-20 00:00:00,0.0468384074941452,8.0,2025-10-20 09:47:00,240.14,58.107766884304795,53.63529972400943,4,960.56,235.3372,244.94279999999998,2025-10-21 10:40:00,244.94279999999998,TAKE_PROFIT,19.211199999999963,2.0000000000000018
ROST,2025-10-17 00:00:00,2025-10-20 00:00:00,0.0049875311720698,2.0,2025-10-20 09:50:00,157.15,53.97510631028624,52.237326099460354,6,942.9000000000001,154.007,160.293,2025-10-24 15:59:00,156.79,WEEK_END_CLOSE,-2.160000000000082,-0.22908049634108307
SPGI,2025-10-17 00:00:00,2025-10-20 00:00:00,0.0526315789473684,9.0,2025-10-20 09:56:00,473.93,48.37455211953635,48.30524776095456,2,947.86,464.4514,483.40860000000004,2025-10-21 11:08:00,483.45,TAKE_PROFIT_GAP,19.039999999999964,2.008735467263101
CRH,2025-10-17 00:00:00,2025-10-20 00:00:00,0.0285714285714285,6.0,2025-10-20 10:02:00,117.235,52.332613532110805,49.404949350994855,8,937.88,114.8903,119.5797,2025-10-22 09:37:00,119.5797,TAKE_PROFIT,18.757600000000025,2.0000000000000018
DHR,2025-10-17 00:00:00,2025-10-20 00:00:00,0.0664804469273743,10.0,2025-10-20 10:07:00,209.7,51.253339147204905,50.92717637763545,4,838.8,205.50599999999997,213.894,2025-10-21 09:30:00,223.5,TAKE_PROFIT_GAP,55.200000000000045,6.580829756795437
CMCSA,2025-10-17 00:00:00,2025-10-20 00:00:00,0.0079268292682926,4.0,2025-10-20 10:13:00,29.505,54.44187909934285,50.817107430358,33,973.665,28.9149,30.0951,2025-10-24 15:59:00,29.27,WEEK_END_CLOSE,-7.754999999999981,-0.7964751736993736
MCO,2025-10-17 00:00:00,2025-10-20 00:00:00,0.0273722627737226,5.0,2025-10-20 10:21:00,472.82,53.58643432956082,53.15184829608688,2,945.64,463.36359999999996,482.2764,2025-10-21 10:46:00,482.2764,TAKE_PROFIT,18.91280000000006,2.0000000000000018
PH,2025-10-17 00:00:00,2025-10-20 00:00:00,0.0389610389610389,7.0,2025-10-20 10:40:00,743.25,58.37257372102798,55.30301595493921,1,743.25,728.385,758.115,2025-10-21 15:55:00,758.255,TAKE_PROFIT_GAP,15.004999999999995,2.0188361923982434
EMR,2025-10-20 00:00:00,2025-10-21 00:00:00,0.0261437908496732,3.0,2025-10-21 09:49:00,130.255,55.65656485529697,55.33675025456771,7,911.785,127.64989999999999,132.8601,2025-10-21 11:07:00,132.8601,TAKE_PROFIT,18.23569999999995,2.0000000000000018
MDLZ,2025-10-20 00:00:00,2025-10-21 00:00:00,0.0483870967741935,5.0,2025-10-21 10:05:00,62.815,53.431186958217964,49.941726007477875,15,942.2249999999999,61.558699999999995,64.0713,2025-10-21 12:10:00,61.558699999999995,STOP_LOSS,-18.844500000000046,-2.0000000000000018
PFE,2025-10-20 00:00:00,2025-10-21 00:00:00,0.1167043618739903,10.0,2025-10-21 10:06:00,24.705,57.01101648133313,54.48743601355319,40,988.1999999999999,24.2109,25.199099999999998,2025-10-24 15:59:00,24.775,WEEK_END_CLOSE,2.8000000000000114,0.2833434527423684
CI,2025-10-20 00:00:00,2025-10-21 00:00:00,0.0563663814796175,7.0,2025-10-21 10:08:00,305.495,52.14851130898961,50.25039675060956,3,916.485,299.3851,311.6049,2025-10-24 15:59:00,301.74,WEEK_END_CLOSE,-11.264999999999986,-1.229152686623347
ETN,2025-10-20 00:00:00,2025-10-21 00:00:00,0.0989345509893455,9.0,2025-10-21 10:13:00,373.4,47.884398796383,45.97398676207879,2,746.8,365.93199999999996,380.868,2025-10-22 10:12:00,365.93199999999996,STOP_LOSS,-14.936000000000035,-2.0000000000000018
AMGN,2025-10-20 00:00:00,2025-10-21 00:00:00,0.020800627943485,2.0,2025-10-21 10:20:00,299.24,48.021973254550204,45.76277451624143,3,897.72,293.2552,305.2248,2025-10-23 09:56:00,293.2552,STOP_LOSS,-17.95440000000002,-2.0000000000000018
FDX,2025-10-20 00:00:00,2025-10-21 00:00:00,0.0389380530973451,4.0,2025-10-21 10:50:00,244.64,61.02482889017539,61.023339687039694,4,978.56,239.7472,249.53279999999998,2025-10-22 15:58:00,239.7472,STOP_LOSS,-19.571199999999976,-2.0000000000000018
SPGI,2025-10-20 00:00:00,2025-10-21 00:00:00,0.0121130551816958,1.0,2025-10-21 11:12:00,483.08,59.765641513598766,59.324678313411404,2,966.16,473.41839999999996,492.7416,2025-10-24 15:59:00,489.45,WEEK_END_CLOSE,12.740000000000009,1.3186221743810567
MDLZ,2025-10-20 00:00:00,2025-10-21 00:00:00,0.0483870967741935,5.0,2025-10-21 12:11:00,61.645,32.95043124823469,29.08643814061443,16,986.32,60.4121,62.877900000000004,2025-10-24 15:59:00,60.76,WEEK_END_CLOSE,-14.160000000000082,-1.4356395490307539
EMR,2025-10-20 00:00:00,2025-10-21 00:00:00,0.0261437908496732,3.0,2025-10-21 12:22:00,132.76,53.13143250991696,51.63791983099263,7,929.3199999999999,130.10479999999998,135.4152,2025-10-22 12:30:00,130.10479999999998,STOP_LOSS,-18.586400000000054,-2.0000000000000018
SNPS,2025-10-21 00:00:00,2025-10-22 00:00:00,0.1413489736070381,6.0,2025-10-22 09:46:00,461.23,64.21151426338733,63.92068874519578,2,922.46,452.0054,470.4546,2025-10-22 12:32:00,452.0054,STOP_LOSS,-18.44920000000002,-2.0000000000000018
CSX,2025-10-21 00:00:00,2025-10-22 00:00:00,0.0256983240223463,2.0,2025-10-22 09:48:00,36.205,54.842091307496254,52.83905693510986,27,977.535,35.4809,36.9291,2025-10-23 10:20:00,35.4809,STOP_LOSS,-19.5507,-2.0000000000000018
NSC,2025-10-21 00:00:00,2025-10-22 00:00:00,0.0898203592814371,3.0,2025-10-22 09:48:00,290.7,52.383428061311946,49.55934812968401,3,872.0999999999999,284.88599999999997,296.514,2025-10-23 10:19:00,284.88599999999997,STOP_LOSS,-17.442000000000064,-2.000000000000013
REGN,2025-10-21 00:00:00,2025-10-22 00:00:00,0.196,8.0,2025-10-22 09:50:00,580.855,53.23772196429065,52.5675937919535,1,580.855,569.2379,592.4721000000001,2025-10-24 15:59:00,578.09,WEEK_END_CLOSE,-2.7649999999999864,-0.47602241523271305
TMUS,2025-10-21 00:00:00,2025-10-22 00:00:00,0.1537484116899618,7.0,2025-10-22 09:55:00,223.65,45.51402579421604,42.66129910462793,4,894.6,219.177,228.12300000000002,2025-10-23 10:32:00,219.177,STOP_LOSS,-17.892000000000053,-2.0000000000000018
QCOM,2025-10-21 00:00:00,2025-10-22 00:00:00,0.1321476381717345,4.0,2025-10-22 10:00:00,166.81,50.347533586984916,50.09720365921528,5,834.05,163.4738,170.1462,2025-10-23 09:50:00,170.1462,TAKE_PROFIT,16.680999999999955,2.0000000000000018
JPM,2025-10-21 00:00:00,2025-10-22 00:00:00,0.2044504907200466,10.0,2025-10-22 10:01:00,296.565,45.54646997338022,41.53611149286873,3,889.6949999999999,290.6337,302.4963,2025-10-22 12:32:00,290.6337,STOP_LOSS,-17.793900000000065,-2.0000000000000018
JPM,2025-10-21 00:00:00,2025-10-22 00:00:00,0.2044504907200466,10.0,2025-10-22 12:34:00,292.19,49.07242735571941,38.00543794537773,3,876.5699999999999,286.3462,298.0338,2025-10-24 09:47:00,298.0338,TAKE_PROFIT,17.531399999999962,2.0000000000000018
SNPS,2025-10-21 00:00:00,2025-10-22 00:00:00,0.1413489736070381,6.0,2025-10-22 12:42:00,454.21,44.92056502341413,44.57036409440639,2,908.42,445.12579999999997,463.2942,2025-10-24 09:56:00,463.2942,TAKE_PROFIT,18.16840000000002,2.0000000000000018
KKR,2025-10-22 00:00:00,2025-10-23 00:00:00,0.0498090940645609,3.0,2025-10-23 09:48:00,123.525,52.563622302380494,51.19848759425152,8,988.2,121.0545,125.9955,2025-10-23 10:10:00,121.0545,STOP_LOSS,-19.76400000000001,-2.0000000000000018
MRK,2025-10-22 00:00:00,2025-10-23 00:00:00,0.0796434169278996,6.0,2025-10-23 09:48:00,87.76,49.56206348556558,46.463434341862076,11,965.36,86.0048,89.51520000000001,2025-10-24 15:59:00,87.47,WEEK_END_CLOSE,-3.190000000000069,-0.330446672743856
EOG,2025-10-22 00:00:00,2025-10-23 00:00:00,0.1122931442080378,9.0,2025-10-23 09:49:00,108.5,62.364469367006414,60.40960109382,9,976.5,106.33,110.67,2025-10-24 15:14:00,106.33,STOP_LOSS,-19.530000000000015,-2.0000000000000018
TFC,2025-10-22 00:00:00,2025-10-23 00:00:00,0.1341991341991342,10.0,2025-10-23 09:50:00,43.58,49.67394546498336,49.65215426423735,22,958.76,42.7084,44.4516,2025-10-24 09:52:00,44.4516,TAKE_PROFIT,19.175200000000018,2.0000000000000018
FDX,2025-10-22 00:00:00,2025-10-23 00:00:00,0.0688524590163934,4.0,2025-10-23 09:58:00,240.33,45.25414238657858,42.10957333552372,4,961.32,235.5234,245.13660000000002,2025-10-23 10:15:00,235.5234,STOP_LOSS,-19.226400000000012,-2.0000000000000018
ABBV,2025-10-22 00:00:00,2025-10-23 00:00:00,0.0709745762711864,5.0,2025-10-23 09:59:00,228.16,45.31868333721652,44.37260742884908,4,912.64,223.5968,232.7232,2025-10-24 15:59:00,228.0,WEEK_END_CLOSE,-0.6399999999999864,-0.07012622720897754
MO,2025-10-22 00:00:00,2025-10-23 00:00:00,0.0827175208581644,7.0,2025-10-23 10:02:00,64.36,54.612280588850545,50.14578989056696,15,965.4,63.0728,65.6472,2025-10-24 15:59:00,64.67,WEEK_END_CLOSE,4.650000000000034,0.48166563082661096
FDX,2025-10-22 00:00:00,2025-10-23 00:00:00,0.0688524590163934,4.0,2025-10-23 10:28:00,236.49,46.61824634189958,39.513367417520605,4,945.96,231.7602,241.21980000000002,2025-10-24 10:05:00,241.21980000000002,TAKE_PROFIT,18.919200000000046,2.0000000000000018
KKR,2025-10-22 00:00:00,2025-10-23 00:00:00,0.0498090940645609,3.0,2025-10-23 10:31:00,120.245,40.231779108116186,39.0929925884459,8,961.96,117.8401,122.6499,2025-10-24 09:30:00,122.6499,TAKE_PROFIT,19.239199999999983,2.0000000000000018
LOW,2025-10-23 00:00:00,2025-10-24 00:00:00,0.0761865112406328,5.0,2025-10-24 09:50:00,245.34,54.07588250186252,52.51319258523302,4,981.36,240.4332,250.2468,2025-10-24 15:59:00,242.72,WEEK_END_CLOSE,-10.480000000000018,-1.0679057634303435
EMR,2025-10-23 00:00:00,2025-10-24 00:00:00,0.1,9.0,2025-10-24 09:52:00,133.985,59.609364449075436,55.555565876011606,7,937.8950000000001,131.30530000000002,136.6647,2025-10-24 15:59:00,132.7,WEEK_END_CLOSE,-8.995000000000175,-0.9590625816322862
MDT,2025-10-23 00:00:00,2025-10-24 00:00:00,0.0984427141268075,8.0,2025-10-24 10:00:00,94.51,52.632403288044465,48.799515838102,10,945.1,92.6198,96.40020000000001,2025-10-24 15:59:00,93.67,WEEK_END_CLOSE,-8.400000000000034,-0.8887948365252418
KKR,2025-10-23 00:00:00,2025-10-24 00:00:00,0.0545411985018726,3.0,2025-10-24 10:04:00,123.395,59.57284387126948,58.61862784207661,8,987.16,120.9271,125.8629,2025-10-24 15:59:00,121.2899,WEEK_END_CLOSE,-16.840799999999945,-1.7059848454151205
SO,2025-10-23 00:00:00,2025-10-24 00:00:00,0.0940860215053763,7.0,2025-10-24 10:05:00,96.19,49.48982326780577,42.156288266451845,10,961.9,94.2662,98.1138,2025-10-24 15:59:00,95.87,WEEK_END_CLOSE,-3.199999999999932,-0.33267491423224493
WFC,2025-10-23 00:00:00,2025-10-24 00:00:00,0.1185179937659393,10.0,2025-10-24 10:07:00,86.01,62.206467698735814,62.11415036555831,11,946.11,84.2898,87.73020000000001,2025-10-24 15:59:00,86.41,WEEK_END_CLOSE,4.399999999999906,0.46506220206952165
FDX,2025-10-23 00:00:00,2025-10-24 00:00:00,0.00067283431455,1.0,2025-10-24 10:19:00,240.99,54.69896500772161,54.02549728777971,4,963.96,236.1702,245.80980000000002,2025-10-24 15:59:00,241.17,WEEK_END_CLOSE,0.7199999999999136,0.07469189592927972
KMI,2025-10-23 00:00:00,2025-10-24 00:00:00,0.0239255981399535,2.0,2025-10-24 10:53:00,26.135,45.6813529018237,45.04745955820502,38,993.1300000000001,25.6123,26.657700000000002,2025-10-24 15:59:00,25.865,WEEK_END_CLOSE,-10.260000000000119,-1.033097378993697
DHR,2025-10-24 00:00:00,2025-10-27 00:00:00,0.1017811704834605,6.0,2025-10-27 09:47:00,223.23,51.716799570845986,50.49577146422608,4,892.92,218.7654,227.69459999999998,2025-10-28 09:32:00,218.7654,STOP_LOSS,-17.85839999999996,-1.9999999999999907
MRK,2025-10-24 00:00:00,2025-10-27 00:00:00,0.1294170103667372,9.0,2025-10-27 09:47:00,87.44,51.24305061732678,48.54364422884459,11,961.8399999999999,85.6912,89.1888,2025-10-30 09:30:00,84.62,STOP_LOSS_GAP,-31.019999999999925,-3.2250686184812416
TJX,2025-10-24 00:00:00,2025-10-27 00:00:00,0.0876002467612584,4.0,2025-10-27 09:50:00,142.385,48.71345110254865,46.30978203603925,7,996.6949999999999,139.5373,145.2327,2025-10-31 15:59:00,140.13,WEEK_END_CLOSE,-15.784999999999968,-1.5837342416687106
NEE,2025-10-24 00:00:00,2025-10-27 00:00:00,0.1059479553903345,7.0,2025-10-27 09:51:00,84.54,58.01505810997319,54.209582656545635,11,929.94,82.84920000000001,86.2308,2025-10-27 13:49:00,86.2308,TAKE_PROFIT,18.598799999999954,2.0000000000000018
WMB,2025-10-24 00:00:00,2025-10-27 00:00:00,0.1325301204819277,10.0,2025-10-27 09:51:00,57.69,57.80146747099672,54.509263911474974,17,980.73,56.536199999999994,58.8438,2025-10-30 09:37:00,56.536199999999994,STOP_LOSS,-19.614600000000067,-2.0000000000000018
BRK.B,2025-10-24 00:00:00,2025-10-27 00:00:00,0.1222594789785917,8.0,2025-10-27 09:57:00,489.29,44.714757092367506,41.92949112361547,2,978.58,479.5042,499.0758,2025-10-29 09:30:00,477.32,STOP_LOSS_GAP,-23.940000000000055,-2.4464019293261696
CMCSA,2025-10-24 00:00:00,2025-10-27 00:00:00,0.0062408223201174,2.0,2025-10-27 09:57:00,29.605,54.19196193224908,52.55940884490272,33,976.965,29.0129,30.197100000000002,2025-10-29 10:00:00,29.0129,STOP_LOSS,-19.53930000000007,-2.0000000000000018
FDX,2025-10-24 00:00:00,2025-10-27 00:00:00,0.0029899429192715,1.0,2025-10-27 09:57:00,245.46,53.56063001425471,51.28775327038348,4,981.84,240.5508,250.3692,2025-10-28 09:30:00,251.0,TAKE_PROFIT_GAP,22.159999999999968,2.2569868817730043
KKR,2025-10-24 00:00:00,2025-10-27 00:00:00,0.0729613733905579,3.0,2025-10-27 10:19:00,123.2,52.14169483290663,48.00529652564771,8,985.6,120.736,125.664,2025-10-28 11:45:00,120.736,STOP_LOSS,-19.71199999999999,-2.0000000000000018
WBD,2025-10-24 00:00:00,2025-10-27 00:00:00,0.0949861263470349,5.0,2025-10-27 10:32:00,21.145,49.86552551913998,48.75056276398554,47,993.8149999999999,20.722099999999998,21.5679,2025-10-29 11:22:00,21.5679,TAKE_PROFIT,19.876300000000096,2.0000000000000018
NEE,2025-10-24 00:00:00,2025-10-27 00:00:00,0.1059479553903345,7.0,2025-10-27 14:40:00,85.43,55.0688873829486,53.5536089501313,11,939.73,83.7214,87.13860000000001,2025-10-28 09:30:00,87.52,TAKE_PROFIT_GAP,22.98999999999988,2.4464473838230028
ISRG,2025-10-27 00:00:00,2025-10-28 00:00:00,0.1264559068219634,5.0,2025-10-28 09:46:00,551.2,59.95366196630265,56.64734684205936,1,551.2,540.176,562.224,2025-10-28 13:43:00,540.176,STOP_LOSS,-11.024000000000001,-2.0000000000000018
FDX,2025-10-27 00:00:00,2025-10-28 00:00:00,0.0481162051747616,3.0,2025-10-28 09:53:00,250.91,51.76051205435595,50.12319897888855,3,752.73,245.8918,255.9282,2025-10-31 15:59:00,253.93,WEEK_END_CLOSE,9.06000000000003,1.2036188274680226
KMI,2025-10-27 00:00:00,2025-10-28 00:00:00,0.0922442941673711,4.0,2025-10-28 09:54:00,25.935,46.01461168538032,45.036570186039,38,985.53,25.4163,26.453699999999998,2025-10-31 15:59:00,26.19,WEEK_END_CLOSE,9.690000000000097,0.9832272990167867
HON,2025-10-27 00:00:00,2025-10-28 00:00:00,0.1384358009201171,6.0,2025-10-28 09:55:00,202.0782,49.36907010595653,48.82868128770596,4,808.3128,198.03663600000002,206.119764,2025-10-31 15:59:00,201.35,WEEK_END_CLOSE,-2.912800000000061,-0.36035554552644733
DHR,2025-10-27 00:00:00,2025-10-28 00:00:00,0.1392645314353499,7.0,2025-10-28 10:01:00,219.89,52.93778387720589,48.73100746601672,4,879.56,215.4922,224.28779999999998,2025-10-29 09:30:00,215.47,STOP_LOSS_GAP,-17.67999999999995,-2.0100959570694354
HPE,2025-10-27 00:00:00,2025-10-28 00:00:00,0.0119565217391304,1.0,2025-10-28 10:03:00,23.82,48.41893672086364,48.28810390832804,41,976.62,23.3436,24.296400000000002,2025-10-28 12:45:00,24.296400000000002,TAKE_PROFIT,19.53240000000007,2.0000000000000018
NEE,2025-10-27 00:00:00,2025-10-28 00:00:00,0.1864509851617611,10.0,2025-10-28 10:04:00,85.14,56.65625018070633,53.73778586489714,11,936.54,83.4372,86.8428,2025-10-28 10:57:00,83.4372,STOP_LOSS,-18.73079999999996,-1.9999999999999907
SO,2025-10-27 00:00:00,2025-10-28 00:00:00,0.024,2.0,2025-10-28 10:04:00,94.905,58.183902478848175,49.9129430070445,10,949.05,93.0069,96.8031,2025-10-29 10:45:00,93.0069,STOP_LOSS,-18.980999999999995,-2.0000000000000018
NEE,2025-10-27 00:00:00,2025-10-28 00:00:00,0.1864509851617611,10.0,2025-10-28 11:02:00,83.76,50.99750582689182,41.30418822839666,11,921.36,82.0848,85.43520000000001,2025-10-29 11:56:00,82.0848,STOP_LOSS,-18.42720000000004,-2.0000000000000018
HPE,2025-10-27 00:00:00,2025-10-28 00:00:00,0.0119565217391304,1.0,2025-10-28 12:51:00,24.2901,65.08725189225635,63.44280558812697,41,995.8941,23.804298,24.775902,2025-10-31 10:06:00,24.775902,TAKE_PROFIT,19.917881999999985,2.0000000000000018
ISRG,2025-10-27 00:00:00,2025-10-28 00:00:00,0.1264559068219634,5.0,2025-10-28 13:49:00,542.781,50.038123074417946,43.31268222561431,1,542.781,531.9253799999999,553.63662,2025-10-30 12:35:00,531.9253799999999,STOP_LOSS,-10.855620000000044,-2.000000000000013
BRK.B,2025-10-28 00:00:00,2025-10-29 00:00:00,0.1137986240318463,10.0,2025-10-29 09:48:00,475.79,39.24362017598854,36.97572307058857,2,951.58,466.2742,485.30580000000003,2025-10-31 15:59:00,477.89,WEEK_END_CLOSE,4.199999999999932,0.4413711931734454
BSX,2025-10-28 00:00:00,2025-10-29 00:00:00,0.068230277185501,7.0,2025-10-29 09:50:00,100.13,40.19793610556543,40.00607902645821,9,901.17,98.1274,102.1326,2025-10-30 11:56:00,102.1326,TAKE_PROFIT,18.02340000000001,2.0000000000000018
AFL,2025-10-28 00:00:00,2025-10-29 00:00:00,0.0769230769230769,9.0,2025-10-29 09:57:00,106.15,48.27252412016806,47.05957940853452,9,955.35,104.027,108.27300000000001,2025-10-31 15:59:00,107.2,WEEK_END_CLOSE,9.449999999999974,0.9891662741403628
BX,2025-10-28 00:00:00,2025-10-29 00:00:00,0.0768543342269883,8.0,2025-10-29 10:04:00,150.66,43.66544077160271,43.29898950656957,6,903.96,147.64679999999998,153.6732,2025-10-30 09:30:00,147.5,STOP_LOSS_GAP,-18.95999999999998,-2.097437939731839
AMGN,2025-10-28 00:00:00,2025-10-29 00:00:00,0.0527823240589198,6.0,2025-10-29 10:08:00,292.27,60.49060265144426,55.90638212078394,3,876.81,286.4246,298.11539999999997,2025-10-31 15:04:00,298.11539999999997,TAKE_PROFIT,17.53619999999995,2.0000000000000018
CMCSA,2025-10-28 00:00:00,2025-10-29 00:00:00,0.0310434916244044,3.0,2025-10-29 10:16:00,28.965,43.311658513489824,41.17487019814897,34,984.81,28.3857,29.5443,2025-10-30 09:30:00,26.09,STOP_LOSS_GAP,-97.75,-9.925772484032457
SO,2025-10-28 00:00:00,2025-10-29 00:00:00,0.0479302832244008,5.0,2025-10-29 10:48:00,93.05,39.87909924170473,39.36559026621369,10,930.5,91.189,94.911,2025-10-30 09:31:00,94.911,TAKE_PROFIT,18.610000000000042,2.0000000000000018
CRH,2025-10-29 00:00:00,2025-10-30 00:00:00,0.0588235294117647,7.0,2025-10-30 09:48:00,117.64,53.892410021938936,46.55537710095682,8,941.12,115.2872,119.9928,2025-10-31 15:59:00,119.1,WEEK_END_CLOSE,11.67999999999995,1.2410744644678617
CTAS,2025-10-29 00:00:00,2025-10-30 00:00:00,0.0344827586206896,4.0,2025-10-30 09:48:00,184.43,49.659398428364014,49.371809294392634,5,922.1500000000001,180.7414,188.11860000000001,2025-10-31 15:59:00,183.27,WEEK_END_CLOSE,-5.799999999999983,-0.6289649189394342
EMR,2025-10-29 00:00:00,2025-10-30 00:00:00,0.0519480519480519,5.0,2025-10-30 10:08:00,137.42,55.63701919943646,55.422109121008965,7,961.9399999999999,134.67159999999998,140.1684,2025-10-31 15:31:00,140.1684,TAKE_PROFIT,19.238800000000026,2.0000000000000018
DHR,2025-10-29 00:00:00,2025-10-30 00:00:00,0.0640138408304498,8.0,2025-10-30 10:10:00,214.77,49.24211533943834,47.39879033122727,4,859.08,210.4746,219.0654,2025-10-31 15:59:00,215.38,WEEK_END_CLOSE,2.439999999999941,0.2840247706849208
SPGI,2025-10-29 00:00:00,2025-10-30 00:00:00,0.0568965517241379,6.0,2025-10-30 10:10:00,496.5941,60.22661940555028,59.830993089152614,2,993.1882,486.662218,506.52598200000006,2025-10-31 11:18:00,486.662218,STOP_LOSS,-19.86376400000006,-2.0000000000000018
ADP,2025-10-29 00:00:00,2025-10-30 00:00:00,0.0911411794740873,10.0,2025-10-30 10:16:00,261.23,49.94432145175113,49.65082828481692,3,783.69,256.0054,266.4546,2025-10-31 15:59:00,260.28,WEEK_END_CLOSE,-2.8500000000001364,-0.36366420395821386
DLR,2025-10-29 00:00:00,2025-10-30 00:00:00,0.0890052356020942,9.0,2025-10-30 10:17:00,170.95,57.502063007067775,53.60427659726067,5,854.75,167.53099999999998,174.369,2025-10-31 15:59:00,170.52,WEEK_END_CLOSE,-2.149999999999892,-0.2515355367066263
RTX,2025-10-30 00:00:00,2025-10-31 00:00:00,0.0158687896054103,2.0,2025-10-31 09:47:00,177.2275,44.1094868302123,40.90541086588189,5,886.1374999999999,173.68294999999998,180.77205,2025-10-31 15:59:00,178.59,WEEK_END_CLOSE,6.812500000000057,0.7687858825520921
ADI,2025-10-30 00:00:00,2025-10-31 00:00:00,0.1023622047244094,8.0,2025-10-31 10:07:00,234.81,53.153342678146466,52.96974812967223,4,939.24,230.1138,239.5062,2025-10-31 15:59:00,234.13,WEEK_END_CLOSE,-2.7200000000000273,-0.28959584344789846
WMB,2025-10-30 00:00:00,2025-10-31 00:00:00,0.128440366972477,10.0,2025-10-31 10:08:00,57.72,52.748314499645886,47.47695907183681,17,981.24,56.565599999999996,58.8744,2025-10-31 15:59:00,57.88,WEEK_END_CLOSE,2.720000000000063,0.2772002772002846
MDT,2025-10-30 00:00:00,2025-10-31 00:00:00,0.0392670157068062,3.0,2025-10-31 10:09:00,91.04,54.38432759363886,48.39634861013868,10,910.4000000000001,89.2192,92.86080000000001,2025-10-31 15:59:00,90.7,WEEK_END_CLOSE,-3.400000000000034,-0.3734622144112465
CMCSA,2025-10-30 00:00:00,2025-10-31 00:00:00,0.0744332646381379,5.0,2025-10-31 10:11:00,27.059,45.52831909690117,45.471477952467964,36,974.124,26.51782,27.60018,2025-10-31 14:37:00,27.60018,TAKE_PROFIT,19.482480000000024,2.0000000000000018
DASH,2025-10-30 00:00:00,2025-10-31 00:00:00,0.0479677226539151,4.0,2025-10-31 10:13:00,259.2,58.78041825238411,56.60276448796712,3,777.5999999999999,254.016,264.384,2025-10-31 15:59:00,254.36,WEEK_END_CLOSE,-14.519999999999925,-1.8672839506172711
PFE,2025-10-30 00:00:00,2025-10-31 00:00:00,0.0969076588311011,7.0,2025-10-31 10:31:00,24.4993,52.07631256379395,51.62715864589129,40,979.9720000000001,24.009314,24.989286000000003,2025-10-31 15:59:00,24.65,WEEK_END_CLOSE,6.027999999999878,0.6151196156624739
T,2025-10-30 00:00:00,2025-10-31 00:00:00,0.1184003771213073,9.0,2025-10-31 10:51:00,24.905,57.24053438320683,56.82111006043469,40,996.2,24.4069,25.403100000000002,2025-10-31 15:59:00,24.73,WEEK_END_CLOSE,-7.000000000000028,-0.7026701465569163
CMCSA,2025-10-30 00:00:00,2025-10-31 00:00:00,0.0744332646381379,5.0,2025-10-31 14:55:00,27.55,61.80649284505534,59.977217793530784,36,991.8000000000001,26.999,28.101000000000003,2025-10-31 15:59:00,27.84,WEEK_END_CLOSE,10.43999999999997,1.0526315789473717
DHR,2025-10-31 00:00:00,2025-11-03 00:00:00,0.0634146341463414,4.0,2025-11-03 09:46:00,213.59,45.026275339113944,43.665239776958636,4,854.36,209.3182,217.86180000000002,2025-11-05 11:04:00,209.3182,STOP_LOSS,-17.087200000000053,-2.0000000000000018
EMR,2025-10-31 00:00:00,2025-11-03 00:00:00,0.0952380952380952,6.0,2025-11-03 09:55:00,138.71,49.81524102872908,48.37004698384616,7,970.97,135.9358,141.48420000000002,2025-11-05 09:30:00,129.49,STOP_LOSS_GAP,-64.53999999999999,-6.646961286136543
CME,2025-10-31 00:00:00,2025-11-03 00:00:00,0.0454545454545454,3.0,2025-11-03 09:59:00,262.19,41.53924130924368,40.832295529607826,3,786.5699999999999,256.9462,267.4338,2025-11-04 10:48:00,267.4338,TAKE_PROFIT,15.731400000000065,2.0000000000000018
BSX,2025-10-31 00:00:00,2025-11-03 00:00:00,0.0654205607476635,5.0,2025-11-03 10:00:00,99.12,45.04848368178693,41.832376594447005,10,991.2,97.1376,101.1024,2025-11-07 15:59:00,100.0,WEEK_END_CLOSE,8.799999999999955,0.8878127522195189
T,2025-10-31 00:00:00,2025-11-03 00:00:00,0.1281776826331281,8.0,2025-11-03 10:00:00,24.2161,39.90917591150622,34.265255785956754,41,992.8601,23.731778000000002,24.700422,2025-11-05 10:03:00,24.700422,TAKE_PROFIT,19.85720199999995,2.0000000000000018
FDX,2025-10-31 00:00:00,2025-11-03 00:00:00,0.0028885037550548,1.0,2025-11-03 10:01:00,251.885,47.864316093685005,45.969051074459806,3,755.655,246.8473,256.9227,2025-11-05 12:02:00,256.9227,TAKE_PROFIT,15.113100000000088,2.0000000000000018
SO,2025-10-31 00:00:00,2025-11-03 00:00:00,0.096629213483146,7.0,2025-11-03 10:03:00,92.52,44.26745180989993,38.727606155544464,10,925.1999999999999,90.66959999999999,94.3704,2025-11-03 12:59:00,94.3704,TAKE_PROFIT,18.504000000000076,2.0000000000000018
PGR,2025-10-31 00:00:00,2025-11-03 00:00:00,0.131578947368421,9.0,2025-11-03 10:06:00,201.24,36.94727699484624,36.094008717089615,4,804.96,197.2152,205.2648,2025-11-04 09:30:00,205.99,TAKE_PROFIT_GAP,19.0,2.360365732458747
HPE,2025-10-31 00:00:00,2025-11-03 00:00:00,0.037108744756373,2.0,2025-11-03 10:08:00,24.585,53.36755194817881,52.241240044805295,40,983.4000000000001,24.0933,25.076700000000002,2025-11-04 09:30:00,23.935,STOP_LOSS_GAP,-26.000000000000085,-2.64388854992883
ETN,2025-10-31 00:00:00,2025-11-03 00:00:00,0.136986301369863,10.0,2025-11-03 10:19:00,380.59,45.8924457826472,45.66564114970435,2,761.18,372.97819999999996,388.2018,2025-11-04 09:30:00,360.63,STOP_LOSS_GAP,-39.91999999999996,-5.244488819990012
SO,2025-10-31 00:00:00,2025-11-03 00:00:00,0.096629213483146,7.0,2025-11-03 13:38:00,93.7,60.01416076931273,58.811698506240774,10,937.0,91.82600000000001,95.574,2025-11-05 09:30:00,91.32,STOP_LOSS_GAP,-23.800000000000097,-2.5400213447171915
LIN,2025-11-03 00:00:00,2025-11-04 00:00:00,0.0411764705882352,4.0,2025-11-04 09:46:00,416.425,58.487489962583254,54.28678444204254,2,832.85,408.0965,424.75350000000003,2025-11-07 15:59:00,420.5,WEEK_END_CLOSE,8.149999999999977,0.9785675691901252
USB,2025-11-03 00:00:00,2025-11-04 00:00:00,0.1012929767962893,7.0,2025-11-04 09:46:00,46.46,52.02641365955346,49.562503334352776,21,975.66,45.5308,47.3892,2025-11-07 15:59:00,47.315,WEEK_END_CLOSE,17.954999999999934,1.8402927249246526
NSC,2025-11-03 00:00:00,2025-11-04 00:00:00,0.1032608695652173,8.0,2025-11-04 09:47:00,281.31,45.510709280222166,43.15896616877872,3,843.9300000000001,275.6838,286.9362,2025-11-07 15:59:00,284.25,WEEK_END_CLOSE,8.819999999999993,1.045110376453029
CSCO,2025-11-03 00:00:00,2025-11-04 00:00:00,0.1295974674246876,10.0,2025-11-04 09:48:00,73.4,48.74918836635527,47.79121099650075,13,954.2,71.932,74.86800000000001,2025-11-05 09:30:00,71.932,STOP_LOSS,-19.084000000000046,-2.0000000000000018
CMCSA,2025-11-03 00:00:00,2025-11-04 00:00:00,0.0887449108398295,6.0,2025-11-04 09:51:00,27.125,57.110671594162824,51.079900218330266,36,976.5,26.5825,27.6675,2025-11-05 09:32:00,27.6675,TAKE_PROFIT,19.530000000000015,2.0000000000000018
PCAR,2025-11-03 00:00:00,2025-11-04 00:00:00,0.0520951302378255,5.0,2025-11-04 09:54:00,96.38,34.754503881470086,34.70384909575338,10,963.8,94.4524,98.3076,2025-11-05 10:09:00,98.32,TAKE_PROFIT_GAP,19.399999999999977,2.0128657397800342
AJG,2025-11-03 00:00:00,2025-11-04 00:00:00,0.0390243902439024,3.0,2025-11-04 09:55:00,245.25,61.086643517267596,57.37172478420526,4,981.0,240.345,250.155,2025-11-04 11:12:00,250.155,TAKE_PROFIT,19.620000000000005,2.0000000000000018
DUK,2025-11-03 00:00:00,2025-11-04 00:00:00,0.1242840778923253,9.0,2025-11-04 09:56:00,124.07,54.091029034829134,53.816263214725424,8,992.56,121.58859999999999,126.5514,2025-11-07 15:59:00,123.64,WEEK_END_CLOSE,-3.439999999999941,-0.34657854437011304
JCI,2025-11-03 00:00:00,2025-11-04 00:00:00,0.0300965360590573,2.0,2025-11-04 09:58:00,111.765,43.4345052674472,39.555023119341165,8,894.12,109.5297,114.0003,2025-11-05 09:30:00,120.925,TAKE_PROFIT_GAP,73.27999999999997,8.195767905873929
AJG,2025-11-03 00:00:00,2025-11-04 00:00:00,0.0390243902439024,3.0,2025-11-04 11:55:00,250.07,58.38963807486152,57.16701484541812,3,750.21,245.06859999999998,255.0714,2025-11-06 15:33:00,245.06859999999998,STOP_LOSS,-15.004200000000054,-2.0000000000000018
AMT,2025-11-04 00:00:00,2025-11-05 00:00:00,0.0189155107187894,1.0,2025-11-05 09:53:00,181.18,52.43017657436777,52.18747315461512,5,905.9000000000001,177.5564,184.80360000000002,2025-11-07 09:30:00,177.5564,STOP_LOSS,-18.118000000000052,-2.0000000000000018
CMCSA,2025-11-04 00:00:00,2025-11-05 00:00:00,0.0210107709484904,2.0,2025-11-05 10:00:00,27.705,57.377892630456124,56.984992444999875,36,997.3799999999999,27.150899999999996,28.2591,2025-11-07 13:12:00,27.150899999999996,STOP_LOSS,-19.947600000000065,-2.0000000000000018
AON,2025-11-04 00:00:00,2025-11-05 00:00:00,0.1,8.0,2025-11-05 10:04:00,344.365,56.179107606554716,55.65051414852343,2,688.73,337.4777,351.2523,2025-11-07 15:59:00,346.37,WEEK_END_CLOSE,4.009999999999991,0.5822310629709726
APD,2025-11-04 00:00:00,2025-11-05 00:00:00,0.0960365853658536,7.0,2025-11-05 10:04:00,239.555,48.81660757011528,47.87374074359601,4,958.22,234.7639,244.3461,2025-11-06 09:30:00,249.39,TAKE_PROFIT_GAP,39.33999999999992,4.105529001690633
PM,2025-11-04 00:00:00,2025-11-05 00:00:00,0.1171066672943726,9.0,2025-11-05 10:07:00,148.42,56.33163870383721,56.27520195153784,6,890.52,145.45159999999998,151.3884,2025-11-07 09:36:00,151.3884,TAKE_PROFIT,17.810400000000016,2.0000000000000018
MSI,2025-11-04 00:00:00,2025-11-05 00:00:00,0.0730994152046783,6.0,2025-11-05 10:15:00,392.6,50.05390506681462,47.20248617638812,2,785.2,384.748,400.45200000000006,2025-11-07 15:59:00,390.685,WEEK_END_CLOSE,-3.830000000000041,-0.48777381558838817
HLT,2025-11-04 00:00:00,2025-11-05 00:00:00,0.1214337046352856,10.0,2025-11-05 10:20:00,261.38,58.52108345272293,57.02232918311785,3,784.14,256.1524,266.6076,2025-11-06 09:32:00,266.6076,TAKE_PROFIT,15.682799999999986,2.0000000000000018
ICE,2025-11-04 00:00:00,2025-11-05 00:00:00,0.06,5.0,2025-11-05 10:59:00,148.15,48.819003293107144,48.09609105733905,6,888.9000000000001,145.187,151.113,2025-11-07 15:59:00,149.01,WEEK_END_CLOSE,5.159999999999911,0.5804927438406882
DHR,2025-11-04 00:00:00,2025-11-05 00:00:00,0.0325783679467454,3.0,2025-11-05 11:14:00,209.66,42.356582012807365,42.04565423552354,4,838.64,205.4668,213.8532,2025-11-07 15:59:00,209.95,WEEK_END_CLOSE,1.1599999999999682,0.13831918343985006
FDX,2025-11-04 00:00:00,2025-11-05 00:00:00,0.0341680106385988,4.0,2025-11-05 12:22:00,258.115,67.5696880743999,65.0475303892177,3,774.345,252.9527,263.2773,2025-11-07 14:53:00,263.2773,TAKE_PROFIT,15.486900000000048,2.0000000000000018
KMI,2025-11-05 00:00:00,2025-11-06 00:00:00,0.0442279740026135,4.0,2025-11-06 09:56:00,26.159,54.43309248842292,50.531402568339296,38,994.0419999999999,25.63582,26.68218,2025-11-07 15:59:00,26.56,WEEK_END_CLOSE,15.237999999999992,1.5329332161015286
RSG,2025-11-05 00:00:00,2025-11-06 00:00:00,0.054054054054054,6.0,2025-11-06 10:02:00,204.08,42.91802222047102,37.333737557613276,4,816.32,199.9984,208.16160000000002,2025-11-07 15:59:00,205.64,WEEK_END_CLOSE,6.239999999999895,0.7644061152489057
BX,2025-11-05 00:00:00,2025-11-06 00:00:00,0.1227415038125536,9.0,2025-11-06 10:11:00,143.5,52.151575186822896,49.47310370612579,6,861.0,140.63,146.37,2025-11-07 15:59:00,145.97,WEEK_END_CLOSE,14.819999999999993,1.721254355400692
ECL,2025-11-06 00:00:00,2025-11-07 00:00:00,0.0833333333333333,7.0,2025-11-07 09:45:00,253.63,49.34906547746548,46.547612216754175,3,760.89,248.5574,258.7026,2025-11-07 15:59:00,256.13,WEEK_END_CLOSE,7.5,0.985687812955871
GD,2025-11-06 00:00:00,2025-11-07 00:00:00,0.0921434689060182,9.0,2025-11-07 09:45:00,341.12,55.24893502874599,50.904917076672064,2,682.24,334.2976,347.9424,2025-11-07 15:59:00,346.41,WEEK_END_CLOSE,10.580000000000041,1.5507739212007543
ADP,2025-11-06 00:00:00,2025-11-07 00:00:00,0.0829895847592489,6.0,2025-11-07 09:48:00,254.175,58.727040572712774,57.555101831709294,3,762.5250000000001,249.0915,259.2585,2025-11-07 15:59:00,254.26,WEEK_END_CLOSE,0.2549999999999386,0.033441526507327346
TT,2025-11-06 00:00:00,2025-11-07 00:00:00,0.0166270783847981,1.0,2025-11-07 09:56:00,427.835,44.32860985193914,43.11932407742825,2,855.67,419.27829999999994,436.3917,2025-11-07 15:59:00,434.37,WEEK_END_CLOSE,13.07000000000005,1.5274580153563866
SYK,2025-11-06 00:00:00,2025-11-07 00:00:00,0.0663265306122449,3.0,2025-11-07 10:03:00,356.635,60.15149515349939,53.438620943518046,2,713.27,349.5023,363.7677,2025-11-07 15:59:00,356.06,WEEK_END_CLOSE,-1.1499999999999773,-0.16122926801912518
MO,2025-11-06 00:00:00,2025-11-07 00:00:00,0.0749766517832097,4.0,2025-11-07 10:06:00,57.455,54.10544603260088,48.8435527196125,17,976.735,56.305899999999994,58.6041,2025-11-07 15:59:00,58.02,WEEK_END_CLOSE,9.605000000000082,0.9833782960577908
ACN,2025-11-06 00:00:00,2025-11-07 00:00:00,0.0799516323952714,5.0,2025-11-07 10:07:00,242.33,51.4193418827569,43.03566306634997,4,969.32,237.48340000000002,247.1766,2025-11-07 15:59:00,245.78,WEEK_END_CLOSE,13.799999999999955,1.4236784549993775
SHW,2025-11-06 00:00:00,2025-11-07 00:00:00,0.0884955752212389,8.0,2025-11-07 10:21:00,339.175,56.01648955007925,55.51006802477465,2,678.35,332.3915,345.9585,2025-11-07 15:59:00,340.24,WEEK_END_CLOSE,2.1299999999999955,0.31399719908602464
CMCSA,2025-11-06 00:00:00,2025-11-07 00:00:00,0.0257437683192111,2.0,2025-11-07 13:30:00,27.075,41.47520671112073,40.71909968776482,36,974.6999999999999,26.5335,27.6165,2025-11-07 15:59:00,27.345,WEEK_END_CLOSE,9.719999999999985,0.9972299168975018
BSX,2025-11-07 00:00:00,2025-11-10 00:00:00,0.0650454899684093,7.0,2025-11-10 09:45:00,99.54,48.63947315448643,44.39574626632644,10,995.4000000000001,97.5492,101.53080000000001,2025-11-11 09:30:00,101.53080000000001,TAKE_PROFIT,19.908000000000072,2.0000000000000018
CMCSA,2025-11-07 00:00:00,2025-11-10 00:00:00,0.0939140212864298,10.0,2025-11-10 09:45:00,27.3799,55.228012561205034,53.39463751848799,36,985.6764,26.832302,27.927498,2025-11-10 10:44:00,26.832302,STOP_LOSS,-19.713528000000025,-2.0000000000000018
ROST,2025-11-07 00:00:00,2025-11-10 00:00:00,0.0910334584115071,9.0,2025-11-10 09:45:00,160.905,48.144152157702145,47.350853473792476,6,965.4300000000001,157.6869,164.1231,2025-11-14 15:59:00,160.57,WEEK_END_CLOSE,-2.0100000000000477,-0.20819738354930228
SYK,2025-11-07 00:00:00,2025-11-10 00:00:00,0.0158371040723981,3.0,2025-11-10 09:45:00,353.62,48.20749847612625,43.56856305032771,2,707.24,346.5476,360.6924,2025-11-11 12:55:00,360.6924,TAKE_PROFIT,14.144800000000032,2.0000000000000018
KMI,2025-11-07 00:00:00,2025-11-10 00:00:00,0.0588377780374864,6.0,2025-11-10 09:47:00,26.585,52.73363600150769,49.18752183838983,37,983.645,26.0533,27.1167,2025-11-10 15:06:00,27.1167,TAKE_PROFIT,19.672900000000027,2.0000000000000018
FDX,2025-11-07 00:00:00,2025-11-10 00:00:00,0.011187573640606,1.0,2025-11-10 09:51:00,258.62,48.3820713470031,40.08971327554647,3,775.86,253.4476,263.7924,2025-11-11 12:15:00,263.7924,TAKE_PROFIT,15.517199999999946,2.0000000000000018
MCO,2025-11-07 00:00:00,2025-11-10 00:00:00,0.0253164556962025,4.0,2025-11-10 09:55:00,484.1,50.385628675420975,46.52840019244497,2,968.2,474.418,493.78200000000004,2025-11-11 11:18:00,493.79,TAKE_PROFIT_GAP,19.379999999999995,2.00165255112581
JCI,2025-11-07 00:00:00,2025-11-10 00:00:00,0.0457809694793536,5.0,2025-11-10 10:04:00,122.64,49.912042363546334,49.51694584446292,8,981.12,120.1872,125.0928,2025-11-13 10:47:00,120.1872,STOP_LOSS,-19.62239999999997,-2.0000000000000018
AON,2025-11-07 00:00:00,2025-11-10 00:00:00,0.0707964601769911,8.0,2025-11-10 10:10:00,344.19,59.3723372521316,50.541501190476694,2,688.38,337.3062,351.0738,2025-11-12 14:54:00,351.0738,TAKE_PROFIT,13.767600000000016,2.0000000000000018
MSI,2025-11-07 00:00:00,2025-11-10 00:00:00,0.0131578947368421,2.0,2025-11-10 10:18:00,392.555,54.34989112152879,53.494068701315506,2,785.11,384.7039,400.40610000000004,2025-11-13 14:47:00,384.7039,STOP_LOSS,-15.702200000000062,-2.000000000000013
CMCSA,2025-11-07 00:00:00,2025-11-10 00:00:00,0.0939140212864298,10.0,2025-11-10 11:01:00,26.815,37.904006214904626,36.335071951420076,37,992.1550000000001,26.2787,27.351300000000002,2025-11-10 14:42:00,27.351300000000002,TAKE_PROFIT,19.843100000000025,2.0000000000000018
SPGI,2025-11-10 00:00:00,2025-11-11 00:00:00,0.0972915236133364,6.0,2025-11-11 09:46:00,496.36,60.83712913713296,59.80500672332403,2,992.72,486.4328,506.28720000000004,2025-11-14 15:59:00,493.89,WEEK_END_CLOSE,-4.940000000000055,-0.4976226932065453
PNC,2025-11-10 00:00:00,2025-11-11 00:00:00,0.1060074690527193,7.0,2025-11-11 09:47:00,184.98,47.76472335773342,45.27582003100536,5,924.9,181.2804,188.6796,2025-11-14 15:59:00,184.04,WEEK_END_CLOSE,-4.699999999999989,-0.5081630446534757
ITW,2025-11-10 00:00:00,2025-11-11 00:00:00,0.2,10.0,2025-11-11 09:48:00,245.055,56.162027088621215,49.6901895953224,4,980.22,240.1539,249.95610000000002,2025-11-14 15:59:00,244.08,WEEK_END_CLOSE,-3.8999999999999773,-0.39786986594846363
LIN,2025-11-10 00:00:00,2025-11-11 00:00:00,0.1421319796954314,8.0,2025-11-11 09:49:00,424.3345,61.152385575053216,60.54602939771699,2,848.669,415.84781,432.82119,2025-11-14 15:59:00,423.27,WEEK_END_CLOSE,-2.129000000000019,-0.25086341082329877
DUK,2025-11-10 00:00:00,2025-11-11 00:00:00,0.1664684898929845,9.0,2025-11-11 09:50:00,122.86,47.33689933594223,44.32594536383546,8,982.88,120.4028,125.3172,2025-11-14 15:59:00,122.715,WEEK_END_CLOSE,-1.1599999999999682,-0.11802051115089585
CMCSA,2025-11-10 00:00:00,2025-11-11 00:00:00,0.054821024950783,3.0,2025-11-11 10:07:00,27.145,46.01234113430277,41.95914274447483,36,977.22,26.6021,27.6879,2025-11-12 10:59:00,27.6879,TAKE_PROFIT,19.544399999999982,2.0000000000000018
ALL,2025-11-10 00:00:00,2025-11-11 00:00:00,0.06184012066365,5.0,2025-11-11 10:13:00,205.5244,52.62316459222968,51.62490454134055,4,822.0976,201.413912,209.63488800000002,2025-11-13 09:30:00,209.63488800000002,TAKE_PROFIT,16.441952000000015,2.0000000000000018
ELV,2025-11-10 00:00:00,2025-11-11 00:00:00,0.0580498866213151,4.0,2025-11-11 10:20:00,307.5585,60.395182008141745,59.28848730379142,3,922.6754999999999,301.40733,313.70966999999996,2025-11-11 13:00:00,313.70966999999996,TAKE_PROFIT,18.453509999999937,2.0000000000000018
FDX,2025-11-10 00:00:00,2025-11-11 00:00:00,0.0451485668163004,2.0,2025-11-11 12:46:00,264.58,60.85562711357556,59.23886531927433,3,793.74,259.28839999999997,269.8716,2025-11-11 14:27:00,269.8716,TAKE_PROFIT,15.87480000000005,2.0000000000000018
ELV,2025-11-10 00:00:00,2025-11-11 00:00:00,0.0580498866213151,4.0,2025-11-11 13:39:00,314.97,67.070373455036,61.200217675195915,3,944.9100000000001,308.67060000000004,321.2694,2025-11-12 09:43:00,321.2694,TAKE_PROFIT,18.898199999999974,2.0000000000000018
FDX,2025-11-10 00:00:00,2025-11-11 00:00:00,0.0451485668163004,2.0,2025-11-11 15:13:00,269.31,56.61726727233796,54.827669570734415,3,807.9300000000001,263.92379999999997,274.69620000000003,2025-11-14 15:59:00,267.51,WEEK_END_CLOSE,-5.400000000000034,-0.6683747354350067
ICE,2025-11-11 00:00:00,2025-11-12 00:00:00,0.0947368421052631,6.0,2025-11-12 09:47:00,152.735,60.517797176018206,59.88585916099947,6,916.4100000000001,149.68030000000002,155.7897,2025-11-14 15:59:00,152.08,WEEK_END_CLOSE,-3.930000000000007,-0.42884734998527296
ORLY,2025-11-11 00:00:00,2025-11-12 00:00:00,0.1413690476190476,10.0,2025-11-12 09:49:00,98.49,43.44842946525741,42.760401069524995,10,984.9,96.52019999999999,100.4598,2025-11-14 15:59:00,98.795,WEEK_END_CLOSE,3.050000000000068,0.30967610924967914
WELL,2025-11-11 00:00:00,2025-11-12 00:00:00,0.0493358633776091,3.0,2025-11-12 09:51:00,191.665,48.269241055222956,46.45248248875983,5,958.3249999999999,187.83169999999998,195.4983,2025-11-14 15:59:00,193.93,WEEK_END_CLOSE,11.325000000000074,1.1817494065165857
SYK,2025-11-11 00:00:00,2025-11-12 00:00:00,0.1339285714285714,8.0,2025-11-12 09:58:00,366.035,58.885737070136656,57.053588854942596,2,732.07,358.71430000000004,373.3557,2025-11-13 10:23:00,373.3557,TAKE_PROFIT,14.641399999999976,2.0000000000000018
MPWR,2025-11-11 00:00:00,2025-11-12 00:00:00,0.1128526645768025,7.0,2025-11-12 10:08:00,977.49,57.336241926109274,56.480612429009355,1,977.49,957.9402,997.0398,2025-11-12 15:57:00,957.9402,STOP_LOSS,-19.549800000000005,-2.0000000000000018
TT,2025-11-11 00:00:00,2025-11-12 00:00:00,0.0215827338129496,2.0,2025-11-12 10:49:00,428.24,55.963830523032854,55.80016953261537,2,856.48,419.6752,436.8048,2025-11-12 14:24:00,419.6752,STOP_LOSS,-17.129599999999982,-2.0000000000000018
CMCSA,2025-11-11 00:00:00,2025-11-12 00:00:00,0.0193117924821747,1.0,2025-11-12 11:44:00,27.6856,53.83600352983518,53.644483038186536,36,996.6816,27.131888,28.239312,2025-11-13 09:58:00,28.239312,TAKE_PROFIT,19.93363200000003,2.0000000000000018
TT,2025-11-11 00:00:00,2025-11-12 00:00:00,0.0215827338129496,2.0,2025-11-12 14:42:00,418.4,46.30240172893158,39.37818015137895,2,836.8,410.032,426.768,2025-11-13 09:30:00,430.72,TAKE_PROFIT_GAP,24.6400000000001,2.944550669216084
AON,2025-11-11 00:00:00,2025-11-12 00:00:00,0.0545454545454545,4.0,2025-11-12 15:01:00,351.1,64.55330454472539,63.45006032336204,2,702.2,344.07800000000003,358.122,2025-11-14 15:59:00,350.14,WEEK_END_CLOSE,-1.9200000000000728,-0.27342637425236127
PWR,2025-11-12 00:00:00,2025-11-13 00:00:00,0.0935251798561151,8.0,2025-11-13 09:47:00,444.29,40.66069767149111,39.696701101128454,2,888.58,435.4042,453.17580000000004,2025-11-13 10:03:00,435.4042,STOP_LOSS,-17.771600000000035,-2.0000000000000018
TEL,2025-11-12 00:00:00,2025-11-13 00:00:00,0.0527225583405358,3.0,2025-11-13 09:50:00,244.54,44.768192925226565,44.68175047791322,4,978.16,239.64919999999998,249.4308,2025-11-13 10:57:00,239.64919999999998,STOP_LOSS,-19.56320000000005,-2.0000000000000018
DLR,2025-11-12 00:00:00,2025-11-13 00:00:00,0.0901206636500754,7.0,2025-11-13 09:51:00,161.365,43.91155374788804,42.83876691375825,6,968.19,158.1377,164.59230000000002,2025-11-13 14:12:00,158.1377,STOP_LOSS,-19.363800000000083,-2.000000000000013
NSC,2025-11-12 00:00:00,2025-11-13 00:00:00,0.0646153846153846,4.0,2025-11-13 09:58:00,285.68,44.06479029026061,37.71257235850214,3,857.04,279.9664,291.3936,2025-11-14 15:59:00,284.0,WEEK_END_CLOSE,-5.0400000000000205,-0.588070568468213
PWR,2025-11-12 00:00:00,2025-11-13 00:00:00,0.0935251798561151,8.0,2025-11-13 10:06:00,439.135,41.74343483000218,35.49712286271751,2,878.27,430.35229999999996,447.9177,2025-11-13 10:16:00,447.9177,TAKE_PROFIT,17.565400000000068,2.0000000000000018
RSG,2025-11-12 00:00:00,2025-11-13 00:00:00,0.1176470588235294,10.0,2025-11-13 10:11:00,207.29,57.80654778424002,54.8846617476671,4,829.16,203.14419999999998,211.4358,2025-11-14 15:59:00,209.82,WEEK_END_CLOSE,10.120000000000005,1.220512325727241
TT,2025-11-12 00:00:00,2025-11-13 00:00:00,0.0424528301886792,2.0,2025-11-13 10:12:00,426.69,61.93208778091826,58.932227762734264,2,853.38,418.1562,435.2238,2025-11-13 10:50:00,418.1562,STOP_LOSS,-17.06759999999997,-2.0000000000000018
PWR,2025-11-12 00:00:00,2025-11-13 00:00:00,0.0935251798561151,8.0,2025-11-13 10:27:00,438.25,39.08006694110326,37.49058932532423,2,876.5,429.485,447.015,2025-11-13 13:53:00,429.485,STOP_LOSS,-17.529999999999973,-2.0000000000000018
TEL,2025-11-12 00:00:00,2025-11-13 00:00:00,0.0527225583405358,3.0,2025-11-13 10:59:00,240.34,38.39074194315321,37.90839371075046,4,961.36,235.5332,245.1468,2025-11-13 14:55:00,235.5332,STOP_LOSS,-19.22720000000004,-2.0000000000000018
TT,2025-11-12 00:00:00,2025-11-13 00:00:00,0.0424528301886792,2.0,2025-11-13 10:59:00,418.3,43.284315231654084,39.526795058634995,2,836.6,409.934,426.666,2025-11-14 09:30:00,409.934,STOP_LOSS,-16.73199999999997,-2.0000000000000018
PWR,2025-11-12 00:00:00,2025-11-13 00:00:00,0.0935251798561151,8.0,2025-11-13 14:09:00,428.17,33.1015723086456,31.751446933290943,2,856.34,419.6066,436.7334,2025-11-14 09:30:00,418.0,STOP_LOSS_GAP,-20.340000000000032,-2.375224793890285
DLR,2025-11-12 00:00:00,2025-11-13 00:00:00,0.0901206636500754,7.0,2025-11-13 14:18:00,158.4851,41.92313388986901,36.59718810082784,6,950.9105999999999,155.315398,161.654802,2025-11-14 15:59:00,158.25,WEEK_END_CLOSE,-1.4105999999999312,-0.1483420207956332
TEL,2025-11-12 00:00:00,2025-11-13 00:00:00,0.0527225583405358,3.0,2025-11-13 14:57:00,235.83,45.037548621003374,42.9223194139778,4,943.32,231.1134,240.5466,2025-11-14 09:30:00,231.1134,STOP_LOSS,-18.8664,-2.0000000000000018
ECL,2025-11-13 00:00:00,2025-11-14 00:00:00,0.1428571428571428,10.0,2025-11-14 09:47:00,260.87,45.44202076354494,43.89231302628462,3,782.61,255.6526,266.0874,2025-11-14 15:59:00,258.58,WEEK_END_CLOSE,-6.870000000000061,-0.8778318702802212
TFC,2025-11-13 00:00:00,2025-11-14 00:00:00,0.0803511141120864,7.0,2025-11-14 09:49:00,44.52,41.821726141908144,41.804314343020856,22,979.44,43.6296,45.4104,2025-11-14 15:59:00,44.86,WEEK_END_CLOSE,7.479999999999919,0.7637017070979191
MSI,2025-11-13 00:00:00,2025-11-14 00:00:00,0.0055197792088316,1.0,2025-11-14 10:00:00,378.79,44.645270336435885,40.20607618282555,2,757.58,371.2142,386.36580000000004,2025-11-14 15:59:00,379.88,WEEK_END_CLOSE,2.17999999999995,0.2877583885530166
ALL,2025-11-13 00:00:00,2025-11-14 00:00:00,0.1155378486055776,9.0,2025-11-14 10:02:00,212.19,51.933591557197104,50.19394845507173,4,848.76,207.9462,216.4338,2025-11-14 15:59:00,214.37,WEEK_END_CLOSE,8.720000000000027,1.0273811206937156
TEL,2025-11-13 00:00:00,2025-11-14 00:00:00,0.0427402862985685,6.0,2025-11-14 10:05:00,236.725,53.284837194437245,53.005428419095814,4,946.9,231.9905,241.4595,2025-11-14 15:59:00,237.31,WEEK_END_CLOSE,2.340000000000032,0.24712218819304965
CMCSA,2025-11-13 00:00:00,2025-11-14 00:00:00,0.0252783959255598,4.0,2025-11-14 10:12:00,27.4,40.38771598766534,35.98971434124352,36,986.4,26.851999999999997,27.948,2025-11-14 15:59:00,27.51,WEEK_END_CLOSE,3.9600000000001074,0.4014598540146075
SPGI,2025-11-14 00:00:00,2025-11-17 00:00:00,0.040078950423778,1.0,2025-11-17 09:46:00,491.19,37.65892688016798,33.04211589775471,2,982.38,481.3662,501.0138,2025-11-21 15:59:00,493.79,WEEK_END_CLOSE,5.2000000000000455,0.5293267371078381
PFE,2025-11-14 00:00:00,2025-11-17 00:00:00,0.1564222004077016,10.0,2025-11-17 09:49:00,25.1842,48.59044814981647,48.417433128300885,39,982.1838,24.680516,25.687884,2025-11-20 09:30:00,24.680516,STOP_LOSS,-19.643675999999992,-2.0000000000000018
ADI,2025-11-14 00:00:00,2025-11-17 00:00:00,0.1171971084100856,7.0,2025-11-17 09:50:00,232.84,46.64417540913919,43.913233175732174,4,931.36,228.1832,237.4968,2025-11-17 15:13:00,228.1832,STOP_LOSS,-18.627200000000016,-2.0000000000000018
MRK,2025-11-14 00:00:00,2025-11-17 00:00:00,0.1284907397303669,8.0,2025-11-17 09:51:00,93.08,43.25439985009446,41.6887446122682,10,930.8,91.2184,94.9416,2025-11-18 09:45:00,94.9416,TAKE_PROFIT,18.615999999999957,2.0000000000000018
T,2025-11-14 00:00:00,2025-11-17 00:00:00,0.092889524865612,4.0,2025-11-17 09:52:00,25.63,53.65954600776656,47.47514800470363,39,999.5699999999999,25.1174,26.142599999999998,2025-11-19 11:27:00,25.1174,STOP_LOSS,-19.991399999999963,-2.0000000000000018
TT,2025-11-14 00:00:00,2025-11-17 00:00:00,0.0789473684210526,3.0,2025-11-17 09:52:00,417.26,51.24299021009385,44.16637289855982,2,834.52,408.91479999999996,425.6052,2025-11-18 09:52:00,408.91479999999996,STOP_LOSS,-16.690400000000068,-2.000000000000013
AON,2025-11-14 00:00:00,2025-11-17 00:00:00,0.06,2.0,2025-11-17 09:54:00,348.99,52.004480021535336,48.31251623133965,2,697.98,342.0102,355.9698,2025-11-19 10:51:00,342.0102,STOP_LOSS,-13.959600000000023,-2.0000000000000018
PCAR,2025-11-14 00:00:00,2025-11-17 00:00:00,0.1530054644808743,9.0,2025-11-17 09:54:00,95.715,53.654668677218424,49.90571561931055,10,957.1500000000001,93.8007,97.6293,2025-11-18 12:48:00,97.68,TAKE_PROFIT_GAP,19.650000000000034,2.052969753957057
AMT,2025-11-14 00:00:00,2025-11-17 00:00:00,0.1024390243902439,6.0,2025-11-17 09:58:00,182.52,52.32857110506621,50.88342498067756,5,912.6,178.86960000000002,186.1704,2025-11-20 09:34:00,178.86960000000002,STOP_LOSS,-18.251999999999953,-1.9999999999999907
BSX,2025-11-14 00:00:00,2025-11-17 00:00:00,0.0973456319990973,5.0,2025-11-17 10:29:00,102.375,46.79036147906287,46.63316176075068,9,921.375,100.3275,104.4225,2025-11-18 10:36:00,100.3275,STOP_LOSS,-18.427499999999995,-2.0000000000000018
ADI,2025-11-14 00:00:00,2025-11-17 00:00:00,0.1171971084100856,7.0,2025-11-17 15:16:00,228.53,43.29842110366296,37.06247485398498,4,914.12,223.9594,233.10060000000001,2025-11-19 09:59:00,233.183,TAKE_PROFIT_GAP,18.611999999999966,2.0360565352470106
CRH,2025-11-17 00:00:00,2025-11-18 00:00:00,0.0543478260869565,3.0,2025-11-18 09:45:00,109.245,55.48672289373876,50.33041462377162,9,983.205,107.0601,111.4299,2025-11-19 10:01:00,111.4299,TAKE_PROFIT,19.66409999999999,2.0000000000000018
FDX,2025-11-17 00:00:00,2025-11-18 00:00:00,0.0597560975609756,4.0,2025-11-18 09:45:00,263.45,51.878979524572024,50.64027933539314,3,790.3499999999999,258.181,268.719,2025-11-20 10:06:00,268.719,TAKE_PROFIT,15.807000000000016,2.0000000000000018
GM,2025-11-17 00:00:00,2025-11-18 00:00:00,0.119677909870058,7.0,2025-11-18 09:45:00,67.635,51.82070451621156,48.60806517078336,14,946.8900000000001,66.2823,68.9877,2025-11-19 10:15:00,68.9877,TAKE_PROFIT,18.93779999999998,2.0000000000000018
CVS,2025-11-17 00:00:00,2025-11-18 00:00:00,0.121101856326577,8.0,2025-11-18 09:46:00,78.035,49.73226397432332,44.22903208553614,12,936.42,76.4743,79.5957,2025-11-19 12:19:00,76.4743,STOP_LOSS,-18.728399999999965,-2.0000000000000018
DHR,2025-11-17 00:00:00,2025-11-18 00:00:00,0.1175492453312867,6.0,2025-11-18 09:53:00,221.45,57.76369459410985,51.34627155915512,4,885.8,217.021,225.879,2025-11-18 13:27:00,225.879,TAKE_PROFIT,17.716000000000008,2.0000000000000018
CMCSA,2025-11-17 00:00:00,2025-11-18 00:00:00,0.0284533073929961,1.0,2025-11-18 10:02:00,27.395,54.55330764674458,53.548257457170735,36,986.22,26.847099999999998,27.9429,2025-11-19 10:56:00,26.847099999999998,STOP_LOSS,-19.724400000000074,-2.000000000000013
MO,2025-11-17 00:00:00,2025-11-18 00:00:00,0.1423984891406987,10.0,2025-11-18 10:10:00,59.06,68.67807092217797,66.26280858826874,16,944.96,57.8788,60.241200000000006,2025-11-21 15:59:00,58.2,WEEK_END_CLOSE,-13.759999999999991,-1.4561462919065349
JCI,2025-11-17 00:00:00,2025-11-18 00:00:00,0.1357702349869451,9.0,2025-11-18 10:13:00,114.82,44.87601346020801,41.63494687671604,8,918.56,112.52359999999999,117.1164,2025-11-20 09:57:00,117.1164,TAKE_PROFIT,18.371200000000044,2.0000000000000018
UBER,2025-11-17 00:00:00,2025-11-18 00:00:00,0.1119916786368814,5.0,2025-11-18 10:20:00,90.73,48.56203756639221,47.6169336766527,11,998.0300000000001,88.9154,92.5446,2025-11-19 14:26:00,88.9154,STOP_LOSS,-19.960599999999985,-2.0000000000000018
DHR,2025-11-17 00:00:00,2025-11-18 00:00:00,0.1175492453312867,6.0,2025-11-18 13:30:00,225.81,62.30585785155553,61.714124046717,4,903.24,221.2938,230.3262,2025-11-19 11:37:00,221.2938,STOP_LOSS,-18.06479999999999,-2.0000000000000018
PCAR,2025-11-18 00:00:00,2025-11-19 00:00:00,0.0636942675159235,9.0,2025-11-19 09:46:00,96.53,40.3547334277266,38.824491396080155,10,965.3,94.5994,98.4606,2025-11-20 10:16:00,98.4606,TAKE_PROFIT,19.305999999999983,2.0000000000000018
USB,2025-11-18 00:00:00,2025-11-19 00:00:00,0.0500658761528326,8.0,2025-11-19 09:46:00,46.045,52.971205805644495,48.148613349914164,21,966.945,45.1241,46.965900000000005,2025-11-20 09:30:00,47.2,TAKE_PROFIT_GAP,24.255000000000024,2.5084156803127478
GD,2025-11-18 00:00:00,2025-11-19 00:00:00,0.0300518134715025,4.0,2025-11-19 09:52:00,340.24,46.2740624159492,44.39111355034054,2,680.48,333.4352,347.0448,2025-11-20 09:30:00,347.13,TAKE_PROFIT_GAP,13.779999999999973,2.025041147425344
MPC,2025-11-18 00:00:00,2025-11-19 00:00:00,0.0415518824609733,5.0,2025-11-19 09:58:00,192.33,43.81322492752044,43.291203380937695,5,961.6500000000001,188.48340000000002,196.1766,2025-11-19 13:38:00,196.1766,TAKE_PROFIT,19.232999999999976,2.0000000000000018
ETN,2025-11-18 00:00:00,2025-11-19 00:00:00,0.0422535211267605,6.0,2025-11-19 10:09:00,342.79,53.522362744721136,50.259741352822125,2,685.58,335.93420000000003,349.6458,2025-11-20 09:30:00,356.38,TAKE_PROFIT_GAP,27.17999999999995,3.964526386417333
AON,2025-11-18 00:00:00,2025-11-19 00:00:00,0.0666666666666666,10.0,2025-11-19 10:54:00,342.43,40.797948791261184,38.31652595901538,2,684.86,335.5814,349.27860000000004,2025-11-21 11:48:00,349.27860000000004,TAKE_PROFIT,13.697200000000066,2.0000000000000018
TEL,2025-11-18 00:00:00,2025-11-19 00:00:00,0.0029880478087649,1.0,2025-11-19 11:15:00,233.61,52.39186753228742,51.5164401435159,4,934.44,228.9378,238.28220000000002,2025-11-20 09:30:00,238.5,TAKE_PROFIT_GAP,19.559999999999945,2.0932323102606842
CMCSA,2025-11-18 00:00:00,2025-11-19 00:00:00,0.0143967751223725,2.0,2025-11-19 11:20:00,26.83,47.34766415331944,37.54367536933968,37,992.7099999999999,26.2934,27.3666,2025-11-21 13:48:00,27.3666,TAKE_PROFIT,19.8542,2.0000000000000018
DHR,2025-11-18 00:00:00,2025-11-19 00:00:00,0.0288486086290528,3.0,2025-11-19 11:46:00,221.15,39.5575114418324,36.21408442938702,4,884.6,216.727,225.573,2025-11-21 11:30:00,225.573,TAKE_PROFIT,17.692000000000007,2.0000000000000018
MPC,2025-11-18 00:00:00,2025-11-19 00:00:00,0.0415518824609733,5.0,2025-11-19 13:51:00,195.93,58.87692245834005,57.73848179072811,5,979.6500000000001,192.0114,199.8486,2025-11-20 11:34:00,192.0114,STOP_LOSS,-19.59299999999999,-2.0000000000000018
NSC,2025-11-19 00:00:00,2025-11-20 00:00:00,0.0,1.0,2025-11-20 09:45:00,282.98,59.371900184113784,58.774521612757276,3,848.94,277.3204,288.63960000000003,2025-11-21 15:59:00,286.4,WEEK_END_CLOSE,10.259999999999877,1.2085659763940715
SHW,2025-11-19 00:00:00,2025-11-20 00:00:00,0.0952380952380952,10.0,2025-11-20 09:47:00,331.8899,65.67827300291762,59.59852256920139,3,995.6697,325.252102,338.52769800000004,2025-11-21 10:27:00,338.52769800000004,TAKE_PROFIT,19.913394000000096,2.0000000000000018
SPG,2025-11-19 00:00:00,2025-11-20 00:00:00,0.056338028169014,6.0,2025-11-20 09:48:00,182.69,55.66863008796662,54.06612682225622,5,913.45,179.0362,186.3438,2025-11-21 15:59:00,183.09,WEEK_END_CLOSE,2.0000000000000284,0.2189501341069544
CSCO,2025-11-19 00:00:00,2025-11-20 00:00:00,0.0722157155025553,7.0,2025-11-20 09:51:00,79.46,59.017584188257466,56.22981750037572,12,953.52,77.87079999999999,81.0492,2025-11-20 11:59:00,77.87079999999999,STOP_LOSS,-19.070400000000063,-2.0000000000000018
TEL,2025-11-19 00:00:00,2025-11-20 00:00:00,0.0019762845849802,2.0,2025-11-20 09:53:00,236.83,57.46961132011047,55.12340477979293,4,947.32,232.0934,241.56660000000002,2025-11-20 10:20:00,232.0934,STOP_LOSS,-18.94640000000004,-2.0000000000000018
DASH,2025-11-19 00:00:00,2025-11-20 00:00:00,0.0742535866614967,8.0,2025-11-20 09:58:00,199.765,47.454756956374794,43.56802540055384,5,998.8249999999999,195.76969999999997,203.7603,2025-11-20 11:22:00,195.76969999999997,STOP_LOSS,-19.976500000000073,-2.000000000000013
ABNB,2025-11-19 00:00:00,2025-11-20 00:00:00,0.0906520292747837,9.0,2025-11-20 10:01:00,114.32,49.49215449932077,49.39861904188673,8,914.56,112.03359999999999,116.6064,2025-11-20 11:57:00,112.03359999999999,STOP_LOSS,-18.291200000000003,-2.0000000000000018
AFL,2025-11-19 00:00:00,2025-11-20 00:00:00,0.040880503144654,5.0,2025-11-20 10:05:00,110.34,62.779020557812025,59.03512993416013,9,993.0600000000001,108.1332,112.5468,2025-11-21 15:59:00,110.97,WEEK_END_CLOSE,5.669999999999959,0.5709624796084833
TEL,2025-11-19 00:00:00,2025-11-20 00:00:00,0.0019762845849802,2.0,2025-11-20 10:49:00,226.27,40.62002568323072,40.320418387353406,4,905.08,221.74460000000002,230.7954,2025-11-20 11:53:00,221.74460000000002,STOP_LOSS,-18.101599999999962,-1.9999999999999907
DASH,2025-11-19 00:00:00,2025-11-20 00:00:00,0.0742535866614967,8.0,2025-11-20 11:45:00,193.77,41.09979522365294,36.244528056094865,5,968.85,189.8946,197.64540000000002,2025-11-20 14:04:00,189.8946,STOP_LOSS,-19.377000000000066,-2.0000000000000018
ABNB,2025-11-19 00:00:00,2025-11-20 00:00:00,0.0906520292747837,9.0,2025-11-20 12:01:00,112.38,43.84746436325767,37.96009730572002,8,899.04,110.13239999999999,114.6276,2025-11-21 12:07:00,114.6276,TAKE_PROFIT,17.980800000000045,2.0000000000000018
CSCO,2025-11-19 00:00:00,2025-11-20 00:00:00,0.0722157155025553,7.0,2025-11-20 12:01:00,78.07,35.41323745073984,34.50204226781297,12,936.8399999999999,76.50859999999999,79.6314,2025-11-20 13:44:00,76.50859999999999,STOP_LOSS,-18.736800000000073,-2.000000000000013
TEL,2025-11-19 00:00:00,2025-11-20 00:00:00,0.0019762845849802,2.0,2025-11-20 12:04:00,221.34,47.235296647329235,39.77210773686715,4,885.36,216.9132,225.76680000000002,2025-11-20 14:04:00,216.9132,STOP_LOSS,-17.707200000000057,-2.0000000000000018
TEL,2025-11-19 00:00:00,2025-11-20 00:00:00,0.0019762845849802,2.0,2025-11-20 14:09:00,217.13,41.48815081044865,40.03326312177019,4,868.52,212.7874,221.4726,2025-11-21 15:59:00,218.92,WEEK_END_CLOSE,7.159999999999968,0.8243909178832887
DASH,2025-11-19 00:00:00,2025-11-20 00:00:00,0.0742535866614967,8.0,2025-11-20 14:11:00,190.31,44.759428686019,44.15877613607261,5,951.55,186.5038,194.1162,2025-11-21 09:31:00,186.5038,STOP_LOSS,-19.03099999999995,-1.9999999999999907
CSCO,2025-11-19 00:00:00,2025-11-20 00:00:00,0.0722157155025553,7.0,2025-11-20 14:17:00,76.155,46.8795225219006,38.97452463891536,13,990.015,74.6319,77.6781,2025-11-21 15:59:00,76.11,WEEK_END_CLOSE,-0.5850000000000222,-0.05909001378767709
CL,2025-11-20 00:00:00,2025-11-21 00:00:00,0.0325972660357518,7.0,2025-11-21 09:45:00,79.395,59.42935527569135,58.45396923725785,12,952.74,77.80709999999999,80.9829,2025-11-21 10:30:00,80.9829,TAKE_PROFIT,19.054800000000057,2.0000000000000018
CSX,2025-11-20 00:00:00,2025-11-21 00:00:00,0.0061683599419448,2.0,2025-11-21 09:45:00,33.82,52.25775243366338,51.71756690685892,29,980.78,33.1436,34.4964,2025-11-21 14:41:00,34.4964,TAKE_PROFIT,19.61560000000003,2.0000000000000018
MCO,2025-11-20 00:00:00,2025-11-21 00:00:00,0.0310965630114566,6.0,2025-11-21 09:47:00,476.4,49.29524607588531,47.942114297792166,2,952.8,466.87199999999996,485.928,2025-11-21 15:59:00,479.78,WEEK_END_CLOSE,6.759999999999991,0.7094878253568471
RSG,2025-11-20 00:00:00,2025-11-21 00:00:00,0.0165289256198347,5.0,2025-11-21 09:47:00,217.57,47.43711925627075,45.84023223773803,4,870.28,213.21859999999998,221.9214,2025-11-21 15:59:00,219.0,WEEK_END_CLOSE,5.720000000000027,0.6572597324998819
WMB,2025-11-20 00:00:00,2025-11-21 00:00:00,0.0161943319838056,4.0,2025-11-21 09:47:00,58.8,45.642770081642674,40.35931248283943,17,999.5999999999999,57.623999999999995,59.976,2025-11-21 15:59:00,59.62,WEEK_END_CLOSE,13.940000000000005,1.39455782312925
PSX,2025-11-20 00:00:00,2025-11-21 00:00:00,0.0692520775623268,9.0,2025-11-21 09:53:00,131.39,44.12750501509639,43.4139995278487,7,919.7299999999999,128.76219999999998,134.0178,2025-11-21 11:58:00,134.06,TAKE_PROFIT_GAP,18.69000000000011,2.0321181216226725
SHW,2025-11-20 00:00:00,2025-11-21 00:00:00,0.0681818181818181,8.0,2025-11-21 11:25:00,338.41,58.67970734056788,56.99625521308563,2,676.82,331.64180000000005,345.1782,2025-11-21 15:59:00,337.25,WEEK_END_CLOSE,-2.32000000000005,-0.34277946869183396
CL,2025-11-20 00:00:00,2025-11-21 00:00:00,0.0325972660357518,7.0,2025-11-21 11:35:00,80.67,55.40263443748532,55.19974365113099,12,968.04,79.0566,82.2834,2025-11-21 15:59:00,80.94,WEEK_END_CLOSE,3.2399999999999523,0.33469691335068497
PSX,2025-11-20 00:00:00,2025-11-21 00:00:00,0.0692520775623268,9.0,2025-11-21 12:08:00,134.06,63.27030464223949,60.64225196474998,7,938.4200000000001,131.3788,136.7412,2025-11-21 15:59:00,133.75,WEEK_END_CLOSE,-2.170000000000016,-0.2312397433984814
DHR,2025-11-20 00:00:00,2025-11-21 00:00:00,0.071072319201995,10.0,2025-11-21 13:20:00,226.426,48.950646747700254,46.86226905730676,4,905.704,221.89747999999997,230.95452,2025-11-21 15:59:00,227.41,WEEK_END_CLOSE,3.9360000000000355,0.4345790677749095
CMCSA,2025-11-20 00:00:00,2025-11-21 00:00:00,0.0143702451394759,3.0,2025-11-21 13:50:00,27.365,61.62916143263275,52.57513571080388,36,985.14,26.8177,27.9123,2025-11-21 15:59:00,27.35,WEEK_END_CLOSE,-0.5399999999998926,-0.05481454412569198
SPGI,2025-11-21 00:00:00,2025-11-24 00:00:00,0.0446927374301676,6.0,2025-11-24 09:46:00,492.075,43.904870279475944,43.24253067493956,2,984.15,482.2335,501.9165,2025-11-28 13:00:00,498.83,WEEK_END_CLOSE,13.509999999999991,1.3727582177513575
AON,2025-11-21 00:00:00,2025-11-24 00:00:00,0.005889281507656,1.0,2025-11-24 09:47:00,344.83,41.38909244189876,41.020676341260895,2,689.66,337.9334,351.72659999999996,2025-11-26 09:30:00,351.72659999999996,TAKE_PROFIT,13.793199999999956,2.0000000000000018
PCAR,2025-11-21 00:00:00,2025-11-24 00:00:00,0.063063063063063,7.0,2025-11-24 09:49:00,102.675,47.97432462123505,46.80390739225785,9,924.0749999999999,100.6215,104.7285,2025-11-25 10:36:00,104.7285,TAKE_PROFIT,18.481499999999997,2.0000000000000018
CMCSA,2025-11-21 00:00:00,2025-11-24 00:00:00,0.0167853509664293,4.0,2025-11-24 09:52:00,27.125,45.2043271914832,43.85191459596896,36,976.5,26.5825,27.6675,2025-11-24 15:38:00,26.5825,STOP_LOSS,-19.530000000000015,-2.0000000000000018
CB,2025-11-21 00:00:00,2025-11-24 00:00:00,0.0867430441898527,9.0,2025-11-24 09:55:00,296.16,40.353689714233,37.95039660622483,3,888.48,290.2368,302.08320000000003,2025-11-28 13:00:00,296.18,WEEK_END_CLOSE,0.05999999999994543,0.00675310642894722
DHR,2025-11-21 00:00:00,2025-11-24 00:00:00,0.0138806501364337,2.0,2025-11-24 09:56:00,225.76,56.097480492105745,45.458694716835126,4,903.04,221.2448,230.27519999999998,2025-11-25 10:07:00,230.27519999999998,TAKE_PROFIT,18.060799999999972,2.0000000000000018
PLD,2025-11-21 00:00:00,2025-11-24 00:00:00,0.0631047538914598,8.0,2025-11-24 09:57:00,125.94,53.392310400548965,48.23641955880513,7,881.5799999999999,123.4212,128.4588,2025-11-26 09:49:00,128.4588,TAKE_PROFIT,17.63159999999999,2.0000000000000018
FDX,2025-11-21 00:00:00,2025-11-24 00:00:00,0.0162921348314606,3.0,2025-11-24 09:58:00,267.46,48.096059781668686,44.28720388242433,3,802.3799999999999,262.1108,272.8092,2025-11-25 10:44:00,273.0,TAKE_PROFIT_GAP,16.62000000000006,2.071337770133863
AEP,2025-11-21 00:00:00,2025-11-24 00:00:00,0.1020408163265306,10.0,2025-11-24 10:04:00,119.89,40.39061182804751,39.661787998796456,8,959.12,117.4922,122.2878,2025-11-24 15:54:00,122.2878,TAKE_PROFIT,19.18240000000003,2.0000000000000018
ORLY,2025-11-21 00:00:00,2025-11-24 00:00:00,0.0446623093681917,5.0,2025-11-24 10:07:00,98.83,37.947737605418034,36.93516958681702,10,988.3,96.8534,100.8066,2025-11-25 10:13:00,100.8066,TAKE_PROFIT,19.766000000000048,2.0000000000000018
CRH,2025-11-24 00:00:00,2025-11-25 00:00:00,0.0061996280223186,1.0,2025-11-25 09:55:00,114.44,59.9507547777165,59.812927145502975,8,915.52,112.15119999999999,116.7288,2025-11-25 12:28:00,116.7288,TAKE_PROFIT,18.310400000000072,2.0000000000000018
HWM,2025-11-24 00:00:00,2025-11-25 00:00:00,0.1048951048951049,9.0,2025-11-25 09:58:00,201.19,56.277045860101104,52.98614481497617,4,804.76,197.1662,205.2138,2025-11-26 09:32:00,205.3,TAKE_PROFIT_GAP,16.440000000000055,2.042845071822663
APO,2025-11-24 00:00:00,2025-11-25 00:00:00,0.042298960449277,4.0,2025-11-25 09:59:00,128.75,51.349752937313944,47.83183379108895,7,901.25,126.175,131.325,2025-11-26 09:32:00,131.84,TAKE_PROFIT_GAP,21.630000000000024,2.400000000000002
NEE,2025-11-24 00:00:00,2025-11-25 00:00:00,0.032293012208842,3.0,2025-11-25 10:01:00,84.63,57.24738992585276,54.013467450646395,11,930.93,82.9374,86.3226,2025-11-28 10:45:00,86.3226,TAKE_PROFIT,18.618599999999986,2.0000000000000018
CMCSA,2025-11-24 00:00:00,2025-11-25 00:00:00,0.0120224418915308,2.0,2025-11-25 10:05:00,26.895,50.17904292719623,48.06771558573826,37,995.115,26.3571,27.4329,2025-11-28 13:00:00,26.69,WEEK_END_CLOSE,-7.584999999999937,-0.7622234616099566
DLR,2025-11-24 00:00:00,2025-11-25 00:00:00,0.1442622950819672,10.0,2025-11-25 10:09:00,157.94,52.7181567250542,52.60592977441586,6,947.64,154.78119999999998,161.0988,2025-11-28 13:00:00,160.12,WEEK_END_CLOSE,13.080000000000041,1.3802709889831677
BSX,2025-11-24 00:00:00,2025-11-25 00:00:00,0.0996784565916398,8.0,2025-11-25 10:22:00,100.24,63.199857890517755,60.84787697895251,9,902.16,98.23519999999999,102.2448,2025-11-28 13:00:00,101.58,WEEK_END_CLOSE,12.06000000000003,1.3367916999202034
WMB,2025-11-24 00:00:00,2025-11-25 00:00:00,0.0735930735930736,7.0,2025-11-25 10:29:00,58.83,50.511931097358136,46.620235886458566,16,941.28,57.6534,60.0066,2025-11-26 09:43:00,60.0066,TAKE_PROFIT,18.82560000000001,2.0000000000000018
FDX,2025-11-24 00:00:00,2025-11-25 00:00:00,0.0485294117647058,5.0,2025-11-25 11:13:00,272.87,60.69646244680872,58.64240126891652,3,818.61,267.4126,278.3274,2025-11-28 13:00:00,275.68,WEEK_END_CLOSE,8.430000000000007,1.0297944075933652
CRH,2025-11-24 00:00:00,2025-11-25 00:00:00,0.0061996280223186,1.0,2025-11-25 12:31:00,116.78,65.07532552404734,63.78305680030956,8,934.24,114.4444,119.1156,2025-11-26 13:04:00,119.1156,TAKE_PROFIT,18.684799999999996,2.0000000000000018
MDLZ,2025-11-25 00:00:00,2025-11-26 00:00:00,0.1308411214953271,9.0,2025-11-26 09:45:00,56.64,62.77353234135695,60.81481675893722,17,962.88,55.5072,57.772800000000004,2025-11-28 13:00:00,57.57,WEEK_END_CLOSE,15.809999999999995,1.6419491525423657
USB,2025-11-25 00:00:00,2025-11-26 00:00:00,0.1363088057901085,10.0,2025-11-26 09:56:00,48.93,45.61990442318527,45.43540918570305,20,978.6,47.9514,49.9086,2025-11-28 13:00:00,49.05,WEEK_END_CLOSE,2.399999999999949,0.24524831391783408
ABBV,2025-11-25 00:00:00,2025-11-26 00:00:00,0.0773195876288659,5.0,2025-11-26 09:59:00,229.14,41.346001435374376,39.78722318021632,4,916.56,224.5572,233.72279999999998,2025-11-28 13:00:00,227.7,WEEK_END_CLOSE,-5.759999999999991,-0.628436763550666
NSC,2025-11-25 00:00:00,2025-11-26 00:00:00,0.0,1.0,2025-11-26 10:01:00,290.09,59.083855265838864,58.30702894757844,3,870.27,284.28819999999996,295.8918,2025-11-28 13:00:00,292.09,WEEK_END_CLOSE,6.0,0.6894412079009982
NEM,2025-11-25 00:00:00,2025-11-26 00:00:00,0.0973230490018148,7.0,2025-11-26 10:05:00,88.55,62.62096327771954,60.855992101884816,11,974.05,86.779,90.321,2025-11-26 12:57:00,90.3299,TAKE_PROFIT_GAP,19.578899999999976,2.0100508187464783
CI,2025-11-25 00:00:00,2025-11-26 00:00:00,0.1082251082251082,8.0,2025-11-26 10:06:00,279.48,55.190706701487045,48.42077137681312,3,838.44,273.8904,285.06960000000004,2025-11-28 13:00:00,277.28,WEEK_END_CLOSE,-6.600000000000136,-0.7871761843423641
NEM,2025-11-25 00:00:00,2025-11-26 00:00:00,0.0973230490018148,7.0,2025-11-26 13:10:00,90.54,71.90030277222638,66.40152041632233,11,995.94,88.7292,92.3508,2025-11-28 13:00:00,90.73,WEEK_END_CLOSE,2.089999999999975,0.20985199911640606
MDT,2025-11-26 00:00:00,2025-11-28 00:00:00,0.0772128060263653,8.0,2025-11-28 09:48:00,104.81,45.8180234786633,45.55266508546274,9,943.29,102.7138,106.9062,2025-11-28 13:00:00,105.33,WEEK_END_CLOSE,4.679999999999964,0.4961358648983838
UNP,2025-11-26 00:00:00,2025-11-28 00:00:00,0.0952380952380952,10.0,2025-11-28 09:48:00,231.01,47.76586996842385,47.632930285296084,4,924.04,226.38979999999998,235.6302,2025-11-28 13:00:00,231.83,WEEK_END_CLOSE,3.2800000000000864,0.354962988615215
SO,2025-11-26 00:00:00,2025-11-28 00:00:00,0.087012987012987,9.0,2025-11-28 09:54:00,90.765,61.77963018276956,60.8006794335246,11,998.415,88.94969999999999,92.58030000000001,2025-11-28 13:00:00,91.12,WEEK_END_CLOSE,3.9050000000000438,0.3911199250812514
BX,2025-11-26 00:00:00,2025-11-28 00:00:00,0.0734421364985163,7.0,2025-11-28 09:59:00,145.88,46.209521935920286,46.096330305764546,6,875.28,142.9624,148.7976,2025-11-28 13:00:00,146.42,WEEK_END_CLOSE,3.2399999999999523,0.37016726076226636
HPE,2025-11-26 00:00:00,2025-11-28 00:00:00,0.0430188679245283,3.0,2025-11-28 10:13:00,21.755,54.15982243308838,53.10161259371535,45,978.9749999999999,21.319899999999997,22.1901,2025-11-28 13:00:00,21.87,WEEK_END_CLOSE,5.1750000000000895,0.5286141116984666
NEE,2025-11-26 00:00:00,2025-11-28 00:00:00,0.0467798782441525,5.0,2025-11-28 11:05:00,86.21,57.1172805397133,56.45860455324724,11,948.31,84.4858,87.93419999999999,2025-11-28 13:00:00,86.29,WEEK_END_CLOSE,0.8800000000001376,0.09279665932027115
CRH,2025-11-28 00:00:00,2025-12-01 00:00:00,0.0,1.0,2025-12-01 09:45:00,118.265,38.278363825731745,36.718183805216974,8,946.12,115.8997,120.6303,2025-12-01 13:05:00,120.6303,TAKE_PROFIT,18.92240000000004,2.0000000000000018
FDX,2025-11-28 00:00:00,2025-12-01 00:00:00,0.014251781472684,3.0,2025-12-01 09:48:00,274.715,48.03408228378833,40.87376873308667,3,824.145,269.22069999999997,280.2093,2025-12-02 09:47:00,269.22069999999997,STOP_LOSS,-16.48290000000003,-2.0000000000000018
NEE,2025-11-28 00:00:00,2025-12-01 00:00:00,0.0197628458498023,4.0,2025-12-01 09:51:00,85.39,44.95577250203579,42.8328609420024,11,939.29,83.6822,87.0978,2025-12-04 11:51:00,83.6822,STOP_LOSS,-18.785800000000066,-2.0000000000000018
PFE,2025-11-28 00:00:00,2025-12-01 00:00:00,0.0904418635696168,9.0,2025-12-01 09:56:00,25.815,49.867365699942795,49.46026074936006,38,980.97,25.2987,26.331300000000002,2025-12-01 12:23:00,25.2987,STOP_LOSS,-19.61940000000004,-2.0000000000000018
CMCSA,2025-11-28 00:00:00,2025-12-01 00:00:00,0.0013876040703052,2.0,2025-12-01 10:10:00,26.715,48.94276143947463,45.721324823070056,37,988.455,26.180699999999998,27.2493,2025-12-02 13:55:00,27.2493,TAKE_PROFIT,19.769100000000066,2.0000000000000018
UPS,2025-11-28 00:00:00,2025-12-01 00:00:00,0.0865847140566542,8.0,2025-12-01 10:13:00,96.15,50.45107109536034,50.03522797190456,10,961.5,94.227,98.07300000000001,2025-12-03 15:22:00,98.07300000000001,TAKE_PROFIT,19.230000000000018,2.0000000000000018
APO,2025-11-28 00:00:00,2025-12-01 00:00:00,0.0218054949847361,5.0,2025-12-01 10:16:00,131.215,48.03862722667084,45.88555887903541,7,918.505,128.5907,133.8393,2025-12-03 10:26:00,133.8393,TAKE_PROFIT,18.370100000000036,2.0000000000000018
USB,2025-11-28 00:00:00,2025-12-01 00:00:00,0.0428211586901763,7.0,2025-12-01 10:40:00,49.52,61.215807087563554,60.06024025057504,20,990.4000000000001,48.5296,50.510400000000004,2025-12-03 11:17:00,50.510400000000004,TAKE_PROFIT,19.80800000000002,2.0000000000000018
BX,2025-11-28 00:00:00,2025-12-01 00:00:00,0.0233497979344409,6.0,2025-12-01 10:42:00,145.62,52.84808485298868,48.24069987302008,6,873.72,142.7076,148.5324,2025-12-03 09:41:00,148.67,TAKE_PROFIT_GAP,18.299999999999898,2.0944925147644344
COF,2025-11-28 00:00:00,2025-12-01 00:00:00,0.0932669635839664,10.0,2025-12-01 10:42:00,220.56,56.97139932968769,53.145840119932735,4,882.24,216.1488,224.9712,2025-12-03 09:33:00,224.9712,TAKE_PROFIT,17.644800000000032,2.0000000000000018
PFE,2025-11-28 00:00:00,2025-12-01 00:00:00,0.0904418635696168,9.0,2025-12-01 12:32:00,25.32,39.70021948948476,34.54109265308383,39,987.48,24.8136,25.8264,2025-12-03 09:44:00,25.8264,TAKE_PROFIT,19.749599999999973,2.0000000000000018
CRH,2025-11-28 00:00:00,2025-12-01 00:00:00,0.0,1.0,2025-12-01 13:08:00,120.625,66.27573631488937,65.69151469237751,8,965.0,118.21249999999999,123.03750000000001,2025-12-05 15:59:00,119.445,WEEK_END_CLOSE,-9.440000000000055,-0.9782383419689178
RSG,2025-12-01 00:00:00,2025-12-02 00:00:00,0.0,1.0,2025-12-02 09:45:00,213.495,38.2305982703727,37.412872747534,4,853.98,209.2251,217.7649,2025-12-04 09:30:00,218.1,TAKE_PROFIT_GAP,18.41999999999996,2.1569591793718867
ECL,2025-12-01 00:00:00,2025-12-02 00:00:00,0.0100806451612903,2.0,2025-12-02 09:46:00,272.56,39.513109505135695,38.34814415607734,3,817.6800000000001,267.1088,278.01120000000003,2025-12-03 11:37:00,267.1088,STOP_LOSS,-16.353600000000085,-2.000000000000013
AON,2025-12-01 00:00:00,2025-12-02 00:00:00,0.0131578947368421,3.0,2025-12-02 09:47:00,348.75,39.327647123643615,37.275073556002916,2,697.5,341.775,355.725,2025-12-05 12:00:00,341.775,STOP_LOSS,-13.950000000000045,-2.0000000000000018
ICE,2025-12-01 00:00:00,2025-12-02 00:00:00,0.1176470588235294,9.0,2025-12-02 09:48:00,156.74,47.14879613914215,47.0200193973086,6,940.44,153.6052,159.87480000000002,2025-12-05 15:59:00,157.78,WEEK_END_CLOSE,6.239999999999952,0.6635192037769411
FDX,2025-12-01 00:00:00,2025-12-02 00:00:00,0.0757894443905819,7.0,2025-12-02 09:53:00,270.0,42.90575632954186,39.246708604832804,3,810.0,264.6,275.4,2025-12-04 11:59:00,275.4,TAKE_PROFIT,16.199999999999932,2.0000000000000018
SPGI,2025-12-01 00:00:00,2025-12-02 00:00:00,0.1046766692989383,8.0,2025-12-02 09:54:00,492.16,39.92778194496396,37.2473022567086,2,984.32,482.3168,502.00320000000005,2025-12-04 09:33:00,502.00320000000005,TAKE_PROFIT,19.68640000000005,2.0000000000000018
TEL,2025-12-01 00:00:00,2025-12-02 00:00:00,0.0454959053685168,5.0,2025-12-02 09:56:00,228.89,57.47631180000318,54.78249878631563,4,915.56,224.3122,233.46779999999998,2025-12-04 11:10:00,233.46779999999998,TAKE_PROFIT,18.311199999999985,2.0000000000000018
INTU,2025-12-01 00:00:00,2025-12-02 00:00:00,0.129517393043753,10.0,2025-12-02 10:02:00,627.94,51.64579873225867,49.80015566497005,1,627.94,615.3812,640.4988000000001,2025-12-03 11:15:00,640.4988000000001,TAKE_PROFIT,12.55880000000002,2.0000000000000018
PCAR,2025-12-01 00:00:00,2025-12-02 00:00:00,0.0323450134770889,4.0,2025-12-02 10:36:00,104.13,50.116138531004836,47.088284407448896,9,937.17,102.0474,106.2126,2025-12-02 15:09:00,106.2126,TAKE_PROFIT,18.743399999999994,2.0000000000000018
CMCSA,2025-12-01 00:00:00,2025-12-02 00:00:00,0.0559588825783783,6.0,2025-12-02 14:36:00,27.025,61.475907813709334,56.94764344986209,37,999.925,26.484499999999997,27.5655,2025-12-05 09:36:00,27.5655,TAKE_PROFIT,19.998500000000057,2.0000000000000018
EQIX,2025-12-02 00:00:00,2025-12-03 00:00:00,0.0955414012738853,8.0,2025-12-03 09:50:00,728.17,51.81523016076541,51.57492844871566,1,728.17,713.6066,742.7334,2025-12-05 10:29:00,743.33,TAKE_PROFIT_GAP,15.160000000000082,2.0819314171141468
DLR,2025-12-02 00:00:00,2025-12-03 00:00:00,0.0657300275482093,4.0,2025-12-03 09:55:00,157.355,61.62313020120708,52.159361313670345,6,944.1299999999999,154.2079,160.50209999999998,2025-12-04 09:41:00,160.50209999999998,TAKE_PROFIT,18.882599999999968,2.0000000000000018
TT,2025-12-02 00:00:00,2025-12-03 00:00:00,0.09375,7.0,2025-12-03 09:57:00,406.22,48.7750492542087,45.55585878150404,2,812.44,398.09560000000005,414.3444,2025-12-05 12:22:00,398.09560000000005,STOP_LOSS,-16.24879999999996,-1.9999999999999907
LIN,2025-12-02 00:00:00,2025-12-03 00:00:00,0.0329289428076256,3.0,2025-12-03 10:29:00,407.32,42.741619086367315,41.52275014435805,2,814.64,399.17359999999996,415.4664,2025-12-05 15:54:00,399.17359999999996,STOP_LOSS,-16.292800000000057,-2.0000000000000018
CSX,2025-12-02 00:00:00,2025-12-03 00:00:00,0.086332478298045,5.0,2025-12-03 10:55:00,35.3,51.851915281062304,46.40773009370015,28,988.3999999999999,34.593999999999994,36.006,2025-12-04 09:30:00,36.006,TAKE_PROFIT,19.768000000000086,2.0000000000000018
NSC,2025-12-02 00:00:00,2025-12-03 00:00:00,0.0306818181818181,2.0,2025-12-03 10:58:00,292.6425,46.00658355621042,45.037646960122395,3,877.9275,286.78965,298.49535,2025-12-05 15:59:00,294.21,WEEK_END_CLOSE,4.702499999999986,0.5356364847894701
MDT,2025-12-03 00:00:00,2025-12-04 00:00:00,0.1314877173228625,8.0,2025-12-04 09:47:00,102.32,60.261111353016865,58.152706265882,9,920.8799999999999,100.27359999999999,104.3664,2025-12-05 15:59:00,101.37,WEEK_END_CLOSE,-8.549999999999898,-0.9284597341673084
SHW,2025-12-03 00:00:00,2025-12-04 00:00:00,0.0357142857142857,2.0,2025-12-04 09:47:00,339.44,50.74181855261192,48.092941208510695,2,678.88,332.6512,346.2288,2025-12-05 15:52:00,332.6512,STOP_LOSS,-13.577599999999961,-1.9999999999999907
ABBV,2025-12-03 00:00:00,2025-12-04 00:00:00,0.1211640843535168,4.0,2025-12-04 09:52:00,229.945,50.16785014690179,48.07509440767847,4,919.78,225.34609999999998,234.5439,2025-12-05 10:29:00,225.34609999999998,STOP_LOSS,-18.39560000000006,-2.0000000000000018
MMM,2025-12-03 00:00:00,2025-12-04 00:00:00,0.1272829175213801,6.0,2025-12-04 09:55:00,170.765,40.75563047861518,39.9882989238705,5,853.8249999999999,167.34969999999998,174.1803,2025-12-05 10:33:00,167.34969999999998,STOP_LOSS,-17.07650000000001,-2.0000000000000018
APD,2025-12-03 00:00:00,2025-12-04 00:00:00,0.1516587677725118,10.0,2025-12-04 10:17:00,258.82,46.92538390853106,46.790776490506175,3,776.46,253.6436,263.9964,2025-12-05 09:56:00,263.9964,TAKE_PROFIT,15.529200000000003,2.0000000000000018
AEP,2025-12-03 00:00:00,2025-12-04 00:00:00,0.1439252336448598,9.0,2025-12-04 10:29:00,118.655,50.72167610890307,50.419725899511086,8,949.24,116.2819,121.02810000000001,2025-12-05 15:59:00,117.54,WEEK_END_CLOSE,-8.919999999999959,-0.9396991277232258
VZ,2025-12-03 00:00:00,2025-12-04 00:00:00,0.1297323561747765,7.0,2025-12-04 10:53:00,41.095,53.247747089584585,51.37798064178138,24,986.28,40.2731,41.9169,2025-12-05 10:50:00,41.9169,TAKE_PROFIT,19.725599999999986,2.0000000000000018
FDX,2025-12-03 00:00:00,2025-12-04 00:00:00,0.0470986260116694,3.0,2025-12-04 12:09:00,275.34,58.02783575428529,56.202804516294265,3,826.02,269.8332,280.8468,2025-12-05 15:59:00,274.3,WEEK_END_CLOSE,-3.119999999999891,-0.37771482530688516
DUK,2025-12-04 00:00:00,2025-12-05 00:00:00,0.1057818659658344,10.0,2025-12-05 09:45:00,117.985,55.56914033228435,48.795586875602936,8,943.88,115.6253,120.3447,2025-12-05 15:59:00,116.52,WEEK_END_CLOSE,-11.720000000000027,-1.2416832648218024
USB,2025-12-04 00:00:00,2025-12-05 00:00:00,0.0793320644814769,7.0,2025-12-05 09:51:00,51.51,58.690903281631726,58.25322953326952,19,978.6899999999999,50.4798,52.5402,2025-12-05 15:59:00,51.255,WEEK_END_CLOSE,-4.844999999999914,-0.4950495049504844
JCI,2025-12-04 00:00:00,2025-12-05 00:00:00,0.0108695652173913,2.0,2025-12-05 09:52:00,113.88,43.54521400959375,41.23802763782248,8,911.04,111.60239999999999,116.1576,2025-12-05 15:59:00,114.21,WEEK_END_CLOSE,2.6399999999999864,0.2897787144362507
SO,2025-12-04 00:00:00,2025-12-05 00:00:00,0.0929669661178869,9.0,2025-12-05 10:00:00,88.005,65.33639993232394,60.78192135155886,11,968.055,86.24489999999999,89.7651,2025-12-05 15:58:00,86.24489999999999,STOP_LOSS,-19.361100000000093,-2.000000000000013
PCAR,2025-12-04 00:00:00,2025-12-05 00:00:00,0.0413746326023061,4.0,2025-12-05 10:07:00,109.25,56.28018551803953,51.799423755255475,9,983.25,107.065,111.435,2025-12-05 15:59:00,110.34,WEEK_END_CLOSE,9.81000000000003,0.99771167048055
APD,2025-12-04 00:00:00,2025-12-05 00:00:00,0.068274259151656,5.0,2025-12-05 10:24:00,264.9651,56.3559640471631,54.61540325468995,3,794.8953,259.665798,270.264402,2025-12-05 15:59:00,260.69,WEEK_END_CLOSE,-12.825300000000027,-1.613457772363236
ABBV,2025-12-04 00:00:00,2025-12-05 00:00:00,0.0914371619753889,8.0,2025-12-05 10:36:00,225.7,46.547784157398105,39.15124626965686,4,902.8,221.18599999999998,230.214,2025-12-05 15:59:00,226.05,WEEK_END_CLOSE,1.400000000000091,0.1550731058927779
CMCSA,2025-12-04 00:00:00,2025-12-05 00:00:00,0.0234490642725867,3.0,2025-12-05 11:33:00,27.505,40.137798328686834,38.81617988088369,36,990.18,26.9549,28.0551,2025-12-05 15:59:00,27.31,WEEK_END_CLOSE,-7.02000000000001,-0.7089620069078317
ORLY,2025-12-05 00:00:00,2025-12-08 00:00:00,0.0732708089097303,7.0,2025-12-08 09:46:00,98.59,49.4542794953791,45.50589168422415,10,985.9000000000001,96.6182,100.5618,2025-12-09 09:38:00,96.6182,STOP_LOSS,-19.718000000000018,-2.0000000000000018
PCAR,2025-12-05 00:00:00,2025-12-08 00:00:00,0.0152838427947598,3.0,2025-12-08 09:47:00,110.58,57.94494961688527,54.96039637190684,9,995.22,108.3684,112.7916,2025-12-10 14:35:00,112.7916,TAKE_PROFIT,19.904400000000038,2.0000000000000018
CME,2025-12-05 00:00:00,2025-12-08 00:00:00,0.0739654051711685,9.0,2025-12-08 09:48:00,269.74,48.779912416225734,47.52890341109828,3,809.22,264.3452,275.13480000000004,2025-12-12 15:59:00,273.53,WEEK_END_CLOSE,11.36999999999989,1.4050567212871456
MSI,2025-12-05 00:00:00,2025-12-08 00:00:00,0.0735785953177257,8.0,2025-12-08 09:48:00,371.305,42.97007878053542,42.81255419897817,2,742.61,363.8789,378.7311,2025-12-12 15:26:00,363.8789,STOP_LOSS,-14.852200000000039,-2.0000000000000018
CMCSA,2025-12-05 00:00:00,2025-12-08 00:00:00,0.0319544187178877,5.0,2025-12-08 09:49:00,27.005,39.18231812406717,38.311001177192146,37,999.185,26.4649,27.545099999999998,2025-12-09 09:45:00,26.4649,STOP_LOSS,-19.98369999999996,-1.9999999999999907
FDX,2025-12-05 00:00:00,2025-12-08 00:00:00,0.0153567495753093,4.0,2025-12-08 09:54:00,277.285,51.687633698780644,49.385438323838436,3,831.855,271.7393,282.83070000000004,2025-12-10 14:50:00,282.83070000000004,TAKE_PROFIT,16.637100000000032,2.0000000000000018
TEL,2025-12-05 00:00:00,2025-12-08 00:00:00,0.0088888888888888,2.0,2025-12-08 09:59:00,237.28,67.49045353055642,67.2156490918058,4,949.12,232.5344,242.0256,2025-12-10 14:57:00,242.0256,TAKE_PROFIT,18.982399999999984,2.0000000000000018
DASH,2025-12-05 00:00:00,2025-12-08 00:00:00,0.0888023700590869,10.0,2025-12-08 10:14:00,223.19,46.718415300650435,45.86018083173602,4,892.76,218.7262,227.6538,2025-12-09 09:59:00,227.6538,TAKE_PROFIT,17.855199999999968,2.0000000000000018
TT,2025-12-05 00:00:00,2025-12-08 00:00:00,0.0,1.0,2025-12-08 10:28:00,401.41,52.971665017379856,51.6637455887909,2,802.82,393.3818,409.43820000000005,2025-12-10 10:45:00,393.12,STOP_LOSS_GAP,-16.58000000000004,-2.0652200991505
SO,2025-12-05 00:00:00,2025-12-08 00:00:00,0.0390895596239485,6.0,2025-12-08 10:40:00,85.55,37.714656245165465,37.58888420215245,11,941.05,83.839,87.261,2025-12-10 15:55:00,83.839,STOP_LOSS,-18.820999999999984,-2.0000000000000018
CMCSA,2025-12-08 00:00:00,2025-12-09 00:00:00,0.1475070748280234,9.0,2025-12-09 09:46:00,26.54,40.88605174730906,38.875513647298575,37,981.98,26.0092,27.0708,2025-12-10 11:06:00,27.0708,TAKE_PROFIT,19.639599999999973,2.0000000000000018
DE,2025-12-08 00:00:00,2025-12-09 00:00:00,0.1495111083731654,10.0,2025-12-09 09:47:00,464.72,39.22242597264777,39.036129606827316,2,929.44,455.42560000000003,474.0144,2025-12-11 09:36:00,474.0144,TAKE_PROFIT,18.588799999999992,2.0000000000000018
ITW,2025-12-08 00:00:00,2025-12-09 00:00:00,0.0769230769230769,5.0,2025-12-09 09:52:00,248.68,51.57694120450855,49.599799702575744,4,994.72,243.7064,253.6536,2025-12-10 15:09:00,253.6536,TAKE_PROFIT,19.89440000000002,2.0000000000000018
SHW,2025-12-08 00:00:00,2025-12-09 00:00:00,0.1403508771929824,8.0,2025-12-09 09:53:00,326.53,52.92050358236402,48.575876794981056,3,979.5899999999999,319.9994,333.06059999999997,2025-12-12 15:59:00,328.62,WEEK_END_CLOSE,6.2700000000000955,0.640063700119442
SPG,2025-12-08 00:00:00,2025-12-09 00:00:00,0.1139601139601139,7.0,2025-12-09 09:54:00,181.06,51.844578271581376,51.80238969771218,5,905.3,177.4388,184.68120000000002,2025-12-12 15:59:00,182.03,WEEK_END_CLOSE,4.849999999999994,0.5357340108251396
RSG,2025-12-08 00:00:00,2025-12-09 00:00:00,0.0681818181818181,4.0,2025-12-09 09:55:00,211.7894,45.83916444706778,45.11066688606028,4,847.1576,207.553612,216.025188,2025-12-10 14:12:00,207.553612,STOP_LOSS,-16.943152000000055,-2.0000000000000018
AON,2025-12-08 00:00:00,2025-12-09 00:00:00,0.0,1.0,2025-12-09 11:08:00,347.065,54.12208823666207,50.15832463374364,2,694.13,340.1237,354.0063,2025-12-10 12:49:00,340.1237,STOP_LOSS,-13.882600000000025,-2.0000000000000018
JCI,2025-12-09 00:00:00,2025-12-10 00:00:00,0.0015964240102171,1.0,2025-12-10 09:45:00,115.81,49.41284550325284,43.30842221906038,8,926.48,113.4938,118.12620000000001,2025-12-12 15:59:00,114.76,WEEK_END_CLOSE,-8.399999999999977,-0.906657456178217
ICE,2025-12-09 00:00:00,2025-12-10 00:00:00,0.0608695652173913,6.0,2025-12-10 09:51:00,158.25,50.29068641857449,48.20344662765537,6,949.5,155.085,161.415,2025-12-11 09:30:00,161.415,TAKE_PROFIT,18.989999999999952,2.0000000000000018
DUK,2025-12-09 00:00:00,2025-12-10 00:00:00,0.0435161009573542,5.0,2025-12-10 09:57:00,115.0936,48.46495417473635,48.42594985987205,8,920.7488,112.79172799999999,117.395472,2025-12-12 15:59:00,115.28,WEEK_END_CLOSE,1.491200000000049,0.16195513912156123
PM,2025-12-09 00:00:00,2025-12-10 00:00:00,0.0686195886195886,7.0,2025-12-10 09:57:00,149.05,46.444224237751186,46.2503849258433,6,894.3000000000001,146.06900000000002,152.031,2025-12-11 10:48:00,152.031,TAKE_PROFIT,17.885999999999967,2.0000000000000018
DLR,2025-12-09 00:00:00,2025-12-10 00:00:00,0.1065134099616858,9.0,2025-12-10 10:13:00,159.98,43.307843624911065,40.896759132572164,6,959.8799999999999,156.7804,163.1796,2025-12-11 09:50:00,156.7804,STOP_LOSS,-19.197600000000023,-2.0000000000000018
TJX,2025-12-09 00:00:00,2025-12-10 00:00:00,0.0810136078521266,8.0,2025-12-10 10:43:00,155.42,59.76643075796756,56.662746268698044,6,932.52,152.3116,158.52839999999998,2025-12-12 15:59:00,156.16,WEEK_END_CLOSE,4.440000000000055,0.47612919830137823
TT,2025-12-09 00:00:00,2025-12-10 00:00:00,0.0021008403361344,2.0,2025-12-10 10:50:00,394.51,45.53145693859687,39.78110517322112,2,789.02,386.6198,402.4002,2025-12-11 09:30:00,402.4002,TAKE_PROFIT,15.780399999999986,2.0000000000000018
CMCSA,2025-12-09 00:00:00,2025-12-10 00:00:00,0.0100330558036002,3.0,2025-12-10 11:23:00,27.0701,60.93361023673712,56.96600525562897,36,974.5236,26.528698,27.611502,2025-12-10 15:16:00,27.611502,TAKE_PROFIT,19.490472000000054,2.0000000000000018
PCAR,2025-12-09 00:00:00,2025-12-10 00:00:00,0.0383480825958702,4.0,2025-12-10 14:50:00,112.655,65.21285058457573,65.10234584638212,8,901.24,110.4019,114.9081,2025-12-12 15:59:00,111.56,WEEK_END_CLOSE,-8.759999999999991,-0.9719941414051747
FDX,2025-12-09 00:00:00,2025-12-10 00:00:00,0.1094210729963041,10.0,2025-12-10 15:02:00,284.04,67.75195592067513,64.41067111616195,3,852.1200000000001,278.3592,289.72080000000005,2025-12-12 15:59:00,284.44,WEEK_END_CLOSE,1.1999999999999318,0.14082523588225815
CMCSA,2025-12-09 00:00:00,2025-12-10 00:00:00,0.0100330558036002,3.0,2025-12-10 15:29:00,27.665,72.65582359725919,69.9985652587372,36,995.9399999999999,27.1117,28.2183,2025-12-12 15:59:00,27.23,WEEK_END_CLOSE,-15.659999999999954,-1.5723838785469013
ABBV,2025-12-10 00:00:00,2025-12-11 00:00:00,0.0978177015912865,10.0,2025-12-11 09:47:00,224.83,49.8716148494471,49.73649911118096,4,899.32,220.3334,229.3266,2025-12-12 15:59:00,223.33,WEEK_END_CLOSE,-6.0,-0.6671707512342695
TEL,2025-12-10 00:00:00,2025-12-11 00:00:00,0.0044977511244377,2.0,2025-12-11 10:11:00,243.725,56.46572468905442,55.48215572755643,4,974.9,238.85049999999998,248.5995,2025-12-12 10:06:00,238.74,STOP_LOSS_GAP,-19.93999999999994,-2.0453379833829
TT,2025-12-10 00:00:00,2025-12-11 00:00:00,0.0869565217391304,9.0,2025-12-11 10:11:00,404.065,58.629295837471346,55.97347394282599,2,808.13,395.9837,412.1463,2025-12-12 10:01:00,395.9837,STOP_LOSS,-16.162599999999998,-2.0000000000000018
SPGI,2025-12-10 00:00:00,2025-12-11 00:00:00,0.0563972736124634,6.0,2025-12-11 10:18:00,494.99,56.79388263937558,56.09210355276147,2,989.98,485.0902,504.88980000000004,2025-12-12 15:59:00,501.08,WEEK_END_CLOSE,12.17999999999995,1.2303278854118194
ICE,2025-12-10 00:00:00,2025-12-11 00:00:00,0.0806451612903225,8.0,2025-12-11 10:22:00,161.383,52.659853114250524,51.4238654628995,6,968.298,158.15534,164.61066000000002,2025-12-12 15:59:00,163.22,WEEK_END_CLOSE,11.021999999999935,1.1382859408983537
AJG,2025-12-10 00:00:00,2025-12-11 00:00:00,0.0,1.0,2025-12-11 10:32:00,245.42,64.1477245936891,63.036600581335136,4,981.68,240.5116,250.3284,2025-12-12 09:30:00,250.3284,TAKE_PROFIT,19.6336,2.0000000000000018
MO,2025-12-11 00:00:00,2025-12-12 00:00:00,0.0626333207508221,4.0,2025-12-12 09:45:00,58.53,46.0686218147594,44.88315256942257,17,995.01,57.3594,59.7006,2025-12-12 15:59:00,58.76,WEEK_END_CLOSE,3.909999999999947,0.39296087476508035
MPC,2025-12-11 00:00:00,2025-12-12 00:00:00,0.0647709320695102,6.0,2025-12-12 09:46:00,187.3,49.04792352799638,47.44692118983652,5,936.5,183.554,191.04600000000002,2025-12-12 15:59:00,185.79,WEEK_END_CLOSE,-7.550000000000097,-0.8061932728243515
AMT,2025-12-11 00:00:00,2025-12-12 00:00:00,0.1126760563380281,10.0,2025-12-12 09:50:00,182.585,59.30864446073747,58.09905277505018,5,912.9250000000001,178.9333,186.2367,2025-12-12 15:59:00,180.6,WEEK_END_CLOSE,-9.925000000000068,-1.0871648821097146
AON,2025-12-11 00:00:00,2025-12-12 00:00:00,0.0308641975308641,2.0,2025-12-12 09:53:00,349.857,58.96887886380083,51.69593272059839,2,699.714,342.85986,356.85414000000003,2025-12-12 15:59:00,353.79,WEEK_END_CLOSE,7.8659999999999854,1.1241735909242934
SO,2025-12-11 00:00:00,2025-12-12 00:00:00,0.0934410267124129,9.0,2025-12-12 10:03:00,84.95,61.14188249685287,55.17831175740214,11,934.45,83.251,86.649,2025-12-12 15:59:00,84.445,WEEK_END_CLOSE,-5.555000000000106,-0.5944673337257345
FDX,2025-12-12 00:00:00,2025-12-15 00:00:00,0.0211197736265542,3.0,2025-12-15 09:47:00,282.785,51.949346183682486,48.76597326515001,3,848.355,277.1293,288.44070000000005,2025-12-19 09:30:00,272.06,STOP_LOSS_GAP,-32.17500000000007,-3.7926339798787123
AON,2025-12-12 00:00:00,2025-12-15 00:00:00,0.0579710144927536,8.0,2025-12-15 09:52:00,353.525,52.49591474357708,52.19727041975948,2,707.05,346.4545,360.59549999999996,2025-12-19 15:59:00,350.04,WEEK_END_CLOSE,-6.969999999999914,-0.9857860123046347
CME,2025-12-12 00:00:00,2025-12-15 00:00:00,0.0554487863904904,6.0,2025-12-15 09:52:00,274.69,57.034356436367126,54.06692542934566,3,824.0699999999999,269.1962,280.1838,2025-12-15 12:11:00,269.1962,STOP_LOSS,-16.481400000000065,-2.000000000000013
PCAR,2025-12-12 00:00:00,2025-12-15 00:00:00,0.0054585152838427,1.0,2025-12-15 09:52:00,112.32,51.99692909822263,50.18016335970939,8,898.56,110.07359999999998,114.5664,2025-12-19 09:30:00,110.07359999999998,STOP_LOSS,-17.971200000000067,-2.000000000000013
AEP,2025-12-12 00:00:00,2025-12-15 00:00:00,0.04,4.0,2025-12-15 10:03:00,115.115,57.86417225083499,57.18488092957036,8,920.92,112.81269999999999,117.4173,2025-12-19 15:59:00,114.49,WEEK_END_CLOSE,-5.0,-0.542935325544025
CRH,2025-12-12 00:00:00,2025-12-15 00:00:00,0.0584999408494025,9.0,2025-12-15 10:05:00,127.99,65.3250277035637,57.14368565302476,7,895.93,125.4302,130.5498,2025-12-17 09:30:00,125.34,STOP_LOSS_GAP,-18.54999999999994,-2.0704742558012246
QCOM,2025-12-12 00:00:00,2025-12-15 00:00:00,0.0902655205547113,10.0,2025-12-15 10:05:00,178.6,49.28690273936919,44.29603173037058,5,893.0,175.028,182.172,2025-12-16 14:19:00,175.028,STOP_LOSS,-17.860000000000014,-2.0000000000000018
CMCSA,2025-12-12 00:00:00,2025-12-15 00:00:00,0.0062038031498416,2.0,2025-12-15 10:08:00,27.72,54.68116552489619,53.333520348117325,36,997.92,27.165599999999998,28.2744,2025-12-15 14:19:00,28.2744,TAKE_PROFIT,19.95840000000004,2.0000000000000018
SPGI,2025-12-12 00:00:00,2025-12-15 00:00:00,0.0494595199536543,5.0,2025-12-15 10:09:00,501.46,54.17759735836024,49.308579037462856,1,501.46,491.4308,511.4892,2025-12-17 09:51:00,511.4892,TAKE_PROFIT,10.029200000000003,2.0000000000000018
RSG,2025-12-12 00:00:00,2025-12-15 00:00:00,0.0555555555555555,7.0,2025-12-15 10:23:00,215.195,63.74913247153664,60.18650598581079,4,860.78,210.8911,219.4989,2025-12-19 15:59:00,213.02,WEEK_END_CLOSE,-8.699999999999932,-1.0107112154092768
CME,2025-12-12 00:00:00,2025-12-15 00:00:00,0.0554487863904904,6.0,2025-12-15 12:13:00,273.65,39.59963276788468,36.57538547020584,3,820.9499999999999,268.17699999999996,279.123,2025-12-18 13:53:00,268.17699999999996,STOP_LOSS,-16.41900000000004,-2.0000000000000018
CMCSA,2025-12-12 00:00:00,2025-12-15 00:00:00,0.0062038031498416,2.0,2025-12-15 14:25:00,28.229,57.04380278952733,55.047430896568805,35,988.015,27.66442,28.79358,2025-12-16 09:57:00,28.79358,TAKE_PROFIT,19.76029999999998,2.0000000000000018
LIN,2025-12-15 00:00:00,2025-12-16 00:00:00,0.0742481203007518,9.0,2025-12-16 09:50:00,417.9,54.70003888639994,51.13919087014943,2,835.8,409.542,426.258,2025-12-19 15:59:00,421.56,WEEK_END_CLOSE,7.32000000000005,0.8758076094759648
MO,2025-12-15 00:00:00,2025-12-16 00:00:00,0.0443773305802952,2.0,2025-12-16 09:51:00,59.08,47.755162351399825,46.368768060514604,16,945.28,57.898399999999995,60.2616,2025-12-19 15:59:00,58.04,WEEK_END_CLOSE,-16.639999999999986,-1.7603249830738021
CEG,2025-12-15 00:00:00,2025-12-16 00:00:00,0.0537293460553874,5.0,2025-12-16 09:55:00,360.57,48.75097725922223,48.04887079597675,2,721.14,353.35859999999997,367.7814,2025-12-16 10:20:00,353.01,STOP_LOSS_GAP,-15.120000000000005,-2.096680256260919
MDT,2025-12-15 00:00:00,2025-12-16 00:00:00,0.0573577809120827,7.0,2025-12-16 09:55:00,97.77,44.37439006254103,41.19966516233089,10,977.6999999999999,95.8146,99.7254,2025-12-19 15:59:00,98.6,WEEK_END_CLOSE,8.299999999999983,0.8489311649790388
CI,2025-12-15 00:00:00,2025-12-16 00:00:00,0.0360424028268551,1.0,2025-12-16 09:59:00,276.635,51.88563947443222,50.368599225688996,3,829.905,271.1023,282.16769999999997,2025-12-18 09:46:00,271.1023,STOP_LOSS,-16.59809999999993,-1.9999999999999907
SO,2025-12-15 00:00:00,2025-12-16 00:00:00,0.0817120622568093,10.0,2025-12-16 10:07:00,85.43,50.7962936971983,48.505985810326365,11,939.73,83.7214,87.13860000000001,2025-12-17 13:55:00,87.13860000000001,TAKE_PROFIT,18.794600000000045,2.0000000000000018
TT,2025-12-15 00:00:00,2025-12-16 00:00:00,0.0552763819095477,6.0,2025-12-16 10:08:00,396.67,51.92088517174192,50.49259258050723,2,793.34,388.7366,404.6034,2025-12-17 10:50:00,388.7366,STOP_LOSS,-15.866800000000012,-2.0000000000000018
CEG,2025-12-15 00:00:00,2025-12-16 00:00:00,0.0537293460553874,5.0,2025-12-16 10:31:00,354.565,48.255214501044875,47.92478200624259,2,709.13,347.4737,361.6563,2025-12-16 13:40:00,361.6563,TAKE_PROFIT,14.18259999999998,2.0000000000000018
CMCSA,2025-12-15 00:00:00,2025-12-16 00:00:00,0.0502269732025186,3.0,2025-12-16 10:49:00,29.265,64.62777396125557,61.697043136342145,34,995.01,28.6797,29.8503,2025-12-17 10:06:00,29.8503,TAKE_PROFIT,19.900200000000005,2.0000000000000018
CEG,2025-12-15 00:00:00,2025-12-16 00:00:00,0.0537293460553874,5.0,2025-12-16 13:56:00,362.04,54.733769612491265,53.678291433500476,2,724.08,354.79920000000004,369.2808,2025-12-17 09:30:00,369.2808,TAKE_PROFIT,14.481599999999958,2.0000000000000018
JCI,2025-12-16 00:00:00,2025-12-17 00:00:00,0.0769230769230769,9.0,2025-12-17 09:45:00,119.13,53.161134111560195,52.964687646793244,8,953.04,116.7474,121.51259999999999,2025-12-17 10:41:00,116.7474,STOP_LOSS,-19.060799999999972,-2.0000000000000018
TRV,2025-12-16 00:00:00,2025-12-17 00:00:00,0.0227272727272727,4.0,2025-12-17 09:45:00,289.57,57.04759448317774,55.121067303906216,3,868.71,283.7786,295.3614,2025-12-19 15:59:00,292.74,WEEK_END_CLOSE,9.510000000000048,1.0947266636737396
PH,2025-12-16 00:00:00,2025-12-17 00:00:00,0.0357142857142857,5.0,2025-12-17 09:50:00,878.81,57.53838969796601,56.01012061611373,1,878.81,861.2338,896.3861999999999,2025-12-19 15:59:00,873.8,WEEK_END_CLOSE,-5.009999999999991,-0.5700890977571982
ICE,2025-12-16 00:00:00,2025-12-17 00:00:00,0.0163487738419618,2.0,2025-12-17 10:00:00,161.09,49.164748887256856,48.52418979424172,6,966.54,157.8682,164.3118,2025-12-19 15:59:00,160.29,WEEK_END_CLOSE,-4.800000000000068,-0.4966167980631986
SPGI,2025-12-16 00:00:00,2025-12-17 00:00:00,0.0131578947368421,1.0,2025-12-17 10:02:00,510.04,69.05910259237123,66.65161135357427,1,510.04,499.8392,520.2408,2025-12-19 15:59:00,512.47,WEEK_END_CLOSE,2.430000000000007,0.4764332209238553
WMB,2025-12-16 00:00:00,2025-12-17 00:00:00,0.0175438596491228,3.0,2025-12-17 10:23:00,58.575,51.828060875143116,46.3638983720911,17,995.7750000000001,57.4035,59.746500000000005,2025-12-18 10:13:00,59.746500000000005,TAKE_PROFIT,19.91550000000003,2.0000000000000018
CMCSA,2025-12-16 00:00:00,2025-12-17 00:00:00,0.0585634756031001,7.0,2025-12-17 10:38:00,29.805,52.37224194659711,50.78155618101163,33,983.5649999999999,29.2089,30.4011,2025-12-17 14:21:00,30.4011,TAKE_PROFIT,19.671299999999995,2.0000000000000018
JCI,2025-12-16 00:00:00,2025-12-17 00:00:00,0.0769230769230769,9.0,2025-12-17 10:51:00,116.85,41.06697035216177,37.21455721465971,8,934.8,114.51299999999999,119.187,2025-12-18 09:30:00,119.187,TAKE_PROFIT,18.696000000000026,2.0000000000000018
CMCSA,2025-12-16 00:00:00,2025-12-17 00:00:00,0.0585634756031001,7.0,2025-12-17 14:29:00,30.425,63.481019176912525,61.96626585104396,32,973.6,29.8165,31.0335,2025-12-18 09:39:00,29.8165,STOP_LOSS,-19.47199999999998,-2.0000000000000018
CMCSA,2025-12-17 00:00:00,2025-12-18 00:00:00,0.0774827925270403,6.0,2025-12-18 09:47:00,30.005,48.38179707934904,44.02436883006715,33,990.165,29.404899999999998,30.6051,2025-12-19 15:59:00,29.56,WEEK_END_CLOSE,-14.68500000000001,-1.4830861523079442
WM,2025-12-17 00:00:00,2025-12-18 00:00:00,0.079295154185022,7.0,2025-12-18 09:47:00,218.77,47.74798620103393,46.64341332900999,4,875.08,214.3946,223.14540000000002,2025-12-19 15:59:00,216.333,WEEK_END_CLOSE,-9.748000000000047,-1.113955295515845
GILD,2025-12-17 00:00:00,2025-12-18 00:00:00,0.0455252918287937,5.0,2025-12-18 09:56:00,121.47,53.34945696972153,52.564608419625436,8,971.76,119.0406,123.8994,2025-12-19 09:56:00,123.8994,TAKE_PROFIT,19.43520000000001,2.0000000000000018
RTX,2025-12-17 00:00:00,2025-12-18 00:00:00,0.0840759395583107,9.0,2025-12-18 09:59:00,179.105,58.599107133971835,55.938346283510455,5,895.525,175.5229,182.6871,2025-12-19 13:15:00,182.6871,TAKE_PROFIT,17.910499999999985,2.0000000000000018
TXN,2025-12-18 00:00:00,2025-12-19 00:00:00,0.0521890403015366,10.0,2025-12-19 09:50:00,177.645,53.81356651101322,52.980128377203954,5,888.225,174.09210000000002,181.1979,2025-12-19 15:59:00,176.31,WEEK_END_CLOSE,-6.67500000000004,-0.7514987756480629
CSX,2025-12-18 00:00:00,2025-12-19 00:00:00,0.0064935064935064,1.0,2025-12-19 09:51:00,36.605,56.27546512042547,47.58205823236673,27,988.3349999999999,35.872899999999994,37.3371,2025-12-19 15:59:00,36.47,WEEK_END_CLOSE,-3.6449999999999463,-0.368802076219088
ROST,2025-12-18 00:00:00,2025-12-19 00:00:00,0.0424028268551236,8.0,2025-12-19 09:51:00,182.72,58.339978902841914,54.67746697456494,5,913.6,179.0656,186.3744,2025-12-19 15:59:00,182.39,WEEK_END_CLOSE,-1.6500000000000625,-0.18060420315236803
EMR,2025-12-18 00:00:00,2025-12-19 00:00:00,0.0158102766798418,4.0,2025-12-19 09:53:00,132.25,51.10406713060093,49.32522017735417,7,925.75,129.605,134.895,2025-12-19 15:59:00,132.96,WEEK_END_CLOSE,4.970000000000056,0.5368620037807137
TFC,2025-12-18 00:00:00,2025-12-19 00:00:00,0.0490867579908675,9.0,2025-12-19 09:58:00,50.08,53.05769505744572,51.89771930260077,19,951.52,49.078399999999995,51.0816,2025-12-19 15:59:00,50.075,WEEK_END_CLOSE,-0.0949999999999136,-0.0099840255590955
USB,2025-12-18 00:00:00,2025-12-19 00:00:00,0.0080526688067903,2.0,2025-12-19 10:03:00,54.05,61.01022599707003,54.80369522161915,18,972.9,52.968999999999994,55.131,2025-12-19 15:59:00,54.155,WEEK_END_CLOSE,1.8900000000000716,0.1942645698427503
RTX,2025-12-18 00:00:00,2025-12-19 00:00:00,0.0179903466432645,5.0,2025-12-19 13:31:00,182.67,57.155051128892985,55.97375354962882,5,913.3499999999999,179.01659999999998,186.3234,2025-12-19 15:59:00,182.09,WEEK_END_CLOSE,-2.8999999999999204,-0.3175124541522911
SO,2025-12-19 00:00:00,2025-12-22 00:00:00,0.0277777777777777,7.0,2025-12-22 09:46:00,85.04,38.05195029597122,37.96081272579042,11,935.44,83.3392,86.74080000000001,2025-12-23 14:22:00,86.74080000000001,TAKE_PROFIT,18.70880000000001,2.0000000000000018
CMCSA,2025-12-19 00:00:00,2025-12-22 00:00:00,0.0040287769784172,1.0,2025-12-22 09:50:00,29.605,47.71036214493177,46.52795685393382,33,976.965,29.0129,30.197100000000002,2025-12-23 10:23:00,29.0129,STOP_LOSS,-19.53930000000007,-2.0000000000000018
MDT,2025-12-19 00:00:00,2025-12-22 00:00:00,0.019222367846221,6.0,2025-12-22 09:51:00,97.415,38.073513116486524,37.03490715862081,10,974.1500000000001,95.4667,99.36330000000001,2025-12-26 15:59:00,96.54,WEEK_END_CLOSE,-8.75,-0.8982189601190793
CRH,2025-12-19 00:00:00,2025-12-22 00:00:00,0.0287408759124087,8.0,2025-12-22 09:53:00,124.9,46.33024251890155,46.14149536516527,8,999.2,122.402,127.39800000000001,2025-12-24 09:41:00,127.39800000000001,TAKE_PROFIT,19.984000000000037,2.0000000000000018
ICE,2025-12-19 00:00:00,2025-12-22 00:00:00,0.0081967213114754,3.0,2025-12-22 09:54:00,160.255,51.2851551430778,46.71698065350389,6,961.53,157.04989999999998,163.4601,2025-12-26 15:45:00,163.4601,TAKE_PROFIT,19.230600000000095,2.0000000000000018
SPGI,2025-12-19 00:00:00,2025-12-22 00:00:00,0.0059405940594059,2.0,2025-12-22 10:00:00,515.62,57.03944451863569,56.09860282944195,1,515.62,505.3076,525.9324,2025-12-23 11:13:00,525.9324,TAKE_PROFIT,10.312400000000025,2.0000000000000018
AFL,2025-12-19 00:00:00,2025-12-22 00:00:00,0.0173010380622837,5.0,2025-12-22 10:01:00,110.12,43.78004382696269,43.61712226105314,9,991.08,107.91760000000001,112.3224,2025-12-26 15:59:00,109.91,WEEK_END_CLOSE,-1.8900000000000716,-0.19070105339630272
FDX,2025-12-19 00:00:00,2025-12-22 00:00:00,0.0111344537815126,4.0,2025-12-22 10:16:00,288.49,55.12433394392648,49.50739748029673,3,865.47,282.7202,294.25980000000004,2025-12-23 10:24:00,294.25980000000004,TAKE_PROFIT,17.309400000000096,2.0000000000000018
AJG,2025-12-19 00:00:00,2025-12-22 00:00:00,0.04,10.0,2025-12-22 10:18:00,257.1099,56.623871725368474,55.0977079234112,3,771.3297,251.96770199999997,262.252098,2025-12-26 15:59:00,261.56,WEEK_END_CLOSE,13.350300000000061,1.730816277397329
BX,2025-12-22 00:00:00,2025-12-23 00:00:00,0.1256101062302612,10.0,2025-12-23 09:45:00,156.4,56.91481204484539,56.00914888701326,6,938.4000000000001,153.272,159.52800000000002,2025-12-26 15:59:00,155.44,WEEK_END_CLOSE,-5.760000000000048,-0.6138107416879812
RTX,2025-12-22 00:00:00,2025-12-23 00:00:00,0.1185819070904645,9.0,2025-12-23 09:45:00,187.015,63.22249090547719,54.20881226261526,5,935.0749999999999,183.2747,190.75529999999998,2025-12-26 15:59:00,185.17,WEEK_END_CLOSE,-9.224999999999994,-0.9865518808651719
WMB,2025-12-22 00:00:00,2025-12-23 00:00:00,0.0634920634920634,6.0,2025-12-23 09:45:00,59.05,52.63032717895119,52.4350219853886,16,944.8,57.86899999999999,60.231,2025-12-26 15:59:00,59.52,WEEK_END_CLOSE,7.5200000000000955,0.7959356477561519
NSC,2025-12-22 00:00:00,2025-12-23 00:00:00,0.0952380952380952,8.0,2025-12-23 09:47:00,291.5,49.01423410732745,47.27094518029829,3,874.5,285.67,297.33,2025-12-26 15:59:00,291.07,WEEK_END_CLOSE,-1.2900000000000205,-0.1475128644940038
ADP,2025-12-22 00:00:00,2025-12-23 00:00:00,0.0617283950617283,5.0,2025-12-23 09:55:00,258.77,52.02590822414421,46.173706054587115,3,776.31,253.59459999999999,263.9454,2025-12-26 15:59:00,258.75,WEEK_END_CLOSE,-0.05999999999994543,-0.007728871198353637
KMI,2025-12-22 00:00:00,2025-12-23 00:00:00,0.0068717623427423,1.0,2025-12-23 10:10:00,26.975,56.99003397307106,56.3677860336908,37,998.075,26.4355,27.5145,2025-12-26 15:59:00,27.195,WEEK_END_CLOSE,8.139999999999958,0.8155699721964726
COP,2025-12-22 00:00:00,2025-12-23 00:00:00,0.0907281001137656,7.0,2025-12-23 10:16:00,92.845,43.21335605923368,43.10260894738751,10,928.45,90.9881,94.7019,2025-12-26 14:18:00,90.9881,STOP_LOSS,-18.56899999999996,-1.9999999999999907
CMCSA,2025-12-22 00:00:00,2025-12-23 00:00:00,0.014477766287487,3.0,2025-12-23 10:25:00,29.0538,46.48914057861258,40.54176238536545,34,987.8292,28.472724,29.634876,2025-12-24 09:36:00,29.634876,TAKE_PROFIT,19.756583999999982,2.0000000000000018
FDX,2025-12-22 00:00:00,2025-12-23 00:00:00,0.0146502835538752,4.0,2025-12-23 10:42:00,294.35,59.47009635094774,57.28293315258919,3,883.0500000000001,288.463,300.237,2025-12-26 15:59:00,296.44,WEEK_END_CLOSE,6.269999999999925,0.710039069135382
SPGI,2025-12-22 00:00:00,2025-12-23 00:00:00,0.0070422535211267,2.0,2025-12-23 11:35:00,524.74,53.94723534472536,49.82687734048353,1,524.74,514.2452,535.2348000000001,2025-12-26 15:59:00,529.47,WEEK_END_CLOSE,4.730000000000018,0.9013987879711971
APO,2025-12-23 00:00:00,2025-12-24 00:00:00,0.155,10.0,2025-12-24 09:47:00,148.15,47.64834685690615,45.98522413946526,6,888.9000000000001,145.187,151.113,2025-12-26 15:59:00,148.53,WEEK_END_CLOSE,2.2799999999999727,0.25649679379007306
HPE,2025-12-23 00:00:00,2025-12-24 00:00:00,0.1176470588235294,6.0,2025-12-24 09:54:00,24.64,55.63908267349825,46.61089534377447,40,985.6,24.1472,25.1328,2025-12-26 15:59:00,24.5,WEEK_END_CLOSE,-5.600000000000023,-0.5681818181818232
SO,2025-12-23 00:00:00,2025-12-24 00:00:00,0.1352941176470588,8.0,2025-12-24 09:58:00,86.55,48.8113002480521,45.82029712541265,11,952.05,84.819,88.28099999999999,2025-12-26 15:59:00,87.18,WEEK_END_CLOSE,6.930000000000106,0.7279029462738507
UBER,2025-12-23 00:00:00,2025-12-24 00:00:00,0.1397625749602251,9.0,2025-12-24 10:01:00,80.865,59.06997495639304,57.97391730323722,12,970.3799999999999,79.2477,82.4823,2025-12-26 15:59:00,81.255,WEEK_END_CLOSE,4.680000000000007,0.4822852902986563
CRH,2025-12-24 00:00:00,2025-12-26 00:00:00,0.0,3.0,2025-12-26 09:46:00,127.7,55.94538724169975,54.050765446547764,7,893.9,125.146,130.25400000000002,2025-12-26 15:59:00,128.97,WEEK_END_CLOSE,8.889999999999972,0.9945184025058618
DHR,2025-12-24 00:00:00,2025-12-26 00:00:00,0.0,1.0,2025-12-26 09:53:00,231.18,52.608399719633425,50.65884635823617,4,924.72,226.5564,235.80360000000002,2025-12-26 15:59:00,230.37,WEEK_END_CLOSE,-3.240000000000009,-0.3503763301323626
REGN,2025-12-24 00:00:00,2025-12-26 00:00:00,0.0099099099099099,6.0,2025-12-26 09:58:00,784.82,51.25616354532007,47.094518694214734,1,784.82,769.1236,800.5164000000001,2025-12-26 15:59:00,784.48,WEEK_END_CLOSE,-0.34000000000003183,-0.04332203562600334
CMCSA,2025-12-24 00:00:00,2025-12-26 00:00:00,0.0083067092651757,5.0,2025-12-26 09:59:00,29.735,54.802735564459155,51.27943491409662,33,981.255,29.1403,30.3297,2025-12-26 15:59:00,29.655,WEEK_END_CLOSE,-2.6399999999999437,-0.26904321506641127
DASH,2025-12-24 00:00:00,2025-12-26 00:00:00,0.0190440627333831,7.0,2025-12-26 10:07:00,232.67,54.657947179463996,50.99056525877816,4,930.68,228.01659999999998,237.3234,2025-12-26 15:59:00,233.95,WEEK_END_CLOSE,5.1200000000000045,0.5501353848798685
ABNB,2025-12-26 00:00:00,2025-12-29 00:00:00,0.0827740492170022,8.0,2025-12-29 09:47:00,136.97,57.445812829275795,55.71544664551341,7,958.79,134.2306,139.7094,2026-01-02 09:34:00,134.2306,STOP_LOSS,-19.175799999999924,-1.9999999999999907
CMCSA,2025-12-26 00:00:00,2025-12-29 00:00:00,0.009417304296645,1.0,2025-12-29 09:47:00,29.675,56.20961956852615,54.91107894383626,33,979.275,29.081500000000002,30.2685,2026-01-02 15:59:00,29.533,WEEK_END_CLOSE,-4.685999999999982,-0.47851727042965697
FTNT,2025-12-26 00:00:00,2025-12-29 00:00:00,0.1226158038147139,10.0,2025-12-29 09:47:00,81.6202,54.56611215413608,52.1740006484597,12,979.4423999999999,79.98779599999999,83.252604,2025-12-31 09:49:00,79.98779599999999,STOP_LOSS,-19.588848000000098,-2.000000000000013
SPGI,2025-12-26 00:00:00,2025-12-29 00:00:00,0.1020408163265306,9.0,2025-12-29 09:47:00,530.48,57.67137546106999,55.10784029112539,1,530.48,519.8704,541.0896,2026-01-02 09:50:00,519.8704,STOP_LOSS,-10.6096,-2.0000000000000018
CSX,2025-12-26 00:00:00,2025-12-29 00:00:00,0.0476190476190476,2.0,2025-12-29 09:49:00,36.669,53.99221069475308,53.05544549021982,27,990.0629999999999,35.93561999999999,37.40238,2026-01-02 15:59:00,36.26,WEEK_END_CLOSE,-11.04299999999997,-1.1153835665003053
ISRG,2025-12-26 00:00:00,2025-12-29 00:00:00,0.0571081409477521,3.0,2025-12-29 09:54:00,579.6,58.94573648725929,58.19296935995825,1,579.6,568.008,591.192,2025-12-31 15:22:00,568.008,STOP_LOSS,-11.591999999999985,-2.0000000000000018
CL,2025-12-26 00:00:00,2025-12-29 00:00:00,0.08,7.0,2025-12-29 10:12:00,79.95,54.3043839853053,51.035128605711364,12,959.4000000000001,78.351,81.549,2026-01-02 09:34:00,78.351,STOP_LOSS,-19.188000000000045,-2.0000000000000018
GLW,2025-12-26 00:00:00,2025-12-29 00:00:00,0.0613069016152716,5.0,2025-12-29 10:15:00,88.7,47.861948989512605,41.89048472202967,11,975.7,86.926,90.474,2026-01-02 15:36:00,90.474,TAKE_PROFIT,19.51400000000001,2.0000000000000018
KMI,2025-12-26 00:00:00,2025-12-29 00:00:00,0.0597722960151802,4.0,2025-12-29 10:33:00,27.415,63.36486306377167,62.806317494807395,36,986.9399999999999,26.866699999999998,27.9633,2026-01-02 15:59:00,27.71,WEEK_END_CLOSE,10.620000000000061,1.076053255517051
T,2025-12-26 00:00:00,2025-12-29 00:00:00,0.0742201505916099,6.0,2025-12-29 10:48:00,24.905,62.6095457096572,60.041663236068025,40,996.2,24.4069,25.403100000000002,2026-01-02 15:59:00,24.55,WEEK_END_CLOSE,-14.200000000000017,-1.4254165830154597
MS,2025-12-29 00:00:00,2025-12-30 00:00:00,0.166887919590366,6.0,2025-12-30 09:47:00,179.01,41.08083253341821,41.068137174723454,5,895.05,175.4298,182.59019999999998,2026-01-02 15:59:00,181.92,WEEK_END_CLOSE,14.549999999999983,1.6256075079604582
WMB,2025-12-29 00:00:00,2025-12-30 00:00:00,0.1027397260273972,4.0,2025-12-30 09:47:00,60.075,50.14574093500041,47.79357426427909,16,961.2,58.8735,61.276500000000006,2026-01-02 15:59:00,60.84,WEEK_END_CLOSE,12.240000000000009,1.2734082397003688
CSCO,2025-12-29 00:00:00,2025-12-30 00:00:00,0.2276480301958009,10.0,2025-12-30 09:48:00,77.41,47.01704892332539,44.547796424584085,12,928.92,75.8618,78.95819999999999,2026-01-02 11:44:00,75.8618,STOP_LOSS,-18.57839999999993,-1.9999999999999907
HPE,2025-12-29 00:00:00,2025-12-30 00:00:00,0.1753554502369668,9.0,2025-12-30 09:48:00,24.325,53.164600247043644,47.73070118534381,41,997.3249999999999,23.8385,24.8115,2026-01-02 09:54:00,23.8385,STOP_LOSS,-19.94649999999998,-2.0000000000000018
UNP,2025-12-29 00:00:00,2025-12-30 00:00:00,0.174496644295302,8.0,2025-12-30 10:00:00,234.425,54.197508676191894,50.12998731039874,4,937.7,229.7365,239.11350000000002,2026-01-02 09:36:00,229.7365,STOP_LOSS,-18.75400000000002,-2.0000000000000018
REGN,2025-12-29 00:00:00,2025-12-30 00:00:00,0.0934959349593495,3.0,2025-12-30 10:04:00,774.77,47.50189036964406,44.06695138504897,1,774.77,759.2746,790.2654,2026-01-02 15:59:00,776.28,WEEK_END_CLOSE,1.509999999999991,0.19489654994384598
VZ,2025-12-29 00:00:00,2025-12-30 00:00:00,0.1720820189274448,7.0,2025-12-30 10:05:00,40.48,49.88518321246904,45.48917383912591,24,971.52,39.670399999999994,41.2896,2026-01-02 15:59:00,40.46,WEEK_END_CLOSE,-0.4799999999999045,-0.04940711462450009
PEP,2025-12-29 00:00:00,2025-12-30 00:00:00,0.1199281867145422,5.0,2025-12-30 10:50:00,144.2227,45.328398771605514,44.88626711313212,6,865.3362,141.338246,147.107154,2026-01-02 15:59:00,142.24,WEEK_END_CLOSE,-11.896199999999965,-1.3747489126191614
ADP,2025-12-30 00:00:00,2025-12-31 00:00:00,0.0964705882352941,5.0,2025-12-31 09:46:00,259.28,48.18494313168314,47.73399881918799,3,777.8399999999999,254.09439999999998,264.4656,2026-01-02 09:44:00,254.09439999999998,STOP_LOSS,-15.556799999999981,-2.0000000000000018
HLT,2025-12-30 00:00:00,2025-12-31 00:00:00,0.1306666666666666,7.0,2025-12-31 09:46:00,289.435,44.454116416985705,33.55894435280409,3,868.3050000000001,283.6463,295.2237,2026-01-02 15:59:00,292.98,WEEK_END_CLOSE,10.635000000000048,1.2248000414600835
CTAS,2025-12-30 00:00:00,2025-12-31 00:00:00,0.1466666666666666,10.0,2025-12-31 09:47:00,190.345,47.54286764529422,46.41802684302367,5,951.725,186.5381,194.1519,2026-01-02 09:33:00,186.4001,STOP_LOSS_GAP,-19.72449999999995,-2.0724999343297634
FDX,2025-12-30 00:00:00,2025-12-31 00:00:00,0.0045708481462671,2.0,2025-12-31 09:49:00,290.4,44.6596253021064,43.78373924943182,3,871.1999999999999,284.592,296.20799999999997,2026-01-02 15:59:00,293.12,WEEK_END_CLOSE,8.160000000000082,0.9366391184573164
NSC,2025-12-30 00:00:00,2025-12-31 00:00:00,0.0,1.0,2025-12-31 09:50:00,290.27,48.956538859575936,47.58953946568818,3,870.81,284.46459999999996,296.0754,2026-01-02 15:59:00,287.81,WEEK_END_CLOSE,-7.379999999999939,-0.8474868226134191
RTX,2025-12-30 00:00:00,2025-12-31 00:00:00,0.142548596112311,9.0,2025-12-31 09:51:00,183.29,50.50842851439078,47.1961410010209,5,916.4499999999999,179.6242,186.95579999999998,2026-01-02 15:41:00,186.95579999999998,TAKE_PROFIT,18.32899999999995,2.0000000000000018
DLR,2025-12-31 00:00:00,2026-01-02 00:00:00,0.0769230769230769,5.0,2026-01-02 09:45:00,154.47,47.631940237909426,45.3078051250288,6,926.8199999999999,151.3806,157.5594,2026-01-02 15:59:00,155.03,WEEK_END_CLOSE,3.3600000000000136,0.362529941088896
FTNT,2025-12-31 00:00:00,2026-01-02 00:00:00,0.1048780487804878,8.0,2026-01-02 09:47:00,78.655,40.18683800687981,34.04281204474888,12,943.86,77.0819,80.2281,2026-01-02 15:59:00,77.865,WEEK_END_CLOSE,-9.480000000000075,-1.0043862437225992
TXN,2025-12-31 00:00:00,2026-01-02 00:00:00,0.1142578125,10.0,2026-01-02 09:47:00,175.62,53.29082407115881,46.306391070794184,5,878.1,172.1076,179.13240000000002,2026-01-02 15:59:00,177.51,WEEK_END_CLOSE,9.449999999999932,1.0761872224120284
MDT,2025-12-31 00:00:00,2026-01-02 00:00:00,0.0357142857142857,3.0,2026-01-02 09:50:00,95.46,39.10655280325636,37.15389086459233,10,954.5999999999999,93.5508,97.36919999999999,2026-01-02 15:59:00,96.05,WEEK_END_CLOSE,5.900000000000034,0.6180599203855053
USB,2025-12-31 00:00:00,2026-01-02 00:00:00,0.0121415654869542,2.0,2026-01-02 09:50:00,53.14,38.42908612810109,37.934480110515366,18,956.52,52.0772,54.2028,2026-01-02 15:59:00,53.92,WEEK_END_CLOSE,14.04000000000002,1.4678208505833679
CDNS,2025-12-31 00:00:00,2026-01-02 00:00:00,0.1,7.0,2026-01-02 09:54:00,313.91,50.523427600034914,47.417045618851446,3,941.73,307.6318,320.18820000000005,2026-01-02 11:05:00,307.58,STOP_LOSS_GAP,-18.990000000000123,-2.016501545028848
ETN,2025-12-31 00:00:00,2026-01-02 00:00:00,0.0855949895615866,6.0,2026-01-02 10:19:00,326.505,58.70810813749314,57.41078442021213,3,979.515,319.9749,333.0351,2026-01-02 15:59:00,327.26,WEEK_END_CLOSE,2.2649999999999864,0.23123688764337125
CDNS,2025-12-31 00:00:00,2026-01-02 00:00:00,0.1,7.0,2026-01-02 11:10:00,308.49,45.51398271838133,39.34023353210073,3,925.47,302.3202,314.6598,2026-01-02 15:59:00,310.29,WEEK_END_CLOSE,5.400000000000034,0.5834873091510318
KMI,2026-01-02 00:00:00,2026-01-05 00:00:00,0.0882012222343129,4.0,2026-01-05 09:46:00,27.575,40.561563916618255,35.98240859867985,36,992.6999999999999,27.0235,28.1265,2026-01-06 11:35:00,27.0235,STOP_LOSS,-19.854000000000028,-2.0000000000000018
MO,2026-01-02 00:00:00,2026-01-05 00:00:00,0.1041681149461871,5.0,2026-01-05 09:46:00,56.53,33.020943284560886,27.52624954983417,17,961.01,55.3994,57.6606,2026-01-06 10:34:00,55.3994,STOP_LOSS,-19.22020000000002,-2.0000000000000018
FDX,2026-01-02 00:00:00,2026-01-05 00:00:00,0.0499421207658321,1.0,2026-01-05 09:47:00,293.795,57.59630651756184,49.10216633592351,3,881.385,287.9191,299.6709,2026-01-06 09:34:00,299.8,TAKE_PROFIT_GAP,18.014999999999986,2.043942204598448
DUK,2026-01-02 00:00:00,2026-01-05 00:00:00,0.1849148418491484,9.0,2026-01-05 09:48:00,116.08,33.39610800840782,30.495643050184707,8,928.64,113.7584,118.4016,2026-01-08 10:07:00,118.4016,TAKE_PROFIT,18.57280000000003,2.0000000000000018
NFLX,2026-01-02 00:00:00,2026-01-05 00:00:00,0.1204385936306999,6.0,2026-01-05 10:00:00,91.74,50.878765799317236,50.39228712669103,10,917.4,89.9052,93.5748,2026-01-06 10:03:00,89.9052,STOP_LOSS,-18.348000000000013,-2.0000000000000018
CTAS,2026-01-02 00:00:00,2026-01-05 00:00:00,0.1773774916943521,8.0,2026-01-05 10:20:00,185.445,50.98589539398997,46.32847492657801,5,927.2249999999999,181.7361,189.1539,2026-01-07 09:30:00,189.1539,TAKE_PROFIT,18.5445,2.0000000000000018
MA,2026-01-02 00:00:00,2026-01-05 00:00:00,0.2158836235836694,10.0,2026-01-05 10:25:00,572.84,62.66128020898318,62.56685663793934,1,572.84,561.3832,584.2968000000001,2026-01-07 12:05:00,584.36,TAKE_PROFIT_GAP,11.519999999999982,2.011032749109698
SPGI,2026-01-02 00:00:00,2026-01-05 00:00:00,0.1285697746217968,7.0,2026-01-05 10:27:00,532.445,71.73763139387798,71.64297085314642,1,532.445,521.7961,543.0939000000001,2026-01-07 09:31:00,543.0939000000001,TAKE_PROFIT,10.648900000000026,2.0000000000000018
AON,2026-01-02 00:00:00,2026-01-05 00:00:00,0.074074074074074,2.0,2026-01-05 10:28:00,345.53,56.39560641511796,55.664853088783424,2,691.06,338.6194,352.44059999999996,2026-01-06 09:37:00,352.44059999999996,TAKE_PROFIT,13.821199999999976,2.0000000000000018
CMCSA,2026-01-02 00:00:00,2026-01-05 00:00:00,0.0820532428041521,3.0,2026-01-05 10:41:00,27.855,39.352950275076104,36.30146993100437,35,974.9250000000001,27.2979,28.412100000000002,2026-01-05 11:15:00,28.412100000000002,TAKE_PROFIT,19.498500000000067,2.0000000000000018
CMCSA,2026-01-02 00:00:00,2026-01-05 00:00:00,0.0820532428041521,3.0,2026-01-05 11:38:00,28.79,66.76842429356086,62.677317646217695,34,978.86,28.214199999999998,29.3658,2026-01-05 13:05:00,28.214199999999998,STOP_LOSS,-19.577200000000033,-2.0000000000000018
CMCSA,2026-01-02 00:00:00,2026-01-05 00:00:00,0.0820532428041521,3.0,2026-01-05 13:13:00,28.2057,43.661288161266256,38.42458824199194,35,987.1995000000001,27.641586,28.769814,2026-01-06 09:31:00,27.641586,STOP_LOSS,-19.74399,-2.0000000000000018
MPC,2026-01-05 00:00:00,2026-01-06 00:00:00,0.0994437661104327,7.0,2026-01-06 09:45:00,173.78,41.809952271407575,39.815723414940756,5,868.9,170.3044,177.25560000000002,2026-01-06 10:38:00,170.3044,STOP_LOSS,-17.37800000000007,-2.000000000000013
FDX,2026-01-05 00:00:00,2026-01-06 00:00:00,0.0540520799041015,5.0,2026-01-06 09:47:00,299.11,55.58006747155391,51.78966328807621,3,897.33,293.12780000000004,305.0922,2026-01-06 15:07:00,305.0922,TAKE_PROFIT,17.946599999999933,2.0000000000000018
JCI,2026-01-05 00:00:00,2026-01-06 00:00:00,0.0105680317040951,1.0,2026-01-06 09:49:00,111.97,39.590690556240695,35.26020333653331,8,895.76,109.7306,114.2094,2026-01-06 13:35:00,114.2094,TAKE_PROFIT,17.915200000000027,2.0000000000000018
MDT,2026-01-05 00:00:00,2026-01-06 00:00:00,0.1103876640456079,8.0,2026-01-06 09:50:00,99.71,66.28575355946964,63.97512199339106,10,997.0999999999999,97.71579999999999,101.7042,2026-01-09 09:37:00,97.71579999999999,STOP_LOSS,-19.942000000000064,-2.0000000000000018
ITW,2026-01-05 00:00:00,2026-01-06 00:00:00,0.0317460317460317,3.0,2026-01-06 10:00:00,248.48,50.19015303996771,50.046705705044936,4,993.92,243.51039999999998,253.4496,2026-01-06 15:01:00,253.4496,TAKE_PROFIT,19.878400000000056,2.0000000000000018
DHR,2026-01-05 00:00:00,2026-01-06 00:00:00,0.1534964918891299,10.0,2026-01-06 10:03:00,238.83,64.1213983503689,61.34208334229054,4,955.32,234.0534,243.60660000000001,2026-01-07 12:29:00,234.0534,STOP_LOSS,-19.106400000000008,-2.0000000000000018
MCO,2026-01-05 00:00:00,2026-01-06 00:00:00,0.1508704061895551,9.0,2026-01-06 10:14:00,529.3,47.22636865410055,47.05683918137355,1,529.3,518.7139999999999,539.886,2026-01-07 09:31:00,539.886,TAKE_PROFIT,10.586000000000013,2.0000000000000018
ECL,2026-01-05 00:00:00,2026-01-06 00:00:00,0.0609756097560975,6.0,2026-01-06 10:30:00,268.21,64.31239015462565,63.088988935106435,3,804.6299999999999,262.8458,273.57419999999996,2026-01-09 12:31:00,273.64,TAKE_PROFIT_GAP,16.29000000000002,2.02453301517469
MPC,2026-01-05 00:00:00,2026-01-06 00:00:00,0.0994437661104327,7.0,2026-01-06 10:44:00,170.782,39.98709154755603,37.90259595437726,5,853.9100000000001,167.36636000000001,174.19764,2026-01-07 09:33:00,174.19764,TAKE_PROFIT,17.07819999999998,2.0000000000000018
WELL,2026-01-05 00:00:00,2026-01-06 00:00:00,0.031578947368421,2.0,2026-01-06 11:20:00,184.25,50.868165378465555,46.79170722521928,5,921.25,180.565,187.935,2026-01-07 09:48:00,187.935,TAKE_PROFIT,18.42500000000001,2.0000000000000018
JCI,2026-01-05 00:00:00,2026-01-06 00:00:00,0.0105680317040951,1.0,2026-01-06 13:46:00,114.41,65.43377409580113,64.16014161824607,8,915.28,112.1218,116.6982,2026-01-08 09:30:00,111.31,STOP_LOSS_GAP,-24.799999999999955,-2.709553360720207
FDX,2026-01-05 00:00:00,2026-01-06 00:00:00,0.0540520799041015,5.0,2026-01-06 15:26:00,305.64,62.432345916715356,60.64439806990405,3,916.92,299.5272,311.7528,2026-01-08 09:54:00,311.7528,TAKE_PROFIT,18.33839999999998,2.0000000000000018
CMCSA,2026-01-06 00:00:00,2026-01-07 00:00:00,0.0737507525586995,5.0,2026-01-07 09:45:00,27.645,63.41644908260724,59.923595649779095,36,995.22,27.0921,28.1979,2026-01-08 12:02:00,28.1979,TAKE_PROFIT,19.904400000000038,2.0000000000000018
MSI,2026-01-06 00:00:00,2026-01-07 00:00:00,0.0694444444444444,4.0,2026-01-07 09:47:00,380.2186,45.8159628179537,44.0084502967745,2,760.4372,372.61422799999997,387.822972,2026-01-08 10:38:00,387.822972,TAKE_PROFIT,15.208744000000024,2.0000000000000018
AON,2026-01-06 00:00:00,2026-01-07 00:00:00,0.0769230769230769,6.0,2026-01-07 09:50:00,347.755,46.80080107550961,43.92714153934435,2,695.51,340.7999,354.7101,2026-01-08 10:04:00,354.7101,TAKE_PROFIT,13.910200000000032,2.0000000000000018
ALL,2026-01-06 00:00:00,2026-01-07 00:00:00,0.0851063829787234,7.0,2026-01-07 09:56:00,208.82,52.8850785723337,46.412155130537904,4,835.28,204.6436,212.9964,2026-01-09 09:36:00,212.9964,TAKE_PROFIT,16.705600000000004,2.0000000000000018
TFC,2026-01-06 00:00:00,2026-01-07 00:00:00,0.102803738317757,9.0,2026-01-07 09:59:00,50.7021,42.487069853425936,42.278980062520795,19,963.3399000000001,49.688058,51.716142000000005,2026-01-09 15:59:00,50.61,WEEK_END_CLOSE,-1.7499000000000393,-0.18164928079902332
APH,2026-01-06 00:00:00,2026-01-07 00:00:00,0.0596990243095749,3.0,2026-01-07 10:03:00,139.315,52.93511550497265,51.53383071489946,7,975.2049999999999,136.5287,142.1013,2026-01-08 09:36:00,136.5287,STOP_LOSS,-19.50410000000008,-2.000000000000013
CSX,2026-01-06 00:00:00,2026-01-07 00:00:00,0.0442608803232337,2.0,2026-01-07 10:26:00,35.435,39.0580072809368,35.19865122077844,28,992.1800000000001,34.7263,36.1437,2026-01-09 15:59:00,35.19,WEEK_END_CLOSE,-6.860000000000127,-0.6914068011852792
PGR,2026-01-06 00:00:00,2026-01-07 00:00:00,0.1306122448979591,10.0,2026-01-07 10:32:00,212.32,50.980203131507956,44.91030272321154,4,849.28,208.0736,216.5664,2026-01-09 10:39:00,216.5664,TAKE_PROFIT,16.985599999999977,2.0000000000000018
ITW,2026-01-06 00:00:00,2026-01-07 00:00:00,0.1,8.0,2026-01-07 10:34:00,248.345,39.340696986133636,35.31437925605453,4,993.38,243.3781,253.3119,2026-01-08 12:34:00,253.3119,TAKE_PROFIT,19.86760000000004,2.0000000000000018
APH,2026-01-07 00:00:00,2026-01-08 00:00:00,0.084694204290746,7.0,2026-01-08 09:51:00,135.705,37.85952047443258,36.88683218490678,7,949.9350000000001,132.9909,138.41910000000001,2026-01-09 09:36:00,138.41910000000001,TAKE_PROFIT,18.998700000000014,2.0000000000000018
APD,2026-01-07 00:00:00,2026-01-08 00:00:00,0.0935251798561151,9.0,2026-01-08 09:52:00,262.72,54.99611163027377,53.369414156861275,3,788.1600000000001,257.4656,267.97440000000006,2026-01-09 15:59:00,263.73,WEEK_END_CLOSE,3.0299999999999727,0.3844397076735673
JCI,2026-01-07 00:00:00,2026-01-08 00:00:00,0.1014851485148514,10.0,2026-01-08 09:57:00,112.17,43.27115690982238,43.20981239540008,8,897.36,109.9266,114.41340000000001,2026-01-09 15:59:00,110.85,WEEK_END_CLOSE,-10.56000000000006,-1.176785236694311
MPC,2026-01-07 00:00:00,2026-01-08 00:00:00,0.0849825378346915,8.0,2026-01-08 10:10:00,172.67,51.85515018535081,50.32360560967927,5,863.3499999999999,169.21659999999997,176.1234,2026-01-08 12:50:00,176.1234,TAKE_PROFIT,17.26700000000008,2.0000000000000018
KMI,2026-01-07 00:00:00,2026-01-08 00:00:00,0.053913281030439,4.0,2026-01-08 10:15:00,27.25,56.35127215965095,50.64754910698583,36,981.0,26.705,27.795,2026-01-09 15:59:00,27.13,WEEK_END_CLOSE,-4.320000000000036,-0.4403669724770687
FDX,2026-01-07 00:00:00,2026-01-08 00:00:00,0.0140403752443886,1.0,2026-01-08 10:16:00,312.2,59.39652597837819,56.810736146129415,3,936.5999999999999,305.95599999999996,318.444,2026-01-09 09:42:00,318.444,TAKE_PROFIT,18.732000000000085,2.0000000000000018
AON,2026-01-07 00:00:00,2026-01-08 00:00:00,0.0555555555555555,5.0,2026-01-08 10:25:00,353.45,51.818335305494756,51.80355077677033,2,706.9,346.381,360.519,2026-01-09 15:59:00,350.79,WEEK_END_CLOSE,-5.319999999999936,-0.752581694723431
EQIX,2026-01-07 00:00:00,2026-01-08 00:00:00,0.0350877192982456,3.0,2026-01-08 10:53:00,778.69,51.85085239790897,50.14718536939102,1,778.69,763.1162,794.2638000000001,2026-01-09 09:42:00,794.2638000000001,TAKE_PROFIT,15.573800000000006,2.0000000000000018
MSI,2026-01-07 00:00:00,2026-01-08 00:00:00,0.0555555555555555,6.0,2026-01-08 11:47:00,385.055,50.88230008306685,45.66030732078499,2,770.11,377.3539,392.7561,2026-01-09 15:59:00,383.29,WEEK_END_CLOSE,-3.5299999999999727,-0.4583760761449618
MPC,2026-01-07 00:00:00,2026-01-08 00:00:00,0.0849825378346915,8.0,2026-01-08 13:15:00,178.29,71.82490062003876,70.89546629531218,5,891.4499999999999,174.7242,181.8558,2026-01-09 10:06:00,174.7242,STOP_LOSS,-17.82899999999998,-2.0000000000000018
SPGI,2026-01-08 00:00:00,2026-01-09 00:00:00,0.0326913199794555,5.0,2026-01-09 09:46:00,543.84,50.206052870852446,48.19895964605391,1,543.84,532.9632,554.7168,2026-01-09 15:59:00,541.95,WEEK_END_CLOSE,-1.8899999999999864,-0.3475286849073278
FDX,2026-01-08 00:00:00,2026-01-09 00:00:00,0.017842300475507,2.0,2026-01-09 09:48:00,315.23,56.34601920333003,55.946491306392005,3,945.69,308.9254,321.5346,2026-01-09 15:59:00,312.36,WEEK_END_CLOSE,-8.610000000000014,-0.9104463407670571
ITW,2026-01-08 00:00:00,2026-01-09 00:00:00,0.0,1.0,2026-01-09 09:48:00,253.01,44.07023213926862,42.60837793312589,3,759.03,247.94979999999998,258.0702,2026-01-09 15:59:00,255.08,WEEK_END_CLOSE,6.210000000000065,0.8181494802577127
ORLY,2026-01-08 00:00:00,2026-01-09 00:00:00,0.0379746835443038,6.0,2026-01-09 09:51:00,92.42,58.44471161499045,52.18017288250883,10,924.2,90.5716,94.2684,2026-01-09 15:59:00,93.8,WEEK_END_CLOSE,13.799999999999955,1.4931832936593725
T,2026-01-08 00:00:00,2026-01-09 00:00:00,0.0773854045938337,10.0,2026-01-09 09:51:00,24.225,49.517960716228046,45.50121674295445,41,993.225,23.7405,24.709500000000002,2026-01-09 15:59:00,23.985,WEEK_END_CLOSE,-9.840000000000082,-0.9907120743034126
ICE,2026-01-08 00:00:00,2026-01-09 00:00:00,0.0196078431372549,3.0,2026-01-09 10:05:00,163.74,52.46664367833462,50.99197774225409,6,982.44,160.4652,167.0148,2026-01-09 15:59:00,165.98,WEEK_END_CLOSE,13.439999999999884,1.3680224746549285
MPC,2026-01-08 00:00:00,2026-01-09 00:00:00,0.0745715609078277,9.0,2026-01-09 10:22:00,175.19,45.28191736784332,41.04558303681035,5,875.95,171.68619999999999,178.6938,2026-01-09 15:59:00,176.26,WEEK_END_CLOSE,5.349999999999966,0.6107654546492425
DUK,2026-01-08 00:00:00,2026-01-09 00:00:00,0.0689655172413793,8.0,2026-01-09 10:53:00,117.2,46.43620206926159,45.25292131953697,8,937.6,114.856,119.54400000000001,2026-01-09 15:59:00,116.815,WEEK_END_CLOSE,-3.080000000000041,-0.32849829351536686
FDX,2026-01-09 00:00:00,2026-01-12 00:00:00,0.0043838141713786,1.0,2026-01-12 09:45:00,312.06,57.093740112810025,49.6642503248746,3,936.1800000000001,305.8188,318.3012,2026-01-16 15:59:00,308.27,WEEK_END_CLOSE,-11.370000000000061,-1.2145100301224176
KMI,2026-01-09 00:00:00,2026-01-12 00:00:00,0.124134326452321,10.0,2026-01-12 09:45:00,27.1737,51.55671895646612,49.23319422947242,36,978.2532,26.630226,27.717174,2026-01-14 10:11:00,27.717174,TAKE_PROFIT,19.565063999999992,2.0000000000000018
ADP,2026-01-09 00:00:00,2026-01-12 00:00:00,0.0643410952276979,5.0,2026-01-12 09:52:00,264.135,39.00548219544,38.37523209511855,3,792.405,258.8523,269.41769999999997,2026-01-13 10:45:00,258.8523,STOP_LOSS,-15.848099999999931,-1.9999999999999907
MPC,2026-01-09 00:00:00,2026-01-12 00:00:00,0.1,7.0,2026-01-12 09:52:00,175.27,48.29568290451527,43.451067695638244,5,876.35,171.7646,178.77540000000002,2026-01-13 11:16:00,178.77540000000002,TAKE_PROFIT,17.527000000000044,2.0000000000000018
DHR,2026-01-09 00:00:00,2026-01-12 00:00:00,0.0206297437402059,2.0,2026-01-12 10:05:00,238.97,60.113640585994084,58.31884398789794,4,955.88,234.1906,243.7494,2026-01-13 11:47:00,234.1906,STOP_LOSS,-19.11760000000004,-2.0000000000000018
SPGI,2026-01-09 00:00:00,2026-01-12 00:00:00,0.0936507936507936,6.0,2026-01-12 10:09:00,543.045,50.59009968956617,47.78192037693578,1,543.045,532.1841,553.9059,2026-01-16 15:59:00,546.3,WEEK_END_CLOSE,3.2549999999999955,0.5993978399580158
MSI,2026-01-09 00:00:00,2026-01-12 00:00:00,0.058252427184466,4.0,2026-01-12 10:11:00,385.83,56.46072781530037,51.947425933750424,2,771.66,378.11339999999996,393.5466,2026-01-15 09:31:00,393.5466,TAKE_PROFIT,15.433200000000056,2.0000000000000018
AFL,2026-01-09 00:00:00,2026-01-12 00:00:00,0.1008470353761833,8.0,2026-01-12 10:16:00,109.69,51.20356182965021,46.66092238704134,9,987.21,107.4962,111.8838,2026-01-13 15:00:00,107.49,STOP_LOSS_GAP,-19.800000000000026,-2.005652292825233
TRV,2026-01-09 00:00:00,2026-01-12 00:00:00,0.1111111111111111,9.0,2026-01-12 10:19:00,282.09,52.23898128014929,47.09035324302049,3,846.27,276.4482,287.73179999999996,2026-01-13 11:00:00,276.44,STOP_LOSS_GAP,-16.949999999999932,-2.002906873692789
CB,2026-01-09 00:00:00,2026-01-12 00:00:00,0.0253807106598984,3.0,2026-01-12 10:26:00,308.22,48.1598340907581,46.571671005013094,3,924.6600000000001,302.0556,314.3844,2026-01-13 12:04:00,302.0556,STOP_LOSS,-18.4932,-2.0000000000000018
EMR,2026-01-12 00:00:00,2026-01-13 00:00:00,0.0398671096345514,5.0,2026-01-13 09:46:00,146.51,59.305689601183666,55.488272888409114,6,879.06,143.57979999999998,149.4402,2026-01-15 09:30:00,150.01,TAKE_PROFIT_GAP,21.0,2.388915432393701
JCI,2026-01-12 00:00:00,2026-01-13 00:00:00,0.0211267605633802,1.0,2026-01-13 09:48:00,111.72,51.50582679902586,50.299686904335395,8,893.76,109.48559999999999,113.9544,2026-01-16 09:30:00,113.9544,TAKE_PROFIT,17.875200000000063,2.0000000000000018
ICE,2026-01-12 00:00:00,2026-01-13 00:00:00,0.0244252873563218,3.0,2026-01-13 09:50:00,165.67,43.3652590861555,42.09044817906293,6,994.02,162.3566,168.9834,2026-01-14 10:08:00,168.9834,TAKE_PROFIT,19.88040000000001,2.0000000000000018
PLD,2026-01-12 00:00:00,2026-01-13 00:00:00,0.0803571428571428,8.0,2026-01-13 09:56:00,128.57,44.311710514688805,40.073142879949536,7,899.99,125.9986,131.1414,2026-01-14 09:38:00,131.1414,TAKE_PROFIT,17.99980000000008,2.0000000000000018
AMT,2026-01-12 00:00:00,2026-01-13 00:00:00,0.0808678500986193,9.0,2026-01-13 10:14:00,170.29,51.28511837459908,49.901573080985955,5,851.4499999999999,166.8842,173.6958,2026-01-13 15:53:00,173.6958,TAKE_PROFIT,17.028999999999996,2.0000000000000018
TMO,2026-01-12 00:00:00,2026-01-13 00:00:00,0.0571428571428571,7.0,2026-01-13 10:18:00,614.02,59.60275076436665,55.62897178562711,1,614.02,601.7396,626.3004,2026-01-13 12:39:00,601.7396,STOP_LOSS,-12.280399999999986,-2.0000000000000018
CRH,2026-01-12 00:00:00,2026-01-13 00:00:00,0.0881024096385542,10.0,2026-01-13 10:21:00,126.76,43.17193008523961,42.06612927767978,7,887.32,124.2248,129.2952,2026-01-14 10:35:00,124.21,STOP_LOSS_GAP,-17.85000000000008,-2.01167560744715
MPC,2026-01-12 00:00:00,2026-01-13 00:00:00,0.0228484386900228,2.0,2026-01-13 11:22:00,178.05,52.88985049648368,52.863644458523964,5,890.25,174.489,181.61100000000002,2026-01-14 10:13:00,181.61100000000002,TAKE_PROFIT,17.805000000000035,2.0000000000000018
TMO,2026-01-12 00:00:00,2026-01-13 00:00:00,0.0571428571428571,7.0,2026-01-13 12:44:00,602.84,39.27218931040446,36.61932101948612,1,602.84,590.7832,614.8968000000001,2026-01-14 09:36:00,614.8968000000001,TAKE_PROFIT,12.056800000000067,2.0000000000000018
PCAR,2026-01-13 00:00:00,2026-01-14 00:00:00,0.1111111111111111,8.0,2026-01-14 09:48:00,119.99,56.931239157713165,56.76449572538634,8,959.92,117.5902,122.3898,2026-01-15 11:21:00,122.3898,TAKE_PROFIT,19.198399999999992,2.0000000000000018
CDNS,2026-01-13 00:00:00,2026-01-14 00:00:00,0.0503355704697986,3.0,2026-01-14 09:54:00,315.03,39.809821695489504,38.16527408109757,3,945.0899999999999,308.72939999999994,321.3306,2026-01-15 09:40:00,321.3306,TAKE_PROFIT,18.901800000000094,2.0000000000000018
COP,2026-01-13 00:00:00,2026-01-14 00:00:00,0.1067143221853459,7.0,2026-01-14 10:06:00,100.02,65.19116284646898,60.43182137741634,9,900.18,98.0196,102.0204,2026-01-16 09:30:00,97.5,STOP_LOSS_GAP,-22.679999999999964,-2.519496100779839
SCHW,2026-01-13 00:00:00,2026-01-14 00:00:00,0.0787316942093242,4.0,2026-01-14 10:06:00,99.9488,45.93922611054554,44.121720824208026,10,999.488,97.949824,101.947776,2026-01-15 09:30:00,102.2,TAKE_PROFIT_GAP,22.511999999999972,2.2523532048408734
MO,2026-01-13 00:00:00,2026-01-14 00:00:00,0.0892975480450629,5.0,2026-01-14 10:07:00,60.75,64.18237035786109,63.194152351324156,16,972.0,59.535,61.965,2026-01-16 15:59:00,61.76,WEEK_END_CLOSE,16.159999999999968,1.6625514403292074
RSG,2026-01-13 00:00:00,2026-01-14 00:00:00,0.1183431952662721,9.0,2026-01-14 10:12:00,210.62,60.46884012481496,54.112490218721135,4,842.48,206.4076,214.8324,2026-01-16 15:59:00,210.94,WEEK_END_CLOSE,1.2799999999999727,0.1519323900864178
HWM,2026-01-13 00:00:00,2026-01-14 00:00:00,0.09375,6.0,2026-01-14 10:42:00,219.96,53.15450490903998,49.555583812349866,4,879.84,215.5608,224.35920000000002,2026-01-15 09:30:00,224.35920000000002,TAKE_PROFIT,17.59680000000003,2.0000000000000018
PEP,2026-01-13 00:00:00,2026-01-14 00:00:00,0.1229797979797979,10.0,2026-01-14 10:42:00,145.855,64.9087610155994,63.37777399614606,6,875.1299999999999,142.93789999999998,148.7721,2026-01-16 15:59:00,146.31,WEEK_END_CLOSE,2.730000000000075,0.31195365260019425
AEP,2026-01-14 00:00:00,2026-01-15 00:00:00,0.01859410430839,2.0,2026-01-15 09:45:00,118.06,49.685978412375356,44.614785455601215,8,944.48,115.6988,120.4212,2026-01-16 15:59:00,119.96,WEEK_END_CLOSE,15.199999999999932,1.609351177367424
LIN,2026-01-14 00:00:00,2026-01-15 00:00:00,0.019873532068654,3.0,2026-01-15 09:45:00,441.015,56.770724191980634,54.879644911473065,2,882.03,432.19469999999995,449.8353,2026-01-16 15:59:00,438.94,WEEK_END_CLOSE,-4.149999999999977,-0.47050553836036624
AFL,2026-01-14 00:00:00,2026-01-15 00:00:00,0.0014430014430014,1.0,2026-01-15 09:49:00,110.45,54.8613252525952,53.63340067543127,9,994.0500000000001,108.241,112.659,2026-01-16 15:59:00,109.5,WEEK_END_CLOSE,-8.550000000000026,-0.860117700316887
T,2026-01-14 00:00:00,2026-01-15 00:00:00,0.0739386427022001,10.0,2026-01-15 09:55:00,23.57,53.79809079476811,44.190175398480235,42,989.94,23.0986,24.0414,2026-01-16 15:59:00,23.495,WEEK_END_CLOSE,-3.14999999999997,-0.3182011030971599
ROST,2026-01-14 00:00:00,2026-01-15 00:00:00,0.0298507462686567,7.0,2026-01-15 10:01:00,193.305,71.55047120828324,63.450151122230444,5,966.5250000000001,189.4389,197.17110000000002,2026-01-16 15:59:00,192.35,WEEK_END_CLOSE,-4.7750000000000625,-0.4940379193502542
CME,2026-01-14 00:00:00,2026-01-15 00:00:00,0.0557575757575757,9.0,2026-01-15 10:09:00,273.43,52.108451549146714,47.25269219928361,3,820.29,267.9614,278.8986,2026-01-16 14:10:00,278.8986,TAKE_PROFIT,16.405799999999942,2.0000000000000018
WMB,2026-01-14 00:00:00,2026-01-15 00:00:00,0.027923917442331,6.0,2026-01-15 10:33:00,60.78,54.344436828087034,48.57909682170623,16,972.48,59.5644,61.9956,2026-01-16 15:59:00,61.54,WEEK_END_CLOSE,12.159999999999968,1.2504113195130007
ETN,2026-01-14 00:00:00,2026-01-15 00:00:00,0.0440134278254382,8.0,2026-01-15 10:58:00,336.88,56.86945943350726,49.62208423286394,2,673.76,330.1424,343.6176,2026-01-16 09:34:00,343.6176,TAKE_PROFIT,13.475199999999973,2.0000000000000018
PCAR,2026-01-14 00:00:00,2026-01-15 00:00:00,0.0211538461538461,5.0,2026-01-15 12:06:00,122.185,61.321434927249086,57.769611100158535,8,977.48,119.7413,124.62870000000001,2026-01-16 15:59:00,121.37,WEEK_END_CLOSE,-6.519999999999982,-0.6670213201293129
EMR,2026-01-15 00:00:00,2026-01-16 00:00:00,0.0260115606936416,4.0,2026-01-16 09:52:00,149.74,57.69260433869792,54.89005108412477,6,898.44,146.7452,152.7348,2026-01-16 15:59:00,149.44,WEEK_END_CLOSE,-1.8000000000000682,-0.2003472685989105
KMI,2026-01-15 00:00:00,2026-01-16 00:00:00,0.0577586206896551,8.0,2026-01-16 09:55:00,27.66,54.18360451507316,52.97637594005556,36,995.76,27.1068,28.2132,2026-01-16 15:59:00,27.95,WEEK_END_CLOSE,10.43999999999997,1.0484454085321726
CSX,2026-01-15 00:00:00,2026-01-16 00:00:00,0.0193423597678916,3.0,2026-01-16 09:56:00,36.34,51.007132511866295,50.353558773414086,27,981.1800000000001,35.613200000000006,37.0668,2026-01-16 15:59:00,36.235,WEEK_END_CLOSE,-2.8350000000001074,-0.2889378095762396
AON,2026-01-15 00:00:00,2026-01-16 00:00:00,0.0526315789473684,7.0,2026-01-16 10:04:00,342.04,51.332577204004075,49.46908333902741,2,684.08,335.1992,348.8808,2026-01-16 15:59:00,343.87,WEEK_END_CLOSE,3.659999999999968,0.5350251432580944
CMCSA,2026-01-15 00:00:00,2026-01-16 00:00:00,0.0021736643404644,1.0,2026-01-16 10:10:00,27.97,56.66875692023056,38.32944303718135,35,978.9499999999999,27.4106,28.5294,2026-01-16 15:59:00,27.82,WEEK_END_CLOSE,-5.24999999999995,-0.5362888809438582
MCO,2026-01-15 00:00:00,2026-01-16 00:00:00,0.08,10.0,2026-01-16 10:14:00,536.84,53.24961038155252,51.501947786471284,1,536.84,526.1032,547.5768,2026-01-16 15:59:00,538.87,WEEK_END_CLOSE,2.0299999999999727,0.378138737798972
CME,2026-01-15 00:00:00,2026-01-16 00:00:00,0.048841059602649,5.0,2026-01-16 14:24:00,278.98,59.040533230313336,58.05782685349267,3,836.94,273.4004,284.55960000000005,2026-01-16 15:59:00,279.52,WEEK_END_CLOSE,1.6199999999998909,0.19356226252775777
KMI,2026-01-16 00:00:00,2026-01-20 00:00:00,0.0242252291575731,8.0,2026-01-20 09:49:00,27.975,47.66295678172511,47.15370774295324,35,979.125,27.4155,28.5345,2026-01-21 09:33:00,28.5345,TAKE_PROFIT,19.582499999999996,2.0000000000000018
MDLZ,2026-01-16 00:00:00,2026-01-20 00:00:00,0.0084602368866328,5.0,2026-01-20 09:49:00,57.22,53.59749594851833,47.54972791398327,17,972.74,56.075599999999994,58.3644,2026-01-23 15:55:00,58.3644,TAKE_PROFIT,19.454800000000077,2.0000000000000018
PH,2026-01-16 00:00:00,2026-01-20 00:00:00,0.0175284837861524,6.0,2026-01-20 09:50:00,931.3,43.04100909924089,42.54992852651597,1,931.3,912.674,949.9259999999999,2026-01-21 14:29:00,949.9259999999999,TAKE_PROFIT,18.625999999999976,2.0000000000000018
TEL,2026-01-16 00:00:00,2026-01-20 00:00:00,0.0257510729613733,9.0,2026-01-20 09:50:00,238.08,40.511631807901,38.00502334233075,4,952.32,233.3184,242.84160000000003,2026-01-20 14:57:00,233.3184,STOP_LOSS,-19.046400000000062,-2.0000000000000018
APO,2026-01-16 00:00:00,2026-01-20 00:00:00,0.0051849291393017,3.0,2026-01-20 09:51:00,142.34,45.27657105070328,43.259583034099926,7,996.38,139.4932,145.1868,2026-01-20 12:35:00,139.4932,STOP_LOSS,-19.927600000000012,-2.0000000000000018
ALL,2026-01-16 00:00:00,2026-01-20 00:00:00,0.0204081632653061,7.0,2026-01-20 09:54:00,194.555,54.179404443508744,51.988270837769086,5,972.7750000000001,190.6639,198.4461,2026-01-23 15:59:00,193.61,WEEK_END_CLOSE,-4.724999999999966,-0.48572383130733865
AEP,2026-01-16 00:00:00,2026-01-20 00:00:00,0.0051260145237078,2.0,2026-01-20 10:01:00,118.5,41.545225783329215,41.437360941720655,8,948.0,116.13,120.87,2026-01-23 09:52:00,116.13,STOP_LOSS,-18.960000000000036,-2.0000000000000018
SPGI,2026-01-16 00:00:00,2026-01-20 00:00:00,0.0265486725663716,10.0,2026-01-20 10:02:00,541.41,39.84002689654431,39.70576152675043,1,541.41,530.5817999999999,552.2382,2026-01-20 12:43:00,530.5817999999999,STOP_LOSS,-10.828200000000038,-2.0000000000000018
FDX,2026-01-16 00:00:00,2026-01-20 00:00:00,0.0083876980428704,4.0,2026-01-20 10:13:00,308.05,45.79020130693056,42.72597840249268,3,924.1500000000001,301.889,314.211,2026-01-20 13:54:00,301.81,STOP_LOSS_GAP,-18.720000000000027,-2.0256451874695713
PCAR,2026-01-16 00:00:00,2026-01-20 00:00:00,0.0,1.0,2026-01-20 10:15:00,119.79,49.497491162675445,45.29173244943219,8,958.32,117.3942,122.18580000000001,2026-01-21 13:49:00,122.18580000000001,TAKE_PROFIT,19.166400000000067,2.0000000000000018
APO,2026-01-16 00:00:00,2026-01-20 00:00:00,0.0051849291393017,3.0,2026-01-20 12:52:00,139.355,37.10894753936598,32.22230893253361,7,975.4849999999999,136.56789999999998,142.1421,2026-01-23 10:46:00,136.56,STOP_LOSS_GAP,-19.564999999999912,-2.0056689749201606
SPGI,2026-01-16 00:00:00,2026-01-20 00:00:00,0.0265486725663716,10.0,2026-01-20 12:54:00,529.68,38.67342858185439,36.28548728977523,1,529.68,519.0863999999999,540.2736,2026-01-20 14:04:00,519.0863999999999,STOP_LOSS,-10.593600000000038,-2.0000000000000018
FDX,2026-01-16 00:00:00,2026-01-20 00:00:00,0.0083876980428704,4.0,2026-01-20 13:55:00,302.015,35.59790014271256,33.84849786034688,3,906.045,295.9747,308.0553,2026-01-21 10:45:00,308.0553,TAKE_PROFIT,18.120900000000006,2.0000000000000018
SPGI,2026-01-16 00:00:00,2026-01-20 00:00:00,0.0265486725663716,10.0,2026-01-20 14:52:00,522.85,50.41363892836413,47.33044950481569,1,522.85,512.393,533.307,2026-01-22 09:30:00,533.307,TAKE_PROFIT,10.456999999999994,2.0000000000000018
TEL,2026-01-16 00:00:00,2026-01-20 00:00:00,0.0257510729613733,9.0,2026-01-20 15:01:00,233.4975,43.88693757122362,39.37859680807458,4,933.99,228.82755,238.16745,2026-01-21 09:30:00,226.79,STOP_LOSS_GAP,-26.83000000000004,-2.8726217625456463
CVS,2026-01-20 00:00:00,2026-01-21 00:00:00,0.0230400144848814,3.0,2026-01-21 09:45:00,80.66,55.430334091053794,55.16236642090428,12,967.92,79.04679999999999,82.2732,2026-01-22 14:05:00,82.2732,TAKE_PROFIT,19.358400000000074,2.0000000000000018
NOW,2026-01-20 00:00:00,2026-01-21 00:00:00,0.1350791414601806,10.0,2026-01-21 09:45:00,126.143,53.019569116820136,47.30697165703922,7,883.001,123.62013999999999,128.66586,2026-01-22 14:06:00,128.66586,TAKE_PROFIT,17.66002000000006,2.0000000000000018
SO,2026-01-20 00:00:00,2026-01-21 00:00:00,0.0883392226148409,6.0,2026-01-21 09:49:00,89.2,56.45371756848331,53.868241529008365,11,981.2,87.416,90.98400000000001,2026-01-22 15:55:00,87.416,STOP_LOSS,-19.624000000000066,-2.0000000000000018
CTAS,2026-01-20 00:00:00,2026-01-21 00:00:00,0.0134328358208955,1.0,2026-01-21 09:55:00,194.475,55.89215592900172,54.139064048553145,5,972.375,190.5855,198.3645,2026-01-23 15:59:00,192.9,WEEK_END_CLOSE,-7.874999999999943,-0.8098727342846113
HPE,2026-01-20 00:00:00,2026-01-21 00:00:00,0.0914454277286135,7.0,2026-01-21 09:56:00,20.685,59.044442456780445,58.654577227449515,48,992.8799999999999,20.2713,21.098699999999997,2026-01-21 15:55:00,21.098699999999997,TAKE_PROFIT,19.857599999999934,2.0000000000000018
BSX,2026-01-20 00:00:00,2026-01-21 00:00:00,0.0792264504054897,5.0,2026-01-21 09:57:00,91.305,54.66374476688071,52.29730845840421,10,913.0500000000001,89.47890000000001,93.1311,2026-01-23 15:59:00,92.5,WEEK_END_CLOSE,11.949999999999932,1.308800175236846
CSCO,2026-01-20 00:00:00,2026-01-21 00:00:00,0.1165246387550944,8.0,2026-01-21 10:13:00,74.1129,62.43547311731889,57.32681057687152,13,963.4676999999999,72.630642,75.595158,2026-01-23 15:59:00,74.58,WEEK_END_CLOSE,6.072300000000027,0.6302546520241536
CDNS,2026-01-20 00:00:00,2026-01-21 00:00:00,0.0539772727272727,4.0,2026-01-21 10:16:00,310.4358,58.152484650734074,56.09151875914977,3,931.3073999999999,304.227084,316.64451599999995,2026-01-22 09:30:00,317.0,TAKE_PROFIT_GAP,19.692600000000084,2.114511277372011
CME,2026-01-21 00:00:00,2026-01-22 00:00:00,0.0543478260869565,5.0,2026-01-22 09:46:00,279.475,49.898135544975005,48.2036986239873,3,838.4250000000001,273.88550000000004,285.0645,2026-01-23 15:59:00,282.73,WEEK_END_CLOSE,9.764999999999986,1.1646837820914246
WMB,2026-01-21 00:00:00,2026-01-22 00:00:00,0.0808823529411764,7.0,2026-01-22 09:48:00,63.63,59.60661416917537,58.11029470315083,15,954.45,62.3574,64.9026,2026-01-23 10:18:00,64.9026,TAKE_PROFIT,19.089000000000063,2.0000000000000018
VZ,2026-01-21 00:00:00,2026-01-22 00:00:00,0.04297273124363,3.0,2026-01-22 09:49:00,39.36,55.00802611734444,51.259598196019525,25,984.0,38.5728,40.1472,2026-01-23 15:59:00,39.52,WEEK_END_CLOSE,4.000000000000092,0.40650406504065817
MDT,2026-01-21 00:00:00,2026-01-22 00:00:00,0.0235294117647058,2.0,2026-01-22 09:58:00,100.73,49.1097066488916,47.98417633628891,9,906.57,98.7154,102.7446,2026-01-23 15:59:00,100.91,WEEK_END_CLOSE,1.6199999999999335,0.17869552268439115
BMY,2026-01-21 00:00:00,2026-01-22 00:00:00,0.1131628787878787,9.0,2026-01-22 09:59:00,55.075,60.42938946269422,55.95368209464615,18,991.35,53.9735,56.176500000000004,2026-01-23 15:59:00,54.645,WEEK_END_CLOSE,-7.739999999999995,-0.7807535179300995
NEE,2026-01-21 00:00:00,2026-01-22 00:00:00,0.1210084033613445,10.0,2026-01-22 10:13:00,83.985,53.51552149519113,51.16862462091673,11,923.835,82.3053,85.6647,2026-01-23 15:59:00,84.81,WEEK_END_CLOSE,9.075000000000031,0.982318271119853
ROST,2026-01-21 00:00:00,2026-01-22 00:00:00,0.0227272727272727,1.0,2026-01-22 10:20:00,190.295,45.53032926299673,45.359218506704146,5,951.4749999999999,186.48909999999998,194.1009,2026-01-22 15:41:00,186.48909999999998,STOP_LOSS,-19.02950000000004,-2.0000000000000018
CVS,2026-01-21 00:00:00,2026-01-22 00:00:00,0.0767543859649122,6.0,2026-01-22 15:02:00,82.1932,51.459188139350594,50.72094667830792,12,986.3184000000001,80.549336,83.83706400000001,2026-01-23 15:59:00,83.015,WEEK_END_CLOSE,9.861599999999953,0.9998394027729729
CDNS,2026-01-22 00:00:00,2026-01-23 00:00:00,0.0391173520561685,1.0,2026-01-23 09:48:00,314.74,52.432791231447524,47.031413971720035,3,944.22,308.4452,321.0348,2026-01-23 11:03:00,321.0348,TAKE_PROFIT,18.884400000000028,2.0000000000000018
FDX,2026-01-22 00:00:00,2026-01-23 00:00:00,0.1126543209876543,6.0,2026-01-23 09:54:00,307.5299,50.160134411019975,43.6358682533513,3,922.5897,301.379302,313.680498,2026-01-23 15:59:00,304.04,WEEK_END_CLOSE,-10.469699999999932,-1.1348164845109254
UPS,2026-01-22 00:00:00,2026-01-23 00:00:00,0.0504749487800335,2.0,2026-01-23 09:56:00,108.62,47.14867616178138,45.87216336727037,9,977.58,106.44760000000001,110.7924,2026-01-23 15:59:00,107.94,WEEK_END_CLOSE,-6.120000000000061,-0.6260357208617284
SPGI,2026-01-22 00:00:00,2026-01-23 00:00:00,0.064516129032258,4.0,2026-01-23 09:57:00,537.44,50.70511157544012,50.154037213091186,1,537.44,526.6912000000001,548.1888,2026-01-23 15:59:00,533.6,WEEK_END_CLOSE,-3.840000000000032,-0.7144983626079293
CMCSA,2026-01-22 00:00:00,2026-01-23 00:00:00,0.0610367892976588,3.0,2026-01-23 10:05:00,28.95,51.624363427235494,51.601552505149016,34,984.3,28.371,29.529,2026-01-23 15:59:00,29.32,WEEK_END_CLOSE,12.580000000000034,1.2780656303972293
BRK.B,2026-01-22 00:00:00,2026-01-23 00:00:00,0.1308710033076075,8.0,2026-01-23 10:12:00,481.12,44.656733691274844,43.60149420781072,2,962.24,471.4976,490.74240000000003,2026-01-23 15:59:00,479.34,WEEK_END_CLOSE,-3.560000000000059,-0.3699700698370556
WMB,2026-01-22 00:00:00,2026-01-23 00:00:00,0.0956937799043062,5.0,2026-01-23 10:54:00,64.84,56.95074280214744,56.1271798600333,15,972.6,63.5432,66.13680000000001,2026-01-23 15:59:00,64.96,WEEK_END_CLOSE,1.799999999999855,0.18507094386179812
CDNS,2026-01-22 00:00:00,2026-01-23 00:00:00,0.0391173520561685,1.0,2026-01-23 11:10:00,321.285,64.65460858329628,60.78786739185629,3,963.855,314.8593,327.71070000000003,2026-01-23 15:59:00,318.24,WEEK_END_CLOSE,-9.135000000000048,-0.9477566646435509
SPGI,2026-01-23 00:00:00,2026-01-26 00:00:00,0.005524861878453,1.0,2026-01-26 09:47:00,533.35,51.18146794458442,50.991094504054026,1,533.35,522.683,544.017,2026-01-29 11:08:00,522.683,STOP_LOSS,-10.66700000000003,-2.0000000000000018
KKR,2026-01-23 00:00:00,2026-01-26 00:00:00,0.0583941605839416,6.0,2026-01-26 09:49:00,121.135,51.42052482008278,51.30004257175279,8,969.08,118.7123,123.55770000000001,2026-01-26 10:12:00,118.7123,STOP_LOSS,-19.38160000000005,-2.0000000000000018
BSX,2026-01-23 00:00:00,2026-01-26 00:00:00,0.0747126436781609,9.0,2026-01-26 09:54:00,92.985,64.4194117540456,62.46031436873032,10,929.85,91.1253,94.8447,2026-01-30 15:59:00,93.59,WEEK_END_CLOSE,6.05000000000004,0.6506425767596857
CRH,2026-01-23 00:00:00,2026-01-26 00:00:00,0.0364963503649635,5.0,2026-01-26 09:54:00,123.95,61.62854881218049,59.276243216899715,8,991.6,121.471,126.429,2026-01-28 10:48:00,121.471,STOP_LOSS,-19.831999999999994,-2.0000000000000018
MDLZ,2026-01-23 00:00:00,2026-01-26 00:00:00,0.018348623853211,2.0,2026-01-26 09:54:00,58.715,61.23999896347274,60.73040675554349,17,998.1550000000001,57.5407,59.889300000000006,2026-01-27 15:25:00,59.889300000000006,TAKE_PROFIT,19.96310000000004,2.0000000000000018
ABNB,2026-01-23 00:00:00,2026-01-26 00:00:00,0.0837625372729737,10.0,2026-01-26 09:58:00,132.56,51.07471986131748,46.07421604578379,7,927.9200000000001,129.9088,135.2112,2026-01-30 09:47:00,129.9088,STOP_LOSS,-18.55839999999992,-1.9999999999999907
GD,2026-01-23 00:00:00,2026-01-26 00:00:00,0.0672268907563025,7.0,2026-01-26 10:02:00,363.4243,52.38377607265524,48.228010429679635,2,726.8486,356.155814,370.692786,2026-01-28 09:31:00,351.79,STOP_LOSS_GAP,-23.268599999999992,-3.201299417787973
FDX,2026-01-23 00:00:00,2026-01-26 00:00:00,0.0323275862068965,3.0,2026-01-26 10:04:00,302.3775,46.26618110636588,45.68840851292984,3,907.1324999999999,296.32995,308.42505,2026-01-27 09:40:00,308.42505,TAKE_PROFIT,18.142650000000003,2.0000000000000018
CI,2026-01-23 00:00:00,2026-01-26 00:00:00,0.0730337078651685,8.0,2026-01-26 10:13:00,277.9,47.538271026502166,47.49652375189303,3,833.6999999999999,272.342,283.45799999999997,2026-01-27 09:39:00,272.342,STOP_LOSS,-16.673999999999978,-2.0000000000000018
KKR,2026-01-23 00:00:00,2026-01-26 00:00:00,0.0583941605839416,6.0,2026-01-26 10:21:00,119.0,42.5028245572498,41.624636241698816,8,952.0,116.62,121.38,2026-01-27 09:57:00,116.62,STOP_LOSS,-19.039999999999964,-1.9999999999999907
CDNS,2026-01-23 00:00:00,2026-01-26 00:00:00,0.0333642261353104,4.0,2026-01-26 11:03:00,321.95,59.19328343744411,57.43977462858659,3,965.8499999999999,315.51099999999997,328.389,2026-01-29 09:30:00,315.51099999999997,STOP_LOSS,-19.317000000000064,-2.0000000000000018
AFL,2026-01-26 00:00:00,2026-01-27 00:00:00,0.0260416666666666,1.0,2026-01-27 09:52:00,108.9799,57.1844225188495,51.63400612319396,9,980.8191,106.800302,111.159498,2026-01-30 15:31:00,111.159498,TAKE_PROFIT,19.616381999999987,2.0000000000000018
ORCL,2026-01-26 00:00:00,2026-01-27 00:00:00,0.1738894907908992,9.0,2026-01-27 09:52:00,175.92,35.355368581054876,34.84676965410203,5,879.5999999999999,172.40159999999997,179.4384,2026-01-28 09:43:00,179.4384,TAKE_PROFIT,17.59200000000007,2.0000000000000018
USB,2026-01-26 00:00:00,2026-01-27 00:00:00,0.0768970189701897,2.0,2026-01-27 10:00:00,56.155,53.93011278632862,48.4596612065549,17,954.635,55.0319,57.2781,2026-01-30 15:59:00,56.12,WEEK_END_CLOSE,-0.5950000000000628,-0.06232748642152064
SO,2026-01-26 00:00:00,2026-01-27 00:00:00,0.1186264308012487,4.0,2026-01-27 10:01:00,88.52,50.01337431879106,48.173137396881394,11,973.7199999999999,86.7496,90.29039999999999,2026-01-30 15:59:00,89.34,WEEK_END_CLOSE,9.020000000000081,0.9263443289652118
APO,2026-01-26 00:00:00,2026-01-27 00:00:00,0.0974899148363962,3.0,2026-01-27 10:07:00,129.86,48.54252570603885,48.13828659917745,7,909.0200000000001,127.26280000000001,132.45720000000003,2026-01-27 15:11:00,132.49,TAKE_PROFIT_GAP,18.409999999999968,2.0252579701216744
CI,2026-01-26 00:00:00,2026-01-27 00:00:00,0.155230596175478,8.0,2026-01-27 10:15:00,272.82,48.000066696827865,42.76338831041918,3,818.46,267.36359999999996,278.2764,2026-01-28 09:30:00,267.36359999999996,STOP_LOSS,-16.36920000000009,-2.000000000000013
CME,2026-01-26 00:00:00,2026-01-27 00:00:00,0.1240506329113924,5.0,2026-01-27 10:20:00,283.57,45.55795501205266,45.034468943121176,3,850.71,277.8986,289.2414,2026-01-29 09:30:00,289.2414,TAKE_PROFIT,17.014200000000017,2.0000000000000018
ETN,2026-01-26 00:00:00,2026-01-27 00:00:00,0.1856617647058823,10.0,2026-01-27 10:26:00,336.75,60.04584142166738,57.78939328774332,2,673.5,330.015,343.485,2026-01-28 09:40:00,343.485,TAKE_PROFIT,13.470000000000027,2.0000000000000018
BMY,2026-01-27 00:00:00,2026-01-28 00:00:00,0.1773551525873507,9.0,2026-01-28 09:46:00,55.23,47.06312581959622,44.68760433187579,18,994.14,54.1254,56.334599999999995,2026-01-30 15:59:00,55.05,WEEK_END_CLOSE,-3.239999999999995,-0.32590983161325804
HLT,2026-01-27 00:00:00,2026-01-28 00:00:00,0.1428571428571428,5.0,2026-01-28 09:48:00,297.33,63.16743765202224,60.52367095369151,3,891.99,291.3834,303.2766,2026-01-30 15:59:00,298.52,WEEK_END_CLOSE,3.569999999999993,0.40022870211549044
FTNT,2026-01-27 00:00:00,2026-01-28 00:00:00,0.127565982404692,3.0,2026-01-28 10:01:00,82.335,54.35656400989828,50.77755402252287,12,988.02,80.6883,83.98169999999999,2026-01-29 09:42:00,80.6883,STOP_LOSS,-19.760399999999947,-1.9999999999999907
CTAS,2026-01-27 00:00:00,2026-01-28 00:00:00,0.1428571428571428,4.0,2026-01-28 10:02:00,190.398,50.03862876156333,48.65739606794711,5,951.99,186.59004,194.20596,2026-01-30 15:59:00,191.36,WEEK_END_CLOSE,4.8100000000000875,0.505257408166071
HON,2026-01-27 00:00:00,2026-01-28 00:00:00,0.1437019515079834,6.0,2026-01-28 10:20:00,218.96,42.55531982634064,39.57235263252706,4,875.84,214.5808,223.3392,2026-01-29 09:30:00,223.3392,TAKE_PROFIT,17.51679999999999,2.0000000000000018
EOG,2026-01-27 00:00:00,2026-01-28 00:00:00,0.1783132530120482,10.0,2026-01-28 10:31:00,110.11,61.44775760149537,59.088987549106264,9,990.99,107.9078,112.3122,2026-01-29 09:30:00,113.83,TAKE_PROFIT_GAP,33.47999999999999,3.3784397420761003
BRK.B,2026-01-27 00:00:00,2026-01-28 00:00:00,0.159723164608495,7.0,2026-01-28 10:52:00,474.91,57.30520061648849,54.267044233092015,2,949.82,465.4118,484.4082,2026-01-30 15:59:00,480.79,WEEK_END_CLOSE,11.759999999999991,1.2381293297677454
FDX,2026-01-28 00:00:00,2026-01-29 00:00:00,0.1039697542533081,3.0,2026-01-29 09:45:00,316.84,50.55097901148799,49.52159464521435,3,950.52,310.5032,323.17679999999996,2026-01-30 15:59:00,322.27,WEEK_END_CLOSE,16.29000000000002,1.7137987627824813
CSCO,2026-01-28 00:00:00,2026-01-29 00:00:00,0.1549609810479375,9.0,2026-01-29 09:48:00,79.12,53.26372099581124,52.170967648220355,12,949.44,77.5376,80.70240000000001,2026-01-30 15:59:00,78.34,WEEK_END_CLOSE,-9.360000000000014,-0.9858442871587436
MAR,2026-01-28 00:00:00,2026-01-29 00:00:00,0.1136363636363636,6.0,2026-01-29 09:49:00,314.98,53.701521538457555,49.54321092085829,3,944.94,308.6804,321.2796,2026-01-30 15:59:00,315.405,WEEK_END_CLOSE,1.2749999999998636,0.13492920185407264
COF,2026-01-28 00:00:00,2026-01-29 00:00:00,0.1549392619757048,8.0,2026-01-29 09:51:00,219.825,44.80177716041519,43.488869385121134,4,879.3,215.42849999999999,224.2215,2026-01-30 15:59:00,219.0,WEEK_END_CLOSE,-3.2999999999999545,-0.3752985329239067
QCOM,2026-01-28 00:00:00,2026-01-29 00:00:00,0.1553358613217768,10.0,2026-01-29 09:54:00,152.4723,51.70908217582494,48.129879322572876,6,914.8337999999999,149.422854,155.52174599999998,2026-01-30 15:59:00,151.59,WEEK_END_CLOSE,-5.293799999999919,-0.5786624849234867
KMI,2026-01-28 00:00:00,2026-01-29 00:00:00,0.039212885254098,2.0,2026-01-29 09:56:00,30.445,59.62582370824185,58.433073142023545,32,974.24,29.8361,31.053900000000002,2026-01-30 15:59:00,30.48,WEEK_END_CLOSE,1.1200000000000045,0.11496140581377379
KKR,2026-01-28 00:00:00,2026-01-29 00:00:00,0.1308411214953271,7.0,2026-01-29 10:26:00,116.86,52.54680171597703,52.060511212376596,8,934.88,114.5228,119.1972,2026-01-29 11:06:00,114.5228,STOP_LOSS,-18.697599999999966,-2.0000000000000018
EOG,2026-01-28 00:00:00,2026-01-29 00:00:00,0.1095890410958904,4.0,2026-01-29 10:47:00,113.045,54.190260527202604,48.748736860889025,8,904.36,110.7841,115.30590000000001,2026-01-30 12:29:00,110.7841,STOP_LOSS,-18.087200000000053,-2.0000000000000018
KKR,2026-01-28 00:00:00,2026-01-29 00:00:00,0.1308411214953271,7.0,2026-01-29 11:11:00,114.99,45.38865028200041,38.788912531508736,8,919.92,112.69019999999999,117.2898,2026-01-30 15:59:00,114.27,WEEK_END_CLOSE,-5.759999999999991,-0.626141403600311
WMB,2026-01-28 00:00:00,2026-01-29 00:00:00,0.112,5.0,2026-01-29 11:11:00,67.29,54.2566606543394,44.632308635444446,14,942.0600000000001,65.94420000000001,68.6358,2026-01-30 13:16:00,65.94420000000001,STOP_LOSS,-18.841199999999958,-1.9999999999999907
ROST,2026-01-29 00:00:00,2026-01-30 00:00:00,0.0247349823321554,1.0,2026-01-30 09:46:00,186.645,52.70848232373469,48.18678602705739,5,933.225,182.9121,190.3779,2026-01-30 15:59:00,188.58,WEEK_END_CLOSE,9.675000000000011,1.036727477296484
UNP,2026-01-29 00:00:00,2026-01-30 00:00:00,0.1908713692946058,9.0,2026-01-30 09:51:00,232.445,54.28197171352325,47.05642942137835,4,929.78,227.7961,237.0939,2026-01-30 15:59:00,235.035,WEEK_END_CLOSE,10.360000000000014,1.1142420787713325
ABNB,2026-01-29 00:00:00,2026-01-30 00:00:00,0.1960297766749379,10.0,2026-01-30 10:05:00,130.58,54.71722546308832,50.003491064241494,7,914.0600000000001,127.96840000000002,133.19160000000002,2026-01-30 15:59:00,129.37,WEEK_END_CLOSE,-8.470000000000056,-0.9266350130188505
FTNT,2026-01-29 00:00:00,2026-01-30 00:00:00,0.117571533382245,8.0,2026-01-30 10:05:00,80.9,55.07360448453808,53.279183353888165,12,970.8000000000001,79.28200000000001,82.518,2026-01-30 15:59:00,81.26,WEEK_END_CLOSE,4.319999999999993,0.4449938195302927
CRH,2026-01-29 00:00:00,2026-01-30 00:00:00,0.0641711229946524,3.0,2026-01-30 10:08:00,122.67,50.399863952955116,46.17088183313315,8,981.36,120.2166,125.1234,2026-01-30 15:59:00,122.43,WEEK_END_CLOSE,-1.919999999999959,-0.1956468574223491
SNPS,2026-01-29 00:00:00,2026-01-30 00:00:00,0.0349946977730646,2.0,2026-01-30 10:11:00,468.45,44.80162352010396,43.98305152373305,2,936.9,459.08099999999996,477.819,2026-01-30 15:59:00,465.24,WEEK_END_CLOSE,-6.419999999999959,-0.6852385526737059
EOG,2026-01-29 00:00:00,2026-01-30 00:00:00,0.0715490243314863,4.0,2026-01-30 12:31:00,110.96,43.69721401583146,41.22518283136569,9,998.64,108.7408,113.1792,2026-01-30 15:59:00,112.13,WEEK_END_CLOSE,10.530000000000015,1.0544340302811817
WMB,2026-01-29 00:00:00,2026-01-30 00:00:00,0.0932203389830508,6.0,2026-01-30 13:24:00,65.91,43.502213568702565,40.643599104078206,15,988.65,64.59179999999999,67.2282,2026-01-30 15:57:00,67.2282,TAKE_PROFIT,19.773000000000067,2.0000000000000018
UNP,2026-01-30 00:00:00,2026-02-02 00:00:00,0.0562983814215341,8.0,2026-02-02 09:46:00,234.55,51.067943150224956,49.306260637036964,4,938.2,229.859,239.241,2026-02-03 09:41:00,239.241,TAKE_PROFIT,18.76400000000001,2.0000000000000018
CRH,2026-01-30 00:00:00,2026-02-02 00:00:00,0.05,7.0,2026-02-02 09:50:00,122.73,54.09987205030158,50.87020235554735,8,981.84,120.2754,125.1846,2026-02-03 09:32:00,125.1846,TAKE_PROFIT,19.636799999999994,2.0000000000000018
FDX,2026-01-30 00:00:00,2026-02-02 00:00:00,0.0193103448275862,2.0,2026-02-02 09:50:00,325.18,59.815720147420606,59.749151284300105,3,975.54,318.6764,331.6836,2026-02-02 10:25:00,331.6836,TAKE_PROFIT,19.510800000000017,2.0000000000000018
AFL,2026-01-30 00:00:00,2026-02-02 00:00:00,0.0104166666666666,1.0,2026-02-02 09:53:00,111.35,56.74911237305638,56.35786615486155,8,890.8,109.12299999999999,113.577,2026-02-04 10:21:00,113.577,TAKE_PROFIT,17.81600000000003,2.0000000000000018
ABBV,2026-01-30 00:00:00,2026-02-02 00:00:00,0.0654088050314465,10.0,2026-02-02 10:01:00,229.475,68.10538136792391,66.12378535472759,4,917.9,224.88549999999998,234.0645,2026-02-02 12:58:00,224.88549999999998,STOP_LOSS,-18.35800000000006,-2.0000000000000018
ADI,2026-01-30 00:00:00,2026-02-02 00:00:00,0.0366182014001077,6.0,2026-02-02 10:01:00,312.43,51.29248254657115,49.422316777263106,3,937.29,306.1814,318.6786,2026-02-03 09:30:00,318.6786,TAKE_PROFIT,18.74580000000003,2.0000000000000018
KKR,2026-01-30 00:00:00,2026-02-02 00:00:00,0.0308788598574821,3.0,2026-02-02 10:31:00,113.05,43.40143808245925,42.64417287409389,8,904.4,110.789,115.31099999999999,2026-02-03 09:33:00,110.789,STOP_LOSS,-18.087999999999965,-2.0000000000000018
MDLZ,2026-01-30 00:00:00,2026-02-02 00:00:00,0.0357142857142857,5.0,2026-02-02 10:31:00,58.45,50.750117121111,49.618317274115284,17,993.6500000000001,57.281,59.61900000000001,2026-02-03 10:25:00,59.61900000000001,TAKE_PROFIT,19.87300000000007,2.0000000000000018
SPGI,2026-01-30 00:00:00,2026-02-02 00:00:00,0.0333333333333333,4.0,2026-02-02 10:32:00,525.085,48.90745690030318,43.87541760832269,1,525.085,514.5833,535.5867000000001,2026-02-03 09:30:00,503.0,STOP_LOSS_GAP,-22.085000000000036,-4.2059856975537375
CME,2026-01-30 00:00:00,2026-02-02 00:00:00,0.0588235294117647,9.0,2026-02-02 10:33:00,290.0,57.661382592183216,51.696353725388704,3,870.0,284.2,295.8,2026-02-03 11:34:00,295.8,TAKE_PROFIT,17.400000000000034,2.0000000000000018
FDX,2026-01-30 00:00:00,2026-02-02 00:00:00,0.0193103448275862,2.0,2026-02-02 10:34:00,331.44,70.09301426663149,69.57111390573726,3,994.3199999999999,324.8112,338.0688,2026-02-03 09:30:00,343.34,TAKE_PROFIT_GAP,35.69999999999993,3.5903934347091493
ABBV,2026-01-30 00:00:00,2026-02-02 00:00:00,0.0654088050314465,10.0,2026-02-02 13:23:00,224.755,48.1371993501657,41.42382912624843,4,899.02,220.2599,229.2501,2026-02-04 09:30:00,209.775,STOP_LOSS_GAP,-59.91999999999996,-6.665035260617113
DLR,2026-02-02 00:00:00,2026-02-03 00:00:00,0.1317504485043752,7.0,2026-02-03 09:47:00,165.66,51.04553831674032,50.06367833667479,6,993.96,162.3468,168.9732,2026-02-06 09:30:00,168.9732,TAKE_PROFIT,19.87919999999997,2.0000000000000018
AEP,2026-02-02 00:00:00,2026-02-03 00:00:00,0.0603015075376884,3.0,2026-02-03 09:50:00,119.95,57.725732678254715,55.412392791971975,8,959.6,117.551,122.349,2026-02-06 09:59:00,122.349,TAKE_PROFIT,19.192000000000007,2.0000000000000018
AMT,2026-02-02 00:00:00,2026-02-03 00:00:00,0.0927643784786641,4.0,2026-02-03 09:50:00,173.085,45.4509742006186,41.966774693734195,5,865.4250000000001,169.6233,176.54670000000002,2026-02-04 10:30:00,176.54670000000002,TAKE_PROFIT,17.308500000000038,2.0000000000000018
SPGI,2026-02-02 00:00:00,2026-02-03 00:00:00,0.1388953578636857,9.0,2026-02-03 10:00:00,482.5325,38.03594535048494,36.42900591847887,2,965.065,472.88185000000004,492.18315,2026-02-03 11:17:00,472.88185000000004,STOP_LOSS,-19.30129999999997,-2.0000000000000018
MCO,2026-02-02 00:00:00,2026-02-03 00:00:00,0.0,1.0,2026-02-03 10:01:00,482.985,36.427879027459255,30.566449286061566,2,965.97,473.3253,492.6447,2026-02-03 11:14:00,473.3253,STOP_LOSS,-19.319399999999973,-2.0000000000000018
ITW,2026-02-02 00:00:00,2026-02-03 00:00:00,0.15625,10.0,2026-02-03 10:05:00,273.97,60.05290576131063,59.551814198216405,3,821.9100000000001,268.49060000000003,279.4494,2026-02-03 10:19:00,279.4494,TAKE_PROFIT,16.438199999999995,2.0000000000000018
FDX,2026-02-02 00:00:00,2026-02-03 00:00:00,0.1377066867574237,8.0,2026-02-03 10:19:00,352.995,67.19041023436873,66.07128488440846,2,705.99,345.9351,360.05490000000003,2026-02-04 09:42:00,360.05490000000003,TAKE_PROFIT,14.119800000000055,2.0000000000000018
ICE,2026-02-02 00:00:00,2026-02-03 00:00:00,0.0081355932203389,2.0,2026-02-03 10:30:00,162.825,22.075102355612486,20.796680533530008,6,976.9499999999999,159.56849999999997,166.0815,2026-02-03 10:57:00,159.56849999999997,STOP_LOSS,-19.5390000000001,-2.000000000000013
ROST,2026-02-02 00:00:00,2026-02-03 00:00:00,0.1220819081182554,6.0,2026-02-03 10:31:00,193.19,58.097968036404346,58.089351336086594,5,965.95,189.3262,197.0538,2026-02-04 12:57:00,189.3101,STOP_LOSS_GAP,-19.39949999999996,-2.0083337646876087
TT,2026-02-02 00:00:00,2026-02-03 00:00:00,0.1130952380952381,5.0,2026-02-03 10:36:00,432.63,60.72351561284034,58.718392202085205,2,865.26,423.9774,441.2826,2026-02-04 09:30:00,441.2826,TAKE_PROFIT,17.305200000000013,2.0000000000000018
ITW,2026-02-02 00:00:00,2026-02-03 00:00:00,0.15625,10.0,2026-02-03 10:55:00,280.66,64.08305893566825,63.97981124650281,3,841.98,275.0468,286.27320000000003,2026-02-03 14:09:00,275.0468,STOP_LOSS,-16.83960000000002,-2.0000000000000018
ICE,2026-02-02 00:00:00,2026-02-03 00:00:00,0.0081355932203389,2.0,2026-02-03 10:59:00,160.0,24.74082332346846,17.777393386140698,6,960.0,156.8,163.2,2026-02-03 13:02:00,163.2,TAKE_PROFIT,19.199999999999932,2.0000000000000018
MCO,2026-02-02 00:00:00,2026-02-03 00:00:00,0.0,1.0,2026-02-03 11:26:00,472.4253,39.7827139339311,39.39573224517853,2,944.8506,462.976794,481.873806,2026-02-04 09:31:00,462.976794,STOP_LOSS,-18.897012000000018,-2.0000000000000018
SPGI,2026-02-02 00:00:00,2026-02-03 00:00:00,0.1388953578636857,9.0,2026-02-03 11:29:00,473.09,42.715511370063275,39.057422891512545,2,946.18,463.6282,482.55179999999996,2026-02-04 09:30:00,462.01,STOP_LOSS_GAP,-22.159999999999968,-2.3420490815700967
ICE,2026-02-02 00:00:00,2026-02-03 00:00:00,0.0081355932203389,2.0,2026-02-03 13:25:00,163.85,63.68874794091576,63.625698593020516,6,983.0999999999999,160.57299999999998,167.127,2026-02-04 09:32:00,160.57299999999998,STOP_LOSS,-19.66200000000009,-2.000000000000013
ITW,2026-02-02 00:00:00,2026-02-03 00:00:00,0.15625,10.0,2026-02-03 14:20:00,275.06,42.925392526721794,40.88442187443544,3,825.1800000000001,269.5588,280.5612,2026-02-04 09:30:00,281.7,TAKE_PROFIT_GAP,19.91999999999996,2.414018759543368
MO,2026-02-03 00:00:00,2026-02-04 00:00:00,0.1257192146389558,9.0,2026-02-04 09:51:00,64.76,59.32863014993885,57.66624099270985,15,971.4000000000001,63.464800000000004,66.05520000000001,2026-02-05 10:13:00,66.05520000000001,TAKE_PROFIT,19.428000000000125,2.0000000000000018
RSG,2026-02-03 00:00:00,2026-02-04 00:00:00,0.0444444444444444,1.0,2026-02-04 09:52:00,213.47,49.400843846142585,44.51762889231048,4,853.88,209.2006,217.7394,2026-02-04 12:10:00,217.93,TAKE_PROFIT_GAP,17.840000000000032,2.089286550803404
PG,2026-02-03 00:00:00,2026-02-04 00:00:00,0.117076877537586,8.0,2026-02-04 09:56:00,157.2094,59.65292020471987,58.451450765021846,6,943.2564,154.06521199999997,160.353588,2026-02-06 15:59:00,159.18,WEEK_END_CLOSE,11.823600000000113,1.2534873868865537
CTAS,2026-02-03 00:00:00,2026-02-04 00:00:00,0.056198347107438,2.0,2026-02-04 09:58:00,191.09,54.36151091565522,52.018445140588156,5,955.45,187.2682,194.9118,2026-02-05 09:32:00,194.9118,TAKE_PROFIT,19.10899999999998,2.0000000000000018
FDX,2026-02-03 00:00:00,2026-02-04 00:00:00,0.0779551300643111,6.0,2026-02-04 09:59:00,362.91,64.43222423376633,61.002849197905675,2,725.82,355.65180000000004,370.1682,2026-02-06 15:50:00,370.1682,TAKE_PROFIT,14.516399999999976,2.0000000000000018
SHW,2026-02-03 00:00:00,2026-02-04 00:00:00,0.0774647887323943,5.0,2026-02-04 10:00:00,368.605,60.94388853702715,58.39428698579476,2,737.21,361.23290000000003,375.9771,2026-02-05 10:45:00,361.23290000000003,STOP_LOSS,-14.744199999999978,-2.0000000000000018
ITW,2026-02-03 00:00:00,2026-02-04 00:00:00,0.1293588301462317,10.0,2026-02-04 10:05:00,288.62,63.17912308609487,62.85496349665743,3,865.86,282.8476,294.3924,2026-02-06 10:13:00,294.3924,TAKE_PROFIT,17.317200000000014,2.0000000000000018
APD,2026-02-03 00:00:00,2026-02-04 00:00:00,0.0962566844919786,7.0,2026-02-04 10:21:00,286.155,69.72830887453858,69.14699385556438,3,858.4649999999999,280.4319,291.87809999999996,2026-02-06 15:59:00,283.07,WEEK_END_CLOSE,-9.254999999999939,-1.0780870507242524
CSX,2026-02-03 00:00:00,2026-02-04 00:00:00,0.060410162228344,3.0,2026-02-04 10:26:00,39.81,61.87263095268273,61.86164033586013,25,995.25,39.0138,40.6062,2026-02-06 15:43:00,40.6062,TAKE_PROFIT,19.904999999999973,2.0000000000000018
TEL,2026-02-03 00:00:00,2026-02-04 00:00:00,0.0714285714285714,4.0,2026-02-04 10:38:00,222.13,51.693120304549524,42.89926104629455,4,888.52,217.6874,226.5726,2026-02-04 12:22:00,217.6874,STOP_LOSS,-17.770399999999995,-2.0000000000000018
TEL,2026-02-03 00:00:00,2026-02-04 00:00:00,0.0714285714285714,4.0,2026-02-04 12:55:00,216.025,49.77007024144103,33.19344442793876,4,864.1,211.7045,220.34550000000002,2026-02-05 09:31:00,211.7045,STOP_LOSS,-17.28200000000004,-2.0000000000000018
RSG,2026-02-03 00:00:00,2026-02-04 00:00:00,0.0444444444444444,1.0,2026-02-04 13:05:00,219.77,68.42860192638555,66.12012450585577,4,879.08,215.37460000000002,224.1654,2026-02-06 15:59:00,219.84,WEEK_END_CLOSE,0.2799999999999727,0.0318514810938586
AMT,2026-02-04 00:00:00,2026-02-05 00:00:00,0.0333333333333333,4.0,2026-02-05 09:46:00,171.565,41.6293268452855,39.84117583069803,5,857.825,168.1337,174.9963,2026-02-06 15:59:00,171.26,WEEK_END_CLOSE,-1.525000000000034,-0.1777751872468203
AJG,2026-02-04 00:00:00,2026-02-05 00:00:00,0.0359712230215827,5.0,2026-02-05 09:47:00,249.2225,44.708514741711355,41.96424771887444,4,996.89,244.23805,254.20695,2026-02-05 13:37:00,244.23805,STOP_LOSS,-19.93780000000004,-2.0000000000000018
NSC,2026-02-04 00:00:00,2026-02-05 00:00:00,0.0884803921568627,7.0,2026-02-05 09:53:00,307.04,50.82499947971458,50.48477918108984,3,921.1200000000001,300.8992,313.18080000000003,2026-02-06 15:59:00,306.41,WEEK_END_CLOSE,-1.8899999999999864,-0.205184992183427
CMCSA,2026-02-04 00:00:00,2026-02-05 00:00:00,0.1054232677420127,8.0,2026-02-05 09:55:00,30.47,47.41948606776223,42.71890630123087,32,975.04,29.860599999999998,31.0794,2026-02-06 09:32:00,31.0794,TAKE_PROFIT,19.500800000000027,2.0000000000000018
WELL,2026-02-04 00:00:00,2026-02-05 00:00:00,0.1428571428571428,9.0,2026-02-05 09:55:00,187.96,58.044297601907964,51.98069191899871,5,939.8000000000001,184.20080000000002,191.7192,2026-02-05 12:14:00,191.7192,TAKE_PROFIT,18.795999999999964,2.0000000000000018
ADP,2026-02-04 00:00:00,2026-02-05 00:00:00,0.1453861556704029,10.0,2026-02-05 09:58:00,234.69,42.4248452297338,41.712017331848635,4,938.76,229.9962,239.3838,2026-02-06 15:59:00,231.34,WEEK_END_CLOSE,-13.399999999999977,-1.427414887724232
SPGI,2026-02-04 00:00:00,2026-02-05 00:00:00,0.0256703224640832,3.0,2026-02-05 10:02:00,459.2325,42.84180606897783,41.89705970108137,2,918.465,450.04785,468.41715000000005,2026-02-05 12:53:00,450.04785,STOP_LOSS,-18.369300000000067,-2.0000000000000018
WELL,2026-02-04 00:00:00,2026-02-05 00:00:00,0.1428571428571428,9.0,2026-02-05 12:21:00,191.85,66.96800915312053,62.50339383615836,5,959.25,188.013,195.68699999999998,2026-02-06 14:51:00,195.68699999999998,TAKE_PROFIT,19.184999999999945,2.0000000000000018
SPGI,2026-02-04 00:00:00,2026-02-05 00:00:00,0.0256703224640832,3.0,2026-02-05 13:19:00,448.815,50.36863596825226,46.848550134753964,2,897.63,439.8387,457.7913,2026-02-06 09:30:00,457.7913,TAKE_PROFIT,17.95259999999996,2.0000000000000018
AJG,2026-02-04 00:00:00,2026-02-05 00:00:00,0.0359712230215827,5.0,2026-02-05 13:40:00,244.69,44.90570955264904,41.51111546199311,4,978.76,239.7962,249.5838,2026-02-06 13:01:00,239.7962,STOP_LOSS,-19.575199999999995,-2.0000000000000018
ELV,2026-02-05 00:00:00,2026-02-06 00:00:00,0.049966239027684,5.0,2026-02-06 09:47:00,329.89,43.42166945653359,42.93668674793954,3,989.67,323.2922,336.4878,2026-02-06 13:29:00,336.4878,TAKE_PROFIT,19.79340000000002,2.0000000000000018
CTAS,2026-02-05 00:00:00,2026-02-06 00:00:00,0.0625,7.0,2026-02-06 09:48:00,194.95,45.58668142604954,41.67977725641276,5,974.75,191.051,198.849,2026-02-06 15:59:00,195.82,WEEK_END_CLOSE,4.350000000000023,0.4462682739163837
PCAR,2026-02-05 00:00:00,2026-02-06 00:00:00,0.057391304347826,6.0,2026-02-06 09:48:00,127.12,43.579526307701116,42.562808904687394,7,889.84,124.5776,129.66240000000002,2026-02-06 15:59:00,127.31,WEEK_END_CLOSE,1.329999999999984,0.14946507237256768
AON,2026-02-05 00:00:00,2026-02-06 00:00:00,0.0,1.0,2026-02-06 09:55:00,342.09,43.11931922545749,37.43362082577894,2,684.18,335.2482,348.93179999999995,2026-02-06 15:59:00,342.01,WEEK_END_CLOSE,-0.15999999999996817,-0.023385658744767834
TMO,2026-02-05 00:00:00,2026-02-06 00:00:00,0.0850044682752457,10.0,2026-02-06 09:58:00,538.91,41.32334653309248,40.21475795274583,1,538.91,528.1318,549.6881999999999,2026-02-06 15:59:00,542.8,WEEK_END_CLOSE,3.8899999999999864,0.7218273923289553
TMUS,2026-02-05 00:00:00,2026-02-06 00:00:00,0.0271159343553815,4.0,2026-02-06 10:00:00,200.065,46.23598911490007,45.53002479384321,4,800.26,196.06369999999998,204.0663,2026-02-06 15:59:00,197.35,WEEK_END_CLOSE,-10.860000000000014,-1.357058955839352
CDNS,2026-02-05 00:00:00,2026-02-06 00:00:00,0.0767938087341072,8.0,2026-02-06 10:11:00,277.255,56.16981133795917,53.5666015185025,3,831.765,271.7099,282.8001,2026-02-06 12:30:00,282.8001,TAKE_PROFIT,16.635299999999972,2.0000000000000018
ITW,2026-02-05 00:00:00,2026-02-06 00:00:00,0.0838509316770186,9.0,2026-02-06 10:40:00,293.9325,61.4432943404593,61.2168233986919,3,881.7975,288.05385,299.81115,2026-02-06 15:59:00,293.715,WEEK_END_CLOSE,-0.6525000000000887,-0.07399658084765726
CDNS,2026-02-05 00:00:00,2026-02-06 00:00:00,0.0767938087341072,8.0,2026-02-06 12:44:00,283.25,61.69857120672268,60.09423035090469,3,849.75,277.585,288.915,2026-02-06 15:59:00,283.4,WEEK_END_CLOSE,0.4499999999999318,0.05295675198586647
ELV,2026-02-05 00:00:00,2026-02-06 00:00:00,0.049966239027684,5.0,2026-02-06 13:55:00,337.75,65.5476676354387,65.46849282418675,2,675.5,330.995,344.505,2026-02-06 15:59:00,338.95,WEEK_END_CLOSE,2.3999999999999773,0.3552923760177684
KMI,2026-02-06 00:00:00,2026-02-09 00:00:00,0.0247245023429451,1.0,2026-02-09 09:53:00,30.555,52.3590460223491,51.976570566791786,32,977.76,29.9439,31.1661,2026-02-10 09:30:00,31.22,TAKE_PROFIT_GAP,21.279999999999973,2.1764032073310347
AMT,2026-02-06 00:00:00,2026-02-09 00:00:00,0.0608537693006357,6.0,2026-02-09 09:57:00,170.16,51.70633605293436,50.85827846397872,5,850.8,166.7568,173.5632,2026-02-09 14:54:00,173.5632,TAKE_PROFIT,17.01599999999999,2.0000000000000018
MMM,2026-02-06 00:00:00,2026-02-09 00:00:00,0.1635948632206117,9.0,2026-02-09 09:57:00,169.84,44.775303493918564,43.07216884454195,5,849.2,166.4432,173.23680000000002,2026-02-10 11:38:00,173.23680000000002,TAKE_PROFIT,16.984000000000066,2.0000000000000018
MRSH,2026-02-06 00:00:00,2026-02-09 00:00:00,0.0333333333333333,2.0,2026-02-09 09:57:00,182.92,44.7017931171936,44.262626959175144,5,914.5999999999999,179.2616,186.5784,2026-02-09 11:18:00,179.2616,STOP_LOSS,-18.292,-2.0000000000000018
UPS,2026-02-06 00:00:00,2026-02-09 00:00:00,0.0813442294287998,7.0,2026-02-09 09:57:00,116.685,57.27339272213476,51.48806774358911,8,933.48,114.3513,119.01870000000001,2026-02-10 11:26:00,119.01870000000001,TAKE_PROFIT,18.66960000000006,2.0000000000000018
SO,2026-02-06 00:00:00,2026-02-09 00:00:00,0.0474983811672306,5.0,2026-02-09 09:59:00,89.38,46.3597922699054,45.315676489778035,11,983.18,87.5924,91.1676,2026-02-10 14:07:00,91.17,TAKE_PROFIT_GAP,19.69000000000007,2.0026851644663335
PCAR,2026-02-06 00:00:00,2026-02-09 00:00:00,0.0430686406460296,4.0,2026-02-09 10:00:00,125.93,48.31309734335632,42.97812089853868,7,881.51,123.4114,128.4486,2026-02-11 09:35:00,128.4486,TAKE_PROFIT,17.630199999999945,2.0000000000000018
FDX,2026-02-06 00:00:00,2026-02-09 00:00:00,0.0347893807227927,3.0,2026-02-09 10:06:00,365.0,44.09047782208937,43.55962432956092,2,730.0,357.7,372.3,2026-02-11 09:32:00,372.3,TAKE_PROFIT,14.600000000000023,2.0000000000000018
ADP,2026-02-06 00:00:00,2026-02-09 00:00:00,0.1127354595835199,8.0,2026-02-09 10:21:00,226.13,40.65200604486882,40.62065111377149,4,904.52,221.60739999999998,230.6526,2026-02-11 09:43:00,221.60739999999998,STOP_LOSS,-18.090400000000045,-2.0000000000000018
CDNS,2026-02-06 00:00:00,2026-02-09 00:00:00,0.1728187919463087,10.0,2026-02-09 10:28:00,284.63,55.01071271262124,51.11214242646648,3,853.89,278.93739999999997,290.3226,2026-02-09 14:03:00,290.3226,TAKE_PROFIT,17.07780000000008,2.0000000000000018
MRSH,2026-02-06 00:00:00,2026-02-09 00:00:00,0.0333333333333333,2.0,2026-02-09 11:21:00,179.46,38.496486194570494,38.11950245114248,5,897.3000000000001,175.8708,183.0492,2026-02-09 13:30:00,175.8708,STOP_LOSS,-17.946000000000026,-2.0000000000000018
MRSH,2026-02-06 00:00:00,2026-02-09 00:00:00,0.0333333333333333,2.0,2026-02-09 14:04:00,173.96,40.954481574084184,31.75855380126249,5,869.8000000000001,170.48080000000002,177.4392,2026-02-12 11:45:00,170.48080000000002,STOP_LOSS,-17.395999999999958,-1.9999999999999907
CDNS,2026-02-06 00:00:00,2026-02-09 00:00:00,0.1728187919463087,10.0,2026-02-09 14:12:00,289.97,56.262345997716444,56.10826719858622,3,869.9100000000001,284.17060000000004,295.7694,2026-02-10 09:35:00,295.7694,TAKE_PROFIT,17.398199999999974,2.0000000000000018
AMT,2026-02-06 00:00:00,2026-02-09 00:00:00,0.0608537693006357,6.0,2026-02-09 15:16:00,173.75,65.543233532272,63.93027163201502,5,868.75,170.275,177.225,2026-02-10 11:09:00,177.225,TAKE_PROFIT,17.37499999999997,2.0000000000000018
TT,2026-02-09 00:00:00,2026-02-10 00:00:00,0.1372549019607843,7.0,2026-02-10 09:47:00,460.825,45.28046096875632,44.46572261270673,2,921.65,451.6085,470.0415,2026-02-11 09:34:00,470.0415,TAKE_PROFIT,18.432999999999993,2.0000000000000018
ICE,2026-02-09 00:00:00,2026-02-10 00:00:00,0.1052631578947368,5.0,2026-02-10 09:48:00,166.075,49.08224357290154,42.436076701732624,6,996.4499999999999,162.75349999999997,169.3965,2026-02-11 09:39:00,162.75349999999997,STOP_LOSS,-19.929000000000087,-2.000000000000013
MCO,2026-02-09 00:00:00,2026-02-10 00:00:00,0.1409395973154362,8.0,2026-02-10 09:48:00,420.185,42.778068757029864,42.55055734965658,2,840.37,411.7813,428.5887,2026-02-11 10:46:00,411.7813,STOP_LOSS,-16.80740000000003,-2.0000000000000018
QCOM,2026-02-09 00:00:00,2026-02-10 00:00:00,0.2273303874251279,10.0,2026-02-10 09:50:00,138.375,42.12682526637828,41.02365370433099,7,968.625,135.6075,141.1425,2026-02-11 11:01:00,141.1425,TAKE_PROFIT,19.372500000000088,2.0000000000000018
ABT,2026-02-09 00:00:00,2026-02-10 00:00:00,0.0923772638103211,4.0,2026-02-10 09:51:00,112.235,60.56836469237889,59.849633736683714,8,897.88,109.99029999999999,114.47970000000001,2026-02-13 15:59:00,112.61,WEEK_END_CLOSE,3.0,0.33412037243283343
KMI,2026-02-09 00:00:00,2026-02-10 00:00:00,0.1075754471516881,6.0,2026-02-10 10:19:00,31.135,49.33838250284611,48.87761351439733,32,996.32,30.5123,31.757700000000003,2026-02-12 09:46:00,31.757700000000003,TAKE_PROFIT,19.926400000000058,2.0000000000000018
RSG,2026-02-09 00:00:00,2026-02-10 00:00:00,0.0579710144927536,1.0,2026-02-10 10:24:00,224.08,56.06089649599289,54.954220684224055,4,896.32,219.5984,228.56160000000003,2026-02-12 11:49:00,219.5984,STOP_LOSS,-17.926400000000058,-2.0000000000000018
SYK,2026-02-09 00:00:00,2026-02-10 00:00:00,0.1900826446280991,9.0,2026-02-10 10:26:00,367.035,67.08781295675489,64.5317153313703,2,734.07,359.6943,374.37570000000005,2026-02-11 09:30:00,359.6943,STOP_LOSS,-14.681400000000053,-2.0000000000000018
SPG,2026-02-09 00:00:00,2026-02-10 00:00:00,0.0754516471838469,2.0,2026-02-10 10:51:00,195.66,41.19620713228642,40.94304618739862,5,978.3,191.74679999999998,199.5732,2026-02-12 15:56:00,191.74679999999998,STOP_LOSS,-19.566000000000088,-2.000000000000013
CSX,2026-02-10 00:00:00,2026-02-11 00:00:00,0.0406546259216455,2.0,2026-02-11 09:51:00,41.28,51.89839096686915,46.23087559708356,24,990.72,40.4544,42.1056,2026-02-13 09:30:00,40.22,STOP_LOSS_GAP,-25.440000000000055,-2.5678294573643456
MDT,2026-02-10 00:00:00,2026-02-11 00:00:00,0.1446262333762333,8.0,2026-02-11 09:54:00,99.09,31.970196727957585,31.29757480129484,10,990.9000000000001,97.1082,101.07180000000001,2026-02-11 15:50:00,101.07180000000001,TAKE_PROFIT,19.81800000000007,2.0000000000000018
ELV,2026-02-10 00:00:00,2026-02-11 00:00:00,0.09375,5.0,2026-02-11 10:04:00,327.85,53.981957046296806,46.801949240181784,3,983.5500000000001,321.293,334.40700000000004,2026-02-12 09:55:00,334.40700000000004,TAKE_PROFIT,19.67100000000005,2.0000000000000018
NEE,2026-02-10 00:00:00,2026-02-11 00:00:00,0.0969282294484866,6.0,2026-02-11 10:11:00,90.59,39.95214610327363,36.2327309282828,11,996.49,88.7782,92.40180000000001,2026-02-12 09:47:00,92.40180000000001,TAKE_PROFIT,19.929800000000057,2.0000000000000018
ALL,2026-02-10 00:00:00,2026-02-11 00:00:00,0.1736334405144694,10.0,2026-02-11 10:13:00,199.5,53.95858630486836,50.71938840654128,5,997.5,195.51,203.49,2026-02-11 12:31:00,203.49,TAKE_PROFIT,19.950000000000045,2.0000000000000018
ITW,2026-02-10 00:00:00,2026-02-11 00:00:00,0.0237154150197628,1.0,2026-02-11 10:13:00,297.17,51.27184502977169,50.921650136343146,3,891.51,291.2266,303.1134,2026-02-12 11:01:00,303.125,TAKE_PROFIT_GAP,17.864999999999952,2.0039034895850794
PCAR,2026-02-10 00:00:00,2026-02-11 00:00:00,0.0408163265306122,3.0,2026-02-11 10:15:00,128.955,57.069400059892295,56.039275149873475,7,902.6850000000001,126.37590000000002,131.53410000000002,2026-02-12 11:44:00,126.37590000000002,STOP_LOSS,-18.053699999999978,-2.0000000000000018
BSX,2026-02-10 00:00:00,2026-02-11 00:00:00,0.1508938961176346,9.0,2026-02-11 10:25:00,72.945,40.51804920963331,39.017795627559636,13,948.2849999999999,71.4861,74.4039,2026-02-11 12:27:00,74.4039,TAKE_PROFIT,18.9657,2.0000000000000018
BSX,2026-02-10 00:00:00,2026-02-11 00:00:00,0.1508938961176346,9.0,2026-02-11 12:37:00,74.41,60.84203641698439,55.95606886730764,13,967.3299999999999,72.92179999999999,75.8982,2026-02-13 09:33:00,75.8982,TAKE_PROFIT,19.34660000000008,2.0000000000000018
ALL,2026-02-10 00:00:00,2026-02-11 00:00:00,0.1736334405144694,10.0,2026-02-11 12:39:00,203.6,73.35998448913432,70.49164314455379,4,814.4,199.528,207.672,2026-02-12 09:52:00,207.7,TAKE_PROFIT_GAP,16.399999999999977,2.01375245579567
NSC,2026-02-11 00:00:00,2026-02-12 00:00:00,0.0979020979020978,9.0,2026-02-12 09:47:00,319.47,59.25627456672124,57.042367891031226,3,958.4100000000001,313.0806,325.85940000000005,2026-02-12 12:29:00,313.0806,STOP_LOSS,-19.16820000000007,-2.0000000000000018
SPGI,2026-02-11 00:00:00,2026-02-12 00:00:00,0.0787181543396459,7.0,2026-02-12 09:47:00,391.255,46.387165056135274,45.93405930416335,2,782.51,383.4299,399.0801,2026-02-12 11:10:00,383.4299,STOP_LOSS,-15.65020000000004,-2.0000000000000018
CMCSA,2026-02-11 00:00:00,2026-02-12 00:00:00,0.0133418794655282,2.0,2026-02-12 09:48:00,32.76,58.09716731852622,56.636449053833374,30,982.8,32.1048,33.4152,2026-02-12 12:32:00,32.1048,STOP_LOSS,-19.65600000000002,-2.0000000000000018
ICE,2026-02-11 00:00:00,2026-02-12 00:00:00,0.0750670241286863,6.0,2026-02-12 09:48:00,148.645,36.55575242265504,33.23257388557532,6,891.8700000000001,145.6721,151.61790000000002,2026-02-12 11:00:00,145.6721,STOP_LOSS,-17.83740000000006,-2.0000000000000018
KMI,2026-02-11 00:00:00,2026-02-12 00:00:00,0.0663774070485623,4.0,2026-02-12 10:05:00,31.765,52.60200520335904,47.90371678517134,31,984.715,31.1297,32.4003,2026-02-13 15:59:00,32.32,WEEK_END_CLOSE,17.20499999999999,1.7472060443884718
ALL,2026-02-11 00:00:00,2026-02-12 00:00:00,0.0910425844346549,8.0,2026-02-12 10:07:00,206.99,52.201068023985314,49.366554844159616,4,827.96,202.8502,211.12980000000002,2026-02-13 15:59:00,207.5,WEEK_END_CLOSE,2.0399999999999636,0.24638871443063426
FDX,2026-02-11 00:00:00,2026-02-12 00:00:00,0.1196815181391016,10.0,2026-02-12 10:08:00,379.045,61.958564515572654,56.83495899498064,2,758.09,371.46410000000003,386.6259,2026-02-12 10:49:00,371.46410000000003,STOP_LOSS,-15.161799999999971,-1.9999999999999907
ELV,2026-02-11 00:00:00,2026-02-12 00:00:00,0.0556792873051225,3.0,2026-02-12 10:50:00,343.2575,68.98448771389215,67.33816735645246,2,686.515,336.39234999999996,350.12265,2026-02-12 14:27:00,336.39234999999996,STOP_LOSS,-13.730300000000057,-2.000000000000013
FDX,2026-02-11 00:00:00,2026-02-12 00:00:00,0.1196815181391016,10.0,2026-02-12 10:59:00,374.54,53.87918317921809,52.009569728703276,2,749.08,367.04920000000004,382.0308,2026-02-12 11:31:00,367.04920000000004,STOP_LOSS,-14.981599999999958,-1.9999999999999907
SPGI,2026-02-11 00:00:00,2026-02-12 00:00:00,0.0787181543396459,7.0,2026-02-12 11:14:00,384.58,41.64800639942874,39.42754832513141,2,769.16,376.8884,392.2716,2026-02-12 12:33:00,392.2716,TAKE_PROFIT,15.383199999999988,2.0000000000000018
ICE,2026-02-11 00:00:00,2026-02-12 00:00:00,0.0750670241286863,6.0,2026-02-12 11:23:00,144.74,40.03946072292913,35.46974184839811,6,868.44,141.8452,147.6348,2026-02-12 11:58:00,147.6348,TAKE_PROFIT,17.36880000000002,2.0000000000000018
FDX,2026-02-11 00:00:00,2026-02-12 00:00:00,0.1196815181391016,10.0,2026-02-12 11:33:00,368.55,43.316369472820384,43.31524135613096,2,737.1,361.17900000000003,375.921,2026-02-13 13:36:00,375.921,TAKE_PROFIT,14.741999999999962,2.0000000000000018
PCAR,2026-02-11 00:00:00,2026-02-12 00:00:00,0.0676470588235294,5.0,2026-02-12 11:51:00,126.195,31.343497874705463,30.69967213443751,7,883.365,123.6711,128.7189,2026-02-13 15:59:00,127.02,WEEK_END_CLOSE,5.77500000000002,0.6537501485795794
ICE,2026-02-11 00:00:00,2026-02-12 00:00:00,0.0750670241286863,6.0,2026-02-12 12:10:00,146.575,48.5047243002993,48.284822521463994,6,879.4499999999999,143.6435,149.5065,2026-02-12 14:42:00,149.5065,TAKE_PROFIT,17.589,2.0000000000000018
RSG,2026-02-11 00:00:00,2026-02-12 00:00:00,0.0093896713615023,1.0,2026-02-12 12:10:00,219.7748,45.67437208225825,42.920567198379594,4,879.0992,215.379304,224.170296,2026-02-13 13:17:00,224.2,TAKE_PROFIT_GAP,17.70079999999996,2.0135156532960163
NSC,2026-02-11 00:00:00,2026-02-12 00:00:00,0.0979020979020978,9.0,2026-02-12 12:37:00,313.705,46.56247888085061,45.30500281693734,3,941.115,307.43089999999995,319.9791,2026-02-13 15:59:00,315.16,WEEK_END_CLOSE,4.365000000000123,0.4638115426913947
SPGI,2026-02-11 00:00:00,2026-02-12 00:00:00,0.0787181543396459,7.0,2026-02-12 12:53:00,396.06,68.22174950821181,66.961304466473,2,792.12,388.1388,403.9812,2026-02-13 09:30:00,403.9812,TAKE_PROFIT,15.842399999999998,2.0000000000000018
CMCSA,2026-02-11 00:00:00,2026-02-12 00:00:00,0.0133418794655282,2.0,2026-02-12 12:58:00,32.12,51.56689827630076,46.556733107290626,31,995.7199999999999,31.477599999999995,32.7624,2026-02-13 09:40:00,31.477599999999995,STOP_LOSS,-19.914400000000064,-2.0000000000000018
ELV,2026-02-11 00:00:00,2026-02-12 00:00:00,0.0556792873051225,3.0,2026-02-12 14:29:00,336.9,45.63600424029136,42.742413398491585,2,673.8,330.162,343.638,2026-02-13 09:38:00,343.638,TAKE_PROFIT,13.475999999999999,2.0000000000000018
ETN,2026-02-12 00:00:00,2026-02-13 00:00:00,0.1471399590980594,10.0,2026-02-13 09:45:00,388.47,47.692949012706464,44.167323780365486,2,776.94,380.7006,396.23940000000005,2026-02-13 15:59:00,389.11,WEEK_END_CLOSE,1.2799999999999727,0.1647488866579172
AFL,2026-02-12 00:00:00,2026-02-13 00:00:00,0.0567667626491155,2.0,2026-02-13 09:46:00,115.22,43.815022475005314,39.01095984267455,8,921.76,112.9156,117.5244,2026-02-13 15:59:00,114.9,WEEK_END_CLOSE,-2.5599999999999454,-0.2777295608401231
MO,2026-02-12 00:00:00,2026-02-13 00:00:00,0.1259247166797829,8.0,2026-02-13 09:50:00,66.65,46.5299793248566,42.60797711049944,15,999.7500000000001,65.31700000000001,67.983,2026-02-13 15:59:00,67.23,WEEK_END_CLOSE,8.699999999999974,0.870217554388586
CMI,2026-02-12 00:00:00,2026-02-13 00:00:00,0.144,9.0,2026-02-13 09:51:00,592.26,53.662379165476835,53.37987158022418,1,592.26,580.4148,604.1052,2026-02-13 10:30:00,604.1052,TAKE_PROFIT,11.845199999999977,2.0000000000000018
SO,2026-02-12 00:00:00,2026-02-13 00:00:00,0.0919549658552591,5.0,2026-02-13 09:51:00,93.2,59.05863420612231,57.80480786302113,10,932.0,91.336,95.06400000000001,2026-02-13 15:59:00,94.945,WEEK_END_CLOSE,17.449999999999903,1.8723175965665195
CSX,2026-02-12 00:00:00,2026-02-13 00:00:00,0.0865565190272476,4.0,2026-02-13 11:01:00,40.78,60.44691515987043,57.89673160205804,24,978.72,39.9644,41.595600000000005,2026-02-13 15:59:00,40.87,WEEK_END_CLOSE,2.1599999999999113,0.2206964198136152
ROST,2026-02-12 00:00:00,2026-02-13 00:00:00,0.0568446475881839,3.0,2026-02-13 11:14:00,196.0,64.29365584010145,60.333189713211,5,980.0,192.07999999999998,199.92000000000002,2026-02-13 15:59:00,196.52,WEEK_END_CLOSE,2.600000000000051,0.2653061224489939
CMI,2026-02-12 00:00:00,2026-02-13 00:00:00,0.144,9.0,2026-02-13 11:41:00,603.86,54.22952696908121,53.08460418304978,1,603.86,591.7828,615.9372000000001,2026-02-13 15:59:00,601.0,WEEK_END_CLOSE,-2.8600000000000136,-0.47361971317855245
DLR,2026-02-13 00:00:00,2026-02-17 00:00:00,0.093311758360302,6.0,2026-02-17 09:45:00,181.075,50.88312067057375,50.80971509987023,5,905.375,177.4535,184.6965,2026-02-18 09:44:00,177.4535,STOP_LOSS,-18.107499999999987,-2.0000000000000018
KKR,2026-02-13 00:00:00,2026-02-17 00:00:00,0.0695584315375982,5.0,2026-02-17 09:45:00,102.095,50.958024963615884,47.06751061850156,9,918.855,100.0531,104.1369,2026-02-17 10:25:00,100.02,STOP_LOSS_GAP,-18.675000000000026,-2.0324207845634046
BMY,2026-02-13 00:00:00,2026-02-17 00:00:00,0.0643040182442973,4.0,2026-02-17 09:46:00,60.74,51.246293711736264,47.76614672955115,16,971.84,59.5252,61.954800000000006,2026-02-17 10:51:00,59.5252,STOP_LOSS,-19.436800000000062,-2.0000000000000018
SNPS,2026-02-13 00:00:00,2026-02-17 00:00:00,0.1363651024028382,10.0,2026-02-17 09:49:00,423.18,43.28733636143033,42.76875267364919,2,846.36,414.7164,431.6436,2026-02-17 10:04:00,414.7164,STOP_LOSS,-16.92719999999997,-2.0000000000000018
FDX,2026-02-13 00:00:00,2026-02-17 00:00:00,0.105123325867959,8.0,2026-02-17 09:56:00,378.33,52.06197381386613,46.96605247653266,2,756.66,370.7634,385.8966,2026-02-20 10:01:00,385.8966,TAKE_PROFIT,15.133199999999988,2.0000000000000018
PCAR,2026-02-13 00:00:00,2026-02-17 00:00:00,0.0558659217877094,3.0,2026-02-17 09:56:00,126.965,49.73821723217486,49.52889355649576,7,888.755,124.4257,129.5043,2026-02-19 09:30:00,124.4257,STOP_LOSS,-17.77509999999998,-2.0000000000000018
WMB,2026-02-13 00:00:00,2026-02-17 00:00:00,0.0975108707428741,7.0,2026-02-17 10:12:00,71.8801,47.36029850315953,46.9209410670172,13,934.4413,70.442498,73.317702,2026-02-20 15:59:00,72.975,WEEK_END_CLOSE,14.233699999999942,1.523231047257867
SNPS,2026-02-13 00:00:00,2026-02-17 00:00:00,0.1363651024028382,10.0,2026-02-17 10:16:00,415.83,47.167251851053685,38.89262679358366,2,831.66,407.5134,424.1466,2026-02-18 09:30:00,438.36,TAKE_PROFIT_GAP,45.06000000000006,5.418079503643325
MDLZ,2026-02-13 00:00:00,2026-02-17 00:00:00,0.0344935385157299,2.0,2026-02-17 10:20:00,60.36,33.60101314307356,29.601606763090462,16,965.76,59.1528,61.5672,2026-02-19 10:26:00,59.1528,STOP_LOSS,-19.315200000000004,-2.0000000000000018
MO,2026-02-13 00:00:00,2026-02-17 00:00:00,0.1230577215871333,9.0,2026-02-17 10:20:00,67.04,47.409693880265,46.76290946676344,14,938.5600000000001,65.6992,68.38080000000001,2026-02-20 15:59:00,67.57,WEEK_END_CLOSE,7.419999999999817,0.7905727923627426
KKR,2026-02-13 00:00:00,2026-02-17 00:00:00,0.0695584315375982,5.0,2026-02-17 10:36:00,100.325,48.275803082866666,46.52307379489893,9,902.9250000000001,98.3185,102.3315,2026-02-17 11:23:00,102.3315,TAKE_PROFIT,18.058500000000024,2.0000000000000018
BMY,2026-02-13 00:00:00,2026-02-17 00:00:00,0.0643040182442973,4.0,2026-02-17 10:56:00,59.59,37.08820221164518,37.05593573149725,16,953.44,58.3982,60.781800000000004,2026-02-20 14:32:00,60.781800000000004,TAKE_PROFIT,19.06880000000001,2.0000000000000018
AFL,2026-02-13 00:00:00,2026-02-17 00:00:00,0.0209553749360759,1.0,2026-02-17 10:58:00,114.955,41.73944068229764,41.1179531210976,8,919.64,112.6559,117.2541,2026-02-19 11:30:00,112.6559,STOP_LOSS,-18.392799999999966,-2.0000000000000018
KKR,2026-02-13 00:00:00,2026-02-17 00:00:00,0.0695584315375982,5.0,2026-02-17 12:59:00,102.32,49.87449326311281,49.459392221240336,9,920.8799999999999,100.27359999999999,104.3664,2026-02-18 10:05:00,104.3664,TAKE_PROFIT,18.41760000000005,2.0000000000000018
APD,2026-02-17 00:00:00,2026-02-18 00:00:00,0.144927536231884,10.0,2026-02-18 09:48:00,279.8526,53.130189641986206,51.8854003745067,3,839.5578,274.255548,285.449652,2026-02-20 15:59:00,281.27,WEEK_END_CLOSE,4.252199999999959,0.5064809117371061
BSX,2026-02-17 00:00:00,2026-02-18 00:00:00,0.0702970297029703,5.0,2026-02-18 09:49:00,75.88,52.502804502978734,47.26831331225699,13,986.4399999999999,74.3624,77.3976,2026-02-20 15:59:00,74.59,WEEK_END_CLOSE,-16.769999999999897,-1.7000527148128497
SLB,2026-02-17 00:00:00,2026-02-18 00:00:00,0.0910032094419712,6.0,2026-02-18 09:49:00,50.95,62.1544464086903,55.775149250989415,19,968.0500000000001,49.931000000000004,51.969,2026-02-19 09:44:00,51.969,TAKE_PROFIT,19.36099999999997,2.0000000000000018
ELV,2026-02-17 00:00:00,2026-02-18 00:00:00,0.119047619047619,7.0,2026-02-18 09:50:00,343.6554,48.68848734438303,45.871428977151574,2,687.3108,336.782292,350.528508,2026-02-20 15:59:00,342.94,WEEK_END_CLOSE,-1.4307999999999765,-0.20817365302567836
JCI,2026-02-17 00:00:00,2026-02-18 00:00:00,0.0657276995305164,4.0,2026-02-18 09:51:00,142.29,52.608145253049464,52.24279071087515,7,996.03,139.4442,145.1358,2026-02-18 15:59:00,139.4442,STOP_LOSS,-19.92059999999998,-2.0000000000000018
EMR,2026-02-17 00:00:00,2026-02-18 00:00:00,0.1299212598425196,8.0,2026-02-18 09:58:00,151.56,62.35665365563291,56.417477998866765,6,909.36,148.5288,154.59120000000001,2026-02-20 11:25:00,148.5288,STOP_LOSS,-18.187200000000075,-2.000000000000013
PGR,2026-02-17 00:00:00,2026-02-18 00:00:00,0.0552092609082813,2.0,2026-02-18 10:08:00,202.5,40.270927699020525,37.37037443360865,4,810.0,198.45,206.55,2026-02-20 15:59:00,204.06,WEEK_END_CLOSE,6.240000000000009,0.7703703703703768
KKR,2026-02-17 00:00:00,2026-02-18 00:00:00,0.0565320665083135,3.0,2026-02-18 10:32:00,104.9,57.36426980125204,56.5810625117985,9,944.1,102.802,106.998,2026-02-19 09:30:00,102.64,STOP_LOSS_GAP,-20.340000000000046,-2.1544327931363294
PH,2026-02-17 00:00:00,2026-02-18 00:00:00,0.1428571428571428,9.0,2026-02-18 14:23:00,997.64,39.4969978247273,37.94565918502282,1,997.64,977.6872,1017.5928,2026-02-20 10:01:00,1017.5928,TAKE_PROFIT,19.952800000000025,2.0000000000000018
AJG,2026-02-18 00:00:00,2026-02-19 00:00:00,0.0204081632653061,1.0,2026-02-19 09:47:00,215.5,62.47061623180118,59.834681638118234,4,862.0,211.19,219.81,2026-02-20 09:30:00,220.17,TAKE_PROFIT_GAP,18.67999999999995,2.1670533642691447
CMCSA,2026-02-18 00:00:00,2026-02-19 00:00:00,0.0220440881763527,2.0,2026-02-19 09:49:00,31.63,52.311255504979854,50.792836963129844,31,980.53,30.9974,32.2626,2026-02-20 09:32:00,30.9974,STOP_LOSS,-19.6106,-2.0000000000000018
DLR,2026-02-18 00:00:00,2026-02-19 00:00:00,0.1094890510948905,9.0,2026-02-19 09:52:00,176.965,56.54317044602897,55.676505254337975,5,884.825,173.4257,180.5043,2026-02-20 15:59:00,175.67,WEEK_END_CLOSE,-6.47500000000008,-0.731783120956131
NSC,2026-02-18 00:00:00,2026-02-19 00:00:00,0.0454545454545454,5.0,2026-02-19 09:53:00,316.86,52.92203982314051,52.293750254496125,3,950.58,310.5228,323.1972,2026-02-20 15:59:00,316.32,WEEK_END_CLOSE,-1.6200000000000614,-0.17042226850976228
SLB,2026-02-18 00:00:00,2026-02-19 00:00:00,0.0536175710594315,7.0,2026-02-19 09:55:00,52.12,63.16507710330795,61.36971799907355,19,990.28,51.0776,53.1624,2026-02-20 09:30:00,51.0776,STOP_LOSS,-19.805600000000013,-2.0000000000000018
AEP,2026-02-18 00:00:00,2026-02-19 00:00:00,0.0574572127139364,8.0,2026-02-19 09:59:00,127.92,55.9857719250156,55.94765945316889,7,895.44,125.3616,130.4784,2026-02-20 15:59:00,129.39,WEEK_END_CLOSE,10.289999999999893,1.1491557223264337
AMT,2026-02-18 00:00:00,2026-02-19 00:00:00,0.0378787878787878,4.0,2026-02-19 10:09:00,187.67,56.066497714466834,54.44431202342993,5,938.3499999999999,183.9166,191.4234,2026-02-20 09:32:00,183.9166,STOP_LOSS,-18.766999999999996,-2.0000000000000018
CSX,2026-02-18 00:00:00,2026-02-19 00:00:00,0.0502261366341347,6.0,2026-02-19 10:19:00,41.15,50.79837676863516,49.99329981493171,24,987.5999999999999,40.327,41.973,2026-02-20 10:01:00,41.973,TAKE_PROFIT,19.75200000000001,2.0000000000000018
RSG,2026-02-18 00:00:00,2026-02-19 00:00:00,0.1171132238547968,10.0,2026-02-19 10:25:00,223.685,67.39187852016656,66.86173943574484,4,894.74,219.2113,228.1587,2026-02-20 12:22:00,219.2113,STOP_LOSS,-17.894800000000032,-2.0000000000000018
AFL,2026-02-18 00:00:00,2026-02-19 00:00:00,0.0309734513274336,3.0,2026-02-19 11:47:00,112.785,44.50209043298505,41.263095109313504,8,902.28,110.52929999999999,115.0407,2026-02-20 15:59:00,114.03,WEEK_END_CLOSE,9.960000000000036,1.1038701955047303
PCAR,2026-02-19 00:00:00,2026-02-20 00:00:00,0.04,5.0,2026-02-20 09:46:00,124.245,47.89771807326443,47.30645280227116,8,993.96,121.76010000000001,126.7299,2026-02-20 11:12:00,126.7299,TAKE_PROFIT,19.87919999999997,2.0000000000000018
DUK,2026-02-19 00:00:00,2026-02-20 00:00:00,0.0102127659574468,3.0,2026-02-20 09:47:00,126.335,55.26534551310593,54.374511547499,7,884.3449999999999,123.80829999999999,128.86169999999998,2026-02-20 15:59:00,126.78,WEEK_END_CLOSE,3.1150000000000517,0.3522380971227257
ITW,2026-02-19 00:00:00,2026-02-20 00:00:00,0.0466666666666666,7.0,2026-02-20 09:53:00,293.97,58.00216504400173,52.47700806029939,3,881.9100000000001,288.0906,299.84940000000006,2026-02-20 15:59:00,294.99,WEEK_END_CLOSE,3.0599999999999454,0.3469741810388838
HWM,2026-02-19 00:00:00,2026-02-20 00:00:00,0.0331753554502369,4.0,2026-02-20 09:55:00,254.19,66.00174990098225,63.06748914654043,3,762.5699999999999,249.1062,259.2738,2026-02-20 15:59:00,258.16,WEEK_END_CLOSE,11.910000000000082,1.5618238325662004
SPGI,2026-02-19 00:00:00,2026-02-20 00:00:00,0.060377358490566,8.0,2026-02-20 09:55:00,414.38,55.95600466948643,51.56974751458749,2,828.76,406.0924,422.6676,2026-02-20 15:59:00,417.59,WEEK_END_CLOSE,6.419999999999959,0.7746512862589761
TT,2026-02-19 00:00:00,2026-02-20 00:00:00,0.0,1.0,2026-02-20 10:15:00,466.17,53.97021565173786,52.52475397090196,2,932.34,456.8466,475.4934,2026-02-20 15:59:00,466.99,WEEK_END_CLOSE,1.6399999999999864,0.17590149516271136
PCAR,2026-02-19 00:00:00,2026-02-20 00:00:00,0.04,5.0,2026-02-20 11:18:00,126.6325,61.332602527852494,58.968129525315504,7,886.4275,124.09984999999999,129.16514999999998,2026-02-20 15:59:00,128.45,WEEK_END_CLOSE,12.722499999999968,1.4352555623556418
FDX,2026-02-19 00:00:00,2026-02-20 00:00:00,0.0724191063174114,9.0,2026-02-20 11:32:00,384.8,46.19100926041642,45.795150131952845,2,769.6,377.104,392.49600000000004,2026-02-20 15:59:00,388.43,WEEK_END_CLOSE,7.259999999999991,0.9433471933471882
EMR,2026-02-19 00:00:00,2026-02-20 00:00:00,0.0067534973468403,2.0,2026-02-20 11:33:00,148.25,38.78965444328818,38.48252964346401,6,889.5,145.285,151.215,2026-02-20 15:59:00,148.61,WEEK_END_CLOSE,2.160000000000082,0.24283305227656982
FDX,2026-02-20 00:00:00,2026-02-23 00:00:00,0.0051432770022042,1.0,2026-02-23 09:45:00,388.285,48.549084605427154,48.20459130062003,2,776.57,380.51930000000004,396.0507,2026-02-23 13:56:00,380.51930000000004,STOP_LOSS,-15.531399999999962,-1.9999999999999907
APD,2026-02-20 00:00:00,2026-02-23 00:00:00,0.0151006711409395,4.0,2026-02-23 09:50:00,283.79,56.85180093478936,53.98279275226067,3,851.3700000000001,278.11420000000004,289.4658,2026-02-25 09:59:00,278.11420000000004,STOP_LOSS,-17.027399999999943,-1.9999999999999907
DUK,2026-02-20 00:00:00,2026-02-23 00:00:00,0.0492051476154428,10.0,2026-02-23 09:53:00,127.93,55.37251046655193,54.034063387421554,7,895.51,125.37140000000001,130.48860000000002,2026-02-27 09:41:00,130.48860000000002,TAKE_PROFIT,17.91020000000009,2.0000000000000018
RSG,2026-02-20 00:00:00,2026-02-23 00:00:00,0.0121580547112462,3.0,2026-02-23 09:54:00,221.14,54.59760655891938,50.86666108203542,4,884.56,216.7172,225.56279999999998,2026-02-27 09:31:00,226.0,TAKE_PROFIT_GAP,19.440000000000055,2.1977028126978437
CI,2026-02-20 00:00:00,2026-02-23 00:00:00,0.0484189723320158,9.0,2026-02-23 10:05:00,282.09,53.681609958526,53.61535085997246,3,846.27,276.4482,287.73179999999996,2026-02-26 09:32:00,287.99,TAKE_PROFIT_GAP,17.700000000000102,2.091531071643815
SPGI,2026-02-20 00:00:00,2026-02-23 00:00:00,0.008130081300813,2.0,2026-02-23 10:14:00,410.1,46.18512953156167,44.06952066373218,2,820.2,401.898,418.302,2026-02-24 09:30:00,401.898,STOP_LOSS,-16.403999999999996,-2.0000000000000018
AFL,2026-02-20 00:00:00,2026-02-23 00:00:00,0.0357142857142857,7.0,2026-02-23 10:42:00,113.57,46.3448078875033,45.78381241322816,8,908.56,111.2986,115.8414,2026-02-25 09:30:00,111.2986,STOP_LOSS,-18.1712,-2.0000000000000018
SYK,2026-02-20 00:00:00,2026-02-23 00:00:00,0.0301003344481605,6.0,2026-02-23 10:45:00,382.86,51.71071757892947,49.61364451108654,2,765.72,375.2028,390.5172,2026-02-27 15:59:00,387.55,WEEK_END_CLOSE,9.379999999999995,1.2249908582771862
FDX,2026-02-20 00:00:00,2026-02-23 00:00:00,0.0051432770022042,1.0,2026-02-23 14:00:00,380.94,50.711537809822424,42.44077754917542,2,761.88,373.3212,388.5588,2026-02-24 09:36:00,388.5588,TAKE_PROFIT,15.237600000000043,2.0000000000000018
ABT,2026-02-23 00:00:00,2026-02-24 00:00:00,0.1488095238095238,5.0,2026-02-24 09:46:00,115.1099,53.707383857599574,51.481822793160454,8,920.8792,112.80770199999999,117.412098,2026-02-27 15:59:00,116.32,WEEK_END_CLOSE,9.680799999999977,1.0512562342596121
KMI,2026-02-23 00:00:00,2026-02-24 00:00:00,0.0242336558459173,2.0,2026-02-24 09:46:00,32.41,47.25756591822764,41.30520808296906,30,972.3,31.761799999999997,33.0582,2026-02-26 11:14:00,33.0582,TAKE_PROFIT,19.446000000000083,2.0000000000000018
FDX,2026-02-23 00:00:00,2026-02-24 00:00:00,0.0019685039370078,1.0,2026-02-24 09:50:00,386.25,58.49590287308512,54.83629510928053,2,772.5,378.525,393.975,2026-02-27 15:59:00,387.1,WEEK_END_CLOSE,1.7000000000000455,0.22006472491908902
DE,2026-02-23 00:00:00,2026-02-24 00:00:00,0.2382261315741249,10.0,2026-02-24 09:58:00,641.5,45.46767331544099,45.065001754999734,1,641.5,628.67,654.33,2026-02-25 11:06:00,628.67,STOP_LOSS,-12.830000000000041,-2.0000000000000018
SPGI,2026-02-23 00:00:00,2026-02-24 00:00:00,0.1521739130434782,6.0,2026-02-24 10:02:00,411.91,57.91436966607748,52.47346165624451,2,823.82,403.6718,420.14820000000003,2026-02-25 09:30:00,420.14820000000003,TAKE_PROFIT,16.476400000000012,2.0000000000000018
MDT,2026-02-23 00:00:00,2026-02-24 00:00:00,0.1019801980198019,3.0,2026-02-24 10:05:00,97.975,43.10878247451495,42.297631640990524,10,979.75,96.01549999999999,99.9345,2026-02-25 10:00:00,96.01549999999999,STOP_LOSS,-19.595000000000056,-2.0000000000000018
ANET,2026-02-23 00:00:00,2026-02-24 00:00:00,0.2157077625570776,9.0,2026-02-24 10:06:00,125.855,53.43637237933222,53.28997703361916,7,880.985,123.3379,128.37210000000002,2026-02-24 10:30:00,128.37210000000002,TAKE_PROFIT,17.619700000000094,2.0000000000000018
CTAS,2026-02-23 00:00:00,2026-02-24 00:00:00,0.1346153846153846,4.0,2026-02-24 10:06:00,197.85,47.606179064659905,47.33330008313461,5,989.25,193.893,201.807,2026-02-27 13:20:00,201.807,TAKE_PROFIT,19.784999999999968,2.0000000000000018
CVS,2026-02-23 00:00:00,2026-02-24 00:00:00,0.2151233319854427,8.0,2026-02-24 10:14:00,73.57,31.59742166580878,25.984005435996888,13,956.4099999999999,72.09859999999999,75.0414,2026-02-25 09:30:00,75.3,TAKE_PROFIT_GAP,22.49000000000005,2.3515019709120732
ANET,2026-02-23 00:00:00,2026-02-24 00:00:00,0.2157077625570776,9.0,2026-02-24 10:53:00,128.2,57.25901967897091,57.0166450771873,7,897.3999999999999,125.63599999999998,130.76399999999998,2026-02-25 09:41:00,130.76399999999998,TAKE_PROFIT,17.94799999999995,2.0000000000000018
NOW,2026-02-24 00:00:00,2026-02-25 00:00:00,0.1834134615384615,8.0,2026-02-25 09:45:00,101.31,49.28256749525533,41.526303929123614,9,911.79,99.2838,103.3362,2026-02-25 09:53:00,103.3362,TAKE_PROFIT,18.235800000000026,2.0000000000000018
MAR,2026-02-24 00:00:00,2026-02-25 00:00:00,0.1812080536912751,7.0,2026-02-25 09:47:00,344.7988,50.613261072527635,50.2969803850371,2,689.5976,337.902824,351.69477600000005,2026-02-26 09:30:00,351.69477600000005,TAKE_PROFIT,13.791952000000038,2.0000000000000018
REGN,2026-02-24 00:00:00,2026-02-25 00:00:00,0.0831234256926952,3.0,2026-02-25 09:58:00,784.615,59.36219386215774,58.7724495948651,1,784.615,768.9227,800.3073,2026-02-26 10:06:00,768.9,STOP_LOSS_GAP,-15.715000000000032,-2.002893138673112
NOW,2026-02-24 00:00:00,2026-02-25 00:00:00,0.1834134615384615,8.0,2026-02-25 10:11:00,103.52,54.79304594194349,53.538592137541556,9,931.68,101.44959999999999,105.5904,2026-02-26 09:30:00,107.45,TAKE_PROFIT_GAP,35.37000000000006,3.7963678516228727
CSX,2026-02-24 00:00:00,2026-02-25 00:00:00,0.09375,4.0,2026-02-25 10:17:00,42.28,46.41921127236882,45.41925092581494,23,972.44,41.434400000000004,43.1256,2026-02-27 15:59:00,42.7,WEEK_END_CLOSE,9.66000000000004,0.9933774834437026
TXN,2026-02-24 00:00:00,2026-02-25 00:00:00,0.204241948153967,10.0,2026-02-25 10:17:00,213.55,54.05884693507534,49.822270978202994,4,854.2,209.279,217.82100000000003,2026-02-27 09:48:00,209.279,STOP_LOSS,-17.08400000000006,-2.0000000000000018
NSC,2026-02-24 00:00:00,2026-02-25 00:00:00,0.1515151515151515,6.0,2026-02-25 10:30:00,311.205,44.10093750137521,43.19718481538764,3,933.615,304.98089999999996,317.4291,2026-02-27 15:59:00,314.56,WEEK_END_CLOSE,10.065000000000055,1.0780675117687766
ISRG,2026-02-24 00:00:00,2026-02-25 00:00:00,0.0789636027143738,2.0,2026-02-25 11:07:00,501.465,53.55436138291831,48.78825714371306,1,501.465,491.43569999999994,511.4943,2026-02-26 09:32:00,511.4943,TAKE_PROFIT,10.029300000000035,2.0000000000000018
DE,2026-02-24 00:00:00,2026-02-25 00:00:00,0.1904554369143604,9.0,2026-02-25 11:19:00,629.61,51.66551978852514,39.355584352141896,1,629.61,617.0178,642.2022000000001,2026-02-26 09:57:00,617.0178,STOP_LOSS,-12.592200000000048,-2.000000000000013
CL,2026-02-25 00:00:00,2026-02-26 00:00:00,0.0916030534351145,6.0,2026-02-26 09:45:00,97.21,59.96452843402554,54.90529186920961,10,972.0999999999999,95.2658,99.15419999999999,2026-02-27 11:09:00,99.15419999999999,TAKE_PROFIT,19.44199999999995,2.0000000000000018
EMR,2026-02-25 00:00:00,2026-02-26 00:00:00,0.1886792452830188,7.0,2026-02-26 09:45:00,149.08,47.36131227053359,46.53845940374792,6,894.48,146.0984,152.06160000000003,2026-02-26 14:47:00,152.06160000000003,TAKE_PROFIT,17.889600000000087,2.0000000000000018
CRH,2026-02-25 00:00:00,2026-02-26 00:00:00,0.0344827586206896,2.0,2026-02-26 09:46:00,120.275,45.99472431335833,40.96870427384324,8,962.2,117.8695,122.68050000000001,2026-02-27 09:36:00,117.8695,STOP_LOSS,-19.244000000000028,-2.0000000000000018
BMY,2026-02-25 00:00:00,2026-02-26 00:00:00,0.0353107344632768,3.0,2026-02-26 09:52:00,61.215,54.56911274835227,53.40409435327012,16,979.44,59.990700000000004,62.4393,2026-02-27 12:05:00,62.4393,TAKE_PROFIT,19.588799999999992,2.0000000000000018
JPM,2026-02-25 00:00:00,2026-02-26 00:00:00,0.2425531914893617,10.0,2026-02-26 09:52:00,307.015,57.633141883635545,54.41810191397737,3,921.045,300.87469999999996,313.1553,2026-02-27 09:30:00,300.0,STOP_LOSS_GAP,-21.04499999999996,-2.284904646352781
HLT,2026-02-25 00:00:00,2026-02-26 00:00:00,0.0520833333333333,5.0,2026-02-26 10:11:00,317.28,54.38278063199668,53.36259266151194,3,951.8399999999999,310.9344,323.62559999999996,2026-02-27 09:34:00,310.9344,STOP_LOSS,-19.03679999999997,-2.0000000000000018
BSX,2026-02-25 00:00:00,2026-02-26 00:00:00,0.1895043731778425,8.0,2026-02-26 10:23:00,74.84,54.8104860056852,53.77676356801241,13,972.9200000000001,73.3432,76.33680000000001,2026-02-27 09:41:00,76.33680000000001,TAKE_PROFIT,19.458400000000097,2.0000000000000018
SPGI,2026-02-25 00:00:00,2026-02-26 00:00:00,0.2025316455696202,9.0,2026-02-26 10:35:00,436.56,62.99080258395791,60.758919940034346,2,873.12,427.8288,445.2912,2026-02-27 15:59:00,441.87,WEEK_END_CLOSE,10.620000000000005,1.2163276525563482
KMI,2026-02-25 00:00:00,2026-02-26 00:00:00,0.0467590301830776,4.0,2026-02-26 12:35:00,33.0199,50.221807348976824,46.25948333849913,30,990.597,32.359502,33.680298,2026-02-27 15:59:00,33.27,WEEK_END_CLOSE,7.5030000000001,0.7574220394368281
EMR,2026-02-25 00:00:00,2026-02-26 00:00:00,0.1886792452830188,7.0,2026-02-26 14:52:00,152.08,62.907701255604216,60.2734133977841,6,912.48,149.0384,155.12160000000003,2026-02-27 09:41:00,149.0384,STOP_LOSS,-18.2496000000001,-2.000000000000013
DASH,2026-02-26 00:00:00,2026-02-27 00:00:00,0.1697217460108136,9.0,2026-02-27 09:46:00,178.0,51.46727192685458,42.53134122992796,5,890.0,174.44,181.56,2026-02-27 15:59:00,176.7,WEEK_END_CLOSE,-6.500000000000057,-0.7303370786516883
TGT,2026-02-26 00:00:00,2026-02-27 00:00:00,0.1099800209304538,4.0,2026-02-27 09:46:00,112.72,48.17014035232179,44.56105099609304,8,901.76,110.4656,114.9744,2026-02-27 15:59:00,113.77,WEEK_END_CLOSE,8.399999999999977,0.9315117104329307
NEE,2026-02-26 00:00:00,2026-02-27 00:00:00,0.1310067405957816,6.0,2026-02-27 09:48:00,91.53,44.25647108039424,40.79546530068911,10,915.3,89.6994,93.3606,2026-02-27 15:20:00,93.3606,TAKE_PROFIT,18.30600000000004,2.0000000000000018
RTX,2026-02-26 00:00:00,2026-02-27 00:00:00,0.1568322981366459,8.0,2026-02-27 09:48:00,198.61,54.16405524416485,50.381527051438525,5,993.0500000000001,194.6378,202.58220000000003,2026-02-27 15:59:00,202.45,WEEK_END_CLOSE,19.199999999999875,1.9334373898595159
MDLZ,2026-02-26 00:00:00,2026-02-27 00:00:00,0.0706106870229007,2.0,2026-02-27 09:52:00,60.3872,51.96574035032297,51.097843011464235,16,966.1952,59.179456,61.594944,2026-02-27 12:55:00,61.594944,TAKE_PROFIT,19.32390399999997,2.0000000000000018
ISRG,2026-02-26 00:00:00,2026-02-27 00:00:00,0.1263736263736263,5.0,2026-02-27 09:54:00,502.49,44.84545066483353,44.130724706391135,1,502.49,492.4402,512.5398,2026-02-27 15:59:00,503.34,WEEK_END_CLOSE,0.8499999999999659,0.16915759517601714
REGN,2026-02-26 00:00:00,2026-02-27 00:00:00,0.1739130434782608,10.0,2026-02-27 10:05:00,781.605,58.26888539226271,57.08670298152814,1,781.605,765.9729,797.2371,2026-02-27 15:59:00,781.24,WEEK_END_CLOSE,-0.3650000000000091,-0.04669878007433903
PG,2026-02-26 00:00:00,2026-02-27 00:00:00,0.1553856532493816,7.0,2026-02-27 10:25:00,165.65,65.53812254022257,64.35350130492066,6,993.9000000000001,162.337,168.96300000000002,2026-02-27 15:59:00,167.135,WEEK_END_CLOSE,8.909999999999911,0.896468457591304
MDLZ,2026-02-26 00:00:00,2026-02-27 00:00:00,0.0706106870229007,2.0,2026-02-27 12:57:00,61.56,63.147594011443935,60.08392586640882,16,984.96,60.3288,62.7912,2026-02-27 15:59:00,61.56,WEEK_END_CLOSE,0.0,0.0
CMCSA,2026-02-27 00:00:00,2026-03-02 00:00:00,0.130098452883263,7.0,2026-03-02 09:45:00,30.815,52.29512299389428,49.38058040066926,32,986.08,30.198700000000002,31.4313,2026-03-04 11:01:00,31.4313,TAKE_PROFIT,19.721599999999967,2.0000000000000018
FDX,2026-02-27 00:00:00,2026-03-02 00:00:00,0.0019120458891013,1.0,2026-03-02 09:45:00,384.21,38.59621002923432,36.57210663761677,2,768.42,376.52579999999995,391.8942,2026-03-03 09:30:00,375.72,STOP_LOSS_GAP,-16.979999999999905,-2.2097290544233483
MDLZ,2026-02-27 00:00:00,2026-03-02 00:00:00,0.1701030927835051,10.0,2026-03-02 09:48:00,61.075,52.66911281575175,51.923972634228036,16,977.2,59.853500000000004,62.2965,2026-03-03 09:31:00,59.853500000000004,STOP_LOSS,-19.543999999999983,-2.0000000000000018
SO,2026-02-27 00:00:00,2026-03-02 00:00:00,0.0987654320987654,5.0,2026-03-02 09:48:00,97.395,51.04577689570832,48.09879177682192,10,973.9499999999999,95.44709999999999,99.3429,2026-03-03 10:10:00,95.44,STOP_LOSS_GAP,-19.549999999999983,-2.007289901945686
WMB,2026-02-27 00:00:00,2026-03-02 00:00:00,0.0693069306930693,2.0,2026-03-02 09:52:00,75.47,58.3892704580407,58.252905722236584,13,981.11,73.9606,76.9794,2026-03-06 09:44:00,73.9606,STOP_LOSS,-19.622199999999992,-2.0000000000000018
DLR,2026-02-27 00:00:00,2026-03-02 00:00:00,0.0833333333333333,4.0,2026-03-02 09:54:00,175.63,49.656246608648395,48.38454538608196,5,878.15,172.1174,179.1426,2026-03-04 09:34:00,179.1426,TAKE_PROFIT,17.56299999999996,2.0000000000000018
PEP,2026-02-27 00:00:00,2026-03-02 00:00:00,0.0718308558766503,3.0,2026-03-02 09:58:00,168.82,53.31011853352773,51.28165504972729,5,844.0999999999999,165.4436,172.19639999999998,2026-03-03 09:57:00,165.4436,STOP_LOSS,-16.881999999999948,-1.9999999999999907
ADI,2026-02-27 00:00:00,2026-03-02 00:00:00,0.1473354231974921,9.0,2026-03-02 10:01:00,351.98,56.43467140946795,56.01008059660893,2,703.96,344.9404,359.0196,2026-03-03 09:30:00,339.15,STOP_LOSS_GAP,-25.660000000000082,-3.6450934712199623
MO,2026-02-27 00:00:00,2026-03-02 00:00:00,0.1032967032967032,6.0,2026-03-02 10:12:00,69.38,51.47437659560071,51.25576692750561,14,971.3199999999999,67.99239999999999,70.7676,2026-03-03 09:57:00,67.99239999999999,STOP_LOSS,-19.426400000000086,-2.000000000000013
PGR,2026-02-27 00:00:00,2026-03-02 00:00:00,0.1327433628318584,8.0,2026-03-02 10:31:00,212.585,48.441495939571645,47.41255810805353,4,850.34,208.3333,216.8367,2026-03-06 09:42:00,208.3333,STOP_LOSS,-17.0068,-2.0000000000000018
APD,2026-03-02 00:00:00,2026-03-03 00:00:00,0.085,5.0,2026-03-03 09:54:00,270.825,49.864098069700546,44.48904759260306,3,812.4749999999999,265.4085,276.2415,2026-03-05 09:52:00,276.2415,TAKE_PROFIT,16.249499999999955,2.0000000000000018
MRSH,2026-03-02 00:00:00,2026-03-03 00:00:00,0.05,4.0,2026-03-03 09:54:00,183.91,39.06424346077649,38.940252814142454,5,919.55,180.2318,187.5882,2026-03-06 15:59:00,183.12,WEEK_END_CLOSE,-3.94999999999996,-0.4295579359469226
TRV,2026-03-02 00:00:00,2026-03-03 00:00:00,0.1756756756756756,10.0,2026-03-03 09:55:00,305.91,36.56301384434736,35.82328343556575,3,917.73,299.7918,312.0282,2026-03-03 14:41:00,312.0282,TAKE_PROFIT,18.354600000000005,2.0000000000000018
SPG,2026-03-02 00:00:00,2026-03-03 00:00:00,0.0978723404255319,6.0,2026-03-03 09:58:00,199.21,40.09837700351406,35.75275377120719,5,996.0500000000001,195.2258,203.19420000000002,2026-03-03 14:46:00,203.19420000000002,TAKE_PROFIT,19.921000000000078,2.0000000000000018
RSG,2026-03-02 00:00:00,2026-03-03 00:00:00,0.1538461538461538,8.0,2026-03-03 10:02:00,228.43,46.08110530992887,45.40953343110798,4,913.72,223.8614,232.9986,2026-03-03 14:00:00,232.9986,TAKE_PROFIT,18.274400000000014,2.0000000000000018
WELL,2026-03-02 00:00:00,2026-03-03 00:00:00,0.0170212765957446,1.0,2026-03-03 10:02:00,207.24,50.933701272588024,49.622139242589164,4,828.96,203.0952,211.3848,2026-03-05 09:44:00,203.0952,STOP_LOSS,-16.579200000000014,-2.0000000000000018
FDX,2026-03-02 00:00:00,2026-03-03 00:00:00,0.0373499519958024,3.0,2026-03-03 10:06:00,378.8732,47.55925947847556,46.41403916722926,2,757.7464,371.295736,386.450664,2026-03-04 09:30:00,386.450664,TAKE_PROFIT,15.15492800000004,2.0000000000000018
JCI,2026-03-02 00:00:00,2026-03-03 00:00:00,0.0190703218116805,2.0,2026-03-03 10:06:00,139.51,41.591978078434636,38.401002628906504,7,976.5699999999999,136.7198,142.3002,2026-03-05 10:30:00,136.7198,STOP_LOSS,-19.53139999999999,-2.0000000000000018
SLB,2026-03-02 00:00:00,2026-03-03 00:00:00,0.1063181135956451,7.0,2026-03-03 10:07:00,48.86,31.488033065577795,31.410504401976848,20,977.2,47.882799999999996,49.8372,2026-03-04 09:43:00,47.882799999999996,STOP_LOSS,-19.544000000000068,-2.0000000000000018
RSG,2026-03-02 00:00:00,2026-03-03 00:00:00,0.1538461538461538,8.0,2026-03-03 14:18:00,233.315,62.508727679423195,56.8634242294322,4,933.26,228.6487,237.9813,2026-03-05 11:06:00,228.55,STOP_LOSS_GAP,-19.059999999999945,-2.042303323832584
TRV,2026-03-02 00:00:00,2026-03-03 00:00:00,0.1756756756756756,10.0,2026-03-03 14:48:00,312.01,61.268128471649256,60.95209992585456,3,936.03,305.7698,318.2502,2026-03-05 10:12:00,305.7698,STOP_LOSS,-18.720600000000047,-2.0000000000000018
SPG,2026-03-02 00:00:00,2026-03-03 00:00:00,0.0978723404255319,6.0,2026-03-03 14:57:00,202.92,58.502792185548856,54.35766562864702,4,811.68,198.86159999999998,206.9784,2026-03-06 09:32:00,198.86159999999998,STOP_LOSS,-16.233600000000024,-2.0000000000000018
AON,2026-03-03 00:00:00,2026-03-04 00:00:00,0.0833333333333333,4.0,2026-03-04 09:49:00,339.76,56.60294305769564,50.86039870604697,2,679.52,332.96479999999997,346.5552,2026-03-06 15:59:00,340.6,WEEK_END_CLOSE,1.6800000000000637,0.24723334118201823
AFL,2026-03-03 00:00:00,2026-03-04 00:00:00,0.0387079187678887,2.0,2026-03-04 09:51:00,111.545,41.22161438249295,40.78564692692943,8,892.36,109.3141,113.77590000000001,2026-03-06 09:39:00,109.3141,STOP_LOSS,-17.847200000000043,-2.0000000000000018
SHW,2026-03-03 00:00:00,2026-03-04 00:00:00,0.1167883211678832,8.0,2026-03-04 09:51:00,345.35,42.296910208501195,35.50094929680093,2,690.7,338.44300000000004,352.257,2026-03-05 10:19:00,338.44300000000004,STOP_LOSS,-13.813999999999965,-1.9999999999999907
VRTX,2026-03-03 00:00:00,2026-03-04 00:00:00,0.1332311998622522,10.0,2026-03-04 09:58:00,472.76,46.66368769153594,44.61202257323125,2,945.52,463.3048,482.2152,2026-03-05 11:35:00,463.3048,STOP_LOSS,-18.91039999999998,-2.0000000000000018
SLB,2026-03-03 00:00:00,2026-03-04 00:00:00,0.1218598569424176,9.0,2026-03-04 10:04:00,47.93,51.38017492037694,48.436651418046274,20,958.6,46.971399999999996,48.888600000000004,2026-03-05 10:32:00,46.971399999999996,STOP_LOSS,-19.172000000000082,-2.000000000000013
SPGI,2026-03-03 00:00:00,2026-03-04 00:00:00,0.0901864801864801,6.0,2026-03-04 10:05:00,445.66,52.51260355151059,48.49311308216522,2,891.32,436.7468,454.57320000000004,2026-03-06 15:59:00,452.22,WEEK_END_CLOSE,13.120000000000005,1.4719741506978412
NSC,2026-03-03 00:00:00,2026-03-04 00:00:00,0.009090909090909,1.0,2026-03-04 10:06:00,315.07,45.5738905666893,44.77951175956934,3,945.21,308.7686,321.3714,2026-03-06 09:30:00,308.0,STOP_LOSS_GAP,-21.20999999999998,-2.2439457898244863
AJG,2026-03-03 00:00:00,2026-03-04 00:00:00,0.0978260869565217,7.0,2026-03-04 10:31:00,227.445,55.99483884536957,53.30207366708009,4,909.78,222.8961,231.9939,2026-03-06 15:59:00,227.93,WEEK_END_CLOSE,1.9400000000000546,0.21323836531910167
DUK,2026-03-04 00:00:00,2026-03-05 00:00:00,0.1502732240437158,9.0,2026-03-05 09:47:00,130.47,36.73052700124965,35.336407786539674,7,913.29,127.86059999999999,133.0794,2026-03-06 15:59:00,132.48,WEEK_END_CLOSE,14.069999999999936,1.5405840423085682
CRH,2026-03-04 00:00:00,2026-03-05 00:00:00,0.0622891992990915,3.0,2026-03-05 09:50:00,113.12,52.13736998525587,51.09682684313305,8,904.96,110.8576,115.3824,2026-03-05 11:34:00,110.8576,STOP_LOSS,-18.099199999999996,-2.0000000000000018
FDX,2026-03-04 00:00:00,2026-03-05 00:00:00,0.0142379067011419,1.0,2026-03-05 09:53:00,382.82,50.66321339576015,49.73114240624302,2,765.64,375.1636,390.4764,2026-03-05 12:52:00,375.1636,STOP_LOSS,-15.312800000000038,-2.0000000000000018
WELL,2026-03-04 00:00:00,2026-03-05 00:00:00,0.0666666666666666,4.0,2026-03-05 09:53:00,203.66,37.801655779341736,35.913003836418696,4,814.64,199.58679999999998,207.7332,2026-03-05 12:46:00,199.58679999999998,STOP_LOSS,-16.292800000000057,-2.0000000000000018
APO,2026-03-04 00:00:00,2026-03-05 00:00:00,0.1391288715592276,7.0,2026-03-05 09:57:00,111.18,57.8212006117454,55.3161755852079,8,889.44,108.9564,113.40360000000001,2026-03-06 09:30:00,107.4,STOP_LOSS_GAP,-30.24000000000001,-3.3998920669185084
CL,2026-03-04 00:00:00,2026-03-05 00:00:00,0.2162878787878787,10.0,2026-03-05 09:57:00,94.04,35.80747237485153,34.19291669386458,10,940.4000000000001,92.1592,95.92080000000001,2026-03-06 09:30:00,92.15,STOP_LOSS_GAP,-18.900000000000006,-2.0097830710335995
SO,2026-03-04 00:00:00,2026-03-05 00:00:00,0.0460889266864454,2.0,2026-03-05 09:59:00,96.76,42.04918766501893,38.91098133797041,10,967.6,94.8248,98.69520000000001,2026-03-06 15:59:00,97.49,WEEK_END_CLOSE,7.299999999999898,0.7544439851178142
EQIX,2026-03-04 00:00:00,2026-03-05 00:00:00,0.0727272727272727,5.0,2026-03-05 10:00:00,952.0,48.26725619540289,45.750784569300464,1,952.0,932.96,971.04,2026-03-06 15:59:00,936.65,WEEK_END_CLOSE,-15.350000000000023,-1.6123949579831987
BSX,2026-03-04 00:00:00,2026-03-05 00:00:00,0.1415873507424169,8.0,2026-03-05 10:09:00,71.69,41.37455010171214,39.16731315009157,13,931.97,70.25619999999999,73.1238,2026-03-05 15:57:00,73.1238,TAKE_PROFIT,18.639400000000066,2.0000000000000018
CRH,2026-03-04 00:00:00,2026-03-05 00:00:00,0.0622891992990915,3.0,2026-03-05 11:43:00,110.84,38.44930084933015,38.44667204562601,9,997.5600000000001,108.6232,113.05680000000001,2026-03-06 09:30:00,108.0,STOP_LOSS_GAP,-25.56000000000003,-2.56225189462288
WELL,2026-03-04 00:00:00,2026-03-05 00:00:00,0.0666666666666666,4.0,2026-03-05 13:00:00,199.675,48.85246428829434,43.883733198489836,5,998.375,195.6815,203.66850000000002,2026-03-05 15:26:00,203.66850000000002,TAKE_PROFIT,19.967500000000058,2.0000000000000018
FDX,2026-03-04 00:00:00,2026-03-05 00:00:00,0.0142379067011419,1.0,2026-03-05 13:04:00,375.575,45.112364921129966,38.66739864858014,2,751.15,368.0635,383.0865,2026-03-06 09:30:00,364.97,STOP_LOSS_GAP,-21.209999999999923,-2.82367037209611
REGN,2026-03-05 00:00:00,2026-03-06 00:00:00,0.0970772776281106,10.0,2026-03-06 09:48:00,757.83,52.187159749864385,51.64635450707601,1,757.83,742.6734,772.9866000000001,2026-03-06 15:59:00,759.635,WEEK_END_CLOSE,1.80499999999995,0.2381800667695888
RSG,2026-03-05 00:00:00,2026-03-06 00:00:00,0.0,2.0,2026-03-06 09:55:00,230.95,52.89360354693263,52.58509713421362,4,923.8,226.331,235.569,2026-03-06 15:59:00,231.05,WEEK_END_CLOSE,0.40000000000009095,0.04329941545790916
FDX,2026-03-05 00:00:00,2026-03-06 00:00:00,0.0178836534395006,4.0,2026-03-06 09:58:00,359.83,40.07722726275287,37.305222877736085,2,719.66,352.6334,367.0266,2026-03-06 15:59:00,358.98,WEEK_END_CLOSE,-1.6999999999999318,-0.23622266070087994
TEL,2026-03-05 00:00:00,2026-03-06 00:00:00,0.0137457044673539,3.0,2026-03-06 09:59:00,205.785,46.440866141773746,43.34234811211169,4,823.14,201.6693,209.9007,2026-03-06 15:59:00,205.81,WEEK_END_CLOSE,0.10000000000002274,0.012148601695938233
CI,2026-03-05 00:00:00,2026-03-06 00:00:00,0.089162420311914,9.0,2026-03-06 10:08:00,271.74,42.24907732687624,36.83997042420922,3,815.22,266.3052,277.1748,2026-03-06 15:59:00,271.62,WEEK_END_CLOSE,-0.36000000000001364,-0.04415985868845285
SLB,2026-03-05 00:00:00,2026-03-06 00:00:00,0.0558231737386932,6.0,2026-03-06 10:14:00,46.67,46.67656502484767,46.675534396374,21,980.07,45.7366,47.6034,2026-03-06 15:59:00,46.8704,WEEK_END_CLOSE,4.208399999999891,0.4293979001499748
BSX,2026-03-06 00:00:00,2026-03-09 00:00:00,0.0873844141170873,8.0,2026-03-09 09:45:00,70.48,46.10869861181725,42.1569428619858,14,986.72,69.0704,71.8896,2026-03-09 12:24:00,71.8896,TAKE_PROFIT,19.734399999999965,2.0000000000000018
KMI,2026-03-06 00:00:00,2026-03-09 00:00:00,0.0668082175801299,6.0,2026-03-09 09:46:00,33.41,47.88993702145034,42.25801739665762,29,968.8899999999999,32.7418,34.078199999999995,2026-03-11 09:30:00,32.7418,STOP_LOSS,-19.377799999999965,-2.0000000000000018
ABBV,2026-03-06 00:00:00,2026-03-09 00:00:00,0.1339573979090194,10.0,2026-03-09 09:47:00,229.255,47.303091459073535,45.397865625501396,4,917.02,224.66989999999998,233.8401,2026-03-09 10:32:00,224.66989999999998,STOP_LOSS,-18.340400000000045,-2.0000000000000018
DHR,2026-03-06 00:00:00,2026-03-09 00:00:00,0.0583056573522675,5.0,2026-03-09 09:47:00,194.54,43.95569808459684,40.133160319212486,5,972.6999999999999,190.64919999999998,198.4308,2026-03-09 15:27:00,198.4308,TAKE_PROFIT,19.454000000000065,2.0000000000000018
RSG,2026-03-06 00:00:00,2026-03-09 00:00:00,0.125,9.0,2026-03-09 09:54:00,229.66,52.0588852573731,50.39311310036924,4,918.64,225.0668,234.2532,2026-03-10 09:46:00,224.72,STOP_LOSS_GAP,-19.75999999999999,-2.151005834712183
PCAR,2026-03-06 00:00:00,2026-03-09 00:00:00,0.0859375,7.0,2026-03-09 09:55:00,117.62,40.23305063835339,38.6449674531919,8,940.96,115.2676,119.97240000000001,2026-03-09 15:21:00,119.97240000000001,TAKE_PROFIT,18.819200000000023,2.0000000000000018
ITW,2026-03-06 00:00:00,2026-03-09 00:00:00,0.0109664153529814,3.0,2026-03-09 09:57:00,271.45,43.40827218765408,42.295908372237584,3,814.3499999999999,266.02099999999996,276.879,2026-03-09 15:37:00,276.879,TAKE_PROFIT,16.28700000000009,2.0000000000000018
AON,2026-03-06 00:00:00,2026-03-09 00:00:00,0.0408163265306122,4.0,2026-03-09 10:00:00,336.31,46.491753619962985,46.01434290242197,2,672.62,329.5838,343.0362,2026-03-10 09:35:00,329.5838,STOP_LOSS,-13.452400000000011,-2.0000000000000018
FDX,2026-03-06 00:00:00,2026-03-09 00:00:00,0.0086278792248034,2.0,2026-03-09 10:00:00,348.03,43.99602552732487,43.20901487622585,2,696.06,341.0694,354.9906,2026-03-09 15:03:00,354.9906,TAKE_PROFIT,13.921199999999999,2.0000000000000018
ABBV,2026-03-06 00:00:00,2026-03-09 00:00:00,0.1339573979090194,10.0,2026-03-09 10:48:00,223.96,36.24319083077946,35.26927045395344,4,895.84,219.48080000000002,228.4392,2026-03-10 09:30:00,228.4392,TAKE_PROFIT,17.916799999999967,2.0000000000000018
BSX,2026-03-06 00:00:00,2026-03-09 00:00:00,0.0873844141170873,8.0,2026-03-09 13:35:00,71.71,52.50458344392535,51.20957525702446,13,932.2299999999999,70.27579999999999,73.1442,2026-03-10 10:14:00,70.27579999999999,STOP_LOSS,-18.644600000000054,-2.0000000000000018
FDX,2026-03-06 00:00:00,2026-03-09 00:00:00,0.0086278792248034,2.0,2026-03-09 15:07:00,355.005,58.387462788004854,57.34129121865793,2,710.01,347.9049,362.1051,2026-03-10 09:30:00,363.3,TAKE_PROFIT_GAP,16.590000000000032,2.3365868086365094
AMT,2026-03-09 00:00:00,2026-03-10 00:00:00,0.1108647450110864,6.0,2026-03-10 09:45:00,187.655,54.30843496128933,49.619546371389255,5,938.275,183.9019,191.4081,2026-03-11 10:28:00,183.9019,STOP_LOSS,-18.765499999999946,-1.9999999999999907
ECL,2026-03-09 00:00:00,2026-03-10 00:00:00,0.1666666666666666,9.0,2026-03-10 09:55:00,281.87,59.579568845226746,58.70206388374571,3,845.61,276.2326,287.5074,2026-03-11 09:57:00,276.2326,STOP_LOSS,-16.91220000000004,-2.0000000000000018
LIN,2026-03-09 00:00:00,2026-03-10 00:00:00,0.0210084033613445,2.0,2026-03-10 09:57:00,478.16,50.772586828713656,45.79479480204303,2,956.32,468.59680000000003,487.7232,2026-03-12 09:39:00,487.7232,TAKE_PROFIT,19.12639999999999,2.0000000000000018
QCOM,2026-03-09 00:00:00,2026-03-10 00:00:00,0.1812729946778769,10.0,2026-03-10 10:04:00,133.565,49.350890447168,47.443795584710244,7,934.9549999999999,130.8937,136.2363,2026-03-10 11:02:00,136.2363,TAKE_PROFIT,18.699100000000016,2.0000000000000018
NSC,2026-03-09 00:00:00,2026-03-10 00:00:00,0.1126050420168067,7.0,2026-03-10 10:05:00,300.985,54.45825167868172,53.618017436236535,3,902.955,294.9653,307.0047,2026-03-11 09:49:00,294.9653,STOP_LOSS,-18.0591,-2.0000000000000018
PCAR,2026-03-09 00:00:00,2026-03-10 00:00:00,0.0224719101123595,3.0,2026-03-10 10:14:00,119.175,50.991026498077034,45.47317473612079,8,953.4,116.7915,121.5585,2026-03-11 10:00:00,116.7915,STOP_LOSS,-19.067999999999984,-2.0000000000000018
RSG,2026-03-09 00:00:00,2026-03-10 00:00:00,0.006310958118187,1.0,2026-03-10 10:21:00,220.745,32.38429277700921,30.02442881496085,4,882.98,216.3301,225.15990000000002,2026-03-10 13:03:00,225.17,TAKE_PROFIT_GAP,17.699999999999932,2.0045754150716855
AON,2026-03-09 00:00:00,2026-03-10 00:00:00,0.0289855072463768,4.0,2026-03-10 10:29:00,322.88,40.57289042328022,34.802960538297214,3,968.64,316.4224,329.3376,2026-03-12 09:30:00,316.0,STOP_LOSS_GAP,-20.639999999999986,-2.130822596630322
WELL,2026-03-09 00:00:00,2026-03-10 00:00:00,0.0636363636363636,5.0,2026-03-10 10:42:00,209.25,58.6958063384324,55.5892931071949,4,837.0,205.065,213.435,2026-03-11 11:54:00,205.065,STOP_LOSS,-16.74000000000001,-2.0000000000000018
QCOM,2026-03-09 00:00:00,2026-03-10 00:00:00,0.1812729946778769,10.0,2026-03-10 11:07:00,135.84,61.94463100848182,59.63091890952209,7,950.88,133.1232,138.5568,2026-03-12 10:17:00,133.1232,STOP_LOSS,-19.017600000000044,-2.0000000000000018
RSG,2026-03-09 00:00:00,2026-03-10 00:00:00,0.006310958118187,1.0,2026-03-10 13:19:00,225.11,57.96442047662278,56.67887003472051,4,900.44,220.6078,229.61220000000003,2026-03-13 15:59:00,224.29,WEEK_END_CLOSE,-3.2800000000000864,-0.3642663586691075
APH,2026-03-10 00:00:00,2026-03-11 00:00:00,0.1076363636363636,9.0,2026-03-11 09:46:00,134.375,45.608804010663356,41.544759480337675,7,940.625,131.6875,137.0625,2026-03-12 09:30:00,131.6875,STOP_LOSS,-18.8125,-2.0000000000000018
EMR,2026-03-10 00:00:00,2026-03-11 00:00:00,0.0117135447389563,2.0,2026-03-11 09:53:00,138.11,41.98819026945233,38.46785381704961,7,966.7700000000001,135.3478,140.87220000000002,2026-03-12 10:21:00,135.3478,STOP_LOSS,-19.33540000000005,-2.0000000000000018
FDX,2026-03-10 00:00:00,2026-03-11 00:00:00,0.0190766525820264,3.0,2026-03-11 09:53:00,358.09,43.68512469409692,36.76739164915941,2,716.18,350.92819999999995,365.2518,2026-03-13 10:16:00,350.92819999999995,STOP_LOSS,-14.323600000000056,-2.000000000000013
HWM,2026-03-10 00:00:00,2026-03-11 00:00:00,0.0999219248213508,8.0,2026-03-11 09:53:00,249.46,45.240578136833605,42.673745821803,4,997.84,244.4708,254.44920000000002,2026-03-12 09:44:00,244.4708,STOP_LOSS,-19.956800000000044,-2.0000000000000018
TT,2026-03-10 00:00:00,2026-03-11 00:00:00,0.1258278145695364,10.0,2026-03-11 09:53:00,428.83,43.68150747487361,39.72463961964649,2,857.66,420.2534,437.40659999999997,2026-03-13 10:17:00,420.2534,STOP_LOSS,-17.15319999999997,-2.0000000000000018
ITW,2026-03-10 00:00:00,2026-03-11 00:00:00,0.0555555555555555,5.0,2026-03-11 09:54:00,268.54,30.524643340992085,29.923451007271265,3,805.6200000000001,263.1692,273.91080000000005,2026-03-13 15:59:00,267.01,WEEK_END_CLOSE,-4.590000000000089,-0.5697475236463911
EQIX,2026-03-10 00:00:00,2026-03-11 00:00:00,0.0600924499229583,6.0,2026-03-11 10:27:00,966.48,56.303941988437956,55.20687443916332,1,966.48,947.1504,985.8096,2026-03-13 15:59:00,970.13,WEEK_END_CLOSE,3.6499999999999773,0.3776591341776214
PCAR,2026-03-10 00:00:00,2026-03-11 00:00:00,0.032258064516129,4.0,2026-03-11 10:29:00,117.22,38.02415593762998,37.839098522899434,8,937.76,114.87559999999999,119.5644,2026-03-13 15:59:00,115.32,WEEK_END_CLOSE,-15.200000000000045,-1.6208838082238608
REGN,2026-03-11 00:00:00,2026-03-12 00:00:00,0.0773942697528102,9.0,2026-03-12 09:46:00,761.14,42.22549505940289,40.0807378458568,1,761.14,745.9172,776.3628,2026-03-12 15:54:00,745.9172,STOP_LOSS,-15.222800000000007,-2.0000000000000018
SHW,2026-03-11 00:00:00,2026-03-12 00:00:00,0.0583657587548638,6.0,2026-03-12 09:48:00,321.1,43.65674710964273,41.96348946290516,3,963.3000000000001,314.678,327.52200000000005,2026-03-13 09:35:00,327.52200000000005,TAKE_PROFIT,19.266000000000076,2.0000000000000018
ORLY,2026-03-11 00:00:00,2026-03-12 00:00:00,0.0761421319796954,8.0,2026-03-12 10:04:00,95.24,57.34856279370719,56.87151956297815,10,952.4,93.3352,97.14479999999999,2026-03-12 15:38:00,93.3352,STOP_LOSS,-19.047999999999945,-1.9999999999999907
EMR,2026-03-11 00:00:00,2026-03-12 00:00:00,0.0589001912351992,7.0,2026-03-12 10:41:00,134.215,33.69673761378935,33.40180216068719,7,939.505,131.5307,136.8993,2026-03-13 15:59:00,132.25,WEEK_END_CLOSE,-13.755000000000024,-1.4640688447639993
MO,2026-03-12 00:00:00,2026-03-13 00:00:00,0.0683939858099689,7.0,2026-03-13 09:46:00,67.875,53.107329063984245,52.579886929752995,14,950.25,66.5175,69.2325,2026-03-13 15:59:00,67.93,WEEK_END_CLOSE,0.7700000000000955,0.08103130755066079
CI,2026-03-12 00:00:00,2026-03-13 00:00:00,0.0656244948853534,6.0,2026-03-13 09:52:00,267.61,51.57300354072133,49.25595413635482,3,802.83,262.25780000000003,272.9622,2026-03-13 15:59:00,267.14,WEEK_END_CLOSE,-1.4100000000000819,-0.17562871342626796
SLB,2026-03-12 00:00:00,2026-03-13 00:00:00,0.0547257351859842,5.0,2026-03-13 09:57:00,44.35,50.308486776514975,49.21938622419315,22,975.7,43.463,45.237,2026-03-13 15:59:00,44.735,WEEK_END_CLOSE,8.469999999999956,0.8680947012401408
WELL,2026-03-12 00:00:00,2026-03-13 00:00:00,0.0902255639097744,10.0,2026-03-13 09:58:00,209.32,62.932088385813486,61.99986648151297,4,837.28,205.1336,213.50639999999999,2026-03-13 15:59:00,207.82,WEEK_END_CLOSE,-6.0,-0.7166061532581702
CSX,2026-03-12 00:00:00,2026-03-13 00:00:00,0.0868323729250881,9.0,2026-03-13 10:13:00,39.27,45.58515983335718,44.42046742071956,25,981.7500000000001,38.4846,40.055400000000006,2026-03-13 15:59:00,39.31,WEEK_END_CLOSE,0.9999999999999787,0.10185892538834285
FDX,2026-03-12 00:00:00,2026-03-13 00:00:00,0.0181602044843723,4.0,2026-03-13 10:20:00,350.315,40.54746022641325,38.08697156728209,2,700.63,343.3087,357.3213,2026-03-13 15:59:00,351.62,WEEK_END_CLOSE,2.6100000000000136,0.37252187317129426
FDX,2026-03-13 00:00:00,2026-03-16 00:00:00,0.0933765573353674,8.0,2026-03-16 09:56:00,356.1125,57.714546904363516,53.33861756721604,2,712.225,348.99025,363.23475,2026-03-18 15:56:00,348.99025,STOP_LOSS,-14.244500000000016,-2.0000000000000018
ELV,2026-03-13 00:00:00,2026-03-16 00:00:00,0.0417287630402384,3.0,2026-03-16 09:57:00,293.485,50.833655757677704,48.8278409020454,3,880.455,287.6153,299.35470000000004,2026-03-17 09:46:00,299.35470000000004,TAKE_PROFIT,17.60910000000007,2.0000000000000018
NSC,2026-03-13 00:00:00,2026-03-16 00:00:00,0.0693400167084377,7.0,2026-03-16 10:02:00,293.2,57.78388540253848,56.6866860719814,3,879.5999999999999,287.33599999999996,299.064,2026-03-18 10:12:00,287.33599999999996,STOP_LOSS,-17.5920000000001,-2.000000000000013
EMR,2026-03-13 00:00:00,2026-03-16 00:00:00,0.0652173913043478,6.0,2026-03-16 10:04:00,133.8675,52.15587266735831,50.411049729366304,7,937.0725,131.19015000000002,136.54485,2026-03-17 10:25:00,131.19015000000002,STOP_LOSS,-18.74144999999993,-1.9999999999999907
BSX,2026-03-13 00:00:00,2026-03-16 00:00:00,0.0584172464125978,4.0,2026-03-16 10:07:00,69.65,54.07468620156505,47.388759350982184,14,975.1000000000001,68.257,71.043,2026-03-17 09:35:00,71.043,TAKE_PROFIT,19.50200000000001,2.0000000000000018
ICE,2026-03-13 00:00:00,2026-03-16 00:00:00,0.0409207161125319,2.0,2026-03-16 10:07:00,160.92,57.71187014006825,54.97416135429529,6,965.52,157.70159999999998,164.1384,2026-03-18 14:12:00,157.70159999999998,STOP_LOSS,-19.310400000000016,-2.0000000000000018
PSX,2026-03-13 00:00:00,2026-03-16 00:00:00,0.097183377122355,9.0,2026-03-16 10:07:00,173.705,48.32084133687782,44.120105115172684,5,868.5250000000001,170.23090000000002,177.1791,2026-03-18 09:57:00,177.1791,TAKE_PROFIT,17.370499999999964,2.0000000000000018
KO,2026-03-13 00:00:00,2026-03-16 00:00:00,0.1048089691291196,10.0,2026-03-16 10:16:00,78.3079,56.73881507792957,56.30624229864611,12,939.6948,76.741742,79.874058,2026-03-18 09:33:00,76.741742,STOP_LOSS,-18.793896000000018,-2.0000000000000018
ITW,2026-03-13 00:00:00,2026-03-16 00:00:00,0.0068775790921595,1.0,2026-03-16 10:56:00,268.2,53.41202727245637,47.75212118230045,3,804.5999999999999,262.83599999999996,273.564,2026-03-18 14:51:00,262.81,STOP_LOSS_GAP,-16.16999999999996,-2.0096942580164034
SO,2026-03-13 00:00:00,2026-03-16 00:00:00,0.0599462606962666,5.0,2026-03-16 11:18:00,98.53,56.436341965157936,47.18840650657771,10,985.3,96.5594,100.5006,2026-03-18 15:58:00,96.5594,STOP_LOSS,-19.706000000000046,-2.0000000000000018
JCI,2026-03-16 00:00:00,2026-03-17 00:00:00,0.033722438391699,4.0,2026-03-17 09:47:00,132.015,53.85629873287956,53.768568190641055,7,924.1049999999999,129.3747,134.65529999999998,2026-03-17 10:26:00,129.37,STOP_LOSS_GAP,-18.514999999999873,-2.0035602014922382
EQIX,2026-03-16 00:00:00,2026-03-17 00:00:00,0.0837988826815642,9.0,2026-03-17 09:48:00,984.58,52.721088525595114,45.76159555833932,1,984.58,964.8884,1004.2716,2026-03-19 09:30:00,963.34,STOP_LOSS_GAP,-21.24000000000001,-2.1572650267118965
CSX,2026-03-16 00:00:00,2026-03-17 00:00:00,0.0289276807980049,3.0,2026-03-17 09:52:00,40.295,58.68069872567441,56.22069338969404,24,967.08,39.4891,41.1009,2026-03-18 10:51:00,39.4891,STOP_LOSS,-19.341600000000028,-2.0000000000000018
MSI,2026-03-16 00:00:00,2026-03-17 00:00:00,0.0909090909090909,10.0,2026-03-17 09:59:00,471.63,51.47678805466695,47.53207591819668,2,943.26,462.19739999999996,481.06260000000003,2026-03-19 09:34:00,462.19739999999996,STOP_LOSS,-18.865200000000073,-2.000000000000013
UNP,2026-03-16 00:00:00,2026-03-17 00:00:00,0.0674055643519565,6.0,2026-03-17 10:02:00,243.71,53.461891103111704,48.97983786164941,4,974.84,238.8358,248.5842,2026-03-18 10:12:00,238.68,STOP_LOSS_GAP,-20.120000000000005,-2.063928439538798
JCI,2026-03-16 00:00:00,2026-03-17 00:00:00,0.033722438391699,4.0,2026-03-17 10:29:00,130.17,43.644005976266776,43.32406118874384,7,911.1899999999999,127.56659999999998,132.77339999999998,2026-03-17 15:48:00,132.77339999999998,TAKE_PROFIT,18.223799999999954,2.0000000000000018
EMR,2026-03-16 00:00:00,2026-03-17 00:00:00,0.042490118577075,5.0,2026-03-17 10:33:00,132.325,48.739461317962345,47.82634408473813,7,926.2749999999999,129.67849999999999,134.9715,2026-03-18 15:45:00,129.67849999999999,STOP_LOSS,-18.525500000000022,-2.0000000000000018
FTNT,2026-03-16 00:00:00,2026-03-17 00:00:00,0.0678950025239777,7.0,2026-03-17 10:49:00,84.9,51.625615995845,49.38441608030003,11,933.9000000000001,83.202,86.59800000000001,2026-03-17 15:47:00,83.202,STOP_LOSS,-18.678000000000083,-2.000000000000013
DASH,2026-03-17 00:00:00,2026-03-18 00:00:00,0.0666061941168848,6.0,2026-03-18 09:47:00,169.13,52.84478890689115,47.88266788558065,5,845.65,165.7474,172.5126,2026-03-18 10:28:00,165.7474,STOP_LOSS,-16.912999999999982,-2.0000000000000018
MDT,2026-03-17 00:00:00,2026-03-18 00:00:00,0.0628218331616889,5.0,2026-03-18 09:47:00,87.9399,47.590259604588944,44.422487809441876,11,967.3389,86.181102,89.698698,2026-03-20 11:19:00,86.181102,STOP_LOSS,-19.346777999999986,-2.0000000000000018
MCO,2026-03-17 00:00:00,2026-03-18 00:00:00,0.025297619047619,4.0,2026-03-18 09:50:00,439.42,49.53252134301013,48.48907911539284,2,878.84,430.6316,448.20840000000004,2026-03-20 15:59:00,435.03,WEEK_END_CLOSE,-8.780000000000086,-0.9990441946201911
MRSH,2026-03-17 00:00:00,2026-03-18 00:00:00,0.0009389671361502,2.0,2026-03-18 09:59:00,171.51,50.38504535412597,48.90862708646731,5,857.55,168.07979999999998,174.9402,2026-03-20 12:10:00,174.9402,TAKE_PROFIT,17.151000000000067,2.0000000000000018
MMM,2026-03-17 00:00:00,2026-03-18 00:00:00,0.1005061460592914,9.0,2026-03-18 10:21:00,144.95,39.554830121405566,37.37250785540253,6,869.6999999999999,142.051,147.849,2026-03-19 14:27:00,142.051,STOP_LOSS,-17.394000000000005,-2.0000000000000018
ADBE,2026-03-17 00:00:00,2026-03-18 00:00:00,0.114850253280801,10.0,2026-03-18 10:22:00,250.32,42.77732589522581,41.013398344651435,3,750.96,245.31359999999998,255.3264,2026-03-18 14:10:00,245.31359999999998,STOP_LOSS,-15.01920000000004,-2.0000000000000018
RSG,2026-03-17 00:00:00,2026-03-18 00:00:00,0.0,1.0,2026-03-18 10:30:00,224.91,50.00434599993927,47.23470827778184,4,899.64,220.4118,229.4082,2026-03-20 14:09:00,220.4118,STOP_LOSS,-17.99279999999999,-2.0000000000000018
DASH,2026-03-17 00:00:00,2026-03-18 00:00:00,0.0666061941168848,6.0,2026-03-18 10:38:00,166.15,40.19034141856418,39.985060852779725,6,996.9000000000001,162.827,169.473,2026-03-19 09:30:00,162.58,STOP_LOSS_GAP,-21.41999999999996,-2.1486608486307457
ADBE,2026-03-17 00:00:00,2026-03-18 00:00:00,0.114850253280801,10.0,2026-03-18 14:21:00,246.915,48.99181467787015,48.6910793947888,4,987.66,241.9767,251.8533,2026-03-20 09:30:00,241.9767,STOP_LOSS,-19.753199999999993,-2.0000000000000018
ICE,2026-03-17 00:00:00,2026-03-18 00:00:00,0.0673076923076923,7.0,2026-03-18 14:26:00,157.86,47.931506098477264,41.64837459056246,6,947.1600000000001,154.70280000000002,161.0172,2026-03-20 15:59:00,158.44,WEEK_END_CLOSE,3.4799999999999045,0.3674141644494977
ITW,2026-03-17 00:00:00,2026-03-18 00:00:00,0.0980392156862745,8.0,2026-03-18 15:00:00,262.86,45.075388004758764,41.548132378729264,3,788.58,257.6028,268.1172,2026-03-19 09:30:00,257.6028,STOP_LOSS,-15.771600000000035,-2.0000000000000018
TEL,2026-03-18 00:00:00,2026-03-19 00:00:00,0.05,10.0,2026-03-19 09:45:00,193.21,46.26660190958431,42.39213002561447,5,966.0500000000001,189.3458,197.07420000000002,2026-03-19 10:04:00,197.07420000000002,TAKE_PROFIT,19.321000000000055,2.0000000000000018
CB,2026-03-18 00:00:00,2026-03-19 00:00:00,0.04,7.0,2026-03-19 09:46:00,328.79,47.813582519228156,44.72509717783431,3,986.3700000000001,322.2142,335.36580000000004,2026-03-20 10:21:00,322.2142,STOP_LOSS,-19.727400000000046,-2.0000000000000018
AON,2026-03-18 00:00:00,2026-03-19 00:00:00,0.0192307692307692,4.0,2026-03-19 09:47:00,319.42,51.96109118285254,51.883828599357734,3,958.26,313.0316,325.8084,2026-03-20 12:31:00,325.8084,TAKE_PROFIT,19.16519999999997,2.0000000000000018
MDLZ,2026-03-18 00:00:00,2026-03-19 00:00:00,0.0091977516607051,3.0,2026-03-19 09:53:00,56.46,52.59527284300551,52.058464266458756,17,959.82,55.330799999999996,57.589200000000005,2026-03-20 15:59:00,56.23,WEEK_END_CLOSE,-3.9100000000000676,-0.4073680481757047
REGN,2026-03-18 00:00:00,2026-03-19 00:00:00,0.042,8.0,2026-03-19 09:59:00,743.04,50.22050225974206,46.60000802556692,1,743.04,728.1791999999999,757.9008,2026-03-19 11:11:00,728.1791999999999,STOP_LOSS,-14.86080000000004,-2.0000000000000018
KMI,2026-03-18 00:00:00,2026-03-19 00:00:00,0.0210378681626928,5.0,2026-03-19 10:29:00,33.545,65.2942765592814,65.08338944135835,29,972.8050000000001,32.8741,34.215900000000005,2026-03-20 15:49:00,32.8741,STOP_LOSS,-19.45610000000009,-2.000000000000013
DUK,2026-03-18 00:00:00,2026-03-19 00:00:00,0.0491978609625668,9.0,2026-03-19 10:30:00,131.14,51.5190500569682,48.94516262125224,7,917.9799999999999,128.51719999999997,133.7628,2026-03-20 11:21:00,128.51719999999997,STOP_LOSS,-18.359600000000086,-2.000000000000013
EMR,2026-03-18 00:00:00,2026-03-19 00:00:00,0.0079754601226993,1.0,2026-03-19 10:31:00,128.27,49.232284074969016,46.160183499732355,7,897.8900000000001,125.70460000000001,130.83540000000002,2026-03-20 15:59:00,128.17,WEEK_END_CLOSE,-0.7000000000001592,-0.07796055196072071
TEL,2026-03-18 00:00:00,2026-03-19 00:00:00,0.05,10.0,2026-03-19 10:31:00,196.54,57.96339681983062,50.67848333392593,5,982.6999999999999,192.6092,200.4708,2026-03-20 15:59:00,195.67,WEEK_END_CLOSE,-4.350000000000023,-0.4426579831077637
AFL,2026-03-18 00:00:00,2026-03-19 00:00:00,0.0090452261306532,2.0,2026-03-19 10:34:00,107.58,46.76169038981694,43.529456538227606,9,968.22,105.4284,109.7316,2026-03-20 15:59:00,106.28,WEEK_END_CLOSE,-11.699999999999974,-1.2084030488938469
WELL,2026-03-18 00:00:00,2026-03-19 00:00:00,0.0271493212669683,6.0,2026-03-19 10:42:00,210.52,52.14382810197321,51.980197139380266,4,842.08,206.30960000000002,214.7304,2026-03-19 14:29:00,206.30960000000002,STOP_LOSS,-16.84159999999997,-2.0000000000000018
REGN,2026-03-18 00:00:00,2026-03-19 00:00:00,0.042,8.0,2026-03-19 11:24:00,732.025,44.51197810872544,41.07060307439119,1,732.025,717.3845,746.6655,2026-03-20 15:59:00,732.79,WEEK_END_CLOSE,0.7649999999999864,0.10450462757418677
WELL,2026-03-18 00:00:00,2026-03-19 00:00:00,0.0271493212669683,6.0,2026-03-19 14:46:00,206.3859,52.47268369064553,42.09879938461602,4,825.5436,202.25818199999998,210.513618,2026-03-20 10:01:00,202.25818199999998,STOP_LOSS,-16.510872000000063,-2.000000000000013
HWM,2026-03-19 00:00:00,2026-03-20 00:00:00,0.0509868421052631,6.0,2026-03-20 09:45:00,232.78,56.13012225259252,48.97376373408554,4,931.12,228.1244,237.4356,2026-03-20 10:19:00,228.1244,STOP_LOSS,-18.62239999999997,-2.0000000000000018
MCK,2026-03-19 00:00:00,2026-03-20 00:00:00,0.0245215311004784,4.0,2026-03-20 09:45:00,895.75,45.587924759976545,37.38193423626768,1,895.75,877.835,913.665,2026-03-20 10:09:00,877.835,STOP_LOSS,-17.914999999999964,-1.9999999999999907
KO,2026-03-19 00:00:00,2026-03-20 00:00:00,0.0810498514361175,10.0,2026-03-20 09:47:00,75.68,47.600918551270254,46.79696173501501,13,983.8400000000001,74.16640000000001,77.1936,2026-03-20 15:59:00,74.775,WEEK_END_CLOSE,-11.765000000000015,-1.195824524312894
PCAR,2026-03-19 00:00:00,2026-03-20 00:00:00,0.037037037037037,5.0,2026-03-20 09:48:00,112.94,53.76484707718699,48.498191307272904,8,903.52,110.68119999999999,115.1988,2026-03-20 15:37:00,110.68119999999999,STOP_LOSS,-18.070400000000063,-2.0000000000000018
MPC,2026-03-19 00:00:00,2026-03-20 00:00:00,0.0762032085561497,9.0,2026-03-20 09:49:00,235.705,49.147367384146726,43.79750573400159,4,942.82,230.9909,240.41910000000001,2026-03-20 15:59:00,232.75,WEEK_END_CLOSE,-11.82000000000005,-1.2536857512568722
NSC,2026-03-19 00:00:00,2026-03-20 00:00:00,0.0142857142857142,3.0,2026-03-20 09:51:00,278.88,49.556029439467444,48.19277124008238,3,836.64,273.3024,284.4576,2026-03-20 15:59:00,281.25,WEEK_END_CLOSE,7.110000000000014,0.8498278829604189
VRTX,2026-03-19 00:00:00,2026-03-20 00:00:00,0.0541516245487364,7.0,2026-03-20 09:51:00,459.75,57.19710920094189,56.75427878147309,2,919.5,450.555,468.945,2026-03-20 15:59:00,454.18,WEEK_END_CLOSE,-11.139999999999986,-1.211528004350193
EQIX,2026-03-19 00:00:00,2026-03-20 00:00:00,0.069946195234435,8.0,2026-03-20 10:02:00,976.59,59.222173119083756,52.09478364253594,1,976.59,957.0582,996.1218,2026-03-20 11:17:00,957.0582,STOP_LOSS,-19.531799999999976,-2.0000000000000018
MCK,2026-03-19 00:00:00,2026-03-20 00:00:00,0.0245215311004784,4.0,2026-03-20 10:10:00,881.92,34.57550955569339,33.673926947854504,1,881.92,864.2815999999999,899.5584,2026-03-20 15:59:00,886.48,WEEK_END_CLOSE,4.560000000000059,0.5170537010159793
HWM,2026-03-19 00:00:00,2026-03-20 00:00:00,0.0509868421052631,6.0,2026-03-20 10:30:00,228.9,44.457867489328265,36.67307539563647,4,915.6,224.322,233.478,2026-03-20 15:59:00,231.25,WEEK_END_CLOSE,9.399999999999977,1.0266491917868104
EQIX,2026-03-19 00:00:00,2026-03-20 00:00:00,0.069946195234435,8.0,2026-03-20 11:23:00,968.44,51.93417799759012,44.481852955022894,1,968.44,949.0712000000001,987.8088,2026-03-20 15:59:00,959.5,WEEK_END_CLOSE,-8.940000000000055,-0.92313411259346
RSG,2026-03-19 00:00:00,2026-03-20 00:00:00,0.0,1.0,2026-03-20 14:26:00,220.52,48.22071439300217,47.0637231443208,4,882.08,216.1096,224.93040000000002,2026-03-20 15:59:00,219.42,WEEK_END_CLOSE,-4.400000000000091,-0.49882096861963987
WELL,2026-03-20 00:00:00,2026-03-23 00:00:00,0.027027027027027,4.0,2026-03-23 09:57:00,199.02,56.29961999392481,56.16675287060745,5,995.1,195.0396,203.0004,2026-03-23 15:55:00,195.0396,STOP_LOSS,-19.902000000000015,-2.0000000000000018
FDX,2026-03-20 00:00:00,2026-03-23 00:00:00,0.0152506289916779,2.0,2026-03-23 09:59:00,366.705,55.91877713113952,53.733269646810776,2,733.41,359.3709,374.03909999999996,2026-03-23 15:16:00,359.3709,STOP_LOSS,-14.668199999999956,-1.9999999999999907
NEE,2026-03-20 00:00:00,2026-03-23 00:00:00,0.0385321100917431,8.0,2026-03-23 10:07:00,90.885,52.66910103366389,51.98363088866202,11,999.735,89.0673,92.70270000000001,2026-03-27 15:59:00,91.37,WEEK_END_CLOSE,5.334999999999994,0.5336414149749613
SO,2026-03-20 00:00:00,2026-03-23 00:00:00,0.0120614035087719,1.0,2026-03-23 10:07:00,94.0,50.79583356358085,47.77269935165515,10,940.0,92.12,95.88,2026-03-27 10:07:00,95.88,TAKE_PROFIT,18.799999999999955,2.0000000000000018
HPE,2026-03-20 00:00:00,2026-03-23 00:00:00,0.0433864915572232,9.0,2026-03-23 10:09:00,22.15,58.1437656275067,54.43622913328796,45,996.7499999999999,21.706999999999997,22.593,2026-03-24 10:46:00,22.593,TAKE_PROFIT,19.935000000000063,2.0000000000000018
PCAR,2026-03-20 00:00:00,2026-03-23 00:00:00,0.0165289256198347,3.0,2026-03-23 10:21:00,114.665,64.7163515666377,62.98398281624377,8,917.32,112.3717,116.95830000000001,2026-03-24 13:01:00,116.95830000000001,TAKE_PROFIT,18.346400000000017,2.0000000000000018
REGN,2026-03-20 00:00:00,2026-03-23 00:00:00,0.0360824742268041,7.0,2026-03-23 10:23:00,743.1799,57.226898268709476,52.92455732232996,1,743.1799,728.316302,758.043498,2026-03-24 09:30:00,728.316302,STOP_LOSS,-14.863598000000025,-2.0000000000000018
DLR,2026-03-20 00:00:00,2026-03-23 00:00:00,0.029585798816568,5.0,2026-03-23 10:26:00,177.21,60.36691245823689,57.13558178721431,5,886.0500000000001,173.66580000000002,180.7542,2026-03-27 09:30:00,173.66580000000002,STOP_LOSS,-17.720999999999947,-1.9999999999999907
MPC,2026-03-20 00:00:00,2026-03-23 00:00:00,0.032258064516129,6.0,2026-03-23 10:39:00,236.57,56.34621735801897,55.177171397267145,4,946.28,231.83859999999999,241.3014,2026-03-23 11:30:00,231.83859999999999,STOP_LOSS,-18.92560000000003,-2.0000000000000018
MPC,2026-03-20 00:00:00,2026-03-23 00:00:00,0.032258064516129,6.0,2026-03-23 11:35:00,232.835,48.65526901901543,45.54305134219723,4,931.34,228.1783,237.4917,2026-03-24 09:30:00,238.79,TAKE_PROFIT_GAP,23.819999999999936,2.557605171043864
KMI,2026-03-20 00:00:00,2026-03-23 00:00:00,0.0463302752293578,10.0,2026-03-23 11:54:00,33.165,53.82642621683562,52.68968270760221,30,994.9499999999999,32.5017,33.8283,2026-03-24 09:35:00,33.8283,TAKE_PROFIT,19.898999999999987,2.0000000000000018
KMI,2026-03-23 00:00:00,2026-03-24 00:00:00,0.0223831468071099,2.0,2026-03-24 09:48:00,33.84,55.74184450793004,55.10252007653209,29,981.3600000000001,33.1632,34.5168,2026-03-27 11:10:00,34.5168,TAKE_PROFIT,19.627200000000002,2.0000000000000018
GE,2026-03-23 00:00:00,2026-03-24 00:00:00,0.2014471304061832,8.0,2026-03-24 09:51:00,286.66,38.5224223494501,31.985267696990345,3,859.98,280.9268,292.39320000000004,2026-03-24 11:00:00,292.39320000000004,TAKE_PROFIT,17.199600000000032,2.0000000000000018
ADP,2026-03-23 00:00:00,2026-03-24 00:00:00,0.1709677419354838,6.0,2026-03-24 09:52:00,206.945,41.05425632040236,39.9576162035979,4,827.78,202.8061,211.0839,2026-03-25 09:52:00,202.8061,STOP_LOSS,-16.555600000000027,-2.0000000000000018
BSX,2026-03-23 00:00:00,2026-03-24 00:00:00,0.1399899648770697,3.0,2026-03-24 09:55:00,68.6,43.89030248584234,41.185230600799684,14,960.3999999999999,67.228,69.972,2026-03-25 09:32:00,69.972,TAKE_PROFIT,19.208,2.0000000000000018
SPGI,2026-03-23 00:00:00,2026-03-24 00:00:00,0.1884057971014492,7.0,2026-03-24 09:55:00,416.795,36.81069561449781,32.6627861027828,2,833.59,408.45910000000003,425.1309,2026-03-25 09:44:00,408.45910000000003,STOP_LOSS,-16.671799999999962,-1.9999999999999907
ABBV,2026-03-23 00:00:00,2026-03-24 00:00:00,0.1620970171738475,4.0,2026-03-24 10:00:00,202.91,49.260852975866406,45.246850852699666,4,811.64,198.8518,206.9682,2026-03-25 09:31:00,206.9682,TAKE_PROFIT,16.232799999999997,2.0000000000000018
FDX,2026-03-23 00:00:00,2026-03-24 00:00:00,0.001088139281828,1.0,2026-03-24 10:26:00,354.01,44.08459082252018,41.61011596891173,2,708.02,346.9298,361.0902,2026-03-25 09:30:00,361.15,TAKE_PROFIT_GAP,14.279999999999973,2.0168921781870575
MDLZ,2026-03-23 00:00:00,2026-03-24 00:00:00,0.2294117647058823,10.0,2026-03-24 10:39:00,57.67,59.260198931440925,58.356554187757084,17,980.39,56.516600000000004,58.8234,2026-03-25 10:07:00,56.516600000000004,STOP_LOSS,-19.607799999999962,-1.9999999999999907
TXN,2026-03-23 00:00:00,2026-03-24 00:00:00,0.2273806383539963,9.0,2026-03-24 10:58:00,194.28,61.68631351774807,61.05746741517904,5,971.4,190.3944,198.1656,2026-03-25 09:30:00,198.1656,TAKE_PROFIT,19.428000000000054,2.0000000000000018
GE,2026-03-23 00:00:00,2026-03-24 00:00:00,0.2014471304061832,8.0,2026-03-24 11:07:00,290.52,56.44349476128958,55.16801074443423,3,871.56,284.70959999999997,296.3304,2026-03-25 09:30:00,296.3304,TAKE_PROFIT,17.431200000000047,2.0000000000000018
HWM,2026-03-23 00:00:00,2026-03-24 00:00:00,0.1666666666666666,5.0,2026-03-24 11:16:00,237.34,57.41121683106149,56.93896490674182,4,949.36,232.5932,242.0868,2026-03-25 09:30:00,242.0868,TAKE_PROFIT,18.98720000000003,2.0000000000000018
FDX,2026-03-24 00:00:00,2026-03-25 00:00:00,0.0054726368159203,1.0,2026-03-25 09:47:00,361.015,58.09658305033678,55.45282595646436,2,722.03,353.7947,368.2353,2026-03-25 12:28:00,353.7947,STOP_LOSS,-14.440600000000018,-2.0000000000000018
MO,2026-03-24 00:00:00,2026-03-25 00:00:00,0.0418888042650418,2.0,2026-03-25 09:51:00,63.39,34.92757881534541,32.26576051626432,15,950.85,62.1222,64.6578,2026-03-26 09:47:00,64.6578,TAKE_PROFIT,19.01699999999991,1.9999999999999796
EMR,2026-03-24 00:00:00,2026-03-25 00:00:00,0.1875,10.0,2026-03-25 09:52:00,131.1844,51.381186821728654,48.639350553699174,7,918.2908000000001,128.560712,133.80808800000003,2026-03-26 11:46:00,128.560712,STOP_LOSS,-18.36581600000011,-2.000000000000013
GOOGL,2026-03-24 00:00:00,2026-03-25 00:00:00,0.1609360008398446,7.0,2026-03-25 09:53:00,292.64,44.34540093201583,43.40909315916233,3,877.92,286.7872,298.4928,2026-03-26 09:30:00,286.7872,STOP_LOSS,-17.558400000000006,-2.0000000000000018
PFE,2026-03-24 00:00:00,2026-03-25 00:00:00,0.1587045622522341,6.0,2026-03-25 09:53:00,27.125,51.24397789002818,49.526763418556286,36,976.5,26.5825,27.6675,2026-03-26 09:51:00,27.6675,TAKE_PROFIT,19.530000000000015,2.0000000000000018
TXN,2026-03-24 00:00:00,2026-03-25 00:00:00,0.1437908496732026,5.0,2026-03-25 09:58:00,196.72,47.634270382282,46.524452534299066,5,983.6,192.7856,200.6544,2026-03-27 09:30:00,191.71,STOP_LOSS_GAP,-25.049999999999955,-2.546766978446513
CSCO,2026-03-24 00:00:00,2026-03-25 00:00:00,0.1641799881586737,8.0,2026-03-25 10:05:00,81.92,62.4567076136214,62.425540548506575,12,983.04,80.2816,83.5584,2026-03-27 09:36:00,80.2816,STOP_LOSS,-19.66080000000005,-2.0000000000000018
MDT,2026-03-24 00:00:00,2026-03-25 00:00:00,0.1828410689170183,9.0,2026-03-25 10:06:00,86.58,43.93387276072323,41.8019349779537,11,952.38,84.8484,88.3116,2026-03-26 09:53:00,88.3116,TAKE_PROFIT,19.047600000000003,2.0000000000000018
MDLZ,2026-03-24 00:00:00,2026-03-25 00:00:00,0.1221864951768488,3.0,2026-03-25 10:09:00,56.61,36.65948978791112,35.33257118633068,17,962.37,55.477799999999995,57.742200000000004,2026-03-26 09:30:00,57.742200000000004,TAKE_PROFIT,19.247400000000077,2.0000000000000018
WMB,2026-03-24 00:00:00,2026-03-25 00:00:00,0.1377870563674321,4.0,2026-03-25 10:22:00,74.42,49.93068522769547,49.32470720681215,13,967.46,72.9316,75.9084,2026-03-27 15:59:00,73.565,WEEK_END_CLOSE,-11.115000000000052,-1.1488847084117237
FDX,2026-03-24 00:00:00,2026-03-25 00:00:00,0.0054726368159203,1.0,2026-03-25 12:31:00,354.17,45.20657168503512,39.44860595083907,2,708.34,347.08660000000003,361.2534,2026-03-27 09:31:00,346.38,STOP_LOSS_GAP,-15.580000000000041,-2.1995087105062594
CME,2026-03-25 00:00:00,2026-03-26 00:00:00,0.2146596858638743,10.0,2026-03-26 09:46:00,295.525,53.06815401030073,49.76153422637814,3,886.5749999999999,289.61449999999996,301.4355,2026-03-27 15:59:00,293.67,WEEK_END_CLOSE,-5.564999999999884,-0.6276964723796463
URI,2026-03-25 00:00:00,2026-03-26 00:00:00,0.0580137659783677,5.0,2026-03-26 09:50:00,745.91,54.42690426987582,51.154706857293746,1,745.91,730.9918,760.8281999999999,2026-03-27 09:30:00,726.57,STOP_LOSS_GAP,-19.339999999999918,-2.59280610261291
TMUS,2026-03-25 00:00:00,2026-03-26 00:00:00,0.1715116279069767,8.0,2026-03-26 09:54:00,212.46,54.50512474705711,54.011635838941295,4,849.84,208.2108,216.7092,2026-03-27 15:59:00,210.82,WEEK_END_CLOSE,-6.560000000000059,-0.7719100065894824
MRVL,2026-03-25 00:00:00,2026-03-26 00:00:00,0.1405376247415265,7.0,2026-03-26 10:04:00,99.94,54.38730218522038,52.426938321732315,10,999.4,97.9412,101.9388,2026-03-26 12:04:00,97.9412,STOP_LOSS,-19.988000000000028,-2.0000000000000018
BMY,2026-03-25 00:00:00,2026-03-26 00:00:00,0.0443638608132088,4.0,2026-03-26 10:06:00,59.24,57.855623788426065,54.329242211175185,16,947.84,58.0552,60.424800000000005,2026-03-27 15:59:00,58.515,WEEK_END_CLOSE,-11.600000000000023,-1.2238352464550961
MRK,2026-03-25 00:00:00,2026-03-26 00:00:00,0.0389258438038925,3.0,2026-03-26 10:08:00,119.37,55.78441370548568,52.175818270042924,8,954.96,116.9826,121.7574,2026-03-27 15:59:00,119.63,WEEK_END_CLOSE,2.0799999999999272,0.21781017005946257
CSX,2026-03-25 00:00:00,2026-03-26 00:00:00,0.1091549295774647,6.0,2026-03-26 10:09:00,39.86,58.73180995770773,51.68112133213759,25,996.5,39.062799999999996,40.6572,2026-03-27 15:59:00,39.67,WEEK_END_CLOSE,-4.749999999999943,-0.47666833918714735
EMR,2026-03-25 00:00:00,2026-03-26 00:00:00,0.0263157894736842,2.0,2026-03-26 11:49:00,129.14,49.44028712174728,43.455185169764306,7,903.9799999999999,126.55719999999998,131.72279999999998,2026-03-26 15:44:00,126.55719999999998,STOP_LOSS,-18.079600000000042,-2.0000000000000018
MRVL,2026-03-25 00:00:00,2026-03-26 00:00:00,0.1405376247415265,7.0,2026-03-26 12:14:00,98.11,44.18416451221608,43.1396685585585,10,981.1,96.1478,100.0722,2026-03-27 09:55:00,96.1478,STOP_LOSS,-19.621999999999957,-1.9999999999999907
FDX,2026-03-26 00:00:00,2026-03-27 00:00:00,0.0038647342995169,1.0,2026-03-27 09:45:00,348.72,49.41250786694983,42.307806046756156,2,697.44,341.7456,355.69440000000003,2026-03-27 15:59:00,343.89,WEEK_END_CLOSE,-9.660000000000082,-1.3850653819683534
SPGI,2026-03-26 00:00:00,2026-03-27 00:00:00,0.0676328502415458,6.0,2026-03-27 09:46:00,408.275,41.69443307069445,40.36200496160073,2,816.55,400.10949999999997,416.4405,2026-03-27 15:59:00,406.08,WEEK_END_CLOSE,-4.389999999999986,-0.537627824383069
CVS,2026-03-26 00:00:00,2026-03-27 00:00:00,0.0578186596583442,4.0,2026-03-27 09:57:00,71.17,48.64097181793651,47.38976514579615,14,996.38,69.7466,72.5934,2026-03-27 12:51:00,69.7466,STOP_LOSS,-19.927600000000012,-2.0000000000000018
DLR,2026-03-26 00:00:00,2026-03-27 00:00:00,0.0578512396694214,5.0,2026-03-27 09:59:00,174.33,43.78474403312098,41.025213862081536,5,871.6500000000001,170.8434,177.81660000000002,2026-03-27 15:59:00,175.42,WEEK_END_CLOSE,5.449999999999875,0.6252509608214218
HWM,2026-03-26 00:00:00,2026-03-27 00:00:00,0.0162454873646209,2.0,2026-03-27 10:00:00,228.95,44.910266139356104,42.81367907812208,4,915.8,224.37099999999998,233.529,2026-03-27 15:59:00,227.77,WEEK_END_CLOSE,-4.719999999999914,-0.5153963747543067
DASH,2026-03-26 00:00:00,2026-03-27 00:00:00,0.0298948751642575,3.0,2026-03-27 10:06:00,145.145,42.23613038904301,42.14954758502984,6,870.8700000000001,142.2421,148.04790000000003,2026-03-27 11:23:00,148.04790000000003,TAKE_PROFIT,17.4174000000001,2.0000000000000018
SO,2026-03-26 00:00:00,2026-03-27 00:00:00,0.0811965811965812,8.0,2026-03-27 10:16:00,95.75,58.074802427035266,57.82777657768286,10,957.5,93.835,97.665,2026-03-27 15:59:00,95.51,WEEK_END_CLOSE,-2.399999999999949,-0.2506527415143567
CMCSA,2026-03-26 00:00:00,2026-03-27 00:00:00,0.1008403361344537,9.0,2026-03-27 10:18:00,28.735,54.50901642651485,52.19117709980421,34,976.99,28.1603,29.3097,2026-03-27 15:59:00,28.34,WEEK_END_CLOSE,-13.429999999999986,-1.3746302418653156
DASH,2026-03-26 00:00:00,2026-03-27 00:00:00,0.0298948751642575,3.0,2026-03-27 11:31:00,147.915,60.36153860120999,59.338961735976746,6,887.49,144.95669999999998,150.8733,2026-03-27 15:59:00,146.6,WEEK_END_CLOSE,-7.889999999999986,-0.8890241016800138
CVS,2026-03-26 00:00:00,2026-03-27 00:00:00,0.0578186596583442,4.0,2026-03-27 12:55:00,70.09,40.402686699172676,34.86890718263461,14,981.26,68.68820000000001,71.4918,2026-03-27 15:59:00,70.07,WEEK_END_CLOSE,-0.28000000000014325,-0.028534741047236967
KMI,2026-03-27 00:00:00,2026-03-30 00:00:00,0.0117951022242192,3.0,2026-03-30 09:48:00,33.97,41.72632258578538,41.2610968563403,29,985.13,33.2906,34.6494,2026-03-31 13:08:00,33.2906,STOP_LOSS,-19.702600000000032,-2.0000000000000018
ABNB,2026-03-27 00:00:00,2026-03-30 00:00:00,0.0763809523809523,8.0,2026-03-30 09:52:00,125.45,61.78530533580089,56.165430440583,7,878.15,122.941,127.959,2026-03-30 14:30:00,122.941,STOP_LOSS,-17.563000000000002,-2.0000000000000018
MCK,2026-03-27 00:00:00,2026-03-30 00:00:00,0.0827067669172932,9.0,2026-03-30 09:52:00,866.719,57.81818998990925,55.97956938860549,1,866.719,849.38462,884.0533800000001,2026-03-31 10:48:00,849.38462,STOP_LOSS,-17.33438000000001,-2.0000000000000018
MRK,2026-03-27 00:00:00,2026-03-30 00:00:00,0.0596965699208443,5.0,2026-03-30 09:53:00,121.01,52.1519213856045,51.12266802958054,8,968.08,118.5898,123.43020000000001,2026-03-30 11:02:00,118.5898,STOP_LOSS,-19.361600000000067,-2.0000000000000018
MO,2026-03-27 00:00:00,2026-03-30 00:00:00,0.0414154236750238,4.0,2026-03-30 09:55:00,66.55,55.87993049512777,49.466579612785566,15,998.25,65.219,67.881,2026-04-01 09:31:00,65.219,STOP_LOSS,-19.965000000000046,-2.0000000000000018
GD,2026-03-27 00:00:00,2026-03-30 00:00:00,0.0901960784313725,10.0,2026-03-30 10:00:00,347.48,52.49484125779864,46.50838540429876,2,694.96,340.5304,354.42960000000005,2026-03-30 15:07:00,340.45,STOP_LOSS_GAP,-14.06000000000006,-2.023138022332227
GILD,2026-03-27 00:00:00,2026-03-30 00:00:00,0.0656303972366148,6.0,2026-03-30 10:12:00,135.025,49.474595076400895,46.13546100224751,7,945.1750000000001,132.3245,137.7255,2026-03-31 09:31:00,137.7255,TAKE_PROFIT,18.903500000000037,2.0000000000000018
FDX,2026-03-27 00:00:00,2026-03-30 00:00:00,0.005859375,2.0,2026-03-30 10:13:00,345.415,54.88023644748231,53.284237975749804,2,690.83,338.5067,352.3233,2026-03-31 12:42:00,352.3233,TAKE_PROFIT,13.816599999999994,2.0000000000000018
SPGI,2026-03-27 00:00:00,2026-03-30 00:00:00,0.073170731707317,7.0,2026-03-30 10:21:00,413.055,55.97629520522878,55.5492437540941,2,826.11,404.7939,421.3161,2026-03-31 09:30:00,422.71,TAKE_PROFIT_GAP,19.309999999999945,2.337461112926853
NSC,2026-03-27 00:00:00,2026-03-30 00:00:00,0.0,1.0,2026-03-30 10:23:00,286.005,54.78769697330313,53.21599589925523,3,858.015,280.2849,291.7251,2026-04-02 15:59:00,288.32,WEEK_END_CLOSE,6.944999999999993,0.8094264086292213
MRK,2026-03-27 00:00:00,2026-03-30 00:00:00,0.0596965699208443,5.0,2026-03-30 11:09:00,118.28,39.21056668392214,37.148645105254985,8,946.24,115.9144,120.6456,2026-03-31 09:59:00,120.68,TAKE_PROFIT_GAP,19.200000000000045,2.029083530605358
ABNB,2026-03-27 00:00:00,2026-03-30 00:00:00,0.0763809523809523,8.0,2026-03-30 14:32:00,123.01,38.03823209072329,37.34367918952838,8,984.08,120.5498,125.4702,2026-03-31 09:30:00,125.4702,TAKE_PROFIT,19.681600000000003,2.0000000000000018
GD,2026-03-27 00:00:00,2026-03-30 00:00:00,0.0901960784313725,10.0,2026-03-30 15:23:00,339.766,40.93906354674903,39.700331618720654,2,679.532,332.97068,346.56132,2026-03-31 12:41:00,346.56132,TAKE_PROFIT,13.590640000000008,2.0000000000000018
PM,2026-03-30 00:00:00,2026-03-31 00:00:00,0.027891156462585,4.0,2026-03-31 09:51:00,166.1777,58.04015839850063,51.55798845250798,6,997.0662,162.854146,169.501254,2026-04-01 09:30:00,161.5,STOP_LOSS_GAP,-28.066199999999924,-2.814878289926981
SO,2026-03-30 00:00:00,2026-03-31 00:00:00,0.0268595041322314,3.0,2026-03-31 10:01:00,96.1,44.8126985934618,39.895703721165965,10,961.0,94.178,98.02199999999999,2026-04-02 15:59:00,97.425,WEEK_END_CLOSE,13.250000000000028,1.378772112382931
PG,2026-03-30 00:00:00,2026-03-31 00:00:00,0.0786259541984732,10.0,2026-03-31 10:05:00,143.67,47.66112228164385,46.754134453333414,6,862.02,140.79659999999998,146.5434,2026-04-02 15:59:00,143.14,WEEK_END_CLOSE,-3.180000000000007,-0.3689009535741583
AFL,2026-03-30 00:00:00,2026-03-31 00:00:00,0.0250352609308885,2.0,2026-03-31 10:08:00,109.02,57.482811376481365,55.504993473375926,9,981.18,106.83959999999999,111.2004,2026-04-02 15:59:00,110.47,WEEK_END_CLOSE,13.050000000000026,1.3300311869381742
SNPS,2026-03-30 00:00:00,2026-03-31 00:00:00,0.0553709856035437,7.0,2026-03-31 10:15:00,394.855,65.23533604087892,64.62582548460274,2,789.71,386.9579,402.75210000000004,2026-04-01 09:30:00,403.3,TAKE_PROFIT_GAP,16.889999999999986,2.1387597979005024
CMCSA,2026-03-30 00:00:00,2026-03-31 00:00:00,0.0744391912282466,9.0,2026-03-31 10:22:00,28.495,47.62191247146041,44.72158051012226,35,997.325,27.9251,29.0649,2026-04-01 10:13:00,27.9251,STOP_LOSS,-19.946500000000018,-2.0000000000000018
GILD,2026-03-30 00:00:00,2026-03-31 00:00:00,0.0391506303915063,5.0,2026-03-31 11:01:00,138.28,50.497798150126634,50.266583068669625,7,967.96,135.5144,141.0456,2026-04-01 13:50:00,141.0456,TAKE_PROFIT,19.359200000000044,2.0000000000000018
HWM,2026-03-30 00:00:00,2026-03-31 00:00:00,0.0480863591756624,6.0,2026-03-31 11:06:00,229.43,57.8844562688428,55.09573220497627,4,917.72,224.8414,234.01860000000002,2026-04-01 09:30:00,234.02,TAKE_PROFIT_GAP,18.360000000000014,2.0006102079065613
FDX,2026-03-30 00:00:00,2026-03-31 00:00:00,0.0025477707006369,1.0,2026-03-31 12:50:00,349.16,57.81834352679443,53.5270951984698,2,698.32,342.1768,356.14320000000004,2026-03-31 15:39:00,356.14320000000004,TAKE_PROFIT,13.966400000000021,2.0000000000000018
ABNB,2026-03-31 00:00:00,2026-04-01 00:00:00,0.1809355692850838,8.0,2026-04-01 09:57:00,124.6,48.036409824538815,46.90304057808014,8,996.8,122.10799999999999,127.092,2026-04-01 11:01:00,127.092,TAKE_PROFIT,19.936000000000035,2.0000000000000018
SPGI,2026-03-31 00:00:00,2026-04-01 00:00:00,0.1705426356589147,7.0,2026-04-01 09:58:00,419.96,49.44575475079276,49.267097001117264,2,839.92,411.5608,428.3592,2026-04-02 10:35:00,428.3592,TAKE_PROFIT,16.798400000000015,2.0000000000000018
CSX,2026-03-31 00:00:00,2026-04-01 00:00:00,0.0744186046511627,3.0,2026-04-01 10:01:00,41.79,70.14990176793322,68.82276201123693,23,961.17,40.9542,42.6258,2026-04-02 09:30:00,40.36,STOP_LOSS_GAP,-32.88999999999999,-3.421871261067244
EMR,2026-03-31 00:00:00,2026-04-01 00:00:00,0.1909090909090909,10.0,2026-04-01 10:01:00,134.23,68.1663088582653,65.60307359011783,7,939.6099999999999,131.5454,136.91459999999998,2026-04-01 14:38:00,131.5454,STOP_LOSS,-18.792199999999923,-1.9999999999999907
FDX,2026-03-31 00:00:00,2026-04-01 00:00:00,0.0109409190371991,1.0,2026-04-01 10:03:00,365.04,74.44326032533438,71.81508823543504,2,730.08,357.73920000000004,372.3408,2026-04-02 09:30:00,354.0,STOP_LOSS_GAP,-22.08000000000004,-3.024326101249186
BSX,2026-03-31 00:00:00,2026-04-01 00:00:00,0.1475409836065573,5.0,2026-04-01 10:15:00,62.51,53.16475925063308,52.06516573583556,15,937.65,61.2598,63.7602,2026-04-02 15:59:00,62.8,WEEK_END_CLOSE,4.349999999999987,0.4639257718765055
CMCSA,2026-03-31 00:00:00,2026-04-01 00:00:00,0.0951076320939334,4.0,2026-04-01 10:21:00,27.84,34.35732267456507,33.37731878442535,35,974.4,27.2832,28.3968,2026-04-02 15:59:00,27.93,WEEK_END_CLOSE,3.149999999999995,0.3232758620689724
ABBV,2026-03-31 00:00:00,2026-04-01 00:00:00,0.1847133757961783,9.0,2026-04-01 10:29:00,216.705,48.01966019459973,46.748524876216926,4,866.82,212.3709,221.03910000000002,2026-04-02 09:50:00,212.3709,STOP_LOSS,-17.336400000000026,-2.0000000000000018
NEE,2026-03-31 00:00:00,2026-04-01 00:00:00,0.1632985658409387,6.0,2026-04-01 10:45:00,92.76,50.191992034109035,47.61044917373501,10,927.6,90.90480000000001,94.6152,2026-04-02 15:59:00,93.19,WEEK_END_CLOSE,4.299999999999926,0.46356188012073307
ABNB,2026-03-31 00:00:00,2026-04-01 00:00:00,0.1809355692850838,8.0,2026-04-01 11:35:00,127.02,59.363293225360536,55.31086649559,7,889.14,124.47959999999999,129.5604,2026-04-02 09:30:00,122.8,STOP_LOSS_GAP,-29.539999999999992,-3.322311447016213
EMR,2026-03-31 00:00:00,2026-04-01 00:00:00,0.1909090909090909,10.0,2026-04-01 14:40:00,131.92,48.392331277475634,39.45583476278077,7,923.4399999999999,129.2816,134.55839999999998,2026-04-02 09:30:00,128.74,STOP_LOSS_GAP,-22.25999999999985,-2.410551849605802
FDX,2026-04-01 00:00:00,2026-04-02 00:00:00,0.0354311520214203,3.0,2026-04-02 09:45:00,356.51,49.08686341548812,42.53081886445699,2,713.02,349.3798,363.6402,2026-04-02 10:37:00,363.6402,TAKE_PROFIT,14.260400000000004,2.0000000000000018
MDLZ,2026-04-01 00:00:00,2026-04-02 00:00:00,0.1386045544645099,10.0,2026-04-02 09:50:00,57.279,54.24290883559067,51.69468576912244,17,973.743,56.13342,58.424580000000006,2026-04-02 15:59:00,57.535,WEEK_END_CLOSE,4.351999999999883,0.44693517694092133
WM,2026-04-01 00:00:00,2026-04-02 00:00:00,0.1129032258064516,9.0,2026-04-02 09:54:00,235.14,68.64669482664908,65.02665272938303,4,940.56,230.4372,239.84279999999998,2026-04-02 15:59:00,235.43,WEEK_END_CLOSE,1.1600000000000819,0.12333078166200107
DLR,2026-04-01 00:00:00,2026-04-02 00:00:00,0.020804128966484,2.0,2026-04-02 09:58:00,180.5,57.34634612048192,56.18753351030985,5,902.5,176.89,184.11,2026-04-02 15:59:00,181.88,WEEK_END_CLOSE,6.899999999999977,0.7645429362880929
SPG,2026-04-01 00:00:00,2026-04-02 00:00:00,0.0643153526970954,7.0,2026-04-02 09:58:00,186.8395,47.130555199348535,46.59306553936475,5,934.1975,183.10270999999997,190.57629,2026-04-02 15:59:00,188.7,WEEK_END_CLOSE,9.302500000000009,0.9957744481225772
ECL,2026-04-01 00:00:00,2026-04-02 00:00:00,0.0086410054988216,1.0,2026-04-02 10:07:00,264.46,41.75422223763318,41.206265768601504,3,793.3799999999999,259.1708,269.7492,2026-04-02 15:59:00,264.25,WEEK_END_CLOSE,-0.6299999999999386,-0.07940709370036769
NOC,2026-04-01 00:00:00,2026-04-02 00:00:00,0.0408759124087591,4.0,2026-04-02 10:13:00,707.225,58.27921096084494,58.08690611363204,1,707.225,693.0805,721.3695,2026-04-02 15:59:00,702.3,WEEK_END_CLOSE,-4.925000000000068,-0.6963837534023964
FDX,2026-04-01 00:00:00,2026-04-02 00:00:00,0.0354311520214203,3.0,2026-04-02 10:52:00,359.8475,53.31730640677071,52.6383353452594,2,719.695,352.65055,367.04445000000004,2026-04-02 15:59:00,361.5,WEEK_END_CLOSE,3.30499999999995,0.45922230945052434
MRSH,2026-04-01 00:00:00,2026-04-02 00:00:00,0.0833333333333333,8.0,2026-04-02 11:35:00,174.44,57.63806169801276,53.65772879496781,5,872.2,170.9512,177.9288,2026-04-02 15:59:00,174.6,WEEK_END_CLOSE,0.799999999999983,0.0917220820912723
SPGI,2026-04-02 00:00:00,2026-04-06 00:00:00,0.0661275596713186,7.0,2026-04-06 09:45:00,432.485,60.570196076457655,59.13497046399742,2,864.97,423.8353,441.1347,2026-04-08 10:48:00,441.1347,TAKE_PROFIT,17.29939999999999,2.0000000000000018
EQIX,2026-04-02 00:00:00,2026-04-06 00:00:00,0.0460772104607721,4.0,2026-04-06 09:46:00,999.94,48.4134426119395,43.17235998152996,1,999.94,979.9412,1019.9388000000001,2026-04-08 09:30:00,1019.9388000000001,TAKE_PROFIT,19.998800000000074,2.0000000000000018
MSI,2026-04-02 00:00:00,2026-04-06 00:00:00,0.0714285714285714,9.0,2026-04-06 09:47:00,439.195,57.92578970840178,55.198499087024814,2,878.39,430.4111,447.9789,2026-04-08 09:33:00,448.43,TAKE_PROFIT_GAP,18.470000000000027,2.1027106410592245
ORLY,2026-04-02 00:00:00,2026-04-06 00:00:00,0.0536585365853658,5.0,2026-04-06 09:48:00,90.685,44.74121613928373,41.90937450344248,11,997.5350000000001,88.8713,92.4987,2026-04-08 09:33:00,92.4987,TAKE_PROFIT,19.95069999999997,2.0000000000000018
APD,2026-04-02 00:00:00,2026-04-06 00:00:00,0.0703986429177268,8.0,2026-04-06 09:51:00,290.765,45.324139950795654,42.40133670461087,3,872.295,284.9497,296.58029999999997,2026-04-08 09:30:00,284.9497,STOP_LOSS,-17.445899999999938,-1.9999999999999907
NOC,2026-04-02 00:00:00,2026-04-06 00:00:00,0.0949044585987261,10.0,2026-04-06 09:55:00,693.87,47.2930573099723,43.567474655338486,1,693.87,679.9926,707.7474,2026-04-08 09:30:00,677.47,STOP_LOSS_GAP,-16.399999999999977,-2.36355513280585
RSG,2026-04-02 00:00:00,2026-04-06 00:00:00,0.0096930533117932,1.0,2026-04-06 09:55:00,222.07,46.99194084126963,44.99829947589993,4,888.28,217.62859999999998,226.5114,2026-04-08 09:30:00,217.61,STOP_LOSS_GAP,-17.839999999999918,-2.008375737380097
SO,2026-04-02 00:00:00,2026-04-06 00:00:00,0.0555635872398919,6.0,2026-04-06 09:55:00,97.61,57.65125481743238,53.65679949441698,10,976.1,95.6578,99.5622,2026-04-08 09:34:00,95.6578,STOP_LOSS,-19.522000000000048,-2.0000000000000018
CSX,2026-04-02 00:00:00,2026-04-06 00:00:00,0.031160420752114,3.0,2026-04-06 09:59:00,41.01,50.933756901742896,49.41347436660234,24,984.24,40.1898,41.8302,2026-04-08 09:30:00,41.8302,TAKE_PROFIT,19.684799999999996,2.0000000000000018
NSC,2026-04-02 00:00:00,2026-04-06 00:00:00,0.0163398692810457,2.0,2026-04-06 09:59:00,287.75,51.179097837039144,46.47701192580582,3,863.25,281.995,293.505,2026-04-08 09:32:00,293.505,TAKE_PROFIT,17.264999999999986,2.0000000000000018
MRSH,2026-04-06 00:00:00,2026-04-07 00:00:00,0.0125786163522012,2.0,2026-04-07 09:45:00,174.07,45.31375816860706,42.715891456674335,5,870.3499999999999,170.58859999999999,177.5514,2026-04-10 09:35:00,170.58859999999999,STOP_LOSS,-17.40700000000004,-2.0000000000000018
HCA,2026-04-06 00:00:00,2026-04-07 00:00:00,0.1816283924843423,10.0,2026-04-07 09:50:00,485.255,60.533828947021,57.502827390683144,2,970.51,475.5499,494.9601,2026-04-08 09:30:00,497.99,TAKE_PROFIT_GAP,25.470000000000027,2.6243933601920677
TEL,2026-04-06 00:00:00,2026-04-07 00:00:00,0.013215859030837,3.0,2026-04-07 09:50:00,208.8225,49.50189104824175,47.437111034166115,4,835.29,204.64604999999997,212.99895,2026-04-08 09:30:00,220.735,TAKE_PROFIT_GAP,47.65000000000009,5.704605586083877
EOG,2026-04-06 00:00:00,2026-04-07 00:00:00,0.1726387873658292,9.0,2026-04-07 09:51:00,144.66,57.470635052990765,53.55371347891083,6,867.96,141.7668,147.5532,2026-04-08 09:30:00,135.44,STOP_LOSS_GAP,-55.31999999999999,-6.373565602101483
FDX,2026-04-06 00:00:00,2026-04-07 00:00:00,0.0997139371088599,6.0,2026-04-07 09:52:00,356.41,43.98380126410923,42.14121873198359,2,712.82,349.28180000000003,363.5382,2026-04-08 09:30:00,364.0,TAKE_PROFIT_GAP,15.17999999999995,2.129569877388393
PLD,2026-04-06 00:00:00,2026-04-07 00:00:00,0.0636550308008213,5.0,2026-04-07 09:53:00,131.28,41.83210853349374,41.04896775362718,7,918.96,128.6544,133.9056,2026-04-08 09:30:00,136.1,TAKE_PROFIT_GAP,33.73999999999995,3.6715417428397235
AJG,2026-04-06 00:00:00,2026-04-07 00:00:00,0.16,8.0,2026-04-07 10:13:00,220.24,56.81980622004107,54.7524423428396,4,880.96,215.83520000000001,224.6448,2026-04-10 09:33:00,215.83520000000001,STOP_LOSS,-17.619199999999978,-2.0000000000000018
TMUS,2026-04-07 00:00:00,2026-04-08 00:00:00,0.0902156275760336,7.0,2026-04-08 09:49:00,199.555,47.81909458873144,44.244544239540694,5,997.7750000000001,195.5639,203.54610000000002,2026-04-10 09:52:00,195.5639,STOP_LOSS,-19.955500000000086,-2.000000000000013
PCAR,2026-04-07 00:00:00,2026-04-08 00:00:00,0.0338983050847457,4.0,2026-04-08 09:55:00,123.52,68.66652315392938,68.3645031020032,8,988.16,121.0496,125.9904,2026-04-09 11:36:00,125.9904,TAKE_PROFIT,19.763199999999983,2.0000000000000018
ITW,2026-04-07 00:00:00,2026-04-08 00:00:00,0.0789473684210526,6.0,2026-04-08 09:56:00,268.2325,66.22621846359408,63.93925037760639,3,804.6975,262.86785000000003,273.59715,2026-04-09 12:46:00,273.63,TAKE_PROFIT_GAP,16.19249999999994,2.012246838097531
NSC,2026-04-07 00:00:00,2026-04-08 00:00:00,0.0555555555555555,5.0,2026-04-08 10:00:00,294.905,67.46793391879112,63.013686604541704,3,884.7149999999999,289.0069,300.8031,2026-04-10 15:59:00,296.41,WEEK_END_CLOSE,4.515000000000157,0.5103338363201981
AON,2026-04-07 00:00:00,2026-04-08 00:00:00,0.0060240963855421,2.0,2026-04-08 10:18:00,330.395,64.6449628327785,62.771046634083504,3,991.185,323.78709999999995,337.0029,2026-04-09 10:49:00,323.72,STOP_LOSS_GAP,-20.024999999999864,-2.0203090240469623
ABT,2026-04-07 00:00:00,2026-04-08 00:00:00,0.1166971696290362,9.0,2026-04-08 10:29:00,102.92,56.89027651017485,55.86266078469272,9,926.28,100.8616,104.97840000000001,2026-04-10 11:16:00,100.8616,STOP_LOSS,-18.525600000000054,-2.0000000000000018
MO,2026-04-07 00:00:00,2026-04-08 00:00:00,0.1023195791565746,8.0,2026-04-08 10:33:00,64.95,43.23780306654241,39.7784115155549,15,974.25,63.651,66.24900000000001,2026-04-08 14:15:00,66.24900000000001,TAKE_PROFIT,19.4850000000001,2.0000000000000018
SPGI,2026-04-07 00:00:00,2026-04-08 00:00:00,0.1253279242731575,10.0,2026-04-08 11:02:00,440.82,59.33501860830664,57.898624825259745,2,881.64,432.0036,449.6364,2026-04-09 09:35:00,430.529,STOP_LOSS_GAP,-20.581999999999994,-2.3345129531327946
MO,2026-04-07 00:00:00,2026-04-08 00:00:00,0.1023195791565746,8.0,2026-04-08 14:17:00,66.245,68.83701541417784,66.22735346214033,15,993.6750000000001,64.9201,67.5699,2026-04-09 14:19:00,67.5699,TAKE_PROFIT,19.873499999999993,2.0000000000000018
APD,2026-04-08 00:00:00,2026-04-09 00:00:00,0.050251256281407,2.0,2026-04-09 09:46:00,298.7344,65.98864295170057,65.76769880608155,3,896.2031999999999,292.759712,304.709088,2026-04-10 15:59:00,298.8,WEEK_END_CLOSE,0.19680000000005293,0.02195930565747073
BMY,2026-04-08 00:00:00,2026-04-09 00:00:00,0.1268532791711599,10.0,2026-04-09 09:55:00,59.255,65.53774124646615,64.31097379794066,16,948.08,58.069900000000004,60.4401,2026-04-10 15:59:00,58.62,WEEK_END_CLOSE,-10.160000000000082,-1.071639524090806
ADP,2026-04-08 00:00:00,2026-04-09 00:00:00,0.1089715736017986,9.0,2026-04-09 09:58:00,195.88,41.564152517665555,39.39605066626294,5,979.4,191.9624,199.7976,2026-04-10 09:46:00,191.9624,STOP_LOSS,-19.587999999999965,-2.0000000000000018
MSI,2026-04-08 00:00:00,2026-04-09 00:00:00,0.0745341614906832,5.0,2026-04-09 10:03:00,443.4775,42.30591488345599,42.26831741390922,2,886.955,434.60795,452.34705,2026-04-10 11:06:00,434.60795,STOP_LOSS,-17.739100000000008,-2.0000000000000018
ACN,2026-04-08 00:00:00,2026-04-09 00:00:00,0.1011611843006722,7.0,2026-04-09 10:04:00,184.335,37.59596481175825,36.142278129742834,5,921.6750000000001,180.6483,188.0217,2026-04-10 10:50:00,180.6483,STOP_LOSS,-18.43350000000001,-2.0000000000000018
SPGI,2026-04-08 00:00:00,2026-04-09 00:00:00,0.0715031996865613,4.0,2026-04-09 10:05:00,423.93,38.88434478543055,38.247907088855584,2,847.86,415.4514,432.40860000000004,2026-04-10 09:46:00,415.4514,STOP_LOSS,-16.957200000000057,-2.0000000000000018
AON,2026-04-08 00:00:00,2026-04-09 00:00:00,0.0568181818181818,3.0,2026-04-09 10:55:00,325.035,51.09312259971842,44.05714449949455,3,975.105,318.53430000000003,331.5357,2026-04-10 09:35:00,318.53430000000003,STOP_LOSS,-19.502099999999984,-2.0000000000000018
ITW,2026-04-08 00:00:00,2026-04-09 00:00:00,0.0067385444743935,1.0,2026-04-09 13:04:00,273.99,65.70533089064074,64.37899789924502,3,821.97,268.5102,279.4698,2026-04-10 15:59:00,270.52,WEEK_END_CLOSE,-10.410000000000082,-1.2664695791817282
TEL,2026-04-09 00:00:00,2026-04-10 00:00:00,0.125,8.0,2026-04-10 09:46:00,230.31,59.89505091649274,55.15780829843611,4,921.24,225.7038,234.9162,2026-04-10 15:59:00,229.87,WEEK_END_CLOSE,-1.759999999999991,-0.19104684989795784
MCK,2026-04-09 00:00:00,2026-04-10 00:00:00,0.144927536231884,10.0,2026-04-10 09:51:00,865.0,50.777264441446874,39.13464270361796,1,865.0,847.6999999999999,882.3000000000001,2026-04-10 15:59:00,865.94,WEEK_END_CLOSE,0.9400000000000546,0.10867052023122437
MPC,2026-04-09 00:00:00,2026-04-10 00:00:00,0.0644518272425249,4.0,2026-04-10 09:55:00,220.69,43.80606546137789,40.76555155941903,4,882.76,216.2762,225.1038,2026-04-10 15:59:00,222.64,WEEK_END_CLOSE,7.7999999999999545,0.8835923693869097
AFL,2026-04-09 00:00:00,2026-04-10 00:00:00,0.0125200255302905,1.0,2026-04-10 09:56:00,111.17,37.0714858709048,36.386737591594304,8,889.36,108.9466,113.3934,2026-04-10 15:59:00,110.74,WEEK_END_CLOSE,-3.4400000000000546,-0.3867949986507191
SPGI,2026-04-09 00:00:00,2026-04-10 00:00:00,0.0965403248788828,5.0,2026-04-10 09:58:00,418.515,49.84041238623944,48.72647930526527,2,837.03,410.1447,426.8853,2026-04-10 11:47:00,410.1447,STOP_LOSS,-16.740599999999972,-2.0000000000000018
PM,2026-04-09 00:00:00,2026-04-10 00:00:00,0.1232657258981636,7.0,2026-04-10 10:00:00,159.405,41.13695649747585,37.42658421902762,6,956.4300000000001,156.2169,162.5931,2026-04-10 15:59:00,160.49,WEEK_END_CLOSE,6.510000000000048,0.6806561902073405
RSG,2026-04-09 00:00:00,2026-04-10 00:00:00,0.1111111111111111,6.0,2026-04-10 10:02:00,214.85,49.41324855017517,42.95159767784948,4,859.4,210.553,219.147,2026-04-10 15:59:00,214.62,WEEK_END_CLOSE,-0.9199999999999591,-0.10705143123108662
SPGI,2026-04-09 00:00:00,2026-04-10 00:00:00,0.0965403248788828,5.0,2026-04-10 11:57:00,410.485,42.29986545638016,35.89422056830287,2,820.97,402.2753,418.6947,2026-04-10 15:59:00,415.41,WEEK_END_CLOSE,9.850000000000023,1.1998002363058369
KO,2026-04-10 00:00:00,2026-04-13 00:00:00,0.0540134929393529,4.0,2026-04-13 09:46:00,77.02,38.31525610251276,37.49003551748586,12,924.24,75.47959999999999,78.5604,2026-04-15 09:30:00,75.47959999999999,STOP_LOSS,-18.484800000000064,-2.0000000000000018
CSX,2026-04-10 00:00:00,2026-04-13 00:00:00,0.1178499607122404,7.0,2026-04-13 09:47:00,42.205,53.89731752576996,53.81162252421843,23,970.7149999999999,41.3609,43.049099999999996,2026-04-17 09:30:00,43.22,TAKE_PROFIT_GAP,23.345000000000013,2.404928326027722
ELV,2026-04-10 00:00:00,2026-04-13 00:00:00,0.1376146788990825,9.0,2026-04-13 09:47:00,309.06,40.4264674627065,38.564574265563955,3,927.1800000000001,302.8788,315.2412,2026-04-13 12:51:00,315.2412,TAKE_PROFIT,18.54359999999997,2.0000000000000018
FDX,2026-04-10 00:00:00,2026-04-13 00:00:00,0.032640921175953,2.0,2026-04-13 09:47:00,372.05,47.1180254659868,43.7437514157463,2,744.1,364.609,379.49100000000004,2026-04-14 09:30:00,362.95,STOP_LOSS_GAP,-18.200000000000045,-2.4459078080903196
MPC,2026-04-10 00:00:00,2026-04-13 00:00:00,0.1471962616822429,10.0,2026-04-13 09:47:00,224.12,55.99916390087065,53.689902599210164,4,896.48,219.6376,228.60240000000002,2026-04-16 09:47:00,228.60240000000002,TAKE_PROFIT,17.92960000000005,2.0000000000000018
ABNB,2026-04-10 00:00:00,2026-04-13 00:00:00,0.0973031800333547,6.0,2026-04-13 09:49:00,127.87,62.540141303014735,54.49315191158063,7,895.09,125.3126,130.4274,2026-04-13 12:33:00,130.4274,TAKE_PROFIT,17.90180000000001,2.0000000000000018
ADI,2026-04-10 00:00:00,2026-04-13 00:00:00,0.1200358931451368,8.0,2026-04-13 09:49:00,346.6325,43.105143618264854,41.95440150584054,2,693.265,339.69984999999997,353.56515,2026-04-16 11:07:00,353.56515,TAKE_PROFIT,13.865300000000047,2.0000000000000018
MDLZ,2026-04-10 00:00:00,2026-04-13 00:00:00,0.0585147444804693,5.0,2026-04-13 09:49:00,58.2,41.05315449344762,39.65266714462139,17,989.4000000000001,57.036,59.364000000000004,2026-04-14 09:31:00,57.036,STOP_LOSS,-19.788000000000025,-2.0000000000000018
PCAR,2026-04-10 00:00:00,2026-04-13 00:00:00,0.027027027027027,1.0,2026-04-13 09:58:00,126.54,46.71718557608341,46.30439843043965,7,885.7800000000001,124.0092,129.07080000000002,2026-04-14 12:58:00,124.0092,STOP_LOSS,-17.715599999999995,-2.0000000000000018
TT,2026-04-10 00:00:00,2026-04-13 00:00:00,0.0530973451327433,3.0,2026-04-13 09:58:00,467.33,51.562239728082474,46.18169780836066,2,934.66,457.98339999999996,476.6766,2026-04-15 09:50:00,457.98339999999996,STOP_LOSS,-18.693200000000047,-2.0000000000000018
ABNB,2026-04-10 00:00:00,2026-04-13 00:00:00,0.0973031800333547,6.0,2026-04-13 13:01:00,130.29,60.18902500392544,58.25753240908729,7,912.03,127.68419999999999,132.8958,2026-04-14 09:35:00,132.8958,TAKE_PROFIT,18.240600000000114,2.0000000000000018
ELV,2026-04-10 00:00:00,2026-04-13 00:00:00,0.1376146788990825,9.0,2026-04-13 13:02:00,315.54,74.35541706911982,70.84718430615985,3,946.6200000000001,309.2292,321.85080000000005,2026-04-14 09:38:00,321.85080000000005,TAKE_PROFIT,18.932400000000086,2.0000000000000018
HCA,2026-04-13 00:00:00,2026-04-14 00:00:00,0.0979228486646884,10.0,2026-04-14 09:47:00,498.835,64.08569081833647,60.224037519475196,2,997.67,488.8583,508.8117,2026-04-15 12:04:00,488.8583,STOP_LOSS,-19.953399999999988,-2.0000000000000018
APD,2026-04-13 00:00:00,2026-04-14 00:00:00,0.0536912751677852,6.0,2026-04-14 09:55:00,295.285,50.65763973724758,46.77941770101191,3,885.855,289.3793,301.19070000000005,2026-04-17 09:30:00,289.3793,STOP_LOSS,-17.717100000000073,-2.000000000000013
UNP,2026-04-13 00:00:00,2026-04-14 00:00:00,0.076537712218202,9.0,2026-04-14 09:56:00,250.945,54.104778514224954,52.90552271268203,3,752.835,245.9261,255.9639,2026-04-17 11:37:00,255.9639,TAKE_PROFIT,15.056700000000006,2.0000000000000018
NSC,2026-04-13 00:00:00,2026-04-14 00:00:00,0.0,1.0,2026-04-14 09:57:00,297.32,59.977997264173275,56.86170354301662,3,891.96,291.3736,303.2664,2026-04-17 09:30:00,303.2664,TAKE_PROFIT,17.83919999999995,2.0000000000000018
CB,2026-04-13 00:00:00,2026-04-14 00:00:00,0.0434782608695652,5.0,2026-04-14 10:00:00,327.22,54.43405244286484,53.606267226184656,3,981.6600000000001,320.67560000000003,333.7644,2026-04-17 15:59:00,330.78,WEEK_END_CLOSE,10.679999999999836,1.087953059103941
MRSH,2026-04-13 00:00:00,2026-04-14 00:00:00,0.0153793574846206,4.0,2026-04-14 10:00:00,172.78,55.783643212463566,55.00922251257812,5,863.9,169.3244,176.2356,2026-04-16 09:30:00,178.19,TAKE_PROFIT_GAP,27.049999999999983,3.131149438592429
MSI,2026-04-13 00:00:00,2026-04-14 00:00:00,0.0583090379008746,7.0,2026-04-14 10:00:00,437.495,55.72574624948038,54.5137407573201,2,874.99,428.7451,446.24490000000003,2026-04-17 15:59:00,441.9,WEEK_END_CLOSE,8.809999999999945,1.0068686499274282
ITW,2026-04-13 00:00:00,2026-04-14 00:00:00,0.0069444444444444,3.0,2026-04-14 10:03:00,274.34,63.88660169072549,59.40511725991189,3,823.02,268.85319999999996,279.8268,2026-04-15 09:31:00,268.85319999999996,STOP_LOSS,-16.46040000000005,-2.0000000000000018
FTNT,2026-04-13 00:00:00,2026-04-14 00:00:00,0.0710727333111923,8.0,2026-04-14 10:18:00,78.86,51.81395732303096,50.90923904614427,12,946.3199999999999,77.2828,80.4372,2026-04-16 09:30:00,80.4372,TAKE_PROFIT,18.926400000000058,2.0000000000000018
PCAR,2026-04-13 00:00:00,2026-04-14 00:00:00,0.0,2.0,2026-04-14 13:04:00,123.91,33.18626283471731,31.465844377826567,8,991.28,121.4318,126.3882,2026-04-17 09:55:00,126.4,TAKE_PROFIT_GAP,19.920000000000073,2.009523040916794
MCO,2026-04-14 00:00:00,2026-04-15 00:00:00,0.0826446280991735,6.0,2026-04-15 09:49:00,446.12,61.06124173624093,60.0637421691906,2,892.24,437.1976,455.0424,2026-04-16 09:36:00,455.0424,TAKE_PROFIT,17.844799999999964,2.0000000000000018
AJG,2026-04-14 00:00:00,2026-04-15 00:00:00,0.0925925925925925,8.0,2026-04-15 09:56:00,220.22,46.02167701685919,45.87328279530421,4,880.88,215.8156,224.6244,2026-04-16 09:31:00,224.6244,TAKE_PROFIT,17.61760000000004,2.0000000000000018
CRH,2026-04-14 00:00:00,2026-04-15 00:00:00,0.055045871559633,2.0,2026-04-15 09:58:00,116.37,41.508353168325364,37.553583726887496,8,930.96,114.04260000000001,118.6974,2026-04-16 09:54:00,114.04260000000001,STOP_LOSS,-18.619199999999978,-2.0000000000000018
UPS,2026-04-14 00:00:00,2026-04-15 00:00:00,0.100750069450875,9.0,2026-04-15 10:06:00,102.765,59.012978851999144,57.168134939411765,9,924.885,100.7097,104.8203,2026-04-16 11:09:00,104.8203,TAKE_PROFIT,18.497700000000023,2.0000000000000018
TJX,2026-04-14 00:00:00,2026-04-15 00:00:00,0.0723961803242282,4.0,2026-04-15 10:07:00,159.68,56.37273287233141,56.318710689876944,6,958.08,156.4864,162.8736,2026-04-16 12:48:00,156.4864,STOP_LOSS,-19.16160000000002,-2.0000000000000018
HD,2026-04-14 00:00:00,2026-04-15 00:00:00,0.1060527138243567,10.0,2026-04-15 10:22:00,339.0899,47.34869004124401,44.92575663201421,2,678.1798,332.308102,345.871698,2026-04-17 09:34:00,345.871698,TAKE_PROFIT,13.563595999999961,2.0000000000000018
ABNB,2026-04-15 00:00:00,2026-04-16 00:00:00,0.0264670296430732,3.0,2026-04-16 09:46:00,138.86,53.65870591320702,50.22237900655906,7,972.0200000000001,136.08280000000002,141.6372,2026-04-17 09:59:00,141.6372,TAKE_PROFIT,19.440399999999954,2.0000000000000018
MCD,2026-04-15 00:00:00,2026-04-16 00:00:00,0.0665399239543726,6.0,2026-04-16 09:50:00,306.23,53.59285459796296,53.03722541415804,3,918.69,300.10540000000003,312.3546,2026-04-17 10:51:00,312.3546,TAKE_PROFIT,18.37379999999996,2.0000000000000018
SPG,2026-04-15 00:00:00,2026-04-16 00:00:00,0.0149625935162094,2.0,2026-04-16 09:52:00,202.605,58.20760073732854,57.89229046939502,4,810.42,198.5529,206.65709999999999,2026-04-17 15:18:00,206.7299,TAKE_PROFIT_GAP,16.499599999999987,2.0359319858838543
ICE,2026-04-15 00:00:00,2026-04-16 00:00:00,0.036144578313253,4.0,2026-04-16 09:56:00,164.39,46.26605622161686,41.149564765574915,6,986.3399999999999,161.10219999999998,167.6778,2026-04-17 10:05:00,161.10219999999998,STOP_LOSS,-19.726800000000026,-2.0000000000000018
QCOM,2026-04-15 00:00:00,2026-04-16 00:00:00,0.0606564488143435,5.0,2026-04-16 09:57:00,133.61,50.40144488663038,48.11436290197236,7,935.2700000000001,130.9378,136.28220000000002,2026-04-17 09:30:00,136.69,TAKE_PROFIT_GAP,21.55999999999989,2.305216675398536
PWR,2026-04-15 00:00:00,2026-04-16 00:00:00,0.0943627450980392,10.0,2026-04-16 10:00:00,586.6,50.92714208538528,48.87737666321194,1,586.6,574.868,598.332,2026-04-17 10:36:00,598.332,TAKE_PROFIT,11.731999999999971,2.0000000000000018
AJG,2026-04-15 00:00:00,2026-04-16 00:00:00,0.0833333333333333,9.0,2026-04-16 10:01:00,224.47,50.85051776037829,50.1073325796021,4,897.88,219.98059999999998,228.95940000000002,2026-04-17 15:59:00,221.62,WEEK_END_CLOSE,-11.399999999999977,-1.269657415244796
FDX,2026-04-15 00:00:00,2026-04-16 00:00:00,0.0756843800322061,8.0,2026-04-16 10:07:00,372.7,64.00696989604334,63.17973430653462,2,745.4,365.246,380.154,2026-04-16 14:18:00,380.154,TAKE_PROFIT,14.908000000000015,2.0000000000000018
AON,2026-04-15 00:00:00,2026-04-16 00:00:00,0.074074074074074,7.0,2026-04-16 10:08:00,334.28,59.8845350819091,57.780293792872335,2,668.56,327.59439999999995,340.9656,2026-04-17 15:59:00,331.82,WEEK_END_CLOSE,-4.919999999999959,-0.7359100155558185
FDX,2026-04-15 00:00:00,2026-04-16 00:00:00,0.0756843800322061,8.0,2026-04-16 15:04:00,378.42,53.91910669296638,47.452595529896406,2,756.84,370.8516,385.9884,2026-04-17 10:07:00,385.9884,TAKE_PROFIT,15.136799999999994,2.0000000000000018
NSC,2026-04-16 00:00:00,2026-04-17 00:00:00,0.0151515151515151,3.0,2026-04-17 09:45:00,303.15,55.90651706992926,55.49451740791576,3,909.4499999999999,297.087,309.21299999999997,2026-04-17 15:59:00,302.34,WEEK_END_CLOSE,-2.430000000000007,-0.2671944581890129
CME,2026-04-16 00:00:00,2026-04-17 00:00:00,0.0398162327718223,7.0,2026-04-17 09:46:00,292.01,37.36146231648179,34.3811318111303,3,876.03,286.1698,297.8502,2026-04-17 10:22:00,286.1698,STOP_LOSS,-17.520599999999945,-1.9999999999999907
JCI,2026-04-16 00:00:00,2026-04-17 00:00:00,0.0292792792792792,6.0,2026-04-17 09:47:00,139.615,62.368398044796244,60.769207856649274,7,977.3050000000001,136.8227,142.40730000000002,2026-04-17 10:51:00,142.40730000000002,TAKE_PROFIT,19.54610000000008,2.0000000000000018
UPS,2026-04-16 00:00:00,2026-04-17 00:00:00,0.0596914822266934,9.0,2026-04-17 09:48:00,105.98,55.923778755878914,54.39180763251584,9,953.82,103.8604,108.09960000000001,2026-04-17 15:59:00,106.43,WEEK_END_CLOSE,4.050000000000026,0.4246084166823927
CSX,2026-04-16 00:00:00,2026-04-17 00:00:00,0.0014823599169878,1.0,2026-04-17 09:52:00,42.955,55.716322985168624,53.94317452412671,23,987.9649999999999,42.0959,43.814099999999996,2026-04-17 15:59:00,43.32,WEEK_END_CLOSE,8.395000000000046,0.8497264579210739
ABNB,2026-04-16 00:00:00,2026-04-17 00:00:00,0.0578282828282828,8.0,2026-04-17 10:01:00,141.47,63.63849860077152,63.43938324198342,7,990.29,138.6406,144.2994,2026-04-17 15:59:00,141.55,WEEK_END_CLOSE,0.5600000000000875,0.056549091680224706
WM,2026-04-16 00:00:00,2026-04-17 00:00:00,0.0746887966804979,10.0,2026-04-17 10:20:00,223.59,52.61436504699839,48.8399737339237,4,894.36,219.1182,228.0618,2026-04-17 15:59:00,223.92,WEEK_END_CLOSE,1.3199999999999363,0.1475915738628597
CME,2026-04-16 00:00:00,2026-04-17 00:00:00,0.0398162327718223,7.0,2026-04-17 10:26:00,287.33,39.33755065496258,32.244820594935156,3,861.99,281.5834,293.0766,2026-04-17 15:59:00,287.68,WEEK_END_CLOSE,1.0500000000000682,0.1218111579020631
FDX,2026-04-16 00:00:00,2026-04-17 00:00:00,0.0036443148688046,2.0,2026-04-17 10:45:00,387.41,65.60512168916637,64.69700993568668,2,774.82,379.6618,395.1582,2026-04-17 15:59:00,392.04,WEEK_END_CLOSE,9.259999999999991,1.1951162850726504
UNP,2026-04-16 00:00:00,2026-04-17 00:00:00,0.0277427490542244,5.0,2026-04-17 11:44:00,255.6,59.92900316943462,57.452183673259526,3,766.8,250.488,260.712,2026-04-17 15:59:00,251.07,WEEK_END_CLOSE,-13.590000000000003,-1.7723004694835676
JCI,2026-04-16 00:00:00,2026-04-17 00:00:00,0.0292792792792792,6.0,2026-04-17 11:47:00,141.13,48.62119198490295,46.564786951023535,7,987.91,138.3074,143.9526,2026-04-17 15:59:00,140.88,WEEK_END_CLOSE,-1.75,-0.17714164245731245
MCO,2026-04-17 00:00:00,2026-04-20 00:00:00,0.0054794520547945,1.0,2026-04-20 09:45:00,455.5,52.76149136895986,45.60773865377604,2,911.0,446.39,464.61,2026-04-21 09:30:00,464.61,TAKE_PROFIT,18.220000000000027,2.0000000000000018
SPGI,2026-04-17 00:00:00,2026-04-20 00:00:00,0.0165975103734439,6.0,2026-04-20 09:45:00,441.345,50.75767223848074,46.67391725722282,2,882.69,432.5181,450.17190000000005,2026-04-21 09:47:00,450.17190000000005,TAKE_PROFIT,17.653800000000047,2.0000000000000018
AJG,2026-04-17 00:00:00,2026-04-20 00:00:00,0.0222222222222222,8.0,2026-04-20 09:53:00,222.39,55.89349251243551,54.185386345116264,4,889.56,217.94219999999999,226.8378,2026-04-23 13:11:00,217.94219999999999,STOP_LOSS,-17.791200000000003,-2.0000000000000018
ITW,2026-04-17 00:00:00,2026-04-20 00:00:00,0.0173410404624277,7.0,2026-04-20 09:54:00,271.74,49.027097539927325,47.74081066071022,3,815.22,266.3052,277.1748,2026-04-24 15:59:00,269.31,WEEK_END_CLOSE,-7.2900000000000205,-0.8942371384411563
JCI,2026-04-17 00:00:00,2026-04-20 00:00:00,0.009375,5.0,2026-04-20 09:57:00,141.37,50.623266472652986,47.91761748981311,7,989.59,138.5426,144.19740000000002,2026-04-22 12:29:00,138.5426,STOP_LOSS,-19.79180000000008,-2.000000000000013
CB,2026-04-17 00:00:00,2026-04-20 00:00:00,0.0224719101123595,9.0,2026-04-20 09:58:00,333.08,57.941924545531364,57.203909823073,3,999.24,326.41839999999996,339.7416,2026-04-21 09:47:00,326.41839999999996,STOP_LOSS,-19.984800000000064,-2.0000000000000018
TT,2026-04-17 00:00:00,2026-04-20 00:00:00,0.0093457943925233,4.0,2026-04-20 10:03:00,477.71,53.473562887204835,49.10417950528399,2,955.42,468.1558,487.26419999999996,2026-04-23 12:33:00,487.26419999999996,TAKE_PROFIT,19.10839999999996,2.0000000000000018
FDX,2026-04-17 00:00:00,2026-04-20 00:00:00,0.006820765441455,2.0,2026-04-20 10:30:00,394.66,63.27314252153065,55.106257394617884,2,789.32,386.7668,402.55320000000006,2026-04-22 11:41:00,386.7668,STOP_LOSS,-15.786400000000071,-2.000000000000013
NSC,2026-04-17 00:00:00,2026-04-20 00:00:00,0.0229885057471264,10.0,2026-04-20 10:39:00,304.22,54.752199629083975,54.51676457724791,3,912.6600000000001,298.1356,310.30440000000004,2026-04-22 15:44:00,298.1356,STOP_LOSS,-18.25320000000005,-2.0000000000000018
APD,2026-04-17 00:00:00,2026-04-20 00:00:00,0.0089820359281437,3.0,2026-04-20 10:43:00,297.72,62.320856222969894,61.50899646569327,3,893.1600000000001,291.7656,303.67440000000005,2026-04-23 14:38:00,303.67440000000005,TAKE_PROFIT,17.863200000000063,2.0000000000000018
AFL,2026-04-20 00:00:00,2026-04-21 00:00:00,0.1266375545851528,8.0,2026-04-21 09:49:00,115.11,55.922980751484204,55.47318422205145,8,920.88,112.8078,117.4122,2026-04-24 15:59:00,114.65,WEEK_END_CLOSE,-3.67999999999995,-0.39961775692815005
TGT,2026-04-20 00:00:00,2026-04-21 00:00:00,0.0673108525603102,4.0,2026-04-21 09:53:00,132.305,58.71283310192845,57.91621139999001,7,926.135,129.65890000000002,134.9511,2026-04-23 13:43:00,129.65890000000002,STOP_LOSS,-18.52269999999993,-1.9999999999999907
TMUS,2026-04-20 00:00:00,2026-04-21 00:00:00,0.1106110847939365,7.0,2026-04-21 09:54:00,195.56,41.22863549231581,40.46547312098354,5,977.8,191.6488,199.4712,2026-04-21 14:02:00,199.4712,TAKE_PROFIT,19.55600000000004,2.0000000000000018
CSX,2026-04-20 00:00:00,2026-04-21 00:00:00,0.0943643512450851,6.0,2026-04-21 10:01:00,43.68,48.87697597128264,45.637680549895485,22,960.96,42.8064,44.5536,2026-04-23 09:30:00,45.465,TAKE_PROFIT_GAP,39.27000000000008,4.08653846153848
UNP,2026-04-20 00:00:00,2026-04-21 00:00:00,0.0386547281065734,2.0,2026-04-21 10:01:00,252.57,47.706654665769065,47.290441787229184,3,757.71,247.5186,257.6214,2026-04-23 09:30:00,262.76,TAKE_PROFIT_GAP,30.569999999999993,4.034525082155449
ICE,2026-04-20 00:00:00,2026-04-21 00:00:00,0.0891719745222929,5.0,2026-04-21 10:15:00,161.5165,56.90733560146224,49.76056634176365,6,969.099,158.28617,164.74683000000002,2026-04-22 11:00:00,158.28617,STOP_LOSS,-19.381980000000055,-2.0000000000000018
CME,2026-04-20 00:00:00,2026-04-21 00:00:00,0.1504424778761062,10.0,2026-04-21 10:29:00,285.94,47.94496170074938,46.60815605431559,3,857.8199999999999,280.2212,291.6588,2026-04-22 09:30:00,275.06,STOP_LOSS_GAP,-32.639999999999986,-3.8049940546967864
UPS,2026-04-20 00:00:00,2026-04-21 00:00:00,0.0451932290003193,3.0,2026-04-21 10:38:00,107.26,55.00653754678968,49.633764590996215,9,965.34,105.1148,109.40520000000001,2026-04-24 15:59:00,107.02,WEEK_END_CLOSE,-2.160000000000082,-0.22375536080553315
KMI,2026-04-20 00:00:00,2026-04-21 00:00:00,0.1281553398058252,9.0,2026-04-21 10:39:00,31.475,38.21012512943517,37.58717224757792,31,975.725,30.8455,32.1045,2026-04-23 09:30:00,32.27,TAKE_PROFIT_GAP,24.645000000000053,2.5258141382049404
TMUS,2026-04-20 00:00:00,2026-04-21 00:00:00,0.1106110847939365,7.0,2026-04-21 15:14:00,196.745,46.6654373651836,42.763240114239814,5,983.725,192.8101,200.6799,2026-04-22 09:30:00,192.74,STOP_LOSS_GAP,-20.024999999999977,-2.035629876235734
PGR,2026-04-21 00:00:00,2026-04-22 00:00:00,0.0776545166402535,8.0,2026-04-22 09:46:00,207.13,49.464514679709986,47.31078874128511,4,828.52,202.98739999999998,211.2726,2026-04-22 15:11:00,202.98739999999998,STOP_LOSS,-16.570400000000063,-2.000000000000013
WMB,2026-04-21 00:00:00,2026-04-22 00:00:00,0.0061068702290076,3.0,2026-04-22 09:46:00,70.99,58.25992374678706,56.41216338746528,14,993.8599999999999,69.5702,72.40979999999999,2026-04-24 15:59:00,72.17,WEEK_END_CLOSE,16.520000000000095,1.6622059444992399
FTNT,2026-04-21 00:00:00,2026-04-22 00:00:00,0.0547785547785547,5.0,2026-04-22 09:54:00,86.5,59.59783467070273,57.371781800476604,11,951.5,84.77,88.23,2026-04-23 09:31:00,84.77,STOP_LOSS,-19.030000000000044,-2.0000000000000018
HD,2026-04-21 00:00:00,2026-04-22 00:00:00,0.130650292224606,9.0,2026-04-22 09:54:00,343.87,53.06154154578476,48.6071155238977,2,687.74,336.9926,350.7474,2026-04-23 13:47:00,336.9926,STOP_LOSS,-13.754800000000046,-2.0000000000000018
ACN,2026-04-21 00:00:00,2026-04-22 00:00:00,0.0705176294073518,7.0,2026-04-22 10:23:00,193.56,46.58262420260398,43.89525002117945,5,967.8,189.6888,197.43120000000002,2026-04-22 13:04:00,189.6888,STOP_LOSS,-19.35600000000008,-2.000000000000013
SLB,2026-04-21 00:00:00,2026-04-22 00:00:00,0.0696818870374377,6.0,2026-04-22 10:46:00,54.745,65.84776184418995,65.50175760698914,18,985.41,53.650099999999995,55.8399,2026-04-24 10:34:00,55.8399,TAKE_PROFIT,19.708200000000048,2.0000000000000018
ICE,2026-04-21 00:00:00,2026-04-22 00:00:00,0.0031367628607277,1.0,2026-04-22 11:05:00,158.57,47.68011425603222,41.8054166298996,6,951.42,155.3986,161.7414,2026-04-23 12:31:00,155.3986,STOP_LOSS,-19.028400000000033,-2.0000000000000018
FDX,2026-04-21 00:00:00,2026-04-22 00:00:00,0.0335553278688524,4.0,2026-04-22 11:44:00,387.125,41.75831769135033,38.45935604140239,2,774.25,379.3825,394.8675,2026-04-23 09:34:00,394.95,TAKE_PROFIT_GAP,15.649999999999977,2.0213109460768486
ACN,2026-04-21 00:00:00,2026-04-22 00:00:00,0.0705176294073518,7.0,2026-04-22 13:10:00,189.78,44.61819083148404,41.774510878857086,5,948.9,185.9844,193.5756,2026-04-23 09:30:00,181.0,STOP_LOSS_GAP,-43.900000000000006,-4.626409526820529
PGR,2026-04-21 00:00:00,2026-04-22 00:00:00,0.0776545166402535,8.0,2026-04-22 15:16:00,203.34,47.688275411774654,46.96659118929228,4,813.36,199.2732,207.4068,2026-04-24 15:59:00,200.87,WEEK_END_CLOSE,-9.879999999999995,-1.2147142716632198
WBD,2026-04-22 00:00:00,2026-04-23 00:00:00,0.137310606060606,9.0,2026-04-23 09:45:00,27.335,57.3333730912633,56.18817570031907,36,984.0600000000001,26.7883,27.881700000000002,2026-04-24 15:59:00,27.055,WEEK_END_CLOSE,-10.080000000000041,-1.0243277848911658
FDX,2026-04-22 00:00:00,2026-04-23 00:00:00,0.0318936877076411,2.0,2026-04-23 09:52:00,392.16,55.25514122399256,52.901994332514334,2,784.32,384.3168,400.00320000000005,2026-04-24 15:59:00,387.94,WEEK_END_CLOSE,-8.440000000000055,-1.076091391268874
SPGI,2026-04-22 00:00:00,2026-04-23 00:00:00,0.1220657276995305,7.0,2026-04-23 10:05:00,440.47,46.995800510002915,42.288128565159106,2,880.94,431.66060000000004,449.2794,2026-04-24 15:59:00,436.9,WEEK_END_CLOSE,-7.1400000000001,-0.8104978772674798
BRK.B,2026-04-22 00:00:00,2026-04-23 00:00:00,0.1117632965979875,4.0,2026-04-23 10:07:00,471.3206,63.29527874482555,62.46687731760555,2,942.6412,461.894188,480.74701200000004,2026-04-24 15:59:00,469.31,WEEK_END_CLOSE,-4.021200000000022,-0.42658861080971944
CVS,2026-04-22 00:00:00,2026-04-23 00:00:00,0.0718525066296249,3.0,2026-04-23 10:11:00,77.47,52.34344539662076,51.500504016706714,12,929.64,75.9206,79.0194,2026-04-23 14:23:00,79.0194,TAKE_PROFIT,18.592800000000068,2.0000000000000018
SNPS,2026-04-22 00:00:00,2026-04-23 00:00:00,0.1216356107660455,6.0,2026-04-23 10:11:00,460.39,42.57958843587868,41.719719739615805,2,920.78,451.18219999999997,469.5978,2026-04-23 13:45:00,451.18219999999997,STOP_LOSS,-18.41560000000004,-2.0000000000000018
MA,2026-04-22 00:00:00,2026-04-23 00:00:00,0.1163980557687388,5.0,2026-04-23 10:12:00,504.3,46.209421564478234,45.923539543849294,1,504.3,494.214,514.386,2026-04-24 15:59:00,504.25,WEEK_END_CLOSE,-0.05000000000001137,-0.009914733293681088
UNP,2026-04-22 00:00:00,2026-04-23 00:00:00,0.1285366931918656,8.0,2026-04-23 10:29:00,263.5,63.79863365322259,63.46053225211795,3,790.5,258.23,268.77,2026-04-23 12:52:00,268.77,TAKE_PROFIT,15.809999999999945,2.0000000000000018
UNP,2026-04-22 00:00:00,2026-04-23 00:00:00,0.1285366931918656,8.0,2026-04-23 13:27:00,268.32,55.774728907950575,55.596991956197655,3,804.96,262.9536,273.6864,2026-04-24 09:30:00,273.6864,TAKE_PROFIT,16.099199999999996,2.0000000000000018
SNPS,2026-04-22 00:00:00,2026-04-23 00:00:00,0.1216356107660455,6.0,2026-04-23 13:53:00,452.85,45.72595148735807,36.35258919456754,2,905.7,443.793,461.90700000000004,2026-04-24 09:30:00,469.38,TAKE_PROFIT_GAP,33.059999999999945,3.650215303080473
MDLZ,2026-04-23 00:00:00,2026-04-24 00:00:00,0.0403225806451612,2.0,2026-04-24 09:45:00,57.42,47.95211752639192,46.72410986417677,17,976.14,56.2716,58.568400000000004,2026-04-24 15:59:00,57.63,WEEK_END_CLOSE,3.5700000000000145,0.3657262277952045
MCD,2026-04-23 00:00:00,2026-04-24 00:00:00,0.1077770973668095,8.0,2026-04-24 09:46:00,301.415,46.04518053932839,42.669244714931445,3,904.2450000000001,295.3867,307.4433,2026-04-24 15:59:00,299.42,WEEK_END_CLOSE,-5.985000000000014,-0.6618781414329145
CI,2026-04-23 00:00:00,2026-04-24 00:00:00,0.1077844311377245,9.0,2026-04-24 09:50:00,277.68,51.08007801838873,50.018533748547256,3,833.04,272.1264,283.2336,2026-04-24 15:59:00,275.66,WEEK_END_CLOSE,-6.059999999999945,-0.727456064534715
HWM,2026-04-23 00:00:00,2026-04-24 00:00:00,0.0796915167095115,5.0,2026-04-24 09:50:00,243.22,45.22698057353698,40.6900270798008,4,972.88,238.35559999999998,248.08440000000002,2026-04-24 15:59:00,242.43,WEEK_END_CLOSE,-3.159999999999968,-0.32480881506454784
CSX,2026-04-23 00:00:00,2026-04-24 00:00:00,0.0815115552779512,7.0,2026-04-24 09:55:00,45.985,57.80814720796679,51.67101595275824,21,965.685,45.0653,46.9047,2026-04-24 15:59:00,45.39,WEEK_END_CLOSE,-12.494999999999976,-1.2939001848428777
FCX,2026-04-23 00:00:00,2026-04-24 00:00:00,0.1251874062968515,10.0,2026-04-24 10:46:00,61.7,55.17500801222874,55.14566449512272,16,987.2,60.466,62.934000000000005,2026-04-24 15:59:00,61.05,WEEK_END_CLOSE,-10.400000000000091,-1.053484602917354
ICE,2026-04-24 00:00:00,2026-04-27 00:00:00,0.0100755667506297,2.0,2026-04-27 09:45:00,158.91,58.012769179271764,56.372750028670715,6,953.46,155.7318,162.0882,2026-04-29 09:30:00,155.0,STOP_LOSS_GAP,-23.45999999999998,-2.460512239632495
CMCSA,2026-04-24 00:00:00,2026-04-27 00:00:00,0.0455092704069347,4.0,2026-04-27 09:47:00,27.62,42.80384622425811,40.523010299849965,36,994.32,27.0676,28.172400000000003,2026-04-28 09:30:00,28.172400000000003,TAKE_PROFIT,19.88640000000008,2.0000000000000018
UNP,2026-04-24 00:00:00,2026-04-27 00:00:00,0.1301369863013698,9.0,2026-04-27 09:50:00,268.94,43.96414969446459,42.731277461774035,3,806.8199999999999,263.5612,274.3188,2026-04-29 10:45:00,263.5612,STOP_LOSS,-16.136400000000037,-2.0000000000000018
APO,2026-04-24 00:00:00,2026-04-27 00:00:00,0.0602205258693808,5.0,2026-04-27 09:51:00,124.39,47.73126141518602,45.42831372548465,8,995.12,121.9022,126.87780000000001,2026-04-29 14:07:00,121.89,STOP_LOSS_GAP,-20.0,-2.0098078623683624
CDNS,2026-04-24 00:00:00,2026-04-27 00:00:00,0.1385041551246537,10.0,2026-04-27 09:54:00,334.38,57.45184412922259,56.035933741174524,2,668.76,327.69239999999996,341.0676,2026-04-28 09:47:00,327.69239999999996,STOP_LOSS,-13.375200000000063,-2.000000000000013
PFE,2026-04-24 00:00:00,2026-04-27 00:00:00,0.1131740755412411,7.0,2026-04-27 10:03:00,27.245,58.8429345450349,57.72896217897417,36,980.82,26.7001,27.789900000000003,2026-04-28 10:23:00,26.7001,STOP_LOSS,-19.61640000000007,-2.0000000000000018
KMI,2026-04-24 00:00:00,2026-04-27 00:00:00,0.0838491840180078,6.0,2026-04-27 10:19:00,31.665,50.85057484798768,48.807811607082805,31,981.615,31.031699999999997,32.2983,2026-04-27 12:00:00,31.031699999999997,STOP_LOSS,-19.63230000000006,-2.0000000000000018
AFL,2026-04-24 00:00:00,2026-04-27 00:00:00,0.03475935828877,3.0,2026-04-27 10:22:00,115.4,52.84750349183678,51.526124506546225,8,923.2,113.092,117.70800000000001,2026-04-30 09:30:00,112.27,STOP_LOSS_GAP,-25.040000000000077,-2.712305025996542
FDX,2026-04-24 00:00:00,2026-04-27 00:00:00,0.0032822757111597,1.0,2026-04-27 10:35:00,385.53,48.84621671904485,48.69940042872154,2,771.06,377.8194,393.2406,2026-04-29 09:32:00,393.2406,TAKE_PROFIT,15.421199999999999,2.0000000000000018
PGR,2026-04-24 00:00:00,2026-04-27 00:00:00,0.1147540983606557,8.0,2026-04-27 10:37:00,203.72,61.76265126188014,61.71798248982823,4,814.88,199.6456,207.7944,2026-04-30 09:30:00,198.24,STOP_LOSS_GAP,-21.91999999999996,-2.6899666208521467
KMI,2026-04-24 00:00:00,2026-04-27 00:00:00,0.0838491840180078,6.0,2026-04-27 12:07:00,30.995,34.943415094942864,33.608128814671446,32,991.84,30.3751,31.614900000000002,2026-04-28 10:53:00,31.614900000000002,TAKE_PROFIT,19.83680000000004,2.0000000000000018
FTNT,2026-04-27 00:00:00,2026-04-28 00:00:00,0.1304938830992297,6.0,2026-04-28 09:45:00,86.25,53.78756973014766,50.1666632715522,11,948.75,84.52499999999999,87.97500000000001,2026-04-29 09:30:00,84.52499999999999,STOP_LOSS,-18.975000000000094,-2.000000000000013
WMB,2026-04-27 00:00:00,2026-04-28 00:00:00,0.1253263707571801,5.0,2026-04-28 09:51:00,72.52,59.43371465115162,56.80879739198141,13,942.76,71.0696,73.9704,2026-04-30 09:34:00,73.9704,TAKE_PROFIT,18.855200000000025,2.0000000000000018
BSX,2026-04-27 00:00:00,2026-04-28 00:00:00,0.1961869618696187,10.0,2026-04-28 10:10:00,59.41,42.20720213836028,41.622798421958116,16,950.56,58.221799999999995,60.5982,2026-04-28 12:41:00,58.221799999999995,STOP_LOSS,-19.01120000000003,-2.0000000000000018
RTX,2026-04-27 00:00:00,2026-04-28 00:00:00,0.1069340016708437,4.0,2026-04-28 10:13:00,174.18,54.394368168933624,53.94652957654287,5,870.9000000000001,170.6964,177.6636,2026-05-01 15:59:00,173.99,WEEK_END_CLOSE,-0.9499999999999886,-0.1090825582730548
GD,2026-04-27 00:00:00,2026-04-28 00:00:00,0.1584821428571428,8.0,2026-04-28 10:17:00,307.635,40.08170745785255,38.679259368883585,3,922.905,301.4823,313.7877,2026-04-29 09:30:00,338.08,TAKE_PROFIT_GAP,91.33499999999998,9.896468217205445
DHR,2026-04-27 00:00:00,2026-04-28 00:00:00,0.0763975155279503,2.0,2026-04-28 10:24:00,178.11,44.23888915267776,37.333403940916504,5,890.5500000000001,174.54780000000002,181.6722,2026-05-01 15:59:00,175.14,WEEK_END_CLOSE,-14.850000000000136,-1.6675088428499407
SCHW,2026-04-27 00:00:00,2026-04-28 00:00:00,0.0748198146665141,1.0,2026-04-28 10:24:00,90.54,52.92491972440207,48.056028118915194,11,995.94,88.7292,92.3508,2026-04-30 14:45:00,92.3508,TAKE_PROFIT,19.918800000000005,2.0000000000000018
AXP,2026-04-27 00:00:00,2026-04-28 00:00:00,0.1022769004774146,3.0,2026-04-28 10:31:00,318.85,52.86954788472333,51.61825277343358,3,956.5500000000001,312.473,325.22700000000003,2026-04-30 09:31:00,312.473,STOP_LOSS,-19.13100000000003,-2.0000000000000018
T,2026-04-27 00:00:00,2026-04-28 00:00:00,0.1875,9.0,2026-04-28 10:37:00,26.275,63.7640342626547,63.048583776512224,38,998.4499999999999,25.749499999999998,26.8005,2026-04-29 15:27:00,25.749499999999998,STOP_LOSS,-19.969000000000037,-2.0000000000000018
KMI,2026-04-27 00:00:00,2026-04-28 00:00:00,0.1338582677165354,7.0,2026-04-28 11:02:00,31.61,58.269520914344554,56.1090309927695,31,979.91,30.9778,32.2422,2026-04-30 09:41:00,32.2422,TAKE_PROFIT,19.59819999999992,2.0000000000000018
BSX,2026-04-27 00:00:00,2026-04-28 00:00:00,0.1961869618696187,10.0,2026-04-28 12:51:00,58.3191,44.67449396782812,37.86332327251,17,991.4247,57.152718,59.485482,2026-04-29 09:31:00,57.152718,STOP_LOSS,-19.828493999999978,-2.0000000000000018
ACN,2026-04-28 00:00:00,2026-04-29 00:00:00,0.1662354463130659,10.0,2026-04-29 09:45:00,176.635,47.43598656744148,44.3852927662093,5,883.175,173.10229999999999,180.1677,2026-04-29 15:56:00,180.1677,TAKE_PROFIT,17.663500000000028,2.0000000000000018
FDX,2026-04-28 00:00:00,2026-04-29 00:00:00,0.0576923076923076,1.0,2026-04-29 09:45:00,391.24,49.7628708110292,49.497839294346136,2,782.48,383.4152,399.0648,2026-04-29 14:54:00,383.4152,STOP_LOSS,-15.649599999999964,-1.9999999999999907
SLB,2026-04-28 00:00:00,2026-04-29 00:00:00,0.164066852367688,9.0,2026-04-29 09:53:00,55.71,49.397872101705346,48.97044349448686,17,947.07,54.5958,56.824200000000005,2026-04-30 15:20:00,56.824200000000005,TAKE_PROFIT,18.941400000000066,2.0000000000000018
ICE,2026-04-28 00:00:00,2026-04-29 00:00:00,0.1012658227848101,4.0,2026-04-29 09:54:00,154.62,44.910942672250634,43.275570562484766,6,927.72,151.5276,157.7124,2026-04-30 09:34:00,157.7124,TAKE_PROFIT,18.554399999999987,2.0000000000000018
BX,2026-04-28 00:00:00,2026-04-29 00:00:00,0.0947850599013389,3.0,2026-04-29 09:56:00,120.82,53.78844338240507,49.07471394075959,8,966.56,118.4036,123.23639999999999,2026-04-30 09:31:00,118.4036,STOP_LOSS,-19.331199999999967,-2.0000000000000018
JNJ,2026-04-28 00:00:00,2026-04-29 00:00:00,0.0710905513904397,2.0,2026-04-29 10:02:00,225.685,50.12790097559484,45.47903639393035,4,902.74,221.1713,230.1987,2026-04-30 10:07:00,230.1987,TAKE_PROFIT,18.0548,2.0000000000000018
TJX,2026-04-28 00:00:00,2026-04-29 00:00:00,0.1161290322580645,5.0,2026-04-29 10:02:00,155.69,48.24198337476632,43.11091526467768,6,934.14,152.5762,158.8038,2026-05-01 15:59:00,156.85,WEEK_END_CLOSE,6.9599999999999795,0.7450703320701413
LOW,2026-04-28 00:00:00,2026-04-29 00:00:00,0.1299000768639508,6.0,2026-04-29 10:05:00,234.605,42.15535247126289,38.74197968356079,4,938.42,229.91289999999998,239.2971,2026-05-01 15:59:00,233.35,WEEK_END_CLOSE,-5.019999999999982,-0.5349417105347309
KKR,2026-04-28 00:00:00,2026-04-29 00:00:00,0.1345381526104417,7.0,2026-04-29 10:10:00,100.18,51.45876544460564,49.925077178502946,9,901.6200000000001,98.1764,102.18360000000001,2026-04-30 09:30:00,97.43,STOP_LOSS_GAP,-24.75,-2.745058893990815
FDX,2026-04-28 00:00:00,2026-04-29 00:00:00,0.0576923076923076,1.0,2026-04-29 14:58:00,383.87,45.7944192561644,39.38572492782421,2,767.74,376.19259999999997,391.54740000000004,2026-04-30 10:21:00,391.54740000000004,TAKE_PROFIT,15.354800000000068,2.0000000000000018
PG,2026-04-29 00:00:00,2026-04-30 00:00:00,0.0653543307086614,1.0,2026-04-30 09:52:00,146.5699,55.104353953388795,53.32012075682286,6,879.4194,143.638502,149.501298,2026-05-01 15:59:00,147.27,WEEK_END_CLOSE,4.200600000000122,0.47765605352805274
CL,2026-04-29 00:00:00,2026-04-30 00:00:00,0.0698005698005698,2.0,2026-04-30 09:54:00,85.19,59.505386759640565,58.22633910796917,11,937.0899999999999,83.4862,86.8938,2026-05-01 09:30:00,88.17,TAKE_PROFIT_GAP,32.780000000000044,3.4980631529522244
HWM,2026-04-29 00:00:00,2026-04-30 00:00:00,0.1434599156118143,9.0,2026-04-30 10:02:00,241.82,60.822860445043645,58.88623377221912,4,967.28,236.9836,246.6564,2026-05-01 15:59:00,239.51,WEEK_END_CLOSE,-9.240000000000009,-0.9552559755189871
DE,2026-04-29 00:00:00,2026-04-30 00:00:00,0.1323529411764706,8.0,2026-04-30 10:03:00,580.29,65.2300474885121,64.22012764661254,1,580.29,568.6841999999999,591.8958,2026-04-30 11:32:00,591.8958,TAKE_PROFIT,11.605800000000045,2.0000000000000018
AXP,2026-04-29 00:00:00,2026-04-30 00:00:00,0.1268579329415831,7.0,2026-04-30 10:05:00,318.2001,56.05982957575423,55.08891834714822,3,954.6003000000001,311.836098,324.56410200000005,2026-05-01 09:30:00,324.56410200000005,TAKE_PROFIT,19.092006000000083,2.0000000000000018
VZ,2026-04-29 00:00:00,2026-04-30 00:00:00,0.0764925373134328,3.0,2026-04-30 10:10:00,47.805,74.51838755610883,68.92284836305589,20,956.1,46.8489,48.7611,2026-05-01 15:59:00,48.145,WEEK_END_CLOSE,6.800000000000068,0.711222675452361
T,2026-04-29 00:00:00,2026-04-30 00:00:00,0.0832791151594014,5.0,2026-04-30 10:16:00,26.295,63.615978332842836,62.42046265941933,38,999.21,25.7691,26.8209,2026-05-01 15:59:00,26.13,WEEK_END_CLOSE,-6.270000000000103,-0.627495721620086
JNJ,2026-04-29 00:00:00,2026-04-30 00:00:00,0.0832400149309443,4.0,2026-04-30 10:25:00,230.97,65.75270872196457,60.58329763468779,4,923.88,226.3506,235.5894,2026-05-01 15:59:00,227.2,WEEK_END_CLOSE,-15.080000000000041,-1.63224661211413
WMB,2026-04-29 00:00:00,2026-04-30 00:00:00,0.1483644859813084,10.0,2026-04-30 10:26:00,75.96,72.03697795580388,70.72177672692372,13,987.4799999999999,74.4408,77.47919999999999,2026-05-01 15:59:00,75.56,WEEK_END_CLOSE,-5.199999999999889,-0.5265929436545469
APO,2026-04-29 00:00:00,2026-04-30 00:00:00,0.1227436823104693,6.0,2026-04-30 10:45:00,126.32,70.93390585473908,66.41985861279242,7,884.24,123.7936,128.8464,2026-04-30 11:26:00,128.8464,TAKE_PROFIT,17.684799999999967,2.0000000000000018
DE,2026-04-29 00:00:00,2026-04-30 00:00:00,0.1323529411764706,8.0,2026-04-30 11:50:00,591.5199,57.88387871647564,56.364206588923906,1,591.5199,579.689502,603.3502980000001,2026-05-01 10:49:00,579.689502,STOP_LOSS,-11.83039800000006,-2.000000000000013
APO,2026-04-29 00:00:00,2026-04-30 00:00:00,0.1227436823104693,6.0,2026-04-30 12:40:00,128.4,50.28870263754371,50.10115399870696,7,898.8000000000001,125.83200000000001,130.96800000000002,2026-05-01 10:00:00,130.96800000000002,TAKE_PROFIT,17.976000000000084,2.0000000000000018
ROST,2026-04-30 00:00:00,2026-05-01 00:00:00,0.0124605915027773,1.0,2026-05-01 09:50:00,227.92,52.46648994005878,49.772199918164524,4,911.68,223.36159999999998,232.4784,2026-05-01 15:59:00,228.91,WEEK_END_CLOSE,3.9600000000000364,0.4343629343629418
PM,2026-04-30 00:00:00,2026-05-01 00:00:00,0.117750439367311,7.0,2026-05-01 09:51:00,167.28,61.068327334019386,57.10288816177069,5,836.4,163.9344,170.6256,2026-05-01 15:59:00,166.4,WEEK_END_CLOSE,-4.399999999999977,-0.5260640841702524
CMCSA,2026-04-30 00:00:00,2026-05-01 00:00:00,0.0733628754308222,4.0,2026-05-01 09:53:00,27.205,49.456930550221486,47.43560545358581,36,979.3799999999999,26.660899999999998,27.7491,2026-05-01 15:59:00,27.185,WEEK_END_CLOSE,-0.7199999999999847,-0.07351589781290357
TGT,2026-04-30 00:00:00,2026-05-01 00:00:00,0.1286872520269104,8.0,2026-05-01 09:53:00,129.93,52.63679924124535,51.94086293569417,7,909.51,127.3314,132.5286,2026-05-01 15:59:00,128.89,WEEK_END_CLOSE,-7.280000000000143,-0.8004310013084104
GE,2026-04-30 00:00:00,2026-05-01 00:00:00,0.1457444576543814,10.0,2026-05-01 09:55:00,288.41,55.77275249225077,53.145493200433734,3,865.23,282.64180000000005,294.1782,2026-05-01 15:59:00,286.5,WEEK_END_CLOSE,-5.730000000000075,-0.6622516556291425
FDX,2026-04-30 00:00:00,2026-05-01 00:00:00,0.0151515151515151,2.0,2026-05-01 09:56:00,400.61,53.30859133090688,52.70028530675116,2,801.22,392.5978,408.6222,2026-05-01 15:59:00,393.72,WEEK_END_CLOSE,-13.779999999999973,-1.7198771872893759
DLR,2026-04-30 00:00:00,2026-05-01 00:00:00,0.1153846153846153,6.0,2026-05-01 09:59:00,199.928,57.51328252991336,49.47792409349842,5,999.64,195.92944,203.92656,2026-05-01 15:59:00,200.69,WEEK_END_CLOSE,3.8100000000000023,0.381137209395388
HWM,2026-05-01 00:00:00,2026-05-04 00:00:00,0.0764230139230139,7.0,2026-05-04 09:46:00,241.89,59.23009848197243,52.097377893759244,4,967.56,237.05219999999997,246.7278,2026-05-06 09:30:00,250.72,TAKE_PROFIT_GAP,35.32000000000005,3.6504196122204347
PCAR,2026-05-01 00:00:00,2026-05-04 00:00:00,0.0802292263610315,8.0,2026-05-04 09:46:00,115.52,46.74342749772703,40.42694773915778,8,924.16,113.2096,117.8304,2026-05-05 09:45:00,113.2096,STOP_LOSS,-18.48320000000001,-2.0000000000000018
SYK,2026-05-01 00:00:00,2026-05-04 00:00:00,0.0701665825340737,5.0,2026-05-04 09:46:00,294.87,44.879217403860814,42.42767420995691,3,884.61,288.9726,300.7674,2026-05-08 10:59:00,288.9726,STOP_LOSS,-17.692200000000014,-2.0000000000000018
V,2026-05-01 00:00:00,2026-05-04 00:00:00,0.073143158316734,6.0,2026-05-04 09:47:00,326.78,46.61406503417272,42.65194446031163,3,980.3399999999999,320.2444,333.31559999999996,2026-05-05 11:59:00,320.2444,STOP_LOSS,-19.606799999999964,-2.0000000000000018
AEP,2026-05-01 00:00:00,2026-05-04 00:00:00,0.0587288817377312,3.0,2026-05-04 09:52:00,136.175,56.66498075019703,51.47788491869206,7,953.2250000000001,133.4515,138.8985,2026-05-05 09:30:00,138.8985,TAKE_PROFIT,19.06450000000001,2.0000000000000018
ROST,2026-05-01 00:00:00,2026-05-04 00:00:00,0.0672854693623085,4.0,2026-05-04 09:52:00,226.205,43.38588223190698,42.68135406225428,4,904.82,221.6809,230.72910000000002,2026-05-07 09:30:00,230.72910000000002,TAKE_PROFIT,18.096400000000017,2.0000000000000018
FDX,2026-05-01 00:00:00,2026-05-04 00:00:00,0.0226652865404837,1.0,2026-05-04 09:53:00,369.41,37.38218366154792,35.53460948233735,2,738.82,362.02180000000004,376.7982,2026-05-04 10:57:00,362.02180000000004,STOP_LOSS,-14.776399999999967,-1.9999999999999907
PG,2026-05-01 00:00:00,2026-05-04 00:00:00,0.1154556498504411,10.0,2026-05-04 09:59:00,144.735,45.8950504772613,45.76887199305941,6,868.4100000000001,141.8403,147.6297,2026-05-06 13:36:00,147.6297,TAKE_PROFIT,17.3682,2.0000000000000018
APD,2026-05-01 00:00:00,2026-05-04 00:00:00,0.1065088757396449,9.0,2026-05-04 10:01:00,297.965,49.177412199896196,42.56375672333128,3,893.895,292.0057,303.92429999999996,2026-05-05 14:27:00,303.92429999999996,TAKE_PROFIT,17.877899999999954,2.0000000000000018
ECL,2026-05-01 00:00:00,2026-05-04 00:00:00,0.0555555555555555,2.0,2026-05-04 10:53:00,260.34,53.808752274463274,53.5098034030995,3,781.02,255.13319999999996,265.54679999999996,2026-05-04 14:44:00,255.13,STOP_LOSS_GAP,-15.629999999999939,-2.001229161865248
FDX,2026-05-01 00:00:00,2026-05-04 00:00:00,0.0226652865404837,1.0,2026-05-04 11:05:00,361.14,37.31562789268921,36.62198764831768,2,722.28,353.9172,368.3628,2026-05-06 09:38:00,368.67,TAKE_PROFIT_GAP,15.06000000000006,2.0850639641136537
ECL,2026-05-01 00:00:00,2026-05-04 00:00:00,0.0555555555555555,2.0,2026-05-04 14:46:00,255.2431,44.08874430939192,41.670320299259096,3,765.7293,250.138238,260.347962,2026-05-06 09:31:00,261.65,TAKE_PROFIT_GAP,19.220699999999937,2.5101168258808926
COF,2026-05-04 00:00:00,2026-05-05 00:00:00,0.0919255588701524,8.0,2026-05-05 09:47:00,189.79,47.4054081392499,47.07312730760519,5,948.9499999999999,185.99419999999998,193.5858,2026-05-06 09:30:00,193.5858,TAKE_PROFIT,18.97900000000007,2.0000000000000018
PLD,2026-05-04 00:00:00,2026-05-05 00:00:00,0.1292517006802721,10.0,2026-05-05 09:49:00,139.325,55.9938216634695,54.88536585297822,7,975.2749999999999,136.5385,142.11149999999998,2026-05-06 09:30:00,142.11149999999998,TAKE_PROFIT,19.505499999999927,2.0000000000000018
NSC,2026-05-04 00:00:00,2026-05-05 00:00:00,0.0714285714285714,6.0,2026-05-05 09:51:00,311.52,51.54502066022465,51.28460053181118,3,934.56,305.28959999999995,317.7504,2026-05-06 10:00:00,317.795,TAKE_PROFIT_GAP,18.825000000000102,2.0143168977914794
JCI,2026-05-04 00:00:00,2026-05-05 00:00:00,0.0234892163143284,3.0,2026-05-05 09:53:00,145.665,52.725889726552346,52.58488010928783,6,873.99,142.7517,148.57829999999998,2026-05-06 09:30:00,138.83,STOP_LOSS_GAP,-41.00999999999988,-4.6922733669721435
TT,2026-05-04 00:00:00,2026-05-05 00:00:00,0.0439560439560439,4.0,2026-05-05 09:53:00,487.81,58.46516858366186,57.14547232529311,2,975.62,478.05379999999997,497.56620000000004,2026-05-05 11:37:00,478.05379999999997,STOP_LOSS,-19.51240000000007,-2.0000000000000018
NOC,2026-05-04 00:00:00,2026-05-05 00:00:00,0.1193737769080234,9.0,2026-05-05 10:00:00,559.89,43.7804615705822,43.45487008959135,1,559.89,548.6922,571.0878,2026-05-07 14:28:00,548.6922,STOP_LOSS,-11.19780000000003,-2.0000000000000018
AJG,2026-05-04 00:00:00,2026-05-05 00:00:00,0.0526315789473684,5.0,2026-05-05 10:01:00,206.0975,52.65090500019074,44.03485886030865,4,824.39,201.97555,210.21945,2026-05-06 12:47:00,201.97555,STOP_LOSS,-16.487799999999993,-2.0000000000000018
RSG,2026-05-04 00:00:00,2026-05-05 00:00:00,0.0128205128205128,1.0,2026-05-05 10:11:00,204.845,53.12033624647448,50.786284883055,4,819.38,200.7481,208.9419,2026-05-06 09:41:00,200.7481,STOP_LOSS,-16.38760000000002,-2.0000000000000018
AMT,2026-05-04 00:00:00,2026-05-05 00:00:00,0.0838264299802761,7.0,2026-05-05 10:14:00,179.26,50.868117270392396,49.63399887284546,5,896.3,175.67479999999998,182.8452,2026-05-08 15:59:00,176.52,WEEK_END_CLOSE,-13.699999999999903,-1.5285060805533712
TT,2026-05-04 00:00:00,2026-05-05 00:00:00,0.0439560439560439,4.0,2026-05-05 11:44:00,480.22,43.58058868523483,41.17300861422712,2,960.44,470.61560000000003,489.8244,2026-05-06 15:13:00,489.8244,TAKE_PROFIT,19.208799999999997,2.0000000000000018
QCOM,2026-05-05 00:00:00,2026-05-06 00:00:00,0.1659951763558144,9.0,2026-05-06 09:45:00,194.4253,65.82276300493592,64.8892430116859,5,972.1265,190.536794,198.313806,2026-05-06 10:06:00,190.536794,STOP_LOSS,-19.442530000000033,-2.0000000000000018
HCA,2026-05-05 00:00:00,2026-05-06 00:00:00,0.1403508771929824,8.0,2026-05-06 09:47:00,432.49,52.44861693188782,52.266376674372864,2,864.98,423.8402,441.13980000000004,2026-05-08 15:59:00,435.13,WEEK_END_CLOSE,5.279999999999973,0.6104187380054915
CME,2026-05-05 00:00:00,2026-05-06 00:00:00,0.2034824314461474,10.0,2026-05-06 09:50:00,284.36,47.36612516342382,42.57558112876565,3,853.08,278.6728,290.04720000000003,2026-05-08 15:59:00,281.24,WEEK_END_CLOSE,-9.360000000000014,-1.0972007314671517
ITW,2026-05-05 00:00:00,2026-05-06 00:00:00,0.0476190476190476,2.0,2026-05-06 09:50:00,259.03,59.87258544833327,57.007274198890336,3,777.0899999999999,253.84939999999997,264.2106,2026-05-08 15:59:00,254.76,WEEK_END_CLOSE,-12.809999999999945,-1.648457707601425
FDX,2026-05-05 00:00:00,2026-05-06 00:00:00,0.0021677015100399,1.0,2026-05-06 09:54:00,370.59,62.258950965459086,61.9942174710294,2,741.18,363.17819999999995,378.0018,2026-05-06 15:24:00,378.0018,TAKE_PROFIT,14.823600000000056,2.0000000000000018
RSG,2026-05-05 00:00:00,2026-05-06 00:00:00,0.05,3.0,2026-05-06 09:56:00,201.76,52.110234122171335,41.146220309666006,4,807.04,197.7248,205.7952,2026-05-08 15:59:00,200.02,WEEK_END_CLOSE,-6.959999999999923,-0.8624107850911833
AON,2026-05-05 00:00:00,2026-05-06 00:00:00,0.1111111111111111,6.0,2026-05-06 10:14:00,314.865,54.39216238144746,51.90836407758021,3,944.595,308.5677,321.1623,2026-05-06 12:31:00,308.5677,STOP_LOSS,-18.89190000000002,-2.0000000000000018
MPC,2026-05-05 00:00:00,2026-05-06 00:00:00,0.0731821006836544,4.0,2026-05-06 10:19:00,246.06,37.28151923115844,34.11496858689279,4,984.24,241.1388,250.9812,2026-05-07 09:30:00,241.1388,STOP_LOSS,-19.684799999999996,-2.0000000000000018
GE,2026-05-05 00:00:00,2026-05-06 00:00:00,0.0750206717259358,5.0,2026-05-06 10:24:00,303.66,67.89112607299842,66.30940263627369,3,910.98,297.58680000000004,309.7332,2026-05-07 09:30:00,309.7332,TAKE_PROFIT,18.219599999999957,2.0000000000000018
TEL,2026-05-05 00:00:00,2026-05-06 00:00:00,0.1354166666666666,7.0,2026-05-06 10:25:00,213.4,59.407880745085905,56.607094795242716,4,853.6,209.132,217.668,2026-05-07 15:13:00,209.132,STOP_LOSS,-17.072000000000003,-2.0000000000000018
QCOM,2026-05-05 00:00:00,2026-05-06 00:00:00,0.1659951763558144,9.0,2026-05-06 10:35:00,190.565,56.09127288915559,52.518273123900634,5,952.825,186.75369999999998,194.37630000000001,2026-05-06 11:43:00,194.37630000000001,TAKE_PROFIT,19.056500000000085,2.0000000000000018
QCOM,2026-05-05 00:00:00,2026-05-06 00:00:00,0.1659951763558144,9.0,2026-05-06 12:26:00,195.15,61.620246731260764,60.05353960329932,5,975.75,191.247,199.053,2026-05-07 09:30:00,190.67,STOP_LOSS_GAP,-22.40000000000009,-2.295669997437877
AON,2026-05-05 00:00:00,2026-05-06 00:00:00,0.1111111111111111,6.0,2026-05-06 12:45:00,308.455,38.33475948566747,36.47732668560021,3,925.365,302.28589999999997,314.6241,2026-05-07 11:06:00,314.6241,TAKE_PROFIT,18.507300000000043,2.0000000000000018
UNP,2026-05-06 00:00:00,2026-05-07 00:00:00,0.1252239344857958,5.0,2026-05-07 09:45:00,267.86,47.38995193784291,45.57827893435658,3,803.58,262.50280000000004,273.2172,2026-05-08 15:59:00,264.65,WEEK_END_CLOSE,-9.63000000000011,-1.198387217203034
GE,2026-05-06 00:00:00,2026-05-07 00:00:00,0.1444493098491895,7.0,2026-05-07 09:46:00,308.23,58.287133554619956,52.85582205610865,3,924.69,302.0654,314.3946,2026-05-07 14:29:00,302.0654,STOP_LOSS,-18.49380000000002,-2.0000000000000018
NSC,2026-05-06 00:00:00,2026-05-07 00:00:00,0.0808080808080808,4.0,2026-05-07 09:46:00,317.065,46.18350515279318,44.742602934301345,3,951.1949999999999,310.7237,323.4063,2026-05-08 15:59:00,312.06,WEEK_END_CLOSE,-15.014999999999986,-1.5785406777790056
TMO,2026-05-06 00:00:00,2026-05-07 00:00:00,0.1370596652984978,6.0,2026-05-07 09:55:00,478.245,58.17536540393356,56.945953801562425,2,956.49,468.6801,487.8099,2026-05-07 15:33:00,468.6801,STOP_LOSS,-19.129800000000046,-2.0000000000000018
VZ,2026-05-06 00:00:00,2026-05-07 00:00:00,0.1839403231415175,10.0,2026-05-07 09:58:00,47.485,56.17196011433352,56.125255162284816,21,997.185,46.5353,48.4347,2026-05-08 15:59:00,47.23,WEEK_END_CLOSE,-5.355000000000054,-0.5370116879014453
FDX,2026-05-06 00:00:00,2026-05-07 00:00:00,0.0171068009904623,1.0,2026-05-07 10:01:00,379.28,59.13940025772747,56.834770140857295,2,758.56,371.6944,386.8656,2026-05-08 15:59:00,378.37,WEEK_END_CLOSE,-1.8199999999999363,-0.23992828517189757
MSI,2026-05-06 00:00:00,2026-05-07 00:00:00,0.1702127659574468,9.0,2026-05-07 10:01:00,434.235,53.789501612433206,53.77426968538824,2,868.47,425.5503,442.91970000000003,2026-05-08 09:31:00,417.0,STOP_LOSS_GAP,-34.47000000000003,-3.969049017237214
AJG,2026-05-06 00:00:00,2026-05-07 00:00:00,0.03125,2.0,2026-05-07 10:03:00,198.735,47.054314319778015,46.984736356366355,5,993.6750000000001,194.7603,202.70970000000003,2026-05-07 11:16:00,202.70970000000003,TAKE_PROFIT,19.873500000000064,2.0000000000000018
SPGI,2026-05-06 00:00:00,2026-05-07 00:00:00,0.1634339840893962,8.0,2026-05-07 10:44:00,428.11,56.43399700138887,53.065344154940384,2,856.22,419.5478,436.67220000000003,2026-05-08 09:39:00,419.5478,STOP_LOSS,-17.124400000000037,-2.0000000000000018
AJG,2026-05-06 00:00:00,2026-05-07 00:00:00,0.03125,2.0,2026-05-07 11:56:00,202.6,61.80984163141025,60.47819166078221,4,810.4,198.548,206.652,2026-05-08 09:39:00,198.548,STOP_LOSS,-16.20799999999997,-2.0000000000000018
GE,2026-05-06 00:00:00,2026-05-07 00:00:00,0.1444493098491895,7.0,2026-05-07 14:33:00,302.875,50.86878327328243,46.73362253818852,3,908.625,296.8175,308.9325,2026-05-08 15:59:00,297.125,WEEK_END_CLOSE,-17.25,-1.8984729673957923
AMGN,2026-05-07 00:00:00,2026-05-08 00:00:00,0.0682775481349841,9.0,2026-05-08 09:46:00,329.63,56.707920643680474,52.815680572816554,3,988.89,323.0374,336.2226,2026-05-08 15:59:00,331.73,WEEK_END_CLOSE,6.300000000000068,0.6370779358674916
PCAR,2026-05-07 00:00:00,2026-05-08 00:00:00,0.0533333333333333,6.0,2026-05-08 09:47:00,114.17,53.40348991169009,47.74455795992977,8,913.36,111.8866,116.4534,2026-05-08 15:59:00,114.31,WEEK_END_CLOSE,1.1200000000000045,0.12262415695891704
AON,2026-05-07 00:00:00,2026-05-08 00:00:00,0.0674157303370786,8.0,2026-05-08 09:55:00,310.135,37.62066895274932,36.9754292439133,3,930.405,303.9323,316.3377,2026-05-08 15:59:00,312.84,WEEK_END_CLOSE,8.114999999999952,0.8722008157737715
CVNA,2026-05-07 00:00:00,2026-05-08 00:00:00,0.0007160687091557,1.0,2026-05-08 09:56:00,80.08,55.63718875359582,53.455972854509575,12,960.96,78.4784,81.6816,2026-05-08 10:25:00,81.6816,TAKE_PROFIT,19.219200000000058,2.0000000000000018
SPGI,2026-05-07 00:00:00,2026-05-08 00:00:00,0.0539823828887265,7.0,2026-05-08 09:57:00,417.73,35.236644121239465,34.05107594378326,2,835.46,409.3754,426.0846,2026-05-08 15:59:00,420.1,WEEK_END_CLOSE,4.740000000000009,0.5673521173964025
ADP,2026-05-07 00:00:00,2026-05-08 00:00:00,0.0854666257223416,10.0,2026-05-08 09:58:00,209.34,38.90660722212414,37.80508755764879,4,837.36,205.1532,213.5268,2026-05-08 14:19:00,213.5268,TAKE_PROFIT,16.74720000000002,2.0000000000000018
CB,2026-05-07 00:00:00,2026-05-08 00:00:00,0.0171026156941649,3.0,2026-05-08 09:58:00,321.33,48.87676627487782,48.06804811353402,3,963.99,314.9034,327.7566,2026-05-08 15:59:00,319.6,WEEK_END_CLOSE,-5.189999999999884,-0.5383873276693651
AJG,2026-05-07 00:00:00,2026-05-08 00:00:00,0.0372208436724565,4.0,2026-05-08 10:01:00,197.51,41.65897032727798,38.293417221053346,5,987.55,193.5598,201.4602,2026-05-08 15:59:00,198.87,WEEK_END_CLOSE,6.800000000000068,0.6885727304946743
CVNA,2026-05-07 00:00:00,2026-05-08 00:00:00,0.0007160687091557,1.0,2026-05-08 11:20:00,78.53,46.88090882726073,41.165634582097695,12,942.36,76.9594,80.1006,2026-05-08 13:59:00,76.9594,STOP_LOSS,-18.847199999999987,-2.0000000000000018
CVNA,2026-05-07 00:00:00,2026-05-08 00:00:00,0.0007160687091557,1.0,2026-05-08 14:06:00,77.185,48.02497318804045,47.163428627470886,12,926.22,75.6413,78.7287,2026-05-08 15:59:00,77.94,WEEK_END_CLOSE,9.059999999999945,0.9781693334196984
ADP,2026-05-07 00:00:00,2026-05-08 00:00:00,0.0854666257223416,10.0,2026-05-08 14:27:00,213.04,56.99982436713802,56.82814804585933,4,852.16,208.77919999999997,217.3008,2026-05-08 15:59:00,213.02,WEEK_END_CLOSE,-0.07999999999992724,-0.009387908374003384
PCAR,2026-05-08 00:00:00,2026-05-11 00:00:00,0.0273224043715847,2.0,2026-05-11 09:50:00,113.625,48.69329073912882,45.76861328081605,8,909.0,111.35249999999999,115.89750000000001,2026-05-12 09:50:00,111.35249999999999,STOP_LOSS,-18.180000000000064,-2.0000000000000018
ORLY,2026-05-08 00:00:00,2026-05-11 00:00:00,0.0381679389312977,4.0,2026-05-11 09:53:00,91.41,40.31565024440563,39.69201219894817,10,914.0999999999999,89.5818,93.23819999999999,2026-05-13 10:52:00,89.5818,STOP_LOSS,-18.281999999999954,-1.9999999999999907
ADP,2026-05-08 00:00:00,2026-05-11 00:00:00,0.0829042889615167,6.0,2026-05-11 09:57:00,211.12,48.77258707201831,48.35729604502357,4,844.48,206.8976,215.3424,2026-05-12 12:42:00,215.3424,TAKE_PROFIT,16.889599999999973,2.0000000000000018
EOG,2026-05-08 00:00:00,2026-05-11 00:00:00,0.0989379453979725,10.0,2026-05-11 10:03:00,131.65,53.728753022484966,48.80778691976936,7,921.5500000000001,129.017,134.28300000000002,2026-05-12 13:16:00,134.28300000000002,TAKE_PROFIT,18.43100000000007,2.0000000000000018
PWR,2026-05-08 00:00:00,2026-05-11 00:00:00,0.0800711743772242,5.0,2026-05-11 10:12:00,753.939,52.47506493592484,52.31826339913207,1,753.939,738.8602199999999,769.01778,2026-05-11 12:02:00,769.01778,TAKE_PROFIT,15.078780000000052,2.0000000000000018
WELL,2026-05-08 00:00:00,2026-05-11 00:00:00,0.09375,7.0,2026-05-11 10:12:00,216.02,46.009807416417075,44.421792376830595,4,864.08,211.6996,220.34040000000002,2026-05-13 12:55:00,220.34040000000002,TAKE_PROFIT,17.281600000000026,2.0000000000000018
FDX,2026-05-08 00:00:00,2026-05-11 00:00:00,0.097616273803406,9.0,2026-05-11 10:17:00,382.625,58.58098369822053,57.77144877120784,2,765.25,374.97249999999997,390.27750000000003,2026-05-12 09:55:00,374.97249999999997,STOP_LOSS,-15.305000000000064,-2.000000000000013
AFL,2026-05-08 00:00:00,2026-05-11 00:00:00,0.0955448201825013,8.0,2026-05-11 10:18:00,113.9,53.222588916208416,52.33217424733086,8,911.2,111.622,116.17800000000001,2026-05-12 12:34:00,116.17800000000001,TAKE_PROFIT,18.224000000000046,2.0000000000000018
CB,2026-05-08 00:00:00,2026-05-11 00:00:00,0.0309278350515463,3.0,2026-05-11 10:24:00,320.09,52.4154306097792,49.43488539830207,3,960.27,313.6882,326.49179999999996,2026-05-15 15:59:00,324.165,WEEK_END_CLOSE,12.225000000000136,1.2730794464057116
PWR,2026-05-08 00:00:00,2026-05-11 00:00:00,0.0800711743772242,5.0,2026-05-11 12:24:00,773.83,72.7508003798362,68.62032584956562,1,773.83,758.3534000000001,789.3066,2026-05-12 10:33:00,758.3534000000001,STOP_LOSS,-15.476599999999962,-1.9999999999999907
ABBV,2026-05-11 00:00:00,2026-05-12 00:00:00,0.0396742638661303,3.0,2026-05-12 09:47:00,204.45,58.8718138070037,53.010497401651534,4,817.8,200.361,208.539,2026-05-12 11:09:00,208.539,TAKE_PROFIT,16.355999999999995,2.0000000000000018
MSI,2026-05-11 00:00:00,2026-05-12 00:00:00,0.0375586854460093,2.0,2026-05-12 09:50:00,395.185,49.44565624189114,49.37727738190689,2,790.37,387.2813,403.0887,2026-05-13 10:59:00,387.2813,STOP_LOSS,-15.80740000000003,-2.0000000000000018
SPGI,2026-05-11 00:00:00,2026-05-12 00:00:00,0.0772145902415916,9.0,2026-05-12 09:50:00,423.21,52.53334795808422,52.435167252729116,2,846.42,414.7458,431.6742,2026-05-13 09:32:00,414.7458,STOP_LOSS,-16.92840000000001,-2.0000000000000018
COP,2026-05-11 00:00:00,2026-05-12 00:00:00,0.0815926892950391,10.0,2026-05-12 09:51:00,116.075,53.50564395566506,50.03121999212779,8,928.6,113.7535,118.3965,2026-05-14 11:43:00,118.3965,TAKE_PROFIT,18.572000000000003,2.0000000000000018
ECL,2026-05-11 00:00:00,2026-05-12 00:00:00,0.0454545454545454,4.0,2026-05-12 09:56:00,249.98,51.20904914414046,50.50245507288192,4,999.92,244.98039999999997,254.9796,2026-05-15 15:59:00,247.69,WEEK_END_CLOSE,-9.159999999999968,-0.9160732858628617
PCAR,2026-05-11 00:00:00,2026-05-12 00:00:00,0.0652173913043478,7.0,2026-05-12 09:58:00,111.9325,50.11325137323133,47.641778757789965,8,895.46,109.69385,114.17115000000001,2026-05-15 15:59:00,110.3,WEEK_END_CLOSE,-13.06000000000006,-1.4584682732897147
CME,2026-05-11 00:00:00,2026-05-12 00:00:00,0.0545454545454545,6.0,2026-05-12 10:03:00,283.605,55.075536461095275,53.49777673294661,3,850.815,277.9329,289.2771,2026-05-13 10:04:00,289.2771,TAKE_PROFIT,17.0163,2.0000000000000018
MCO,2026-05-11 00:00:00,2026-05-12 00:00:00,0.051056338028169,5.0,2026-05-12 10:24:00,453.67,60.01479494271982,56.88911713059396,2,907.34,444.5966,462.7434,2026-05-13 09:31:00,444.5966,STOP_LOSS,-18.146799999999985,-2.0000000000000018
ABBV,2026-05-11 00:00:00,2026-05-12 00:00:00,0.0396742638661303,3.0,2026-05-12 11:12:00,208.53,65.02939535375506,62.508556140200994,4,834.12,204.3594,212.7006,2026-05-13 11:09:00,204.3594,STOP_LOSS,-16.68240000000003,-2.0000000000000018
ADP,2026-05-11 00:00:00,2026-05-12 00:00:00,0.0766169154228855,8.0,2026-05-12 12:53:00,215.3,61.526310174817695,55.548213914125476,4,861.2,210.994,219.60600000000002,2026-05-13 09:32:00,210.994,STOP_LOSS,-17.224000000000046,-2.0000000000000018
ADP,2026-05-12 00:00:00,2026-05-13 00:00:00,0.0674300254452926,8.0,2026-05-13 09:48:00,210.29,42.777502536485926,41.24589781508861,4,841.16,206.08419999999998,214.4958,2026-05-13 12:18:00,206.08419999999998,STOP_LOSS,-16.823200000000043,-2.0000000000000018
KMI,2026-05-12 00:00:00,2026-05-13 00:00:00,0.0392551585304479,3.0,2026-05-13 09:50:00,32.36,48.59007103441754,48.48553380293426,30,970.8,31.712799999999998,33.0072,2026-05-14 09:40:00,33.0072,TAKE_PROFIT,19.41599999999994,2.0000000000000018
MCO,2026-05-12 00:00:00,2026-05-13 00:00:00,0.0407450523864959,4.0,2026-05-13 09:50:00,442.82,42.64008965260671,39.333193034693636,2,885.64,433.9636,451.6764,2026-05-13 10:57:00,433.9636,STOP_LOSS,-17.712800000000016,-2.0000000000000018
FDX,2026-05-12 00:00:00,2026-05-13 00:00:00,0.0271247739602169,2.0,2026-05-13 09:55:00,378.33,54.67834528926045,50.09485576758263,2,756.66,370.7634,385.8966,2026-05-13 11:09:00,370.7634,STOP_LOSS,-15.133199999999988,-2.0000000000000018
PLD,2026-05-12 00:00:00,2026-05-13 00:00:00,0.0561797752808988,5.0,2026-05-13 09:57:00,143.545,51.527098192497,50.32449894512341,6,861.27,140.67409999999998,146.4159,2026-05-15 09:30:00,140.67409999999998,STOP_LOSS,-17.225400000000036,-2.0000000000000018
AEP,2026-05-12 00:00:00,2026-05-13 00:00:00,0.0614525139664804,6.0,2026-05-13 10:09:00,127.0,33.85360351795579,33.73387657804518,7,889.0,124.46,129.54,2026-05-15 15:59:00,125.13,WEEK_END_CLOSE,-13.090000000000032,-1.472440944881892
MO,2026-05-12 00:00:00,2026-05-13 00:00:00,0.0707314619176979,9.0,2026-05-13 10:25:00,71.0,55.84971723419051,54.004055318011154,14,994.0,69.58,72.42,2026-05-14 11:48:00,72.42,TAKE_PROFIT,19.880000000000024,2.0000000000000018
PGR,2026-05-12 00:00:00,2026-05-13 00:00:00,0.0722543352601156,10.0,2026-05-13 10:37:00,200.29,56.904403212220295,53.8214125005225,4,801.16,196.2842,204.29579999999999,2026-05-13 12:17:00,196.2842,STOP_LOSS,-16.023199999999974,-2.0000000000000018
ADI,2026-05-12 00:00:00,2026-05-13 00:00:00,0.063150074294205,7.0,2026-05-13 10:48:00,432.85,57.39458679516455,56.938733336630065,2,865.7,424.19300000000004,441.507,2026-05-14 13:17:00,424.19300000000004,STOP_LOSS,-17.313999999999965,-1.9999999999999907
MCO,2026-05-12 00:00:00,2026-05-13 00:00:00,0.0407450523864959,4.0,2026-05-13 11:05:00,434.04,39.21365540683964,38.83413992420375,2,868.08,425.3592,442.72080000000005,2026-05-14 09:31:00,442.72080000000005,TAKE_PROFIT,17.361600000000067,2.0000000000000018
FDX,2026-05-12 00:00:00,2026-05-13 00:00:00,0.0271247739602169,2.0,2026-05-13 11:15:00,371.19,38.97080212425061,37.528668627069955,2,742.38,363.76619999999997,378.6138,2026-05-14 12:13:00,378.6138,TAKE_PROFIT,14.847600000000057,2.0000000000000018
ADP,2026-05-12 00:00:00,2026-05-13 00:00:00,0.0674300254452926,8.0,2026-05-13 12:33:00,207.0,46.88541372100607,44.72050138991332,4,828.0,202.85999999999999,211.14000000000001,2026-05-14 10:30:00,211.16,TAKE_PROFIT_GAP,16.639999999999986,2.0096618357487994
PGR,2026-05-12 00:00:00,2026-05-13 00:00:00,0.0722543352601156,10.0,2026-05-13 12:34:00,196.45,52.230367839423614,36.98497951539631,5,982.25,192.521,200.379,2026-05-15 09:31:00,200.379,TAKE_PROFIT,19.64500000000001,2.0000000000000018
AFL,2026-05-13 00:00:00,2026-05-14 00:00:00,0.0050813008130081,2.0,2026-05-14 09:46:00,116.485,65.2927016616332,64.90718958313067,8,931.88,114.1553,118.8147,2026-05-15 15:59:00,116.84,WEEK_END_CLOSE,2.840000000000032,0.3047602695626095
NSC,2026-05-13 00:00:00,2026-05-14 00:00:00,0.0,1.0,2026-05-14 09:46:00,312.3699,55.335680327136345,51.652885387876616,3,937.1097,306.12250199999994,318.617298,2026-05-15 15:59:00,316.62,WEEK_END_CLOSE,12.750300000000095,1.360598444344352
UNP,2026-05-13 00:00:00,2026-05-14 00:00:00,0.0724149545301448,9.0,2026-05-14 09:48:00,265.745,52.22675492299682,51.38866398777031,3,797.235,260.4301,271.0599,2026-05-15 15:59:00,270.58,WEEK_END_CLOSE,14.504999999999939,1.8194133473818708
APO,2026-05-13 00:00:00,2026-05-14 00:00:00,0.0721247563352826,8.0,2026-05-14 09:49:00,132.42,47.989607046797104,47.3467983673068,7,926.9399999999999,129.77159999999998,135.0684,2026-05-14 10:48:00,135.0684,TAKE_PROFIT,18.538800000000066,2.0000000000000018
KMI,2026-05-13 00:00:00,2026-05-14 00:00:00,0.0391541038525963,5.0,2026-05-14 09:50:00,32.915,55.764689957406496,55.19198989459518,30,987.4499999999999,32.256699999999995,33.5733,2026-05-15 09:30:00,33.5733,TAKE_PROFIT,19.749000000000123,2.0000000000000018
CL,2026-05-13 00:00:00,2026-05-14 00:00:00,0.046692607003891,6.0,2026-05-14 09:53:00,88.56,64.59444184819603,64.00194466174567,11,974.1600000000001,86.7888,90.33120000000001,2026-05-15 15:59:00,88.15,WEEK_END_CLOSE,-4.5099999999999625,-0.4629629629629539
APO,2026-05-13 00:00:00,2026-05-14 00:00:00,0.0721247563352826,8.0,2026-05-14 11:15:00,136.44,67.78301757586462,65.52905354184784,7,955.0799999999999,133.7112,139.1688,2026-05-15 09:32:00,133.7112,STOP_LOSS,-19.101600000000047,-2.0000000000000018
AMT,2026-05-14 00:00:00,2026-05-15 00:00:00,0.0458015267175572,8.0,2026-05-15 09:46:00,169.35,40.611535523020635,40.34793305392677,5,846.75,165.963,172.737,2026-05-15 15:59:00,170.71,WEEK_END_CLOSE,6.800000000000068,0.8030705639208824
CTAS,2026-05-14 00:00:00,2026-05-15 00:00:00,0.0625,10.0,2026-05-15 09:46:00,167.75,61.73596664848267,61.231501805543694,5,838.75,164.395,171.105,2026-05-15 15:59:00,168.34,WEEK_END_CLOSE,2.950000000000017,0.351713859910574
GD,2026-05-14 00:00:00,2026-05-15 00:00:00,0.0125,2.0,2026-05-15 09:46:00,340.585,51.2698886319278,48.17552219227738,2,681.17,333.77329999999995,347.3967,2026-05-15 14:01:00,333.77329999999995,STOP_LOSS,-13.62340000000006,-2.000000000000013
CMCSA,2026-05-14 00:00:00,2026-05-15 00:00:00,0.039784739573323,6.0,2026-05-15 09:56:00,25.29,48.87908502571044,47.74743562955833,39,986.31,24.7842,25.7958,2026-05-15 14:54:00,24.7842,STOP_LOSS,-19.726200000000027,-2.0000000000000018
FDX,2026-05-14 00:00:00,2026-05-15 00:00:00,0.0389610389610389,5.0,2026-05-15 09:56:00,376.5,56.31822012997921,48.9036782575623,2,753.0,368.96999999999997,384.03000000000003,2026-05-15 15:59:00,375.855,WEEK_END_CLOSE,-1.2899999999999636,-0.1713147410358551
TT,2026-05-14 00:00:00,2026-05-15 00:00:00,0.0446428571428571,7.0,2026-05-15 09:56:00,471.81,48.014258293209096,47.80110115247175,2,943.62,462.3738,481.2462,2026-05-15 15:59:00,466.4,WEEK_END_CLOSE,-10.82000000000005,-1.1466480150908231
RSG,2026-05-14 00:00:00,2026-05-15 00:00:00,0.0154999148356327,3.0,2026-05-15 09:57:00,210.46,60.760732952759675,59.31728041380511,4,841.84,206.2508,214.66920000000002,2026-05-15 15:59:00,208.36,WEEK_END_CLOSE,-8.399999999999977,-0.9978143115081273
SO,2026-05-14 00:00:00,2026-05-15 00:00:00,0.0549450549450549,9.0,2026-05-15 10:00:00,93.58,53.49249197369428,53.43495755684743,10,935.8,91.7084,95.4516,2026-05-15 15:59:00,92.575,WEEK_END_CLOSE,-10.049999999999955,-1.0739474246633796
MPC,2026-05-14 00:00:00,2026-05-15 00:00:00,0.012210796915167,1.0,2026-05-15 10:07:00,254.18,57.82498677709088,56.51815080974518,3,762.54,249.0964,259.2636,2026-05-15 15:59:00,255.02,WEEK_END_CLOSE,2.5200000000000102,0.3304744669132109
APD,2026-05-14 00:00:00,2026-05-15 00:00:00,0.0360824742268041,4.0,2026-05-15 10:27:00,297.565,51.153861252033025,46.79388513785946,3,892.6949999999999,291.6137,303.5163,2026-05-15 15:59:00,295.37,WEEK_END_CLOSE,-6.5849999999999795,-0.7376539579587615
GD,2026-05-14 00:00:00,2026-05-15 00:00:00,0.0125,2.0,2026-05-15 14:05:00,333.8775,38.55301039226091,37.46157100326402,2,667.755,327.19995,340.55505,2026-05-15 15:59:00,334.5,WEEK_END_CLOSE,1.2450000000000045,0.18644562751308769
CMCSA,2026-05-14 00:00:00,2026-05-15 00:00:00,0.039784739573323,6.0,2026-05-15 15:12:00,24.785,47.198475284982585,43.191929218782754,40,991.4,24.2893,25.2807,2026-05-15 15:59:00,24.755,WEEK_END_CLOSE,-1.2000000000000455,-0.12104095218883337
JCI,2026-05-15 00:00:00,2026-05-18 00:00:00,0.0469483568075117,6.0,2026-05-18 09:50:00,142.185,48.7500784211274,48.29655102346193,7,995.2950000000001,139.3413,145.02870000000001,2026-05-18 11:16:00,139.3413,STOP_LOSS,-19.905900000000088,-2.000000000000013
VRTX,2026-05-15 00:00:00,2026-05-18 00:00:00,0.0498338870431893,7.0,2026-05-18 09:53:00,436.25,52.92911579934236,46.23147545295634,2,872.5,427.525,444.975,2026-05-21 09:33:00,427.41,STOP_LOSS_GAP,-17.67999999999995,-2.02636103151862
MO,2026-05-15 00:00:00,2026-05-18 00:00:00,0.0608391608391608,8.0,2026-05-18 09:55:00,73.14,54.38331565682854,53.72494248708157,13,950.82,71.6772,74.6028,2026-05-22 15:59:00,73.91,WEEK_END_CLOSE,10.009999999999948,1.052775499042924
RSG,2026-05-15 00:00:00,2026-05-18 00:00:00,0.0054744525547445,1.0,2026-05-18 09:55:00,210.34,57.804927451160275,56.9670441295686,4,841.36,206.1332,214.54680000000002,2026-05-18 14:38:00,214.54680000000002,TAKE_PROFIT,16.82720000000006,2.0000000000000018
AXP,2026-05-15 00:00:00,2026-05-18 00:00:00,0.0455585498550872,5.0,2026-05-18 10:04:00,314.835,52.360077844556166,50.87451795645515,3,944.5049999999999,308.5383,321.13169999999997,2026-05-19 09:32:00,308.5383,STOP_LOSS,-18.89009999999996,-1.9999999999999907
UNP,2026-05-15 00:00:00,2026-05-18 00:00:00,0.0753114382785957,9.0,2026-05-18 10:05:00,273.285,64.6053973025729,61.414904878885736,3,819.855,267.8193,278.75070000000005,2026-05-20 14:59:00,267.8193,STOP_LOSS,-16.39710000000008,-2.000000000000013
MRSH,2026-05-15 00:00:00,2026-05-18 00:00:00,0.0350877192982456,4.0,2026-05-18 10:18:00,164.88,58.878506575517136,55.97110776802359,6,989.28,161.58239999999998,168.1776,2026-05-19 10:06:00,168.1776,TAKE_PROFIT,19.7856000000001,2.0000000000000018
PLD,2026-05-15 00:00:00,2026-05-18 00:00:00,0.0159744408945686,2.0,2026-05-18 10:18:00,142.0999,57.77268727743763,54.70089027615658,7,994.6993,139.257902,144.94189799999998,2026-05-21 13:30:00,144.94189799999998,TAKE_PROFIT,19.893985999999927,2.0000000000000018
MDLZ,2026-05-15 00:00:00,2026-05-18 00:00:00,0.0766666666666666,10.0,2026-05-18 10:33:00,61.68,63.629982772203164,63.28572340045191,16,986.88,60.4464,62.9136,2026-05-22 15:59:00,61.74,WEEK_END_CLOSE,0.9600000000000364,0.09727626459143934
SO,2026-05-15 00:00:00,2026-05-18 00:00:00,0.0343473994111874,3.0,2026-05-18 10:33:00,92.65,57.91195100247648,48.888281678292444,10,926.5,90.797,94.50300000000001,2026-05-19 10:18:00,94.50300000000001,TAKE_PROFIT,18.530000000000086,2.0000000000000018
JCI,2026-05-15 00:00:00,2026-05-18 00:00:00,0.0469483568075117,6.0,2026-05-18 11:24:00,139.43,42.17844325664833,40.56270407547147,7,976.01,136.6414,142.2186,2026-05-19 09:30:00,136.32,STOP_LOSS_GAP,-21.770000000000095,-2.2305099332998735
RSG,2026-05-15 00:00:00,2026-05-18 00:00:00,0.0054744525547445,1.0,2026-05-18 15:01:00,214.995,63.14272983593243,62.885304318571016,4,859.98,210.6951,219.2949,2026-05-21 09:32:00,210.6951,STOP_LOSS,-17.199600000000032,-2.0000000000000018
SPGI,2026-05-18 00:00:00,2026-05-19 00:00:00,0.0459770114942528,2.0,2026-05-19 09:45:00,417.28,53.59359516620895,50.91393642277792,2,834.56,408.9344,425.62559999999996,2026-05-19 15:44:00,408.9344,STOP_LOSS,-16.69119999999998,-2.0000000000000018
MRK,2026-05-18 00:00:00,2026-05-19 00:00:00,0.1328182487122884,7.0,2026-05-19 09:46:00,113.12,62.293797595433325,59.33844623195532,8,904.96,110.8576,115.3824,2026-05-21 13:20:00,115.3824,TAKE_PROFIT,18.099199999999996,2.0000000000000018
GE,2026-05-18 00:00:00,2026-05-19 00:00:00,0.0336784799316823,1.0,2026-05-19 09:47:00,284.695,52.27698902868738,50.36695999626641,3,854.085,279.0011,290.3889,2026-05-20 09:45:00,290.3889,TAKE_PROFIT,17.081699999999955,2.0000000000000018
PGR,2026-05-18 00:00:00,2026-05-19 00:00:00,0.1553030303030303,10.0,2026-05-19 09:47:00,203.745,54.6760094171901,52.335628083948315,4,814.98,199.6701,207.81990000000002,2026-05-21 09:36:00,199.6701,STOP_LOSS,-16.299600000000055,-2.0000000000000018
HLT,2026-05-18 00:00:00,2026-05-19 00:00:00,0.0558035714285714,3.0,2026-05-19 09:50:00,314.78,45.13673143096673,40.144424292624215,3,944.3399999999999,308.4844,321.07559999999995,2026-05-20 10:48:00,321.07559999999995,TAKE_PROFIT,18.886799999999937,2.0000000000000018
AMGN,2026-05-18 00:00:00,2026-05-19 00:00:00,0.0851699663802764,5.0,2026-05-19 09:51:00,323.67,56.03600315650738,53.54444058374327,3,971.01,317.1966,330.14340000000004,2026-05-19 10:56:00,330.14340000000004,TAKE_PROFIT,19.42020000000008,2.0000000000000018
KKR,2026-05-18 00:00:00,2026-05-19 00:00:00,0.1170454545454545,6.0,2026-05-19 09:51:00,94.9,51.614925295383365,47.297447014581785,10,949.0,93.00200000000001,96.798,2026-05-19 11:25:00,93.00200000000001,STOP_LOSS,-18.97999999999996,-1.9999999999999907
USB,2026-05-18 00:00:00,2026-05-19 00:00:00,0.1455108359133126,9.0,2026-05-19 09:52:00,52.79,44.288848527724454,42.294717069458976,18,950.22,51.7342,53.8458,2026-05-20 10:15:00,53.8458,TAKE_PROFIT,19.00439999999996,2.0000000000000018
AMGN,2026-05-18 00:00:00,2026-05-19 00:00:00,0.0851699663802764,5.0,2026-05-19 11:13:00,331.11,67.77310382384087,65.96987932263777,3,993.33,324.4878,337.73220000000003,2026-05-22 09:30:00,340.26,TAKE_PROFIT_GAP,27.449999999999932,2.7634320920539857
KKR,2026-05-18 00:00:00,2026-05-19 00:00:00,0.1170454545454545,6.0,2026-05-19 11:30:00,93.24,45.89538591064901,37.99436657867184,10,932.4,91.37519999999999,95.1048,2026-05-20 09:35:00,91.37519999999999,STOP_LOSS,-18.648000000000025,-2.0000000000000018
ABBV,2026-05-19 00:00:00,2026-05-20 00:00:00,0.0632680928538916,5.0,2026-05-20 09:45:00,213.875,53.332131674525485,51.7505309932231,4,855.5,209.5975,218.1525,2026-05-21 09:31:00,209.5975,STOP_LOSS,-17.110000000000014,-2.0000000000000018
BKNG,2026-05-19 00:00:00,2026-05-20 00:00:00,0.1016733535570995,9.0,2026-05-20 09:45:00,152.38,45.97077128883883,44.46105754788548,6,914.28,149.3324,155.42759999999998,2026-05-20 11:20:00,155.42759999999998,TAKE_PROFIT,18.28559999999993,2.0000000000000018
JNJ,2026-05-19 00:00:00,2026-05-20 00:00:00,0.0612467603328331,4.0,2026-05-20 09:45:00,231.22,61.65025120685131,60.63736889727539,4,924.88,226.5956,235.8444,2026-05-22 15:59:00,234.38,WEEK_END_CLOSE,12.639999999999986,1.3666637834097273
KMI,2026-05-19 00:00:00,2026-05-20 00:00:00,0.0255640465793304,1.0,2026-05-20 09:47:00,34.47,49.335547637671006,47.8536188808503,29,999.63,33.7806,35.1594,2026-05-20 12:35:00,33.78,STOP_LOSS_GAP,-20.009999999999934,-2.0017406440382857
MDT,2026-05-19 00:00:00,2026-05-20 00:00:00,0.0802757941393745,8.0,2026-05-20 09:51:00,78.34,55.582545465196894,52.81308039911596,12,940.08,76.7732,79.9068,2026-05-22 15:59:00,78.58,WEEK_END_CLOSE,2.8799999999999386,0.30635690579523533
PEP,2026-05-19 00:00:00,2026-05-20 00:00:00,0.0280199566597792,2.0,2026-05-20 09:54:00,150.41,60.79999809920447,57.738949126486624,6,902.46,147.40179999999998,153.4182,2026-05-21 09:35:00,147.40179999999998,STOP_LOSS,-18.0492000000001,-2.000000000000013
AFL,2026-05-19 00:00:00,2026-05-20 00:00:00,0.0379131561892417,3.0,2026-05-20 10:10:00,118.18,50.05903156242254,43.10906663996365,8,945.44,115.8164,120.54360000000001,2026-05-21 09:30:00,115.8164,STOP_LOSS,-18.908800000000042,-2.0000000000000018
ADP,2026-05-19 00:00:00,2026-05-20 00:00:00,0.0725138121546961,7.0,2026-05-20 10:42:00,219.33,52.56128497941469,48.89119411483206,4,877.32,214.9434,223.71660000000003,2026-05-22 09:35:00,223.71660000000003,TAKE_PROFIT,17.546400000000062,2.0000000000000018
SNPS,2026-05-19 00:00:00,2026-05-20 00:00:00,0.0702479338842975,6.0,2026-05-20 11:01:00,491.82,58.97694038001663,58.68230873049006,2,983.64,481.98359999999997,501.6564,2026-05-21 11:54:00,501.6564,TAKE_PROFIT,19.672800000000052,2.0000000000000018
BKNG,2026-05-19 00:00:00,2026-05-20 00:00:00,0.1016733535570995,9.0,2026-05-20 11:39:00,156.15,64.66292220737037,63.2965568438891,6,936.9000000000001,153.02700000000002,159.273,2026-05-21 13:42:00,159.273,TAKE_PROFIT,18.737999999999943,2.0000000000000018
KMI,2026-05-19 00:00:00,2026-05-20 00:00:00,0.0255640465793304,1.0,2026-05-20 12:51:00,33.78,44.61750570576838,41.71966206154063,29,979.62,33.1044,34.455600000000004,2026-05-22 15:59:00,33.79,WEEK_END_CLOSE,0.2899999999999423,0.029603315571335997
MS,2026-05-20 00:00:00,2026-05-21 00:00:00,0.0722875377897211,3.0,2026-05-21 09:45:00,198.84,58.29079273452083,57.20678492329395,5,994.2,194.8632,202.8168,2026-05-22 09:32:00,202.8699,TAKE_PROFIT_GAP,20.14949999999999,2.0267048883524375
SO,2026-05-20 00:00:00,2026-05-21 00:00:00,0.1461538461538461,7.0,2026-05-21 09:46:00,93.51,46.83320546049614,43.77876462147047,10,935.1,91.63980000000001,95.3802,2026-05-22 15:59:00,94.56,WEEK_END_CLOSE,10.499999999999972,1.1228745588707012
AFL,2026-05-20 00:00:00,2026-05-21 00:00:00,0.1531100478468899,9.0,2026-05-21 09:47:00,116.59,46.162826396468766,42.35834370211417,8,932.72,114.2582,118.9218,2026-05-22 15:59:00,117.85,WEEK_END_CLOSE,10.079999999999927,1.0807101809760633
BSX,2026-05-20 00:00:00,2026-05-21 00:00:00,0.10250569476082,5.0,2026-05-21 09:47:00,56.61,54.76773804350464,52.686645435007314,17,962.37,55.477799999999995,57.742200000000004,2026-05-22 09:30:00,57.742200000000004,TAKE_PROFIT,19.247400000000077,2.0000000000000018
USB,2026-05-20 00:00:00,2026-05-21 00:00:00,0.053127677806341,1.0,2026-05-21 09:48:00,54.19,50.864555391311114,49.11000878952369,18,975.42,53.106199999999994,55.2738,2026-05-22 15:59:00,54.825,WEEK_END_CLOSE,11.430000000000092,1.1718029156670973
KKR,2026-05-20 00:00:00,2026-05-21 00:00:00,0.1486146095717884,8.0,2026-05-21 09:52:00,94.02,54.51941366946297,50.20339285106278,10,940.1999999999999,92.1396,95.90039999999999,2026-05-22 09:46:00,95.90039999999999,TAKE_PROFIT,18.803999999999945,2.0000000000000018
VRTX,2026-05-20 00:00:00,2026-05-21 00:00:00,0.16,10.0,2026-05-21 09:52:00,428.61,55.5045571595091,51.158725059054866,2,857.22,420.0378,437.1822,2026-05-22 09:30:00,437.1822,TAKE_PROFIT,17.14440000000002,2.0000000000000018
GE,2026-05-20 00:00:00,2026-05-21 00:00:00,0.1127798765318345,6.0,2026-05-21 09:55:00,298.21,51.864870014948835,51.843202820588736,3,894.6299999999999,292.2458,304.1742,2026-05-22 09:30:00,304.1742,TAKE_PROFIT,17.892600000000016,2.0000000000000018
WMB,2026-05-20 00:00:00,2026-05-21 00:00:00,0.05720823798627,2.0,2026-05-21 10:11:00,77.79,52.9593427061067,51.81497936878181,12,933.48,76.2342,79.34580000000001,2026-05-22 15:59:00,78.46,WEEK_END_CLOSE,8.03999999999985,0.8612932253502903
MCD,2026-05-21 00:00:00,2026-05-22 00:00:00,0.1101449275362318,9.0,2026-05-22 09:46:00,282.845,44.321062836910876,43.683427426146295,3,848.5350000000001,277.1881,288.50190000000003,2026-05-22 15:59:00,282.23,WEEK_END_CLOSE,-1.8450000000000273,-0.21743357669394836
ABBV,2026-05-21 00:00:00,2026-05-22 00:00:00,0.025812274368231,2.0,2026-05-22 09:50:00,218.18,60.30340129308184,57.503708085085144,4,872.72,213.81640000000002,222.5436,2026-05-22 15:59:00,215.76,WEEK_END_CLOSE,-9.680000000000064,-1.1091759097992537
CMCSA,2026-05-21 00:00:00,2026-05-22 00:00:00,0.0368157597287259,3.0,2026-05-22 09:57:00,25.245,53.71636238467592,53.18195932541247,39,984.5550000000001,24.7401,25.7499,2026-05-22 15:59:00,25.205,WEEK_END_CLOSE,-1.5600000000001053,-0.15844721727075184
TMO,2026-05-21 00:00:00,2026-05-22 00:00:00,0.0689045936395759,4.0,2026-05-22 10:03:00,450.87,47.1058470381938,46.7794538236368,2,901.74,441.8526,459.8874,2026-05-22 15:59:00,448.205,WEEK_END_CLOSE,-5.330000000000041,-0.5910794685829668
CSX,2026-05-21 00:00:00,2026-05-22 00:00:00,0.0856031128404669,6.0,2026-05-22 10:07:00,45.885,45.36113633654001,44.63243350253158,21,963.5849999999999,44.967299999999994,46.8027,2026-05-22 15:59:00,45.51,WEEK_END_CLOSE,-7.875,-0.8172605426610025
DASH,2026-05-21 00:00:00,2026-05-22 00:00:00,0.0968033230991511,7.0,2026-05-22 10:10:00,163.69,52.929931021349034,51.20961737299024,6,982.14,160.4162,166.9638,2026-05-22 15:00:00,160.4162,STOP_LOSS,-19.642799999999966,-2.0000000000000018
PSX,2026-05-21 00:00:00,2026-05-22 00:00:00,0.102127659574468,8.0,2026-05-22 10:16:00,176.615,57.212374020689175,54.79898720671648,5,883.075,173.08270000000002,180.1473,2026-05-22 15:59:00,177.68,WEEK_END_CLOSE,5.324999999999989,0.6030065396483764
BKNG,2026-05-21 00:00:00,2026-05-22 00:00:00,0.1130360205831904,10.0,2026-05-22 10:41:00,159.595,48.2429327590508,47.22172276137922,6,957.5699999999999,156.4031,162.7869,2026-05-22 15:59:00,161.12,WEEK_END_CLOSE,9.150000000000034,0.955543720041363
PM,2026-05-21 00:00:00,2026-05-22 00:00:00,0.0786516853932584,5.0,2026-05-22 11:17:00,189.205,49.86915815921216,49.181960526772194,5,946.0250000000001,185.42090000000002,192.9891,2026-05-22 15:59:00,189.07,WEEK_END_CLOSE,-0.6750000000000966,-0.07135117993711804
DASH,2026-05-21 00:00:00,2026-05-22 00:00:00,0.0968033230991511,7.0,2026-05-22 15:13:00,160.53,44.592388825521134,39.30732860270681,6,963.1800000000001,157.3194,163.7406,2026-05-22 15:59:00,160.27,WEEK_END_CLOSE,-1.5599999999999454,-0.16196349591975912
DHR,2026-05-22 00:00:00,2026-05-26 00:00:00,0.0471976401179941,3.0,2026-05-26 09:45:00,171.11,51.05041687664697,42.28824861247287,5,855.5500000000001,167.6878,174.53220000000002,2026-05-27 09:34:00,174.53220000000002,TAKE_PROFIT,17.11100000000002,2.0000000000000018
COF,2026-05-22 00:00:00,2026-05-26 00:00:00,0.0754716981132075,5.0,2026-05-26 09:49:00,189.28,52.68365023687296,51.01040476427057,5,946.4,185.49439999999998,193.06560000000002,2026-05-28 10:09:00,185.49439999999998,STOP_LOSS,-18.928000000000083,-2.000000000000013
ADP,2026-05-22 00:00:00,2026-05-26 00:00:00,0.0920716112531969,7.0,2026-05-26 09:50:00,220.94,41.81737954111974,40.50541148334942,4,883.76,216.5212,225.3588,2026-05-28 09:30:00,215.6,STOP_LOSS_GAP,-21.360000000000014,-2.416945777134061
ABBV,2026-05-22 00:00:00,2026-05-26 00:00:00,0.1020154267230654,9.0,2026-05-26 09:52:00,213.63,40.266473027176055,35.24740095076624,4,854.52,209.35739999999998,217.9026,2026-05-28 10:17:00,217.9026,TAKE_PROFIT,17.090400000000045,2.0000000000000018
KMI,2026-05-22 00:00:00,2026-05-26 00:00:00,0.1090047393364928,10.0,2026-05-26 09:52:00,33.63,53.60405495207309,53.0171864931459,29,975.2700000000001,32.9574,34.302600000000005,2026-05-26 15:57:00,32.9574,STOP_LOSS,-19.50540000000008,-2.000000000000013
AFL,2026-05-22 00:00:00,2026-05-26 00:00:00,0.078125,6.0,2026-05-26 09:56:00,117.55,53.67709051970905,48.135981401258455,8,940.4,115.199,119.901,2026-05-27 11:13:00,115.199,STOP_LOSS,-18.807999999999993,-2.0000000000000018
BSX,2026-05-22 00:00:00,2026-05-26 00:00:00,0.0623781676413255,4.0,2026-05-26 10:00:00,57.49,48.066574087017955,47.745674423421896,17,977.33,56.3402,58.6398,2026-05-27 09:30:00,53.13,STOP_LOSS_GAP,-74.11999999999999,-7.5839276395894935
UPS,2026-05-22 00:00:00,2026-05-26 00:00:00,0.0342597199516667,2.0,2026-05-26 10:02:00,102.4458,61.983051626489704,57.99674259582006,9,922.0122,100.396884,104.49471600000001,2026-05-27 14:53:00,104.49471600000001,TAKE_PROFIT,18.44024400000005,2.0000000000000018
EMR,2026-05-22 00:00:00,2026-05-26 00:00:00,0.0264150943396226,1.0,2026-05-26 10:07:00,138.61,59.47518604105674,54.75718006047769,7,970.2700000000001,135.83780000000002,141.3822,2026-05-27 09:30:00,141.81,TAKE_PROFIT_GAP,22.39999999999992,2.3086357405670554
SNPS,2026-05-22 00:00:00,2026-05-26 00:00:00,0.1004366812227074,8.0,2026-05-26 10:13:00,534.29,56.04950242533854,55.01915880652741,1,534.29,523.6042,544.9757999999999,2026-05-27 11:21:00,523.6042,STOP_LOSS,-10.685799999999972,-1.9999999999999907
NEE,2026-05-26 00:00:00,2026-05-27 00:00:00,0.1135864449325384,9.0,2026-05-27 09:45:00,87.51,47.68789472618586,47.50725752691857,11,962.61,85.7598,89.26020000000001,2026-05-29 09:45:00,85.7598,STOP_LOSS,-19.252200000000073,-2.000000000000013
REGN,2026-05-26 00:00:00,2026-05-27 00:00:00,0.1098696461824953,7.0,2026-05-27 09:52:00,635.0,48.052343913120325,47.39029410393288,1,635.0,622.3,647.7,2026-05-28 10:07:00,622.3,STOP_LOSS,-12.700000000000045,-2.0000000000000018
WFC,2026-05-26 00:00:00,2026-05-27 00:00:00,0.0316788281420169,3.0,2026-05-27 09:55:00,76.26,49.78298714281217,47.65134613686465,13,991.3800000000001,74.7348,77.7852,2026-05-29 15:59:00,77.54,WEEK_END_CLOSE,16.640000000000015,1.6784683975872072
SPGI,2026-05-26 00:00:00,2026-05-27 00:00:00,0.1246376811594203,10.0,2026-05-27 09:58:00,414.87,53.537663472225475,51.202808517318154,2,829.74,406.5726,423.1674,2026-05-29 10:05:00,423.1674,TAKE_PROFIT,16.594799999999964,2.0000000000000018
SO,2026-05-26 00:00:00,2026-05-27 00:00:00,0.106060606060606,6.0,2026-05-27 10:05:00,94.175,48.69394289434529,47.713409104798416,10,941.75,92.2915,96.0585,2026-05-29 09:32:00,92.2915,STOP_LOSS,-18.83499999999998,-2.0000000000000018
MMM,2026-05-26 00:00:00,2026-05-27 00:00:00,0.0358161286643093,4.0,2026-05-27 10:17:00,156.33,63.29412183868402,61.00019069873616,6,937.98,153.20340000000002,159.4566,2026-05-28 09:30:00,153.20340000000002,STOP_LOSS,-18.759599999999978,-2.0000000000000018
TJX,2026-05-26 00:00:00,2026-05-27 00:00:00,0.0520833333333333,5.0,2026-05-27 10:17:00,159.11,53.46908429929302,52.096262705932794,6,954.6600000000001,155.92780000000002,162.2922,2026-05-28 09:30:00,155.92780000000002,STOP_LOSS,-19.093199999999968,-2.0000000000000018
UNP,2026-05-26 00:00:00,2026-05-27 00:00:00,0.0069813923373588,1.0,2026-05-27 10:30:00,274.79,60.574701981084914,54.877951278034594,3,824.3700000000001,269.2942,280.28580000000005,2026-05-28 09:31:00,269.2942,STOP_LOSS,-16.487400000000093,-2.000000000000013
DLR,2026-05-27 00:00:00,2026-05-28 00:00:00,0.0183299389002036,3.0,2026-05-28 09:45:00,191.045,41.51469375759465,37.935079578112514,5,955.2249999999999,187.2241,194.86589999999998,2026-05-29 15:59:00,189.97,WEEK_END_CLOSE,-5.374999999999943,-0.5626946530921995
WMB,2026-05-27 00:00:00,2026-05-28 00:00:00,0.082901554404145,9.0,2026-05-28 09:48:00,74.165,35.42212204315912,35.003880836332115,13,964.1450000000001,72.6817,75.6483,2026-05-29 09:30:00,72.6817,STOP_LOSS,-19.282899999999998,-2.0000000000000018
PG,2026-05-27 00:00:00,2026-05-28 00:00:00,0.0713828267402335,7.0,2026-05-28 09:50:00,145.83,41.34579387999087,40.90620740881312,6,874.98,142.9134,148.74660000000003,2026-05-29 15:59:00,143.56,WEEK_END_CLOSE,-13.620000000000061,-1.5566070081601935
CSX,2026-05-27 00:00:00,2026-05-28 00:00:00,0.0697424892703862,6.0,2026-05-28 09:52:00,45.95,43.3608848295565,39.58451170865893,21,964.95,45.031,46.86900000000001,2026-05-29 09:58:00,45.031,STOP_LOSS,-19.299000000000085,-2.000000000000013
DHR,2026-05-27 00:00:00,2026-05-28 00:00:00,0.0156041016495764,2.0,2026-05-28 09:54:00,179.06,71.433068944137,70.67636230993543,5,895.3,175.4788,182.6412,2026-05-29 10:41:00,182.6412,TAKE_PROFIT,17.905999999999977,2.0000000000000018
ICE,2026-05-27 00:00:00,2026-05-28 00:00:00,0.0762081784386617,8.0,2026-05-28 09:58:00,149.82,53.795784569939066,51.63186855317444,6,898.92,146.8236,152.8164,2026-05-29 15:59:00,147.95,WEEK_END_CLOSE,-11.220000000000027,-1.2481644640234935
CI,2026-05-27 00:00:00,2026-05-28 00:00:00,0.0630252100840336,5.0,2026-05-28 10:01:00,287.935,61.789009184095725,61.45338042472852,3,863.8050000000001,282.17629999999997,293.69370000000004,2026-05-29 09:38:00,282.07,STOP_LOSS_GAP,-17.595000000000027,-2.03691805442201
PM,2026-05-27 00:00:00,2026-05-28 00:00:00,0.0934579439252336,10.0,2026-05-28 10:02:00,182.45,50.209299905959504,49.17380494442201,5,912.25,178.801,186.099,2026-05-28 15:37:00,178.801,STOP_LOSS,-18.245000000000005,-2.0000000000000018
UPS,2026-05-27 00:00:00,2026-05-28 00:00:00,0.0365940553745928,4.0,2026-05-28 10:07:00,104.81,54.20613864101437,51.19473385943559,9,943.29,102.7138,106.9062,2026-05-29 15:33:00,106.9062,TAKE_PROFIT,18.865799999999965,2.0000000000000018
ADP,2026-05-27 00:00:00,2026-05-28 00:00:00,0.0085741505239758,1.0,2026-05-28 10:12:00,220.6125,60.98351156905579,56.55724961541708,4,882.45,216.20025,225.02475,2026-05-29 15:59:00,221.83,WEEK_END_CLOSE,4.8700000000000045,0.5518726273443297
RTX,2026-05-28 00:00:00,2026-05-29 00:00:00,0.0272775705913692,3.0,2026-05-29 09:45:00,177.66,46.786134794053424,42.977955843443226,5,888.3,174.1068,181.2132,2026-05-29 15:59:00,179.61,WEEK_END_CLOSE,9.750000000000085,1.0976021614319542
WMB,2026-05-28 00:00:00,2026-05-29 00:00:00,0.03954802259887,4.0,2026-05-29 10:03:00,71.68,37.27988899184043,34.986919935379966,13,931.8400000000001,70.24640000000001,73.1136,2026-05-29 15:59:00,71.38,WEEK_END_CLOSE,-3.900000000000148,-0.4185267857143016
SO,2026-05-28 00:00:00,2026-05-29 00:00:00,0.0677966101694915,7.0,2026-05-29 10:07:00,91.53,40.477635338396645,40.10344165664586,10,915.3,89.6994,93.3606,2026-05-29 15:59:00,92.01,WEEK_END_CLOSE,4.80000000000004,0.5244182235332628
ABBV,2026-05-28 00:00:00,2026-05-29 00:00:00,0.0473988439306358,5.0,2026-05-29 10:08:00,216.895,48.154008715797836,48.026742805556076,4,867.58,212.55710000000002,221.2329,2026-05-29 15:59:00,217.6,WEEK_END_CLOSE,2.8199999999999363,0.32504207104819827
GILD,2026-05-28 00:00:00,2026-05-29 00:00:00,0.0022454564591958,1.0,2026-05-29 10:10:00,135.78,53.15573602293559,52.89241527533603,7,950.46,133.0644,138.4956,2026-05-29 15:59:00,134.47,WEEK_END_CLOSE,-9.170000000000016,-0.9647959935189299
MRK,2026-05-28 00:00:00,2026-05-29 00:00:00,0.0481369077727196,6.0,2026-05-29 10:10:00,118.965,48.5277867467298,48.31254681102909,8,951.72,116.5857,121.3443,2026-05-29 15:59:00,118.74,WEEK_END_CLOSE,-1.8000000000000682,-0.18913125709243417
DASH,2026-05-28 00:00:00,2026-05-29 00:00:00,0.0833478034380968,10.0,2026-05-29 10:18:00,159.9175,52.521909519620046,51.373163338842396,6,959.5049999999999,156.71914999999998,163.11585,2026-05-29 12:01:00,163.11585,TAKE_PROFIT,19.19010000000003,2.0000000000000018
FTNT,2026-05-28 00:00:00,2026-05-29 00:00:00,0.0799719396702911,9.0,2026-05-29 10:30:00,133.62,67.22311433314732,67.1639137837764,7,935.34,130.9476,136.29240000000001,2026-05-29 13:07:00,136.29240000000001,TAKE_PROFIT,18.706800000000072,2.0000000000000018
DASH,2026-05-28 00:00:00,2026-05-29 00:00:00,0.0833478034380968,10.0,2026-05-29 12:14:00,162.905,69.43181489148245,68.32035732139043,6,977.4300000000001,159.6469,166.16310000000001,2026-05-29 14:36:00,159.6469,STOP_LOSS,-19.54860000000008,-2.000000000000013
FTNT,2026-05-28 00:00:00,2026-05-29 00:00:00,0.0799719396702911,9.0,2026-05-29 13:14:00,136.18,63.968280668205146,61.13266650083707,7,953.26,133.4564,138.9036,2026-05-29 15:59:00,137.93,WEEK_END_CLOSE,12.25,1.2850638860331998
DASH,2026-05-28 00:00:00,2026-05-29 00:00:00,0.0833478034380968,10.0,2026-05-29 14:48:00,159.385,40.63290923392592,37.52592549491508,6,956.31,156.19729999999998,162.5727,2026-05-29 15:59:00,159.34,WEEK_END_CLOSE,-0.26999999999992497,-0.028233522602494343
CMCSA,2026-05-29 00:00:00,2026-06-01 00:00:00,0.0861130825644665,6.0,2026-06-01 09:47:00,24.655,45.59153128403087,45.56261085504332,40,986.2,24.1619,25.148100000000003,2026-06-03 10:51:00,24.1619,STOP_LOSS,-19.724000000000075,-2.000000000000013
WMB,2026-05-29 00:00:00,2026-06-01 00:00:00,0.0204081632653061,2.0,2026-06-01 09:50:00,71.13,44.214709336804226,41.73534791754893,14,995.8199999999999,69.70739999999999,72.5526,2026-06-03 11:34:00,72.5526,TAKE_PROFIT,19.91640000000004,2.0000000000000018
V,2026-05-29 00:00:00,2026-06-01 00:00:00,0.0460927877377856,3.0,2026-06-01 09:52:00,323.62,45.218767520034355,40.58944666290123,3,970.86,317.1476,330.0924,2026-06-02 09:51:00,317.1476,STOP_LOSS,-19.41719999999998,-2.0000000000000018
NVDA,2026-05-29 00:00:00,2026-06-01 00:00:00,0.1105401731145577,10.0,2026-06-01 10:02:00,218.995,50.11227087314674,48.656986217931944,4,875.98,214.6151,223.3749,2026-06-01 13:43:00,223.3749,TAKE_PROFIT,17.51959999999997,2.0000000000000018
CDNS,2026-05-29 00:00:00,2026-06-01 00:00:00,0.0677419354838709,4.0,2026-06-01 10:04:00,392.21,65.54460402480856,63.017045119108296,2,784.42,384.3658,400.0542,2026-06-01 11:22:00,400.0542,TAKE_PROFIT,15.688400000000001,2.0000000000000018
CME,2026-05-29 00:00:00,2026-06-01 00:00:00,0.096551724137931,7.0,2026-06-01 10:04:00,267.67,41.421132456843104,39.22567127804697,3,803.01,262.3166,273.02340000000004,2026-06-01 13:57:00,262.3166,STOP_LOSS,-16.060200000000066,-2.000000000000013
KMI,2026-05-29 00:00:00,2026-06-01 00:00:00,0.0742574257425742,5.0,2026-06-01 10:04:00,31.14,43.56210190602315,43.230548552059965,32,996.48,30.5172,31.762800000000002,2026-06-03 10:02:00,31.762800000000002,TAKE_PROFIT,19.92960000000005,2.0000000000000018
HPE,2026-05-29 00:00:00,2026-06-01 00:00:00,0.104558856883647,9.0,2026-06-01 10:07:00,44.82,60.41970763718659,59.352831692729175,22,986.04,43.9236,45.7164,2026-06-01 11:14:00,45.7164,TAKE_PROFIT,19.720799999999997,2.0000000000000018
GILD,2026-05-29 00:00:00,2026-06-01 00:00:00,0.1021834061135371,8.0,2026-06-01 10:08:00,132.48,42.67701866553366,42.53002468444466,7,927.3599999999999,129.8304,135.12959999999998,2026-06-02 09:30:00,128.99,STOP_LOSS_GAP,-24.429999999999865,-2.6343599033816334
ADP,2026-05-29 00:00:00,2026-06-01 00:00:00,0.0124653739612188,1.0,2026-06-01 10:46:00,230.14,66.41099578670952,63.02366954750342,4,920.56,225.53719999999998,234.7428,2026-06-02 09:58:00,225.53719999999998,STOP_LOSS,-18.411200000000008,-2.0000000000000018
HPE,2026-05-29 00:00:00,2026-06-01 00:00:00,0.104558856883647,9.0,2026-06-01 11:35:00,45.405,54.201590074166965,53.5044572414458,22,998.9100000000001,44.496900000000004,46.3131,2026-06-01 12:24:00,46.3131,TAKE_PROFIT,19.978199999999944,2.0000000000000018
CDNS,2026-05-29 00:00:00,2026-06-01 00:00:00,0.0677419354838709,4.0,2026-06-01 12:03:00,402.095,67.22722196875611,66.35633434945616,2,804.19,394.05310000000003,410.1369,2026-06-01 13:54:00,410.1369,TAKE_PROFIT,16.083799999999997,2.0000000000000018
HPE,2026-05-29 00:00:00,2026-06-01 00:00:00,0.104558856883647,9.0,2026-06-01 12:38:00,45.265,50.90150065743213,48.83416140804827,22,995.83,44.3597,46.170300000000005,2026-06-01 14:36:00,46.170300000000005,TAKE_PROFIT,19.916600000000088,2.0000000000000018
CME,2026-05-29 00:00:00,2026-06-01 00:00:00,0.096551724137931,7.0,2026-06-01 14:12:00,261.84,43.51903729842201,35.14497981438565,3,785.52,256.60319999999996,267.0768,2026-06-02 09:34:00,256.60319999999996,STOP_LOSS,-15.71040000000005,-2.0000000000000018
NVDA,2026-05-29 00:00:00,2026-06-01 00:00:00,0.1105401731145577,10.0,2026-06-01 14:19:00,224.2901,64.11320357880658,60.14031295342807,4,897.1604,219.804298,228.775902,2026-06-02 09:46:00,228.775902,TAKE_PROFIT,17.943208000000027,2.0000000000000018
CDNS,2026-05-29 00:00:00,2026-06-01 00:00:00,0.0677419354838709,4.0,2026-06-01 14:31:00,407.92,52.174872754644596,51.948990505691704,2,815.84,399.7616,416.07840000000004,2026-06-02 15:53:00,416.07840000000004,TAKE_PROFIT,16.316800000000057,2.0000000000000018
HPE,2026-05-29 00:00:00,2026-06-01 00:00:00,0.104558856883647,9.0,2026-06-01 14:39:00,46.145,60.57881545541844,58.27761638893683,21,969.0450000000001,45.222100000000005,47.0679,2026-06-01 15:09:00,47.0679,TAKE_PROFIT,19.38089999999997,2.0000000000000018
NSC,2026-06-01 00:00:00,2026-06-02 00:00:00,0.1,5.0,2026-06-02 09:46:00,307.03,53.89038217323977,52.730924454716565,3,921.0899999999999,300.88939999999997,313.1706,2026-06-05 10:10:00,313.1706,TAKE_PROFIT,18.42180000000002,2.0000000000000018
APO,2026-06-01 00:00:00,2026-06-02 00:00:00,0.1044978146785082,9.0,2026-06-02 09:55:00,128.35,41.490436017415625,36.651661894551076,7,898.4499999999999,125.78299999999999,130.917,2026-06-03 09:30:00,124.0,STOP_LOSS_GAP,-30.44999999999996,-3.389170237631467
NOC,2026-06-01 00:00:00,2026-06-02 00:00:00,0.0684570826750921,3.0,2026-06-02 09:55:00,535.07,46.59535673368596,41.39983076573956,1,535.07,524.3686,545.7714000000001,2026-06-05 09:30:00,550.0,TAKE_PROFIT_GAP,14.92999999999995,2.7902891210495717
SHW,2026-06-01 00:00:00,2026-06-02 00:00:00,0.1023622047244094,6.0,2026-06-02 09:56:00,291.72,45.65952651660174,43.976141882204175,3,875.1600000000001,285.8856,297.55440000000004,2026-06-03 09:30:00,300.51,TAKE_PROFIT_GAP,26.36999999999989,3.0131633072809416
AON,2026-06-01 00:00:00,2026-06-02 00:00:00,0.0263157894736842,1.0,2026-06-02 10:04:00,315.91,54.2427615002654,48.48931591966878,3,947.73,309.59180000000003,322.2282,2026-06-04 09:32:00,322.2282,TAKE_PROFIT,18.95459999999997,2.0000000000000018
DHR,2026-06-01 00:00:00,2026-06-02 00:00:00,0.1037794352872747,7.0,2026-06-02 10:05:00,177.215,45.45590685796059,43.99866888382663,5,886.075,173.6707,180.7593,2026-06-03 10:02:00,173.6707,STOP_LOSS,-17.721499999999963,-1.9999999999999907
MSI,2026-06-01 00:00:00,2026-06-02 00:00:00,0.0497076023391812,2.0,2026-06-02 10:05:00,409.3775,54.33999782448566,50.248422429877614,2,818.755,401.18995,417.56505,2026-06-05 15:59:00,410.32,WEEK_END_CLOSE,1.884999999999991,0.23022760166349077
ORLY,2026-06-01 00:00:00,2026-06-02 00:00:00,0.1043017088980553,8.0,2026-06-02 10:09:00,85.625,42.34982864188537,40.65202951382704,11,941.875,83.9125,87.3375,2026-06-03 09:48:00,87.3375,TAKE_PROFIT,18.837500000000063,2.0000000000000018
UPS,2026-06-01 00:00:00,2026-06-02 00:00:00,0.105699021453133,10.0,2026-06-02 10:09:00,109.3,49.794137381428854,47.16594931932818,9,983.6999999999999,107.11399999999999,111.486,2026-06-05 15:59:00,108.55,WEEK_END_CLOSE,-6.75,-0.6861848124428138
AJG,2026-06-02 00:00:00,2026-06-03 00:00:00,0.0694444444444444,6.0,2026-06-03 09:45:00,204.66,53.10749746690424,40.24889997929203,4,818.64,200.5668,208.7532,2026-06-03 10:23:00,200.5668,STOP_LOSS,-16.372799999999984,-2.0000000000000018
PCAR,2026-06-02 00:00:00,2026-06-03 00:00:00,0.0049822064056939,2.0,2026-06-03 09:55:00,114.56,56.59252083910553,55.06125559766398,8,916.48,112.2688,116.8512,2026-06-04 10:34:00,116.8512,TAKE_PROFIT,18.329600000000028,2.0000000000000018
TMO,2026-06-02 00:00:00,2026-06-03 00:00:00,0.0667470002020943,5.0,2026-06-03 09:57:00,473.45,52.21848043884715,47.85741198434976,2,946.9,463.981,482.919,2026-06-04 09:30:00,482.919,TAKE_PROFIT,18.937999999999988,2.0000000000000018
SO,2026-06-02 00:00:00,2026-06-03 00:00:00,0.07738947910028,8.0,2026-06-03 09:59:00,92.115,65.64458781232725,64.26744910268833,10,921.15,90.2727,93.95729999999999,2026-06-04 11:05:00,90.2727,STOP_LOSS,-18.422999999999945,-1.9999999999999907
TRV,2026-06-02 00:00:00,2026-06-03 00:00:00,0.0428015564202334,4.0,2026-06-03 10:07:00,294.04,52.95445930909702,52.36572657774585,3,882.1200000000001,288.1592,299.92080000000004,2026-06-05 09:53:00,299.93,TAKE_PROFIT_GAP,17.66999999999996,2.003128826010059
APD,2026-06-02 00:00:00,2026-06-03 00:00:00,0.0264900662251655,3.0,2026-06-03 10:08:00,283.5869,57.906905638418685,55.99201775688234,3,850.7607,277.915162,289.258638,2026-06-05 15:59:00,282.34,WEEK_END_CLOSE,-3.7407000000001176,-0.4396888572779756
CTAS,2026-06-02 00:00:00,2026-06-03 00:00:00,0.0713449382703659,7.0,2026-06-03 10:19:00,173.34,50.87356549781426,49.13639831954544,5,866.7,169.8732,176.8068,2026-06-04 09:30:00,178.75,TAKE_PROFIT_GAP,27.049999999999983,3.1210338063920595
GD,2026-06-02 00:00:00,2026-06-03 00:00:00,0.0802080725288916,9.0,2026-06-03 10:23:00,337.79,52.546449623496706,47.064743178417146,2,675.58,331.0342,344.54580000000004,2026-06-05 10:01:00,344.54580000000004,TAKE_PROFIT,13.511600000000044,2.0000000000000018
AJG,2026-06-02 00:00:00,2026-06-03 00:00:00,0.0694444444444444,6.0,2026-06-03 10:25:00,200.97,38.430136363252785,36.64880041405801,4,803.88,196.9506,204.9894,2026-06-04 09:31:00,207.45,TAKE_PROFIT_GAP,25.91999999999996,3.2243618450515044
PM,2026-06-02 00:00:00,2026-06-03 00:00:00,0.08232005962111,10.0,2026-06-03 11:08:00,176.25,48.27975264029953,45.937193548393566,5,881.25,172.725,179.775,2026-06-05 14:17:00,179.775,TAKE_PROFIT,17.62500000000003,2.0000000000000018
FDX,2026-06-03 00:00:00,2026-06-04 00:00:00,0.0338983050847457,5.0,2026-06-04 09:59:00,330.09,55.21386664201382,54.992216089480394,3,990.27,323.48819999999995,336.6918,2026-06-05 15:59:00,331.07,WEEK_END_CLOSE,2.9400000000000546,0.29688872731679083
DUK,2026-06-03 00:00:00,2026-06-04 00:00:00,0.0548885077186964,6.0,2026-06-04 10:07:00,121.92,49.191942160697614,48.101290217782456,8,975.36,119.4816,124.3584,2026-06-05 13:14:00,124.3584,TAKE_PROFIT,19.50720000000001,2.0000000000000018
PH,2026-06-03 00:00:00,2026-06-04 00:00:00,0.0734463276836158,7.0,2026-06-04 10:10:00,860.44,53.7335390249882,53.52070431682739,1,860.44,843.2312000000001,877.6488,2026-06-05 09:32:00,877.6488,TAKE_PROFIT,17.208799999999997,2.0000000000000018
JNJ,2026-06-03 00:00:00,2026-06-04 00:00:00,0.0881843102182788,9.0,2026-06-04 10:14:00,227.24,61.45195196762793,55.62906811257529,4,908.96,222.6952,231.78480000000002,2026-06-05 10:11:00,231.78480000000002,TAKE_PROFIT,18.179200000000037,2.0000000000000018
ABBV,2026-06-03 00:00:00,2026-06-04 00:00:00,0.0927102238354507,10.0,2026-06-04 10:27:00,222.32,58.71992443363829,58.04775962558959,4,889.28,217.87359999999998,226.7664,2026-06-05 09:30:00,227.37,TAKE_PROFIT_GAP,20.200000000000045,2.2715005397625054
PCAR,2026-06-03 00:00:00,2026-06-04 00:00:00,0.0,2.0,2026-06-04 10:44:00,116.635,61.6735496535123,60.19468872751,8,933.08,114.3023,118.96770000000001,2026-06-05 15:59:00,116.67,WEEK_END_CLOSE,0.2799999999999727,0.03000814506795013
TFC,2026-06-03 00:00:00,2026-06-04 00:00:00,0.0302233902759526,4.0,2026-06-04 11:09:00,48.72,51.956110308976,50.68620554078442,20,974.4,47.745599999999996,49.6944,2026-06-05 15:59:00,49.2,WEEK_END_CLOSE,9.60000000000008,0.9852216748768461
PH,2026-06-04 00:00:00,2026-06-05 00:00:00,0.0303030303030303,2.0,2026-06-05 09:45:00,882.0,70.03188440800878,66.78344721063908,1,882.0,864.36,899.64,2026-06-05 15:59:00,882.54,WEEK_END_CLOSE,0.5399999999999636,0.061224489795908
SHW,2026-06-04 00:00:00,2026-06-05 00:00:00,0.1266666666666666,10.0,2026-06-05 09:48:00,305.405,68.06317148086444,66.74715576567833,3,916.2149999999999,299.2969,311.51309999999995,2026-06-05 15:59:00,305.29,WEEK_END_CLOSE,-0.34499999999985675,-0.037654917241025654
AMT,2026-06-04 00:00:00,2026-06-05 00:00:00,0.106029106029106,8.0,2026-06-05 09:56:00,195.6,63.613034790756224,59.981318610558056,5,978.0,191.688,199.512,2026-06-05 15:59:00,194.115,WEEK_END_CLOSE,-7.424999999999926,-0.7592024539877174
SBUX,2026-06-04 00:00:00,2026-06-05 00:00:00,0.1152979064782467,9.0,2026-06-05 09:56:00,95.115,57.999160278295385,54.576418127036305,10,951.15,93.2127,97.01729999999999,2026-06-05 15:59:00,95.31,WEEK_END_CLOSE,1.950000000000074,0.2050149818640712
PLD,2026-06-04 00:00:00,2026-06-05 00:00:00,0.064,5.0,2026-06-05 10:02:00,144.83,67.67692320529531,64.1409895764695,6,868.98,141.9334,147.72660000000002,2026-06-05 15:59:00,144.57,WEEK_END_CLOSE,-1.560000000000116,-0.17952081751019255
SYK,2026-06-04 00:00:00,2026-06-05 00:00:00,0.0626003210272873,4.0,2026-06-05 10:04:00,309.92,65.1067330606264,63.90500160771869,3,929.76,303.7216,316.1184,2026-06-05 15:59:00,305.68,WEEK_END_CLOSE,-12.720000000000027,-1.3680949922560637
DHR,2026-06-04 00:00:00,2026-06-05 00:00:00,0.0899014972867945,6.0,2026-06-05 10:16:00,184.59,48.1366325747521,44.15068386362395,5,922.95,180.8982,188.2818,2026-06-05 15:59:00,184.39,WEEK_END_CLOSE,-1.0000000000000853,-0.10834823121513848
TMUS,2026-06-04 00:00:00,2026-06-05 00:00:00,0.1059563133766553,7.0,2026-06-05 10:40:00,179.075,59.44127485288124,52.33193543016977,5,895.375,175.49349999999998,182.6565,2026-06-05 15:59:00,178.18,WEEK_END_CLOSE,-4.474999999999909,-0.49979059053467667
PCAR,2026-06-05 00:00:00,2026-06-08 00:00:00,0.0152173913043478,3.0,2026-06-08 09:45:00,116.76,49.36075783325586,47.8157385177452,8,934.08,114.4248,119.0952,2026-06-08 14:19:00,119.0952,TAKE_PROFIT,18.681600000000003,2.0000000000000018
SYK,2026-06-05 00:00:00,2026-06-08 00:00:00,0.0610169491525423,10.0,2026-06-08 09:45:00,303.535,50.24609280743626,42.839932183602215,3,910.605,297.46430000000004,309.6057,2026-06-09 10:28:00,309.6057,TAKE_PROFIT,18.212099999999964,2.0000000000000018
MDLZ,2026-06-05 00:00:00,2026-06-08 00:00:00,0.0403434684684684,6.0,2026-06-08 09:47:00,61.68,35.063849198930484,33.39212278935705,16,986.88,60.4464,62.9136,2026-06-09 11:21:00,62.9136,TAKE_PROFIT,19.737600000000043,2.0000000000000018
GILD,2026-06-05 00:00:00,2026-06-08 00:00:00,0.0138944872962746,2.0,2026-06-08 09:49:00,129.76,47.18931835304871,46.05789290426809,7,908.3199999999999,127.16479999999999,132.3552,2026-06-08 12:47:00,127.16479999999999,STOP_LOSS,-18.16640000000004,-2.0000000000000018
MRSH,2026-06-05 00:00:00,2026-06-08 00:00:00,0.0076161462300076,1.0,2026-06-08 09:50:00,164.45,47.67814487869451,46.557545424033876,6,986.6999999999999,161.16099999999997,167.739,2026-06-10 10:44:00,167.739,TAKE_PROFIT,19.734000000000094,2.0000000000000018
PH,2026-06-05 00:00:00,2026-06-08 00:00:00,0.0286885245901639,5.0,2026-06-08 09:52:00,883.975,54.200163008125706,50.62162872993298,1,883.975,866.2955000000001,901.6545,2026-06-09 09:45:00,901.6545,TAKE_PROFIT,17.679499999999962,2.0000000000000018
AFL,2026-06-05 00:00:00,2026-06-08 00:00:00,0.0279623477297895,4.0,2026-06-08 09:54:00,117.13,43.3751111896763,41.35358363710577,8,937.04,114.78739999999999,119.4726,2026-06-09 09:34:00,114.78739999999999,STOP_LOSS,-18.740800000000036,-2.0000000000000018
AJG,2026-06-05 00:00:00,2026-06-08 00:00:00,0.0596491228070175,9.0,2026-06-08 09:58:00,214.52,53.14238707249398,49.12108990085842,4,858.08,210.2296,218.81040000000002,2026-06-09 12:20:00,218.81040000000002,TAKE_PROFIT,17.16160000000002,2.0000000000000018
TFC,2026-06-05 00:00:00,2026-06-08 00:00:00,0.0404255319148936,7.0,2026-06-08 10:01:00,49.2092,54.288946718929125,46.26638722708726,20,984.1840000000001,48.225016000000004,50.193384,2026-06-11 09:30:00,50.33,TAKE_PROFIT_GAP,22.41599999999991,2.2776228835258427
TT,2026-06-05 00:00:00,2026-06-08 00:00:00,0.0462962962962962,8.0,2026-06-08 11:15:00,462.97,54.95355676766847,49.75429913453225,2,925.94,453.7106,472.22940000000006,2026-06-09 09:48:00,472.395,TAKE_PROFIT_GAP,18.84999999999991,2.0357690563103326
GILD,2026-06-05 00:00:00,2026-06-08 00:00:00,0.0138944872962746,2.0,2026-06-08 12:50:00,127.25,38.899325894324065,33.453055657146514,7,890.75,124.705,129.79500000000002,2026-06-09 09:53:00,124.705,STOP_LOSS,-17.815000000000012,-2.0000000000000018
PCAR,2026-06-05 00:00:00,2026-06-08 00:00:00,0.0152173913043478,3.0,2026-06-08 15:03:00,118.9,57.544685360425305,56.354852150592144,8,951.2,116.522,121.278,2026-06-10 11:06:00,116.5,STOP_LOSS_GAP,-19.200000000000045,-2.0185029436501356
NOC,2026-06-08 00:00:00,2026-06-09 00:00:00,0.1434426229508196,8.0,2026-06-09 09:48:00,542.36,59.14411177084917,57.25965686709511,1,542.36,531.5128,553.2072000000001,2026-06-11 10:38:00,553.2072000000001,TAKE_PROFIT,10.847200000000043,2.0000000000000018
RSG,2026-06-08 00:00:00,2026-06-09 00:00:00,0.1282051282051282,6.0,2026-06-09 09:48:00,205.9,54.38544777344865,49.862228768602506,4,823.6,201.782,210.018,2026-06-09 12:19:00,210.018,TAKE_PROFIT,16.47199999999998,2.0000000000000018
AEP,2026-06-08 00:00:00,2026-06-09 00:00:00,0.0680555555555555,3.0,2026-06-09 09:50:00,126.79,55.95717515862447,50.14784778328559,7,887.5300000000001,124.2542,129.32580000000002,2026-06-11 09:32:00,129.32580000000002,TAKE_PROFIT,17.750600000000063,2.0000000000000018
SO,2026-06-08 00:00:00,2026-06-09 00:00:00,0.1637891333728292,10.0,2026-06-09 09:50:00,91.265,51.81331776228732,50.18067861856327,10,912.65,89.4397,93.0903,2026-06-09 12:17:00,93.0903,TAKE_PROFIT,18.252999999999986,2.0000000000000018
CSX,2026-06-08 00:00:00,2026-06-09 00:00:00,0.1376370910059885,7.0,2026-06-09 10:01:00,47.25,62.178775251164915,52.646260216817346,21,992.25,46.305,48.195,2026-06-12 15:59:00,47.58,WEEK_END_CLOSE,6.929999999999964,0.698412698412687
HD,2026-06-08 00:00:00,2026-06-09 00:00:00,0.1147340400342505,5.0,2026-06-09 10:08:00,318.42,68.69783317246083,59.931242651921536,3,955.26,312.0516,324.7884,2026-06-11 09:54:00,324.7884,TAKE_PROFIT,19.105200000000025,2.0000000000000018
APD,2026-06-08 00:00:00,2026-06-09 00:00:00,0.0912408759124087,4.0,2026-06-09 10:11:00,280.32,56.550262891727435,53.96340984335447,3,840.96,274.7136,285.9264,2026-06-10 09:36:00,285.9264,TAKE_PROFIT,16.819200000000023,2.0000000000000018
PLD,2026-06-08 00:00:00,2026-06-09 00:00:00,0.0628930817610062,2.0,2026-06-09 10:18:00,146.7598,69.70721770978494,69.2857507857631,6,880.5588,143.82460400000002,149.694996,2026-06-12 11:01:00,149.694996,TAKE_PROFIT,17.611175999999944,2.0000000000000018
SPGI,2026-06-08 00:00:00,2026-06-09 00:00:00,0.149389464262882,9.0,2026-06-09 10:22:00,425.76,63.24776649113429,61.26507862896199,2,851.52,417.2448,434.2752,2026-06-11 10:26:00,417.2448,STOP_LOSS,-17.030399999999986,-2.0000000000000018
RSG,2026-06-08 00:00:00,2026-06-09 00:00:00,0.1282051282051282,6.0,2026-06-09 12:37:00,210.605,66.41724923558968,61.62027812784985,4,842.42,206.3929,214.81709999999998,2026-06-12 15:59:00,209.9,WEEK_END_CLOSE,-2.8199999999999363,-0.33474988722963506
SO,2026-06-08 00:00:00,2026-06-09 00:00:00,0.1637891333728292,10.0,2026-06-09 12:54:00,93.34,66.85861842572092,63.723200033449785,10,933.4000000000001,91.4732,95.2068,2026-06-12 15:59:00,94.0,WEEK_END_CLOSE,6.599999999999966,0.7070923505463789
ORLY,2026-06-09 00:00:00,2026-06-10 00:00:00,0.1476923076923077,10.0,2026-06-10 09:49:00,90.215,51.61102324450379,49.63365283955883,11,992.365,88.4107,92.0193,2026-06-12 15:59:00,91.02,WEEK_END_CLOSE,8.854999999999919,0.8923128082912957
V,2026-06-09 00:00:00,2026-06-10 00:00:00,0.0566138631845026,3.0,2026-06-10 09:50:00,324.0975,49.5069371857381,48.95048531857854,3,972.2925,317.61555000000004,330.57945,2026-06-12 15:59:00,322.27,WEEK_END_CLOSE,-5.48250000000013,-0.5638735257137206
MDLZ,2026-06-09 00:00:00,2026-06-10 00:00:00,0.0544233544233544,2.0,2026-06-10 09:53:00,63.61,66.20429007945029,62.624441287676476,15,954.15,62.3378,64.8822,2026-06-12 10:20:00,62.3378,STOP_LOSS,-19.08299999999997,-2.0000000000000018
ELV,2026-06-09 00:00:00,2026-06-10 00:00:00,0.1132596685082873,5.0,2026-06-10 09:55:00,409.68,37.247049388444275,35.595976218088545,2,819.36,401.4864,417.8736,2026-06-11 09:33:00,401.4864,STOP_LOSS,-16.387200000000007,-2.0000000000000018
NSC,2026-06-09 00:00:00,2026-06-10 00:00:00,0.1153846153846153,6.0,2026-06-10 10:04:00,310.99,48.073869650463585,45.506332965927825,3,932.97,304.7702,317.20980000000003,2026-06-12 15:59:00,313.67,WEEK_END_CLOSE,8.04000000000002,0.8617640438599361
AJG,2026-06-09 00:00:00,2026-06-10 00:00:00,0.1428571428571428,9.0,2026-06-10 10:14:00,222.68,62.63619585765334,61.96331178437531,4,890.72,218.2264,227.1336,2026-06-12 09:35:00,218.2264,STOP_LOSS,-17.814399999999978,-2.0000000000000018
PCAR,2026-06-09 00:00:00,2026-06-10 00:00:00,0.1333333333333333,8.0,2026-06-10 11:23:00,116.28,42.62504505305722,42.52211823177078,8,930.24,113.95439999999999,118.60560000000001,2026-06-10 15:59:00,113.95439999999999,STOP_LOSS,-18.60480000000007,-2.000000000000013
JNJ,2026-06-10 00:00:00,2026-06-11 00:00:00,0.1382635824868403,7.0,2026-06-11 09:48:00,240.535,59.74155895259461,58.834043782504146,4,962.14,235.7243,245.3457,2026-06-12 15:59:00,240.88,WEEK_END_CLOSE,1.3799999999999955,0.14343027002308162
ELV,2026-06-10 00:00:00,2026-06-11 00:00:00,0.0972972972972973,2.0,2026-06-11 09:53:00,398.175,46.72640976927435,43.00805611416683,2,796.35,390.2115,406.1385,2026-06-12 15:59:00,404.05,WEEK_END_CLOSE,11.75,1.4754818861053565
EMR,2026-06-10 00:00:00,2026-06-11 00:00:00,0.1445188167009923,8.0,2026-06-11 09:53:00,138.78,56.96179843054642,54.716290412023646,7,971.46,136.0044,141.5556,2026-06-11 14:47:00,141.5556,TAKE_PROFIT,19.42919999999998,2.0000000000000018
DLR,2026-06-10 00:00:00,2026-06-11 00:00:00,0.0944444444444444,1.0,2026-06-11 09:54:00,180.16,44.841312599034,43.58240310193791,5,900.8,176.55679999999998,183.7632,2026-06-11 14:46:00,183.7632,TAKE_PROFIT,18.016000000000076,2.0000000000000018
ABBV,2026-06-10 00:00:00,2026-06-11 00:00:00,0.1708517938064021,9.0,2026-06-11 09:57:00,226.11,57.709519430193794,49.90805070505705,4,904.44,221.58780000000002,230.6322,2026-06-12 15:59:00,227.63,WEEK_END_CLOSE,6.079999999999927,0.6722391756224688
AMT,2026-06-10 00:00:00,2026-06-11 00:00:00,0.1019736842105263,3.0,2026-06-11 09:57:00,190.33,43.879783056331014,43.22353808819165,5,951.6500000000001,186.5234,194.13660000000002,2026-06-12 15:59:00,187.14,WEEK_END_CLOSE,-15.95000000000013,-1.6760363579047088
APH,2026-06-10 00:00:00,2026-06-11 00:00:00,0.1209430496019595,4.0,2026-06-11 10:04:00,150.89,51.34775061181626,50.57711696592086,6,905.3399999999999,147.8722,153.90779999999998,2026-06-11 12:04:00,147.8722,STOP_LOSS,-18.106799999999964,-2.0000000000000018
APH,2026-06-10 00:00:00,2026-06-11 00:00:00,0.1209430496019595,4.0,2026-06-11 12:09:00,149.14,54.439229622011396,48.41143094826421,6,894.8399999999999,146.1572,152.12279999999998,2026-06-11 13:42:00,152.12279999999998,TAKE_PROFIT,17.896799999999985,2.0000000000000018
APH,2026-06-10 00:00:00,2026-06-11 00:00:00,0.1209430496019595,4.0,2026-06-11 13:57:00,151.78,58.31024235911375,55.586178063631415,6,910.6800000000001,148.74439999999998,154.81560000000002,2026-06-12 12:13:00,154.81560000000002,TAKE_PROFIT,18.2136000000001,2.0000000000000018
EMR,2026-06-10 00:00:00,2026-06-11 00:00:00,0.1445188167009923,8.0,2026-06-11 14:51:00,141.56,64.242063803125,63.735974551414934,7,990.9200000000001,138.7288,144.3912,2026-06-12 09:30:00,144.3912,TAKE_PROFIT,19.81839999999997,2.0000000000000018
DLR,2026-06-10 00:00:00,2026-06-11 00:00:00,0.0944444444444444,1.0,2026-06-11 15:15:00,183.235,60.374509938954084,58.3122678811833,5,916.1750000000001,179.5703,186.89970000000002,2026-06-12 15:59:00,184.16,WEEK_END_CLOSE,4.624999999999915,0.5048162196086947
JCI,2026-06-11 00:00:00,2026-06-12 00:00:00,0.0102214650766609,5.0,2026-06-12 10:00:00,145.04,61.713141155932945,55.66850887581952,6,870.24,142.1392,147.9408,2026-06-12 15:59:00,144.93,WEEK_END_CLOSE,-0.6599999999999113,-0.07584114726970625
TEL,2026-06-11 00:00:00,2026-06-12 00:00:00,0.0,2.0,2026-06-12 10:00:00,209.68,57.66357021009283,55.904960989203666,4,838.72,205.4864,213.8736,2026-06-12 15:59:00,210.19,WEEK_END_CLOSE,2.0399999999999636,0.24322777565815024
CL,2026-06-11 00:00:00,2026-06-12 00:00:00,0.0648166023166023,8.0,2026-06-12 10:03:00,88.7075,41.181329441704506,39.035005957480344,11,975.7824999999999,86.93334999999999,90.48165,2026-06-12 15:59:00,89.45,WEEK_END_CLOSE,8.167500000000075,0.8370205450497492
ECL,2026-06-11 00:00:00,2026-06-12 00:00:00,0.0,1.0,2026-06-12 10:06:00,263.935,54.537577672802016,53.61096202994931,3,791.8050000000001,258.6563,269.2137,2026-06-12 15:59:00,265.34,WEEK_END_CLOSE,4.214999999999918,0.5323280353117132
MDLZ,2026-06-11 00:00:00,2026-06-12 00:00:00,0.063753271878912,7.0,2026-06-12 10:22:00,62.43,39.5492201578074,33.700949278168906,16,998.88,61.1814,63.6786,2026-06-12 15:59:00,62.98,WEEK_END_CLOSE,8.799999999999955,0.8809867051097209
SPG,2026-06-11 00:00:00,2026-06-12 00:00:00,0.0283018867924528,6.0,2026-06-12 10:53:00,219.66,63.51448377006775,63.00433216326354,4,878.64,215.2668,224.0532,2026-06-12 15:59:00,218.99,WEEK_END_CLOSE,-2.67999999999995,-0.30501684421377906
PLD,2026-06-11 00:00:00,2026-06-12 00:00:00,0.0098039215686274,4.0,2026-06-12 11:18:00,149.39,55.0823883654326,52.12859121525012,6,896.3399999999999,146.4022,152.37779999999998,2026-06-12 15:59:00,148.72,WEEK_END_CLOSE,-4.019999999999925,-0.44849052814779355
CVS,2026-06-12 00:00:00,2026-06-15 00:00:00,0.1265587751401806,8.0,2026-06-15 09:45:00,100.255,45.84942248457615,44.33331172948654,9,902.295,98.2499,102.2601,2026-06-18 09:45:00,98.2499,STOP_LOSS,-18.04589999999999,-2.0000000000000018
MDLZ,2026-06-12 00:00:00,2026-06-15 00:00:00,0.1219367588932806,7.0,2026-06-15 09:45:00,62.56,50.25365773309097,44.582278722699144,15,938.4000000000001,61.3088,63.81120000000001,2026-06-16 09:49:00,61.3088,STOP_LOSS,-18.768000000000065,-2.0000000000000018
CSX,2026-06-12 00:00:00,2026-06-15 00:00:00,0.143605014575703,9.0,2026-06-15 09:47:00,47.32,44.27373502273887,41.15434176084042,21,993.72,46.373599999999996,48.266400000000004,2026-06-17 09:41:00,46.373599999999996,STOP_LOSS,-19.874400000000087,-2.000000000000013
PG,2026-06-12 00:00:00,2026-06-15 00:00:00,0.0643051450921472,3.0,2026-06-15 09:52:00,150.14,48.7318613223594,48.46434212714392,6,900.8399999999999,147.13719999999998,153.1428,2026-06-18 15:59:00,150.37,WEEK_END_CLOSE,1.3800000000001091,0.1531903556680536
RTX,2026-06-12 00:00:00,2026-06-15 00:00:00,0.1572472794817597,10.0,2026-06-15 09:54:00,183.74,49.234501229862644,44.166733806851724,5,918.7,180.0652,187.4148,2026-06-17 09:30:00,188.75,TAKE_PROFIT_GAP,25.049999999999955,2.7266790029389254
SNPS,2026-06-12 00:00:00,2026-06-15 00:00:00,0.0987411445588946,6.0,2026-06-15 09:54:00,459.01,54.173683058260124,52.18161670464361,2,918.02,449.8298,468.1902,2026-06-16 09:32:00,449.8298,STOP_LOSS,-18.360400000000027,-2.0000000000000018
CL,2026-06-12 00:00:00,2026-06-15 00:00:00,0.0983475479744136,5.0,2026-06-15 09:57:00,90.11,51.09576778976435,48.54625970982868,11,991.21,88.3078,91.9122,2026-06-17 09:30:00,91.94,TAKE_PROFIT_GAP,20.12999999999998,2.030851181888793
PCAR,2026-06-12 00:00:00,2026-06-15 00:00:00,0.0,1.0,2026-06-15 10:03:00,121.07,58.3304597716876,56.26062776796132,8,968.56,118.64859999999999,123.4914,2026-06-17 14:00:00,118.64859999999999,STOP_LOSS,-19.371200000000044,-2.0000000000000018
MCD,2026-06-12 00:00:00,2026-06-15 00:00:00,0.095305189969163,4.0,2026-06-15 10:18:00,286.55,53.296380471135734,50.98557884642918,3,859.6500000000001,280.819,292.281,2026-06-18 09:46:00,280.819,STOP_LOSS,-17.192999999999984,-2.0000000000000018
MCK,2026-06-12 00:00:00,2026-06-15 00:00:00,0.0450966356478167,2.0,2026-06-15 10:44:00,777.19,49.38134676633549,49.2561659194418,1,777.19,761.6462,792.7338000000001,2026-06-18 10:01:00,761.6462,STOP_LOSS,-15.543800000000033,-2.0000000000000018
WMB,2026-06-15 00:00:00,2026-06-16 00:00:00,0.0190735694822888,2.0,2026-06-16 09:46:00,71.18,42.327436055842554,41.71065725217232,14,996.5200000000001,69.7564,72.60360000000001,2026-06-18 11:46:00,72.60360000000001,TAKE_PROFIT,19.930400000000105,2.0000000000000018
BNY,2026-06-15 00:00:00,2026-06-16 00:00:00,0.0727969348659003,8.0,2026-06-16 09:47:00,143.19,42.98730817444249,40.988560656782816,6,859.14,140.3262,146.0538,2026-06-17 10:05:00,146.0538,TAKE_PROFIT,17.182799999999986,2.0000000000000018
ICE,2026-06-15 00:00:00,2026-06-16 00:00:00,0.086140254003313,9.0,2026-06-16 09:48:00,140.61,49.85030538756172,48.16555768622467,7,984.2700000000001,137.79780000000002,143.4222,2026-06-16 10:04:00,137.79,STOP_LOSS_GAP,-19.74000000000015,-2.0055472583742406
PH,2026-06-15 00:00:00,2026-06-16 00:00:00,0.0518731988472622,5.0,2026-06-16 09:59:00,936.64,55.09738200477103,51.973917768132644,1,936.64,917.9072,955.3728,2026-06-17 11:33:00,955.3728,TAKE_PROFIT,18.732799999999997,2.0000000000000018
UNP,2026-06-15 00:00:00,2026-06-16 00:00:00,0.0210282068015372,3.0,2026-06-16 09:59:00,268.13,49.13860821507038,48.99253698360125,3,804.39,262.7674,273.4926,2026-06-17 09:42:00,262.7674,STOP_LOSS,-16.08779999999996,-1.9999999999999907
MDLZ,2026-06-15 00:00:00,2026-06-16 00:00:00,0.0248469571480014,4.0,2026-06-16 10:00:00,61.38,49.63580681040505,47.174985584093285,16,982.08,60.1524,62.607600000000005,2026-06-17 15:22:00,60.1524,STOP_LOSS,-19.64160000000004,-2.0000000000000018
MS,2026-06-15 00:00:00,2026-06-16 00:00:00,0.0552835196052779,6.0,2026-06-16 10:04:00,219.12,44.749030309758126,44.73600210574292,4,876.48,214.73760000000001,223.5024,2026-06-17 09:42:00,223.5024,TAKE_PROFIT,17.52959999999996,2.0000000000000018
ICE,2026-06-15 00:00:00,2026-06-16 00:00:00,0.086140254003313,9.0,2026-06-16 10:23:00,138.27,46.17306966344533,43.457487059583435,7,967.8900000000001,135.5046,141.0354,2026-06-16 12:53:00,141.0354,TAKE_PROFIT,19.357799999999997,2.0000000000000018
JCI,2026-06-15 00:00:00,2026-06-16 00:00:00,0.1139240506329113,10.0,2026-06-16 10:50:00,147.04,47.51301424786045,47.45515671011494,6,882.24,144.0992,149.9808,2026-06-17 15:38:00,144.0992,STOP_LOSS,-17.644799999999975,-2.0000000000000018
ICE,2026-06-15 00:00:00,2026-06-16 00:00:00,0.086140254003313,9.0,2026-06-16 13:00:00,140.945,56.86618525327173,56.42546056300216,7,986.615,138.12609999999998,143.7639,2026-06-17 12:17:00,138.12609999999998,STOP_LOSS,-19.732300000000095,-2.000000000000013
AMT,2026-06-16 00:00:00,2026-06-17 00:00:00,0.0582255083179297,10.0,2026-06-17 09:49:00,183.49,55.801057028781464,47.18167588705057,5,917.45,179.8202,187.15980000000002,2026-06-18 10:05:00,179.8202,STOP_LOSS,-18.349000000000046,-2.0000000000000018
CSX,2026-06-16 00:00:00,2026-06-17 00:00:00,0.0142536458251573,5.0,2026-06-17 09:56:00,46.43,43.99233459277255,41.269054732242864,21,975.03,45.5014,47.3586,2026-06-17 15:29:00,45.5014,STOP_LOSS,-19.500600000000063,-2.0000000000000018
BNY,2026-06-16 00:00:00,2026-06-17 00:00:00,0.005050505050505,3.0,2026-06-17 10:14:00,145.66,55.683670379617325,55.60720146117973,6,873.96,142.7468,148.57319999999999,2026-06-18 15:48:00,142.7468,STOP_LOSS,-17.479199999999935,-1.9999999999999907
EMR,2026-06-16 00:00:00,2026-06-17 00:00:00,0.0483091787439613,9.0,2026-06-17 10:14:00,152.35,57.91689414442432,55.22911925652741,6,914.0999999999999,149.303,155.397,2026-06-17 15:32:00,149.303,STOP_LOSS,-18.281999999999982,-2.0000000000000018
MMM,2026-06-16 00:00:00,2026-06-17 00:00:00,0.0272863304286594,7.0,2026-06-17 10:16:00,162.36,52.5491090947795,49.10913369164848,6,974.1600000000001,159.11280000000002,165.6072,2026-06-17 15:52:00,159.11280000000002,STOP_LOSS,-19.483199999999954,-1.9999999999999907
TRV,2026-06-16 00:00:00,2026-06-17 00:00:00,0.0185567010309278,6.0,2026-06-17 10:16:00,308.54,51.8999938280886,51.682123568769796,3,925.6200000000001,302.36920000000003,314.7108,2026-06-18 12:58:00,302.36920000000003,STOP_LOSS,-18.512399999999957,-1.9999999999999907
AON,2026-06-16 00:00:00,2026-06-17 00:00:00,0.0,1.0,2026-06-17 10:31:00,331.41,57.48400633053444,51.11263123959791,3,994.23,324.78180000000003,338.0382,2026-06-18 09:32:00,324.78180000000003,STOP_LOSS,-19.884599999999978,-2.0000000000000018
MRSH,2026-06-16 00:00:00,2026-06-17 00:00:00,0.0303030303030303,8.0,2026-06-17 10:32:00,167.16,54.169529080347075,52.47147867711766,5,835.8,163.8168,170.5032,2026-06-17 15:31:00,163.8168,STOP_LOSS,-16.71599999999998,-2.0000000000000018
PCAR,2026-06-16 00:00:00,2026-06-17 00:00:00,0.0071428571428571,4.0,2026-06-17 14:14:00,117.85,39.37950177029732,37.07176295467652,8,942.8,115.493,120.207,2026-06-18 09:51:00,120.215,TAKE_PROFIT_GAP,18.920000000000073,2.006788290199424
HPE,2026-06-17 00:00:00,2026-06-18 00:00:00,0.0372736280648493,7.0,2026-06-18 09:45:00,47.9,44.43609407197927,40.86558426407583,20,958.0,46.942,48.858,2026-06-18 12:17:00,46.942,STOP_LOSS,-19.159999999999968,-2.0000000000000018
MCO,2026-06-17 00:00:00,2026-06-18 00:00:00,0.0093945720250521,1.0,2026-06-18 09:45:00,455.165,45.41544749726603,44.068569090108554,2,910.33,446.06170000000003,464.2683,2026-06-18 15:59:00,450.67,WEEK_END_CLOSE,-8.990000000000009,-0.9875539639471409
ELV,2026-06-17 00:00:00,2026-06-18 00:00:00,0.0523560209424083,10.0,2026-06-18 09:47:00,390.05,42.978174915790476,42.31429278758449,2,780.1,382.249,397.851,2026-06-18 15:59:00,388.52,WEEK_END_CLOSE,-3.060000000000059,-0.3922574028970671
ADP,2026-06-17 00:00:00,2026-06-18 00:00:00,0.0196656833824975,4.0,2026-06-18 10:00:00,216.73,50.78963946060036,42.3058514769268,4,866.92,212.3954,221.06459999999998,2026-06-18 15:59:00,217.83,WEEK_END_CLOSE,4.400000000000091,0.5075439486919242
TT,2026-06-17 00:00:00,2026-06-18 00:00:00,0.0476190476190476,9.0,2026-06-18 10:02:00,488.505,55.8432192830468,55.82689255053375,2,977.01,478.7349,498.2751,2026-06-18 15:59:00,483.14,WEEK_END_CLOSE,-10.730000000000018,-1.0982487384980755
ITW,2026-06-17 00:00:00,2026-06-18 00:00:00,0.0185567010309278,3.0,2026-06-18 10:16:00,268.115,57.62382864880296,56.29483284881259,3,804.345,262.7527,273.4773,2026-06-18 15:59:00,264.0,WEEK_END_CLOSE,-12.345000000000027,-1.5347891762862997
V,2026-06-17 00:00:00,2026-06-18 00:00:00,0.0398247710075667,8.0,2026-06-18 10:16:00,330.57,53.021213933768664,48.53709555932241,3,991.71,323.9586,337.1814,2026-06-18 15:59:00,327.21,WEEK_END_CLOSE,-10.080000000000041,-1.016426172973961
MDLZ,2026-06-17 00:00:00,2026-06-18 00:00:00,0.0202020202020202,5.0,2026-06-18 10:20:00,60.52,54.15206945734362,52.39653246802953,16,968.32,59.3096,61.7304,2026-06-18 15:59:00,60.09,WEEK_END_CLOSE,-6.8799999999999955,-0.7105089226701944
CSX,2026-06-17 00:00:00,2026-06-18 00:00:00,0.0151830902054182,2.0,2026-06-18 10:30:00,46.36,60.78090771336173,59.335253235388244,21,973.56,45.4328,47.2872,2026-06-18 15:14:00,45.4328,STOP_LOSS,-19.471199999999982,-2.0000000000000018
CRH,2026-06-17 00:00:00,2026-06-18 00:00:00,0.0334572490706319,6.0,2026-06-18 10:31:00,112.815,62.41297941295601,57.841653563245856,8,902.52,110.5587,115.0713,2026-06-18 15:59:00,111.26,WEEK_END_CLOSE,-12.43999999999994,-1.3783628063643971
HPE,2026-06-17 00:00:00,2026-06-18 00:00:00,0.0372736280648493,7.0,2026-06-18 12:18:00,47.105,42.24039195951361,38.25486636010047,21,989.2049999999999,46.16289999999999,48.0471,2026-06-18 15:59:00,47.41,WEEK_END_CLOSE,6.404999999999994,0.6474896507801642
CSX,2026-06-17 00:00:00,2026-06-18 00:00:00,0.0151830902054182,2.0,2026-06-18 15:19:00,45.5,45.73539033067688,41.111042093364894,21,955.5,44.589999999999996,46.410000000000004,2026-06-18 15:59:00,45.6,WEEK_END_CLOSE,2.10000000000003,0.219780219780219
EMR,2026-06-18 00:00:00,2026-06-22 00:00:00,0.0202020202020202,5.0,2026-06-22 09:45:00,151.15,48.38154525551085,47.95202130856129,6,906.9000000000001,148.127,154.173,2026-06-23 09:30:00,146.84,STOP_LOSS_GAP,-25.860000000000014,-2.8514720476348066
MDLZ,2026-06-18 00:00:00,2026-06-22 00:00:00,0.0108736407949006,2.0,2026-06-22 09:45:00,60.16,48.754799332690375,44.872158026309755,16,962.56,58.956799999999994,61.3632,2026-06-24 09:30:00,61.53,TAKE_PROFIT_GAP,21.920000000000073,2.2772606382978733
CL,2026-06-18 00:00:00,2026-06-22 00:00:00,0.021043000914913,6.0,2026-06-22 09:48:00,90.0519,54.25167949929085,47.28061066059443,11,990.5709,88.250862,91.85293800000001,2026-06-24 09:30:00,92.62,TAKE_PROFIT_GAP,28.249100000000013,2.8517999064983757
MCO,2026-06-18 00:00:00,2026-06-22 00:00:00,0.0276923076923076,8.0,2026-06-22 09:57:00,451.955,52.002790947078836,51.72857511878528,2,903.91,442.91589999999997,460.9941,2026-06-23 12:48:00,442.91589999999997,STOP_LOSS,-18.078200000000038,-2.0000000000000018
CB,2026-06-18 00:00:00,2026-06-22 00:00:00,0.0218514104092173,7.0,2026-06-22 10:00:00,327.645,62.186673505356076,57.298237748011815,3,982.935,321.09209999999996,334.1979,2026-06-24 11:17:00,334.2,TAKE_PROFIT_GAP,19.66500000000002,2.000640937600151
CRH,2026-06-18 00:00:00,2026-06-22 00:00:00,0.0117647058823529,3.0,2026-06-22 10:07:00,110.08,51.50891890099721,43.76569701522127,9,990.72,107.8784,112.2816,2026-06-22 11:20:00,112.2816,TAKE_PROFIT,19.814399999999992,2.0000000000000018
BNY,2026-06-18 00:00:00,2026-06-22 00:00:00,0.0297029702970297,9.0,2026-06-22 10:08:00,145.51,55.10779738501674,53.303490688151264,6,873.06,142.5998,148.4202,2026-06-23 10:41:00,148.4202,TAKE_PROFIT,17.46120000000002,2.0000000000000018
PH,2026-06-18 00:00:00,2026-06-22 00:00:00,0.0053908355795148,1.0,2026-06-22 10:08:00,955.045,55.51695130009022,53.19679037144066,1,955.045,935.9440999999999,974.1459,2026-06-23 09:32:00,935.9440999999999,STOP_LOSS,-19.100900000000024,-2.0000000000000018
APO,2026-06-18 00:00:00,2026-06-22 00:00:00,0.0338664158043273,10.0,2026-06-22 10:34:00,135.9,45.54580682522425,43.011895640569406,7,951.3000000000001,133.18200000000002,138.618,2026-06-23 09:30:00,132.0,STOP_LOSS_GAP,-27.30000000000004,-2.8697571743929395
ITW,2026-06-18 00:00:00,2026-06-22 00:00:00,0.0174050632911392,4.0,2026-06-22 10:35:00,264.635,53.03897784405725,51.11838959237742,3,793.905,259.34229999999997,269.9277,2026-06-25 09:48:00,269.9277,TAKE_PROFIT,15.878100000000074,2.0000000000000018
CRH,2026-06-18 00:00:00,2026-06-22 00:00:00,0.0117647058823529,3.0,2026-06-22 12:08:00,111.75,57.71803967805022,54.963682732531424,8,894.0,109.515,113.985,2026-06-23 09:30:00,109.515,STOP_LOSS,-17.879999999999995,-2.0000000000000018
CVS,2026-06-22 00:00:00,2026-06-23 00:00:00,0.0276303300875312,1.0,2026-06-23 09:45:00,101.14,45.59571588267981,39.68656287355212,9,910.26,99.1172,103.1628,2026-06-25 09:30:00,103.1628,TAKE_PROFIT,18.205200000000033,2.0000000000000018
ISRG,2026-06-22 00:00:00,2026-06-23 00:00:00,0.1419902912621359,9.0,2026-06-23 09:48:00,404.63,52.746972437994394,52.49571810588179,2,809.26,396.5374,412.7226,2026-06-26 15:59:00,404.24,WEEK_END_CLOSE,-0.7799999999999727,-0.09638435113560329
IBM,2026-06-22 00:00:00,2026-06-23 00:00:00,0.0800993821595831,4.0,2026-06-23 09:50:00,262.92,67.06551277934335,65.78069291277369,3,788.76,257.6616,268.1784,2026-06-24 09:31:00,257.6616,STOP_LOSS,-15.775199999999984,-2.0000000000000018
FTNT,2026-06-22 00:00:00,2026-06-23 00:00:00,0.1487327701200533,10.0,2026-06-23 09:56:00,146.12,60.22637531028656,58.32574218679262,6,876.72,143.1976,149.04240000000001,2026-06-25 09:35:00,149.04240000000001,TAKE_PROFIT,17.534400000000062,2.0000000000000018
JNJ,2026-06-22 00:00:00,2026-06-23 00:00:00,0.0822258238789843,5.0,2026-06-23 09:56:00,236.52,62.45764744358847,60.05026338978848,4,946.08,231.7896,241.2504,2026-06-24 09:39:00,241.2504,TAKE_PROFIT,18.921600000000012,2.0000000000000018
PSX,2026-06-22 00:00:00,2026-06-23 00:00:00,0.1,7.0,2026-06-23 09:57:00,168.9,53.30133798794194,50.54313972511974,5,844.5,165.522,172.27800000000002,2026-06-24 09:32:00,165.522,STOP_LOSS,-16.89000000000007,-2.000000000000013
SO,2026-06-22 00:00:00,2026-06-23 00:00:00,0.0444444444444444,2.0,2026-06-23 10:06:00,94.52,55.53562280275286,49.19939050387146,10,945.1999999999999,92.6296,96.4104,2026-06-25 09:40:00,96.4104,TAKE_PROFIT,18.903999999999996,2.0000000000000018
V,2026-06-22 00:00:00,2026-06-23 00:00:00,0.09689880304679,6.0,2026-06-23 10:17:00,329.4399,56.26150307407034,53.74110715708312,3,988.3197,322.851102,336.028698,2026-06-25 10:02:00,336.028698,TAKE_PROFIT,19.76639399999999,2.0000000000000018
SPGI,2026-06-22 00:00:00,2026-06-23 00:00:00,0.1037735849056603,8.0,2026-06-23 10:32:00,405.425,50.85271155142509,47.116598676020764,2,810.85,397.3165,413.5335,2026-06-24 09:34:00,397.3165,STOP_LOSS,-16.216999999999985,-2.0000000000000018
SPGI,2026-06-23 00:00:00,2026-06-24 00:00:00,0.0635838150289017,2.0,2026-06-24 09:50:00,398.645,48.90254656341843,47.31789766045958,2,797.29,390.6721,406.61789999999996,2026-06-25 09:43:00,406.61789999999996,TAKE_PROFIT,15.945799999999963,2.0000000000000018
IBM,2026-06-23 00:00:00,2026-06-24 00:00:00,0.0954905286966355,5.0,2026-06-24 09:52:00,260.46,50.60386673562629,50.10708058244893,3,781.3799999999999,255.25079999999997,265.6692,2026-06-25 09:30:00,267.67,TAKE_PROFIT_GAP,21.63000000000011,2.768179374952018
REGN,2026-06-23 00:00:00,2026-06-24 00:00:00,0.2160804020100502,10.0,2026-06-24 09:55:00,626.825,55.54736400389846,54.15554518386702,1,626.825,614.2885,639.3615000000001,2026-06-26 15:59:00,633.29,WEEK_END_CLOSE,6.464999999999918,1.0313883460295825
DIS,2026-06-23 00:00:00,2026-06-24 00:00:00,0.1798612772064099,9.0,2026-06-24 10:05:00,103.67,51.86792849929954,51.422485668551225,9,933.03,101.5966,105.74340000000001,2026-06-24 15:36:00,101.5966,STOP_LOSS,-18.66060000000006,-2.0000000000000018
EMR,2026-06-23 00:00:00,2026-06-24 00:00:00,0.0853658536585365,4.0,2026-06-24 10:07:00,143.9326,51.94377062959961,47.871170528048275,6,863.5956000000001,141.053948,146.81125200000002,2026-06-24 13:32:00,141.053948,STOP_LOSS,-17.2719120000001,-2.000000000000013
ABBV,2026-06-23 00:00:00,2026-06-24 00:00:00,0.0823207776427703,3.0,2026-06-24 10:27:00,234.7066,52.22619201649688,51.41495691658818,4,938.8264,230.012468,239.400732,2026-06-25 09:42:00,239.400732,TAKE_PROFIT,18.776527999999985,2.0000000000000018
EMR,2026-06-23 00:00:00,2026-06-24 00:00:00,0.0853658536585365,4.0,2026-06-24 13:39:00,141.35,44.85409250385485,41.84654060358729,7,989.4499999999999,138.523,144.177,2026-06-25 09:35:00,144.177,TAKE_PROFIT,19.788999999999987,2.0000000000000018
BA,2026-06-24 00:00:00,2026-06-25 00:00:00,0.1736908555281669,10.0,2026-06-25 09:48:00,219.67,44.756665063516834,42.82099222861328,4,878.68,215.27659999999997,224.0634,2026-06-25 10:37:00,224.0634,TAKE_PROFIT,17.573600000000056,2.0000000000000018
DIS,2026-06-24 00:00:00,2026-06-25 00:00:00,0.090988882387361,2.0,2026-06-25 09:48:00,100.21,36.530309350373194,35.935564154470455,9,901.89,98.2058,102.21419999999999,2026-06-25 14:17:00,98.2058,STOP_LOSS,-18.037799999999976,-2.0000000000000018
FTNT,2026-06-24 00:00:00,2026-06-25 00:00:00,0.1129310344827586,4.0,2026-06-25 09:49:00,148.215,58.29673368348245,57.02542046706115,6,889.29,145.2507,151.1793,2026-06-25 10:19:00,151.1793,TAKE_PROFIT,17.78580000000005,2.0000000000000018
IBM,2026-06-24 00:00:00,2026-06-25 00:00:00,0.1467228217952092,8.0,2026-06-25 09:49:00,261.96,47.79160810370273,47.34088170286059,3,785.8799999999999,256.7208,267.19919999999996,2026-06-25 13:44:00,256.7208,STOP_LOSS,-15.717599999999948,-1.9999999999999907
NEM,2026-06-24 00:00:00,2026-06-25 00:00:00,0.1395864106351551,6.0,2026-06-25 09:49:00,94.695,56.892479572354894,55.819619966963536,10,946.9499999999999,92.80109999999999,96.5889,2026-06-26 09:42:00,96.5889,TAKE_PROFIT,18.93900000000002,2.0000000000000018
MSFT,2026-06-24 00:00:00,2026-06-25 00:00:00,0.131705141130494,5.0,2026-06-25 09:53:00,357.835,35.84845440134703,35.2148527089734,2,715.67,350.6783,364.9917,2026-06-25 13:39:00,350.6783,STOP_LOSS,-14.313400000000001,-2.0000000000000018
SNPS,2026-06-24 00:00:00,2026-06-25 00:00:00,0.0945890128046261,3.0,2026-06-25 09:57:00,453.78,43.645559764111994,40.53755296657523,2,907.56,444.70439999999996,462.8556,2026-06-25 10:48:00,462.8556,TAKE_PROFIT,18.151200000000017,2.0000000000000018
NOW,2026-06-24 00:00:00,2026-06-25 00:00:00,0.1434640845766228,7.0,2026-06-25 09:58:00,90.43,45.74523920715394,43.76483920638428,11,994.73,88.62140000000001,92.2386,2026-06-26 09:31:00,92.2386,TAKE_PROFIT,19.894599999999983,2.0000000000000018
FTNT,2026-06-24 00:00:00,2026-06-25 00:00:00,0.1129310344827586,4.0,2026-06-25 10:28:00,151.33,63.00297590771835,62.84240604039333,6,907.98,148.3034,154.35660000000001,2026-06-26 09:33:00,148.3034,STOP_LOSS,-18.15960000000001,-2.0000000000000018
PEP,2026-06-24 00:00:00,2026-06-25 00:00:00,0.0679872419002853,1.0,2026-06-25 10:56:00,141.0,44.738930696601706,43.06168599202132,7,987.0,138.18,143.82,2026-06-26 15:59:00,141.18,WEEK_END_CLOSE,1.2600000000000477,0.1276595744680975
SNPS,2026-06-24 00:00:00,2026-06-25 00:00:00,0.0945890128046261,3.0,2026-06-25 10:58:00,463.5,56.57943317139127,54.821754901631024,2,927.0,454.23,472.77,2026-06-25 14:59:00,454.23,STOP_LOSS,-18.539999999999964,-1.9999999999999907
SPGI,2026-06-24 00:00:00,2026-06-25 00:00:00,0.1726618705035971,9.0,2026-06-25 11:22:00,404.46,44.31508821569032,43.023830027187806,2,808.92,396.3708,412.5492,2026-06-25 15:51:00,396.3708,STOP_LOSS,-16.17840000000001,-2.0000000000000018
BA,2026-06-24 00:00:00,2026-06-25 00:00:00,0.1736908555281669,10.0,2026-06-25 11:31:00,221.49,50.60443455868056,48.346644428179374,4,885.96,217.0602,225.9198,2026-06-26 09:33:00,217.0602,STOP_LOSS,-17.7192,-2.0000000000000018
MSFT,2026-06-24 00:00:00,2026-06-25 00:00:00,0.131705141130494,5.0,2026-06-25 13:52:00,350.175,44.449615984182415,41.19108093048003,2,700.35,343.1715,357.17850000000004,2026-06-25 14:29:00,357.17850000000004,TAKE_PROFIT,14.007000000000062,2.0000000000000018
IBM,2026-06-24 00:00:00,2026-06-25 00:00:00,0.1467228217952092,8.0,2026-06-25 13:53:00,256.9869,42.11047427128747,37.0537767222739,3,770.9607,251.847162,262.126638,2026-06-26 09:33:00,262.126638,TAKE_PROFIT,15.419214000000068,2.0000000000000018
DIS,2026-06-24 00:00:00,2026-06-25 00:00:00,0.090988882387361,2.0,2026-06-25 14:18:00,98.41,38.54993467825112,37.50380262091863,10,984.0999999999999,96.4418,100.37819999999999,2026-06-26 15:59:00,98.73,WEEK_END_CLOSE,3.200000000000074,0.3251702062798678
MSFT,2026-06-24 00:00:00,2026-06-25 00:00:00,0.131705141130494,5.0,2026-06-25 14:42:00,356.4499,58.74903598903135,57.24070012501722,2,712.8998,349.320902,363.57889800000004,2026-06-26 09:48:00,363.57889800000004,TAKE_PROFIT,14.257996000000048,2.0000000000000018
SNPS,2026-06-24 00:00:00,2026-06-25 00:00:00,0.0945890128046261,3.0,2026-06-25 15:21:00,453.23,44.62195241573025,43.926844641297315,2,906.46,444.16540000000003,462.2946,2026-06-26 10:03:00,444.16540000000003,STOP_LOSS,-18.12919999999997,-2.0000000000000018
CL,2026-06-25 00:00:00,2026-06-26 00:00:00,0.0841121495327102,7.0,2026-06-26 09:47:00,91.93,57.17668683653439,56.25988456561538,10,919.3000000000001,90.09140000000001,93.7686,2026-06-26 15:59:00,92.06,WEEK_END_CLOSE,1.2999999999999545,0.14141194387033984
ABBV,2026-06-25 00:00:00,2026-06-26 00:00:00,0.0562420110779718,5.0,2026-06-26 09:49:00,247.4,60.41922364330372,56.08961724989101,4,989.6,242.452,252.348,2026-06-26 15:59:00,251.64,WEEK_END_CLOSE,16.959999999999923,1.7138237671786571
AXP,2026-06-25 00:00:00,2026-06-26 00:00:00,0.0722788556395922,6.0,2026-06-26 09:50:00,340.673,53.17136514645674,50.50945987875033,2,681.346,333.85954,347.48646,2026-06-26 15:59:00,340.2,WEEK_END_CLOSE,-0.9460000000000264,-0.13884281994758219
DASH,2026-06-25 00:00:00,2026-06-26 00:00:00,0.0892923304927751,8.0,2026-06-26 09:54:00,178.615,60.22046549627452,58.649302740159655,5,893.075,175.0427,182.18730000000002,2026-06-26 11:17:00,182.18730000000002,TAKE_PROFIT,17.861500000000063,2.0000000000000018
EMR,2026-06-25 00:00:00,2026-06-26 00:00:00,0.0232558139534883,2.0,2026-06-26 10:01:00,144.21,58.21858484322522,57.80539388510345,6,865.26,141.32580000000002,147.0942,2026-06-26 15:59:00,143.45,WEEK_END_CLOSE,-4.560000000000116,-0.527009222661412
AFL,2026-06-25 00:00:00,2026-06-26 00:00:00,0.02,1.0,2026-06-26 10:02:00,119.33,57.96184108677316,48.91446592469704,8,954.64,116.9434,121.7166,2026-06-26 15:59:00,120.12,WEEK_END_CLOSE,6.32000000000005,0.6620296656331126
SO,2026-06-25 00:00:00,2026-06-26 00:00:00,0.0464285714285714,3.0,2026-06-26 10:10:00,96.5244,56.449043849630314,55.09859847545119,10,965.244,94.593912,98.454888,2026-06-26 15:59:00,97.02,WEEK_END_CLOSE,4.95599999999996,0.5134453050213095
TMUS,2026-06-25 00:00:00,2026-06-26 00:00:00,0.0523930897762673,4.0,2026-06-26 10:11:00,181.32,49.50913980387288,43.397326627738224,5,906.5999999999999,177.6936,184.94639999999998,2026-06-26 15:59:00,182.545,WEEK_END_CLOSE,6.124999999999972,0.6756011471431789
SPGI,2026-06-25 00:00:00,2026-06-26 00:00:00,0.1025641025641025,9.0,2026-06-26 10:42:00,401.34,61.52403320747342,55.47511300951736,2,802.68,393.3132,409.36679999999996,2026-06-26 11:16:00,409.36679999999996,TAKE_PROFIT,16.05359999999996,2.0000000000000018
KMI,2026-06-25 00:00:00,2026-06-26 00:00:00,0.1218961625282167,10.0,2026-06-26 11:00:00,33.235,57.242692673247454,53.02780474932695,30,997.05,32.570299999999996,33.8997,2026-06-26 15:59:00,33.18,WEEK_END_CLOSE,-1.6499999999999915,-0.16548819016097838
SPGI,2026-06-25 00:00:00,2026-06-26 00:00:00,0.1025641025641025,9.0,2026-06-26 11:32:00,410.18,68.73422299871125,65.21613522971292,2,820.36,401.9764,418.3836,2026-06-26 15:59:00,408.3,WEEK_END_CLOSE,-3.759999999999991,-0.4583353649617261
DASH,2026-06-25 00:00:00,2026-06-26 00:00:00,0.0892923304927751,8.0,2026-06-26 11:37:00,183.16,65.81260250809744,63.213865243698024,5,915.8,179.4968,186.82319999999999,2026-06-26 12:39:00,186.82319999999999,TAKE_PROFIT,18.315999999999946,2.0000000000000018
DASH,2026-06-25 00:00:00,2026-06-26 00:00:00,0.0892923304927751,8.0,2026-06-26 14:00:00,183.76,44.31591944554875,40.62522106151868,5,918.8,180.0848,187.43519999999998,2026-06-26 15:59:00,182.75,WEEK_END_CLOSE,-5.0499999999999545,-0.5496299521114412
COF,2026-06-26 00:00:00,2026-06-29 00:00:00,0.0401776700989299,2.0,2026-06-29 09:49:00,203.75,50.592796437022535,47.85729957535828,4,815.0,199.67499999999998,207.82500000000002,2026-07-02 09:30:00,207.82500000000002,TAKE_PROFIT,16.300000000000068,2.0000000000000018
ICE,2026-06-26 00:00:00,2026-06-29 00:00:00,0.0997624703087886,10.0,2026-06-29 09:50:00,124.05,43.796272064441524,41.87661078514753,8,992.4,121.56899999999999,126.531,2026-07-01 11:05:00,126.531,TAKE_PROFIT,19.84800000000007,2.0000000000000018
CVS,2026-06-26 00:00:00,2026-06-29 00:00:00,0.0684697021567956,7.0,2026-06-29 09:54:00,103.6,48.320274840893006,45.90139869960751,9,932.4,101.52799999999999,105.672,2026-07-02 15:59:00,104.72,WEEK_END_CLOSE,10.080000000000041,1.0810810810810922
ADP,2026-06-26 00:00:00,2026-06-29 00:00:00,0.0902255639097744,9.0,2026-06-29 09:57:00,226.28,60.010112305645585,57.73118168718941,4,905.12,221.7544,230.8056,2026-07-01 09:33:00,230.8056,TAKE_PROFIT,18.10239999999999,2.0000000000000018
EMR,2026-06-26 00:00:00,2026-06-29 00:00:00,0.0454545454545454,5.0,2026-06-29 09:58:00,142.76,48.18533734411677,46.80452407646165,7,999.3199999999999,139.9048,145.6152,2026-07-01 09:38:00,139.9048,STOP_LOSS,-19.986399999999975,-2.0000000000000018
BSX,2026-06-26 00:00:00,2026-06-29 00:00:00,0.0438144329896907,4.0,2026-06-29 10:01:00,44.24,48.33588793545836,48.25200192660812,22,973.2800000000001,43.3552,45.1248,2026-06-30 09:30:00,43.31,STOP_LOSS_GAP,-20.459999999999994,-2.1021699819168127
CSX,2026-06-26 00:00:00,2026-06-29 00:00:00,0.0093283582089552,1.0,2026-06-29 10:05:00,48.315,60.49071771882635,57.425921446521244,20,966.3,47.348699999999994,49.2813,2026-06-30 09:57:00,47.348699999999994,STOP_LOSS,-19.32600000000008,-2.000000000000013
AMGN,2026-06-26 00:00:00,2026-06-29 00:00:00,0.0759668508287292,8.0,2026-06-29 10:16:00,362.19,62.101399356344196,61.48035914396132,2,724.38,354.9462,369.4338,2026-07-02 10:08:00,369.4338,TAKE_PROFIT,14.487600000000043,2.0000000000000018
WMB,2026-06-26 00:00:00,2026-06-29 00:00:00,0.0542521994134897,6.0,2026-06-29 10:17:00,74.245,35.75629428951861,34.943367250085686,13,965.1850000000001,72.76010000000001,75.7299,2026-06-29 12:33:00,75.7299,TAKE_PROFIT,19.30369999999995,2.0000000000000018
MRK,2026-06-26 00:00:00,2026-06-29 00:00:00,0.042362487027078,3.0,2026-06-29 10:22:00,128.02,59.137381012007225,54.99614467852958,7,896.1400000000001,125.45960000000001,130.58040000000003,2026-07-01 10:02:00,125.45960000000001,STOP_LOSS,-17.92280000000001,-2.0000000000000018
WMB,2026-06-26 00:00:00,2026-06-29 00:00:00,0.0542521994134897,6.0,2026-06-29 12:44:00,75.695,59.20507375053841,58.419444298980466,13,984.0349999999999,74.18109999999999,77.2089,2026-07-01 09:30:00,74.16,STOP_LOSS_GAP,-19.954999999999956,-2.0278750247704536
COP,2026-06-29 00:00:00,2026-06-30 00:00:00,0.1550802139037433,9.0,2026-06-30 09:50:00,104.1267,41.15490715759847,39.5095078569636,9,937.1403,102.044166,106.209234,2026-07-02 15:59:00,104.72,WEEK_END_CLOSE,5.3396999999999935,0.569786615728729
FTNT,2026-06-29 00:00:00,2026-06-30 00:00:00,0.1278180354267311,7.0,2026-06-30 09:51:00,153.52,45.0011431168424,37.308341265328146,6,921.1200000000001,150.4496,156.59040000000002,2026-07-01 09:58:00,156.59040000000002,TAKE_PROFIT,18.42240000000004,2.0000000000000018
HPE,2026-06-29 00:00:00,2026-06-30 00:00:00,0.1273423608261523,6.0,2026-06-30 09:52:00,43.815,46.29749816277465,44.665361842094896,22,963.93,42.9387,44.6913,2026-06-30 10:35:00,44.6913,TAKE_PROFIT,19.27860000000001,2.0000000000000018
SPGI,2026-06-29 00:00:00,2026-06-30 00:00:00,0.0393541876892028,3.0,2026-06-30 09:52:00,406.877,56.96089080701554,54.978692850986064,2,813.754,398.73946,415.01454,2026-07-01 09:30:00,398.73946,STOP_LOSS,-16.275080000000003,-2.0000000000000018
ABNB,2026-06-29 00:00:00,2026-06-30 00:00:00,0.0713219934347955,5.0,2026-06-30 10:18:00,147.04,51.225425496435015,46.55381588708236,6,882.24,144.0992,149.9808,2026-06-30 14:05:00,144.0992,STOP_LOSS,-17.644799999999975,-2.0000000000000018
DHR,2026-06-29 00:00:00,2026-06-30 00:00:00,0.0075617853190704,1.0,2026-06-30 10:20:00,190.15,43.838574178681206,43.16654147442446,5,950.75,186.347,193.953,2026-07-01 10:31:00,193.96,TAKE_PROFIT_GAP,19.05000000000001,2.0036813042334956
BMY,2026-06-29 00:00:00,2026-06-30 00:00:00,0.0390385631273111,2.0,2026-06-30 10:40:00,57.415,39.89577920265421,37.53227121097804,17,976.055,56.2667,58.5633,2026-07-02 15:59:00,58.11,WEEK_END_CLOSE,11.815000000000005,1.2104850648785082
HPE,2026-06-29 00:00:00,2026-06-30 00:00:00,0.1273423608261523,6.0,2026-06-30 11:36:00,43.89,50.47424626178531,44.567540657993284,22,965.58,43.0122,44.7678,2026-06-30 14:22:00,44.7678,TAKE_PROFIT,19.311600000000013,2.0000000000000018
HPE,2026-06-29 00:00:00,2026-06-30 00:00:00,0.1273423608261523,6.0,2026-06-30 14:31:00,44.765,64.94992769367815,64.77134530118495,22,984.83,43.8697,45.6603,2026-07-01 09:30:00,43.8697,STOP_LOSS,-19.696599999999975,-2.0000000000000018
ABNB,2026-06-29 00:00:00,2026-06-30 00:00:00,0.0713219934347955,5.0,2026-06-30 14:32:00,143.59,36.06379632708835,33.50396934550425,6,861.54,140.7182,146.4618,2026-07-01 09:32:00,146.4618,TAKE_PROFIT,17.230800000000045,2.0000000000000018
PM,2026-06-30 00:00:00,2026-07-01 00:00:00,0.0898809523809523,6.0,2026-07-01 09:45:00,179.265,48.607994118497395,40.359327002771956,5,896.3249999999999,175.6797,182.85029999999998,2026-07-02 15:25:00,182.85029999999998,TAKE_PROFIT,17.926499999999947,2.0000000000000018
SPGI,2026-06-30 00:00:00,2026-07-01 00:00:00,0.0117813383600377,1.0,2026-07-01 09:45:00,407.33,55.93791329489649,52.99974049129248,2,814.66,399.18339999999995,415.4766,2026-07-01 11:34:00,415.4766,TAKE_PROFIT,16.29320000000007,2.0000000000000018
INTU,2026-06-30 00:00:00,2026-07-01 00:00:00,0.1189303307529908,9.0,2026-07-01 09:46:00,271.24,57.91162411853373,57.297234645547,3,813.72,265.8152,276.6648,2026-07-02 13:29:00,276.6648,TAKE_PROFIT,16.274400000000014,2.0000000000000018
CTAS,2026-06-30 00:00:00,2026-07-01 00:00:00,0.04,3.0,2026-07-01 09:49:00,172.12,57.162399415258264,54.532223619876106,5,860.6,168.6776,175.5624,2026-07-01 10:36:00,175.5624,TAKE_PROFIT,17.21199999999996,2.0000000000000018
RTX,2026-06-30 00:00:00,2026-07-01 00:00:00,0.02686005909213,2.0,2026-07-01 09:50:00,189.88,53.8753802043741,50.32386416289921,5,949.4,186.08239999999998,193.6776,2026-07-02 09:30:00,194.77,TAKE_PROFIT_GAP,24.450000000000074,2.57531072256163
ACN,2026-06-30 00:00:00,2026-07-01 00:00:00,0.1200970481196926,10.0,2026-07-01 09:53:00,127.09,54.79307240113961,54.74203711034404,7,889.63,124.5482,129.6318,2026-07-01 10:49:00,129.6318,TAKE_PROFIT,17.792599999999965,2.0000000000000018
WMB,2026-06-30 00:00:00,2026-07-01 00:00:00,0.1058394160583941,7.0,2026-07-01 09:58:00,73.98,44.666437959711175,41.84272038130482,13,961.74,72.5004,75.45960000000001,2026-07-01 10:30:00,72.5004,STOP_LOSS,-19.234800000000064,-2.0000000000000018
CVX,2026-06-30 00:00:00,2026-07-01 00:00:00,0.0764112232449817,5.0,2026-07-01 10:04:00,166.305,44.7387296233963,44.12246913883145,6,997.83,162.9789,169.6311,2026-07-02 15:59:00,169.2,WEEK_END_CLOSE,17.36999999999989,1.7407774871470938
NOW,2026-06-30 00:00:00,2026-07-01 00:00:00,0.1137607505863956,8.0,2026-07-01 10:06:00,103.9599,66.35916792000174,65.53337126015192,9,935.6391000000001,101.880702,106.03909800000001,2026-07-01 11:16:00,106.03909800000001,TAKE_PROFIT,18.712782000000047,2.0000000000000018
CTAS,2026-06-30 00:00:00,2026-07-01 00:00:00,0.04,3.0,2026-07-01 10:38:00,175.6,70.10898828268876,69.34695877806229,5,878.0,172.088,179.112,2026-07-02 10:53:00,179.112,TAKE_PROFIT,17.560000000000002,2.0000000000000018
WMB,2026-06-30 00:00:00,2026-07-01 00:00:00,0.1058394160583941,7.0,2026-07-01 10:40:00,72.57,39.138214831567396,36.709869756893305,13,943.4099999999999,71.11859999999999,74.0214,2026-07-02 15:59:00,73.14,WEEK_END_CLOSE,7.410000000000096,0.7854485324514382
APO,2026-06-30 00:00:00,2026-07-01 00:00:00,0.062206572769953,4.0,2026-07-01 11:04:00,117.15,45.40814806575702,37.91560338456119,8,937.2,114.807,119.49300000000001,2026-07-01 12:24:00,119.49300000000001,TAKE_PROFIT,18.744000000000028,2.0000000000000018
ACN,2026-06-30 00:00:00,2026-07-01 00:00:00,0.1200970481196926,10.0,2026-07-01 11:05:00,130.07,63.83454287636438,62.237510812892054,7,910.49,127.4686,132.6714,2026-07-01 12:18:00,132.6714,TAKE_PROFIT,18.209800000000087,2.0000000000000018
NOW,2026-06-30 00:00:00,2026-07-01 00:00:00,0.1137607505863956,8.0,2026-07-01 11:28:00,106.13,64.25745338891379,62.55388877533331,9,955.17,104.00739999999999,108.2526,2026-07-02 11:07:00,104.00739999999999,STOP_LOSS,-19.10340000000005,-2.0000000000000018
SPGI,2026-06-30 00:00:00,2026-07-01 00:00:00,0.0117813383600377,1.0,2026-07-01 11:39:00,414.85,56.87004430588079,55.48217577685983,2,829.7,406.553,423.14700000000005,2026-07-02 09:30:00,423.26,TAKE_PROFIT_GAP,16.819999999999936,2.0272387609979514
APO,2026-06-30 00:00:00,2026-07-01 00:00:00,0.062206572769953,4.0,2026-07-01 12:30:00,119.28,61.53595236309559,59.19094842829996,8,954.24,116.8944,121.6656,2026-07-02 09:32:00,121.6656,TAKE_PROFIT,19.084799999999973,2.0000000000000018
ACN,2026-06-30 00:00:00,2026-07-01 00:00:00,0.1200970481196926,10.0,2026-07-01 12:31:00,133.19,68.53526257969422,67.00465324541672,7,932.3299999999999,130.5262,135.8538,2026-07-02 09:38:00,135.8538,TAKE_PROFIT,18.646600000000063,2.0000000000000018
IBM,2026-07-01 00:00:00,2026-07-02 00:00:00,0.1319492911603847,7.0,2026-07-02 09:46:00,288.46,53.51071499355273,49.75594873493164,3,865.3799999999999,282.69079999999997,294.2292,2026-07-02 15:59:00,289.12,WEEK_END_CLOSE,1.980000000000075,0.22880122027317817
ITW,2026-07-01 00:00:00,2026-07-02 00:00:00,0.0684931506849315,2.0,2026-07-02 09:55:00,271.74,55.14874469628951,53.37073857478744,3,815.22,266.3052,277.1748,2026-07-02 15:59:00,272.7,WEEK_END_CLOSE,2.8799999999999386,0.35327886950760057
UBER,2026-07-01 00:00:00,2026-07-02 00:00:00,0.1610700485492421,10.0,2026-07-02 09:56:00,73.23,46.468799866907965,46.230497359076566,13,951.99,71.7654,74.69460000000001,2026-07-02 15:59:00,74.425,WEEK_END_CLOSE,15.534999999999911,1.6318448723200873
PLD,2026-07-01 00:00:00,2026-07-02 00:00:00,0.0835694050991501,3.0,2026-07-02 09:57:00,137.56,44.32520965313767,39.84474936914176,7,962.9200000000001,134.8088,140.3112,2026-07-02 15:59:00,139.43,WEEK_END_CLOSE,13.090000000000032,1.3594068043035756
TT,2026-07-01 00:00:00,2026-07-02 00:00:00,0.1212121212121212,6.0,2026-07-02 10:02:00,481.46,39.50115144061779,39.44956181472719,2,962.92,471.83079999999995,491.0892,2026-07-02 12:29:00,471.83079999999995,STOP_LOSS,-19.25840000000005,-2.0000000000000018
HD,2026-07-01 00:00:00,2026-07-02 00:00:00,0.1547631892003496,9.0,2026-07-02 10:05:00,349.07,45.12317731123441,40.404860816059944,2,698.14,342.0886,356.0514,2026-07-02 11:57:00,356.0514,TAKE_PROFIT,13.962800000000016,2.0000000000000018
KO,2026-07-01 00:00:00,2026-07-02 00:00:00,0.0959687001413196,4.0,2026-07-02 10:06:00,81.775,58.81365582506095,57.72321648557566,12,981.3000000000001,80.1395,83.41050000000001,2026-07-02 11:08:00,83.41050000000001,TAKE_PROFIT,19.62600000000009,2.0000000000000018
ORLY,2026-07-01 00:00:00,2026-07-02 00:00:00,0.1337966985230234,8.0,2026-07-02 10:10:00,91.74,45.171542637722844,44.85484591685047,10,917.4,89.9052,93.5748,2026-07-02 15:13:00,89.9052,STOP_LOSS,-18.348000000000013,-2.0000000000000018
TFC,2026-07-01 00:00:00,2026-07-02 00:00:00,0.1078224101479915,5.0,2026-07-02 10:26:00,50.87,53.56733038857265,52.764200425626505,19,966.53,49.852599999999995,51.8874,2026-07-02 15:59:00,50.97,WEEK_END_CLOSE,1.900000000000027,0.19657951641438576
EQIX,2026-07-01 00:00:00,2026-07-02 00:00:00,0.0668103448275862,1.0,2026-07-02 12:05:00,996.385,40.326473707206716,39.30699173587368,1,996.385,976.4572999999999,1016.3127000000001,2026-07-02 15:59:00,1002.03,WEEK_END_CLOSE,5.644999999999982,0.5665480712776727
KO,2026-07-01 00:00:00,2026-07-02 00:00:00,0.0959687001413196,4.0,2026-07-02 12:07:00,83.2,57.718154356676095,57.167246455015366,12,998.4000000000001,81.536,84.864,2026-07-02 15:59:00,83.98,WEEK_END_CLOSE,9.360000000000014,0.9374999999999911
TT,2026-07-01 00:00:00,2026-07-02 00:00:00,0.1212121212121212,6.0,2026-07-02 12:35:00,473.13,47.61783141932899,43.67390535289555,2,946.26,463.6674,482.5926,2026-07-02 15:59:00,477.92,WEEK_END_CLOSE,9.580000000000041,1.0124067381058088
HD,2026-07-01 00:00:00,2026-07-02 00:00:00,0.1547631892003496,9.0,2026-07-02 12:54:00,355.0775,56.63792417034697,53.05966876930788,2,710.155,347.97594999999995,362.17905,2026-07-02 15:59:00,357.8,WEEK_END_CLOSE,5.44500000000005,0.7667340228541653
AON,2026-07-02 00:00:00,2026-07-06 00:00:00,0.0493827160493827,3.0,2026-07-06 09:45:00,354.46,52.016298462832026,50.31348084850779,2,708.92,347.3708,361.5492,2026-07-07 09:31:00,361.5492,TAKE_PROFIT,14.17840000000001,2.0000000000000018
TEL,2026-07-02 00:00:00,2026-07-06 00:00:00,0.0252365930599369,1.0,2026-07-06 09:46:00,200.41,62.95442755659898,62.19352646552088,4,801.64,196.40179999999998,204.4182,2026-07-07 10:14:00,196.35,STOP_LOSS_GAP,-16.24000000000001,-2.025847013622073
RTX,2026-07-02 00:00:00,2026-07-06 00:00:00,0.0768480071367493,10.0,2026-07-06 09:47:00,199.28,59.142339874384724,56.278987885357246,5,996.4,195.2944,203.2656,2026-07-07 09:30:00,203.54,TAKE_PROFIT_GAP,21.299999999999955,2.1376957045363243
ORLY,2026-07-02 00:00:00,2026-07-06 00:00:00,0.0619389587073608,6.0,2026-07-06 09:48:00,85.71,39.155165252167535,35.28941047297297,11,942.81,83.99579999999999,87.4242,2026-07-06 09:59:00,83.99579999999999,STOP_LOSS,-18.856200000000058,-2.0000000000000018
CTAS,2026-07-02 00:00:00,2026-07-06 00:00:00,0.0713285620714727,9.0,2026-07-06 09:50:00,179.94,50.808207416693335,50.31438944384025,5,899.7,176.3412,183.5388,2026-07-09 09:31:00,176.3412,STOP_LOSS,-17.994000000000057,-2.0000000000000018
TT,2026-07-02 00:00:00,2026-07-06 00:00:00,0.0692307692307692,8.0,2026-07-06 09:50:00,484.275,63.5888649419807,62.17738903593354,2,968.55,474.5895,493.96049999999997,2026-07-07 09:35:00,474.5895,STOP_LOSS,-19.37099999999998,-2.0000000000000018
PLD,2026-07-02 00:00:00,2026-07-06 00:00:00,0.0297619047619047,2.0,2026-07-06 09:52:00,139.01,53.43130800822725,52.39270042405809,7,973.0699999999999,136.22979999999998,141.7902,2026-07-07 09:37:00,141.89,TAKE_PROFIT_GAP,20.159999999999968,2.07179339615855
TFC,2026-07-02 00:00:00,2026-07-06 00:00:00,0.0678391959798995,7.0,2026-07-06 09:57:00,51.15,60.624521335072124,55.85434743351721,19,971.85,50.126999999999995,52.173,2026-07-08 09:42:00,50.126999999999995,STOP_LOSS,-19.43700000000006,-2.0000000000000018
ABBV,2026-07-02 00:00:00,2026-07-06 00:00:00,0.0595561259746544,5.0,2026-07-06 09:59:00,255.48,43.94100764201677,43.495893055760455,3,766.4399999999999,250.3704,260.5896,2026-07-09 11:49:00,250.3704,STOP_LOSS,-15.328800000000001,-2.0000000000000018
DHR,2026-07-02 00:00:00,2026-07-06 00:00:00,0.0526724102219047,4.0,2026-07-06 10:01:00,191.79,45.57675000640597,42.811661021885904,5,958.9499999999999,187.9542,195.6258,2026-07-07 09:30:00,197.42,TAKE_PROFIT_GAP,28.149999999999977,2.935502372386467
ORLY,2026-07-02 00:00:00,2026-07-06 00:00:00,0.0619389587073608,6.0,2026-07-06 10:04:00,84.4545,40.47156338932946,39.97187178642769,11,928.9994999999999,82.76540999999999,86.14359,2026-07-06 10:19:00,82.76540999999999,STOP_LOSS,-18.57999000000008,-2.000000000000013
ORLY,2026-07-02 00:00:00,2026-07-06 00:00:00,0.0619389587073608,6.0,2026-07-06 10:23:00,83.64,43.927234471682105,39.06929850215132,11,920.04,81.9672,85.3128,2026-07-06 13:53:00,85.3128,TAKE_PROFIT,18.400799999999947,2.0000000000000018
ORLY,2026-07-02 00:00:00,2026-07-06 00:00:00,0.0619389587073608,6.0,2026-07-06 14:07:00,85.21,62.90009950100312,62.03685088407789,11,937.31,83.5058,86.9142,2026-07-10 15:59:00,86.27,WEEK_END_CLOSE,11.660000000000025,1.2439854477173995
MPC,2026-07-06 00:00:00,2026-07-07 00:00:00,0.0832929782082324,4.0,2026-07-07 09:48:00,267.58,47.78970978595963,46.999231105170075,3,802.74,262.22839999999997,272.9316,2026-07-07 12:41:00,262.22839999999997,STOP_LOSS,-16.054800000000057,-2.0000000000000018
AON,2026-07-06 00:00:00,2026-07-07 00:00:00,0.0,1.0,2026-07-07 09:50:00,361.95,58.88619507648436,57.76188989493145,2,723.9,354.71099999999996,369.189,2026-07-09 09:30:00,354.71099999999996,STOP_LOSS,-14.478000000000065,-2.000000000000013
PH,2026-07-06 00:00:00,2026-07-07 00:00:00,0.1224489795918367,7.0,2026-07-07 09:56:00,952.63,42.606180902262594,38.51352785856818,1,952.63,933.5774,971.6826,2026-07-07 14:53:00,933.5774,STOP_LOSS,-19.052599999999984,-2.0000000000000018
APH,2026-07-06 00:00:00,2026-07-07 00:00:00,0.1463414634146341,8.0,2026-07-07 09:59:00,159.92,40.94361686033111,35.579382061842495,6,959.52,156.7216,163.11839999999998,2026-07-07 10:24:00,156.7216,STOP_LOSS,-19.190399999999954,-1.9999999999999907
AFL,2026-07-06 00:00:00,2026-07-07 00:00:00,0.0830493496914297,3.0,2026-07-07 10:04:00,122.1,63.83830541930858,61.32144041390072,8,976.8,119.65799999999999,124.542,2026-07-10 15:59:00,121.92,WEEK_END_CLOSE,-1.4399999999999409,-0.14742014742014087
PCAR,2026-07-06 00:00:00,2026-07-07 00:00:00,0.1617647058823529,10.0,2026-07-07 10:04:00,124.295,50.39693049548305,49.00843376023712,8,994.36,121.8091,126.7809,2026-07-08 11:15:00,121.8091,STOP_LOSS,-19.887200000000007,-2.0000000000000018
WELL,2026-07-06 00:00:00,2026-07-07 00:00:00,0.1126760563380281,6.0,2026-07-07 10:10:00,236.675,59.542939307542774,55.96050108672746,4,946.7,231.94150000000002,241.4085,2026-07-09 15:57:00,231.94150000000002,STOP_LOSS,-18.93399999999997,-2.0000000000000018
CRH,2026-07-06 00:00:00,2026-07-07 00:00:00,0.0971676749554201,5.0,2026-07-07 10:13:00,105.58,48.25735334555477,44.75216361452534,9,950.22,103.4684,107.6916,2026-07-08 09:30:00,102.9,STOP_LOSS_GAP,-24.119999999999933,-2.538359537791246
APH,2026-07-06 00:00:00,2026-07-07 00:00:00,0.1463414634146341,8.0,2026-07-07 10:27:00,157.08,34.01029687594469,29.639944339695056,6,942.48,153.9384,160.22160000000002,2026-07-08 11:22:00,153.9384,STOP_LOSS,-18.849600000000066,-2.0000000000000018
UBER,2026-07-06 00:00:00,2026-07-07 00:00:00,0.1515303639329359,9.0,2026-07-07 10:29:00,73.915,60.45368860816346,54.38930178646074,13,960.8950000000001,72.4367,75.39330000000001,2026-07-09 09:30:00,72.4367,STOP_LOSS,-19.217900000000057,-2.0000000000000018
MPC,2026-07-06 00:00:00,2026-07-07 00:00:00,0.0832929782082324,4.0,2026-07-07 12:44:00,262.33,38.62797039082292,37.52107088830878,3,786.99,257.0834,267.5766,2026-07-08 09:30:00,271.63,TAKE_PROFIT_GAP,27.900000000000034,3.5451530515000274
PH,2026-07-06 00:00:00,2026-07-07 00:00:00,0.1224489795918367,7.0,2026-07-07 15:03:00,952.315,50.797420522002234,50.557792832306745,1,952.315,933.2687000000001,971.3613,2026-07-08 14:17:00,933.2687000000001,STOP_LOSS,-19.046299999999974,-2.0000000000000018
AEP,2026-07-07 00:00:00,2026-07-08 00:00:00,0.0880733944954128,2.0,2026-07-08 09:47:00,137.265,51.201572747093174,40.952800429237215,7,960.8549999999999,134.51969999999997,140.0103,2026-07-09 13:03:00,134.51969999999997,STOP_LOSS,-19.2171000000001,-2.000000000000013
WMT,2026-07-07 00:00:00,2026-07-08 00:00:00,0.1419092835658625,8.0,2026-07-08 09:47:00,112.29,56.09929340536477,51.07854990066732,8,898.32,110.0442,114.53580000000001,2026-07-10 15:59:00,113.89,WEEK_END_CLOSE,12.799999999999955,1.4248820019592046
ADBE,2026-07-07 00:00:00,2026-07-08 00:00:00,0.1214755604542262,6.0,2026-07-08 09:48:00,218.33,33.6352625100438,32.771111179844944,4,873.32,213.9634,222.69660000000002,2026-07-09 09:31:00,213.9634,STOP_LOSS,-17.46640000000002,-2.0000000000000018
PG,2026-07-07 00:00:00,2026-07-08 00:00:00,0.1245814273575694,7.0,2026-07-08 09:53:00,150.18,51.54112247385049,50.91383981742359,6,901.08,147.1764,153.1836,2026-07-09 09:30:00,146.77,STOP_LOSS_GAP,-20.45999999999998,-2.270608603009716
WM,2026-07-07 00:00:00,2026-07-08 00:00:00,0.1149851632047477,4.0,2026-07-08 09:54:00,236.0,48.91681694270383,46.98178523455555,4,944.0,231.28,240.72,2026-07-09 09:30:00,231.26,STOP_LOSS_GAP,-18.960000000000036,-2.008474576271191
JCI,2026-07-07 00:00:00,2026-07-08 00:00:00,0.0187313750532141,1.0,2026-07-08 10:00:00,140.445,61.04045105993834,54.440273857768744,7,983.115,137.6361,143.2539,2026-07-10 11:16:00,143.2539,TAKE_PROFIT,19.66229999999996,2.0000000000000018
NSC,2026-07-07 00:00:00,2026-07-08 00:00:00,0.1147540983606557,3.0,2026-07-08 10:03:00,321.95,55.52431404532365,55.37903482220629,3,965.8499999999999,315.51099999999997,328.389,2026-07-10 15:42:00,328.389,TAKE_PROFIT,19.317000000000064,2.0000000000000018
MDLZ,2026-07-07 00:00:00,2026-07-08 00:00:00,0.1204272998646838,5.0,2026-07-08 10:06:00,59.54,52.34331774335069,43.569208143896624,16,952.64,58.349199999999996,60.7308,2026-07-09 09:37:00,58.349199999999996,STOP_LOSS,-19.052800000000047,-2.0000000000000018
PH,2026-07-07 00:00:00,2026-07-08 00:00:00,0.1686746987951807,10.0,2026-07-08 14:21:00,934.225,47.0240386033948,45.92551105510415,1,934.225,915.5405,952.9095000000001,2026-07-09 09:30:00,953.77,TAKE_PROFIT_GAP,19.54499999999996,2.0921084321228856
MDLZ,2026-07-08 00:00:00,2026-07-09 00:00:00,0.0688797246174295,6.0,2026-07-09 09:45:00,58.67,40.243849014464764,36.44636922845575,17,997.39,57.4966,59.8434,2026-07-10 15:59:00,58.825,WEEK_END_CLOSE,2.6350000000000193,0.26418953468552164
RSG,2026-07-08 00:00:00,2026-07-09 00:00:00,0.0625,5.0,2026-07-09 09:45:00,218.325,43.10747932813001,41.33074682588038,4,873.3,213.9585,222.6915,2026-07-10 15:59:00,219.13,WEEK_END_CLOSE,3.2200000000000273,0.3687163632199786
PG,2026-07-08 00:00:00,2026-07-09 00:00:00,0.1085858531107833,9.0,2026-07-09 09:48:00,146.6799,46.685367579539275,39.591424078281726,6,880.0794000000001,143.74630200000001,149.613498,2026-07-10 15:59:00,147.024,WEEK_END_CLOSE,2.0645999999999844,0.23459246972488135
SO,2026-07-08 00:00:00,2026-07-09 00:00:00,0.0735208977069442,7.0,2026-07-09 09:48:00,95.98,45.60618643935486,45.07354506445095,10,959.8000000000001,94.0604,97.8996,2026-07-10 15:59:00,95.61,WEEK_END_CLOSE,-3.7000000000000455,-0.3854969785372031
SHW,2026-07-08 00:00:00,2026-07-09 00:00:00,0.1117824773413897,10.0,2026-07-09 09:49:00,330.75,50.65480952280413,49.39885732007839,3,992.25,324.135,337.365,2026-07-10 15:59:00,334.0,WEEK_END_CLOSE,9.75,0.9826152683295453
CVS,2026-07-08 00:00:00,2026-07-09 00:00:00,0.0764439293736028,8.0,2026-07-09 09:58:00,104.54,53.10125962424081,48.661288530091454,9,940.86,102.4492,106.63080000000001,2026-07-09 13:19:00,102.4492,STOP_LOSS,-18.817200000000014,-2.0000000000000018
CSX,2026-07-08 00:00:00,2026-07-09 00:00:00,0.0042577932897279,2.0,2026-07-09 10:01:00,49.09,62.37857190799844,62.27719349236359,20,981.8000000000001,48.108200000000004,50.0718,2026-07-10 15:59:00,49.41,WEEK_END_CLOSE,6.399999999999864,0.6518639234059709
SYK,2026-07-08 00:00:00,2026-07-09 00:00:00,0.0352941176470588,4.0,2026-07-09 10:25:00,328.44,55.138424462669725,52.99156211381341,3,985.3199999999999,321.8712,335.0088,2026-07-10 15:59:00,329.76,WEEK_END_CLOSE,3.9599999999999795,0.4018998903909443
CVS,2026-07-08 00:00:00,2026-07-09 00:00:00,0.0764439293736028,8.0,2026-07-09 13:29:00,102.485,41.505306731364534,37.86979480202241,9,922.365,100.4353,104.5347,2026-07-10 11:06:00,104.5347,TAKE_PROFIT,18.447300000000013,2.0000000000000018
SPG,2026-07-09 00:00:00,2026-07-10 00:00:00,0.0210526315789473,5.0,2026-07-10 09:47:00,220.11,48.45966788566086,46.209727503075484,4,880.44,215.70780000000002,224.5122,2026-07-10 11:32:00,215.70780000000002,STOP_LOSS,-17.608799999999974,-2.0000000000000018
DHR,2026-07-09 00:00:00,2026-07-10 00:00:00,0.1130492004000468,10.0,2026-07-10 09:49:00,197.315,63.442814775807676,62.67022805913834,5,986.575,193.3687,201.2613,2026-07-10 15:59:00,198.95,WEEK_END_CLOSE,8.174999999999955,0.8286242809720346
WM,2026-07-09 00:00:00,2026-07-10 00:00:00,0.0463890353189246,6.0,2026-07-10 09:49:00,231.89,45.10747213960551,43.81948554020569,4,927.56,227.2522,236.52779999999998,2026-07-10 15:59:00,233.35,WEEK_END_CLOSE,5.840000000000032,0.6296088662728128
ITW,2026-07-09 00:00:00,2026-07-10 00:00:00,0.0008503401360544,2.0,2026-07-10 09:55:00,267.69,59.38652909317799,55.147098017209686,3,803.0699999999999,262.3362,273.0438,2026-07-10 15:59:00,268.755,WEEK_END_CLOSE,3.194999999999993,0.3978482573125719
XOM,2026-07-09 00:00:00,2026-07-10 00:00:00,0.0956296087318759,9.0,2026-07-10 10:02:00,137.9618,52.199432080464746,51.04679550708257,7,965.7326,135.202564,140.72103600000003,2026-07-10 15:59:00,138.83,WEEK_END_CLOSE,6.0774000000000115,0.6293046336014685
ADP,2026-07-09 00:00:00,2026-07-10 00:00:00,0.0569891646814723,7.0,2026-07-10 10:17:00,243.15,61.15395486128986,60.73887564597266,4,972.6,238.287,248.013,2026-07-10 15:59:00,241.95,WEEK_END_CLOSE,-4.800000000000068,-0.4935225169648394
AON,2026-07-09 00:00:00,2026-07-10 00:00:00,0.0,1.0,2026-07-10 10:19:00,355.945,55.11786717318637,53.12807841503042,2,711.89,348.8261,363.0639,2026-07-10 15:59:00,356.92,WEEK_END_CLOSE,1.9500000000000455,0.27391872339828094
TEL,2026-07-09 00:00:00,2026-07-10 00:00:00,0.0089235917456776,3.0,2026-07-10 10:26:00,202.54,60.18466678073999,53.87343326396165,4,810.16,198.48919999999998,206.5908,2026-07-10 15:59:00,200.36,WEEK_END_CLOSE,-8.719999999999914,-1.076330601362685
SPG,2026-07-09 00:00:00,2026-07-10 00:00:00,0.0210526315789473,5.0,2026-07-10 11:38:00,215.72,37.38800573859013,37.246361982032305,4,862.88,211.4056,220.0344,2026-07-10 15:59:00,218.77,WEEK_END_CLOSE,12.200000000000045,1.4138698312627485
HPE,2026-07-10 00:00:00,2026-07-13 00:00:00,0.0753592486164425,6.0,2026-07-13 09:47:00,47.34,40.50521696095913,39.15776737877142,21,994.1400000000001,46.3932,48.28680000000001,2026-07-14 09:30:00,48.86,TAKE_PROFIT_GAP,31.919999999999916,3.210815378115739
AEP,2026-07-10 00:00:00,2026-07-13 00:00:00,0.0256410256410256,2.0,2026-07-13 09:50:00,136.165,60.03302324194601,59.34134302099627,7,953.155,133.4417,138.8883,2026-07-15 10:10:00,133.4417,STOP_LOSS,-19.063099999999963,-2.0000000000000018
DE,2026-07-10 00:00:00,2026-07-13 00:00:00,0.1107697704510317,9.0,2026-07-13 09:51:00,584.1,39.920396282681196,36.62604384911372,1,584.1,572.418,595.782,2026-07-14 09:30:00,595.782,TAKE_PROFIT,11.682000000000016,2.0000000000000018
MSI,2026-07-10 00:00:00,2026-07-13 00:00:00,0.0666666666666666,5.0,2026-07-13 09:56:00,424.59,53.186551002786445,51.74023128302546,2,849.18,416.09819999999996,433.0818,2026-07-14 09:30:00,414.67,STOP_LOSS_GAP,-19.839999999999918,-2.3363715584446054
KO,2026-07-10 00:00:00,2026-07-13 00:00:00,0.1035730138751109,7.0,2026-07-13 10:04:00,84.43,58.29277435841362,56.687159290151506,11,928.73,82.7414,86.11860000000001,2026-07-15 09:30:00,82.7414,STOP_LOSS,-18.57460000000009,-2.000000000000013
PFE,2026-07-10 00:00:00,2026-07-13 00:00:00,0.1037560128186785,8.0,2026-07-13 10:11:00,24.6387,57.56588714696513,56.189933408690884,40,985.548,24.145926,25.131474,2026-07-14 11:02:00,24.145926,STOP_LOSS,-19.71096000000003,-2.0000000000000018
BNY,2026-07-10 00:00:00,2026-07-13 00:00:00,0.0410404624277456,3.0,2026-07-13 10:20:00,150.99,49.28660094529583,48.34244547236102,6,905.94,147.9702,154.0098,2026-07-14 10:01:00,154.0098,TAKE_PROFIT,18.11880000000002,2.0000000000000018
MDT,2026-07-10 00:00:00,2026-07-13 00:00:00,0.1127064111486622,10.0,2026-07-13 10:54:00,83.89,54.72419216363792,47.1240768262109,11,922.79,82.2122,85.5678,2026-07-14 09:30:00,81.59,STOP_LOSS_GAP,-25.29999999999997,-2.7416855405888674
CSX,2026-07-10 00:00:00,2026-07-13 00:00:00,0.0051168091347315,1.0,2026-07-13 11:14:00,49.505,45.43746042574245,43.660941673064684,20,990.1,48.514900000000004,50.4951,2026-07-16 09:51:00,50.4951,TAKE_PROFIT,19.801999999999964,2.0000000000000018
ITW,2026-07-13 00:00:00,2026-07-14 00:00:00,0.0408163265306122,3.0,2026-07-14 09:46:00,274.27,62.82170121599782,61.286962389415564,3,822.81,268.78459999999995,279.7554,2026-07-16 10:10:00,279.7554,TAKE_PROFIT,16.45620000000008,2.0000000000000018
ORLY,2026-07-13 00:00:00,2026-07-14 00:00:00,0.0766246362754607,10.0,2026-07-14 09:49:00,86.52,39.68036080195794,39.57817930084221,11,951.7199999999999,84.7896,88.2504,2026-07-15 11:30:00,84.7896,STOP_LOSS,-19.034400000000034,-2.0000000000000018
SYK,2026-07-13 00:00:00,2026-07-14 00:00:00,0.0245901639344262,2.0,2026-07-14 09:50:00,313.85,36.4349608424808,34.94953751781965,3,941.5500000000001,307.57300000000004,320.127,2026-07-14 11:18:00,307.57300000000004,STOP_LOSS,-18.83099999999996,-1.9999999999999907
TJX,2026-07-13 00:00:00,2026-07-14 00:00:00,0.0710116731517509,8.0,2026-07-14 09:50:00,149.74,42.271863024710115,39.80682829011105,6,898.44,146.7452,152.7348,2026-07-16 09:31:00,152.7348,TAKE_PROFIT,17.968799999999987,2.0000000000000018
PCAR,2026-07-13 00:00:00,2026-07-14 00:00:00,0.0541871921182266,5.0,2026-07-14 09:51:00,124.86,53.33260254931673,51.30905758354367,8,998.88,122.3628,127.3572,2026-07-17 09:44:00,127.3572,TAKE_PROFIT,19.977600000000052,2.0000000000000018
MSI,2026-07-13 00:00:00,2026-07-14 00:00:00,0.0751445086705202,9.0,2026-07-14 09:58:00,415.19,43.4080725557736,40.29218452287358,2,830.38,406.8862,423.4938,2026-07-15 14:57:00,406.8862,STOP_LOSS,-16.607600000000048,-2.0000000000000018
SPG,2026-07-13 00:00:00,2026-07-14 00:00:00,0.0545454545454545,6.0,2026-07-14 10:04:00,221.25,63.36810511603465,57.97027755972113,4,885.0,216.825,225.675,2026-07-16 09:46:00,225.75,TAKE_PROFIT_GAP,18.0,2.033898305084736
ECL,2026-07-13 00:00:00,2026-07-14 00:00:00,0.0689655172413793,7.0,2026-07-14 10:05:00,272.225,58.73815720253587,54.9774806788232,3,816.6750000000001,266.7805,277.6695,2026-07-17 09:32:00,277.6695,TAKE_PROFIT,16.333500000000015,2.0000000000000018
SYK,2026-07-13 00:00:00,2026-07-14 00:00:00,0.0245901639344262,2.0,2026-07-14 11:27:00,308.065,47.24003618488902,40.151337777062615,3,924.1949999999999,301.9037,314.2263,2026-07-14 13:13:00,314.2263,TAKE_PROFIT,18.48389999999995,2.0000000000000018
SYK,2026-07-13 00:00:00,2026-07-14 00:00:00,0.0245901639344262,2.0,2026-07-14 13:30:00,314.015,67.15896794826992,63.00619445540889,3,942.045,307.7347,320.2953,2026-07-16 09:30:00,320.2953,TAKE_PROFIT,18.840900000000033,2.0000000000000018
RTX,2026-07-14 00:00:00,2026-07-15 00:00:00,0.0418917722079532,2.0,2026-07-15 09:46:00,194.5,47.42660575320614,45.31967526864378,5,972.5,190.60999999999999,198.39000000000001,2026-07-17 09:53:00,198.39000000000001,TAKE_PROFIT,19.450000000000074,2.0000000000000018
DHR,2026-07-14 00:00:00,2026-07-15 00:00:00,0.017221249270286,1.0,2026-07-15 09:47:00,201.03,56.08128946664275,56.07931900630242,4,804.12,197.0094,205.0506,2026-07-16 10:10:00,205.0506,TAKE_PROFIT,16.082400000000007,2.0000000000000018
RSG,2026-07-14 00:00:00,2026-07-15 00:00:00,0.0857142857142857,10.0,2026-07-15 09:48:00,219.23,45.374267769411375,41.7567071326038,4,876.92,214.84539999999998,223.6146,2026-07-16 09:50:00,223.6146,TAKE_PROFIT,17.538400000000024,2.0000000000000018
SHW,2026-07-14 00:00:00,2026-07-15 00:00:00,0.0847457627118644,9.0,2026-07-15 09:48:00,330.46,56.70955826770954,51.43434783374149,3,991.3799999999999,323.8508,337.06919999999997,2026-07-16 09:43:00,337.06919999999997,TAKE_PROFIT,19.82759999999996,2.0000000000000018
TEL,2026-07-14 00:00:00,2026-07-15 00:00:00,0.0714285714285714,8.0,2026-07-15 09:57:00,202.32,53.793867983142064,52.473980485241675,4,809.28,198.2736,206.3664,2026-07-15 12:14:00,198.2736,STOP_LOSS,-16.185600000000022,-2.0000000000000018
HD,2026-07-14 00:00:00,2026-07-15 00:00:00,0.0673805913570887,5.0,2026-07-15 10:16:00,344.33,61.693045529677214,60.97189226143977,2,688.66,337.4434,351.21659999999997,2026-07-17 09:39:00,351.21659999999997,TAKE_PROFIT,13.773199999999974,2.0000000000000018
ORLY,2026-07-14 00:00:00,2026-07-15 00:00:00,0.0704225352112676,6.0,2026-07-15 12:14:00,83.42,40.8366447809344,34.357363499467276,11,917.62,81.7516,85.08840000000001,2026-07-16 09:42:00,85.08840000000001,TAKE_PROFIT,18.35240000000006,2.0000000000000018
TEL,2026-07-14 00:00:00,2026-07-15 00:00:00,0.0714285714285714,8.0,2026-07-15 12:42:00,197.815,41.75234027561069,40.095848950204235,5,989.075,193.8587,201.7713,2026-07-16 15:15:00,201.7713,TAKE_PROFIT,19.781499999999994,2.0000000000000018
MSI,2026-07-14 00:00:00,2026-07-15 00:00:00,0.0427807486631016,3.0,2026-07-15 15:06:00,407.25,46.58131230900413,40.649441052026454,2,814.5,399.105,415.395,2026-07-17 09:35:00,415.9,TAKE_PROFIT_GAP,17.299999999999955,2.124002455494156
EMR,2026-07-15 00:00:00,2026-07-16 00:00:00,0.0610687022900763,3.0,2026-07-16 09:50:00,135.67,58.81263655045231,49.145769259292294,7,949.6899999999999,132.95659999999998,138.3834,2026-07-16 15:11:00,138.3834,TAKE_PROFIT,18.99380000000005,2.0000000000000018
ACN,2026-07-15 00:00:00,2026-07-16 00:00:00,0.1196172248803827,10.0,2026-07-16 09:51:00,139.28,59.3790194298477,53.951535872265595,7,974.96,136.49439999999998,142.06560000000002,2026-07-16 10:11:00,136.49439999999998,STOP_LOSS,-19.499200000000116,-2.000000000000013
ADP,2026-07-15 00:00:00,2026-07-16 00:00:00,0.0700636942675159,4.0,2026-07-16 09:55:00,253.03,60.347619694953664,58.804204390221344,3,759.09,247.9694,258.0906,2026-07-17 09:30:00,258.0906,TAKE_PROFIT,15.181799999999981,2.0000000000000018
WELL,2026-07-15 00:00:00,2026-07-16 00:00:00,0.0833333333333333,6.0,2026-07-16 10:07:00,236.98,57.03115773718248,55.44543809152697,4,947.92,232.2404,241.71959999999999,2026-07-16 15:59:00,241.71959999999999,TAKE_PROFIT,18.958399999999983,2.0000000000000018
CSX,2026-07-15 00:00:00,2026-07-16 00:00:00,0.0326180850696244,2.0,2026-07-16 10:21:00,50.605,69.67700781899734,68.8863447428871,19,961.4949999999999,49.59289999999999,51.6171,2026-07-17 15:59:00,50.735,WEEK_END_CLOSE,2.4700000000000486,0.2568916115008424
RSG,2026-07-15 00:00:00,2026-07-16 00:00:00,0.0833333333333333,7.0,2026-07-16 10:22:00,224.4,67.65708537480909,65.96586350585001,4,897.6,219.912,228.888,2026-07-17 15:59:00,222.3,WEEK_END_CLOSE,-8.399999999999977,-0.9358288770053402
TJX,2026-07-15 00:00:00,2026-07-16 00:00:00,0.072072072072072,5.0,2026-07-16 10:22:00,154.72,64.41608146249044,63.27825841476875,6,928.3199999999999,151.6256,157.8144,2026-07-17 09:41:00,157.8144,TAKE_PROFIT,18.566400000000044,2.0000000000000018
ITW,2026-07-15 00:00:00,2026-07-16 00:00:00,0.0,1.0,2026-07-16 10:25:00,280.125,68.78236466224476,68.3275059357186,3,840.375,274.5225,285.7275,2026-07-17 15:59:00,276.05,WEEK_END_CLOSE,-12.224999999999966,-1.4547077197679559
TFC,2026-07-15 00:00:00,2026-07-16 00:00:00,0.0929705215419501,9.0,2026-07-16 10:28:00,53.47,59.57415195505176,59.35085481162039,18,962.46,52.4006,54.5394,2026-07-17 15:59:00,52.51,WEEK_END_CLOSE,-17.280000000000015,-1.7953992893211201
ACN,2026-07-15 00:00:00,2026-07-16 00:00:00,0.1196172248803827,10.0,2026-07-16 10:35:00,136.2,48.661191988040876,46.75800510886857,7,953.3999999999999,133.476,138.92399999999998,2026-07-16 11:11:00,138.92399999999998,TAKE_PROFIT,19.067999999999927,2.0000000000000018
MDLZ,2026-07-15 00:00:00,2026-07-16 00:00:00,0.0857142857142857,8.0,2026-07-16 10:45:00,59.85,55.12346844523757,54.779250794687414,16,957.6,58.653,61.047000000000004,2026-07-16 13:53:00,61.047000000000004,TAKE_PROFIT,19.152000000000044,2.0000000000000018
ACN,2026-07-15 00:00:00,2026-07-16 00:00:00,0.1196172248803827,10.0,2026-07-16 11:37:00,140.31,64.48559381345581,62.711593153501276,7,982.1700000000001,137.5038,143.1162,2026-07-16 12:40:00,143.1162,TAKE_PROFIT,19.64339999999993,2.0000000000000018
ACN,2026-07-15 00:00:00,2026-07-16 00:00:00,0.1196172248803827,10.0,2026-07-16 13:31:00,143.58,64.97687844970028,62.173336888148526,6,861.48,140.7084,146.4516,2026-07-17 09:36:00,146.4516,TAKE_PROFIT,17.229600000000005,2.0000000000000018
MDLZ,2026-07-15 00:00:00,2026-07-16 00:00:00,0.0857142857142857,8.0,2026-07-16 14:02:00,60.945,60.49055623340618,60.166501447972976,16,975.12,59.7261,62.1639,2026-07-17 09:30:00,62.18,TAKE_PROFIT_GAP,19.75999999999999,2.026417261465263
SLB,2026-07-16 00:00:00,2026-07-17 00:00:00,0.032557005243263,9.0,2026-07-17 09:45:00,46.985,52.31128821380032,51.01537257147567,21,986.685,46.0453,47.9247,2026-07-17 15:59:00,46.99,WEEK_END_CLOSE,0.10500000000005372,0.010641694157720316
DASH,2026-07-16 00:00:00,2026-07-17 00:00:00,0.0369489665264313,10.0,2026-07-17 09:46:00,185.54,41.3563753379614,41.16672463031455,5,927.6999999999999,181.8292,189.2508,2026-07-17 11:20:00,181.8292,STOP_LOSS,-18.55400000000003,-2.0000000000000018
SYK,2026-07-16 00:00:00,2026-07-17 00:00:00,0.0194336479733481,6.0,2026-07-17 09:46:00,328.375,51.95033478326649,47.56190156570984,3,985.125,321.8075,334.9425,2026-07-17 10:03:00,321.8075,STOP_LOSS,-19.702499999999986,-2.0000000000000018
AON,2026-07-16 00:00:00,2026-07-17 00:00:00,0.0,1.0,2026-07-17 09:50:00,374.7,64.89118329580788,63.66663619433023,2,749.4,367.20599999999996,382.194,2026-07-17 11:47:00,367.20599999999996,STOP_LOSS,-14.988000000000056,-2.000000000000013
ABBV,2026-07-16 00:00:00,2026-07-17 00:00:00,0.0244590780809031,7.0,2026-07-17 09:54:00,260.61,68.06559947510824,67.99016724841506,3,781.83,255.39780000000002,265.8222,2026-07-17 13:47:00,255.39780000000002,STOP_LOSS,-15.636599999999987,-2.0000000000000018
PCAR,2026-07-16 00:00:00,2026-07-17 00:00:00,0.0125,4.0,2026-07-17 10:02:00,127.53,59.15857797570709,58.08932618274105,7,892.71,124.9794,130.0806,2026-07-17 15:59:00,126.22,WEEK_END_CLOSE,-9.170000000000016,-1.0272092840900249
SYK,2026-07-16 00:00:00,2026-07-17 00:00:00,0.0194336479733481,6.0,2026-07-17 10:22:00,320.36,44.44220869241119,43.19145799133117,3,961.08,313.9528,326.7672,2026-07-17 15:59:00,319.88,WEEK_END_CLOSE,-1.4400000000000546,-0.14983143963042123
CB,2026-07-16 00:00:00,2026-07-17 00:00:00,0.0177514792899408,5.0,2026-07-17 10:54:00,353.94,64.68426271375478,57.11591340139463,2,707.88,346.8612,361.0188,2026-07-17 15:59:00,352.18,WEEK_END_CLOSE,-3.519999999999982,-0.4972594225009841
DASH,2026-07-16 00:00:00,2026-07-17 00:00:00,0.0369489665264313,10.0,2026-07-17 11:25:00,182.5,47.446145415496915,42.38180834537995,5,912.5,178.85,186.15,2026-07-17 13:31:00,186.15,TAKE_PROFIT,18.25000000000003,2.0000000000000018
AON,2026-07-16 00:00:00,2026-07-17 00:00:00,0.0,1.0,2026-07-17 12:06:00,367.04,46.35917047534334,41.9620330237274,2,734.08,359.6992,374.3808,2026-07-17 15:59:00,367.01,WEEK_END_CLOSE,-0.06000000000005912,-0.008173496076735454
ABBV,2026-07-16 00:00:00,2026-07-17 00:00:00,0.0244590780809031,7.0,2026-07-17 13:52:00,255.59,42.33270340484348,38.77595049516061,3,766.77,250.4782,260.7018,2026-07-17 15:59:00,254.49,WEEK_END_CLOSE,-3.299999999999983,-0.4303767753041976
DASH,2026-07-16 00:00:00,2026-07-17 00:00:00,0.0369489665264313,10.0,2026-07-17 14:46:00,183.99,43.435299439574045,42.40533801389829,5,919.95,180.3102,187.6698,2026-07-17 15:59:00,184.16,WEEK_END_CLOSE,0.8499999999999375,0.09239632588726732
BMY,2026-07-17 00:00:00,2026-07-20 00:00:00,0.0404699738903394,8.0,2026-07-20 09:45:00,60.91,52.72704959606192,51.99487364975949,16,974.56,59.69179999999999,62.1282,2026-07-24 09:45:00,62.1282,TAKE_PROFIT,19.49120000000005,2.0000000000000018
ABBV,2026-07-17 00:00:00,2026-07-20 00:00:00,0.0437049362174154,9.0,2026-07-20 09:48:00,255.62,54.181730549838946,47.61785122043962,3,766.86,250.5076,260.7324,2026-07-24 15:59:00,259.22,WEEK_END_CLOSE,10.800000000000068,1.4083405054377662
BNY,2026-07-17 00:00:00,2026-07-20 00:00:00,0.0353982300884955,5.0,2026-07-20 09:50:00,157.9275,52.17158882395122,51.8683644877359,6,947.565,154.76895000000002,161.08605,2026-07-24 15:59:00,158.95,WEEK_END_CLOSE,6.134999999999877,0.6474489876683753
CB,2026-07-17 00:00:00,2026-07-20 00:00:00,0.0181159420289855,2.0,2026-07-20 09:50:00,352.985,58.21322858322158,53.86806725516302,2,705.97,345.9253,360.04470000000003,2026-07-22 09:30:00,345.5,STOP_LOSS_GAP,-14.970000000000027,-2.1204867062339816
COF,2026-07-17 00:00:00,2026-07-20 00:00:00,0.0534521158129175,10.0,2026-07-20 09:50:00,208.27,54.5170755128036,50.168463896954826,4,833.08,204.1046,212.43540000000002,2026-07-21 09:40:00,204.1046,STOP_LOSS,-16.66160000000002,-2.0000000000000018
AON,2026-07-17 00:00:00,2026-07-20 00:00:00,0.0,1.0,2026-07-20 09:51:00,363.82,44.240094244293886,42.533514695535395,2,727.64,356.54359999999997,371.0964,2026-07-21 10:37:00,356.54359999999997,STOP_LOSS,-14.552800000000047,-2.0000000000000018
ECL,2026-07-17 00:00:00,2026-07-20 00:00:00,0.037037037037037,6.0,2026-07-20 09:57:00,271.775,51.90405749079356,49.16938059463046,3,815.3249999999999,266.3395,277.21049999999997,2026-07-20 15:56:00,266.3395,STOP_LOSS,-16.30649999999997,-2.0000000000000018
MRK,2026-07-17 00:00:00,2026-07-20 00:00:00,0.0263956711099379,4.0,2026-07-20 09:58:00,127.44,56.190825763856864,48.92166791114876,7,892.0799999999999,124.8912,129.9888,2026-07-20 13:39:00,124.8912,STOP_LOSS,-17.8416,-2.0000000000000018
SPG,2026-07-17 00:00:00,2026-07-20 00:00:00,0.0209790209790209,3.0,2026-07-20 10:06:00,230.58,62.94403502449717,59.66787181949745,4,922.32,225.9684,235.19160000000002,2026-07-22 09:52:00,225.9684,STOP_LOSS,-18.44640000000004,-2.0000000000000018
ITW,2026-07-17 00:00:00,2026-07-20 00:00:00,0.0392156862745098,7.0,2026-07-20 10:21:00,272.45,43.9381227542509,41.41033154220556,3,817.3499999999999,267.001,277.899,2026-07-24 09:30:00,278.04,TAKE_PROFIT_GAP,16.770000000000095,2.051752615158753
MRK,2026-07-17 00:00:00,2026-07-20 00:00:00,0.0263956711099379,4.0,2026-07-20 13:42:00,125.08,43.16674401664056,40.187898431043095,7,875.56,122.5784,127.5816,2026-07-22 09:39:00,127.5816,TAKE_PROFIT,17.511199999999974,2.0000000000000018
CI,2026-07-20 00:00:00,2026-07-21 00:00:00,0.1412103746397694,10.0,2026-07-21 09:45:00,283.99,55.246630624916016,50.85875908635413,3,851.97,278.3102,289.6698,2026-07-21 10:05:00,289.6698,TAKE_PROFIT,17.0394,2.0000000000000018
DLR,2026-07-20 00:00:00,2026-07-21 00:00:00,0.0977777777777777,5.0,2026-07-21 09:51:00,176.99,55.78826061468991,55.41420112223898,5,884.95,173.4502,180.52980000000002,2026-07-22 11:00:00,180.52980000000002,TAKE_PROFIT,17.69900000000007,2.0000000000000018
GILD,2026-07-20 00:00:00,2026-07-21 00:00:00,0.0507196710075394,3.0,2026-07-21 09:52:00,130.63,47.51610720306469,44.416554653987504,7,914.41,128.01739999999998,133.2426,2026-07-23 09:31:00,128.01739999999998,STOP_LOSS,-18.288200000000103,-2.000000000000013
CME,2026-07-20 00:00:00,2026-07-21 00:00:00,0.1407056798623063,9.0,2026-07-21 09:53:00,241.6,46.85526208563258,41.50754780946482,4,966.4,236.768,246.432,2026-07-22 09:30:00,247.575,TAKE_PROFIT_GAP,23.899999999999977,2.4730960264900625
CL,2026-07-20 00:00:00,2026-07-21 00:00:00,0.0833333333333333,4.0,2026-07-21 09:54:00,91.2,51.109660758256666,50.75693788006049,10,912.0,89.376,93.024,2026-07-23 09:30:00,89.376,STOP_LOSS,-18.23999999999998,-2.0000000000000018
SO,2026-07-20 00:00:00,2026-07-21 00:00:00,0.0382848392036753,2.0,2026-07-21 09:57:00,93.79,46.036688282104095,45.097201169679266,10,937.9000000000001,91.91420000000001,95.6658,2026-07-22 15:55:00,95.6658,TAKE_PROFIT,18.75799999999998,2.0000000000000018
WMB,2026-07-20 00:00:00,2026-07-21 00:00:00,0.1216617210682492,7.0,2026-07-21 10:00:00,73.38,43.0780140609146,38.920208615006715,13,953.9399999999999,71.91239999999999,74.8476,2026-07-22 10:44:00,74.8476,TAKE_PROFIT,19.078800000000058,2.0000000000000018
MDLZ,2026-07-20 00:00:00,2026-07-21 00:00:00,0.0273224043715847,1.0,2026-07-21 10:01:00,59.4,47.06369816123729,45.17586457995631,16,950.4,58.211999999999996,60.588,2026-07-22 09:30:00,60.64,TAKE_PROFIT_GAP,19.840000000000032,2.0875420875420936
PGR,2026-07-20 00:00:00,2026-07-21 00:00:00,0.1320293398533007,8.0,2026-07-21 10:03:00,208.76,54.56318710500314,51.886100732048305,4,835.04,204.5848,212.93519999999998,2026-07-22 09:35:00,204.5848,STOP_LOSS,-16.70079999999996,-1.9999999999999907
CI,2026-07-20 00:00:00,2026-07-21 00:00:00,0.1412103746397694,10.0,2026-07-21 10:14:00,288.295,57.56890777039148,55.098322710858845,3,864.885,282.5291,294.0609,2026-07-24 15:59:00,289.55,WEEK_END_CLOSE,3.7649999999999864,0.43531799025304796
FCX,2026-07-20 00:00:00,2026-07-21 00:00:00,0.1020634568449079,6.0,2026-07-21 10:50:00,61.82,66.48783223119598,63.45469445879671,16,989.12,60.5836,63.056400000000004,2026-07-22 09:30:00,63.056400000000004,TAKE_PROFIT,19.782400000000052,2.0000000000000018
MCD,2026-07-21 00:00:00,2026-07-22 00:00:00,0.1781800857551214,8.0,2026-07-22 09:45:00,264.6177,49.25305390136236,46.59987126237807,3,793.8531,259.325346,269.910054,2026-07-24 15:59:00,264.76,WEEK_END_CLOSE,0.42689999999993233,0.053775692253377194
UPS,2026-07-21 00:00:00,2026-07-22 00:00:00,0.0386202830188679,1.0,2026-07-22 09:52:00,117.0602,59.3974446048643,56.3051132372306,8,936.4816,114.71899599999999,119.401404,2026-07-23 11:16:00,114.71,STOP_LOSS_GAP,-18.801600000000008,-2.007684934760068
SLB,2026-07-21 00:00:00,2026-07-22 00:00:00,0.1297602256699576,6.0,2026-07-22 09:54:00,47.445,58.47942940060477,54.752369201437425,21,996.345,46.4961,48.3939,2026-07-23 09:31:00,48.3939,TAKE_PROFIT,19.92690000000004,2.0000000000000018
XOM,2026-07-21 00:00:00,2026-07-22 00:00:00,0.2254153141111323,9.0,2026-07-22 09:54:00,153.735,63.4194147315868,62.52874248200713,6,922.4100000000001,150.6603,156.80970000000002,2026-07-23 09:30:00,156.80970000000002,TAKE_PROFIT,18.448200000000043,2.0000000000000018
CSX,2026-07-21 00:00:00,2026-07-22 00:00:00,0.1684446939921392,7.0,2026-07-22 09:58:00,50.005,52.94218670257719,49.41368717171245,19,950.095,49.0049,51.005100000000006,2026-07-23 09:30:00,51.96,TAKE_PROFIT_GAP,37.14499999999997,3.909609039096096
FTNT,2026-07-21 00:00:00,2026-07-22 00:00:00,0.1214574898785425,5.0,2026-07-22 10:00:00,156.62,54.630051888073424,49.29136579246059,6,939.72,153.48760000000001,159.7524,2026-07-23 09:33:00,153.48760000000001,STOP_LOSS,-18.79439999999994,-1.9999999999999907
MRK,2026-07-21 00:00:00,2026-07-22 00:00:00,0.0897583429228998,4.0,2026-07-22 10:04:00,127.885,62.8112596616427,61.80757140311546,7,895.195,125.32730000000001,130.4427,2026-07-23 10:42:00,130.4427,TAKE_PROFIT,17.90389999999998,2.0000000000000018
CVS,2026-07-21 00:00:00,2026-07-22 00:00:00,0.0387118193891102,2.0,2026-07-22 10:06:00,110.64,65.32586791251424,60.22973404609447,9,995.76,108.4272,112.8528,2026-07-22 15:24:00,108.4272,STOP_LOSS,-19.915200000000013,-2.0000000000000018
PFE,2026-07-21 00:00:00,2026-07-22 00:00:00,0.2267437379576108,10.0,2026-07-22 10:06:00,25.145,62.530900585087764,59.23181910165503,39,980.655,24.6421,25.6479,2026-07-24 09:30:00,24.62,STOP_LOSS_GAP,-20.474999999999945,-2.0878902366275542
FTNT,2026-07-22 00:00:00,2026-07-23 00:00:00,0.0986382681564245,5.0,2026-07-23 09:45:00,154.205,49.62917054529376,45.98459940890958,6,925.23,151.1209,157.28910000000002,2026-07-23 14:01:00,151.1209,STOP_LOSS,-18.50460000000004,-2.0000000000000018
CVS,2026-07-22 00:00:00,2026-07-23 00:00:00,0.1357765328353563,9.0,2026-07-23 09:59:00,106.47,38.96217552740735,31.45182913087643,9,958.23,104.3406,108.5994,2026-07-24 15:59:00,107.74,WEEK_END_CLOSE,11.429999999999964,1.192824269747339
KO,2026-07-22 00:00:00,2026-07-23 00:00:00,0.1425006239081607,10.0,2026-07-23 09:59:00,81.26,43.922170614274016,40.80784726301605,12,975.1200000000001,79.6348,82.88520000000001,2026-07-24 15:59:00,82.25,WEEK_END_CLOSE,11.879999999999939,1.2183115924193855
SO,2026-07-22 00:00:00,2026-07-23 00:00:00,0.0699340785325308,4.0,2026-07-23 09:59:00,95.65,53.80895194617504,53.59433387998886,10,956.5,93.73700000000001,97.563,2026-07-24 09:47:00,97.563,TAKE_PROFIT,19.129999999999967,2.0000000000000018
APO,2026-07-22 00:00:00,2026-07-23 00:00:00,0.0218151307509439,2.0,2026-07-23 10:00:00,121.0,59.89202601675317,53.65214619150447,8,968.0,118.58,123.42,2026-07-23 14:23:00,118.54,STOP_LOSS_GAP,-19.67999999999995,-2.0330578512396613
MMM,2026-07-22 00:00:00,2026-07-23 00:00:00,0.0497393945669807,3.0,2026-07-23 10:00:00,170.0,53.15245232090856,49.52519070497684,5,850.0,166.6,173.4,2026-07-24 15:59:00,172.59,WEEK_END_CLOSE,12.950000000000017,1.5235294117647014
MDLZ,2026-07-22 00:00:00,2026-07-23 00:00:00,0.1328125,7.0,2026-07-23 10:09:00,60.2,52.034681091492224,52.00705159446323,16,963.2,58.996,61.404,2026-07-24 15:59:00,60.53,WEEK_END_CLOSE,5.279999999999973,0.5481727574750739
MRK,2026-07-22 00:00:00,2026-07-23 00:00:00,0.0093838044169771,1.0,2026-07-23 10:53:00,130.76,69.56419849470515,65.32977344069339,7,915.3199999999999,128.14479999999998,133.3752,2026-07-24 15:59:00,131.09,WEEK_END_CLOSE,2.3100000000000875,0.2523707555827537
EMR,2026-07-22 00:00:00,2026-07-23 00:00:00,0.1333333333333333,8.0,2026-07-23 11:16:00,143.67,47.45352993647032,46.066251291880334,6,862.02,140.79659999999998,146.5434,2026-07-24 09:51:00,146.5434,TAKE_PROFIT,17.240400000000022,2.0000000000000018
FTNT,2026-07-22 00:00:00,2026-07-23 00:00:00,0.0986382681564245,5.0,2026-07-23 14:07:00,151.28,45.558541015155996,42.67367913536831,6,907.6800000000001,148.2544,154.3056,2026-07-24 12:29:00,154.3056,TAKE_PROFIT,18.153599999999983,2.0000000000000018
APO,2026-07-22 00:00:00,2026-07-23 00:00:00,0.0218151307509439,2.0,2026-07-23 14:25:00,118.835,43.1725785735301,41.63787343368074,8,950.68,116.4583,121.2117,2026-07-24 11:15:00,121.2117,TAKE_PROFIT,19.013599999999997,2.0000000000000018
JNJ,2026-07-23 00:00:00,2026-07-24 00:00:00,0.0291417501895056,2.0,2026-07-24 09:50:00,262.01,58.95626889455694,57.71153199636332,3,786.03,256.7698,267.2502,2026-07-24 15:59:00,263.42,WEEK_END_CLOSE,4.230000000000075,0.5381473989542584
UNP,2026-07-23 00:00:00,2026-07-24 00:00:00,0.0511215440792905,5.0,2026-07-24 09:52:00,304.545,50.57868859152779,48.475198012722764,3,913.635,298.4541,310.63590000000005,2026-07-24 15:59:00,307.55,WEEK_END_CLOSE,9.014999999999986,0.9867178906237228
DASH,2026-07-23 00:00:00,2026-07-24 00:00:00,0.0286699328615496,1.0,2026-07-24 10:00:00,171.42,52.21093099907131,51.84892699104613,5,857.0999999999999,167.99159999999998,174.8484,2026-07-24 11:23:00,174.8484,TAKE_PROFIT,17.142000000000053,2.0000000000000018
SLB,2026-07-23 00:00:00,2026-07-24 00:00:00,0.1152795292139554,9.0,2026-07-24 10:02:00,51.23,63.119874605362746,58.070705162429284,19,973.3699999999999,50.2054,52.254599999999996,2026-07-24 14:09:00,52.254599999999996,TAKE_PROFIT,19.46739999999999,2.0000000000000018
EMR,2026-07-23 00:00:00,2026-07-24 00:00:00,0.048780487804878,4.0,2026-07-24 10:20:00,147.63,61.66025108442917,59.35018296065226,6,885.78,144.6774,150.58259999999999,2026-07-24 15:59:00,147.94,WEEK_END_CLOSE,1.8600000000000136,0.20998442051074484
APO,2026-07-23 00:00:00,2026-07-24 00:00:00,0.0694444444444444,7.0,2026-07-24 12:06:00,121.59,61.080734601307505,58.79877255050565,8,972.72,119.15820000000001,124.0218,2026-07-24 15:59:00,122.65,WEEK_END_CLOSE,8.480000000000018,0.8717822189324709
DASH,2026-07-23 00:00:00,2026-07-24 00:00:00,0.0286699328615496,1.0,2026-07-24 12:12:00,173.755,63.05014767892747,57.86471444636406,5,868.775,170.2799,177.2301,2026-07-24 15:59:00,172.98,WEEK_END_CLOSE,-3.8750000000000284,-0.4460303300624524
SLB,2026-07-23 00:00:00,2026-07-24 00:00:00,0.1152795292139554,9.0,2026-07-24 14:15:00,52.22,58.07683230339678,52.80759229698752,19,992.18,51.175599999999996,53.2644,2026-07-24 15:59:00,52.45,WEEK_END_CLOSE,4.370000000000076,0.44044427422444965
ICE,2026-07-24 00:00:00,2026-07-27 00:00:00,0.0688073394495412,4.0,2026-07-27 09:46:00,146.7,62.30952150880828,62.25684155779152,6,880.1999999999999,143.766,149.634,2026-07-28 09:33:00,149.634,TAKE_PROFIT,17.603999999999985,2.0000000000000018
EOG,2026-07-24 00:00:00,2026-07-27 00:00:00,0.1241379310344827,7.0,2026-07-27 09:53:00,144.043,43.059405052905376,42.243040731736414,6,864.258,141.16214,146.92386000000002,2026-07-27 15:31:00,141.16214,STOP_LOSS,-17.285160000000076,-2.000000000000013
DIS,2026-07-24 00:00:00,2026-07-27 00:00:00,0.1212705590282395,6.0,2026-07-27 09:58:00,96.4001,53.41709679615263,52.75175145931945,10,964.001,94.47209799999999,98.328102,2026-07-28 09:37:00,98.328102,TAKE_PROFIT,19.280020000000064,2.0000000000000018
MDLZ,2026-07-24 00:00:00,2026-07-27 00:00:00,0.0857142857142857,5.0,2026-07-27 10:01:00,60.33,48.339413241982264,46.35751787167848,16,965.28,59.1234,61.5366,2026-07-28 09:30:00,62.04,TAKE_PROFIT_GAP,27.360000000000014,2.8344107409249197
MRK,2026-07-24 00:00:00,2026-07-27 00:00:00,0.0527481377088786,2.0,2026-07-27 10:01:00,131.775,51.15058407549937,49.48105907939892,7,922.4250000000001,129.1395,134.4105,2026-07-28 09:45:00,134.4105,TAKE_PROFIT,18.448500000000053,2.0000000000000018
CI,2026-07-24 00:00:00,2026-07-27 00:00:00,0.0666666666666666,3.0,2026-07-27 10:02:00,288.515,48.91080517521526,48.62939833799619,3,865.545,282.74469999999997,294.2853,2026-07-28 09:35:00,294.2853,TAKE_PROFIT,17.31090000000006,2.0000000000000018
ORCL,2026-07-24 00:00:00,2026-07-27 00:00:00,0.1371004722331721,9.0,2026-07-27 10:07:00,121.1,57.68465300721331,57.61403831593198,8,968.8,118.678,123.52199999999999,2026-07-27 12:15:00,118.678,STOP_LOSS,-19.375999999999976,-2.0000000000000018
META,2026-07-24 00:00:00,2026-07-27 00:00:00,0.1375263174433585,10.0,2026-07-27 10:21:00,608.125,54.26253710843022,52.28250061452397,1,608.125,595.9625,620.2875,2026-07-27 13:38:00,595.9625,STOP_LOSS,-12.162500000000023,-2.0000000000000018
SNPS,2026-07-24 00:00:00,2026-07-27 00:00:00,0.1263586956521739,8.0,2026-07-27 10:46:00,392.73,63.04366932992656,59.585574636511424,2,785.46,384.8754,400.5846,2026-07-28 09:32:00,400.5846,TAKE_PROFIT,15.70920000000001,2.0000000000000018
JNJ,2026-07-24 00:00:00,2026-07-27 00:00:00,0.0361734435633541,1.0,2026-07-27 11:44:00,267.87,55.46563424987137,54.08937698143259,3,803.61,262.5126,273.2274,2026-07-28 09:38:00,273.2274,TAKE_PROFIT,16.072199999999953,2.0000000000000018
ORCL,2026-07-24 00:00:00,2026-07-27 00:00:00,0.1371004722331721,9.0,2026-07-27 12:22:00,118.85,42.06975509454152,41.63994696481894,8,950.8,116.473,121.22699999999999,2026-07-28 09:32:00,116.473,STOP_LOSS,-19.015999999999963,-1.9999999999999907
META,2026-07-24 00:00:00,2026-07-27 00:00:00,0.1375263174433585,10.0,2026-07-27 13:52:00,595.22,40.92078098455686,39.817342081722,1,595.22,583.3156,607.1244,2026-07-29 15:51:00,583.3156,STOP_LOSS,-11.90440000000001,-2.0000000000000018
CSX,2026-07-27 00:00:00,2026-07-28 00:00:00,0.0106326422115895,1.0,2026-07-28 09:51:00,52.18,66.46949043745059,56.56920258709822,19,991.42,51.1364,53.2236,2026-07-28 15:42:00,51.1364,STOP_LOSS,-19.82839999999996,-1.9999999999999907
UNP,2026-07-27 00:00:00,2026-07-28 00:00:00,0.0218563370935633,2.0,2026-07-28 09:51:00,300.15,59.09219643304341,56.08244570907358,3,900.4499999999999,294.147,306.15299999999996,2026-07-28 15:59:00,294.147,STOP_LOSS,-18.008999999999958,-1.9999999999999907
VRTX,2026-07-27 00:00:00,2026-07-28 00:00:00,0.1854545454545454,10.0,2026-07-28 10:01:00,484.684,54.33650427851929,54.02652904215222,2,969.368,474.99032,494.37768000000005,2026-07-30 09:30:00,474.1,STOP_LOSS_GAP,-21.168000000000006,-2.183690817109707
GILD,2026-07-27 00:00:00,2026-07-28 00:00:00,0.148064637354378,7.0,2026-07-28 10:03:00,134.26,57.33827835678545,55.415211025011445,7,939.8199999999999,131.57479999999998,136.9452,2026-07-30 09:30:00,130.02,STOP_LOSS_GAP,-29.679999999999865,-3.158051541784579
MDLZ,2026-07-27 00:00:00,2026-07-28 00:00:00,0.0539067231980617,3.0,2026-07-28 10:03:00,62.97,67.16055060184371,64.85666129082945,15,944.55,61.7106,64.2294,2026-07-29 09:30:00,64.2294,TAKE_PROFIT,18.89099999999999,2.0000000000000018
CMCSA,2026-07-27 00:00:00,2026-07-28 00:00:00,0.1143057503506311,5.0,2026-07-28 10:06:00,23.62,54.880399443950466,54.380645807073115,42,992.0400000000001,23.1476,24.0924,2026-07-28 11:29:00,24.0924,TAKE_PROFIT,19.840800000000016,2.0000000000000018
CRH,2026-07-27 00:00:00,2026-07-28 00:00:00,0.075187969924812,4.0,2026-07-28 10:11:00,103.8,66.84757936230992,64.27621279719723,9,934.1999999999999,101.72399999999999,105.876,2026-07-29 09:30:00,101.72399999999999,STOP_LOSS,-18.68400000000007,-2.000000000000013
JNJ,2026-07-27 00:00:00,2026-07-28 00:00:00,0.1626240352811466,9.0,2026-07-28 10:15:00,273.06,57.46114128366447,56.590719083632884,3,819.1800000000001,267.5988,278.5212,2026-07-28 13:14:00,267.5988,STOP_LOSS,-16.383600000000058,-2.0000000000000018
AFL,2026-07-27 00:00:00,2026-07-28 00:00:00,0.1605839416058394,8.0,2026-07-28 10:59:00,129.23,61.80167696058973,57.18992541728502,7,904.6099999999999,126.64539999999998,131.81459999999998,2026-07-30 10:32:00,126.64539999999998,STOP_LOSS,-18.092200000000062,-2.0000000000000018
COP,2026-07-27 00:00:00,2026-07-28 00:00:00,0.143752303722816,6.0,2026-07-28 11:08:00,116.17,48.91097970968884,45.48810854147691,8,929.36,113.8466,118.49340000000001,2026-07-28 11:59:00,113.8466,STOP_LOSS,-18.587200000000053,-2.0000000000000018
COP,2026-07-27 00:00:00,2026-07-28 00:00:00,0.143752303722816,6.0,2026-07-28 12:01:00,113.91,34.420841534517564,31.361689855981098,8,911.28,111.6318,116.1882,2026-07-29 09:30:00,117.95,TAKE_PROFIT_GAP,32.32000000000005,3.546659643578276
CMCSA,2026-07-27 00:00:00,2026-07-28 00:00:00,0.1143057503506311,5.0,2026-07-28 12:15:00,24.125,60.21448619174821,59.625858542646036,41,989.125,23.6425,24.6075,2026-07-29 11:29:00,24.6075,TAKE_PROFIT,19.78250000000007,2.0000000000000018
JNJ,2026-07-27 00:00:00,2026-07-28 00:00:00,0.1626240352811466,9.0,2026-07-28 13:34:00,267.355,41.03289187582083,37.04641531442622,3,802.065,262.0079,272.70210000000003,2026-07-30 09:30:00,259.03,STOP_LOSS_GAP,-24.975000000000136,-3.113837407192699
CME,2026-07-28 00:00:00,2026-07-29 00:00:00,0.0872971460548405,6.0,2026-07-29 09:45:00,261.355,56.739949061713546,55.72309258846344,3,784.065,256.1279,266.5821,2026-07-30 15:02:00,266.5821,TAKE_PROFIT,15.681300000000022,2.0000000000000018
UNP,2026-07-28 00:00:00,2026-07-29 00:00:00,0.0390401828223195,3.0,2026-07-29 09:47:00,292.93,37.209437084858635,34.2696964123068,3,878.79,287.0714,298.78860000000003,2026-07-30 10:34:00,287.0714,STOP_LOSS,-17.575800000000072,-2.000000000000013
HON,2026-07-28 00:00:00,2026-07-29 00:00:00,0.1330049261083744,9.0,2026-07-29 09:51:00,244.67,42.72352002216971,41.4035510831873,4,978.68,239.77659999999997,249.5634,2026-07-30 09:34:00,239.77659999999997,STOP_LOSS,-19.573600000000056,-2.0000000000000018
CSX,2026-07-28 00:00:00,2026-07-29 00:00:00,0.003784713688867,1.0,2026-07-29 09:52:00,50.605,42.088403117716766,37.343203662667136,19,961.4949999999999,49.59289999999999,51.6171,2026-07-31 15:59:00,50.38,WEEK_END_CLOSE,-4.274999999999892,-0.4446200968283631
MRK,2026-07-28 00:00:00,2026-07-29 00:00:00,0.0578922862020797,4.0,2026-07-29 09:52:00,131.445,51.118088165495514,50.34726149731064,7,920.115,128.81609999999998,134.0739,2026-07-30 09:30:00,128.195,STOP_LOSS_GAP,-22.75,-2.472517022328735
NEM,2026-07-28 00:00:00,2026-07-29 00:00:00,0.1581180100269957,10.0,2026-07-29 09:59:00,90.25,41.76459324784561,38.8831735398997,11,992.75,88.445,92.055,2026-07-29 14:00:00,92.055,TAKE_PROFIT,19.855000000000075,2.0000000000000018
KMI,2026-07-28 00:00:00,2026-07-29 00:00:00,0.0134883720930232,2.0,2026-07-29 10:01:00,32.115,52.502497599545386,52.10836829660182,31,995.565,31.4727,32.7573,2026-07-30 10:23:00,31.4727,STOP_LOSS,-19.91130000000007,-2.0000000000000018
MDT,2026-07-28 00:00:00,2026-07-29 00:00:00,0.0596217105263157,5.0,2026-07-29 10:03:00,87.6,54.74795232541353,54.62780467752403,11,963.5999999999999,85.848,89.35199999999999,2026-07-30 10:03:00,85.848,STOP_LOSS,-19.27199999999995,-1.9999999999999907
SO,2026-07-28 00:00:00,2026-07-29 00:00:00,0.1245487364620938,8.0,2026-07-29 10:06:00,97.28,47.21051799225981,44.38830477886873,10,972.8,95.3344,99.2256,2026-07-30 09:46:00,95.3344,STOP_LOSS,-19.45599999999999,-2.0000000000000018
CMCSA,2026-07-28 00:00:00,2026-07-29 00:00:00,0.1019375109094082,7.0,2026-07-29 11:38:00,24.6,58.62034989158024,57.9711099590036,40,984.0,24.108,25.092000000000002,2026-07-30 09:30:00,23.85,STOP_LOSS_GAP,-30.0,-3.0487804878048808
NEM,2026-07-28 00:00:00,2026-07-29 00:00:00,0.1581180100269957,10.0,2026-07-29 14:30:00,91.5798,59.24533372558611,57.685070025612696,10,915.798,89.748204,93.41139600000001,2026-07-30 09:44:00,93.41139600000001,TAKE_PROFIT,18.315960000000047,2.0000000000000018
LOW,2026-07-29 00:00:00,2026-07-30 00:00:00,0.0101087898334456,1.0,2026-07-30 09:45:00,212.845,39.53370778841537,32.7821752145374,4,851.38,208.5881,217.1019,2026-07-30 15:37:00,208.5881,STOP_LOSS,-17.027600000000007,-2.0000000000000018
TGT,2026-07-29 00:00:00,2026-07-30 00:00:00,0.0507761642463695,4.0,2026-07-30 09:57:00,143.81,36.47731729100513,33.36636460691058,6,862.86,140.9338,146.6862,2026-07-31 15:59:00,144.49,WEEK_END_CLOSE,4.080000000000041,0.4728461164035913
WMB,2026-07-29 00:00:00,2026-07-30 00:00:00,0.1325301204819277,10.0,2026-07-30 09:57:00,70.74,54.95510312933379,54.65255992699633,14,990.3599999999999,69.3252,72.1548,2026-07-31 15:59:00,71.56,WEEK_END_CLOSE,11.480000000000103,1.1591744416171945
CL,2026-07-29 00:00:00,2026-07-30 00:00:00,0.0944625407166123,7.0,2026-07-30 10:04:00,91.72,47.206569242713144,44.250713347598115,10,917.2,89.8856,93.5544,2026-07-31 09:33:00,89.8856,STOP_LOSS,-18.344000000000023,-2.0000000000000018
MDT,2026-07-29 00:00:00,2026-07-30 00:00:00,0.0828912466843501,6.0,2026-07-30 10:04:00,86.03,45.008702793373864,43.15800157196328,11,946.33,84.3094,87.7506,2026-07-31 09:33:00,84.3094,STOP_LOSS,-18.92660000000005,-2.0000000000000018
WBD,2026-07-29 00:00:00,2026-07-30 00:00:00,0.0348066298342541,2.0,2026-07-30 10:04:00,25.56,46.045535221373854,41.87381559079034,39,996.8399999999999,25.0488,26.071199999999997,2026-07-31 12:59:00,26.071199999999997,TAKE_PROFIT,19.936799999999952,2.0000000000000018
JNJ,2026-07-29 00:00:00,2026-07-30 00:00:00,0.0425920292059628,3.0,2026-07-30 10:06:00,256.415,40.824879676186505,34.87009666559792,3,769.2450000000001,251.28670000000002,261.54330000000004,2026-07-31 15:59:00,256.42,WEEK_END_CLOSE,0.014999999999986358,0.0019499639256626011
ANET,2026-07-29 00:00:00,2026-07-30 00:00:00,0.1237190236631265,9.0,2026-07-30 10:20:00,169.595,57.034121697661654,56.431532055382064,5,847.975,166.2031,172.9869,2026-07-31 09:30:00,177.6,TAKE_PROFIT_GAP,40.02499999999998,4.72006839824286
HWM,2026-07-29 00:00:00,2026-07-30 00:00:00,0.1162790697674418,8.0,2026-07-30 10:40:00,277.44,55.463354587981605,55.172377541854075,3,832.3199999999999,271.89119999999997,282.9888,2026-07-31 09:33:00,283.2,TAKE_PROFIT_GAP,17.279999999999973,2.076124567474036
REGN,2026-07-30 00:00:00,2026-07-31 00:00:00,0.1090342679127725,3.0,2026-07-31 09:45:00,740.84,58.53308013309081,57.78077574147911,1,740.84,726.0232,755.6568000000001,2026-07-31 13:39:00,755.6568000000001,TAKE_PROFIT,14.816800000000057,2.0000000000000018
SO,2026-07-30 00:00:00,2026-07-31 00:00:00,0.1192307692307692,5.0,2026-07-31 09:45:00,93.76,44.96550614302202,44.218209760816656,10,937.6,91.8848,95.63520000000001,2026-07-31 15:59:00,94.59,WEEK_END_CLOSE,8.299999999999983,0.8852389078498168
MRK,2026-07-30 00:00:00,2026-07-31 00:00:00,0.1436265709156194,8.0,2026-07-31 09:46:00,129.48,52.09588125875551,49.221119985960804,7,906.3599999999999,126.89039999999999,132.06959999999998,2026-07-31 15:59:00,130.22,WEEK_END_CLOSE,5.180000000000064,0.5715168365770795
DASH,2026-07-30 00:00:00,2026-07-31 00:00:00,0.04881945677259,1.0,2026-07-31 09:48:00,197.46,60.8011967686031,59.68867280506207,5,987.3000000000001,193.51080000000002,201.4092,2026-07-31 15:59:00,196.15,WEEK_END_CLOSE,-6.550000000000011,-0.6634255038995285
JPM,2026-07-30 00:00:00,2026-07-31 00:00:00,0.234679600783509,10.0,2026-07-31 09:51:00,351.12,49.89706861255596,49.195762577908056,2,702.24,344.0976,358.1424,2026-07-31 15:59:00,351.78,WEEK_END_CLOSE,1.3199999999999363,0.1879699248120259
NEE,2026-07-30 00:00:00,2026-07-31 00:00:00,0.1018010963194988,2.0,2026-07-31 10:08:00,87.3,49.719947291495174,45.49088613752722,11,960.3,85.554,89.04599999999999,2026-07-31 15:59:00,86.92,WEEK_END_CLOSE,-4.17999999999995,-0.43528064146620693
CEG,2026-07-30 00:00:00,2026-07-31 00:00:00,0.204660587639311,9.0,2026-07-31 10:18:00,262.99,45.73803075633681,43.68789122031979,3,788.97,257.7302,268.2498,2026-07-31 15:59:00,262.76,WEEK_END_CLOSE,-0.6900000000000546,-0.08745579679836357
MS,2026-07-30 00:00:00,2026-07-31 00:00:00,0.1217078254279037,6.0,2026-07-31 10:18:00,210.05,53.70913333477361,46.61298884000473,4,840.2,205.84900000000002,214.251,2026-07-31 15:59:00,210.51,WEEK_END_CLOSE,1.8399999999999181,0.21899547726731416
DLR,2026-07-30 00:00:00,2026-07-31 00:00:00,0.1304347826086956,7.0,2026-07-31 10:19:00,191.435,48.74376459470161,44.80680750820166,5,957.175,187.6063,195.2637,2026-07-31 15:59:00,188.52,WEEK_END_CLOSE,-14.57499999999996,-1.5227100582443032
CMCSA,2026-07-30 00:00:00,2026-07-31 00:00:00,0.1134751773049645,4.0,2026-07-31 10:21:00,23.69,52.820035107330064,48.84003140509963,42,994.98,23.2162,24.163800000000002,2026-07-31 15:59:00,23.96,WEEK_END_CLOSE,11.339999999999982,1.139721401435212
REGN,2026-07-30 00:00:00,2026-07-31 00:00:00,0.1090342679127725,3.0,2026-07-31 14:51:00,754.395,53.79748101582664,51.94391331914573,1,754.395,739.3071,769.4829,2026-07-31 15:59:00,762.88,WEEK_END_CLOSE,8.485000000000014,1.1247423432021675
MCD,2026-07-31 00:00:00,2026-08-03 00:00:00,0.0518414561537807,2.0,2026-08-03 09:45:00,273.76,55.882874100878716,55.2440607522364,3,821.28,268.28479999999996,279.2352,2026-08-03 12:18:00,268.28479999999996,STOP_LOSS,-16.425600000000088,-2.000000000000013
PGR,2026-07-31 00:00:00,2026-08-03 00:00:00,0.1,5.0,2026-08-03 09:45:00,212.35,48.23212024112339,46.92475212461945,4,849.4,208.10299999999998,216.597,2026-08-04 09:30:00,207.27,STOP_LOSS_GAP,-20.319999999999936,-2.3922769013421163
GILD,2026-07-31 00:00:00,2026-08-03 00:00:00,0.1278195488721804,7.0,2026-08-03 09:46:00,130.8999,54.122012559124805,50.22238042350592,7,916.2993,128.281902,133.517898,2026-08-04 15:27:00,133.517898,TAKE_PROFIT,18.325986,2.0000000000000018
USB,2026-07-31 00:00:00,2026-08-03 00:00:00,0.1282952548330404,8.0,2026-08-03 09:46:00,63.545,64.09223041805956,59.705415775973805,15,953.1750000000001,62.2741,64.8159,2026-08-04 13:42:00,64.82,TAKE_PROFIT_GAP,19.124999999999872,2.0064521205444885
PSX,2026-07-31 00:00:00,2026-08-03 00:00:00,0.0614406779661017,3.0,2026-08-03 09:51:00,207.67,42.622021607364395,42.19459033631802,4,830.68,203.51659999999998,211.8234,2026-08-04 09:30:00,202.43,STOP_LOSS_GAP,-20.959999999999923,-2.5232339769827083
MS,2026-07-31 00:00:00,2026-08-03 00:00:00,0.1402010050251256,10.0,2026-08-03 09:58:00,209.335,52.21525770591423,51.860255406845596,4,837.34,205.1483,213.5217,2026-08-04 09:30:00,213.67,TAKE_PROFIT_GAP,17.339999999999918,2.0708433850048946
UPS,2026-07-31 00:00:00,2026-08-03 00:00:00,0.1259069568928723,6.0,2026-08-03 10:00:00,105.625,54.06967213003719,53.112561418789404,9,950.625,103.5125,107.7375,2026-08-04 11:17:00,107.7375,TAKE_PROFIT,19.012499999999974,2.0000000000000018
COF,2026-07-31 00:00:00,2026-08-03 00:00:00,0.0258729490954985,1.0,2026-08-03 10:02:00,216.02,75.89495768171462,72.08853376422095,4,864.08,211.6996,220.34040000000002,2026-08-04 09:30:00,220.34040000000002,TAKE_PROFIT,17.281600000000026,2.0000000000000018
REGN,2026-07-31 00:00:00,2026-08-03 00:00:00,0.0714285714285714,4.0,2026-08-03 10:05:00,767.64,57.54404251818557,55.90920403135208,1,767.64,752.2872,782.9928,2026-08-04 09:31:00,752.2872,STOP_LOSS,-15.352800000000002,-2.0000000000000018
DASH,2026-07-31 00:00:00,2026-08-03 00:00:00,0.136724960254372,9.0,2026-08-03 10:29:00,200.76,58.870010203491326,54.61786353343387,4,803.04,196.7448,204.77519999999998,2026-08-05 09:30:00,204.77519999999998,TAKE_PROFIT,16.060799999999972,2.0000000000000018
MCD,2026-07-31 00:00:00,2026-08-03 00:00:00,0.0518414561537807,2.0,2026-08-03 12:24:00,268.4,40.30214580611764,39.557658867734794,3,805.1999999999999,263.032,273.768,2026-08-05 10:19:00,273.768,TAKE_PROFIT,16.103999999999985,2.0000000000000018
ORLY,2026-08-03 00:00:00,2026-08-04 00:00:00,0.0505438259756877,3.0,2026-08-04 09:49:00,88.925,40.73680272275427,38.87456603748889,11,978.175,87.14649999999999,90.7035,2026-08-04 11:45:00,90.7035,TAKE_PROFIT,19.56350000000009,2.0000000000000018
PCAR,2026-08-03 00:00:00,2026-08-04 00:00:00,0.12,10.0,2026-08-04 09:50:00,130.8972,47.2745773909696,44.69438385403908,7,916.2804,128.279256,133.515144,2026-08-04 11:38:00,133.515144,TAKE_PROFIT,18.32560799999996,2.0000000000000018
WELL,2026-08-03 00:00:00,2026-08-04 00:00:00,0.0735930735930736,5.0,2026-08-04 09:51:00,228.37,41.125401873171285,39.867115677690094,4,913.48,223.8026,232.9374,2026-08-05 09:40:00,232.9374,TAKE_PROFIT,18.26959999999997,2.0000000000000018
TRV,2026-08-03 00:00:00,2026-08-04 00:00:00,0.0124495289367429,1.0,2026-08-04 09:52:00,372.835,51.67915724408167,49.958427611119184,2,745.67,365.37829999999997,380.2917,2026-08-05 09:31:00,380.2917,TAKE_PROFIT,14.913400000000024,2.0000000000000018
ABT,2026-08-03 00:00:00,2026-08-04 00:00:00,0.096058003102152,7.0,2026-08-04 09:55:00,105.37,41.427547517731874,41.25122114754439,9,948.33,103.2626,107.4774,2026-08-06 09:31:00,107.4774,TAKE_PROFIT,18.966599999999985,2.0000000000000018
AJG,2026-08-03 00:00:00,2026-08-04 00:00:00,0.0456852791878172,2.0,2026-08-04 09:55:00,242.58,42.425023149100504,37.22889897613076,4,970.32,237.72840000000002,247.4316,2026-08-04 15:22:00,247.4316,TAKE_PROFIT,19.406399999999962,2.0000000000000018
MRSH,2026-08-03 00:00:00,2026-08-04 00:00:00,0.1142857142857142,9.0,2026-08-04 09:56:00,190.42,47.49027403899291,44.80234035087146,5,952.0999999999999,186.61159999999998,194.2284,2026-08-06 15:59:00,193.22,WEEK_END_CLOSE,14.000000000000057,1.4704337779644971
AON,2026-08-03 00:00:00,2026-08-04 00:00:00,0.0745762711864406,6.0,2026-08-04 10:00:00,352.615,46.96477689742573,43.45037083106077,2,705.23,345.5627,359.6673,2026-08-05 10:22:00,359.6673,TAKE_PROFIT,14.104600000000005,2.0000000000000018
KLAC,2026-08-03 00:00:00,2026-08-04 00:00:00,0.1024227083709998,8.0,2026-08-04 10:48:00,191.38,58.27780605959047,57.7294410416871,5,956.9,187.5524,195.20759999999999,2026-08-04 11:45:00,195.20759999999999,TAKE_PROFIT,19.13799999999995,2.0000000000000018
PCAR,2026-08-03 00:00:00,2026-08-04 00:00:00,0.12,10.0,2026-08-04 11:59:00,134.29,72.36629599451958,70.100283481885,7,940.03,131.6042,136.9758,2026-08-06 15:37:00,131.6042,STOP_LOSS,-18.800600000000003,-2.0000000000000018
ORLY,2026-08-03 00:00:00,2026-08-04 00:00:00,0.0505438259756877,3.0,2026-08-04 12:00:00,90.71,63.079498799738374,62.32329945840422,11,997.81,88.8958,92.5242,2026-08-05 09:30:00,92.72,TAKE_PROFIT_GAP,22.110000000000056,2.2158527174512166
KLAC,2026-08-03 00:00:00,2026-08-04 00:00:00,0.1024227083709998,8.0,2026-08-04 12:27:00,194.87,58.853967780253036,57.174997900428075,5,974.35,190.9726,198.7674,2026-08-05 09:45:00,198.7674,TAKE_PROFIT,19.487000000000023,2.0000000000000018
ORLY,2026-08-04 00:00:00,2026-08-05 00:00:00,0.0955665024630541,2.0,2026-08-05 09:46:00,92.68,64.22160896567993,59.73280709885782,10,926.8000000000001,90.8264,94.5336,2026-08-06 15:59:00,93.381,WEEK_END_CLOSE,7.009999999999934,0.756365990504948
APD,2026-08-04 00:00:00,2026-08-05 00:00:00,0.1685393258426966,6.0,2026-08-05 09:47:00,295.335,53.51237501277261,47.71318345826785,3,886.0049999999999,289.4283,301.2417,2026-08-06 15:59:00,299.94,WEEK_END_CLOSE,13.815000000000055,1.5592462796485407
AEP,2026-08-04 00:00:00,2026-08-05 00:00:00,0.1317829457364341,3.0,2026-08-05 09:52:00,127.0,46.79481712862031,42.62238931361701,7,889.0,124.46,129.54,2026-08-06 12:52:00,124.46,STOP_LOSS,-17.780000000000044,-2.0000000000000018
CRH,2026-08-04 00:00:00,2026-08-05 00:00:00,0.1569549449873993,5.0,2026-08-05 09:52:00,99.98,59.89291250095385,56.21130436014782,10,999.8000000000001,97.9804,101.9796,2026-08-06 11:16:00,97.9804,STOP_LOSS,-19.99600000000001,-2.0000000000000018
WM,2026-08-04 00:00:00,2026-08-05 00:00:00,0.2149122807017544,9.0,2026-08-05 09:52:00,223.93,48.77495501498637,46.96925012791282,4,895.72,219.4514,228.4086,2026-08-06 14:14:00,228.4086,TAKE_PROFIT,17.9144,2.0000000000000018
DLR,2026-08-04 00:00:00,2026-08-05 00:00:00,0.1378258105530833,4.0,2026-08-05 10:00:00,193.19,50.07806558381804,47.81715005451546,5,965.95,189.3262,197.0538,2026-08-06 15:59:00,192.55,WEEK_END_CLOSE,-3.199999999999932,-0.33128008696101663
ELV,2026-08-04 00:00:00,2026-08-05 00:00:00,0.2448979591836734,10.0,2026-08-05 10:03:00,383.62,56.913494070258075,56.803692502171806,2,767.24,375.9476,391.2924,2026-08-05 12:51:00,391.2924,TAKE_PROFIT,15.344799999999964,2.0000000000000018
ECL,2026-08-04 00:00:00,2026-08-05 00:00:00,0.1791044776119403,7.0,2026-08-05 10:06:00,285.32,61.14415380648138,60.93303116249721,3,855.96,279.61359999999996,291.0264,2026-08-06 15:59:00,283.67,WEEK_END_CLOSE,-4.949999999999932,-0.5782980513107994
AON,2026-08-04 00:00:00,2026-08-05 00:00:00,0.0172413793103448,1.0,2026-08-05 10:27:00,359.8,61.85921410098548,61.709818827012676,2,719.6,352.604,366.99600000000004,2026-08-06 15:59:00,360.7,WEEK_END_CLOSE,1.7999999999999545,0.2501389660922726
ELV,2026-08-04 00:00:00,2026-08-05 00:00:00,0.2448979591836734,10.0,2026-08-05 12:54:00,391.1,62.11114041146784,61.91976861258804,2,782.2,383.278,398.922,2026-08-06 15:59:00,391.41,WEEK_END_CLOSE,0.6200000000000045,0.07926361544361438
TEL,2026-08-05 00:00:00,2026-08-06 00:00:00,0.1657907310081223,9.0,2026-08-06 09:48:00,217.05,49.14074494859223,47.429141328149065,4,868.2,212.709,221.39100000000002,2026-08-06 15:59:00,215.08,WEEK_END_CLOSE,-7.8799999999999955,-0.9076249712047901
LIN,2026-08-05 00:00:00,2026-08-06 00:00:00,0.1852589641434263,10.0,2026-08-06 09:49:00,495.635,54.5075705581027,52.13402173768457,2,991.27,485.72229999999996,505.5477,2026-08-06 15:59:00,490.2,WEEK_END_CLOSE,-10.870000000000005,-1.096573083014718
PLD,2026-08-05 00:00:00,2026-08-06 00:00:00,0.0771604938271604,6.0,2026-08-06 09:49:00,140.68,51.22166301454654,48.579849468147,7,984.76,137.8664,143.49360000000001,2026-08-06 15:59:00,139.14,WEEK_END_CLOSE,-10.780000000000143,-1.0946829684390202
JCI,2026-08-05 00:00:00,2026-08-06 00:00:00,0.0238772029562251,1.0,2026-08-06 09:57:00,154.335,52.28349503639273,49.386735494300716,6,926.01,151.2483,157.42170000000002,2026-08-06 15:59:00,154.55,WEEK_END_CLOSE,1.2900000000000205,0.13930735089253687
DUK,2026-08-05 00:00:00,2026-08-06 00:00:00,0.0959488272921108,7.0,2026-08-06 10:02:00,123.595,50.71824126350235,49.928195483677634,8,988.76,121.1231,126.0669,2026-08-06 15:59:00,123.88,WEEK_END_CLOSE,2.2799999999999727,0.2305918524212025
CB,2026-08-05 00:00:00,2026-08-06 00:00:00,0.0603448275862069,3.0,2026-08-06 10:03:00,353.68,60.444663974871425,60.049399410810075,2,707.36,346.6064,360.7536,2026-08-06 15:59:00,354.09,WEEK_END_CLOSE,0.8199999999999363,0.11592399909521323
NSC,2026-08-05 00:00:00,2026-08-06 00:00:00,0.0476190476190476,2.0,2026-08-06 10:04:00,341.97,58.026723460067075,56.966701229275095,2,683.94,335.1306,348.80940000000004,2026-08-06 15:59:00,342.44,WEEK_END_CLOSE,0.9399999999999409,0.1374389566336065
AJG,2026-08-05 00:00:00,2026-08-06 00:00:00,0.0714285714285714,5.0,2026-08-06 10:38:00,249.26,57.991952630364075,47.207187170221054,4,997.04,244.2748,254.24519999999998,2026-08-06 15:59:00,251.77,WEEK_END_CLOSE,10.040000000000077,1.0069806627617917
