symbol,pcr_date,trade_date,pcr_value,pcr_rank,entry_timestamp,entry_price,rsi14,rsi14_mean100,quantity,capital_used,stop_loss_price,take_profit_price,exit_timestamp,exit_price,exit_reason,gross_pnl,pnl_pct
CVS,2025-08-05 00:00:00,2025-08-06 00:00:00,0.1005330781848004,9.0,2025-08-06 09:45:00,63.11,50.207614860717946,45.73601469732973,15,946.65,61.216699999999996,65.0033,2025-08-08 12:14:00,65.0033,TAKE_PROFIT,28.399499999999946,3.0000000000000027
USB,2025-08-05 00:00:00,2025-08-06 00:00:00,0.038619556285949,4.0,2025-08-06 09:46:00,44.6421,52.44385614491096,52.02224570650526,22,982.1261999999999,43.302837,45.981363,2025-08-08 15:59:00,44.86,WEEK_END_CLOSE,4.7938000000000045,0.48810427824856895
IBM,2025-08-05 00:00:00,2025-08-06 00:00:00,0.1171802054154995,10.0,2025-08-06 09:48:00,250.445,54.17112852947114,52.01704190847857,3,751.335,242.93165,257.95835,2025-08-08 13:01:00,242.93165,STOP_LOSS,-22.540050000000008,-3.0000000000000027
LIN,2025-08-05 00:00:00,2025-08-06 00:00:00,0.0484429065743944,5.0,2025-08-06 09:49:00,470.36,56.79211971260369,53.21105622633141,2,940.72,456.2492,484.47080000000005,2025-08-08 15:59:00,472.42,WEEK_END_CLOSE,4.1200000000000045,0.43796241176969897
FDX,2025-08-05 00:00:00,2025-08-06 00:00:00,0.0046893317702227,1.0,2025-08-06 09:52:00,222.92,58.20388779388993,57.306734082442134,4,891.68,216.23239999999998,229.6076,2025-08-07 09:33:00,229.6076,TAKE_PROFIT,26.750400000000013,3.0000000000000027
ISRG,2025-08-05 00:00:00,2025-08-06 00:00:00,0.0792540792540792,7.0,2025-08-06 10:00:00,478.67,50.792522893584874,45.998320050454765,2,957.34,464.3099,493.0301,2025-08-07 12:06:00,464.3099,STOP_LOSS,-28.720199999999977,-3.0000000000000027
RSG,2025-08-05 00:00:00,2025-08-06 00:00:00,0.0833333333333333,8.0,2025-08-06 10:17:00,232.615,48.57793528807152,46.141395036960425,4,930.46,225.63655,239.59345000000002,2025-08-08 15:59:00,235.35,WEEK_END_CLOSE,10.93999999999994,1.1757625260623739
AON,2025-08-05 00:00:00,2025-08-06 00:00:00,0.0357142857142857,3.0,2025-08-06 10:20:00,359.215,44.097292848106164,43.486378589789794,2,718.43,348.43854999999996,369.99145,2025-08-08 15:59:00,366.37,WEEK_END_CLOSE,14.31000000000006,1.9918433250281975
SNDK,2025-08-05 00:00:00,2025-08-06 00:00:00,0.0666666666666666,6.0,2025-08-06 10:30:00,42.16,59.472850541988066,53.71717289176993,23,969.68,40.895199999999996,43.4248,2025-08-07 11:10:00,40.895199999999996,STOP_LOSS,-29.090400000000024,-3.0000000000000027
CMCSA,2025-08-05 00:00:00,2025-08-06 00:00:00,0.0082417582417582,2.0,2025-08-06 10:34:00,32.453,47.44739554928206,46.34510048356417,30,973.5900000000001,31.47941,33.426590000000004,2025-08-08 15:59:00,31.665,WEEK_END_CLOSE,-23.640000000000114,-2.428126829568922
BX,2025-08-06 00:00:00,2025-08-07 00:00:00,0.0429487179487179,9.0,2025-08-07 09:49:00,170.13,49.186024044865036,48.02147874412731,5,850.65,165.02609999999999,175.2339,2025-08-08 15:59:00,168.97,WEEK_END_CLOSE,-5.799999999999983,-0.6818315405866082
KKR,2025-08-06 00:00:00,2025-08-07 00:00:00,0.0131578947368421,2.0,2025-08-07 09:49:00,145.35,50.69205225259806,49.40741568291859,6,872.0999999999999,140.9895,149.7105,2025-08-07 12:41:00,140.9895,STOP_LOSS,-26.16300000000001,-3.0000000000000027
FDX,2025-08-06 00:00:00,2025-08-07 00:00:00,0.0134907251264755,3.0,2025-08-07 09:57:00,228.35,54.16803902989522,52.3833621720538,4,913.4,221.49949999999998,235.2005,2025-08-08 15:59:00,227.97,WEEK_END_CLOSE,-1.5199999999999818,-0.16641121086051758
DLR,2025-08-06 00:00:00,2025-08-07 00:00:00,0.0138888888888888,4.0,2025-08-07 09:59:00,170.16,52.46661467226839,48.995007597011465,5,850.8,165.05519999999999,175.2648,2025-08-08 15:59:00,169.96,WEEK_END_CLOSE,-0.9999999999999432,-0.11753643629524024
KMI,2025-08-06 00:00:00,2025-08-07 00:00:00,0.0408010012515644,7.0,2025-08-07 10:02:00,27.095,57.95099485085113,55.545006167757435,36,975.42,26.282149999999998,27.90785,2025-08-08 15:59:00,26.885,WEEK_END_CLOSE,-7.559999999999903,-0.7750507473703538
AJG,2025-08-06 00:00:00,2025-08-07 00:00:00,0.0335820895522388,6.0,2025-08-07 10:28:00,286.31,53.44666762437855,48.968470691110916,3,858.9300000000001,277.7207,294.8993,2025-08-08 15:59:00,289.44,WEEK_END_CLOSE,9.389999999999986,1.0932206349760776
APD,2025-08-06 00:00:00,2025-08-07 00:00:00,0.0821917808219178,10.0,2025-08-07 10:36:00,290.34,50.173443733634045,48.197378949412894,3,871.02,281.6298,299.05019999999996,2025-08-08 15:59:00,288.46,WEEK_END_CLOSE,-5.639999999999986,-0.6475167045532859
CMI,2025-08-06 00:00:00,2025-08-07 00:00:00,0.0422077922077922,8.0,2025-08-07 10:54:00,380.2699,48.11010460183854,44.938636819447204,2,760.5398,368.861803,391.677997,2025-08-08 15:59:00,387.36,WEEK_END_CLOSE,14.180200000000013,1.8644915098460446
SNDK,2025-08-06 00:00:00,2025-08-07 00:00:00,0.0217391304347826,5.0,2025-08-07 11:17:00,41.065,41.9435543226302,41.20088774013655,24,985.56,39.83305,42.296949999999995,2025-08-08 09:47:00,42.296949999999995,TAKE_PROFIT,29.566799999999944,3.0000000000000027
KKR,2025-08-06 00:00:00,2025-08-07 00:00:00,0.0131578947368421,2.0,2025-08-07 12:50:00,141.07,45.8729547553229,42.14702044771503,7,987.49,136.8379,145.3021,2025-08-08 15:59:00,142.67,WEEK_END_CLOSE,11.19999999999996,1.1341887006450557
SPGI,2025-08-07 00:00:00,2025-08-08 00:00:00,0.0178571428571428,3.0,2025-08-08 09:46:00,559.325,54.624559051667624,53.71522490837739,1,559.325,542.54525,576.1047500000001,2025-08-08 15:59:00,556.08,WEEK_END_CLOSE,-3.2450000000000045,-0.5801635900415714
NSC,2025-08-07 00:00:00,2025-08-08 00:00:00,0.0219780219780219,4.0,2025-08-08 09:49:00,281.41,56.6315510052204,54.3865008781573,3,844.23,272.96770000000004,289.8523,2025-08-08 15:59:00,279.93,WEEK_END_CLOSE,-4.440000000000055,-0.5259230304537899
MS,2025-08-07 00:00:00,2025-08-08 00:00:00,0.0291746914901205,5.0,2025-08-08 09:59:00,141.64,55.41716563824139,54.20446819834427,7,991.4799999999999,137.39079999999998,145.8892,2025-08-08 15:59:00,143.21,WEEK_END_CLOSE,10.990000000000151,1.1084439423891812
JCI,2025-08-07 00:00:00,2025-08-08 00:00:00,0.0050847457627118,2.0,2025-08-08 10:02:00,105.145,60.30495773285708,59.0951476804394,9,946.305,101.99064999999999,108.29935,2025-08-08 15:59:00,105.51,WEEK_END_CLOSE,3.285000000000082,0.347139664273155
SNDK,2025-08-07 00:00:00,2025-08-08 00:00:00,0.0530035335689045,8.0,2025-08-08 10:19:00,43.32,71.03486999520777,68.10043776284307,23,996.36,42.0204,44.6196,2025-08-08 12:55:00,44.6196,TAKE_PROFIT,29.890799999999956,3.0000000000000027
ITW,2025-08-07 00:00:00,2025-08-08 00:00:00,0.0,1.0,2025-08-08 10:30:00,258.475,59.47829420781011,58.91578412541658,3,775.4250000000001,250.72075,266.22925000000004,2025-08-08 15:59:00,256.99,WEEK_END_CLOSE,-4.455000000000041,-0.5745236483218896
STX,2025-08-07 00:00:00,2025-08-08 00:00:00,0.0381516197993751,7.0,2025-08-08 10:54:00,149.69,56.85868788262724,50.66009876245351,6,898.14,145.1993,154.1807,2025-08-08 15:59:00,150.448,WEEK_END_CLOSE,4.548000000000059,0.5063798516935059
SNDK,2025-08-07 00:00:00,2025-08-08 00:00:00,0.0530035335689045,8.0,2025-08-08 13:03:00,44.63,60.38935025271785,55.33487659562984,22,981.86,43.2911,45.968900000000005,2025-08-08 15:59:00,44.34,WEEK_END_CLOSE,-6.379999999999981,-0.6497871386959453
EMR,2025-08-08 00:00:00,2025-08-11 00:00:00,0.0516431924882629,10.0,2025-08-11 09:45:00,132.87,47.53902472445283,46.98882567156373,7,930.09,128.8839,136.8561,2025-08-15 15:59:00,131.71,WEEK_END_CLOSE,-8.119999999999976,-0.8730337924286902
AJG,2025-08-08 00:00:00,2025-08-11 00:00:00,0.0,1.0,2025-08-11 09:47:00,290.53,47.81155050891694,47.02875198395012,3,871.5899999999999,281.81409999999994,299.2459,2025-08-15 15:59:00,292.61,WEEK_END_CLOSE,6.240000000000123,0.7159329501256417
ITW,2025-08-08 00:00:00,2025-08-11 00:00:00,0.0294117647058823,5.0,2025-08-11 09:52:00,257.2,44.45506255760222,42.97294055947831,3,771.5999999999999,249.48399999999998,264.916,2025-08-13 11:12:00,264.916,TAKE_PROFIT,23.148000000000025,3.0000000000000027
SNDK,2025-08-08 00:00:00,2025-08-11 00:00:00,0.041182682154171,8.0,2025-08-11 09:52:00,45.22,53.55993975352227,50.61153247129289,22,994.8399999999999,43.8634,46.5766,2025-08-11 15:25:00,43.8634,STOP_LOSS,-29.845200000000006,-3.0000000000000027
CSX,2025-08-08 00:00:00,2025-08-11 00:00:00,0.0315876974231088,6.0,2025-08-11 09:57:00,35.425,49.194785563741796,48.963672447707744,28,991.8999999999999,34.362249999999996,36.48775,2025-08-14 15:18:00,36.48775,TAKE_PROFIT,29.757000000000033,3.0000000000000027
ROST,2025-08-08 00:00:00,2025-08-11 00:00:00,0.0115990057995029,2.0,2025-08-11 09:58:00,146.33,65.99324241046358,54.412289156432884,6,877.98,141.9401,150.71990000000002,2025-08-15 15:59:00,146.94,WEEK_END_CLOSE,3.6599999999999113,0.4168659878357017
FDX,2025-08-08 00:00:00,2025-08-11 00:00:00,0.0476947535771065,9.0,2025-08-11 09:59:00,229.73,54.35803887422057,53.48449668029004,4,918.92,222.8381,236.62189999999998,2025-08-11 11:08:00,222.8381,STOP_LOSS,-27.56759999999997,-2.9999999999999916
LIN,2025-08-08 00:00:00,2025-08-11 00:00:00,0.0317460317460317,7.0,2025-08-11 09:59:00,470.58,44.23167602396845,41.921492504111136,2,941.16,456.46259999999995,484.6974,2025-08-15 15:59:00,480.08,WEEK_END_CLOSE,19.0,2.0187853287432445
SPGI,2025-08-08 00:00:00,2025-08-11 00:00:00,0.0222222222222222,4.0,2025-08-11 10:21:00,558.99,52.59096318605475,49.3006600202494,1,558.99,542.2203,575.7597000000001,2025-08-14 09:30:00,575.7597000000001,TAKE_PROFIT,16.769700000000057,3.0000000000000027
WDC,2025-08-08 00:00:00,2025-08-11 00:00:00,0.020968239284613,3.0,2025-08-11 11:02:00,75.06,45.39755879627286,39.76531265818351,13,975.78,72.8082,77.3118,2025-08-15 15:59:00,75.06,WEEK_END_CLOSE,0.0,0.0
FDX,2025-08-08 00:00:00,2025-08-11 00:00:00,0.0476947535771065,9.0,2025-08-11 11:11:00,222.8732,30.962213433616142,28.518684199794734,4,891.4928,216.187004,229.559396,2025-08-12 10:04:00,229.559396,TAKE_PROFIT,26.74478399999998,3.0000000000000027
NSC,2025-08-11 00:00:00,2025-08-12 00:00:00,0.0168954593453009,4.0,2025-08-12 09:46:00,279.64,57.537254027384016,54.39323479619952,3,838.92,271.25079999999997,288.0292,2025-08-15 15:59:00,280.75,WEEK_END_CLOSE,3.330000000000041,0.39693892147045773
WMB,2025-08-11 00:00:00,2025-08-12 00:00:00,0.0622327790973871,9.0,2025-08-12 09:48:00,57.85,41.955969056783914,38.440597857910866,17,983.45,56.1145,59.5855,2025-08-15 15:59:00,57.46,WEEK_END_CLOSE,-6.63000000000001,-0.6741573033707926
APD,2025-08-11 00:00:00,2025-08-12 00:00:00,0.0857142857142857,10.0,2025-08-12 09:58:00,285.295,61.96743178724177,61.12208114560122,3,855.885,276.73615,293.85385,2025-08-13 15:43:00,293.85385,TAKE_PROFIT,25.67655000000002,3.0000000000000027
DUK,2025-08-11 00:00:00,2025-08-12 00:00:00,0.0213740458015267,5.0,2025-08-12 09:59:00,125.26,53.48016940796609,51.32023134868736,7,876.82,121.5022,129.01780000000002,2025-08-15 15:59:00,122.44,WEEK_END_CLOSE,-19.74000000000005,-2.251317260098995
FDX,2025-08-11 00:00:00,2025-08-12 00:00:00,0.0017167381974248,2.0,2025-08-12 10:26:00,231.77,68.4955831937057,67.74639261170329,4,927.08,224.8169,238.72310000000002,2025-08-13 09:31:00,224.8169,STOP_LOSS,-27.812400000000025,-3.0000000000000027
AON,2025-08-11 00:00:00,2025-08-12 00:00:00,0.0002237136465324,1.0,2025-08-12 10:43:00,363.405,45.66399244012254,42.558742993057535,2,726.81,352.50284999999997,374.30715,2025-08-15 15:59:00,367.24,WEEK_END_CLOSE,7.670000000000073,1.0552964323550906
CMCSA,2025-08-11 00:00:00,2025-08-12 00:00:00,0.0428189116859946,8.0,2025-08-12 10:47:00,32.195,65.00634825045498,63.56916599885014,31,998.045,31.22915,33.16085,2025-08-15 09:31:00,33.16085,TAKE_PROFIT,29.9413500000001,3.0000000000000027
FDX,2025-08-12 00:00:00,2025-08-13 00:00:00,0.0026833631484794,2.0,2025-08-13 09:45:00,223.51,36.75741174337835,36.31233778733177,4,894.04,216.8047,230.21529999999998,2025-08-13 15:43:00,230.21529999999998,TAKE_PROFIT,26.821199999999976,3.0000000000000027
AMT,2025-08-12 00:00:00,2025-08-13 00:00:00,0.0813648293963254,10.0,2025-08-13 09:46:00,204.3025,45.219077165941236,36.87197809004448,4,817.21,198.173425,210.431575,2025-08-15 15:59:00,206.29,WEEK_END_CLOSE,7.949999999999932,0.9728221632138601
UPS,2025-08-12 00:00:00,2025-08-13 00:00:00,0.0789595375722543,9.0,2025-08-13 09:48:00,87.045,51.27535872228041,51.127621648478666,11,957.495,84.43365,89.65635,2025-08-15 15:59:00,88.5,WEEK_END_CLOSE,16.00499999999998,1.6715491986903253
TEL,2025-08-12 00:00:00,2025-08-13 00:00:00,0.0,1.0,2025-08-13 09:54:00,205.55,62.90537896805942,59.21918010172206,4,822.2,199.3835,211.71650000000002,2025-08-15 15:59:00,202.71,WEEK_END_CLOSE,-11.360000000000014,-1.381658963755783
HPE,2025-08-12 00:00:00,2025-08-13 00:00:00,0.012930508681332,6.0,2025-08-13 10:05:00,21.565,61.027864846668756,59.11972473181606,46,991.99,20.91805,22.21195,2025-08-15 15:59:00,21.165,WEEK_END_CLOSE,-18.400000000000098,-1.8548574078367852
CRH,2025-08-12 00:00:00,2025-08-13 00:00:00,0.0508806262230919,7.0,2025-08-13 10:18:00,113.18,63.01384348063249,60.76303976536839,8,905.44,109.7846,116.57540000000002,2025-08-15 15:59:00,110.82,WEEK_END_CLOSE,-18.88000000000011,-2.0851740590210444
MCO,2025-08-13 00:00:00,2025-08-14 00:00:00,0.0056497175141242,4.0,2025-08-14 09:45:00,521.48,56.06374054284689,51.56870719283002,1,521.48,505.8356,537.1244,2025-08-15 15:59:00,516.6,WEEK_END_CLOSE,-4.8799999999999955,-0.9357981130628246
SPGI,2025-08-13 00:00:00,2025-08-14 00:00:00,0.008130081300813,6.0,2025-08-14 09:47:00,563.75,52.26140121789569,48.211434483113145,1,563.75,546.8375,580.6625,2025-08-15 15:59:00,556.59,WEEK_END_CLOSE,-7.159999999999968,-1.2700665188470017
ALL,2025-08-13 00:00:00,2025-08-14 00:00:00,0.0,2.0,2025-08-14 09:51:00,208.41,54.13894738846405,46.10500197450331,4,833.64,202.15769999999998,214.66230000000002,2025-08-15 15:59:00,206.83,WEEK_END_CLOSE,-6.319999999999936,-0.7581210114677717
FDX,2025-08-13 00:00:00,2025-08-14 00:00:00,0.0047683923705722,3.0,2025-08-14 09:53:00,229.48,57.58345205061709,57.17405674986574,4,917.92,222.5956,236.3644,2025-08-15 15:59:00,227.4,WEEK_END_CLOSE,-8.319999999999936,-0.9063970716402192
ECL,2025-08-13 00:00:00,2025-08-14 00:00:00,0.0,1.0,2025-08-14 10:33:00,279.7,49.252520182534674,48.60188899329653,3,839.0999999999999,271.30899999999997,288.091,2025-08-15 15:59:00,280.96,WEEK_END_CLOSE,3.7799999999999727,0.45048265999285686
PH,2025-08-13 00:00:00,2025-08-14 00:00:00,0.0193548387096774,7.0,2025-08-14 10:44:00,752.095,47.273117144327124,46.146875359191085,1,752.095,729.53215,774.65785,2025-08-15 15:04:00,728.66,STOP_LOSS_GAP,-23.43500000000006,-3.115962744068246
ITW,2025-08-14 00:00:00,2025-08-15 00:00:00,0.0111801242236024,7.0,2025-08-15 09:45:00,262.785,52.79690215023629,47.75728304587932,3,788.355,254.90145,270.66855000000004,2025-08-15 15:59:00,258.65,WEEK_END_CLOSE,-12.405000000000143,-1.5735296915729724
HON,2025-08-14 00:00:00,2025-08-15 00:00:00,0.0238748627881448,9.0,2025-08-15 09:51:00,205.2309,53.07161176896173,52.491508926152996,4,820.9236,199.073973,211.387827,2025-08-15 15:59:00,204.1942,WEEK_END_CLOSE,-4.146799999999985,-0.5051383587948988
WELL,2025-08-14 00:00:00,2025-08-15 00:00:00,0.0,1.0,2025-08-15 09:52:00,161.63,49.07864191576214,48.92632254838702,6,969.78,156.78109999999998,166.4789,2025-08-15 15:59:00,162.95,WEEK_END_CLOSE,7.919999999999959,0.8166800717688494
CMCSA,2025-08-14 00:00:00,2025-08-15 00:00:00,0.0090840272520817,6.0,2025-08-15 09:57:00,33.35,60.11593968936403,59.02959295921976,29,967.1500000000001,32.3495,34.350500000000004,2025-08-15 15:59:00,33.47,WEEK_END_CLOSE,3.479999999999926,0.3598200899550097
KMI,2025-08-14 00:00:00,2025-08-15 00:00:00,0.0060761024964258,5.0,2025-08-15 10:13:00,26.735,49.68250410670162,47.20065542761832,37,989.1949999999999,25.932949999999998,27.53705,2025-08-15 15:59:00,26.66,WEEK_END_CLOSE,-2.7749999999999737,-0.2805311389564191
CSX,2025-08-14 00:00:00,2025-08-15 00:00:00,0.0186575166202015,8.0,2025-08-15 10:24:00,36.12,49.063065933236324,40.88786105416381,27,975.2399999999999,35.03639999999999,37.2036,2025-08-15 15:59:00,36.335,WEEK_END_CLOSE,5.805000000000092,0.5952380952381153
ICE,2025-08-14 00:00:00,2025-08-15 00:00:00,0.0241935483870967,10.0,2025-08-15 10:40:00,181.09,43.585471859834996,39.47764146782057,5,905.45,175.6573,186.52270000000001,2025-08-15 15:59:00,181.21,WEEK_END_CLOSE,0.6000000000000227,0.06626539289855682
APD,2025-08-15 00:00:00,2025-08-18 00:00:00,0.0043763676148796,1.0,2025-08-18 09:45:00,289.09,42.69253673200416,41.42615632497631,3,867.27,280.41729999999995,297.7627,2025-08-22 10:10:00,297.7627,TAKE_PROFIT,26.01810000000006,3.0000000000000027
WMB,2025-08-15 00:00:00,2025-08-18 00:00:00,0.0421686746987951,10.0,2025-08-18 09:51:00,56.73,35.83629689614203,32.6798755317214,17,964.41,55.028099999999995,58.4319,2025-08-22 15:59:00,57.06,WEEK_END_CLOSE,5.610000000000092,0.5817028027498727
SPGI,2025-08-15 00:00:00,2025-08-18 00:00:00,0.0084388185654008,4.0,2025-08-18 09:59:00,554.55,42.45712799485976,34.15632000379252,1,554.55,537.9134999999999,571.1865,2025-08-22 15:59:00,556.35,WEEK_END_CLOSE,1.8000000000000682,0.3245875033811352
USB,2025-08-15 00:00:00,2025-08-18 00:00:00,0.0166538164996144,5.0,2025-08-18 10:00:00,45.865,43.35000192607944,41.97649550059324,21,963.1650000000001,44.48905,47.240950000000005,2025-08-22 10:02:00,47.240950000000005,TAKE_PROFIT,28.894950000000065,3.0000000000000027
AON,2025-08-15 00:00:00,2025-08-18 00:00:00,0.0072202166064981,2.0,2025-08-18 10:05:00,366.08,40.14488658221889,40.06658930120798,2,732.16,355.0976,377.06239999999997,2025-08-20 09:51:00,377.06239999999997,TAKE_PROFIT,21.96479999999997,3.0000000000000027
DUK,2025-08-15 00:00:00,2025-08-18 00:00:00,0.0205882352941176,6.0,2025-08-18 10:16:00,122.33,50.43039553982167,47.79504427147803,8,978.64,118.6601,125.9999,2025-08-22 15:59:00,124.34,WEEK_END_CLOSE,16.08000000000004,1.6430965421401211
FDX,2025-08-15 00:00:00,2025-08-18 00:00:00,0.0072992700729927,3.0,2025-08-18 10:29:00,226.29,44.84692317851625,43.30082789289913,4,905.16,219.5013,233.0787,2025-08-19 10:30:00,233.0787,TAKE_PROFIT,27.154800000000023,3.0000000000000027
ITW,2025-08-15 00:00:00,2025-08-18 00:00:00,0.0274725274725274,7.0,2025-08-18 10:35:00,258.61,54.38389563352881,47.87116771096042,3,775.83,250.8517,266.36830000000003,2025-08-22 10:01:00,266.36830000000003,TAKE_PROFIT,23.27490000000006,3.0000000000000027
AFL,2025-08-15 00:00:00,2025-08-18 00:00:00,0.0406320541760722,9.0,2025-08-18 10:38:00,105.64,59.93771989285886,53.69941099843402,9,950.76,102.4708,108.8092,2025-08-22 09:30:00,108.8092,TAKE_PROFIT,28.522800000000032,3.0000000000000027
AJG,2025-08-15 00:00:00,2025-08-18 00:00:00,0.0289855072463768,8.0,2025-08-18 10:42:00,295.1,59.46658427250915,54.030918511950425,3,885.3000000000001,286.247,303.95300000000003,2025-08-20 09:51:00,303.95300000000003,TAKE_PROFIT,26.559000000000026,3.0000000000000027
PH,2025-08-18 00:00:00,2025-08-19 00:00:00,0.0087108013937282,3.0,2025-08-19 09:51:00,740.55,59.84136296001491,58.87707039368736,1,740.55,718.3335,762.7665,2025-08-22 15:59:00,752.75,WEEK_END_CLOSE,12.200000000000045,1.6474242117345383
ICE,2025-08-18 00:00:00,2025-08-19 00:00:00,0.0304841601912731,7.0,2025-08-19 09:53:00,177.91,50.15095355822366,48.887622713382605,5,889.55,172.5727,183.2473,2025-08-22 15:59:00,180.73,WEEK_END_CLOSE,14.099999999999966,1.5850711033668752
PWR,2025-08-18 00:00:00,2025-08-19 00:00:00,0.0580474934036939,10.0,2025-08-19 09:56:00,381.025,52.088117371546645,48.03888831629808,2,762.05,369.59425,392.45574999999997,2025-08-20 10:05:00,369.54,STOP_LOSS_GAP,-22.969999999999914,-3.014237910898221
MO,2025-08-18 00:00:00,2025-08-19 00:00:00,0.0255621615257829,6.0,2025-08-19 10:00:00,65.9454,53.21016807731112,44.87172945258543,15,989.181,63.967038,67.92376200000001,2025-08-22 09:30:00,68.01,TAKE_PROFIT_GAP,30.96899999999998,3.1307718203240853
CMCSA,2025-08-18 00:00:00,2025-08-19 00:00:00,0.0032076205287713,1.0,2025-08-19 10:08:00,33.725,55.0535904782264,54.10956325909376,29,978.0250000000001,32.71325,34.73675,2025-08-22 15:59:00,34.16,WEEK_END_CLOSE,12.61499999999986,1.2898443291326833
BMY,2025-08-18 00:00:00,2025-08-19 00:00:00,0.0520893288822378,8.0,2025-08-19 10:10:00,48.57,55.85842102204418,50.8776113537357,20,971.4,47.112899999999996,50.027100000000004,2025-08-22 15:59:00,47.9,WEEK_END_CLOSE,-13.400000000000034,-1.3794523368334421
CTAS,2025-08-18 00:00:00,2025-08-19 00:00:00,0.0039028620988725,2.0,2025-08-19 10:26:00,216.01,56.34164982236289,53.427750270927184,4,864.04,209.5297,222.4903,2025-08-22 15:59:00,215.58,WEEK_END_CLOSE,-1.7199999999999136,-0.1990648581084109
FDX,2025-08-18 00:00:00,2025-08-19 00:00:00,0.0120481927710843,4.0,2025-08-19 10:43:00,234.52,71.35637988922767,68.20846754530201,4,938.08,227.4844,241.55560000000003,2025-08-20 15:31:00,227.4844,STOP_LOSS,-28.142400000000066,-3.0000000000000027
AJG,2025-08-19 00:00:00,2025-08-20 00:00:00,0.047945205479452,8.0,2025-08-20 09:52:00,304.43,69.91015194193753,68.472288495795,3,913.29,295.2971,313.5629,2025-08-22 15:59:00,303.15,WEEK_END_CLOSE,-3.8400000000000887,-0.42045790493711044
GILD,2025-08-19 00:00:00,2025-08-20 00:00:00,0.0417840375586854,7.0,2025-08-20 09:58:00,120.2189,59.388151074334154,58.60143352508055,8,961.7512,116.612333,123.825467,2025-08-21 09:30:00,115.5,STOP_LOSS_GAP,-37.75120000000004,-3.9252563448842093
PWR,2025-08-19 00:00:00,2025-08-20 00:00:00,0.0367647058823529,6.0,2025-08-20 10:11:00,371.06,47.034708536518195,39.78089695068922,2,742.12,359.9282,382.1918,2025-08-22 10:01:00,382.465,TAKE_PROFIT_GAP,22.809999999999945,3.0736269066997224
HPE,2025-08-19 00:00:00,2025-08-20 00:00:00,0.0293504064455794,4.0,2025-08-20 10:19:00,20.585,36.39783474194636,31.625252093754106,48,988.08,19.96745,21.202550000000002,2025-08-21 09:30:00,21.68,TAKE_PROFIT_GAP,52.559999999999945,5.319407335438431
WELL,2025-08-19 00:00:00,2025-08-20 00:00:00,0.018018018018018,3.0,2025-08-20 10:53:00,166.5364,59.65667986162646,59.34544737531071,6,999.2184,161.54030799999998,171.532492,2025-08-22 15:59:00,164.37,WEEK_END_CLOSE,-12.99839999999989,-1.300856749635504
PG,2025-08-20 00:00:00,2025-08-21 00:00:00,0.042492513902752,5.0,2025-08-21 09:48:00,158.395,47.274089289994926,46.3364187172412,6,950.3700000000001,153.64315000000002,163.14685,2025-08-22 15:59:00,158.66,WEEK_END_CLOSE,1.5899999999999181,0.16730326083524982
KKR,2025-08-20 00:00:00,2025-08-21 00:00:00,0.0183591508892713,4.0,2025-08-21 09:49:00,137.41,51.546580465010095,47.25953426421064,7,961.87,133.2877,141.5323,2025-08-22 10:06:00,141.5323,TAKE_PROFIT,28.85609999999997,3.0000000000000027
PCAR,2025-08-20 00:00:00,2025-08-21 00:00:00,0.0521739130434782,10.0,2025-08-21 09:50:00,97.665,46.96485511139768,44.51505981649022,10,976.6500000000001,94.73505,100.59495000000001,2025-08-22 10:09:00,100.59495000000001,TAKE_PROFIT,29.29950000000005,3.0000000000000027
FDX,2025-08-20 00:00:00,2025-08-21 00:00:00,0.0165289256198347,2.0,2025-08-21 09:51:00,225.33,37.49721909808304,35.30159741294801,4,901.32,218.5701,232.08990000000003,2025-08-22 10:03:00,232.08990000000003,TAKE_PROFIT,27.039600000000064,3.0000000000000027
HON,2025-08-20 00:00:00,2025-08-21 00:00:00,0.0460385438972162,8.0,2025-08-21 09:51:00,204.147,55.27674914086992,53.07354498084803,4,816.588,198.02258999999998,210.27141,2025-08-22 15:59:00,209.9953,WEEK_END_CLOSE,23.39319999999998,2.8647494207605373
TT,2025-08-20 00:00:00,2025-08-21 00:00:00,0.0434782608695652,6.0,2025-08-21 10:05:00,424.9825,57.75380617795101,55.794750956260415,2,849.965,412.233025,437.73197500000003,2025-08-22 15:59:00,424.3,WEEK_END_CLOSE,-1.365000000000009,-0.1605948480231545
MCO,2025-08-20 00:00:00,2025-08-21 00:00:00,0.0454545454545454,7.0,2025-08-21 10:07:00,513.38,55.23061411867129,53.425035304664405,1,513.38,497.9786,528.7814,2025-08-22 15:59:00,515.94,WEEK_END_CLOSE,2.560000000000059,0.49865596634073306
FCX,2025-08-21 00:00:00,2025-08-22 00:00:00,0.0771938057250117,10.0,2025-08-22 09:45:00,41.93,60.78714766942198,57.58448286855715,23,964.39,40.6721,43.1879,2025-08-22 10:50:00,43.1879,TAKE_PROFIT,28.931699999999985,3.0000000000000027
APO,2025-08-21 00:00:00,2025-08-22 00:00:00,0.0141200951248513,2.0,2025-08-22 10:00:00,136.505,72.82397770418714,52.66597826620184,7,955.535,132.40985,140.60014999999999,2025-08-22 15:59:00,134.26,WEEK_END_CLOSE,-15.715000000000032,-1.644628401890047
GLW,2025-08-21 00:00:00,2025-08-22 00:00:00,0.0670731707317073,8.0,2025-08-22 10:00:00,65.93,79.83803919222383,54.87265424955596,15,988.95,63.9521,67.90790000000001,2025-08-22 15:59:00,65.76,WEEK_END_CLOSE,-2.5500000000000256,-0.2578492340361005
KMI,2025-08-21 00:00:00,2025-08-22 00:00:00,0.0403387039868281,5.0,2025-08-22 10:16:00,26.875,53.830355197387384,50.73773647441211,37,994.375,26.068749999999998,27.681250000000002,2025-08-22 15:59:00,26.69,WEEK_END_CLOSE,-6.844999999999953,-0.6883720930232484
FDX,2025-08-21 00:00:00,2025-08-22 00:00:00,0.0014781966001478,1.0,2025-08-22 10:35:00,235.2675,73.77178493857686,73.51746647657927,4,941.07,228.209475,242.32552500000003,2025-08-22 15:59:00,236.81,WEEK_END_CLOSE,6.169999999999959,0.655636668898163
FCX,2025-08-21 00:00:00,2025-08-22 00:00:00,0.0771938057250117,10.0,2025-08-22 10:52:00,43.175,66.0593014786904,65.26672282677656,23,993.025,41.879749999999994,44.47025,2025-08-22 15:59:00,43.28,WEEK_END_CLOSE,2.4150000000000915,0.24319629415172628
AFL,2025-08-21 00:00:00,2025-08-22 00:00:00,0.0416666666666666,6.0,2025-08-22 10:55:00,109.24,58.15505919971156,55.65068770297134,9,983.16,105.96279999999999,112.5172,2025-08-22 15:59:00,108.44,WEEK_END_CLOSE,-7.199999999999974,-0.7323324789454411
EMR,2025-08-22 00:00:00,2025-08-25 00:00:00,0.0694444444444444,10.0,2025-08-25 09:45:00,133.74,45.194674601957395,45.06405685767153,7,936.1800000000001,129.7278,137.75220000000002,2025-08-29 15:59:00,131.92,WEEK_END_CLOSE,-12.740000000000151,-1.3608494093016454
TT,2025-08-22 00:00:00,2025-08-25 00:00:00,0.025,6.0,2025-08-25 09:45:00,424.85,47.900484036114094,44.649689293501595,2,849.7,412.10450000000003,437.5955,2025-08-29 15:59:00,415.6,WEEK_END_CLOSE,-18.5,-2.1772390255384244
ECL,2025-08-22 00:00:00,2025-08-25 00:00:00,0.0679611650485436,9.0,2025-08-25 09:49:00,283.2,44.92912637343079,44.12723629337187,3,849.5999999999999,274.704,291.69599999999997,2025-08-29 15:59:00,276.91,WEEK_END_CLOSE,-18.86999999999989,-2.2210451977401013
KKR,2025-08-22 00:00:00,2025-08-25 00:00:00,0.0516080777860882,8.0,2025-08-25 09:49:00,141.395,43.726804681436946,43.37526860712582,7,989.7650000000001,137.15315,145.63685,2025-08-29 15:59:00,139.56,WEEK_END_CLOSE,-12.845000000000056,-1.2977828070299569
DUK,2025-08-22 00:00:00,2025-08-25 00:00:00,0.0050233225690706,3.0,2025-08-25 09:52:00,123.9681,46.39661233350123,45.31521285369254,8,991.7448,120.24905700000001,127.687143,2025-08-29 15:59:00,122.51,WEEK_END_CLOSE,-11.664800000000014,-1.176189681055051
CMCSA,2025-08-22 00:00:00,2025-08-25 00:00:00,0.000914913083257,1.0,2025-08-25 09:55:00,34.095,62.33382719569271,60.08251675340876,29,988.755,33.07215,35.11785,2025-08-29 15:59:00,33.99,WEEK_END_CLOSE,-3.0449999999999093,-0.30796304443465594
ITW,2025-08-22 00:00:00,2025-08-25 00:00:00,0.0290697674418604,7.0,2025-08-25 10:19:00,268.295,47.775106233038386,47.35159805899133,3,804.885,260.24615,276.34385000000003,2025-08-29 15:59:00,264.69,WEEK_END_CLOSE,-10.815000000000055,-1.3436702137572532
FDX,2025-08-22 00:00:00,2025-08-25 00:00:00,0.0094562647754137,4.0,2025-08-25 10:28:00,233.805,45.446401516397614,41.80817540661595,4,935.22,226.79085,240.81915,2025-08-29 15:59:00,231.07,WEEK_END_CLOSE,-10.940000000000055,-1.1697782339984197
KMI,2025-08-22 00:00:00,2025-08-25 00:00:00,0.0049530099060198,2.0,2025-08-25 10:55:00,26.495,42.91527411114354,39.22112814967882,37,980.315,25.70015,27.28985,2025-08-29 15:59:00,26.985,WEEK_END_CLOSE,18.129999999999942,1.8494055482166427
APD,2025-08-22 00:00:00,2025-08-25 00:00:00,0.0152380952380952,5.0,2025-08-25 11:25:00,295.55,39.560517262377374,34.84828511198037,3,886.6500000000001,286.6835,304.41650000000004,2025-08-29 15:59:00,294.29,WEEK_END_CLOSE,-3.7799999999999727,-0.4263238030789984
SPGI,2025-08-25 00:00:00,2025-08-26 00:00:00,0.0064102564102564,1.0,2025-08-26 09:48:00,549.71,46.697608705822816,41.52921287032713,1,549.71,533.2187,566.2013000000001,2025-08-29 15:59:00,548.44,WEEK_END_CLOSE,-1.2699999999999818,-0.23103090720560937
RSG,2025-08-25 00:00:00,2025-08-26 00:00:00,0.0769230769230769,9.0,2025-08-26 09:51:00,232.635,53.77452570786511,45.83258399254163,4,930.54,225.65595,239.61405,2025-08-29 15:59:00,234.1,WEEK_END_CLOSE,5.860000000000014,0.6297418703118618
PCAR,2025-08-25 00:00:00,2025-08-26 00:00:00,0.0082015231400117,2.0,2025-08-26 09:57:00,100.41,49.58835891916664,49.4898049056432,9,903.6899999999999,97.3977,103.42229999999999,2025-08-29 15:59:00,99.98,WEEK_END_CLOSE,-3.8699999999999335,-0.4282441987849772
ICE,2025-08-25 00:00:00,2025-08-26 00:00:00,0.0597014925373134,6.0,2025-08-26 09:59:00,178.4,48.08206142310587,42.48090850139404,5,892.0,173.048,183.752,2025-08-29 15:59:00,176.62,WEEK_END_CLOSE,-8.900000000000006,-0.9977578475336313
TEL,2025-08-25 00:00:00,2025-08-26 00:00:00,0.0714285714285714,8.0,2025-08-26 09:59:00,205.97,58.32025613165776,55.12333468324694,4,823.88,199.7909,212.1491,2025-08-29 15:59:00,206.54,WEEK_END_CLOSE,2.2799999999999727,0.2767393309705213
SYK,2025-08-26 00:00:00,2025-08-27 00:00:00,0.0604395604395604,8.0,2025-08-27 09:46:00,394.9,58.63614373097894,53.39853199138909,2,789.8,383.05299999999994,406.747,2025-08-29 15:59:00,391.52,WEEK_END_CLOSE,-6.759999999999991,-0.8559128893390722
JCI,2025-08-26 00:00:00,2025-08-27 00:00:00,0.0829694323144104,10.0,2025-08-27 09:49:00,109.04,60.7640471146401,60.695403162716154,9,981.36,105.7688,112.31120000000001,2025-08-29 15:59:00,106.89,WEEK_END_CLOSE,-19.35000000000005,-1.9717534849596485
MCO,2025-08-26 00:00:00,2025-08-27 00:00:00,0.0294117647058823,6.0,2025-08-27 10:03:00,512.9999,62.79626290792204,62.568541548751035,1,512.9999,497.60990300000003,528.389897,2025-08-29 15:59:00,510.23,WEEK_END_CLOSE,-2.769900000000007,-0.5399416257196199
SNDK,2025-08-26 00:00:00,2025-08-27 00:00:00,0.0083275503122831,2.0,2025-08-27 10:05:00,48.02,54.93295494515882,53.49078940423103,20,960.4000000000001,46.5794,49.46060000000001,2025-08-28 09:39:00,49.46060000000001,TAKE_PROFIT,28.81200000000007,3.0000000000000027
USB,2025-08-27 00:00:00,2025-08-28 00:00:00,0.0067379390890306,3.0,2025-08-28 09:49:00,48.7,48.73690708497838,47.6632045326297,20,974.0,47.239000000000004,50.161,2025-08-29 15:59:00,48.87,WEEK_END_CLOSE,3.399999999999892,0.34907597535933643
EOG,2025-08-27 00:00:00,2025-08-28 00:00:00,0.0637450199203187,9.0,2025-08-28 09:50:00,122.51,47.95752587549284,42.48610568730665,8,980.08,118.8347,126.18530000000001,2025-08-29 15:59:00,124.85,WEEK_END_CLOSE,18.719999999999914,1.9100481593339325
MCK,2025-08-27 00:00:00,2025-08-28 00:00:00,0.040983606557377,7.0,2025-08-28 09:50:00,681.95,51.33364815857657,49.18727443889229,1,681.95,661.4915,702.4085000000001,2025-08-29 15:59:00,687.09,WEEK_END_CLOSE,5.139999999999986,0.7537209472835205
BMY,2025-08-27 00:00:00,2025-08-28 00:00:00,0.0352609308885754,6.0,2025-08-28 09:51:00,47.32,51.80440715780102,49.4175157691645,21,993.72,45.9004,48.7396,2025-08-29 15:59:00,47.2,WEEK_END_CLOSE,-2.5199999999999463,-0.2535925612848655
SHW,2025-08-27 00:00:00,2025-08-28 00:00:00,0.0833333333333333,10.0,2025-08-28 09:52:00,366.51,50.948486170204085,47.28328132480569,2,733.02,355.5147,377.5053,2025-08-29 15:59:00,365.98,WEEK_END_CLOSE,-1.0599999999999454,-0.14460724127580704
CTAS,2025-08-27 00:00:00,2025-08-28 00:00:00,0.0416666666666666,8.0,2025-08-28 10:17:00,211.1,46.63983987080469,38.154931892843855,4,844.4,204.767,217.433,2025-08-29 15:59:00,210.11,WEEK_END_CLOSE,-3.9599999999999227,-0.4689720511605766
CME,2025-08-28 00:00:00,2025-08-29 00:00:00,0.0395576350489153,8.0,2025-08-29 09:46:00,266.865,51.831718495756945,49.85328136285262,3,800.595,258.85905,274.87095,2025-08-29 15:59:00,266.45,WEEK_END_CLOSE,-1.2450000000000614,-0.15550933992843907
WBD,2025-08-28 00:00:00,2025-08-29 00:00:00,0.0605317744672826,10.0,2025-08-29 10:17:00,11.735,38.354940696158344,35.527394752069554,85,997.4749999999999,11.38295,12.08705,2025-08-29 15:59:00,11.63,WEEK_END_CLOSE,-8.924999999999885,-0.8947592671495364
RTX,2025-08-28 00:00:00,2025-08-29 00:00:00,0.0324677435080763,6.0,2025-08-29 10:34:00,159.14,44.113268429539026,40.03332172225689,6,954.8399999999999,154.36579999999998,163.9142,2025-08-29 15:59:00,158.64,WEEK_END_CLOSE,-3.0,-0.3141887646097796
BSX,2025-08-29 00:00:00,2025-09-02 00:00:00,0.0472494093823827,9.0,2025-09-02 09:45:00,105.06,50.603370614277246,46.59085034138665,9,945.54,101.9082,108.21180000000001,2025-09-04 09:53:00,108.21180000000001,TAKE_PROFIT,28.366200000000077,3.0000000000000027
ECL,2025-08-29 00:00:00,2025-09-02 00:00:00,0.0205479452054794,2.0,2025-09-02 09:49:00,276.055,46.37425963141938,44.20958108161553,3,828.165,267.77335,284.33665,2025-09-05 15:59:00,273.59,WEEK_END_CLOSE,-7.3950000000000955,-0.8929380014852217
USB,2025-08-29 00:00:00,2025-09-02 00:00:00,0.0422832980972515,6.0,2025-09-02 09:49:00,48.15,42.59342799241329,38.33020860745462,20,963.0,46.7055,49.5945,2025-09-05 15:59:00,48.82,WEEK_END_CLOSE,13.400000000000034,1.3914849428868115
MCO,2025-08-29 00:00:00,2025-09-02 00:00:00,0.0363636363636363,5.0,2025-09-02 09:51:00,500.92,40.28446752096062,40.01986064284565,1,500.92,485.8924,515.9476000000001,2025-09-05 15:59:00,499.41,WEEK_END_CLOSE,-1.509999999999991,-0.3014453405733475
PH,2025-08-29 00:00:00,2025-09-02 00:00:00,0.0472440944881889,8.0,2025-09-02 09:51:00,744.91,43.19995979161117,41.882291472276236,1,744.91,722.5627,767.2573,2025-09-05 15:59:00,758.7,WEEK_END_CLOSE,13.790000000000077,1.8512303499751859
CMCSA,2025-08-29 00:00:00,2025-09-02 00:00:00,0.025,3.0,2025-09-02 09:52:00,33.845,54.43152821618279,52.69695206616816,29,981.505,32.82965,34.86035,2025-09-05 15:59:00,33.92,WEEK_END_CLOSE,2.1750000000000824,0.22159846358400515
AJG,2025-08-29 00:00:00,2025-09-02 00:00:00,0.0287539936102236,4.0,2025-09-02 09:53:00,301.035,50.800805619420885,49.15154654319121,3,903.105,292.00395000000003,310.06605,2025-09-05 15:59:00,299.06,WEEK_END_CLOSE,-5.925000000000068,-0.6560698922052355
SYK,2025-08-29 00:00:00,2025-09-02 00:00:00,0.0441988950276243,7.0,2025-09-02 09:55:00,388.14,48.66395902608949,44.60164841135384,2,776.28,376.4958,399.7842,2025-09-05 15:59:00,392.21,WEEK_END_CLOSE,8.139999999999986,1.048590714690567
FDX,2025-08-29 00:00:00,2025-09-02 00:00:00,0.0003720930232558,1.0,2025-09-02 10:03:00,224.96,45.81522324330634,41.40967444910212,4,899.84,218.2112,231.70880000000002,2025-09-05 15:59:00,227.64,WEEK_END_CLOSE,10.719999999999914,1.191322901849201
COHR,2025-08-29 00:00:00,2025-09-02 00:00:00,0.0476190476190476,10.0,2025-09-02 10:20:00,86.88,40.33382027588252,40.03721171875784,11,955.68,84.27359999999999,89.4864,2025-09-03 10:11:00,89.4864,TAKE_PROFIT,28.670400000000086,3.0000000000000027
CRH,2025-09-02 00:00:00,2025-09-03 00:00:00,0.0671378091872791,9.0,2025-09-03 09:46:00,111.21,48.70878825311419,47.589588678314215,8,889.68,107.87369999999999,114.5463,2025-09-05 15:59:00,112.35,WEEK_END_CLOSE,9.120000000000005,1.025087671971936
SPGI,2025-09-02 00:00:00,2025-09-03 00:00:00,0.0066137566137566,2.0,2025-09-03 09:56:00,538.06,53.63407699003164,46.550959966242125,1,538.06,521.9182,554.2017999999999,2025-09-05 15:59:00,537.96,WEEK_END_CLOSE,-0.09999999999990905,-0.018585287886097035
TJX,2025-09-02 00:00:00,2025-09-03 00:00:00,0.0233065144043602,4.0,2025-09-03 09:57:00,138.76,55.44312258700111,54.43252247365292,7,971.3199999999999,134.5972,142.9228,2025-09-05 15:59:00,139.25,WEEK_END_CLOSE,3.4300000000000637,0.35312770250792713
WELL,2025-09-02 00:00:00,2025-09-03 00:00:00,0.0666666666666666,8.0,2025-09-03 10:04:00,167.83,56.65541244416943,53.972529114658236,5,839.1500000000001,162.79510000000002,172.8649,2025-09-05 15:59:00,167.76,WEEK_END_CLOSE,-0.350000000000108,-0.04170887207294305
WM,2025-09-02 00:00:00,2025-09-03 00:00:00,0.0565457897971727,7.0,2025-09-03 10:11:00,223.995,47.432674389274005,45.82951347416205,4,895.98,217.27515,230.71485,2025-09-05 15:59:00,220.1,WEEK_END_CLOSE,-15.580000000000041,-1.738878099957597
BMY,2025-09-02 00:00:00,2025-09-03 00:00:00,0.0546442783655246,6.0,2025-09-03 10:52:00,47.75,49.8282466971246,47.263320679563655,20,955.0,46.317499999999995,49.182500000000005,2025-09-04 12:33:00,46.317499999999995,STOP_LOSS,-28.65000000000009,-3.0000000000000138
GILD,2025-09-03 00:00:00,2025-09-04 00:00:00,0.0363702271628806,7.0,2025-09-04 09:46:00,113.38,60.61253628536159,56.1512062173572,8,907.04,109.97859999999999,116.7814,2025-09-05 15:59:00,115.05,WEEK_END_CLOSE,13.360000000000014,1.472922914094199
VLO,2025-09-03 00:00:00,2025-09-04 00:00:00,0.0574173892664635,10.0,2025-09-04 09:48:00,156.08,61.66011524080874,61.169820508999784,6,936.48,151.3976,160.7624,2025-09-05 15:59:00,156.71,WEEK_END_CLOSE,3.7799999999999727,0.4036391594054223
LOW,2025-09-03 00:00:00,2025-09-04 00:00:00,0.0158767772511848,6.0,2025-09-04 10:23:00,262.9,62.63426616120074,55.66985710892017,3,788.6999999999999,255.01299999999998,270.787,2025-09-05 15:59:00,270.03,WEEK_END_CLOSE,21.389999999999986,2.7120578166603293
AON,2025-09-03 00:00:00,2025-09-04 00:00:00,0.0,1.0,2025-09-04 10:43:00,373.5,59.919335035986066,55.51648917421645,2,747.0,362.295,384.705,2025-09-05 15:59:00,370.13,WEEK_END_CLOSE,-6.740000000000009,-0.9022757697456529
PG,2025-09-04 00:00:00,2025-09-05 00:00:00,0.034783250867735,9.0,2025-09-05 09:50:00,159.395,51.10780174339172,50.763582715130994,6,956.3700000000001,154.61315000000002,164.17685,2025-09-05 15:59:00,160.045,WEEK_END_CLOSE,3.8999999999998636,0.40779196336144796
ICE,2025-09-04 00:00:00,2025-09-05 00:00:00,0.0198255352894528,5.0,2025-09-05 09:51:00,174.42,52.65937916971693,52.1895168727608,5,872.0999999999999,169.1874,179.65259999999998,2025-09-05 15:59:00,174.33,WEEK_END_CLOSE,-0.44999999999987494,-0.051599587203288166
MCK,2025-09-04 00:00:00,2025-09-05 00:00:00,0.0022042615723732,2.0,2025-09-05 09:55:00,686.0988,49.96987605689667,40.23018794065167,1,686.0988,665.5158359999999,706.681764,2025-09-05 15:59:00,687.2,WEEK_END_CLOSE,1.1012000000000626,0.16050166535783728
DLR,2025-09-04 00:00:00,2025-09-05 00:00:00,0.0238095238095238,6.0,2025-09-05 10:52:00,163.5,54.499273610934786,48.08546631770351,6,981.0,158.595,168.405,2025-09-05 15:59:00,163.33,WEEK_END_CLOSE,-1.019999999999925,-0.10397553516818814
TFC,2025-09-04 00:00:00,2025-09-05 00:00:00,0.0357917570498915,10.0,2025-09-05 10:53:00,46.475,43.80359631371938,39.048638168655415,21,975.975,45.08075,47.86925,2025-09-05 15:59:00,46.55,WEEK_END_CLOSE,1.5749999999999105,0.16137708445400634
ECL,2025-09-05 00:00:00,2025-09-08 00:00:00,0.0784313725490196,8.0,2025-09-08 09:46:00,273.015,47.87776577760471,45.39821443692239,3,819.045,264.82455,281.20545,2025-09-12 15:59:00,272.61,WEEK_END_CLOSE,-1.2149999999999181,-0.14834349761001508
WBD,2025-09-05 00:00:00,2025-09-08 00:00:00,0.0751645306546588,7.0,2025-09-08 09:47:00,12.025,50.89744183019591,46.47843680310894,83,998.075,11.664250000000001,12.38575,2025-09-09 09:30:00,12.38575,TAKE_PROFIT,29.942249999999955,3.0000000000000027
AON,2025-09-05 00:00:00,2025-09-08 00:00:00,0.0080971659919028,4.0,2025-09-08 09:50:00,366.75,46.21260766512297,44.905420551050085,2,733.5,355.7475,377.7525,2025-09-12 15:59:00,372.13,WEEK_END_CLOSE,10.759999999999991,1.4669393319699964
SPGI,2025-09-05 00:00:00,2025-09-08 00:00:00,0.037037037037037,6.0,2025-09-08 09:53:00,537.75,54.338748760287054,53.915823285308726,1,537.75,521.6175,553.8825,2025-09-12 15:59:00,544.12,WEEK_END_CLOSE,6.3700000000000045,1.184565318456543
MCO,2025-09-05 00:00:00,2025-09-08 00:00:00,0.0795454545454545,9.0,2025-09-08 09:54:00,499.84,57.11319153876114,54.893407020005235,2,999.68,484.84479999999996,514.8352,2025-09-11 10:17:00,514.8352,TAKE_PROFIT,29.990400000000022,3.0000000000000027
CMI,2025-09-05 00:00:00,2025-09-08 00:00:00,0.0869565217391304,10.0,2025-09-08 09:55:00,397.45,44.09221358311377,43.06343422596306,2,794.9,385.5265,409.3735,2025-09-11 09:52:00,409.71,TAKE_PROFIT_GAP,24.519999999999982,3.084664737702858
FDX,2025-09-05 00:00:00,2025-09-08 00:00:00,0.0042613636363636,3.0,2025-09-08 09:58:00,223.5,41.52613040005978,41.06971665134784,4,894.0,216.795,230.205,2025-09-11 10:00:00,230.205,TAKE_PROFIT,26.82000000000005,3.0000000000000027
CMCSA,2025-09-05 00:00:00,2025-09-08 00:00:00,0.002283105022831,2.0,2025-09-08 09:59:00,33.365,54.90772685845658,52.64565404353517,29,967.585,32.36405,34.365950000000005,2025-09-12 15:59:00,33.05,WEEK_END_CLOSE,-9.13500000000014,-0.9441031020530621
EMR,2025-09-05 00:00:00,2025-09-08 00:00:00,0.0,1.0,2025-09-08 10:01:00,132.01,46.17373045216965,43.75235583094814,7,924.0699999999999,128.0497,135.97029999999998,2025-09-11 10:03:00,135.97029999999998,TAKE_PROFIT,27.722099999999926,3.0000000000000027
GLW,2025-09-05 00:00:00,2025-09-08 00:00:00,0.0232558139534883,5.0,2025-09-08 10:05:00,71.79,53.85140142664267,52.189783449081155,13,933.2700000000001,69.6363,73.9437,2025-09-10 09:48:00,73.9437,TAKE_PROFIT,27.998100000000008,3.0000000000000027
CSX,2025-09-08 00:00:00,2025-09-09 00:00:00,0.1138613861386138,9.0,2025-09-09 09:47:00,32.385,52.90849986708215,47.40425120600297,30,971.55,31.413449999999997,33.35655,2025-09-12 15:59:00,32.455,WEEK_END_CLOSE,2.1000000000000085,0.21614945190675527
AEP,2025-09-08 00:00:00,2025-09-09 00:00:00,0.0428051001821493,3.0,2025-09-09 09:48:00,107.405,54.17309868087288,51.30422431246015,9,966.645,104.18285,110.62715,2025-09-12 15:59:00,109.46,WEEK_END_CLOSE,18.494999999999933,1.9133187467994972
AFL,2025-09-08 00:00:00,2025-09-09 00:00:00,0.1034482758620689,7.0,2025-09-09 09:48:00,106.44,59.31363876909023,56.03581731224778,9,957.96,103.2468,109.6332,2025-09-12 15:59:00,109.12,WEEK_END_CLOSE,24.12000000000006,2.517850432168367
NEE,2025-09-08 00:00:00,2025-09-09 00:00:00,0.104215456674473,8.0,2025-09-09 09:53:00,69.86,51.93325658349348,51.12334766158482,14,978.04,67.7642,71.9558,2025-09-12 09:39:00,71.9558,TAKE_PROFIT,29.341199999999958,3.0000000000000027
LRCX,2025-09-08 00:00:00,2025-09-09 00:00:00,0.0677676800295243,5.0,2025-09-09 09:55:00,105.14,51.667457202383055,48.843574326013666,9,946.26,101.9858,108.2942,2025-09-11 09:30:00,108.35,TAKE_PROFIT_GAP,28.889999999999944,3.053072094350373
WBD,2025-09-08 00:00:00,2025-09-09 00:00:00,0.1345454545454545,10.0,2025-09-09 10:01:00,12.305,53.79100886755684,52.89550366212617,81,996.7049999999999,11.935849999999999,12.674150000000001,2025-09-11 09:30:00,12.674150000000001,TAKE_PROFIT,29.901150000000097,3.0000000000000027
TRV,2025-09-09 00:00:00,2025-09-10 00:00:00,0.05,6.0,2025-09-10 09:46:00,271.415,41.52206444058126,37.953785020709994,3,814.2450000000001,263.27255,279.55745,2025-09-11 15:59:00,279.55745,TAKE_PROFIT,24.42734999999999,3.0000000000000027
USB,2025-09-09 00:00:00,2025-09-10 00:00:00,0.0749178981937602,10.0,2025-09-10 09:46:00,49.465,48.582763479573465,45.02889040576154,20,989.3000000000001,47.98105,50.94895,2025-09-12 15:59:00,49.125,WEEK_END_CLOSE,-6.800000000000068,-0.6873546952390619
BRK.B,2025-09-09 00:00:00,2025-09-10 00:00:00,0.0665775571255808,8.0,2025-09-10 09:48:00,490.105,50.58189639005405,45.457392334785986,2,980.21,475.40185,504.80815,2025-09-12 15:59:00,493.73,WEEK_END_CLOSE,7.25,0.7396374246334991
WELL,2025-09-09 00:00:00,2025-09-10 00:00:00,0.0714285714285714,9.0,2025-09-10 09:59:00,169.75,52.271448647567496,46.8618826829184,5,848.75,164.6575,174.8425,2025-09-12 15:59:00,169.12,WEEK_END_CLOSE,-3.1499999999999773,-0.3711340206185576
HPE,2025-09-09 00:00:00,2025-09-10 00:00:00,0.0638633377135348,7.0,2025-09-10 10:05:00,24.665,68.22415487788442,67.99193381457104,40,986.5999999999999,23.92505,25.40495,2025-09-12 15:59:00,24.73,WEEK_END_CLOSE,2.600000000000051,0.2635313196837741
ALL,2025-09-09 00:00:00,2025-09-10 00:00:00,0.0219244823386114,2.0,2025-09-10 10:28:00,200.5,49.52128088781552,45.36259729030807,4,802.0,194.48499999999999,206.51500000000001,2025-09-12 15:59:00,200.38,WEEK_END_CLOSE,-0.4800000000000182,-0.059850374064840395
EOG,2025-09-09 00:00:00,2025-09-10 00:00:00,0.0279850746268656,3.0,2025-09-10 11:08:00,118.54,49.0510527308624,47.06176844877832,8,948.32,114.9838,122.09620000000001,2025-09-12 15:59:00,118.16,WEEK_END_CLOSE,-3.0400000000000773,-0.3205668972498854
KMI,2025-09-10 00:00:00,2025-09-11 00:00:00,0.0223049865507966,5.0,2025-09-11 09:48:00,27.405,55.660698722377944,55.04998405253461,36,986.58,26.58285,28.22715,2025-09-12 15:59:00,27.57,WEEK_END_CLOSE,5.939999999999969,0.6020799124247356
SNPS,2025-09-10 00:00:00,2025-09-11 00:00:00,0.0378648703817105,10.0,2025-09-11 09:51:00,410.49,54.652293789126155,53.74970255834957,2,820.98,398.1753,422.8047,2025-09-11 10:42:00,422.8047,TAKE_PROFIT,24.629400000000032,3.0000000000000027
BSX,2025-09-10 00:00:00,2025-09-11 00:00:00,0.0361379310344827,8.0,2025-09-11 10:19:00,104.505,53.67330405389745,52.15166439606139,9,940.545,101.36985,107.64014999999999,2025-09-12 15:59:00,102.69,WEEK_END_CLOSE,-16.33499999999998,-1.7367590067460914
EMR,2025-09-10 00:00:00,2025-09-11 00:00:00,0.0295081967213114,6.0,2025-09-11 10:24:00,136.65,73.28399962759124,70.93920417529705,7,956.5500000000001,132.5505,140.7495,2025-09-12 15:59:00,135.1,WEEK_END_CLOSE,-10.85000000000008,-1.1342846688620623
FDX,2025-09-10 00:00:00,2025-09-11 00:00:00,0.0102941176470588,2.0,2025-09-11 10:26:00,229.0,59.20227108496874,58.59213019455341,4,916.0,222.13,235.87,2025-09-12 15:59:00,229.56,WEEK_END_CLOSE,2.240000000000009,0.24454148471615422
SNPS,2025-09-10 00:00:00,2025-09-11 00:00:00,0.0378648703817105,10.0,2025-09-11 10:57:00,425.41,64.21967075098526,59.718858224268985,2,850.82,412.6477,438.17230000000006,2025-09-11 14:54:00,438.17230000000006,TAKE_PROFIT,25.524600000000078,3.0000000000000027
SNPS,2025-09-10 00:00:00,2025-09-11 00:00:00,0.0378648703817105,10.0,2025-09-11 15:06:00,437.61,57.54492196169639,56.341406152909855,2,875.22,424.4817,450.73830000000004,2025-09-12 10:32:00,424.4817,STOP_LOSS,-26.25660000000005,-3.0000000000000027
CSCO,2025-09-11 00:00:00,2025-09-12 00:00:00,0.0286757301107754,4.0,2025-09-12 09:49:00,66.91,48.25335165066562,45.2644444544454,14,936.74,64.9027,68.9173,2025-09-12 15:59:00,66.505,WEEK_END_CLOSE,-5.670000000000016,-0.605290688985205
CI,2025-09-11 00:00:00,2025-09-12 00:00:00,0.0309278350515463,6.0,2025-09-12 09:56:00,307.45,62.03829816669747,53.256765873333784,3,922.3499999999999,298.2265,316.6735,2025-09-12 15:59:00,302.69,WEEK_END_CLOSE,-14.279999999999973,-1.5482192226378255
SO,2025-09-11 00:00:00,2025-09-12 00:00:00,0.0594159113796576,9.0,2025-09-12 10:02:00,92.21,56.59703736871956,55.10985851631737,10,922.0999999999999,89.44369999999999,94.9763,2025-09-12 15:59:00,92.26,WEEK_END_CLOSE,0.5000000000001137,0.05422405379027495
WM,2025-09-11 00:00:00,2025-09-12 00:00:00,0.0150375939849624,1.0,2025-09-12 10:36:00,218.55,40.827065636851565,40.306381292538056,4,874.2,211.9935,225.1065,2025-09-12 15:59:00,218.11,WEEK_END_CLOSE,-1.759999999999991,-0.20132692747655279
CME,2025-09-11 00:00:00,2025-09-12 00:00:00,0.0298759864712514,5.0,2025-09-12 10:37:00,261.405,46.22348175244503,45.44047445443759,3,784.2149999999999,253.56284999999997,269.24715,2025-09-12 15:59:00,262.22,WEEK_END_CLOSE,2.4450000000001637,0.31177674489779594
PH,2025-09-11 00:00:00,2025-09-12 00:00:00,0.0215439856373429,3.0,2025-09-12 10:41:00,760.68,47.33855094798324,39.615429704532914,1,760.68,737.8595999999999,783.5004,2025-09-12 15:59:00,759.23,WEEK_END_CLOSE,-1.4499999999999318,-0.19061891991375424
ITW,2025-09-11 00:00:00,2025-09-12 00:00:00,0.0674157303370786,10.0,2025-09-12 10:49:00,263.305,43.53324938043017,38.91852374675079,3,789.915,255.40585,271.20415,2025-09-12 15:59:00,263.42,WEEK_END_CLOSE,0.3450000000000273,0.043675585347791035
CL,2025-09-12 00:00:00,2025-09-15 00:00:00,0.0280898876404494,5.0,2025-09-15 09:47:00,83.27,41.92758473012061,38.194018356317734,12,999.24,80.77189999999999,85.7681,2025-09-19 15:59:00,81.19,WEEK_END_CLOSE,-24.95999999999998,-2.497898402786114
CMCSA,2025-09-12 00:00:00,2025-09-15 00:00:00,0.0197856553998351,2.0,2025-09-15 09:47:00,33.115,58.38578224016556,56.03248003692962,30,993.45,32.12155,34.108450000000005,2025-09-16 11:19:00,32.12155,STOP_LOSS,-29.803500000000085,-3.0000000000000138
CI,2025-09-12 00:00:00,2025-09-15 00:00:00,0.0318471337579617,6.0,2025-09-15 09:49:00,300.4699,35.906202793156965,35.15250015408579,3,901.4096999999999,291.455803,309.483997,2025-09-19 15:43:00,291.455803,STOP_LOSS,-27.042290999999977,-3.0000000000000027
SPGI,2025-09-12 00:00:00,2025-09-15 00:00:00,0.024390243902439,4.0,2025-09-15 09:54:00,545.115,45.28149459300477,43.27062015711664,1,545.115,528.7615499999999,561.4684500000001,2025-09-18 10:41:00,528.7615499999999,STOP_LOSS,-16.353450000000066,-3.0000000000000138
EMR,2025-09-12 00:00:00,2025-09-15 00:00:00,0.0434782608695652,7.0,2025-09-15 10:05:00,135.86,47.957147582712665,46.22788194376081,7,951.0200000000001,131.7842,139.93580000000003,2025-09-16 09:30:00,131.58,STOP_LOSS_GAP,-29.960000000000008,-3.1503017812454015
WDC,2025-09-12 00:00:00,2025-09-15 00:00:00,0.0549073438572409,10.0,2025-09-15 10:09:00,102.37,54.74565549011532,53.07431903772814,9,921.33,99.2989,105.4411,2025-09-18 10:53:00,105.4411,TAKE_PROFIT,27.63990000000001,3.0000000000000027
HON,2025-09-12 00:00:00,2025-09-15 00:00:00,0.0234215885947046,3.0,2025-09-15 10:13:00,200.0848,53.6891266732349,49.18429423076343,4,800.3392,194.082256,206.087344,2025-09-19 15:59:00,197.3327,WEEK_END_CLOSE,-11.008400000000051,-1.3754668020759309
KKR,2025-09-12 00:00:00,2025-09-15 00:00:00,0.0444444444444444,8.0,2025-09-15 10:13:00,144.25,54.56252635319084,50.221892930824865,6,865.5,139.92249999999999,148.57750000000001,2025-09-18 09:49:00,148.57750000000001,TAKE_PROFIT,25.96500000000009,3.0000000000000027
FDX,2025-09-12 00:00:00,2025-09-15 00:00:00,0.0015420200462606,1.0,2025-09-15 10:16:00,230.89,57.77877915216068,50.20253994835426,4,923.56,223.96329999999998,237.8167,2025-09-19 15:59:00,231.77,WEEK_END_CLOSE,3.5200000000000955,0.3811338732729874
HPE,2025-09-12 00:00:00,2025-09-15 00:00:00,0.0542866600463422,9.0,2025-09-15 10:23:00,24.815,49.65373740821136,46.985694243782156,40,992.6,24.07055,25.559450000000002,2025-09-19 15:59:00,24.99,WEEK_END_CLOSE,6.999999999999886,0.7052186177715081
BSX,2025-09-15 00:00:00,2025-09-16 00:00:00,0.0698074277854195,4.0,2025-09-16 09:46:00,99.2729,45.588155408936764,38.02522519462092,10,992.729,96.294713,102.25108700000001,2025-09-19 15:59:00,97.74,WEEK_END_CLOSE,-15.329000000000121,-1.5441273499615882
SHW,2025-09-15 00:00:00,2025-09-16 00:00:00,0.0714285714285714,5.0,2025-09-16 09:46:00,356.41,48.02952295806752,46.89955579748103,2,712.82,345.71770000000004,367.1023,2025-09-19 15:59:00,346.74,WEEK_END_CLOSE,-19.340000000000032,-2.713167419544915
MCO,2025-09-15 00:00:00,2025-09-16 00:00:00,0.1206896551724138,10.0,2025-09-16 09:49:00,507.78,48.03161905994469,46.03247377324789,1,507.78,492.54659999999996,523.0133999999999,2025-09-18 13:40:00,492.54659999999996,STOP_LOSS,-15.233400000000017,-3.0000000000000027
CTAS,2025-09-15 00:00:00,2025-09-16 00:00:00,0.0297619047619047,2.0,2025-09-16 09:55:00,199.14,45.81525354002995,45.75568333219343,5,995.6999999999999,193.1658,205.11419999999998,2025-09-19 15:59:00,200.05,WEEK_END_CLOSE,4.550000000000125,0.456964949281935
DHR,2025-09-15 00:00:00,2025-09-16 00:00:00,0.119301648884578,9.0,2025-09-16 10:04:00,188.47,52.65116349180252,49.29117642507393,5,942.35,182.8159,194.1241,2025-09-17 14:00:00,194.1241,TAKE_PROFIT,28.2705,3.0000000000000027
TT,2025-09-15 00:00:00,2025-09-16 00:00:00,0.09375,8.0,2025-09-16 10:09:00,403.8653,46.67512742339977,45.371032843317344,2,807.7306,391.74934099999996,415.981259,2025-09-19 15:59:00,406.58,WEEK_END_CLOSE,5.429399999999987,0.6721795608585213
UNP,2025-09-15 00:00:00,2025-09-16 00:00:00,0.0861214374225526,6.0,2025-09-16 10:16:00,217.595,56.86684985409791,55.08890005624113,4,870.38,211.06715,224.12285,2025-09-19 15:59:00,220.66,WEEK_END_CLOSE,12.259999999999991,1.4085801603897163
TJX,2025-09-15 00:00:00,2025-09-16 00:00:00,0.0485187777000233,3.0,2025-09-16 10:28:00,139.765,48.50534663698396,41.69337286251308,7,978.3549999999999,135.57205,143.95794999999998,2025-09-19 15:59:00,139.82,WEEK_END_CLOSE,0.38500000000004775,0.03935176904088511
CMCSA,2025-09-15 00:00:00,2025-09-16 00:00:00,0.0075225677031093,1.0,2025-09-16 11:28:00,32.16,50.9313238042679,45.950461781852184,31,996.9599999999999,31.195199999999996,33.1248,2025-09-19 15:59:00,31.58,WEEK_END_CLOSE,-17.979999999999947,-1.8034825870646753
APD,2025-09-16 00:00:00,2025-09-17 00:00:00,0.0333333333333333,3.0,2025-09-17 09:45:00,287.67,62.825902997005095,58.52825634512957,3,863.01,279.0399,296.30010000000004,2025-09-19 15:59:00,290.12,WEEK_END_CLOSE,7.349999999999966,0.8516703166822959
CRH,2025-09-16 00:00:00,2025-09-17 00:00:00,0.0117647058823529,1.0,2025-09-17 09:57:00,113.5,61.86908417150142,58.5488616415304,8,908.0,110.095,116.905,2025-09-19 15:59:00,113.075,WEEK_END_CLOSE,-3.3999999999999773,-0.37444933920705026
AFL,2025-09-16 00:00:00,2025-09-17 00:00:00,0.0246252676659528,2.0,2025-09-17 10:00:00,108.8,67.71234948976381,54.712217807291395,9,979.1999999999999,105.536,112.064,2025-09-19 15:59:00,108.05,WEEK_END_CLOSE,-6.75,-0.6893382352941124
CB,2025-09-16 00:00:00,2025-09-17 00:00:00,0.0419580419580419,4.0,2025-09-17 10:00:00,273.5,55.89932908679091,55.723674524121535,3,820.5,265.295,281.705,2025-09-19 15:59:00,273.83,WEEK_END_CLOSE,0.9899999999999523,0.1206581352833469
EQIX,2025-09-16 00:00:00,2025-09-17 00:00:00,0.0898876404494382,10.0,2025-09-17 10:01:00,785.75,56.75613032882563,53.8426791708526,1,785.75,762.1775,809.3225,2025-09-19 15:59:00,791.61,WEEK_END_CLOSE,5.860000000000014,0.7457842825326244
PH,2025-09-16 00:00:00,2025-09-17 00:00:00,0.0833333333333333,9.0,2025-09-17 10:27:00,751.55,49.1321630822024,48.37525214379682,1,751.55,729.0034999999999,774.0965,2025-09-19 15:59:00,755.19,WEEK_END_CLOSE,3.6400000000001,0.48433237974854215
AEP,2025-09-16 00:00:00,2025-09-17 00:00:00,0.0694444444444444,8.0,2025-09-17 10:28:00,107.3,55.17359339262044,50.13288944042996,9,965.6999999999999,104.08099999999999,110.519,2025-09-19 15:59:00,107.04,WEEK_END_CLOSE,-2.339999999999918,-0.2423112767940272
ICE,2025-09-17 00:00:00,2025-09-18 00:00:00,0.037037037037037,9.0,2025-09-18 09:45:00,172.03,53.6183188455044,51.93692940303731,5,860.15,166.8691,177.1909,2025-09-19 15:59:00,169.765,WEEK_END_CLOSE,-11.325000000000074,-1.3166308202057886
WELL,2025-09-17 00:00:00,2025-09-18 00:00:00,0.0151057401812688,2.0,2025-09-18 09:47:00,166.52,50.96382875784829,50.7159805257665,6,999.1200000000001,161.5244,171.5156,2025-09-19 15:59:00,165.21,WEEK_END_CLOSE,-7.860000000000014,-0.7866922892145078
GILD,2025-09-17 00:00:00,2025-09-18 00:00:00,0.0319634703196347,6.0,2025-09-18 09:49:00,112.195,50.06552582742766,48.904660533565114,8,897.56,108.82914999999998,115.56085,2025-09-19 15:59:00,114.05,WEEK_END_CLOSE,14.840000000000032,1.6533713623601898
DE,2025-09-17 00:00:00,2025-09-18 00:00:00,0.0355714285714285,8.0,2025-09-18 09:57:00,470.35,60.59594290889714,54.72474226597521,2,940.7,456.2395,484.4605,2025-09-19 15:59:00,469.99,WEEK_END_CLOSE,-0.7200000000000273,-0.07653874774105063
DUK,2025-09-17 00:00:00,2025-09-18 00:00:00,0.032508311784263,7.0,2025-09-18 10:01:00,120.28,45.7621351638838,45.33888773003707,8,962.24,116.6716,123.8884,2025-09-19 15:59:00,121.08,WEEK_END_CLOSE,6.399999999999977,0.6651147322913165
MCK,2025-09-17 00:00:00,2025-09-18 00:00:00,0.0097895252080274,1.0,2025-09-18 10:42:00,695.27,49.70275414632551,49.39439246714194,1,695.27,674.4119,716.1281,2025-09-19 15:59:00,698.38,WEEK_END_CLOSE,3.1100000000000136,0.447308239964328
MCO,2025-09-17 00:00:00,2025-09-18 00:00:00,0.0275229357798165,4.0,2025-09-18 14:06:00,485.9,37.644022635428,32.59124499330433,2,971.8,471.323,500.477,2025-09-19 15:59:00,480.74,WEEK_END_CLOSE,-10.319999999999936,-1.0619469026548645
EMR,2025-09-18 00:00:00,2025-09-19 00:00:00,0.0265848670756646,4.0,2025-09-19 09:47:00,131.815,48.40381083510876,44.632514064702164,7,922.7049999999999,127.86054999999999,135.76945,2025-09-19 15:59:00,132.33,WEEK_END_CLOSE,3.6050000000001035,0.39069908584001833
USB,2025-09-18 00:00:00,2025-09-19 00:00:00,0.0217909431392577,3.0,2025-09-19 09:51:00,50.16,51.74315632495197,50.45939356707839,19,953.04,48.655199999999994,51.6648,2025-09-19 15:59:00,50.4,WEEK_END_CLOSE,4.560000000000038,0.4784688995215447
SPGI,2025-09-18 00:00:00,2025-09-19 00:00:00,0.0033898305084745,2.0,2025-09-19 09:55:00,507.7,54.417385600741746,51.34766371237683,1,507.7,492.469,522.931,2025-09-19 15:59:00,506.92,WEEK_END_CLOSE,-0.7799999999999727,-0.15363403584793822
TEL,2025-09-18 00:00:00,2025-09-19 00:00:00,0.0597014925373134,8.0,2025-09-19 09:58:00,215.825,39.02453035784373,38.345566348310726,4,863.3,209.35025,222.29975,2025-09-19 15:59:00,216.1,WEEK_END_CLOSE,1.1000000000000227,0.12741804702884885
SPG,2025-09-18 00:00:00,2025-09-19 00:00:00,0.0303605313092979,5.0,2025-09-19 10:00:00,181.34,58.45519731513796,54.05517694191883,5,906.7,175.8998,186.7802,2025-09-19 15:59:00,180.74,WEEK_END_CLOSE,-2.9999999999999716,-0.3308701885959997
AMT,2025-09-18 00:00:00,2025-09-19 00:00:00,0.0625,9.0,2025-09-19 10:04:00,194.02,53.25114846782891,51.48575394146387,5,970.1,188.1994,199.84060000000002,2025-09-19 15:59:00,193.266,WEEK_END_CLOSE,-3.7700000000000955,-0.38861972992475513
PCAR,2025-09-19 00:00:00,2025-09-22 00:00:00,0.0147540983606557,3.0,2025-09-22 09:45:00,98.815,44.90803509691668,43.45388367506768,10,988.15,95.85055,101.77945,2025-09-25 11:52:00,95.85055,STOP_LOSS,-29.644499999999994,-3.0000000000000027
AON,2025-09-19 00:00:00,2025-09-22 00:00:00,0.0727762803234501,10.0,2025-09-22 09:52:00,350.7,52.21905134036394,50.678141621984906,2,701.4,340.179,361.221,2025-09-26 15:59:00,356.04,WEEK_END_CLOSE,10.680000000000064,1.5226689478186506
TRV,2025-09-19 00:00:00,2025-09-22 00:00:00,0.0306513409961685,4.0,2025-09-22 09:52:00,276.11,51.74858711193947,49.238289312170906,3,828.33,267.8267,284.3933,2025-09-26 15:59:00,277.82,WEEK_END_CLOSE,5.129999999999939,0.6193183875991437
HLT,2025-09-19 00:00:00,2025-09-22 00:00:00,0.0498338870431893,5.0,2025-09-22 09:53:00,266.3301,48.281359165166215,47.75363791688885,3,798.9903,258.340197,274.32000300000004,2025-09-26 15:59:00,261.75,WEEK_END_CLOSE,-13.740300000000047,-1.719707986442398
FDX,2025-09-19 00:00:00,2025-09-22 00:00:00,0.0699955416852429,9.0,2025-09-22 09:55:00,226.58,38.79133635862637,38.324181918827044,4,906.32,219.7826,233.37740000000002,2025-09-23 09:52:00,233.37740000000002,TAKE_PROFIT,27.18960000000004,3.0000000000000027
CMCSA,2025-09-19 00:00:00,2025-09-22 00:00:00,0.0030234315948601,1.0,2025-09-22 09:57:00,31.43,52.89598508816547,50.065734637039625,31,974.33,30.487099999999998,32.3729,2025-09-26 15:59:00,31.715,WEEK_END_CLOSE,8.835000000000004,0.9067769646834201
ECL,2025-09-19 00:00:00,2025-09-22 00:00:00,0.0666666666666666,8.0,2025-09-22 09:57:00,265.41,52.482680381839025,50.98232976661207,3,796.23,257.4477,273.37230000000005,2025-09-26 15:59:00,270.98,WEEK_END_CLOSE,16.70999999999998,2.098639840247163
PG,2025-09-19 00:00:00,2025-09-22 00:00:00,0.0647921760391198,7.0,2025-09-22 09:57:00,155.11,41.97497363655202,39.01963440081671,6,930.6600000000001,150.4567,159.76330000000002,2025-09-26 15:59:00,152.49,WEEK_END_CLOSE,-15.720000000000027,-1.6891238475920334
AJG,2025-09-19 00:00:00,2025-09-22 00:00:00,0.0080256821829855,2.0,2025-09-22 10:02:00,298.765,55.951729852147494,54.513030810677236,3,896.295,289.80204999999995,307.72795,2025-09-26 09:56:00,307.72795,TAKE_PROFIT,26.888850000000105,3.0000000000000027
CSX,2025-09-19 00:00:00,2025-09-22 00:00:00,0.0570071258907363,6.0,2025-09-22 10:12:00,33.095,59.70501559881025,53.49429224363765,30,992.8499999999999,32.102149999999995,34.08785,2025-09-23 10:12:00,34.08785,TAKE_PROFIT,29.785500000000127,3.0000000000000027
JCI,2025-09-22 00:00:00,2025-09-23 00:00:00,0.0313971742543171,4.0,2025-09-23 09:46:00,109.87,57.887475996809094,53.19654595664986,9,988.83,106.5739,113.16610000000001,2025-09-24 13:48:00,106.5739,STOP_LOSS,-29.664900000000088,-3.0000000000000138
PWR,2025-09-22 00:00:00,2025-09-23 00:00:00,0.112215909090909,9.0,2025-09-23 09:50:00,395.3,50.6957670902134,48.473762707469554,2,790.6,383.441,407.15900000000005,2025-09-26 13:37:00,407.15900000000005,TAKE_PROFIT,23.718000000000075,3.0000000000000027
BSX,2025-09-22 00:00:00,2025-09-23 00:00:00,0.0452841973766396,6.0,2025-09-23 09:53:00,96.64,51.93623801088364,50.851921670632045,10,966.4,93.7408,99.53920000000001,2025-09-26 09:34:00,99.53920000000001,TAKE_PROFIT,28.992000000000075,3.0000000000000027
FDX,2025-09-22 00:00:00,2025-09-23 00:00:00,0.0136845203060623,3.0,2025-09-23 10:06:00,234.39,66.76342426540907,63.138540094166146,4,937.56,227.35829999999999,241.4217,2025-09-26 09:50:00,241.4217,TAKE_PROFIT,28.126800000000003,3.0000000000000027
SPGI,2025-09-22 00:00:00,2025-09-23 00:00:00,0.0077519379844961,2.0,2025-09-23 10:09:00,499.875,46.7041541070606,38.750903355115106,2,999.75,484.87874999999997,514.87125,2025-09-25 10:00:00,484.87874999999997,STOP_LOSS,-29.992500000000064,-3.0000000000000027
TJX,2025-09-22 00:00:00,2025-09-23 00:00:00,0.1166892808683853,10.0,2025-09-23 10:09:00,139.45,57.247791640646454,51.53303733564398,7,976.1499999999999,135.26649999999998,143.6335,2025-09-26 15:59:00,143.135,WEEK_END_CLOSE,25.795000000000016,2.6425242022230178
ICE,2025-09-22 00:00:00,2025-09-23 00:00:00,0.102127659574468,8.0,2025-09-23 10:45:00,168.66,42.35468393059236,35.20855985198218,5,843.3,163.6002,173.7198,2025-09-26 15:59:00,167.73,WEEK_END_CLOSE,-4.650000000000034,-0.5514051938811826
KKR,2025-09-22 00:00:00,2025-09-23 00:00:00,0.0970772442588726,7.0,2025-09-23 11:17:00,149.85,45.869581762534516,45.166757002749314,6,899.0999999999999,145.3545,154.3455,2025-09-24 09:36:00,145.3545,STOP_LOSS,-26.972999999999956,-2.9999999999999916
CI,2025-09-23 00:00:00,2025-09-24 00:00:00,0.028169014084507,6.0,2025-09-24 09:45:00,290.436,53.545296186284645,50.87794055375811,3,871.308,281.72292,299.14907999999997,2025-09-26 15:59:00,286.13,WEEK_END_CLOSE,-12.91799999999995,-1.482598575934102
CRH,2025-09-23 00:00:00,2025-09-24 00:00:00,0.008695652173913,2.0,2025-09-24 09:46:00,114.03,49.86241544943439,47.78374432314721,8,912.24,110.6091,117.4509,2025-09-25 09:30:00,109.21,STOP_LOSS_GAP,-38.56000000000006,-4.2269578181180485
EQIX,2025-09-23 00:00:00,2025-09-24 00:00:00,0.1,10.0,2025-09-24 09:46:00,801.42,52.28830939979707,51.20040621421976,1,801.42,777.3774,825.4626,2025-09-26 15:59:00,790.449,WEEK_END_CLOSE,-10.971000000000004,-1.3689451224077276
ITW,2025-09-23 00:00:00,2025-09-24 00:00:00,0.028735632183908,7.0,2025-09-24 09:53:00,261.18,51.88399937586435,51.43381569665197,3,783.54,253.34459999999999,269.0154,2025-09-26 15:59:00,261.06,WEEK_END_CLOSE,-0.36000000000001364,-0.045945325063179165
USB,2025-09-23 00:00:00,2025-09-24 00:00:00,0.0224130403143647,5.0,2025-09-24 10:11:00,49.535,59.034862859410445,57.61505654119836,20,990.6999999999999,48.04895,51.021049999999995,2025-09-26 15:59:00,49.435,WEEK_END_CLOSE,-1.9999999999998863,-0.20187746038153875
AMGN,2025-09-23 00:00:00,2025-09-24 00:00:00,0.0649847094801223,8.0,2025-09-24 10:22:00,282.16,41.21878687545104,39.91301250600527,3,846.48,273.6952,290.62480000000005,2025-09-25 11:39:00,273.6952,STOP_LOSS,-25.394400000000076,-3.0000000000000138
MCK,2025-09-24 00:00:00,2025-09-25 00:00:00,0.037037037037037,8.0,2025-09-25 09:48:00,760.105,52.433477066451374,51.31065264676423,1,760.105,737.30185,782.9081500000001,2025-09-25 11:09:00,737.30185,STOP_LOSS,-22.803150000000073,-3.0000000000000138
WMB,2025-09-24 00:00:00,2025-09-25 00:00:00,0.0093538751768589,1.0,2025-09-25 09:55:00,62.465,46.894679083412086,45.924966954584,16,999.44,60.59105,64.33895000000001,2025-09-26 10:02:00,64.33895000000001,TAKE_PROFIT,29.983200000000124,3.0000000000000027
MO,2025-09-24 00:00:00,2025-09-25 00:00:00,0.0271167263812936,6.0,2025-09-25 09:58:00,65.765,54.515574999872975,53.59316380866539,15,986.475,63.792049999999996,67.73795,2025-09-26 15:59:00,65.705,WEEK_END_CLOSE,-0.9000000000000341,-0.09123393902532584
PH,2025-09-24 00:00:00,2025-09-25 00:00:00,0.0120817843866171,2.0,2025-09-25 10:04:00,742.22,48.20119777550152,46.90281954204387,1,742.22,719.9534,764.4866000000001,2025-09-26 15:59:00,750.71,WEEK_END_CLOSE,8.490000000000009,1.1438657001967112
SO,2025-09-24 00:00:00,2025-09-25 00:00:00,0.0386879730866274,9.0,2025-09-25 10:22:00,94.58,59.59832967596216,56.33355244979445,10,945.8,91.7426,97.4174,2025-09-26 15:59:00,94.52,WEEK_END_CLOSE,-0.6000000000000227,-0.06343835906111872
HCA,2025-09-24 00:00:00,2025-09-25 00:00:00,0.0398009950248756,10.0,2025-09-25 10:23:00,414.935,56.93142279686058,50.87117714869514,2,829.87,402.48695,427.38305,2025-09-26 15:59:00,418.98,WEEK_END_CLOSE,8.090000000000032,0.9748514827623733
KKR,2025-09-24 00:00:00,2025-09-25 00:00:00,0.0125195618153364,3.0,2025-09-25 10:28:00,137.78,48.84518600755916,48.132483843136995,7,964.46,133.6466,141.9134,2025-09-26 15:59:00,133.975,WEEK_END_CLOSE,-26.635000000000048,-2.761649005661204
MCK,2025-09-24 00:00:00,2025-09-25 00:00:00,0.037037037037037,8.0,2025-09-25 11:26:00,734.09,42.57814494413158,33.948828003733425,1,734.09,712.0673,756.1127,2025-09-26 11:35:00,756.415,TAKE_PROFIT_GAP,22.324999999999932,3.041180236755703
MSI,2025-09-25 00:00:00,2025-09-26 00:00:00,0.0240174672489082,8.0,2025-09-26 09:45:00,456.235,58.41495030288396,49.0220300925052,2,912.47,442.54795,469.92205,2025-09-26 15:59:00,456.36,WEEK_END_CLOSE,0.25,0.027398161035430135
NEE,2025-09-25 00:00:00,2025-09-26 00:00:00,0.0123882503192848,5.0,2025-09-26 09:54:00,75.41,56.36416955699655,53.922316299625706,13,980.3299999999999,73.1477,77.67229999999999,2025-09-26 15:59:00,75.82,WEEK_END_CLOSE,5.329999999999956,0.5436944702294166
PLD,2025-09-25 00:00:00,2025-09-26 00:00:00,0.0202020202020202,7.0,2025-09-26 09:57:00,113.612,54.303914158600534,50.3367474012333,8,908.896,110.20364,117.02036,2025-09-26 15:59:00,114.2,WEEK_END_CLOSE,4.704000000000065,0.5175509629264496
TT,2025-09-25 00:00:00,2025-09-26 00:00:00,0.0256410256410256,9.0,2025-09-26 10:07:00,414.4,67.04463164919864,66.04479147311464,2,828.8,401.96799999999996,426.832,2025-09-26 15:59:00,415.11,WEEK_END_CLOSE,1.4200000000000728,0.17133204633206223
PCAR,2025-09-25 00:00:00,2025-09-26 00:00:00,0.0269622528460155,10.0,2025-09-26 10:39:00,100.09,57.522014821997914,56.67231811748321,9,900.8100000000001,97.0873,103.09270000000001,2025-09-26 15:59:00,100.54,WEEK_END_CLOSE,4.050000000000026,0.44959536417223944
HON,2025-09-25 00:00:00,2025-09-26 00:00:00,0.0068450528935905,3.0,2025-09-26 10:51:00,196.0415,56.82749836989952,49.72996070300679,5,980.2075000000001,190.160255,201.92274500000002,2025-09-26 15:59:00,196.1828,WEEK_END_CLOSE,0.7064999999998633,0.07207657562300351
KMI,2025-09-25 00:00:00,2025-09-26 00:00:00,0.0069151083008206,4.0,2025-09-26 10:59:00,28.355,53.91383319266772,53.371057631251546,35,992.4250000000001,27.50435,29.205650000000002,2025-09-26 15:59:00,28.215,WEEK_END_CLOSE,-4.90000000000002,-0.49374008111444656
FDX,2025-09-25 00:00:00,2025-09-26 00:00:00,0.006060606060606,2.0,2025-09-26 11:10:00,239.09,45.83330375172029,45.46818101006733,4,956.36,231.91729999999998,246.26270000000002,2025-09-26 15:59:00,237.82,WEEK_END_CLOSE,-5.080000000000041,-0.5311807269229196
BSX,2025-09-26 00:00:00,2025-09-29 00:00:00,0.0270921131848284,9.0,2025-09-29 09:49:00,97.28,41.64141002277556,39.3189350394641,10,972.8,94.3616,100.1984,2025-10-01 10:30:00,94.3616,STOP_LOSS,-29.184000000000054,-3.0000000000000027
NEE,2025-09-26 00:00:00,2025-09-29 00:00:00,0.0209125475285171,8.0,2025-09-29 09:49:00,75.6,52.76136025315241,50.263693305847575,13,982.8,73.332,77.868,2025-10-01 09:44:00,77.868,TAKE_PROFIT,29.48400000000001,3.0000000000000027
MDT,2025-09-26 00:00:00,2025-09-29 00:00:00,0.0121827411167512,5.0,2025-09-29 09:54:00,93.615,42.14567777441192,40.07515217797503,10,936.15,90.80654999999999,96.42345,2025-10-03 09:35:00,96.42345,TAKE_PROFIT,28.084500000000077,3.0000000000000027
CMCSA,2025-09-26 00:00:00,2025-09-29 00:00:00,0.0088691796008869,3.0,2025-09-29 09:56:00,31.505,43.4961429386103,42.37461763643746,31,976.655,30.559849999999997,32.45015,2025-10-02 09:40:00,30.559849999999997,STOP_LOSS,-29.299650000000053,-3.0000000000000027
KMI,2025-09-26 00:00:00,2025-09-29 00:00:00,0.0148826559816828,6.0,2025-09-29 09:56:00,28.1754,49.96794473182252,47.34977892134113,35,986.139,27.330137999999998,29.020662,2025-10-03 15:59:00,28.46,WEEK_END_CLOSE,9.961000000000038,1.0101010101010166
CRH,2025-09-26 00:00:00,2025-09-29 00:00:00,0.009009009009009,4.0,2025-09-29 10:05:00,112.17,49.41876393830106,42.032849278355705,8,897.36,108.8049,115.5351,2025-09-30 09:30:00,120.95,TAKE_PROFIT_GAP,70.24000000000001,7.827404831951501
FDX,2025-09-26 00:00:00,2025-09-29 00:00:00,0.0007608902415826,2.0,2025-09-29 10:05:00,235.35,41.0865298195751,39.577374606356784,4,941.4,228.28949999999998,242.4105,2025-10-02 09:41:00,242.4105,TAKE_PROFIT,28.242000000000075,3.0000000000000027
EOG,2025-09-26 00:00:00,2025-09-29 00:00:00,0.0188405797101449,7.0,2025-09-29 10:07:00,114.98,46.516813600609574,40.151873113757375,8,919.84,111.5306,118.4294,2025-09-30 09:31:00,111.5306,STOP_LOSS,-27.595199999999977,-3.0000000000000027
AFL,2025-09-26 00:00:00,2025-09-29 00:00:00,0.0,1.0,2025-09-29 10:15:00,110.89,49.189582121353645,47.05243649191929,9,998.01,107.5633,114.2167,2025-10-03 15:59:00,112.325,WEEK_END_CLOSE,12.91500000000002,1.2940752096672448
DUK,2025-09-26 00:00:00,2025-09-29 00:00:00,0.0315879339783722,10.0,2025-09-29 10:30:00,121.7,48.13785218471387,41.9888440137208,8,973.6,118.049,125.351,2025-10-03 15:59:00,123.54,WEEK_END_CLOSE,14.720000000000027,1.5119145439605575
KKR,2025-09-29 00:00:00,2025-09-30 00:00:00,0.013016367887763,4.0,2025-09-30 09:45:00,134.25,44.19423521489392,43.14365996679743,7,939.75,130.2225,138.2775,2025-09-30 10:18:00,130.2225,STOP_LOSS,-28.192500000000024,-3.0000000000000027
AON,2025-09-29 00:00:00,2025-09-30 00:00:00,0.008695652173913,2.0,2025-09-30 09:49:00,353.86,53.124545926185625,52.1315944492511,2,707.72,343.2442,364.47580000000005,2025-10-03 10:24:00,364.47580000000005,TAKE_PROFIT,21.23160000000007,3.0000000000000027
SPGI,2025-09-29 00:00:00,2025-09-30 00:00:00,0.0087336244541484,3.0,2025-09-30 09:53:00,489.695,48.081315731345086,46.58570535092471,2,979.39,475.00415,504.38585,2025-10-02 12:40:00,475.00415,STOP_LOSS,-29.381700000000023,-3.0000000000000027
ITW,2025-09-29 00:00:00,2025-09-30 00:00:00,0.1081081081081081,9.0,2025-09-30 10:05:00,261.095,47.25777339591885,45.49198545345078,3,783.2850000000001,253.26215000000002,268.92785000000003,2025-10-03 15:59:00,259.95,WEEK_END_CLOSE,-3.435000000000116,-0.43853769700684664
ADI,2025-09-29 00:00:00,2025-09-30 00:00:00,0.0425243770314192,6.0,2025-09-30 10:17:00,246.505,59.54737271950536,58.14945617926791,4,986.02,239.10985,253.90015,2025-10-01 14:36:00,239.10985,STOP_LOSS,-29.580600000000004,-3.0000000000000027
KKR,2025-09-29 00:00:00,2025-09-30 00:00:00,0.013016367887763,4.0,2025-09-30 10:37:00,128.82,31.05642481672217,28.128712356154765,7,901.74,124.95539999999998,132.6846,2025-10-02 09:56:00,124.95539999999998,STOP_LOSS,-27.05220000000007,-3.0000000000000027
BX,2025-09-29 00:00:00,2025-09-30 00:00:00,0.0411450442548441,5.0,2025-09-30 10:38:00,170.34,38.78302740049518,31.289903486385473,5,851.7,165.2298,175.4502,2025-10-03 15:59:00,168.47,WEEK_END_CLOSE,-9.350000000000023,-1.0978043912175717
TJX,2025-09-30 00:00:00,2025-10-01 00:00:00,0.0267755102040816,5.0,2025-10-01 09:49:00,144.4975,58.026162459378604,56.39242763012131,6,866.985,140.162575,148.832425,2025-10-03 15:59:00,141.32,WEEK_END_CLOSE,-19.065000000000055,-2.1989999826986684
CB,2025-09-30 00:00:00,2025-10-01 00:00:00,0.033487297921478,6.0,2025-10-01 09:54:00,282.19,57.416681696156694,54.63980312302039,3,846.5699999999999,273.72429999999997,290.6557,2025-10-03 15:59:00,283.92,WEEK_END_CLOSE,5.190000000000055,0.6130621212658172
JCI,2025-09-30 00:00:00,2025-10-01 00:00:00,0.0408375151410278,8.0,2025-10-01 10:01:00,108.13,48.625464050519454,47.28560380427425,9,973.17,104.8861,111.37389999999999,2025-10-03 15:59:00,108.79,WEEK_END_CLOSE,5.940000000000097,0.6103763987792554
EMR,2025-09-30 00:00:00,2025-10-01 00:00:00,0.0348837209302325,7.0,2025-10-01 10:10:00,130.19,50.3552378970336,50.076969265513995,7,911.3299999999999,126.28429999999999,134.0957,2025-10-03 09:39:00,134.0957,TAKE_PROFIT,27.33989999999997,3.0000000000000027
PH,2025-09-30 00:00:00,2025-10-01 00:00:00,0.0,1.0,2025-10-01 10:17:00,755.72,58.935853307114044,54.69132643431143,1,755.72,733.0484,778.3916,2025-10-03 15:59:00,763.34,WEEK_END_CLOSE,7.6200000000000045,1.0083099560683761
CMCSA,2025-10-01 00:00:00,2025-10-02 00:00:00,0.0008391608391608,2.0,2025-10-02 09:49:00,30.59,37.91178785566165,37.61776292144528,32,978.88,29.6723,31.5077,2025-10-03 15:59:00,30.9,WEEK_END_CLOSE,9.919999999999959,1.0134030728996324
WBD,2025-10-01 00:00:00,2025-10-02 00:00:00,0.0733322693903606,9.0,2025-10-02 10:02:00,19.125,47.29198300329031,43.81037636288141,52,994.5,18.55125,19.69875,2025-10-03 15:59:00,19.0,WEEK_END_CLOSE,-6.5,-0.6535947712418277
MCO,2025-10-01 00:00:00,2025-10-02 00:00:00,0.0746268656716417,10.0,2025-10-02 10:13:00,482.37,55.95011323616613,53.9100066430978,2,964.74,467.89889999999997,496.84110000000004,2025-10-03 15:59:00,485.18,WEEK_END_CLOSE,5.6200000000000045,0.582540373572149
ICE,2025-10-01 00:00:00,2025-10-02 00:00:00,0.05,7.0,2025-10-02 10:23:00,162.1,44.99124543608933,44.97264223750423,6,972.5999999999999,157.237,166.963,2025-10-03 15:59:00,162.59,WEEK_END_CLOSE,2.9400000000000546,0.3022825416409747
NEE,2025-10-01 00:00:00,2025-10-02 00:00:00,0.0219537542218758,4.0,2025-10-02 10:25:00,77.83,46.6370502014641,45.75829490550987,12,933.96,75.4951,80.1649,2025-10-03 10:34:00,80.1649,TAKE_PROFIT,28.018800000000056,3.0000000000000027
CMI,2025-10-01 00:00:00,2025-10-02 00:00:00,0.0342857142857142,6.0,2025-10-02 10:38:00,428.66,55.71507964715476,52.88308428196918,2,857.32,415.8002,441.51980000000003,2025-10-03 15:59:00,432.82,WEEK_END_CLOSE,8.319999999999936,0.9704661036719076
NSC,2025-10-01 00:00:00,2025-10-02 00:00:00,0.0,1.0,2025-10-02 10:39:00,298.93,50.16374600834915,49.77830359736059,3,896.79,289.9621,307.8979,2025-10-03 15:59:00,300.23,WEEK_END_CLOSE,3.900000000000034,0.43488442110193315
SPGI,2025-10-01 00:00:00,2025-10-02 00:00:00,0.0317460317460317,5.0,2025-10-02 12:43:00,475.895,41.40682253442586,36.63787486050828,2,951.79,461.61814999999996,490.17185,2025-10-03 15:59:00,479.78,WEEK_END_CLOSE,7.769999999999982,0.8163565492387947
DASH,2025-10-02 00:00:00,2025-10-03 00:00:00,0.060826387657386,10.0,2025-10-03 09:45:00,271.05,63.55295457134977,59.22456550451098,3,813.1500000000001,262.9185,279.1815,2025-10-03 15:59:00,271.22,WEEK_END_CLOSE,0.5100000000000477,0.06271905552481805
UNP,2025-10-02 00:00:00,2025-10-03 00:00:00,0.0356472795497185,7.0,2025-10-03 09:50:00,235.82,61.237885160133565,57.81738305479445,4,943.28,228.7454,242.8946,2025-10-03 15:59:00,236.78,WEEK_END_CLOSE,3.840000000000032,0.407090153506906
AON,2025-10-02 00:00:00,2025-10-03 00:00:00,0.0,1.0,2025-10-03 10:31:00,363.675,62.49099205723986,58.441993457959576,2,727.35,352.76475,374.58525000000003,2025-10-03 15:59:00,363.81,WEEK_END_CLOSE,0.2699999999999818,0.03712105588780101
NEE,2025-10-02 00:00:00,2025-10-03 00:00:00,0.0505067015364498,9.0,2025-10-03 10:39:00,80.23,73.68357175132594,70.25450833486646,12,962.76,77.8231,82.63690000000001,2025-10-03 15:59:00,80.08,WEEK_END_CLOSE,-1.8000000000000682,-0.18696248286177441
MSI,2025-10-02 00:00:00,2025-10-03 00:00:00,0.043103448275862,8.0,2025-10-03 11:11:00,455.94,65.10326648182834,62.910965342447966,2,911.88,442.2618,469.6182,2025-10-03 15:59:00,452.77,WEEK_END_CLOSE,-6.340000000000032,-0.6952669210861129
FDX,2025-10-03 00:00:00,2025-10-06 00:00:00,0.0030372057706909,1.0,2025-10-06 09:46:00,245.0,57.96234426835938,53.28931010244329,4,980.0,237.65,252.35,2025-10-08 09:30:00,237.65,STOP_LOSS,-29.399999999999977,-3.0000000000000027
WELL,2025-10-03 00:00:00,2025-10-06 00:00:00,0.0338983050847457,4.0,2025-10-06 09:46:00,173.83,34.20293589694542,33.07446183997323,5,869.1500000000001,168.6151,179.0449,2025-10-09 12:13:00,168.6151,STOP_LOSS,-26.0745,-3.0000000000000027
WMB,2025-10-03 00:00:00,2025-10-06 00:00:00,0.0150046168051708,3.0,2025-10-06 09:47:00,64.785,52.02537213590524,49.95506768487056,15,971.775,62.841449999999995,66.72855,2025-10-10 15:49:00,62.841449999999995,STOP_LOSS,-29.15325000000003,-3.0000000000000027
ROST,2025-10-03 00:00:00,2025-10-06 00:00:00,0.03971119133574,5.0,2025-10-06 09:48:00,151.95,41.79772982456758,41.75155129201576,6,911.6999999999999,147.39149999999998,156.5085,2025-10-10 15:59:00,147.68,WEEK_END_CLOSE,-25.61999999999989,-2.810134912800255
SPGI,2025-10-03 00:00:00,2025-10-06 00:00:00,0.0714285714285714,9.0,2025-10-06 09:49:00,477.935,45.306695671670134,44.24969479498802,2,955.87,463.59695,492.27305,2025-10-10 09:30:00,492.29,TAKE_PROFIT_GAP,28.710000000000036,3.003546507370247
AON,2025-10-03 00:00:00,2025-10-06 00:00:00,0.0727272727272727,10.0,2025-10-06 10:05:00,363.83,47.763570991708626,46.41432292101008,2,727.66,352.9151,374.7449,2025-10-10 15:59:00,359.995,WEEK_END_CLOSE,-7.669999999999959,-1.0540637110738493
CMCSA,2025-10-03 00:00:00,2025-10-06 00:00:00,0.0032851511169513,2.0,2025-10-06 10:05:00,30.515,47.930809620514374,40.0901209848518,32,976.48,29.59955,31.43045,2025-10-10 14:38:00,29.59955,STOP_LOSS,-29.294399999999996,-3.0000000000000027
NEE,2025-10-03 00:00:00,2025-10-06 00:00:00,0.0459843525467028,7.0,2025-10-06 10:08:00,81.47,54.01675771747133,52.83903925415793,12,977.64,79.0259,83.9141,2025-10-07 10:03:00,83.9141,TAKE_PROFIT,29.32920000000007,3.0000000000000027
EMR,2025-10-03 00:00:00,2025-10-06 00:00:00,0.0560747663551401,8.0,2025-10-06 10:12:00,133.415,46.2744069405116,46.192026695846,7,933.905,129.41254999999998,137.41745,2025-10-10 11:25:00,129.41254999999998,STOP_LOSS,-28.017150000000072,-3.0000000000000027
ICE,2025-10-03 00:00:00,2025-10-06 00:00:00,0.0397672162948593,6.0,2025-10-06 10:12:00,159.12,38.796641282695084,35.016206673940545,6,954.72,154.3464,163.89360000000002,2025-10-10 15:59:00,157.475,WEEK_END_CLOSE,-9.870000000000061,-1.033810960281556
BSX,2025-10-06 00:00:00,2025-10-07 00:00:00,0.011070110701107,4.0,2025-10-07 09:55:00,95.59,38.292949153414554,38.02033847760562,10,955.9000000000001,92.7223,98.4577,2025-10-10 15:59:00,95.41,WEEK_END_CLOSE,-1.8000000000000682,-0.18830421592217483
DHR,2025-10-06 00:00:00,2025-10-07 00:00:00,0.1022408963585434,10.0,2025-10-07 09:55:00,213.59,59.12507722948419,51.43907413167915,4,854.36,207.1823,219.9977,2025-10-08 09:30:00,206.895,STOP_LOSS_GAP,-26.779999999999973,-3.1345100426049877
HPE,2025-10-06 00:00:00,2025-10-07 00:00:00,0.0074125449737743,2.0,2025-10-07 09:58:00,25.575,51.50011631138649,49.80478788665251,39,997.425,24.80775,26.34225,2025-10-07 11:32:00,24.80775,STOP_LOSS,-29.922750000000025,-3.0000000000000027
ITW,2025-10-06 00:00:00,2025-10-07 00:00:00,0.0892857142857142,9.0,2025-10-07 10:17:00,257.27,46.17938751010922,45.15135150687852,3,771.81,249.5519,264.9881,2025-10-09 09:56:00,249.5519,STOP_LOSS,-23.154299999999978,-3.0000000000000027
PCAR,2025-10-06 00:00:00,2025-10-07 00:00:00,0.0459016393442622,6.0,2025-10-07 10:44:00,97.03,45.578978921894155,39.742953720206955,10,970.3,94.1191,99.9409,2025-10-10 11:00:00,94.1191,STOP_LOSS,-29.10899999999998,-3.0000000000000027
NEE,2025-10-06 00:00:00,2025-10-07 00:00:00,0.0313060179257362,5.0,2025-10-07 11:19:00,83.79,52.95278987731794,51.50795199473545,11,921.69,81.2763,86.3037,2025-10-10 15:59:00,83.37,WEEK_END_CLOSE,-4.620000000000019,-0.5012531328320802
HPE,2025-10-06 00:00:00,2025-10-07 00:00:00,0.0074125449737743,2.0,2025-10-07 11:42:00,24.785,35.62349402339436,34.7087996592009,40,991.4,24.04145,25.52855,2025-10-08 09:59:00,25.52855,TAKE_PROFIT,29.741999999999962,3.0000000000000027
FDX,2025-10-07 00:00:00,2025-10-08 00:00:00,0.0089514066496163,4.0,2025-10-08 09:48:00,238.04,38.83951462322701,37.11408850874156,4,952.16,230.8988,245.1812,2025-10-10 11:24:00,230.8988,STOP_LOSS,-28.56479999999999,-3.0000000000000027
JCI,2025-10-07 00:00:00,2025-10-08 00:00:00,0.0222965440356744,6.0,2025-10-08 09:57:00,107.71,52.491174867195376,50.57801383913255,9,969.39,104.47869999999999,110.9413,2025-10-10 15:59:00,105.57,WEEK_END_CLOSE,-19.260000000000005,-1.9868164515829512
USB,2025-10-07 00:00:00,2025-10-08 00:00:00,0.0414746543778801,8.0,2025-10-08 10:00:00,47.28,47.82569752116746,46.39992867306478,21,992.88,45.8616,48.6984,2025-10-10 14:01:00,45.8616,STOP_LOSS,-29.786399999999965,-2.9999999999999916
KMI,2025-10-07 00:00:00,2025-10-08 00:00:00,0.0063659905049633,3.0,2025-10-08 10:01:00,27.745,47.169320674825514,46.9428733731165,36,998.82,26.91265,28.577350000000003,2025-10-10 15:59:00,27.1,WEEK_END_CLOSE,-23.219999999999985,-2.324743196972423
PH,2025-10-07 00:00:00,2025-10-08 00:00:00,0.0,1.0,2025-10-08 10:02:00,750.87,55.897998241922565,53.91413191042247,1,750.87,728.3439,773.3961,2025-10-10 11:24:00,728.3439,STOP_LOSS,-22.526100000000042,-3.0000000000000027
MO,2025-10-07 00:00:00,2025-10-08 00:00:00,0.04300914131575,9.0,2025-10-08 10:08:00,65.59,42.36541052348246,42.22432281341547,15,983.85,63.6223,67.55770000000001,2025-10-10 15:59:00,66.53,WEEK_END_CLOSE,14.099999999999966,1.4331452965391067
AEP,2025-10-08 00:00:00,2025-10-09 00:00:00,0.0396419437340153,8.0,2025-10-09 10:04:00,118.45,63.63599311831975,61.126128722971316,8,947.6,114.8965,122.0035,2025-10-10 15:59:00,117.07,WEEK_END_CLOSE,-11.040000000000077,-1.1650485436893288
SHW,2025-10-08 00:00:00,2025-10-09 00:00:00,0.04,9.0,2025-10-09 10:04:00,335.275,47.686862913343234,45.85476069197179,2,670.55,325.21675,345.33324999999996,2025-10-10 15:59:00,332.87,WEEK_END_CLOSE,-4.809999999999945,-0.7173216016702622
NSC,2025-10-08 00:00:00,2025-10-09 00:00:00,0.0,1.0,2025-10-09 10:11:00,295.505,48.17850041860794,45.063396735202865,3,886.515,286.63984999999997,304.37015,2025-10-10 15:59:00,288.43,WEEK_END_CLOSE,-21.224999999999966,-2.394206527808329
CRH,2025-10-08 00:00:00,2025-10-09 00:00:00,0.0,3.0,2025-10-09 10:24:00,117.815,53.922177094065134,50.29550896619573,8,942.52,114.28054999999999,121.34945,2025-10-10 15:59:00,116.03,WEEK_END_CLOSE,-14.279999999999973,-1.5150872130034299
SPGI,2025-10-09 00:00:00,2025-10-10 00:00:00,0.0273972602739726,7.0,2025-10-10 09:57:00,493.73,63.715527617365716,59.55519782314477,2,987.46,478.9181,508.54190000000006,2025-10-10 15:59:00,486.045,WEEK_END_CLOSE,-15.370000000000005,-1.5565187450630957
MRK,2025-10-09 00:00:00,2025-10-10 00:00:00,0.0317319805250076,9.0,2025-10-10 10:09:00,87.26,51.76479672228311,50.222391511940074,11,959.86,84.6422,89.87780000000001,2025-10-10 15:59:00,86.025,WEEK_END_CLOSE,-13.584999999999994,-1.4153105661242282
EOG,2025-10-09 00:00:00,2025-10-10 00:00:00,0.0296080780421016,8.0,2025-10-10 10:25:00,110.085,49.134158713487345,44.87203253551498,9,990.765,106.78245,113.38754999999999,2025-10-10 15:59:00,108.06,WEEK_END_CLOSE,-18.224999999999923,-1.8394876686196993
HLT,2025-10-09 00:00:00,2025-10-10 00:00:00,0.0132450331125827,4.0,2025-10-10 10:25:00,262.035,54.91491465803623,49.960224765669814,3,786.105,254.17395000000002,269.89605000000006,2025-10-10 15:59:00,259.54,WEEK_END_CLOSE,-7.485000000000014,-0.9521628790047143
TEL,2025-10-09 00:00:00,2025-10-10 00:00:00,0.0,2.0,2025-10-10 10:27:00,223.455,56.15274139866371,54.89851517311324,4,893.82,216.75135,230.15865000000002,2025-10-10 14:48:00,216.75,STOP_LOSS_GAP,-26.82000000000005,-3.0006041484862744
APH,2025-10-09 00:00:00,2025-10-10 00:00:00,0.0508701472556894,10.0,2025-10-10 10:42:00,125.305,47.26318590784775,45.59325684762544,7,877.135,121.54585,129.06415,2025-10-10 15:38:00,121.54585,STOP_LOSS,-26.314050000000037,-3.0000000000000027
CMCSA,2025-10-09 00:00:00,2025-10-10 00:00:00,0.006,3.0,2025-10-10 15:00:00,29.545,49.06284010887517,38.83075547227213,33,974.985,28.65865,30.431350000000002,2025-10-10 15:59:00,29.46,WEEK_END_CLOSE,-2.805000000000028,-0.28769673379590577
TEL,2025-10-09 00:00:00,2025-10-10 00:00:00,0.0,2.0,2025-10-10 15:19:00,216.205,42.605711179384926,40.436592548239176,4,864.82,209.71885,222.69115000000002,2025-10-10 15:59:00,214.61,WEEK_END_CLOSE,-6.3799999999999955,-0.7377257695242889
ITW,2025-10-10 00:00:00,2025-10-13 00:00:00,0.0161290322580645,9.0,2025-10-13 09:46:00,245.46,50.812699628364,49.694606371323204,4,981.84,238.0962,252.8238,2025-10-17 15:59:00,249.4,WEEK_END_CLOSE,15.759999999999991,1.6051495151959472
CMCSA,2025-10-10 00:00:00,2025-10-13 00:00:00,0.0082530949105914,4.0,2025-10-13 09:47:00,29.545,52.24269642499572,49.03124932604774,33,974.985,28.65865,30.431350000000002,2025-10-17 15:59:00,29.525,WEEK_END_CLOSE,-0.6600000000001032,-0.06769334912846148
FDX,2025-10-10 00:00:00,2025-10-13 00:00:00,0.0009514747859181,1.0,2025-10-13 09:50:00,228.515,61.07648578029985,52.79849838557396,4,914.06,221.65954999999997,235.37045,2025-10-15 09:30:00,235.49,TAKE_PROFIT_GAP,27.90000000000009,3.052316040522518
KMI,2025-10-10 00:00:00,2025-10-13 00:00:00,0.0042674253200568,3.0,2025-10-13 09:50:00,27.1865,47.4522324357411,43.31381157895605,36,978.7139999999999,26.370904999999997,28.002095,2025-10-17 15:59:00,27.38,WEEK_END_CLOSE,6.966000000000008,0.711750317253057
SLB,2025-10-10 00:00:00,2025-10-13 00:00:00,0.0035246727089627,2.0,2025-10-13 09:50:00,31.79,48.95250780227627,41.65754678808849,31,985.49,30.836299999999998,32.7437,2025-10-14 13:07:00,32.7437,TAKE_PROFIT,29.56469999999993,3.0000000000000027
AON,2025-10-10 00:00:00,2025-10-13 00:00:00,0.0088888888888888,5.0,2025-10-13 09:59:00,357.85,48.078003365009884,45.413897528714145,2,715.7,347.1145,368.5855,2025-10-16 09:30:00,347.1145,STOP_LOSS,-21.471000000000004,-3.0000000000000027
PLD,2025-10-10 00:00:00,2025-10-13 00:00:00,0.0097087378640776,6.0,2025-10-13 10:03:00,112.44,58.095917155556464,54.91066285140141,8,899.52,109.0668,115.8132,2025-10-15 09:30:00,116.67,TAKE_PROFIT_GAP,33.84000000000003,3.7620064034151524
CDNS,2025-10-10 00:00:00,2025-10-13 00:00:00,0.0180722891566265,10.0,2025-10-13 10:05:00,328.01,50.50412785753312,49.63014815907418,3,984.03,318.1697,337.8503,2025-10-14 09:31:00,318.1697,STOP_LOSS,-29.52090000000004,-3.0000000000000027
SO,2025-10-10 00:00:00,2025-10-13 00:00:00,0.0135135135135135,7.0,2025-10-13 10:16:00,97.565,49.2539788556121,48.61542409135269,10,975.65,94.63804999999999,100.49195,2025-10-16 09:38:00,100.49195,TAKE_PROFIT,29.26950000000005,3.0000000000000027
PH,2025-10-10 00:00:00,2025-10-13 00:00:00,0.0146396396396396,8.0,2025-10-13 10:39:00,730.685,53.10383106964476,51.139364638798824,1,730.685,708.7644499999999,752.60555,2025-10-17 15:59:00,733.67,WEEK_END_CLOSE,2.9850000000000136,0.40852077160473677
DLR,2025-10-13 00:00:00,2025-10-14 00:00:00,0.058083252662149,8.0,2025-10-14 09:50:00,170.27,51.04492306104729,50.83664191978126,5,851.35,165.1619,175.37810000000002,2025-10-15 09:44:00,175.37810000000002,TAKE_PROFIT,25.540500000000037,3.0000000000000027
TEL,2025-10-13 00:00:00,2025-10-14 00:00:00,0.0294117647058823,7.0,2025-10-14 09:51:00,217.595,48.37368069932041,46.764065949184186,4,870.38,211.06715,224.12285,2025-10-15 09:30:00,224.6,TAKE_PROFIT_GAP,28.019999999999982,3.2192835313311408
PFE,2025-10-13 00:00:00,2025-10-14 00:00:00,0.0714133322989196,10.0,2025-10-14 09:52:00,24.66,49.71888159792597,45.03612951811987,40,986.4,23.9202,25.3998,2025-10-17 15:59:00,24.5199,WEEK_END_CLOSE,-5.604000000000013,-0.5681265206812669
APH,2025-10-13 00:00:00,2025-10-14 00:00:00,0.0196579830589739,4.0,2025-10-14 09:53:00,121.78,47.21798080416755,46.901359630124894,8,974.24,118.1266,125.4334,2025-10-15 09:30:00,126.64,TAKE_PROFIT_GAP,38.879999999999995,3.9908030875349
SPGI,2025-10-13 00:00:00,2025-10-14 00:00:00,0.0245398773006134,6.0,2025-10-14 10:05:00,485.085,63.55617782912572,59.393363502219835,2,970.17,470.53245,499.63755,2025-10-16 15:21:00,470.53245,STOP_LOSS,-29.105099999999993,-3.0000000000000027
MCO,2025-10-13 00:00:00,2025-10-14 00:00:00,0.0204081632653061,5.0,2025-10-14 10:10:00,479.61,61.42596829962495,55.88047034216034,2,959.22,465.2217,493.99830000000003,2025-10-17 15:59:00,470.97,WEEK_END_CLOSE,-17.279999999999973,-1.8014636892475067
WM,2025-10-14 00:00:00,2025-10-15 00:00:00,0.0650784427658338,10.0,2025-10-15 09:46:00,216.6607,38.45578914961629,38.16026425739144,4,866.6428,210.160879,223.160521,2025-10-17 15:59:00,215.48,WEEK_END_CLOSE,-4.7228000000000065,-0.5449534687186008
AJG,2025-10-14 00:00:00,2025-10-15 00:00:00,0.0,1.0,2025-10-15 09:48:00,302.35,54.53597610205868,49.96751394855333,3,907.0500000000001,293.27950000000004,311.4205,2025-10-16 09:30:00,287.27,STOP_LOSS_GAP,-45.24000000000012,-4.987597155614365
DLR,2025-10-14 00:00:00,2025-10-15 00:00:00,0.0329218106995884,5.0,2025-10-15 10:00:00,175.72,60.75739927318619,58.18758245899932,5,878.6,170.4484,180.9916,2025-10-17 15:59:00,172.73,WEEK_END_CLOSE,-14.950000000000045,-1.7015706806282727
MO,2025-10-14 00:00:00,2025-10-15 00:00:00,0.0619495299356754,9.0,2025-10-15 10:00:00,65.62,61.88029711562078,60.67441263865821,15,984.3000000000001,63.6514,67.5886,2025-10-17 15:59:00,65.04,WEEK_END_CLOSE,-8.699999999999974,-0.883876866808897
TMO,2025-10-14 00:00:00,2025-10-15 00:00:00,0.0411568409343715,7.0,2025-10-15 10:20:00,530.825,53.46187854373619,52.0577945641991,1,530.825,514.90025,546.7497500000001,2025-10-17 15:59:00,538.47,WEEK_END_CLOSE,7.644999999999982,1.4402109923232764
APD,2025-10-14 00:00:00,2025-10-15 00:00:00,0.0351351351351351,6.0,2025-10-15 10:28:00,262.965,45.31408561540024,45.23154601375743,3,788.895,255.07604999999998,270.85395,2025-10-16 09:31:00,255.01,STOP_LOSS_GAP,-23.864999999999952,-3.025117411062306
ECL,2025-10-14 00:00:00,2025-10-15 00:00:00,0.0084151472650771,4.0,2025-10-15 10:28:00,276.0665,63.132933732333115,57.714570662902744,3,828.1995000000001,267.784505,284.348495,2025-10-17 15:59:00,276.89,WEEK_END_CLOSE,2.4704999999999018,0.29829769276603635
WELL,2025-10-15 00:00:00,2025-10-16 00:00:00,0.0181818181818181,5.0,2025-10-16 09:55:00,173.02,51.76289341366349,50.27653959959385,5,865.1,167.8294,178.21060000000003,2025-10-17 15:59:00,175.11,WEEK_END_CLOSE,10.450000000000017,1.2079528378222237
SLB,2025-10-15 00:00:00,2025-10-16 00:00:00,0.0399877899877899,7.0,2025-10-16 09:57:00,32.65,51.062869875743345,47.40222470817989,30,979.5,31.670499999999997,33.6295,2025-10-17 10:56:00,31.670499999999997,STOP_LOSS,-29.385000000000048,-3.0000000000000027
JCI,2025-10-15 00:00:00,2025-10-16 00:00:00,0.0186781609195402,6.0,2025-10-16 09:58:00,110.335,45.56594859540805,45.4871139272883,9,993.015,107.02494999999999,113.64505,2025-10-17 15:59:00,108.84,WEEK_END_CLOSE,-13.454999999999913,-1.3549644265192229
TJX,2025-10-15 00:00:00,2025-10-16 00:00:00,0.0415300546448087,8.0,2025-10-16 10:00:00,143.52,47.88536153801737,41.95097966526451,6,861.1200000000001,139.2144,147.8256,2025-10-17 15:59:00,143.85,WEEK_END_CLOSE,1.9799999999999045,0.22993311036787478
CRH,2025-10-15 00:00:00,2025-10-16 00:00:00,0.0149094781682641,3.0,2025-10-16 10:03:00,117.76,41.53521168240506,39.625532343136555,8,942.08,114.2272,121.29280000000001,2025-10-17 15:59:00,117.41,WEEK_END_CLOSE,-2.800000000000068,-0.2972146739130488
AJG,2025-10-15 00:00:00,2025-10-16 00:00:00,0.0434782608695652,9.0,2025-10-16 10:05:00,280.72,37.807894624433196,37.66074352660941,3,842.1600000000001,272.2984,289.14160000000004,2025-10-17 15:59:00,280.63,WEEK_END_CLOSE,-0.2700000000000955,-0.03206041607296539
EMR,2025-10-15 00:00:00,2025-10-16 00:00:00,0.0458715596330275,10.0,2025-10-16 10:15:00,130.0,52.705769202945156,48.493361994444484,7,910.0,126.1,133.9,2025-10-17 15:59:00,129.31,WEEK_END_CLOSE,-4.829999999999984,-0.5307692307692236
FDX,2025-10-15 00:00:00,2025-10-16 00:00:00,0.0018382352941176,1.0,2025-10-16 10:15:00,234.265,45.932563207609256,44.7908638859845,4,937.06,227.23704999999998,241.29295,2025-10-17 15:59:00,237.77,WEEK_END_CLOSE,14.020000000000095,1.4961688685890095
ICE,2025-10-15 00:00:00,2025-10-16 00:00:00,0.0168195718654434,4.0,2025-10-16 10:29:00,155.73,43.46200293268358,41.587057231742754,6,934.3799999999999,151.0581,160.40189999999998,2025-10-17 15:59:00,153.575,WEEK_END_CLOSE,-12.930000000000007,-1.3838053040518883
EQIX,2025-10-16 00:00:00,2025-10-17 00:00:00,0.0434782608695652,4.0,2025-10-17 09:45:00,810.42,43.52652959479877,41.318191138962206,1,810.42,786.1074,834.7325999999999,2025-10-17 15:59:00,813.86,WEEK_END_CLOSE,3.4400000000000546,0.4244712618148627
SO,2025-10-16 00:00:00,2025-10-17 00:00:00,0.0505836575875486,5.0,2025-10-17 09:47:00,98.32,48.518805413646774,45.25388656837355,10,983.1999999999999,95.37039999999999,101.2696,2025-10-17 15:59:00,97.79,WEEK_END_CLOSE,-5.299999999999869,-0.5390561432058405
SPGI,2025-10-16 00:00:00,2025-10-17 00:00:00,0.0515463917525773,6.0,2025-10-17 09:47:00,473.45,55.179381372216035,49.190332876898715,2,946.9,459.24649999999997,487.6535,2025-10-17 15:59:00,473.17,WEEK_END_CLOSE,-0.5599999999999454,-0.05914035272995832
REGN,2025-10-16 00:00:00,2025-10-17 00:00:00,0.0607356715141146,9.0,2025-10-17 09:48:00,573.0,66.96880042514553,55.78455114445975,1,573.0,555.81,590.19,2025-10-17 15:59:00,578.25,WEEK_END_CLOSE,5.25,0.9162303664921545
QCOM,2025-10-16 00:00:00,2025-10-17 00:00:00,0.0557783273705188,8.0,2025-10-17 09:51:00,163.22,50.11787948716433,49.825103098935195,6,979.3199999999999,158.3234,168.1166,2025-10-17 15:59:00,163.441,WEEK_END_CLOSE,1.3260000000000218,0.1354000735203975
MDT,2025-10-16 00:00:00,2025-10-17 00:00:00,0.0339285714285714,2.0,2025-10-17 10:14:00,95.365,53.361234717450806,52.27286601790118,10,953.65,92.50404999999999,98.22595,2025-10-17 15:59:00,95.78,WEEK_END_CLOSE,4.1500000000000625,0.4351701357940607
BSX,2025-10-16 00:00:00,2025-10-17 00:00:00,0.0343915343915343,3.0,2025-10-17 10:27:00,98.93,63.12472209176467,60.866850634803036,10,989.3000000000001,95.9621,101.8979,2025-10-17 15:59:00,99.24,WEEK_END_CLOSE,3.0999999999998806,0.3133528757707449
AFL,2025-10-17 00:00:00,2025-10-20 00:00:00,0.0067796610169491,3.0,2025-10-20 09:45:00,108.0,54.592790418516024,47.1426680004432,9,972.0,104.75999999999999,111.24000000000001,2025-10-24 15:59:00,107.17,WEEK_END_CLOSE,-7.469999999999985,-0.7685185185185128
EQIX,2025-10-17 00:00:00,2025-10-20 00:00:00,0.0,1.0,2025-10-20 09:46:00,820.89,59.33356637951891,56.472082788594626,1,820.89,796.2633,845.5167,2025-10-24 09:31:00,845.5167,TAKE_PROFIT,24.626700000000028,3.0000000000000027
FDX,2025-10-17 00:00:00,2025-10-20 00:00:00,0.0468384074941452,8.0,2025-10-20 09:47:00,240.14,58.107766884304795,53.63529972400943,4,960.56,232.93579999999997,247.3442,2025-10-24 15:59:00,241.17,WEEK_END_CLOSE,4.1200000000000045,0.42891646539517936
ROST,2025-10-17 00:00:00,2025-10-20 00:00:00,0.0049875311720698,2.0,2025-10-20 09:50:00,157.15,53.97510631028624,52.237326099460354,6,942.9000000000001,152.4355,161.86450000000002,2025-10-24 15:59:00,156.79,WEEK_END_CLOSE,-2.160000000000082,-0.22908049634108307
SPGI,2025-10-17 00:00:00,2025-10-20 00:00:00,0.0526315789473684,9.0,2025-10-20 09:56:00,473.93,48.37455211953635,48.30524776095456,2,947.86,459.7121,488.1479,2025-10-24 10:00:00,488.1479,TAKE_PROFIT,28.435799999999972,3.0000000000000027
CRH,2025-10-17 00:00:00,2025-10-20 00:00:00,0.0285714285714285,6.0,2025-10-20 10:02:00,117.235,52.332613532110805,49.404949350994855,8,937.88,113.71795,120.75205,2025-10-24 09:55:00,120.75205,TAKE_PROFIT,28.13639999999998,3.0000000000000027
DHR,2025-10-17 00:00:00,2025-10-20 00:00:00,0.0664804469273743,10.0,2025-10-20 10:07:00,209.7,51.253339147204905,50.92717637763545,4,838.8,203.409,215.99099999999999,2025-10-21 09:30:00,223.5,TAKE_PROFIT_GAP,55.200000000000045,6.580829756795437
CMCSA,2025-10-17 00:00:00,2025-10-20 00:00:00,0.0079268292682926,4.0,2025-10-20 10:13:00,29.505,54.44187909934285,50.817107430358,33,973.665,28.61985,30.39015,2025-10-24 15:59:00,29.27,WEEK_END_CLOSE,-7.754999999999981,-0.7964751736993736
MCO,2025-10-17 00:00:00,2025-10-20 00:00:00,0.0273722627737226,5.0,2025-10-20 10:21:00,472.82,53.58643432956082,53.15184829608688,2,945.64,458.6354,487.0046,2025-10-22 10:08:00,487.77,TAKE_PROFIT_GAP,29.899999999999977,3.1618797851190594
PH,2025-10-17 00:00:00,2025-10-20 00:00:00,0.0389610389610389,7.0,2025-10-20 10:40:00,743.25,58.37257372102798,55.30301595493921,1,743.25,720.9525,765.5475,2025-10-23 15:25:00,765.8028,TAKE_PROFIT_GAP,22.552800000000047,3.0343491422805347
APD,2025-10-20 00:00:00,2025-10-21 00:00:00,0.0483870967741935,7.0,2025-10-21 09:49:00,254.255,60.35752229014748,59.31019485273686,3,762.765,246.62734999999998,261.88265,2025-10-24 15:59:00,254.92,WEEK_END_CLOSE,1.9949999999999761,0.2615484454582928
EMR,2025-10-20 00:00:00,2025-10-21 00:00:00,0.0261437908496732,3.0,2025-10-21 09:49:00,130.255,55.65656485529697,55.33675025456771,7,911.785,126.34734999999999,134.16264999999999,2025-10-24 09:30:00,134.21,TAKE_PROFIT_GAP,27.685000000000088,3.036351771525103
AON,2025-10-20 00:00:00,2025-10-21 00:00:00,0.034090909090909,4.0,2025-10-21 09:59:00,344.485,51.34057068397566,51.1042215550029,2,688.97,334.15045,354.81955000000005,2025-10-24 15:59:00,337.66,WEEK_END_CLOSE,-13.649999999999977,-1.9812183404212091
MDLZ,2025-10-20 00:00:00,2025-10-21 00:00:00,0.0483870967741935,6.0,2025-10-21 10:05:00,62.815,53.431186958217964,49.941726007477875,15,942.2249999999999,60.93055,64.69945,2025-10-24 09:40:00,60.93055,STOP_LOSS,-28.266750000000016,-3.0000000000000027
CI,2025-10-20 00:00:00,2025-10-21 00:00:00,0.0563663814796175,9.0,2025-10-21 10:08:00,305.495,52.14851130898961,50.25039675060956,3,916.485,296.33015,314.65985,2025-10-24 15:59:00,301.74,WEEK_END_CLOSE,-11.264999999999986,-1.229152686623347
AMGN,2025-10-20 00:00:00,2025-10-21 00:00:00,0.020800627943485,2.0,2025-10-21 10:20:00,299.24,48.021973254550204,45.762774516241436,3,897.72,290.2628,308.2172,2025-10-24 15:59:00,291.85,WEEK_END_CLOSE,-22.16999999999996,-2.469589627055202
RSG,2025-10-21 00:00:00,2025-10-22 00:00:00,0.09009009009009,8.0,2025-10-22 09:47:00,220.97,50.02202888973608,47.09256644830335,4,883.88,214.3409,227.5991,2025-10-24 15:59:00,223.14,WEEK_END_CLOSE,8.67999999999995,0.9820337602389317
CSX,2025-10-21 00:00:00,2025-10-22 00:00:00,0.0256983240223463,3.0,2025-10-22 09:48:00,36.205,54.842091307496254,52.83905693510986,27,977.535,35.118849999999995,37.29115,2025-10-24 15:59:00,36.13,WEEK_END_CLOSE,-2.024999999999885,-0.20715370805136635
NSC,2025-10-21 00:00:00,2025-10-22 00:00:00,0.0898203592814371,7.0,2025-10-22 09:48:00,290.7,52.383428061311946,49.55934812968401,3,872.0999999999999,281.979,299.421,2025-10-24 09:30:00,281.979,STOP_LOSS,-26.16300000000001,-3.0000000000000027
ITW,2025-10-21 00:00:00,2025-10-22 00:00:00,0.0068130204390613,1.0,2025-10-22 10:06:00,255.36,47.46937225829006,47.098411780160355,3,766.08,247.69920000000002,263.0208,2025-10-24 09:30:00,247.69920000000002,STOP_LOSS,-22.982399999999984,-3.0000000000000027
SHW,2025-10-21 00:00:00,2025-10-22 00:00:00,0.0963364993215739,9.0,2025-10-22 10:08:00,334.57,44.07006695266341,39.56912581023535,2,669.14,324.5329,344.6071,2025-10-24 15:59:00,334.02,WEEK_END_CLOSE,-1.1000000000000227,-0.1643901126819558
DUK,2025-10-21 00:00:00,2025-10-22 00:00:00,0.0636550308008213,5.0,2025-10-22 10:10:00,128.31,62.199269739106796,60.58097213454738,7,898.1700000000001,124.4607,132.1593,2025-10-24 15:59:00,127.39,WEEK_END_CLOSE,-6.440000000000012,-0.7170134829709296
WELL,2025-10-21 00:00:00,2025-10-22 00:00:00,0.0687022900763358,6.0,2025-10-22 10:14:00,176.13,61.43964262467267,58.09152237563061,5,880.65,170.84609999999998,181.4139,2025-10-24 15:59:00,178.08,WEEK_END_CLOSE,9.750000000000085,1.1071367739737825
JCI,2025-10-21 00:00:00,2025-10-22 00:00:00,0.108695652173913,10.0,2025-10-22 10:46:00,109.37,39.16653532748355,38.30951425835603,9,984.33,106.0889,112.65110000000001,2025-10-24 09:35:00,112.65110000000001,TAKE_PROFIT,29.529900000000083,3.0000000000000027
KKR,2025-10-22 00:00:00,2025-10-23 00:00:00,0.0498090940645609,5.0,2025-10-23 09:48:00,123.525,52.563622302380494,51.19848759425152,8,988.2,119.81925,127.23075000000001,2025-10-23 10:26:00,119.81,STOP_LOSS_GAP,-29.720000000000027,-3.0074883626796223
MRK,2025-10-22 00:00:00,2025-10-23 00:00:00,0.0796434169278996,8.0,2025-10-23 09:48:00,87.76,49.56206348556558,46.46343434186208,11,965.36,85.1272,90.39280000000001,2025-10-24 15:59:00,87.47,WEEK_END_CLOSE,-3.190000000000069,-0.330446672743856
ABBV,2025-10-22 00:00:00,2025-10-23 00:00:00,0.0709745762711864,7.0,2025-10-23 09:59:00,228.16,45.31868333721652,44.37260742884908,4,912.64,221.3152,235.0048,2025-10-24 15:59:00,228.0,WEEK_END_CLOSE,-0.6399999999999864,-0.07012622720897754
MO,2025-10-22 00:00:00,2025-10-23 00:00:00,0.0827175208581644,9.0,2025-10-23 10:02:00,64.36,54.612280588850545,50.14578989056696,15,965.4,62.429199999999994,66.2908,2025-10-24 15:59:00,64.67,WEEK_END_CLOSE,4.650000000000034,0.48166563082661096
PFE,2025-10-22 00:00:00,2025-10-23 00:00:00,0.0838113640480647,10.0,2025-10-23 10:02:00,24.645,51.41312357599478,50.87377930902422,40,985.8,23.905649999999998,25.38435,2025-10-24 15:59:00,24.775,WEEK_END_CLOSE,5.19999999999996,0.527490363156824
KKR,2025-10-22 00:00:00,2025-10-23 00:00:00,0.0498090940645609,5.0,2025-10-23 10:31:00,120.245,40.231779108116186,39.0929925884459,8,961.96,116.63765000000001,123.85235,2025-10-24 09:53:00,123.85235,TAKE_PROFIT,28.858799999999974,3.0000000000000027
LOW,2025-10-23 00:00:00,2025-10-24 00:00:00,0.0761865112406328,6.0,2025-10-24 09:50:00,245.34,54.07588250186252,52.51319258523302,4,981.36,237.97979999999998,252.70020000000002,2025-10-24 15:59:00,242.72,WEEK_END_CLOSE,-10.480000000000018,-1.0679057634303435
JCI,2025-10-23 00:00:00,2025-10-24 00:00:00,0.0047169811320754,2.0,2025-10-24 09:52:00,112.755,61.7256654472229,58.16539785146798,8,902.04,109.37235,116.13765,2025-10-24 15:59:00,112.94,WEEK_END_CLOSE,1.4800000000000182,0.16407254667198945
EQIX,2025-10-23 00:00:00,2025-10-24 00:00:00,0.0777777777777777,7.0,2025-10-24 10:03:00,845.71,63.60905091024131,63.45268564591514,1,845.71,820.3387,871.0813,2025-10-24 15:59:00,839.85,WEEK_END_CLOSE,-5.860000000000014,-0.6929089167681646
KKR,2025-10-23 00:00:00,2025-10-24 00:00:00,0.0545411985018726,4.0,2025-10-24 10:04:00,123.395,59.57284387126948,58.61862784207661,8,987.16,119.69314999999999,127.09685,2025-10-24 15:59:00,121.2899,WEEK_END_CLOSE,-16.840799999999945,-1.7059848454151205
SO,2025-10-23 00:00:00,2025-10-24 00:00:00,0.0940860215053763,10.0,2025-10-24 10:05:00,96.19,49.48982326780577,42.156288266451845,10,961.9,93.3043,99.0757,2025-10-24 15:59:00,95.87,WEEK_END_CLOSE,-3.199999999999932,-0.33267491423224493
KMI,2025-10-23 00:00:00,2025-10-24 00:00:00,0.0239255981399535,3.0,2025-10-24 10:53:00,26.135,45.6813529018237,45.04745955820502,38,993.1300000000001,25.35095,26.919050000000002,2025-10-24 15:59:00,25.865,WEEK_END_CLOSE,-10.260000000000119,-1.033097378993697
JCI,2025-10-24 00:00:00,2025-10-27 00:00:00,0.0344669117647058,5.0,2025-10-27 09:46:00,114.2151,63.46032616097802,60.52118075938072,8,913.7208,110.788647,117.64155300000002,2025-10-31 15:59:00,114.39,WEEK_END_CLOSE,1.3991999999999507,0.1531321165064714
ORLY,2025-10-24 00:00:00,2025-10-27 00:00:00,0.0204285555678916,3.0,2025-10-27 09:47:00,96.09,40.23012418644832,35.581242256849485,10,960.9000000000001,93.2073,98.9727,2025-10-31 15:59:00,94.47,WEEK_END_CLOSE,-16.200000000000045,-1.6859194505151498
AON,2025-10-24 00:00:00,2025-10-27 00:00:00,0.0334869431643625,4.0,2025-10-27 09:49:00,336.785,46.83579532996937,45.8911778631156,2,673.57,326.68145000000004,346.88855,2025-10-29 09:30:00,326.68145000000004,STOP_LOSS,-20.20709999999997,-2.9999999999999916
TJX,2025-10-24 00:00:00,2025-10-27 00:00:00,0.0876002467612584,9.0,2025-10-27 09:50:00,142.385,48.71345110254865,46.30978203603925,7,996.6949999999999,138.11345,146.65654999999998,2025-10-31 15:59:00,140.13,WEEK_END_CLOSE,-15.784999999999968,-1.5837342416687106
PWR,2025-10-24 00:00:00,2025-10-27 00:00:00,0.0813953488372093,8.0,2025-10-27 09:52:00,444.96,56.28736877260826,51.550450695472065,2,889.92,431.6112,458.30879999999996,2025-10-29 11:20:00,458.30879999999996,TAKE_PROFIT,26.697599999999966,3.0000000000000027
CMCSA,2025-10-24 00:00:00,2025-10-27 00:00:00,0.0062408223201174,2.0,2025-10-27 09:57:00,29.605,54.19196193224908,52.55940884490272,33,976.965,28.71685,30.49315,2025-10-29 14:35:00,28.71685,STOP_LOSS,-29.308949999999985,-3.0000000000000027
FDX,2025-10-24 00:00:00,2025-10-27 00:00:00,0.0029899429192715,1.0,2025-10-27 09:57:00,245.46,53.56063001425471,51.28775327038348,4,981.84,238.0962,252.8238,2025-10-28 09:31:00,252.8238,TAKE_PROFIT,29.45519999999999,3.0000000000000027
KKR,2025-10-24 00:00:00,2025-10-27 00:00:00,0.0729613733905579,6.0,2025-10-27 10:19:00,123.2,52.14169483290663,48.00529652564771,8,985.6,119.504,126.896,2025-10-29 09:30:00,119.504,STOP_LOSS,-29.567999999999984,-3.0000000000000027
WBD,2025-10-24 00:00:00,2025-10-27 00:00:00,0.0949861263470349,10.0,2025-10-27 10:32:00,21.145,49.86552551913998,48.75056276398554,47,993.8149999999999,20.51065,21.77935,2025-10-30 09:55:00,21.77935,TAKE_PROFIT,29.81445000000006,3.0000000000000027
WELL,2025-10-24 00:00:00,2025-10-27 00:00:00,0.0756302521008403,7.0,2025-10-27 11:08:00,179.025,53.174542672865094,52.732628550257,5,895.125,173.65425,184.39575000000002,2025-10-28 09:30:00,189.53,TAKE_PROFIT_GAP,52.52499999999998,5.867895545314905
ISRG,2025-10-27 00:00:00,2025-10-28 00:00:00,0.1264559068219634,9.0,2025-10-28 09:46:00,551.2,59.95366196630265,56.647346842059356,1,551.2,534.664,567.7360000000001,2025-10-29 15:36:00,534.664,STOP_LOSS,-16.536000000000058,-3.0000000000000138
NOC,2025-10-27 00:00:00,2025-10-28 00:00:00,0.1157894736842105,8.0,2025-10-28 09:51:00,594.21,51.91924026196881,46.128261353113906,1,594.21,576.3837,612.0363000000001,2025-10-31 09:43:00,576.3837,STOP_LOSS,-17.82630000000006,-3.0000000000000138
FDX,2025-10-27 00:00:00,2025-10-28 00:00:00,0.0481162051747616,4.0,2025-10-28 09:53:00,250.91,51.76051205435595,50.12319897888855,3,752.73,243.3827,258.4373,2025-10-31 15:59:00,253.93,WEEK_END_CLOSE,9.06000000000003,1.2036188274680226
KMI,2025-10-27 00:00:00,2025-10-28 00:00:00,0.0922442941673711,7.0,2025-10-28 09:54:00,25.935,46.01461168538032,45.036570186039,38,985.53,25.15695,26.71305,2025-10-31 15:59:00,26.19,WEEK_END_CLOSE,9.690000000000097,0.9832272990167867
MSI,2025-10-27 00:00:00,2025-10-28 00:00:00,0.081081081081081,6.0,2025-10-28 09:58:00,442.51,56.192284940290094,51.82223230139889,2,885.02,429.2347,455.7853,2025-10-31 09:30:00,419.65,STOP_LOSS_GAP,-45.72000000000003,-5.165984949492675
HPE,2025-10-27 00:00:00,2025-10-28 00:00:00,0.0119565217391304,2.0,2025-10-28 10:03:00,23.82,48.41893672086364,48.28810390832804,41,976.62,23.1054,24.5346,2025-10-28 14:59:00,24.5346,TAKE_PROFIT,29.298600000000032,3.0000000000000027
SO,2025-10-27 00:00:00,2025-10-28 00:00:00,0.024,3.0,2025-10-28 10:04:00,94.905,58.183902478848175,49.91294300704449,10,949.05,92.05785,97.75215,2025-10-31 15:59:00,94.055,WEEK_END_CLOSE,-8.499999999999943,-0.8956324745798327
MPC,2025-10-27 00:00:00,2025-10-28 00:00:00,0.1337209302325581,10.0,2025-10-28 10:08:00,194.2566,50.01279599867758,47.89576559549451,5,971.2829999999999,188.428902,200.084298,2025-10-30 12:10:00,200.084298,TAKE_PROFIT,29.13848999999999,3.0000000000000027
LIN,2025-10-27 00:00:00,2025-10-28 00:00:00,0.0519480519480519,5.0,2025-10-28 10:46:00,446.675,56.6667959039844,53.81409164019996,2,893.35,433.27475,460.07525000000004,2025-10-29 14:41:00,433.27475,STOP_LOSS,-26.800500000000056,-3.0000000000000027
HON,2025-10-28 00:00:00,2025-10-29 00:00:00,0.0405345865765898,4.0,2025-10-29 09:50:00,201.3195,50.6441782322905,49.14086103233091,4,805.278,195.279915,207.35908500000002,2025-10-31 15:59:00,201.35,WEEK_END_CLOSE,0.12199999999995725,0.015150047561207636
HPE,2025-10-28 00:00:00,2025-10-29 00:00:00,0.0200380670402876,2.0,2025-10-29 10:04:00,24.355,45.415785379137475,42.10311400488079,41,998.5550000000001,23.62435,25.08565,2025-10-31 15:59:00,24.42,WEEK_END_CLOSE,2.6650000000000524,0.26688564976391493
ITW,2025-10-28 00:00:00,2025-10-29 00:00:00,0.04251968503937,6.0,2025-10-29 10:04:00,245.76,47.3912010520391,47.24482307056137,4,983.04,238.38719999999998,253.1328,2025-10-31 15:59:00,243.93,WEEK_END_CLOSE,-7.319999999999936,-0.7446289062499889
AMGN,2025-10-28 00:00:00,2025-10-29 00:00:00,0.0527823240589198,10.0,2025-10-29 10:08:00,292.27,60.49060265144426,55.90638212078394,3,876.81,283.5019,301.0381,2025-10-31 15:59:00,298.4,WEEK_END_CLOSE,18.389999999999986,2.0973757142368266
TT,2025-10-28 00:00:00,2025-10-29 00:00:00,0.0440340909090909,7.0,2025-10-29 10:24:00,431.105,49.172437549343165,49.04757694102344,2,862.21,418.17185,444.03815000000003,2025-10-30 09:37:00,444.03815000000003,TAKE_PROFIT,25.866300000000024,3.0000000000000027
CMCSA,2025-10-28 00:00:00,2025-10-29 00:00:00,0.0310434916244044,3.0,2025-10-29 14:57:00,28.595,42.18802599757118,40.120322809886915,34,972.23,27.73715,29.452849999999998,2025-10-30 09:30:00,26.09,STOP_LOSS_GAP,-85.16999999999996,-8.760272774960654
CRH,2025-10-29 00:00:00,2025-10-30 00:00:00,0.0588235294117647,8.0,2025-10-30 09:48:00,117.64,53.892410021938936,46.55537710095682,8,941.12,114.1108,121.1692,2025-10-31 15:59:00,119.1,WEEK_END_CLOSE,11.67999999999995,1.2410744644678617
CTAS,2025-10-29 00:00:00,2025-10-30 00:00:00,0.0344827586206896,4.0,2025-10-30 09:48:00,184.43,49.659398428364014,49.371809294392634,5,922.1500000000001,178.8971,189.96290000000002,2025-10-31 15:59:00,183.27,WEEK_END_CLOSE,-5.799999999999983,-0.6289649189394342
AFL,2025-10-29 00:00:00,2025-10-30 00:00:00,0.0158730158730158,2.0,2025-10-30 09:59:00,106.77,58.03179576612173,55.64356652313864,9,960.93,103.56689999999999,109.9731,2025-10-31 15:59:00,107.2,WEEK_END_CLOSE,3.8700000000000614,0.40273485061348424
EMR,2025-10-29 00:00:00,2025-10-30 00:00:00,0.0519480519480519,6.0,2025-10-30 10:08:00,137.42,55.63701919943646,55.422109121008965,7,961.9399999999999,133.29739999999998,141.5426,2025-10-31 15:59:00,139.56,WEEK_END_CLOSE,14.980000000000103,1.5572696841799072
DHR,2025-10-29 00:00:00,2025-10-30 00:00:00,0.0640138408304498,9.0,2025-10-30 10:10:00,214.77,49.24211533943834,47.39879033122727,4,859.08,208.3269,221.21310000000003,2025-10-31 15:59:00,215.38,WEEK_END_CLOSE,2.439999999999941,0.2840247706849208
SPGI,2025-10-29 00:00:00,2025-10-30 00:00:00,0.0568965517241379,7.0,2025-10-30 10:10:00,496.5941,60.22661940555028,59.830993089152614,2,993.1882,481.696277,511.49192300000004,2025-10-31 15:59:00,487.08,WEEK_END_CLOSE,-19.028200000000083,-1.9158705268548348
AON,2025-10-29 00:00:00,2025-10-30 00:00:00,0.0432098765432098,5.0,2025-10-30 10:16:00,327.78,54.441331571711096,54.30749868509613,3,983.3399999999999,317.9466,337.61339999999996,2025-10-31 09:30:00,337.61339999999996,TAKE_PROFIT,29.50019999999995,3.0000000000000027
DLR,2025-10-29 00:00:00,2025-10-30 00:00:00,0.0890052356020942,10.0,2025-10-30 10:17:00,170.95,57.502063007067775,53.60427659726067,5,854.75,165.8215,176.0785,2025-10-31 15:59:00,170.52,WEEK_END_CLOSE,-2.149999999999892,-0.2515355367066263
BRK.B,2025-10-30 00:00:00,2025-10-31 00:00:00,0.0800832342449465,8.0,2025-10-31 09:45:00,477.03,45.298275522509,42.88817799962835,2,954.06,462.71909999999997,491.3409,2025-10-31 15:59:00,477.89,WEEK_END_CLOSE,1.7200000000000273,0.18028216254744045
RTX,2025-10-30 00:00:00,2025-10-31 00:00:00,0.0158687896054103,3.0,2025-10-31 09:47:00,177.2275,44.1094868302123,40.90541086588189,5,886.1374999999999,171.910675,182.544325,2025-10-31 15:59:00,178.59,WEEK_END_CLOSE,6.812500000000057,0.7687858825520921
ICE,2025-10-30 00:00:00,2025-10-31 00:00:00,0.0884450784593438,9.0,2025-10-31 09:48:00,147.33,45.95777612458518,43.58733297397896,6,883.98,142.9101,151.74990000000003,2025-10-31 15:59:00,146.26,WEEK_END_CLOSE,-6.42000000000013,-0.7262607751306716
AJG,2025-10-30 00:00:00,2025-10-31 00:00:00,0.0116924875767319,2.0,2025-10-31 10:00:00,247.0,45.9867892712976,39.30260157390682,4,988.0,239.59,254.41,2025-10-31 15:59:00,249.66,WEEK_END_CLOSE,10.639999999999986,1.0769230769230864
AON,2025-10-30 00:00:00,2025-10-31 00:00:00,0.0388369051212395,4.0,2025-10-31 10:04:00,347.57,62.68604783477418,62.60297416152022,2,695.14,337.1429,357.9971,2025-10-31 15:59:00,340.83,WEEK_END_CLOSE,-13.480000000000018,-1.9391777195960525
MDT,2025-10-30 00:00:00,2025-10-31 00:00:00,0.0392670157068062,5.0,2025-10-31 10:09:00,91.04,54.38432759363886,48.39634861013867,10,910.4000000000001,88.3088,93.77120000000001,2025-10-31 15:59:00,90.7,WEEK_END_CLOSE,-3.400000000000034,-0.3734622144112465
CMCSA,2025-10-30 00:00:00,2025-10-31 00:00:00,0.0744332646381379,7.0,2025-10-31 10:11:00,27.059,45.52831909690117,45.471477952467964,36,974.124,26.247230000000002,27.87077,2025-10-31 15:50:00,27.87077,TAKE_PROFIT,29.22371999999997,3.0000000000000027
DASH,2025-10-30 00:00:00,2025-10-31 00:00:00,0.0479677226539151,6.0,2025-10-31 10:13:00,259.2,58.78041825238411,56.602764487967114,3,777.5999999999999,251.42399999999998,266.976,2025-10-31 15:59:00,254.36,WEEK_END_CLOSE,-14.519999999999925,-1.8672839506172711
PFE,2025-10-30 00:00:00,2025-10-31 00:00:00,0.0969076588311011,10.0,2025-10-31 10:31:00,24.4993,52.07631256379395,51.62715864589129,40,979.9720000000001,23.764321000000002,25.234279,2025-10-31 15:59:00,24.65,WEEK_END_CLOSE,6.027999999999878,0.6151196156624739
DHR,2025-10-31 00:00:00,2025-11-03 00:00:00,0.0634146341463414,6.0,2025-11-03 09:46:00,213.59,45.026275339113944,43.665239776958636,4,854.36,207.1823,219.9977,2025-11-07 15:59:00,209.95,WEEK_END_CLOSE,-14.56000000000006,-1.704199634814374
ECL,2025-10-31 00:00:00,2025-11-03 00:00:00,0.0088888888888888,2.0,2025-11-03 09:46:00,252.525,33.99788644858552,33.205843633786266,3,757.575,244.94925,260.10075,2025-11-05 09:31:00,260.10075,TAKE_PROFIT,22.727249999999998,3.0000000000000027
EMR,2025-10-31 00:00:00,2025-11-03 00:00:00,0.0952380952380952,10.0,2025-11-03 09:55:00,138.71,49.81524102872908,48.37004698384616,7,970.97,134.5487,142.87130000000002,2025-11-05 09:30:00,129.49,STOP_LOSS_GAP,-64.53999999999999,-6.646961286136543
PCAR,2025-10-31 00:00:00,2025-11-03 00:00:00,0.0876712328767123,8.0,2025-11-03 09:58:00,96.88,42.39630438369101,41.003400952713015,10,968.8,93.97359999999999,99.7864,2025-11-05 12:11:00,99.7864,TAKE_PROFIT,29.06400000000005,3.0000000000000027
CME,2025-10-31 00:00:00,2025-11-03 00:00:00,0.0454545454545454,5.0,2025-11-03 09:59:00,262.19,41.53924130924368,40.832295529607826,3,786.5699999999999,254.3243,270.0557,2025-11-05 10:38:00,270.0557,TAKE_PROFIT,23.59710000000001,3.0000000000000027
BSX,2025-10-31 00:00:00,2025-11-03 00:00:00,0.0654205607476635,7.0,2025-11-03 10:00:00,99.12,45.04848368178693,41.832376594447005,10,991.2,96.1464,102.09360000000001,2025-11-07 15:59:00,100.0,WEEK_END_CLOSE,8.799999999999955,0.8878127522195189
FDX,2025-10-31 00:00:00,2025-11-03 00:00:00,0.0028885037550548,1.0,2025-11-03 10:01:00,251.885,47.864316093685005,45.969051074459806,3,755.655,244.32844999999998,259.44155,2025-11-06 09:32:00,259.44155,TAKE_PROFIT,22.669650000000047,3.0000000000000027
ALL,2025-10-31 00:00:00,2025-11-03 00:00:00,0.088235294117647,9.0,2025-11-03 10:02:00,189.5532,51.914683019436886,47.62985353252645,5,947.7660000000001,183.866604,195.239796,2025-11-04 15:54:00,195.239796,TAKE_PROFIT,28.432980000000043,3.0000000000000027
HPE,2025-10-31 00:00:00,2025-11-03 00:00:00,0.037108744756373,4.0,2025-11-03 10:08:00,24.585,53.36755194817881,52.241240044805295,40,983.4000000000001,23.84745,25.322550000000003,2025-11-04 09:32:00,23.84745,STOP_LOSS,-29.502000000000095,-3.0000000000000138
AON,2025-10-31 00:00:00,2025-11-03 00:00:00,0.0302919708029197,3.0,2025-11-03 10:28:00,332.495,37.66905559779721,36.86619801704127,3,997.485,322.52015,342.46985,2025-11-04 14:58:00,342.46985,TAKE_PROFIT,29.92455000000001,3.0000000000000027
LIN,2025-11-03 00:00:00,2025-11-04 00:00:00,0.0411764705882352,4.0,2025-11-04 09:46:00,416.425,58.487489962583254,54.28678444204254,2,832.85,403.93225,428.91775,2025-11-07 15:59:00,420.5,WEEK_END_CLOSE,8.149999999999977,0.9785675691901252
USB,2025-11-03 00:00:00,2025-11-04 00:00:00,0.0651354130956462,6.0,2025-11-04 09:46:00,46.46,52.02641365955346,49.56250333435278,21,975.66,45.0662,47.8538,2025-11-07 15:59:00,47.315,WEEK_END_CLOSE,17.954999999999934,1.8402927249246526
CSCO,2025-11-03 00:00:00,2025-11-04 00:00:00,0.1222429906542056,9.0,2025-11-04 09:48:00,73.4,48.74918836635527,47.79121099650075,13,954.2,71.19800000000001,75.602,2025-11-06 10:13:00,71.19800000000001,STOP_LOSS,-28.625999999999976,-3.0000000000000027
CMCSA,2025-11-03 00:00:00,2025-11-04 00:00:00,0.0912472105132655,8.0,2025-11-04 09:51:00,27.125,57.110671594162824,51.079900218330266,36,976.5,26.311249999999998,27.938750000000002,2025-11-05 10:10:00,27.938750000000002,TAKE_PROFIT,29.295000000000087,3.0000000000000027
AJG,2025-11-03 00:00:00,2025-11-04 00:00:00,0.0390243902439024,3.0,2025-11-04 09:55:00,245.25,61.086643517267596,57.37172478420526,4,981.0,237.89249999999998,252.60750000000002,2025-11-05 09:31:00,252.60750000000002,TAKE_PROFIT,29.430000000000064,3.0000000000000027
DUK,2025-11-03 00:00:00,2025-11-04 00:00:00,0.1242840778923253,10.0,2025-11-04 09:56:00,124.07,54.091029034829134,53.816263214725424,8,992.56,120.3479,127.79209999999999,2025-11-07 15:59:00,123.64,WEEK_END_CLOSE,-3.439999999999941,-0.34657854437011304
JCI,2025-11-03 00:00:00,2025-11-04 00:00:00,0.0300965360590573,2.0,2025-11-04 09:58:00,111.765,43.4345052674472,39.555023119341165,8,894.12,108.41205,115.11795000000001,2025-11-05 09:30:00,120.925,TAKE_PROFIT_GAP,73.27999999999997,8.195767905873929
SNPS,2025-11-04 00:00:00,2025-11-05 00:00:00,0.1109852774631936,10.0,2025-11-05 09:45:00,415.4,53.13551415454282,40.98993546810561,2,830.8,402.938,427.86199999999997,2025-11-05 10:38:00,402.938,STOP_LOSS,-24.923999999999978,-3.0000000000000027
AMT,2025-11-04 00:00:00,2025-11-05 00:00:00,0.0189155107187894,2.0,2025-11-05 09:53:00,181.18,52.43017657436777,52.18747315461512,5,905.9000000000001,175.7446,186.61540000000002,2025-11-07 10:01:00,175.7446,STOP_LOSS,-27.177000000000078,-3.0000000000000138
AON,2025-11-04 00:00:00,2025-11-05 00:00:00,0.1,8.0,2025-11-05 10:04:00,344.365,56.179107606554716,55.65051414852343,2,688.73,334.03405,354.69595000000004,2025-11-07 15:59:00,346.37,WEEK_END_CLOSE,4.009999999999991,0.5822310629709726
APD,2025-11-04 00:00:00,2025-11-05 00:00:00,0.0960365853658536,7.0,2025-11-05 10:04:00,239.555,48.81660757011528,47.87374074359601,4,958.22,232.36835,246.74165000000002,2025-11-06 09:30:00,249.39,TAKE_PROFIT_GAP,39.33999999999992,4.105529001690633
CMCSA,2025-11-04 00:00:00,2025-11-05 00:00:00,0.0247440273037542,3.0,2025-11-05 10:14:00,27.875,60.54987386186394,60.233134715097066,35,975.625,27.03875,28.71125,2025-11-07 13:20:00,27.03875,STOP_LOSS,-29.26874999999999,-3.0000000000000027
MO,2025-11-04 00:00:00,2025-11-05 00:00:00,0.1071428571428571,9.0,2025-11-05 10:14:00,57.63,61.167310196240535,60.10518101493548,17,979.71,55.9011,59.358900000000006,2025-11-07 15:59:00,58.02,WEEK_END_CLOSE,6.63000000000001,0.6767308693388818
MSI,2025-11-04 00:00:00,2025-11-05 00:00:00,0.0730994152046783,6.0,2025-11-05 10:15:00,392.6,50.05390506681462,47.20248617638813,2,785.2,380.822,404.37800000000004,2025-11-07 15:59:00,390.685,WEEK_END_CLOSE,-3.830000000000041,-0.48777381558838817
SNPS,2025-11-04 00:00:00,2025-11-05 00:00:00,0.1109852774631936,10.0,2025-11-05 10:39:00,404.5925,41.52571304981632,35.5678675853007,2,809.185,392.45472499999994,416.730275,2025-11-06 10:34:00,392.45472499999994,STOP_LOSS,-24.275550000000067,-3.0000000000000138
ICE,2025-11-04 00:00:00,2025-11-05 00:00:00,0.06,5.0,2025-11-05 10:59:00,148.15,48.819003293107144,48.09609105733905,6,888.9000000000001,143.7055,152.5945,2025-11-07 15:59:00,149.01,WEEK_END_CLOSE,5.159999999999911,0.5804927438406882
AJG,2025-11-05 00:00:00,2025-11-06 00:00:00,0.0474308300395256,6.0,2025-11-06 09:46:00,247.65,46.570866502506625,45.3180906441203,4,990.6,240.2205,255.07950000000002,2025-11-07 15:59:00,250.0,WEEK_END_CLOSE,9.399999999999977,0.9489198465576498
KMI,2025-11-05 00:00:00,2025-11-06 00:00:00,0.0234699170124481,4.0,2025-11-06 09:56:00,26.159,54.43309248842292,50.531402568339296,38,994.0419999999999,25.374229999999997,26.94377,2025-11-07 15:59:00,26.56,WEEK_END_CLOSE,15.237999999999992,1.5329332161015286
RSG,2025-11-05 00:00:00,2025-11-06 00:00:00,0.054054054054054,7.0,2025-11-06 10:02:00,204.08,42.91802222047102,37.333737557613276,4,816.32,197.9576,210.2024,2025-11-07 15:59:00,205.64,WEEK_END_CLOSE,6.239999999999895,0.7644061152489057
FDX,2025-11-05 00:00:00,2025-11-06 00:00:00,0.011333914559721,2.0,2025-11-06 10:05:00,259.466,49.932577559207566,49.51439662908164,3,778.398,251.68202,267.24998,2025-11-07 15:59:00,262.1,WEEK_END_CLOSE,7.902000000000044,1.015161909460205
BX,2025-11-05 00:00:00,2025-11-06 00:00:00,0.087039693926351,9.0,2025-11-06 10:11:00,143.5,52.151575186822896,49.47310370612579,6,861.0,139.195,147.805,2025-11-07 15:59:00,145.97,WEEK_END_CLOSE,14.819999999999993,1.721254355400692
DLR,2025-11-05 00:00:00,2025-11-06 00:00:00,0.0067796610169491,1.0,2025-11-06 10:15:00,166.665,45.90811920169886,43.43039525036618,6,999.99,161.66504999999998,171.66495,2025-11-07 15:59:00,169.89,WEEK_END_CLOSE,19.349999999999966,1.9350193501934898
ECL,2025-11-06 00:00:00,2025-11-07 00:00:00,0.0833333333333333,10.0,2025-11-07 09:45:00,253.63,49.34906547746548,46.547612216754175,3,760.89,246.0211,261.2389,2025-11-07 15:59:00,256.13,WEEK_END_CLOSE,7.5,0.985687812955871
ADP,2025-11-06 00:00:00,2025-11-07 00:00:00,0.0216889709275496,2.0,2025-11-07 09:48:00,254.175,58.727040572712774,57.555101831709294,3,762.5250000000001,246.54975000000002,261.80025,2025-11-07 15:59:00,254.26,WEEK_END_CLOSE,0.2549999999999386,0.033441526507327346
ROST,2025-11-06 00:00:00,2025-11-07 00:00:00,0.0434782608695652,4.0,2025-11-07 09:49:00,160.99,51.62291838660456,50.477791754758506,6,965.94,156.1603,165.8197,2025-11-07 15:59:00,161.05,WEEK_END_CLOSE,0.36000000000001364,0.03726939561463638
TT,2025-11-06 00:00:00,2025-11-07 00:00:00,0.0166270783847981,1.0,2025-11-07 09:56:00,427.835,44.32860985193914,43.11932407742826,2,855.67,414.99994999999996,440.67005,2025-11-07 15:59:00,434.37,WEEK_END_CLOSE,13.07000000000005,1.5274580153563866
MDLZ,2025-11-06 00:00:00,2025-11-07 00:00:00,0.0833333333333333,9.0,2025-11-07 10:00:00,57.245,58.40685936421767,57.3734693458612,17,973.165,55.527649999999994,58.96235,2025-11-07 15:59:00,57.18,WEEK_END_CLOSE,-1.1049999999999613,-0.11354703467550964
SYK,2025-11-06 00:00:00,2025-11-07 00:00:00,0.0663265306122449,7.0,2025-11-07 10:03:00,356.635,60.15149515349939,53.438620943518046,2,713.27,345.93595,367.33405,2025-11-07 15:59:00,356.06,WEEK_END_CLOSE,-1.1499999999999773,-0.16122926801912518
ACN,2025-11-06 00:00:00,2025-11-07 00:00:00,0.0672333848531684,8.0,2025-11-07 10:07:00,242.33,51.4193418827569,43.03566306634997,4,969.32,235.0601,249.59990000000002,2025-11-07 15:59:00,245.78,WEEK_END_CLOSE,13.799999999999955,1.4236784549993775
CMCSA,2025-11-06 00:00:00,2025-11-07 00:00:00,0.0269698572184029,3.0,2025-11-07 13:30:00,27.075,41.47520671112073,40.71909968776482,36,974.6999999999999,26.262749999999997,27.88725,2025-11-07 15:59:00,27.345,WEEK_END_CLOSE,9.719999999999985,0.9972299168975018
BSX,2025-11-07 00:00:00,2025-11-10 00:00:00,0.0575221238938053,9.0,2025-11-10 09:45:00,99.54,48.63947315448643,44.39574626632644,10,995.4000000000001,96.55380000000001,102.5262,2025-11-11 14:40:00,102.5262,TAKE_PROFIT,29.861999999999966,3.0000000000000027
CMCSA,2025-11-07 00:00:00,2025-11-10 00:00:00,0.0509885535900104,8.0,2025-11-10 09:45:00,27.3799,55.228012561205034,53.39463751848799,36,985.6764,26.558502999999998,28.201297,2025-11-13 09:57:00,28.201297,TAKE_PROFIT,29.570292000000038,3.0000000000000027
SYK,2025-11-07 00:00:00,2025-11-10 00:00:00,0.0158371040723981,3.0,2025-11-10 09:45:00,353.62,48.20749847612625,43.56856305032771,2,707.24,343.0114,364.22860000000003,2025-11-12 09:32:00,364.22860000000003,TAKE_PROFIT,21.217200000000048,3.0000000000000027
KMI,2025-11-07 00:00:00,2025-11-10 00:00:00,0.0311218784942228,6.0,2025-11-10 09:47:00,26.585,52.73363600150769,49.18752183838983,37,983.645,25.78745,27.382550000000002,2025-11-14 13:32:00,27.382550000000002,TAKE_PROFIT,29.50935000000004,3.0000000000000027
FDX,2025-11-07 00:00:00,2025-11-10 00:00:00,0.0112165660051768,1.0,2025-11-10 09:51:00,258.62,48.3820713470031,40.08971327554647,3,775.86,250.8614,266.3786,2025-11-11 13:18:00,266.3786,TAKE_PROFIT,23.275800000000004,3.0000000000000027
MCO,2025-11-07 00:00:00,2025-11-10 00:00:00,0.0253164556962025,5.0,2025-11-10 09:55:00,484.1,50.385628675420975,46.52840019244497,2,968.2,469.577,498.62300000000005,2025-11-12 09:47:00,498.62300000000005,TAKE_PROFIT,29.04600000000005,3.0000000000000027
CRH,2025-11-07 00:00:00,2025-11-10 00:00:00,0.0158940397350993,4.0,2025-11-10 10:04:00,114.03,53.63998909769113,52.6600227000592,8,912.24,110.6091,117.4509,2025-11-14 09:30:00,109.99,STOP_LOSS_GAP,-32.32000000000005,-3.542927299833387
JCI,2025-11-07 00:00:00,2025-11-10 00:00:00,0.0457809694793536,7.0,2025-11-10 10:04:00,122.64,49.912042363546334,49.51694584446292,8,981.12,118.96079999999999,126.31920000000001,2025-11-14 09:30:00,118.6,STOP_LOSS_GAP,-32.32000000000005,-3.2941943900848036
AON,2025-11-07 00:00:00,2025-11-10 00:00:00,0.0707964601769911,10.0,2025-11-10 10:10:00,344.19,59.3723372521316,50.541501190476694,2,688.38,333.8643,354.5157,2025-11-14 15:59:00,350.14,WEEK_END_CLOSE,11.899999999999977,1.7286963595688487
MSI,2025-11-07 00:00:00,2025-11-10 00:00:00,0.0131578947368421,2.0,2025-11-10 10:18:00,392.555,54.34989112152879,53.49406870131551,2,785.11,380.77835,404.33165,2025-11-14 09:30:00,380.77835,STOP_LOSS,-23.553300000000036,-3.0000000000000027
SLB,2025-11-10 00:00:00,2025-11-11 00:00:00,0.122534516765286,10.0,2025-11-11 09:45:00,37.19,55.31930209781711,53.641620668000925,26,966.9399999999999,36.074299999999994,38.3057,2025-11-12 15:55:00,36.074299999999994,STOP_LOSS,-29.0082000000001,-3.0000000000000138
SPGI,2025-11-10 00:00:00,2025-11-11 00:00:00,0.0933852140077821,7.0,2025-11-11 09:46:00,496.36,60.83712913713296,59.80500672332403,2,992.72,481.4692,511.2508,2025-11-14 15:59:00,493.89,WEEK_END_CLOSE,-4.940000000000055,-0.4976226932065453
PNC,2025-11-10 00:00:00,2025-11-11 00:00:00,0.1034482758620689,8.0,2025-11-11 09:47:00,184.98,47.76472335773342,45.27582003100536,5,924.9,179.4306,190.52939999999998,2025-11-14 15:59:00,184.04,WEEK_END_CLOSE,-4.699999999999989,-0.5081630446534757
ALL,2025-11-10 00:00:00,2025-11-11 00:00:00,0.06184012066365,4.0,2025-11-11 10:13:00,205.5244,52.62316459222968,51.62490454134055,4,822.0976,199.358668,211.69013200000003,2025-11-13 14:02:00,211.75,TAKE_PROFIT_GAP,24.902399999999943,3.02912938804345
ELV,2025-11-10 00:00:00,2025-11-11 00:00:00,0.0580498866213151,3.0,2025-11-11 10:20:00,307.5585,60.395182008141745,59.28848730379142,3,922.6754999999999,298.33174499999996,316.785255,2025-11-11 15:22:00,316.785255,TAKE_PROFIT,27.680265000000077,3.0000000000000027
APO,2025-11-10 00:00:00,2025-11-11 00:00:00,0.1187755102040816,9.0,2025-11-11 10:27:00,132.765,54.80890234454856,54.131544641299875,7,929.3549999999999,128.78204999999997,136.74795,2025-11-12 09:56:00,136.74795,TAKE_PROFIT,27.880650000000117,3.0000000000000027
FDX,2025-11-10 00:00:00,2025-11-11 00:00:00,0.0551782682512733,2.0,2025-11-11 13:23:00,266.61,65.93967159236084,64.76519263885899,3,799.83,258.6117,274.60830000000004,2025-11-14 15:59:00,267.51,WEEK_END_CLOSE,2.699999999999932,0.3375717339934692
ELV,2025-11-10 00:00:00,2025-11-11 00:00:00,0.0580498866213151,3.0,2025-11-11 15:30:00,317.29,66.93843360801418,57.03568111496396,3,951.8700000000001,307.7713,326.80870000000004,2025-11-12 10:03:00,326.80870000000004,TAKE_PROFIT,28.55610000000007,3.0000000000000027
ICE,2025-11-11 00:00:00,2025-11-12 00:00:00,0.0947368421052631,5.0,2025-11-12 09:47:00,152.735,60.517797176018206,59.88585916099947,6,916.4100000000001,148.15295,157.31705000000002,2025-11-14 15:59:00,152.08,WEEK_END_CLOSE,-3.930000000000007,-0.42884734998527296
MO,2025-11-11 00:00:00,2025-11-12 00:00:00,0.0968591691995947,6.0,2025-11-12 09:49:00,58.2501,45.404509304212546,42.13654144834016,17,990.2517,56.502597,59.997603000000005,2025-11-14 15:59:00,58.19,WEEK_END_CLOSE,-1.021700000000095,-0.10317578853943354
WELL,2025-11-11 00:00:00,2025-11-12 00:00:00,0.0493358633776091,3.0,2025-11-12 09:51:00,191.665,48.269241055222956,46.45248248875983,5,958.3249999999999,185.91504999999998,197.41495,2025-11-14 15:59:00,193.93,WEEK_END_CLOSE,11.325000000000074,1.1817494065165857
SYK,2025-11-11 00:00:00,2025-11-12 00:00:00,0.1339285714285714,10.0,2025-11-12 09:58:00,366.035,58.885737070136656,57.053588854942596,2,732.07,355.05395,377.01605000000006,2025-11-14 15:59:00,362.21,WEEK_END_CLOSE,-7.650000000000091,-1.0449820372368857
BMY,2025-11-11 00:00:00,2025-11-12 00:00:00,0.1087624903920061,8.0,2025-11-12 10:03:00,49.485,66.69268392060593,65.51536711562093,20,989.7,48.00045,50.96955,2025-11-14 09:30:00,48.00045,STOP_LOSS,-29.690999999999974,-3.0000000000000027
MPWR,2025-11-11 00:00:00,2025-11-12 00:00:00,0.1128526645768025,9.0,2025-11-12 10:08:00,977.49,57.336241926109274,56.480612429009355,1,977.49,948.1653,1006.8147,2025-11-13 09:41:00,948.1653,STOP_LOSS,-29.324700000000007,-3.0000000000000027
TT,2025-11-11 00:00:00,2025-11-12 00:00:00,0.0215827338129496,2.0,2025-11-12 10:49:00,428.24,55.963830523032854,55.80016953261538,2,856.48,415.3928,441.0872,2025-11-13 14:55:00,415.3928,STOP_LOSS,-25.694399999999973,-2.9999999999999916
PWR,2025-11-12 00:00:00,2025-11-13 00:00:00,0.0935251798561151,10.0,2025-11-13 09:47:00,444.29,40.66069767149111,39.696701101128454,2,888.58,430.9613,457.61870000000005,2025-11-13 13:47:00,430.9613,STOP_LOSS,-26.657400000000052,-3.0000000000000027
TEL,2025-11-12 00:00:00,2025-11-13 00:00:00,0.0527225583405358,5.0,2025-11-13 09:50:00,244.54,44.768192925226565,44.68175047791322,4,978.16,237.20379999999997,251.8762,2025-11-13 13:42:00,237.20379999999997,STOP_LOSS,-29.344800000000077,-3.0000000000000027
DLR,2025-11-12 00:00:00,2025-11-13 00:00:00,0.0686274509803921,9.0,2025-11-13 09:51:00,161.365,43.91155374788804,42.83876691375825,6,968.19,156.52405000000002,166.20595,2025-11-14 09:31:00,156.52405000000002,STOP_LOSS,-29.045699999999954,-2.9999999999999916
LIN,2025-11-12 00:00:00,2025-11-13 00:00:00,0.0684410646387832,8.0,2025-11-13 09:51:00,423.97,46.454472140405116,40.9711846502863,2,847.94,411.2509,436.68910000000005,2025-11-14 15:59:00,423.27,WEEK_END_CLOSE,-1.400000000000091,-0.16510602165248356
NSC,2025-11-12 00:00:00,2025-11-13 00:00:00,0.0,1.0,2025-11-13 09:58:00,285.68,44.06479029026061,37.71257235850214,3,857.04,277.1096,294.2504,2025-11-14 15:59:00,284.0,WEEK_END_CLOSE,-5.0400000000000205,-0.588070568468213
TEL,2025-11-12 00:00:00,2025-11-13 00:00:00,0.0527225583405358,5.0,2025-11-13 13:43:00,237.42,42.5559364379668,41.202159593294716,4,949.68,230.29739999999998,244.5426,2025-11-14 15:59:00,237.31,WEEK_END_CLOSE,-0.4399999999999409,-0.04633139583859469
PWR,2025-11-12 00:00:00,2025-11-13 00:00:00,0.0935251798561151,10.0,2025-11-13 14:09:00,428.17,33.1015723086456,31.751446933290943,2,856.34,415.3249,441.0151,2025-11-14 15:59:00,429.39,WEEK_END_CLOSE,2.439999999999941,0.2849335544293119
TT,2025-11-12 00:00:00,2025-11-13 00:00:00,0.0424528301886792,4.0,2025-11-13 14:56:00,416.39,49.58392978568252,44.81608225480965,2,832.78,403.89829999999995,428.8817,2025-11-14 15:59:00,418.21,WEEK_END_CLOSE,3.6399999999999864,0.4370902279113409
TFC,2025-11-13 00:00:00,2025-11-14 00:00:00,0.0803511141120864,10.0,2025-11-14 09:49:00,44.52,41.821726141908144,41.804314343020856,22,979.44,43.184400000000004,45.8556,2025-11-14 15:59:00,44.86,WEEK_END_CLOSE,7.479999999999919,0.7637017070979191
DHR,2025-11-13 00:00:00,2025-11-14 00:00:00,0.0262686567164179,4.0,2025-11-14 09:50:00,218.55,40.75296922416412,37.429090008393516,4,874.2,211.9935,225.1065,2025-11-14 15:59:00,221.22,WEEK_END_CLOSE,10.67999999999995,1.221688400823595
MSI,2025-11-13 00:00:00,2025-11-14 00:00:00,0.0055197792088316,1.0,2025-11-14 10:00:00,378.79,44.645270336435885,40.20607618282555,2,757.58,367.4263,390.1537,2025-11-14 15:59:00,379.88,WEEK_END_CLOSE,2.17999999999995,0.2877583885530166
ACN,2025-11-13 00:00:00,2025-11-14 00:00:00,0.0443501735441573,8.0,2025-11-14 10:09:00,246.09,56.14945054545568,49.355083955245235,4,984.36,238.7073,253.4727,2025-11-14 15:59:00,245.29,WEEK_END_CLOSE,-3.2000000000000455,-0.3250843187451835
CMCSA,2025-11-13 00:00:00,2025-11-14 00:00:00,0.0270695624803273,5.0,2025-11-14 10:12:00,27.4,40.38771598766534,35.98971434124352,36,986.4,26.578,28.221999999999998,2025-11-14 15:59:00,27.51,WEEK_END_CLOSE,3.9600000000001074,0.4014598540146075
APO,2025-11-13 00:00:00,2025-11-14 00:00:00,0.0672268907563025,9.0,2025-11-14 11:13:00,130.37,64.70792841807466,61.77753999065025,7,912.59,126.4589,134.2811,2025-11-14 15:59:00,130.62,WEEK_END_CLOSE,1.75,0.19176190841452279
CTAS,2025-11-14 00:00:00,2025-11-17 00:00:00,0.0952380952380952,9.0,2025-11-17 09:45:00,186.37,48.81173025913221,44.53641827234837,5,931.85,180.7789,191.96110000000002,2025-11-21 15:59:00,185.77,WEEK_END_CLOSE,-2.9999999999999716,-0.3219402264312943
CMCSA,2025-11-14 00:00:00,2025-11-17 00:00:00,0.0284191829484902,2.0,2025-11-17 09:46:00,27.565,53.970287068690766,47.87987135391005,36,992.34,26.73805,28.39195,2025-11-20 12:53:00,26.73805,STOP_LOSS,-29.770200000000003,-3.0000000000000027
SPGI,2025-11-14 00:00:00,2025-11-17 00:00:00,0.0344827586206896,3.0,2025-11-17 09:46:00,491.19,37.65892688016798,33.04211589775471,2,982.38,476.4543,505.9257,2025-11-21 15:59:00,493.79,WEEK_END_CLOSE,5.2000000000000455,0.5293267371078381
ADI,2025-11-14 00:00:00,2025-11-17 00:00:00,0.046189376443418,4.0,2025-11-17 09:50:00,232.84,46.64417540913919,43.913233175732174,4,931.36,225.85479999999998,239.82520000000002,2025-11-20 15:37:00,225.85479999999998,STOP_LOSS,-27.94080000000008,-3.0000000000000138
T,2025-11-14 00:00:00,2025-11-17 00:00:00,0.0792607802874743,8.0,2025-11-17 09:52:00,25.63,53.65954600776656,47.47514800470363,39,999.5699999999999,24.861099999999997,26.3989,2025-11-21 15:59:00,25.955,WEEK_END_CLOSE,12.674999999999972,1.2680452594615588
TT,2025-11-14 00:00:00,2025-11-17 00:00:00,0.0789473684210526,7.0,2025-11-17 09:52:00,417.26,51.24299021009385,44.166372898559814,2,834.52,404.74219999999997,429.7778,2025-11-20 11:54:00,404.74219999999997,STOP_LOSS,-25.035600000000045,-3.0000000000000027
AON,2025-11-14 00:00:00,2025-11-17 00:00:00,0.06,5.0,2025-11-17 09:54:00,348.99,52.004480021535336,48.31251623133965,2,697.98,338.5203,359.4597,2025-11-21 15:59:00,346.54,WEEK_END_CLOSE,-4.899999999999977,-0.7020258460127771
AMT,2025-11-14 00:00:00,2025-11-17 00:00:00,0.1024390243902439,10.0,2025-11-17 09:58:00,182.52,52.32857110506621,50.88342498067756,5,912.6,177.0444,187.99560000000002,2025-11-21 15:59:00,179.58,WEEK_END_CLOSE,-14.699999999999989,-1.6107823800131427
BSX,2025-11-14 00:00:00,2025-11-17 00:00:00,0.0742574257425742,6.0,2025-11-17 10:29:00,102.375,46.79036147906287,46.63316176075068,9,921.375,99.30375,105.44625,2025-11-18 15:55:00,99.30375,STOP_LOSS,-27.641250000000056,-3.0000000000000027
NSC,2025-11-14 00:00:00,2025-11-17 00:00:00,0.0164609053497942,1.0,2025-11-17 10:34:00,284.65,51.61941463536596,48.91046829432841,3,853.9499999999999,276.11049999999994,293.1895,2025-11-21 15:59:00,286.4,WEEK_END_CLOSE,5.25,0.6147900930967953
CRH,2025-11-17 00:00:00,2025-11-18 00:00:00,0.0543478260869565,3.0,2025-11-18 09:45:00,109.245,55.48672289373876,50.33041462377162,9,983.205,105.96765,112.52235,2025-11-21 15:59:00,110.14,WEEK_END_CLOSE,8.054999999999964,0.8192594626756255
FDX,2025-11-17 00:00:00,2025-11-18 00:00:00,0.0597560975609756,4.0,2025-11-18 09:45:00,263.45,51.878979524572024,50.64027933539314,3,790.3499999999999,255.54649999999998,271.3535,2025-11-21 11:58:00,271.38,TAKE_PROFIT_GAP,23.79000000000002,3.0100588346934964
GM,2025-11-17 00:00:00,2025-11-18 00:00:00,0.119677909870058,7.0,2025-11-18 09:45:00,67.635,51.82070451621156,48.60806517078336,14,946.8900000000001,65.60595,69.66405,2025-11-20 09:31:00,69.66405,TAKE_PROFIT,28.406699999999972,3.0000000000000027
CVS,2025-11-17 00:00:00,2025-11-18 00:00:00,0.121101856326577,8.0,2025-11-18 09:46:00,78.035,49.73226397432332,44.22903208553614,12,936.42,75.69395,80.37604999999999,2025-11-21 15:59:00,78.04,WEEK_END_CLOSE,0.06000000000011596,0.006407381303263904
DHR,2025-11-17 00:00:00,2025-11-18 00:00:00,0.1175492453312867,6.0,2025-11-18 09:53:00,221.45,57.76369459410985,51.34627155915512,4,885.8,214.80649999999997,228.0935,2025-11-21 12:09:00,228.1,TAKE_PROFIT_GAP,26.600000000000023,3.0029351998193787
MO,2025-11-17 00:00:00,2025-11-18 00:00:00,0.1423984891406987,10.0,2025-11-18 10:10:00,59.06,68.67807092217797,66.26280858826874,16,944.96,57.2882,60.8318,2025-11-21 15:59:00,58.2,WEEK_END_CLOSE,-13.759999999999991,-1.4561462919065349
JCI,2025-11-17 00:00:00,2025-11-18 00:00:00,0.1357702349869451,9.0,2025-11-18 10:13:00,114.82,44.87601346020801,41.63494687671604,8,918.56,111.37539999999998,118.2646,2025-11-21 15:59:00,113.56,WEEK_END_CLOSE,-10.079999999999927,-1.0973697962027407
UBER,2025-11-17 00:00:00,2025-11-18 00:00:00,0.1119916786368814,5.0,2025-11-18 10:20:00,90.73,48.56203756639221,47.61693367665271,11,998.0300000000001,88.0081,93.45190000000001,2025-11-20 10:33:00,88.0081,STOP_LOSS,-29.940900000000056,-3.0000000000000027
PCAR,2025-11-18 00:00:00,2025-11-19 00:00:00,0.0636942675159235,9.0,2025-11-19 09:46:00,96.53,40.3547334277266,38.82449139608015,10,965.3,93.6341,99.4259,2025-11-20 11:36:00,99.4259,TAKE_PROFIT,28.958999999999975,3.0000000000000027
USB,2025-11-18 00:00:00,2025-11-19 00:00:00,0.0500658761528326,8.0,2025-11-19 09:46:00,46.045,52.971205805644495,48.148613349914164,21,966.945,44.66365,47.426350000000006,2025-11-20 09:31:00,47.426350000000006,TAKE_PROFIT,29.0083500000001,3.0000000000000027
GD,2025-11-18 00:00:00,2025-11-19 00:00:00,0.0300518134715025,4.0,2025-11-19 09:52:00,340.24,46.2740624159492,44.39111355034054,2,680.48,330.0328,350.4472,2025-11-21 15:59:00,340.53,WEEK_END_CLOSE,0.5799999999999272,0.0852339525041046
MPC,2025-11-18 00:00:00,2025-11-19 00:00:00,0.0415518824609733,5.0,2025-11-19 09:58:00,192.33,43.81322492752044,43.29120338093769,5,961.6500000000001,186.5601,198.09990000000002,2025-11-21 11:04:00,186.5601,STOP_LOSS,-28.849500000000035,-3.0000000000000027
ETN,2025-11-18 00:00:00,2025-11-19 00:00:00,0.0422535211267605,6.0,2025-11-19 10:09:00,342.79,53.522362744721136,50.259741352822125,2,685.58,332.5063,353.07370000000003,2025-11-20 09:30:00,356.38,TAKE_PROFIT_GAP,27.17999999999995,3.964526386417333
TEL,2025-11-18 00:00:00,2025-11-19 00:00:00,0.0029880478087649,1.0,2025-11-19 11:15:00,233.61,52.39186753228742,51.5164401435159,4,934.44,226.6017,240.61830000000003,2025-11-20 10:36:00,226.6017,STOP_LOSS,-28.03320000000008,-3.0000000000000138
SHW,2025-11-19 00:00:00,2025-11-20 00:00:00,0.0952380952380952,10.0,2025-11-20 09:47:00,331.8899,65.67827300291762,59.59852256920141,3,995.6697,321.933203,341.84659700000003,2025-11-21 12:09:00,341.84659700000003,TAKE_PROFIT,29.87009100000006,3.0000000000000027
SPG,2025-11-19 00:00:00,2025-11-20 00:00:00,0.056338028169014,6.0,2025-11-20 09:48:00,182.69,55.66863008796662,54.06612682225622,5,913.45,177.20929999999998,188.1707,2025-11-21 15:59:00,183.09,WEEK_END_CLOSE,2.0000000000000284,0.2189501341069544
CSCO,2025-11-19 00:00:00,2025-11-20 00:00:00,0.0722157155025553,7.0,2025-11-20 09:51:00,79.46,59.017584188257466,56.22981750037572,12,953.52,77.07619999999999,81.8438,2025-11-20 12:33:00,77.07619999999999,STOP_LOSS,-28.605600000000095,-3.0000000000000138
DASH,2025-11-19 00:00:00,2025-11-20 00:00:00,0.0742535866614967,8.0,2025-11-20 09:58:00,199.765,47.454756956374794,43.56802540055385,5,998.8249999999999,193.77204999999998,205.75795,2025-11-20 11:37:00,193.77204999999998,STOP_LOSS,-29.964750000000038,-3.0000000000000027
ABNB,2025-11-19 00:00:00,2025-11-20 00:00:00,0.0906520292747837,9.0,2025-11-20 10:01:00,114.32,49.49215449932077,49.39861904188673,8,914.56,110.89039999999999,117.7496,2025-11-20 14:05:00,110.89039999999999,STOP_LOSS,-27.436800000000062,-3.0000000000000027
AFL,2025-11-19 00:00:00,2025-11-20 00:00:00,0.040880503144654,5.0,2025-11-20 10:05:00,110.34,62.779020557812025,59.03512993416013,9,993.0600000000001,107.0298,113.65020000000001,2025-11-21 15:59:00,110.97,WEEK_END_CLOSE,5.669999999999959,0.5709624796084833
TEL,2025-11-19 00:00:00,2025-11-20 00:00:00,0.0019762845849802,2.0,2025-11-20 10:49:00,226.27,40.62002568323072,40.320418387353406,4,905.08,219.4819,233.05810000000002,2025-11-20 12:46:00,219.36,STOP_LOSS_GAP,-27.639999999999986,-3.0538736907234743
DASH,2025-11-19 00:00:00,2025-11-20 00:00:00,0.0742535866614967,8.0,2025-11-20 11:45:00,193.77,41.09979522365294,36.24452805609486,5,968.85,187.95690000000002,199.5831,2025-11-20 15:51:00,187.95690000000002,STOP_LOSS,-29.065499999999957,-2.9999999999999916
CSCO,2025-11-19 00:00:00,2025-11-20 00:00:00,0.0722157155025553,7.0,2025-11-20 12:36:00,76.97,33.21414310521526,32.549049831876204,12,923.64,74.6609,79.2791,2025-11-21 15:59:00,76.11,WEEK_END_CLOSE,-10.319999999999993,-1.1173184357541888
TEL,2025-11-19 00:00:00,2025-11-20 00:00:00,0.0019762845849802,2.0,2025-11-20 12:50:00,220.45,45.754395370364,42.9168215259702,4,881.8,213.83649999999997,227.0635,2025-11-21 09:31:00,213.83649999999997,STOP_LOSS,-26.454000000000065,-3.0000000000000027
CMCSA,2025-11-19 00:00:00,2025-11-20 00:00:00,0.0244343891402714,4.0,2025-11-20 12:55:00,26.765,47.84568123636477,41.69523048201718,37,990.3050000000001,25.96205,27.56795,2025-11-21 15:59:00,27.35,WEEK_END_CLOSE,21.64500000000003,2.185690267139928
ABNB,2025-11-19 00:00:00,2025-11-20 00:00:00,0.0906520292747837,9.0,2025-11-20 14:10:00,111.185,48.814318436185445,45.30148284385295,8,889.48,107.84945,114.52055,2025-11-21 12:00:00,114.53,TAKE_PROFIT_GAP,26.75999999999999,3.008499347933613
CL,2025-11-20 00:00:00,2025-11-21 00:00:00,0.0325972660357518,7.0,2025-11-21 09:45:00,79.395,59.42935527569135,58.45396923725785,12,952.74,77.01315,81.77685,2025-11-21 15:59:00,80.94,WEEK_END_CLOSE,18.54000000000002,1.9459663706782537
CSX,2025-11-20 00:00:00,2025-11-21 00:00:00,0.0061683599419448,2.0,2025-11-21 09:45:00,33.82,52.25775243366338,51.71756690685891,29,980.78,32.8054,34.8346,2025-11-21 15:59:00,34.29,WEEK_END_CLOSE,13.629999999999967,1.389710230632768
MCO,2025-11-20 00:00:00,2025-11-21 00:00:00,0.0310965630114566,6.0,2025-11-21 09:47:00,476.4,49.29524607588531,47.942114297792166,2,952.8,462.10799999999995,490.692,2025-11-21 15:59:00,479.78,WEEK_END_CLOSE,6.759999999999991,0.7094878253568471
RSG,2025-11-20 00:00:00,2025-11-21 00:00:00,0.0165289256198347,5.0,2025-11-21 09:47:00,217.57,47.43711925627075,45.84023223773803,4,870.28,211.04289999999997,224.0971,2025-11-21 15:59:00,219.0,WEEK_END_CLOSE,5.720000000000027,0.6572597324998819
WMB,2025-11-20 00:00:00,2025-11-21 00:00:00,0.0161943319838056,4.0,2025-11-21 09:47:00,58.8,45.642770081642674,40.35931248283943,17,999.5999999999999,57.035999999999994,60.564,2025-11-21 15:59:00,59.62,WEEK_END_CLOSE,13.940000000000005,1.39455782312925
PSX,2025-11-20 00:00:00,2025-11-21 00:00:00,0.0692520775623268,9.0,2025-11-21 09:53:00,131.39,44.12750501509639,43.4139995278487,7,919.7299999999999,127.44829999999999,135.33169999999998,2025-11-21 15:59:00,133.75,WEEK_END_CLOSE,16.520000000000095,1.796179313494184
TEL,2025-11-20 00:00:00,2025-11-21 00:00:00,0.0053835800807537,1.0,2025-11-21 10:15:00,215.44,44.12117983410448,44.08750217697831,4,861.76,208.9768,221.9032,2025-11-21 15:59:00,218.92,WEEK_END_CLOSE,13.919999999999959,1.6152989231340564
DHR,2025-11-20 00:00:00,2025-11-21 00:00:00,0.071072319201995,10.0,2025-11-21 13:20:00,226.426,48.950646747700254,46.86226905730676,4,905.704,219.63322,233.21877999999998,2025-11-21 15:59:00,227.41,WEEK_END_CLOSE,3.9360000000000355,0.4345790677749095
SHW,2025-11-20 00:00:00,2025-11-21 00:00:00,0.0681818181818181,8.0,2025-11-21 13:24:00,339.53,45.247299770700494,41.94872742067692,2,679.06,329.34409999999997,349.7159,2025-11-21 15:59:00,337.25,WEEK_END_CLOSE,-4.559999999999945,-0.671516508114145
SPGI,2025-11-21 00:00:00,2025-11-24 00:00:00,0.0446927374301676,6.0,2025-11-24 09:46:00,492.075,43.904870279475944,43.24253067493956,2,984.15,477.31275,506.83725,2025-11-28 13:00:00,498.83,WEEK_END_CLOSE,13.509999999999991,1.3727582177513575
AON,2025-11-21 00:00:00,2025-11-24 00:00:00,0.005889281507656,1.0,2025-11-24 09:47:00,344.83,41.38909244189876,41.020676341260895,2,689.66,334.4851,355.1749,2025-11-28 11:40:00,355.1749,TAKE_PROFIT,20.68979999999999,3.0000000000000027
PCAR,2025-11-21 00:00:00,2025-11-24 00:00:00,0.063063063063063,7.0,2025-11-24 09:49:00,102.675,47.97432462123505,46.803907392257855,9,924.0749999999999,99.59474999999999,105.75525,2025-11-28 13:00:00,105.42,WEEK_END_CLOSE,24.70500000000004,2.6734842951059212
CMCSA,2025-11-21 00:00:00,2025-11-24 00:00:00,0.0167853509664293,4.0,2025-11-24 09:52:00,27.125,45.2043271914832,43.85191459596896,36,976.5,26.311249999999998,27.938750000000002,2025-11-28 13:00:00,26.69,WEEK_END_CLOSE,-15.659999999999954,-1.603686635944701
CB,2025-11-21 00:00:00,2025-11-24 00:00:00,0.0867430441898527,9.0,2025-11-24 09:55:00,296.16,40.353689714233,37.95039660622483,3,888.48,287.27520000000004,305.0448,2025-11-28 13:00:00,296.18,WEEK_END_CLOSE,0.05999999999994543,0.00675310642894722
DHR,2025-11-21 00:00:00,2025-11-24 00:00:00,0.0138806501364337,2.0,2025-11-24 09:56:00,225.76,56.097480492105745,45.458694716835126,4,903.04,218.98719999999997,232.5328,2025-11-28 13:00:00,226.78,WEEK_END_CLOSE,4.080000000000041,0.45180722891566827
PLD,2025-11-21 00:00:00,2025-11-24 00:00:00,0.0631047538914598,8.0,2025-11-24 09:57:00,125.94,53.392310400548965,48.23641955880513,7,881.5799999999999,122.1618,129.7182,2025-11-28 13:00:00,128.53,WEEK_END_CLOSE,18.130000000000024,2.0565348578688303
FDX,2025-11-21 00:00:00,2025-11-24 00:00:00,0.0162921348314606,3.0,2025-11-24 09:58:00,267.46,48.096059781668686,44.28720388242433,3,802.3799999999999,259.4362,275.4838,2025-11-26 10:34:00,275.5,TAKE_PROFIT_GAP,24.12000000000006,3.006056980483063
AEP,2025-11-21 00:00:00,2025-11-24 00:00:00,0.1020408163265306,10.0,2025-11-24 10:04:00,119.89,40.39061182804751,39.661787998796456,8,959.12,116.2933,123.4867,2025-11-28 09:42:00,123.4867,TAKE_PROFIT,28.773599999999988,3.0000000000000027
ORLY,2025-11-21 00:00:00,2025-11-24 00:00:00,0.0446623093681917,5.0,2025-11-24 10:07:00,98.83,37.947737605418034,36.935169586817025,10,988.3,95.8651,101.7949,2025-11-26 09:31:00,101.7949,TAKE_PROFIT,29.649,3.0000000000000027
CRH,2025-11-24 00:00:00,2025-11-25 00:00:00,0.0061996280223186,2.0,2025-11-25 09:55:00,114.44,59.9507547777165,59.812927145502975,8,915.52,111.0068,117.8732,2025-11-26 10:20:00,117.8732,TAKE_PROFIT,27.465599999999995,3.0000000000000027
JCI,2025-11-24 00:00:00,2025-11-25 00:00:00,0.0172413793103448,4.0,2025-11-25 09:58:00,113.49,51.41021505612482,47.40302893815575,8,907.92,110.08529999999999,116.8947,2025-11-26 13:54:00,116.8947,TAKE_PROFIT,27.237600000000043,3.0000000000000027
APO,2025-11-24 00:00:00,2025-11-25 00:00:00,0.042298960449277,7.0,2025-11-25 09:59:00,128.75,51.349752937313944,47.83183379108895,7,901.25,124.8875,132.6125,2025-11-28 11:13:00,132.63,TAKE_PROFIT_GAP,27.159999999999968,3.0135922330096987
NEE,2025-11-24 00:00:00,2025-11-25 00:00:00,0.032293012208842,6.0,2025-11-25 10:01:00,84.63,57.24738992585276,54.013467450646395,11,930.93,82.0911,87.1689,2025-11-28 13:00:00,86.29,WEEK_END_CLOSE,18.26000000000012,1.9614793808342412
ECL,2025-11-24 00:00:00,2025-11-25 00:00:00,0.0283687943262411,5.0,2025-11-25 10:10:00,273.0,64.70338108260701,64.62518399969271,3,819.0,264.81,281.19,2025-11-28 13:00:00,275.16,WEEK_END_CLOSE,6.480000000000075,0.7912087912087973
WMB,2025-11-24 00:00:00,2025-11-25 00:00:00,0.0735930735930736,10.0,2025-11-25 10:29:00,58.83,50.511931097358136,46.620235886458566,16,941.28,57.065099999999994,60.5949,2025-11-26 14:33:00,60.5949,TAKE_PROFIT,28.23840000000007,3.0000000000000027
AJG,2025-11-25 00:00:00,2025-11-26 00:00:00,0.0277777777777777,6.0,2025-11-26 09:49:00,250.89,55.89616014751354,54.26630838657738,3,752.67,243.36329999999998,258.4167,2025-11-28 13:00:00,247.62,WEEK_END_CLOSE,-9.809999999999945,-1.3033600382637789
LIN,2025-11-25 00:00:00,2025-11-26 00:00:00,0.0446473871131405,9.0,2025-11-26 09:54:00,409.165,53.35249993991765,49.60590781796528,2,818.33,396.89005000000003,421.43995,2025-11-28 13:00:00,410.32,WEEK_END_CLOSE,2.3099999999999454,0.2822822088888177
NSC,2025-11-25 00:00:00,2025-11-26 00:00:00,0.0,1.0,2025-11-26 10:01:00,290.09,59.083855265838864,58.30702894757844,3,870.27,281.3873,298.79269999999997,2025-11-28 13:00:00,292.09,WEEK_END_CLOSE,6.0,0.6894412079009982
MCO,2025-11-25 00:00:00,2025-11-26 00:00:00,0.0333333333333333,7.0,2025-11-26 10:02:00,488.27,54.253138942150564,54.05638221366978,2,976.54,473.6219,502.9181,2025-11-28 13:00:00,490.78,WEEK_END_CLOSE,5.019999999999982,0.5140598439387967
RSG,2025-11-25 00:00:00,2025-11-26 00:00:00,0.024390243902439,5.0,2025-11-26 10:12:00,218.36,53.58750092352082,52.036320358727686,4,873.44,211.8092,224.91080000000002,2025-11-28 13:00:00,217.06,WEEK_END_CLOSE,-5.2000000000000455,-0.5953471331745841
MSI,2025-11-25 00:00:00,2025-11-26 00:00:00,0.0458015267175572,10.0,2025-11-26 10:20:00,371.16,55.4502097266764,53.70721847476454,2,742.32,360.02520000000004,382.2948,2025-11-28 13:00:00,369.68,WEEK_END_CLOSE,-2.9600000000000364,-0.3987498652872179
FDX,2025-11-25 00:00:00,2025-11-26 00:00:00,0.0393013100436681,8.0,2025-11-26 10:40:00,275.345,57.14659445005273,55.362922635335494,3,826.0350000000001,267.08465,283.60535000000004,2025-11-28 13:00:00,275.68,WEEK_END_CLOSE,1.0049999999999386,0.12166554685939523
JCI,2025-11-25 00:00:00,2025-11-26 00:00:00,0.0202764976958525,4.0,2025-11-26 13:57:00,116.865,58.577306113163644,55.092256371020504,8,934.92,113.35905,120.37095,2025-11-28 13:00:00,116.31,WEEK_END_CLOSE,-4.439999999999941,-0.4749069439096365
MDT,2025-11-26 00:00:00,2025-11-28 00:00:00,0.0772128060263653,9.0,2025-11-28 09:48:00,104.81,45.8180234786633,45.55266508546274,9,943.29,101.6657,107.9543,2025-11-28 13:00:00,105.33,WEEK_END_CLOSE,4.679999999999964,0.4961358648983838
AEP,2025-11-26 00:00:00,2025-11-28 00:00:00,0.0173611111111111,2.0,2025-11-28 09:54:00,123.65,65.37156368515986,63.13372432202675,8,989.2,119.9405,127.35950000000001,2025-11-28 13:00:00,123.77,WEEK_END_CLOSE,0.9599999999999227,0.09704811969266647
USB,2025-11-26 00:00:00,2025-11-28 00:00:00,0.0483592400690846,7.0,2025-11-28 09:57:00,48.9599,44.56807657432734,41.06350305610548,20,979.198,47.491102999999995,50.428697,2025-11-28 13:00:00,49.05,WEEK_END_CLOSE,1.8019999999999925,0.18402815365228253
BX,2025-11-26 00:00:00,2025-11-28 00:00:00,0.0734421364985163,8.0,2025-11-28 09:59:00,145.88,46.209521935920286,46.09633030576454,6,875.28,141.5036,150.25639999999999,2025-11-28 13:00:00,146.42,WEEK_END_CLOSE,3.2399999999999523,0.37016726076226636
HPE,2025-11-26 00:00:00,2025-11-28 00:00:00,0.0430188679245283,4.0,2025-11-28 10:13:00,21.755,54.15982243308838,53.10161259371535,45,978.9749999999999,21.102349999999998,22.40765,2025-11-28 13:00:00,21.87,WEEK_END_CLOSE,5.1750000000000895,0.5286141116984666
WELL,2025-11-26 00:00:00,2025-11-28 00:00:00,0.0830188679245283,10.0,2025-11-28 10:13:00,207.52,53.745734495966495,53.11556371170666,4,830.08,201.2944,213.74560000000002,2025-11-28 13:00:00,208.22,WEEK_END_CLOSE,2.7999999999999545,0.33731688511950964
CI,2025-11-26 00:00:00,2025-11-28 00:00:00,0.0461095100864553,5.0,2025-11-28 10:22:00,278.475,54.44940657625255,50.09834741099183,3,835.4250000000001,270.12075,286.82925000000006,2025-11-28 13:00:00,277.28,WEEK_END_CLOSE,-3.58500000000015,-0.42912290151720933
CRH,2025-11-28 00:00:00,2025-12-01 00:00:00,0.0,4.0,2025-12-01 09:45:00,118.265,38.278363825731745,36.718183805216974,8,946.12,114.71705,121.81295,2025-12-05 15:59:00,119.445,WEEK_END_CLOSE,9.43999999999994,0.9977592694372817
FDX,2025-11-28 00:00:00,2025-12-01 00:00:00,0.014251781472684,7.0,2025-12-01 09:48:00,274.715,48.03408228378833,40.87376873308667,3,824.145,266.47355,282.95644999999996,2025-12-04 09:34:00,266.47355,STOP_LOSS,-24.72434999999996,-2.9999999999999916
JCI,2025-11-28 00:00:00,2025-12-01 00:00:00,0.0,2.0,2025-12-01 09:51:00,115.705,52.9935933192953,45.23047781837383,8,925.64,112.23384999999999,119.17615,2025-12-05 15:59:00,114.21,WEEK_END_CLOSE,-11.960000000000036,-1.2920789939933508
NEE,2025-11-28 00:00:00,2025-12-01 00:00:00,0.0197628458498023,8.0,2025-12-01 09:51:00,85.39,44.95577250203579,42.8328609420024,11,939.29,82.8283,87.9517,2025-12-04 14:20:00,82.8283,STOP_LOSS,-28.17870000000002,-3.0000000000000027
TEL,2025-11-28 00:00:00,2025-12-01 00:00:00,0.0003323363243602,5.0,2025-12-01 10:00:00,225.01,42.803658158821925,42.061068749223004,4,900.04,218.25969999999998,231.7603,2025-12-04 10:17:00,231.7603,TAKE_PROFIT,27.00120000000004,3.0000000000000027
CMCSA,2025-11-28 00:00:00,2025-12-01 00:00:00,0.0013876040703052,6.0,2025-12-01 10:10:00,26.715,48.94276143947463,45.721324823070056,37,988.455,25.91355,27.51645,2025-12-04 09:30:00,27.51645,TAKE_PROFIT,29.653649999999967,3.0000000000000027
AON,2025-11-28 00:00:00,2025-12-01 00:00:00,0.0,3.0,2025-12-01 10:15:00,352.6,41.38579568935631,40.98112080715867,2,705.2,342.022,363.17800000000005,2025-12-03 11:42:00,342.022,STOP_LOSS,-21.156000000000063,-3.0000000000000138
APO,2025-11-28 00:00:00,2025-12-01 00:00:00,0.0218054949847361,9.0,2025-12-01 10:16:00,131.215,48.03862722667084,45.88555887903541,7,918.505,127.27855,135.15145,2025-12-03 13:11:00,135.15145,TAKE_PROFIT,27.555150000000054,3.0000000000000027
TT,2025-11-28 00:00:00,2025-12-01 00:00:00,0.0,1.0,2025-12-01 10:26:00,412.795,40.94970385059047,40.39812754135469,2,825.59,400.41115,425.17885,2025-12-05 09:34:00,400.41115,STOP_LOSS,-24.76769999999999,-3.0000000000000027
BX,2025-11-28 00:00:00,2025-12-01 00:00:00,0.0233497979344409,10.0,2025-12-01 10:42:00,145.62,52.84808485298868,48.240699873020084,6,873.72,141.2514,149.98860000000002,2025-12-03 10:28:00,149.98860000000002,TAKE_PROFIT,26.21160000000009,3.0000000000000027
RSG,2025-12-01 00:00:00,2025-12-02 00:00:00,0.0,1.0,2025-12-02 09:45:00,213.495,38.2305982703727,37.412872747534,4,853.98,207.09015,219.89985000000001,2025-12-05 15:59:00,216.54,WEEK_END_CLOSE,12.17999999999995,1.4262629101384094
ECL,2025-12-01 00:00:00,2025-12-02 00:00:00,0.0100806451612903,2.0,2025-12-02 09:46:00,272.56,39.513109505135695,38.34814415607734,3,817.6800000000001,264.3832,280.7368,2025-12-03 15:58:00,264.3832,STOP_LOSS,-24.530400000000043,-3.0000000000000027
NSC,2025-12-01 00:00:00,2025-12-02 00:00:00,0.0588235294117647,9.0,2025-12-02 09:51:00,289.54,43.0557381491301,41.329237025485305,3,868.6200000000001,280.85380000000004,298.2262,2025-12-05 15:59:00,294.21,WEEK_END_CLOSE,14.009999999999877,1.612903225806428
CME,2025-12-01 00:00:00,2025-12-02 00:00:00,0.037454100367197,7.0,2025-12-02 09:58:00,277.01,42.30229044031285,38.73674854021627,3,831.03,268.6997,285.3203,2025-12-05 15:59:00,270.86,WEEK_END_CLOSE,-18.449999999999932,-2.2201364571675986
HLT,2025-12-01 00:00:00,2025-12-02 00:00:00,0.03,5.0,2025-12-02 10:03:00,279.965,43.443400124133845,41.59419025044211,3,839.895,271.56604999999996,288.36395,2025-12-05 15:52:00,271.56604999999996,STOP_LOSS,-25.19685000000004,-3.0000000000000027
PCAR,2025-12-01 00:00:00,2025-12-02 00:00:00,0.0323450134770889,6.0,2025-12-02 10:36:00,104.13,50.116138531004836,47.088284407448896,9,937.17,101.00609999999999,107.2539,2025-12-03 11:44:00,107.2539,TAKE_PROFIT,28.115100000000055,3.0000000000000027
EQIX,2025-12-02 00:00:00,2025-12-03 00:00:00,0.0955414012738853,10.0,2025-12-03 09:50:00,728.17,51.81523016076541,51.57492844871566,1,728.17,706.3249,750.0151,2025-12-05 15:59:00,741.58,WEEK_END_CLOSE,13.410000000000082,1.841602922394503
DE,2025-12-02 00:00:00,2025-12-03 00:00:00,0.0841720036596523,7.0,2025-12-03 09:52:00,472.96,65.51100070541975,62.41095358141061,2,945.92,458.77119999999996,487.1488,2025-12-05 15:59:00,474.98,WEEK_END_CLOSE,4.040000000000077,0.42709742895805647
DLR,2025-12-02 00:00:00,2025-12-03 00:00:00,0.0618181818181818,5.0,2025-12-03 09:55:00,157.355,61.62313020120708,52.159361313670345,6,944.1299999999999,152.63434999999998,162.07565,2025-12-04 09:45:00,162.07565,TAKE_PROFIT,28.323900000000037,3.0000000000000027
LIN,2025-12-02 00:00:00,2025-12-03 00:00:00,0.0329289428076256,3.0,2025-12-03 10:29:00,407.32,42.741619086367315,41.52275014435805,2,814.64,395.1004,419.5396,2025-12-05 15:59:00,399.57,WEEK_END_CLOSE,-15.5,-1.9026809388196009
CSX,2025-12-02 00:00:00,2025-12-03 00:00:00,0.0705882352941176,6.0,2025-12-03 10:55:00,35.3,51.851915281062304,46.407730093700145,28,988.3999999999999,34.241,36.358999999999995,2025-12-05 09:50:00,36.358999999999995,TAKE_PROFIT,29.65199999999993,3.0000000000000027
SPGI,2025-12-02 00:00:00,2025-12-03 00:00:00,0.0291970802919708,2.0,2025-12-03 10:56:00,496.9,55.13077565739968,54.979240671722515,2,993.8,481.99299999999994,511.807,2025-12-05 15:59:00,498.38,WEEK_END_CLOSE,2.9600000000000364,0.29784664922520854
AON,2025-12-02 00:00:00,2025-12-03 00:00:00,0.0091324200913242,1.0,2025-12-03 11:47:00,342.92,45.021816542516525,43.33225564024423,2,685.84,332.6324,353.2076,2025-12-05 15:59:00,345.16,WEEK_END_CLOSE,4.480000000000018,0.6532135775108028
SHW,2025-12-03 00:00:00,2025-12-04 00:00:00,0.0357142857142857,2.0,2025-12-04 09:47:00,339.44,50.74181855261192,48.092941208510695,2,678.88,329.2568,349.6232,2025-12-05 15:59:00,333.13,WEEK_END_CLOSE,-12.620000000000005,-1.8589441432948384
FDX,2025-12-03 00:00:00,2025-12-04 00:00:00,0.0497835497835497,3.0,2025-12-04 09:52:00,270.15,54.82708617697185,50.351984468491814,3,810.4499999999999,262.04549999999995,278.2545,2025-12-05 15:59:00,274.3,WEEK_END_CLOSE,12.450000000000102,1.5361836017027786
MO,2025-12-03 00:00:00,2025-12-04 00:00:00,0.0929619872036131,6.0,2025-12-04 09:52:00,58.375,34.34985762048592,33.8820656888364,17,992.375,56.62375,60.12625,2025-12-05 15:59:00,57.955,WEEK_END_CLOSE,-7.140000000000029,-0.7194860813704573
CI,2025-12-03 00:00:00,2025-12-04 00:00:00,0.0772946859903381,4.0,2025-12-04 09:55:00,270.12,44.32796430492535,43.06525326509362,3,810.36,262.0164,278.22360000000003,2025-12-05 15:59:00,265.22,WEEK_END_CLOSE,-14.699999999999932,-1.814008588775351
MMM,2025-12-03 00:00:00,2025-12-04 00:00:00,0.1107154418905794,8.0,2025-12-04 09:55:00,170.765,40.75563047861518,39.9882989238705,5,853.8249999999999,165.64204999999998,175.88795,2025-12-05 15:59:00,167.47,WEEK_END_CLOSE,-16.474999999999937,-1.9295523087283661
LOW,2025-12-03 00:00:00,2025-12-04 00:00:00,0.0858113848768054,5.0,2025-12-04 10:04:00,246.22,52.26225496299142,50.819499603196746,4,984.88,238.83339999999998,253.60660000000001,2025-12-05 15:59:00,248.44,WEEK_END_CLOSE,8.879999999999995,0.9016326862155699
CMCSA,2025-12-03 00:00:00,2025-12-04 00:00:00,0.0063091482649842,1.0,2025-12-04 10:05:00,27.25,52.66182018174836,51.788555402466656,36,981.0,26.4325,28.0675,2025-12-05 09:55:00,28.0675,TAKE_PROFIT,29.429999999999964,3.0000000000000027
BRK.B,2025-12-03 00:00:00,2025-12-04 00:00:00,0.1043231750531537,7.0,2025-12-04 10:56:00,502.7,40.579922358986735,40.2758895990204,1,502.7,487.61899999999997,517.781,2025-12-05 15:59:00,504.31,WEEK_END_CLOSE,1.6100000000000136,0.3202705390889182
NEE,2025-12-03 00:00:00,2025-12-04 00:00:00,0.1115214180206794,9.0,2025-12-04 14:32:00,82.84,43.368892753615825,40.75275977017059,12,994.08,80.3548,85.32520000000001,2025-12-05 15:59:00,83.105,WEEK_END_CLOSE,3.180000000000007,0.3198937711250682
BMY,2025-12-04 00:00:00,2025-12-05 00:00:00,0.0323252730601679,5.0,2025-12-05 09:47:00,51.815,49.28819687738891,48.22038370710084,19,984.4849999999999,50.260549999999995,53.36945,2025-12-05 15:59:00,52.145,WEEK_END_CLOSE,6.270000000000103,0.6368812120042477
USB,2025-12-04 00:00:00,2025-12-05 00:00:00,0.0100728675525075,3.0,2025-12-05 09:51:00,51.51,58.690903281631726,58.25322953326952,19,978.6899999999999,49.96469999999999,53.0553,2025-12-05 15:59:00,51.255,WEEK_END_CLOSE,-4.844999999999914,-0.4950495049504844
SO,2025-12-04 00:00:00,2025-12-05 00:00:00,0.0537084398976982,8.0,2025-12-05 10:00:00,88.005,65.33639993232394,60.78192135155886,11,968.055,85.36484999999999,90.64515,2025-12-05 15:59:00,86.31,WEEK_END_CLOSE,-18.644999999999925,-1.9260269302880495
PCAR,2025-12-04 00:00:00,2025-12-05 00:00:00,0.0413746326023061,7.0,2025-12-05 10:07:00,109.25,56.28018551803953,51.79942375525547,9,983.25,105.9725,112.5275,2025-12-05 15:59:00,110.34,WEEK_END_CLOSE,9.81000000000003,0.99771167048055
APD,2025-12-04 00:00:00,2025-12-05 00:00:00,0.068274259151656,9.0,2025-12-05 10:24:00,264.9651,56.3559640471631,54.61540325468995,3,794.8953,257.016147,272.914053,2025-12-05 15:59:00,260.69,WEEK_END_CLOSE,-12.825300000000027,-1.613457772363236
APO,2025-12-04 00:00:00,2025-12-05 00:00:00,0.0693333333333333,10.0,2025-12-05 10:26:00,137.16,55.690625890619565,55.035889061603285,7,960.12,133.0452,141.2748,2025-12-05 15:59:00,138.12,WEEK_END_CLOSE,6.720000000000056,0.6999125109361293
CMCSA,2025-12-04 00:00:00,2025-12-05 00:00:00,0.0081256771397616,2.0,2025-12-05 11:33:00,27.505,40.137798328686834,38.81617988088369,36,990.18,26.67985,28.33015,2025-12-05 15:59:00,27.31,WEEK_END_CLOSE,-7.02000000000001,-0.7089620069078317
BX,2025-12-05 00:00:00,2025-12-08 00:00:00,0.0654970760233918,10.0,2025-12-08 09:46:00,151.38,41.21386985352197,41.209120357991914,6,908.28,146.83859999999999,155.9214,2025-12-09 10:10:00,155.9214,TAKE_PROFIT,27.24840000000006,3.0000000000000027
PCAR,2025-12-05 00:00:00,2025-12-08 00:00:00,0.0152838427947598,5.0,2025-12-08 09:47:00,110.58,57.94494961688527,54.96039637190684,9,995.22,107.26259999999999,113.8974,2025-12-10 15:05:00,113.8974,TAKE_PROFIT,29.856600000000057,3.0000000000000027
CME,2025-12-05 00:00:00,2025-12-08 00:00:00,0.0049833887043189,2.0,2025-12-08 09:48:00,269.74,48.779912416225734,47.52890341109828,3,809.22,261.6478,277.8322,2025-12-12 15:59:00,273.53,WEEK_END_CLOSE,11.36999999999989,1.4050567212871456
CMCSA,2025-12-05 00:00:00,2025-12-08 00:00:00,0.0320204931155939,7.0,2025-12-08 09:49:00,27.005,39.18231812406717,38.311001177192146,37,999.185,26.19485,27.81515,2025-12-12 09:45:00,27.81515,TAKE_PROFIT,29.975550000000005,3.0000000000000027
FDX,2025-12-05 00:00:00,2025-12-08 00:00:00,0.0141388174807197,4.0,2025-12-08 09:54:00,277.285,51.687633698780644,49.385438323838436,3,831.855,268.96645,285.60355000000004,2025-12-11 09:30:00,285.60355000000004,TAKE_PROFIT,24.95565000000005,3.0000000000000027
TEL,2025-12-05 00:00:00,2025-12-08 00:00:00,0.0088888888888888,3.0,2025-12-08 09:59:00,237.28,67.49045353055642,67.2156490918058,4,949.12,230.1616,244.3984,2025-12-10 15:37:00,244.3984,TAKE_PROFIT,28.473600000000033,3.0000000000000027
TT,2025-12-05 00:00:00,2025-12-08 00:00:00,0.0,1.0,2025-12-08 10:28:00,401.41,52.971665017379856,51.6637455887909,2,802.82,389.3677,413.45230000000004,2025-12-12 15:59:00,391.27,WEEK_END_CLOSE,-20.280000000000086,-2.526095513315574
EOG,2025-12-05 00:00:00,2025-12-08 00:00:00,0.0648148148148148,9.0,2025-12-08 10:33:00,112.0,51.759117358215235,44.607639494184085,8,896.0,108.64,115.36,2025-12-10 09:33:00,108.64,STOP_LOSS,-26.879999999999995,-3.0000000000000027
COP,2025-12-05 00:00:00,2025-12-08 00:00:00,0.0462850182704019,8.0,2025-12-08 10:35:00,93.7,48.03110164790224,47.36101929472617,10,937.0,90.889,96.51100000000001,2025-12-10 14:31:00,96.51100000000001,TAKE_PROFIT,28.11000000000007,3.0000000000000027
SO,2025-12-05 00:00:00,2025-12-08 00:00:00,0.0232558139534883,6.0,2025-12-08 10:40:00,85.55,37.714656245165465,37.58888420215245,11,941.05,82.98349999999999,88.1165,2025-12-12 15:59:00,84.445,WEEK_END_CLOSE,-12.155000000000044,-1.2916423144360034
ETN,2025-12-08 00:00:00,2025-12-09 00:00:00,0.0716753022452504,7.0,2025-12-09 09:49:00,347.295,60.96237588921478,56.18787911774268,2,694.59,336.87615,357.71385000000004,2025-12-12 10:03:00,336.87615,STOP_LOSS,-20.83770000000004,-3.0000000000000027
ITW,2025-12-08 00:00:00,2025-12-09 00:00:00,0.0769230769230769,8.0,2025-12-09 09:52:00,248.68,51.57694120450855,49.599799702575744,4,994.72,241.2196,256.1404,2025-12-11 09:33:00,256.1404,TAKE_PROFIT,29.84159999999997,3.0000000000000027
MSI,2025-12-08 00:00:00,2025-12-09 00:00:00,0.0966921119592875,9.0,2025-12-09 09:52:00,371.39,50.87740624594771,49.731098900330466,2,742.78,360.2483,382.5317,2025-12-12 15:59:00,364.79,WEEK_END_CLOSE,-13.199999999999932,-1.7771076227146576
RSG,2025-12-08 00:00:00,2025-12-09 00:00:00,0.0681818181818181,6.0,2025-12-09 09:55:00,211.7894,45.83916444706778,45.11066688606028,4,847.1576,205.435718,218.143082,2025-12-12 15:59:00,213.64,WEEK_END_CLOSE,7.402399999999943,0.8737925505242439
FTNT,2025-12-08 00:00:00,2025-12-09 00:00:00,0.103955197759888,10.0,2025-12-09 10:37:00,83.66,52.84566844445713,49.76597096368909,11,920.26,81.1502,86.1698,2025-12-10 09:52:00,81.1502,STOP_LOSS,-27.607799999999983,-3.0000000000000027
AON,2025-12-08 00:00:00,2025-12-09 00:00:00,0.0,1.0,2025-12-09 11:08:00,347.065,54.12208823666207,50.15832463374364,2,694.13,336.65305,357.47695,2025-12-10 15:00:00,336.65305,STOP_LOSS,-20.82389999999998,-3.0000000000000027
JCI,2025-12-09 00:00:00,2025-12-10 00:00:00,0.0015964240102171,2.0,2025-12-10 09:45:00,115.81,49.41284550325284,43.30842221906038,8,926.48,112.3357,119.2843,2025-12-12 15:59:00,114.76,WEEK_END_CLOSE,-8.399999999999977,-0.906657456178217
SPGI,2025-12-09 00:00:00,2025-12-10 00:00:00,0.015625,5.0,2025-12-10 09:47:00,490.785,50.28972335493812,41.63518727201839,2,981.57,476.06145000000004,505.50855,2025-12-12 15:59:00,501.08,WEEK_END_CLOSE,20.589999999999918,2.097659871430446
DUK,2025-12-09 00:00:00,2025-12-10 00:00:00,0.0435161009573542,8.0,2025-12-10 09:57:00,115.0936,48.46495417473635,48.42594985987205,8,920.7488,111.64079199999999,118.546408,2025-12-12 15:59:00,115.28,WEEK_END_CLOSE,1.491200000000049,0.16195513912156123
PM,2025-12-09 00:00:00,2025-12-10 00:00:00,0.0537240537240537,10.0,2025-12-10 09:57:00,149.05,46.444224237751186,46.2503849258433,6,894.3000000000001,144.57850000000002,153.5215,2025-12-12 15:47:00,153.5215,TAKE_PROFIT,26.82899999999995,3.0000000000000027
CI,2025-12-09 00:00:00,2025-12-10 00:00:00,0.0524193548387096,9.0,2025-12-10 10:25:00,262.29,44.244820409457155,43.06721574314042,3,786.8700000000001,254.4213,270.1587,2025-12-11 10:46:00,270.1587,TAKE_PROFIT,23.60609999999997,3.0000000000000027
TJX,2025-12-09 00:00:00,2025-12-10 00:00:00,0.0176297747306562,6.0,2025-12-10 10:43:00,155.42,59.76643075796756,56.662746268698044,6,932.52,150.7574,160.08259999999999,2025-12-12 15:59:00,156.16,WEEK_END_CLOSE,4.440000000000055,0.47612919830137823
NSC,2025-12-09 00:00:00,2025-12-10 00:00:00,0.0,1.0,2025-12-10 10:46:00,292.195,57.243624172251465,56.81998517955739,3,876.585,283.42915,300.96085,2025-12-12 15:59:00,297.17,WEEK_END_CLOSE,14.925000000000068,1.702630092917401
HWM,2025-12-10 00:00:00,2025-12-11 00:00:00,0.0691823899371069,10.0,2025-12-11 09:45:00,191.57,49.374312649666685,42.039767759509324,5,957.8499999999999,185.82289999999998,197.3171,2025-12-12 09:30:00,198.18,TAKE_PROFIT_GAP,33.05000000000007,3.45043587200502
ABBV,2025-12-10 00:00:00,2025-12-11 00:00:00,0.0560938296787353,8.0,2025-12-11 09:47:00,224.83,49.8716148494471,49.736499111180954,4,899.32,218.0851,231.5749,2025-12-12 15:59:00,223.33,WEEK_END_CLOSE,-6.0,-0.6671707512342695
FDX,2025-12-10 00:00:00,2025-12-11 00:00:00,0.0329799764428739,7.0,2025-12-11 09:59:00,285.11,53.348963919221575,52.64942461279626,3,855.33,276.5567,293.66330000000005,2025-12-12 15:59:00,284.44,WEEK_END_CLOSE,-2.0100000000000477,-0.23499701869454936
PCAR,2025-12-10 00:00:00,2025-12-11 00:00:00,0.0076923076923076,3.0,2025-12-11 10:07:00,113.32,48.8060074079346,48.3110987256,8,906.56,109.92039999999999,116.7196,2025-12-12 15:59:00,111.56,WEEK_END_CLOSE,-14.079999999999927,-1.5531238969290428
TEL,2025-12-10 00:00:00,2025-12-11 00:00:00,0.0044977511244377,2.0,2025-12-11 10:11:00,243.725,56.46572468905442,55.48215572755643,4,974.9,236.41324999999998,251.03675,2025-12-12 11:04:00,236.41324999999998,STOP_LOSS,-29.24700000000007,-3.0000000000000027
KMI,2025-12-10 00:00:00,2025-12-11 00:00:00,0.0236907730673316,4.0,2025-12-11 10:22:00,26.7,53.373711890899905,53.0702301355193,37,987.9,25.898999999999997,27.501,2025-12-12 15:59:00,26.73,WEEK_END_CLOSE,1.110000000000042,0.11235955056179137
AJG,2025-12-10 00:00:00,2025-12-11 00:00:00,0.0,1.0,2025-12-11 10:32:00,245.42,64.1477245936891,63.036600581335136,4,981.68,238.05739999999997,252.7826,2025-12-12 10:04:00,252.7826,TAKE_PROFIT,29.45040000000006,3.0000000000000027
MO,2025-12-11 00:00:00,2025-12-12 00:00:00,0.0548033991070142,5.0,2025-12-12 09:45:00,58.53,46.0686218147594,44.88315256942257,17,995.01,56.7741,60.285900000000005,2025-12-12 15:59:00,58.76,WEEK_END_CLOSE,3.909999999999947,0.39296087476508035
MPC,2025-12-11 00:00:00,2025-12-12 00:00:00,0.0647709320695102,8.0,2025-12-12 09:46:00,187.3,49.04792352799638,47.44692118983652,5,936.5,181.681,192.919,2025-12-12 15:59:00,185.79,WEEK_END_CLOSE,-7.550000000000097,-0.8061932728243515
MDLZ,2025-12-11 00:00:00,2025-12-12 00:00:00,0.065040650406504,9.0,2025-12-12 09:47:00,54.16,64.60745335451915,60.45102738336046,18,974.8799999999999,52.535199999999996,55.7848,2025-12-12 15:59:00,54.035,WEEK_END_CLOSE,-2.25,-0.2307976366321962
AON,2025-12-11 00:00:00,2025-12-12 00:00:00,0.0308641975308641,3.0,2025-12-12 09:53:00,349.857,58.96887886380083,51.69593272059839,2,699.714,339.36129,360.35271000000006,2025-12-12 15:59:00,353.79,WEEK_END_CLOSE,7.8659999999999854,1.1241735909242934
CMCSA,2025-12-11 00:00:00,2025-12-12 00:00:00,0.0577617328519855,7.0,2025-12-12 10:30:00,27.675,55.05122824744393,54.88751809623479,36,996.3000000000001,26.84475,28.50525,2025-12-12 15:59:00,27.23,WEEK_END_CLOSE,-16.02000000000001,-1.6079494128274585
FDX,2025-12-12 00:00:00,2025-12-15 00:00:00,0.0223214285714285,5.0,2025-12-15 09:47:00,282.785,51.949346183682486,48.76597326515001,3,848.355,274.30145,291.26855000000006,2025-12-19 09:30:00,272.06,STOP_LOSS_GAP,-32.17500000000007,-3.7926339798787123
CME,2025-12-12 00:00:00,2025-12-15 00:00:00,0.0124919923126201,3.0,2025-12-15 09:52:00,274.69,57.034356436367126,54.06692542934565,3,824.0699999999999,266.4493,282.9307,2025-12-18 15:10:00,266.4493,STOP_LOSS,-24.72210000000001,-3.0000000000000027
PCAR,2025-12-12 00:00:00,2025-12-15 00:00:00,0.0054585152838427,2.0,2025-12-15 09:52:00,112.32,51.99692909822263,50.18016335970938,8,898.56,108.95039999999999,115.6896,2025-12-19 15:59:00,111.57,WEEK_END_CLOSE,-6.0,-0.6677350427350404
GLW,2025-12-12 00:00:00,2025-12-15 00:00:00,0.0493762080477947,10.0,2025-12-15 10:00:00,90.003,51.631035257052076,51.0084017388286,11,990.033,87.30291,92.70309,2025-12-16 09:30:00,87.30291,STOP_LOSS,-29.700990000000033,-3.0000000000000027
AEP,2025-12-12 00:00:00,2025-12-15 00:00:00,0.04,7.0,2025-12-15 10:03:00,115.115,57.86417225083499,57.18488092957036,8,920.92,111.66154999999999,118.56845,2025-12-19 15:59:00,114.49,WEEK_END_CLOSE,-5.0,-0.542935325544025
CRH,2025-12-12 00:00:00,2025-12-15 00:00:00,0.0126582278481012,4.0,2025-12-15 10:05:00,127.99,65.3250277035637,57.14368565302476,7,895.93,124.15029999999999,131.8297,2025-12-17 11:02:00,124.14,STOP_LOSS_GAP,-26.94999999999996,-3.0080475037112198
CMCSA,2025-12-12 00:00:00,2025-12-15 00:00:00,0.0029055690072639,1.0,2025-12-15 10:08:00,27.72,54.68116552489619,53.333520348117325,36,997.92,26.888399999999997,28.5516,2025-12-16 09:47:00,28.5516,TAKE_PROFIT,29.93760000000006,3.0000000000000027
SPGI,2025-12-12 00:00:00,2025-12-15 00:00:00,0.0459770114942528,8.0,2025-12-15 10:09:00,501.46,54.17759735836024,49.308579037462856,1,501.46,486.41619999999995,516.5038,2025-12-19 15:59:00,512.47,WEEK_END_CLOSE,11.010000000000048,2.195588880469046
KKR,2025-12-12 00:00:00,2025-12-15 00:00:00,0.0476190476190476,9.0,2025-12-15 10:12:00,135.03,44.64192601634312,44.482704230450096,7,945.21,130.9791,139.0809,2025-12-19 09:47:00,130.9791,STOP_LOSS,-28.35630000000009,-3.0000000000000138
PM,2025-12-12 00:00:00,2025-12-15 00:00:00,0.0310136157337367,6.0,2025-12-15 10:27:00,158.15,68.97606936041934,62.12157152868589,6,948.9000000000001,153.4055,162.89450000000002,2025-12-19 15:59:00,156.87,WEEK_END_CLOSE,-7.680000000000007,-0.8093582042364877
LIN,2025-12-15 00:00:00,2025-12-16 00:00:00,0.0742481203007518,9.0,2025-12-16 09:50:00,417.9,54.70003888639994,51.13919087014943,2,835.8,405.36299999999994,430.437,2025-12-19 15:59:00,421.56,WEEK_END_CLOSE,7.32000000000005,0.8758076094759648
MO,2025-12-15 00:00:00,2025-12-16 00:00:00,0.0443773305802952,2.0,2025-12-16 09:51:00,59.08,47.755162351399825,46.368768060514604,16,945.28,57.307599999999994,60.8524,2025-12-19 15:59:00,58.04,WEEK_END_CLOSE,-16.639999999999986,-1.7603249830738021
CEG,2025-12-15 00:00:00,2025-12-16 00:00:00,0.0537293460553874,5.0,2025-12-16 09:55:00,360.57,48.75097725922223,48.04887079597675,2,721.14,349.7529,371.3871,2025-12-17 09:31:00,371.3871,TAKE_PROFIT,21.634199999999964,3.0000000000000027
MDT,2025-12-15 00:00:00,2025-12-16 00:00:00,0.0573577809120827,7.0,2025-12-16 09:55:00,97.77,44.37439006254103,41.19966516233089,10,977.6999999999999,94.8369,100.70309999999999,2025-12-19 15:59:00,98.6,WEEK_END_CLOSE,8.299999999999983,0.8489311649790388
CI,2025-12-15 00:00:00,2025-12-16 00:00:00,0.0360424028268551,1.0,2025-12-16 09:59:00,276.635,51.88563947443222,50.368599225688996,3,829.905,268.33594999999997,284.93405,2025-12-19 15:59:00,271.89,WEEK_END_CLOSE,-14.235000000000014,-1.7152565655105145
SO,2025-12-15 00:00:00,2025-12-16 00:00:00,0.0817120622568093,10.0,2025-12-16 10:07:00,85.43,50.7962936971983,48.50598581032637,11,939.73,82.86710000000001,87.9929,2025-12-19 15:59:00,85.29,WEEK_END_CLOSE,-1.5400000000000063,-0.16387685824651443
TT,2025-12-15 00:00:00,2025-12-16 00:00:00,0.0552763819095477,6.0,2025-12-16 10:08:00,396.67,51.92088517174192,50.49259258050722,2,793.34,384.7699,408.5701,2025-12-17 12:49:00,384.7699,STOP_LOSS,-23.800200000000018,-3.0000000000000027
CMCSA,2025-12-15 00:00:00,2025-12-16 00:00:00,0.0502269732025186,3.0,2025-12-16 10:49:00,29.265,64.62777396125557,61.697043136342145,34,995.01,28.38705,30.142950000000003,2025-12-17 13:20:00,30.142950000000003,TAKE_PROFIT,29.850300000000068,3.0000000000000027
JCI,2025-12-16 00:00:00,2025-12-17 00:00:00,0.0769230769230769,9.0,2025-12-17 09:45:00,119.13,53.161134111560195,52.964687646793244,8,953.04,115.55609999999999,122.7039,2025-12-19 15:59:00,119.5,WEEK_END_CLOSE,2.9600000000000364,0.3105850751280226
TRV,2025-12-16 00:00:00,2025-12-17 00:00:00,0.0227272727272727,4.0,2025-12-17 09:45:00,289.57,57.04759448317774,55.121067303906216,3,868.71,280.8829,298.2571,2025-12-19 15:59:00,292.74,WEEK_END_CLOSE,9.510000000000048,1.0947266636737396
PH,2025-12-16 00:00:00,2025-12-17 00:00:00,0.0357142857142857,5.0,2025-12-17 09:50:00,878.81,57.53838969796601,56.01012061611373,1,878.81,852.4456999999999,905.1743,2025-12-19 15:59:00,873.8,WEEK_END_CLOSE,-5.009999999999991,-0.5700890977571982
ICE,2025-12-16 00:00:00,2025-12-17 00:00:00,0.0163487738419618,2.0,2025-12-17 10:00:00,161.09,49.164748887256856,48.52418979424172,6,966.54,156.2573,165.92270000000002,2025-12-19 15:59:00,160.29,WEEK_END_CLOSE,-4.800000000000068,-0.4966167980631986
WMB,2025-12-16 00:00:00,2025-12-17 00:00:00,0.0175438596491228,3.0,2025-12-17 10:23:00,58.575,51.828060875143116,46.3638983720911,17,995.7750000000001,56.817750000000004,60.33225,2025-12-19 15:59:00,58.24,WEEK_END_CLOSE,-5.6950000000000145,-0.5719163465642385
CMCSA,2025-12-16 00:00:00,2025-12-17 00:00:00,0.0585634756031001,7.0,2025-12-17 13:54:00,30.205,63.37450883565528,61.80458468737379,33,996.765,29.298849999999998,31.11115,2025-12-19 15:59:00,29.56,WEEK_END_CLOSE,-21.284999999999986,-2.135408045025655
WM,2025-12-17 00:00:00,2025-12-18 00:00:00,0.079295154185022,7.0,2025-12-18 09:47:00,218.77,47.74798620103393,46.64341332900999,4,875.08,212.2069,225.33310000000003,2025-12-19 15:59:00,216.333,WEEK_END_CLOSE,-9.748000000000047,-1.113955295515845
RSG,2025-12-17 00:00:00,2025-12-18 00:00:00,0.0,1.0,2025-12-18 09:48:00,213.85,49.41636544391119,46.027990060207586,4,855.4,207.43449999999999,220.2655,2025-12-19 15:59:00,213.02,WEEK_END_CLOSE,-3.3199999999999363,-0.38812251578208556
GILD,2025-12-17 00:00:00,2025-12-18 00:00:00,0.0455252918287937,5.0,2025-12-18 09:56:00,121.47,53.34945696972153,52.564608419625436,8,971.76,117.82589999999999,125.11410000000001,2025-12-19 10:29:00,125.11410000000001,TAKE_PROFIT,29.15280000000007,3.0000000000000027
RTX,2025-12-17 00:00:00,2025-12-18 00:00:00,0.0840759395583107,9.0,2025-12-18 09:59:00,179.105,58.599107133971835,55.938346283510455,5,895.525,173.73184999999998,184.47815,2025-12-19 15:59:00,182.09,WEEK_END_CLOSE,14.925000000000068,1.6666201390246105
AON,2025-12-17 00:00:00,2025-12-18 00:00:00,0.0454545454545454,4.0,2025-12-18 10:02:00,352.49,60.152188746917275,55.24705940378965,2,704.98,341.9153,363.0647,2025-12-19 15:59:00,350.04,WEEK_END_CLOSE,-4.899999999999977,-0.6950551788703185
TXN,2025-12-18 00:00:00,2025-12-19 00:00:00,0.0521890403015366,10.0,2025-12-19 09:50:00,177.645,53.81356651101322,52.980128377203954,5,888.225,172.31565,182.97435000000002,2025-12-19 15:59:00,176.31,WEEK_END_CLOSE,-6.67500000000004,-0.7514987756480629
CSX,2025-12-18 00:00:00,2025-12-19 00:00:00,0.0064935064935064,1.0,2025-12-19 09:51:00,36.605,56.27546512042547,47.58205823236673,27,988.3349999999999,35.50684999999999,37.70315,2025-12-19 15:59:00,36.47,WEEK_END_CLOSE,-3.6449999999999463,-0.368802076219088
ROST,2025-12-18 00:00:00,2025-12-19 00:00:00,0.0424028268551236,8.0,2025-12-19 09:51:00,182.72,58.339978902841914,54.67746697456494,5,913.6,177.23839999999998,188.2016,2025-12-19 15:59:00,182.39,WEEK_END_CLOSE,-1.6500000000000625,-0.18060420315236803
EMR,2025-12-18 00:00:00,2025-12-19 00:00:00,0.0158102766798418,4.0,2025-12-19 09:53:00,132.25,51.10406713060093,49.32522017735417,7,925.75,128.2825,136.2175,2025-12-19 15:59:00,132.96,WEEK_END_CLOSE,4.970000000000056,0.5368620037807137
TFC,2025-12-18 00:00:00,2025-12-19 00:00:00,0.0490867579908675,9.0,2025-12-19 09:58:00,50.08,53.05769505744572,51.89771930260078,19,951.52,48.5776,51.5824,2025-12-19 15:59:00,50.075,WEEK_END_CLOSE,-0.0949999999999136,-0.0099840255590955
USB,2025-12-18 00:00:00,2025-12-19 00:00:00,0.0080526688067903,2.0,2025-12-19 10:03:00,54.05,61.01022599707003,54.803695221619144,18,972.9,52.42849999999999,55.6715,2025-12-19 15:59:00,54.155,WEEK_END_CLOSE,1.8900000000000716,0.1942645698427503
SO,2025-12-19 00:00:00,2025-12-22 00:00:00,0.0277777777777777,7.0,2025-12-22 09:46:00,85.04,38.05195029597122,37.960812725790426,11,935.44,82.4888,87.59120000000001,2025-12-26 10:08:00,87.59120000000001,TAKE_PROFIT,28.063200000000094,3.0000000000000027
CMCSA,2025-12-19 00:00:00,2025-12-22 00:00:00,0.0040287769784172,1.0,2025-12-22 09:50:00,29.605,47.71036214493177,46.52795685393382,33,976.965,28.71685,30.49315,2025-12-26 15:59:00,29.655,WEEK_END_CLOSE,1.6500000000000234,0.16889039013681106
MDT,2025-12-19 00:00:00,2025-12-22 00:00:00,0.019222367846221,6.0,2025-12-22 09:51:00,97.415,38.073513116486524,37.03490715862081,10,974.1500000000001,94.49255000000001,100.33745,2025-12-26 15:59:00,96.54,WEEK_END_CLOSE,-8.75,-0.8982189601190793
CRH,2025-12-19 00:00:00,2025-12-22 00:00:00,0.0287408759124087,8.0,2025-12-22 09:53:00,124.9,46.33024251890155,46.14149536516527,8,999.2,121.153,128.64700000000002,2025-12-26 10:30:00,128.64700000000002,TAKE_PROFIT,29.976000000000113,3.0000000000000027
ICE,2025-12-19 00:00:00,2025-12-22 00:00:00,0.0081967213114754,3.0,2025-12-22 09:54:00,160.255,51.2851551430778,46.71698065350389,6,961.53,155.44735,165.06265,2025-12-26 15:59:00,163.52,WEEK_END_CLOSE,19.59000000000009,2.0373779289257765
SPGI,2025-12-19 00:00:00,2025-12-22 00:00:00,0.0059405940594059,2.0,2025-12-22 10:00:00,515.62,57.03944451863569,56.09860282944195,1,515.62,500.15139999999997,531.0886,2025-12-26 15:59:00,529.47,WEEK_END_CLOSE,13.850000000000023,2.6860866529614835
AFL,2025-12-19 00:00:00,2025-12-22 00:00:00,0.0173010380622837,5.0,2025-12-22 10:01:00,110.12,43.78004382696269,43.61712226105314,9,991.08,106.8164,113.42360000000001,2025-12-26 15:59:00,109.91,WEEK_END_CLOSE,-1.8900000000000716,-0.19070105339630272
FDX,2025-12-19 00:00:00,2025-12-22 00:00:00,0.0111344537815126,4.0,2025-12-22 10:16:00,288.49,55.12433394392648,49.50739748029673,3,865.47,279.8353,297.1447,2025-12-26 15:59:00,296.44,WEEK_END_CLOSE,23.849999999999966,2.7557281014939816
AJG,2025-12-19 00:00:00,2025-12-22 00:00:00,0.04,10.0,2025-12-22 10:18:00,257.1099,56.623871725368474,55.0977079234112,3,771.3297,249.39660299999997,264.823197,2025-12-26 15:59:00,261.56,WEEK_END_CLOSE,13.350300000000061,1.730816277397329
WMB,2025-12-22 00:00:00,2025-12-23 00:00:00,0.0634920634920634,6.0,2025-12-23 09:45:00,59.05,52.63032717895119,52.4350219853886,16,944.8,57.278499999999994,60.8215,2025-12-26 15:59:00,59.52,WEEK_END_CLOSE,7.5200000000000955,0.7959356477561519
NSC,2025-12-22 00:00:00,2025-12-23 00:00:00,0.0952380952380952,9.0,2025-12-23 09:47:00,291.5,49.01423410732745,47.27094518029829,3,874.5,282.755,300.245,2025-12-26 15:59:00,291.07,WEEK_END_CLOSE,-1.2900000000000205,-0.1475128644940038
ALL,2025-12-22 00:00:00,2025-12-23 00:00:00,0.0969976905311778,10.0,2025-12-23 09:48:00,208.69,58.90343220636212,57.42377975657277,4,834.76,202.42929999999998,214.9507,2025-12-26 15:59:00,207.8,WEEK_END_CLOSE,-3.5599999999999454,-0.4264698835593439
SYK,2025-12-22 00:00:00,2025-12-23 00:00:00,0.078272604588394,7.0,2025-12-23 09:48:00,355.19,45.63609541425256,45.17036115643973,2,710.38,344.5343,365.8457,2025-12-26 15:59:00,354.21,WEEK_END_CLOSE,-1.9600000000000364,-0.27590866859991126
ADP,2025-12-22 00:00:00,2025-12-23 00:00:00,0.0617283950617283,5.0,2025-12-23 09:55:00,258.77,52.02590822414421,46.173706054587115,3,776.31,251.00689999999997,266.5331,2025-12-26 15:59:00,258.75,WEEK_END_CLOSE,-0.05999999999994543,-0.007728871198353637
KMI,2025-12-22 00:00:00,2025-12-23 00:00:00,0.0068717623427423,1.0,2025-12-23 10:10:00,26.975,56.99003397307106,56.3677860336908,37,998.075,26.16575,27.784250000000004,2025-12-26 15:59:00,27.195,WEEK_END_CLOSE,8.139999999999958,0.8155699721964726
COP,2025-12-22 00:00:00,2025-12-23 00:00:00,0.0907281001137656,8.0,2025-12-23 10:16:00,92.845,43.21335605923368,43.10260894738751,10,928.45,90.05964999999999,95.63035,2025-12-26 15:59:00,91.54,WEEK_END_CLOSE,-13.049999999999926,-1.4055684204857477
MSI,2025-12-23 00:00:00,2025-12-24 00:00:00,0.0514705882352941,7.0,2025-12-24 09:51:00,376.59,41.34983673542724,41.23924115279972,2,753.18,365.29229999999995,387.8877,2025-12-26 15:59:00,377.06,WEEK_END_CLOSE,0.9400000000000546,0.12480416367934843
EQIX,2025-12-23 00:00:00,2025-12-24 00:00:00,0.0625,10.0,2025-12-24 09:52:00,760.005,56.5003113770326,54.822324799981175,1,760.005,737.20485,782.80515,2025-12-26 15:59:00,763.37,WEEK_END_CLOSE,3.365000000000009,0.44276024499838584
RTX,2025-12-23 00:00:00,2025-12-24 00:00:00,0.0446408839779005,5.0,2025-12-24 10:03:00,186.85,61.544452751051246,58.358551430774604,5,934.25,181.2445,192.4555,2025-12-26 15:59:00,185.17,WEEK_END_CLOSE,-8.400000000000034,-0.8991169387209008
TRV,2025-12-23 00:00:00,2025-12-24 00:00:00,0.0217983651226158,3.0,2025-12-24 10:06:00,293.575,56.43208447117602,55.88736386811053,3,880.7249999999999,284.76775,302.38225,2025-12-26 15:59:00,292.11,WEEK_END_CLOSE,-4.394999999999925,-0.49902069317890874
APD,2025-12-23 00:00:00,2025-12-24 00:00:00,0.0620229007633587,9.0,2025-12-24 10:07:00,245.37,60.486320378473216,57.83097506236341,4,981.48,238.0089,252.7311,2025-12-26 15:59:00,247.51,WEEK_END_CLOSE,8.559999999999945,0.8721522598524656
PCAR,2025-12-23 00:00:00,2025-12-24 00:00:00,0.0124481327800829,1.0,2025-12-24 10:09:00,111.585,40.27755650296857,40.08237372173612,8,892.68,108.23745,114.93254999999999,2025-12-26 15:59:00,111.77,WEEK_END_CLOSE,1.4800000000000182,0.1657928933100239
AON,2025-12-23 00:00:00,2025-12-24 00:00:00,0.0483870967741935,6.0,2025-12-24 10:17:00,356.835,61.989892543075996,54.40192444998186,2,713.67,346.12994999999995,367.54005,2025-12-26 15:59:00,356.66,WEEK_END_CLOSE,-0.34999999999990905,-0.04904227444055831
ITW,2025-12-24 00:00:00,2025-12-26 00:00:00,0.0,3.0,2025-12-26 09:46:00,252.34,57.877508010795836,48.622256848548744,3,757.02,244.7698,259.91020000000003,2025-12-26 15:59:00,252.5,WEEK_END_CLOSE,0.47999999999998977,0.06340651501941519
DHR,2025-12-24 00:00:00,2025-12-26 00:00:00,0.0,1.0,2025-12-26 09:53:00,231.18,52.608399719633425,50.65884635823617,4,924.72,224.2446,238.11540000000002,2025-12-26 15:59:00,230.37,WEEK_END_CLOSE,-3.240000000000009,-0.3503763301323626
REGN,2025-12-24 00:00:00,2025-12-26 00:00:00,0.0099099099099099,10.0,2025-12-26 09:58:00,784.82,51.25616354532007,47.094518694214734,1,784.82,761.2754,808.3646000000001,2025-12-26 15:59:00,784.48,WEEK_END_CLOSE,-0.34000000000003183,-0.04332203562600334
RSG,2025-12-24 00:00:00,2025-12-26 00:00:00,0.0,8.0,2025-12-26 10:21:00,213.91,49.37596335792152,48.894303909085764,4,855.64,207.49269999999999,220.3273,2025-12-26 15:59:00,213.43,WEEK_END_CLOSE,-1.919999999999959,-0.2243934364919764
CRH,2025-12-24 00:00:00,2025-12-26 00:00:00,0.0,5.0,2025-12-26 10:41:00,128.69,63.18019192571327,60.31416961177533,7,900.8299999999999,124.82929999999999,132.5507,2025-12-26 15:59:00,128.97,WEEK_END_CLOSE,1.960000000000008,0.2175771233196011
CMCSA,2025-12-26 00:00:00,2025-12-29 00:00:00,0.009417304296645,2.0,2025-12-29 09:47:00,29.675,56.20961956852615,54.91107894383626,33,979.275,28.78475,30.565250000000002,2026-01-02 15:59:00,29.533,WEEK_END_CLOSE,-4.685999999999982,-0.47851727042965697
CSX,2025-12-26 00:00:00,2025-12-29 00:00:00,0.0476190476190476,5.0,2025-12-29 09:49:00,36.669,53.99221069475308,53.05544549021982,27,990.0629999999999,35.568929999999995,37.76907,2026-01-02 15:59:00,36.26,WEEK_END_CLOSE,-11.04299999999997,-1.1153835665003053
ISRG,2025-12-26 00:00:00,2025-12-29 00:00:00,0.0571081409477521,6.0,2025-12-29 09:54:00,579.6,58.94573648725929,58.19296935995825,1,579.6,562.212,596.988,2026-01-02 09:40:00,562.212,STOP_LOSS,-17.388000000000034,-3.0000000000000027
CL,2025-12-26 00:00:00,2025-12-29 00:00:00,0.08,10.0,2025-12-29 10:12:00,79.95,54.3043839853053,51.035128605711364,12,959.4000000000001,77.5515,82.3485,2026-01-02 15:44:00,77.5515,STOP_LOSS,-28.781999999999982,-3.0000000000000027
GLW,2025-12-26 00:00:00,2025-12-29 00:00:00,0.0613069016152716,8.0,2025-12-29 10:15:00,88.7,47.861948989512605,41.89048472202967,11,975.7,86.039,91.361,2026-01-02 15:59:00,90.67,WEEK_END_CLOSE,21.669999999999987,2.2209695603156776
JCI,2025-12-26 00:00:00,2025-12-29 00:00:00,0.0277777777777777,4.0,2025-12-29 10:18:00,121.93,54.68125421679228,54.66236452932051,8,975.44,118.27210000000001,125.5879,2026-01-02 15:59:00,122.31,WEEK_END_CLOSE,3.0399999999999636,0.3116542278356338
MSI,2025-12-26 00:00:00,2025-12-29 00:00:00,0.0130111524163568,3.0,2025-12-29 10:29:00,376.67,56.00257078858252,50.9641739934793,2,753.34,365.36990000000003,387.9701,2026-01-02 15:59:00,381.01,WEEK_END_CLOSE,8.67999999999995,1.1522021929009307
KMI,2025-12-26 00:00:00,2025-12-29 00:00:00,0.0597722960151802,7.0,2025-12-29 10:33:00,27.415,63.36486306377167,62.806317494807395,36,986.9399999999999,26.59255,28.23745,2026-01-02 15:59:00,27.71,WEEK_END_CLOSE,10.620000000000061,1.076053255517051
T,2025-12-26 00:00:00,2025-12-29 00:00:00,0.0742201505916099,9.0,2025-12-29 10:48:00,24.905,62.6095457096572,60.041663236068025,40,996.2,24.15785,25.652150000000002,2026-01-02 15:59:00,24.55,WEEK_END_CLOSE,-14.200000000000017,-1.4254165830154597
WMB,2025-12-29 00:00:00,2025-12-30 00:00:00,0.1027397260273972,10.0,2025-12-30 09:47:00,60.075,50.14574093500041,47.79357426427909,16,961.2,58.27275,61.877250000000004,2026-01-02 15:59:00,60.84,WEEK_END_CLOSE,12.240000000000009,1.2734082397003688
SPG,2025-12-29 00:00:00,2025-12-30 00:00:00,0.067524115755627,6.0,2025-12-30 09:48:00,187.855,61.28355280751747,53.63949856038104,5,939.275,182.21935,193.49065,2026-01-02 15:59:00,183.99,WEEK_END_CLOSE,-19.324999999999903,-2.0574379175427704
TEL,2025-12-29 00:00:00,2025-12-30 00:00:00,0.005050505050505,1.0,2025-12-30 09:51:00,232.09,56.06547272489848,53.662587014747146,4,928.36,225.1273,239.05270000000002,2026-01-02 15:59:00,233.21,WEEK_END_CLOSE,4.480000000000018,0.48257141626093514
REGN,2025-12-29 00:00:00,2025-12-30 00:00:00,0.0934959349593495,9.0,2025-12-30 10:04:00,774.77,47.50189036964406,44.06695138504897,1,774.77,751.5269,798.0131,2026-01-02 15:59:00,776.28,WEEK_END_CLOSE,1.509999999999991,0.19489654994384598
SHW,2025-12-29 00:00:00,2025-12-30 00:00:00,0.0491803278688524,4.0,2025-12-30 10:18:00,324.13,46.22124604257677,45.27302168960541,3,972.39,314.4061,333.8539,2026-01-02 15:59:00,327.88,WEEK_END_CLOSE,11.25,1.1569432018017523
AEP,2025-12-29 00:00:00,2025-12-30 00:00:00,0.0784929356357927,8.0,2025-12-30 10:19:00,115.5943,48.80051151994277,44.01371394280781,8,924.7544,112.126471,119.06212900000001,2026-01-02 15:59:00,115.81,WEEK_END_CLOSE,1.7255999999999858,0.1866008964109822
ADP,2025-12-30 00:00:00,2025-12-31 00:00:00,0.0964705882352941,10.0,2025-12-31 09:46:00,259.28,48.18494313168314,47.73399881918799,3,777.8399999999999,251.50159999999997,267.0584,2026-01-02 15:59:00,252.84,WEEK_END_CLOSE,-19.319999999999908,-2.483801295896315
SPGI,2025-12-30 00:00:00,2025-12-31 00:00:00,0.009771986970684,7.0,2025-12-31 09:48:00,525.9,39.229232681941305,38.79994009614075,1,525.9,510.123,541.677,2026-01-02 15:59:00,512.66,WEEK_END_CLOSE,-13.240000000000009,-2.5175888952272296
FDX,2025-12-30 00:00:00,2025-12-31 00:00:00,0.0045708481462671,5.0,2025-12-31 09:49:00,290.4,44.6596253021064,43.78373924943182,3,871.1999999999999,281.688,299.11199999999997,2026-01-02 15:59:00,293.12,WEEK_END_CLOSE,8.160000000000082,0.9366391184573164
NSC,2025-12-30 00:00:00,2025-12-31 00:00:00,0.0,2.0,2025-12-31 09:50:00,290.27,48.956538859575936,47.58953946568818,3,870.81,281.5619,298.9781,2026-01-02 15:59:00,287.81,WEEK_END_CLOSE,-7.379999999999939,-0.8474868226134191
ITW,2025-12-30 00:00:00,2025-12-31 00:00:00,0.0,1.0,2025-12-31 09:52:00,249.26,46.96986020452901,46.43615363429448,4,997.04,241.7822,256.7378,2026-01-02 15:59:00,249.33,WEEK_END_CLOSE,0.2800000000000864,0.028083126053135565
TFC,2025-12-30 00:00:00,2025-12-31 00:00:00,0.0089126559714795,6.0,2025-12-31 09:53:00,49.58,58.61722056035246,50.75857225555367,20,991.5999999999999,48.0926,51.0674,2026-01-02 15:59:00,49.74,WEEK_END_CLOSE,3.200000000000074,0.32271077047196783
PCAR,2025-12-30 00:00:00,2025-12-31 00:00:00,0.0023923444976076,4.0,2025-12-31 09:55:00,110.635,47.20856723187478,45.78935094862398,9,995.715,107.31595,113.95405000000001,2026-01-02 15:59:00,111.56,WEEK_END_CLOSE,8.324999999999974,0.836082614000988
TRV,2025-12-30 00:00:00,2025-12-31 00:00:00,0.0555555555555555,9.0,2025-12-31 10:09:00,291.335,52.762006328497506,51.34974972597816,3,874.0049999999999,282.59495,300.07505,2026-01-02 15:59:00,285.09,WEEK_END_CLOSE,-18.735000000000014,-2.143580414299695
DLR,2025-12-31 00:00:00,2026-01-02 00:00:00,0.0769230769230769,7.0,2026-01-02 09:45:00,154.47,47.631940237909426,45.3078051250288,6,926.8199999999999,149.83589999999998,159.10410000000002,2026-01-02 15:59:00,155.03,WEEK_END_CLOSE,3.3600000000000136,0.362529941088896
PLD,2025-12-31 00:00:00,2026-01-02 00:00:00,0.0349650349650349,4.0,2026-01-02 09:45:00,127.65,45.98370326429716,45.39284459776866,7,893.5500000000001,123.8205,131.4795,2026-01-02 15:59:00,129.04,WEEK_END_CLOSE,9.729999999999905,1.0889150019584681
MDT,2025-12-31 00:00:00,2026-01-02 00:00:00,0.0357142857142857,5.0,2026-01-02 09:50:00,95.46,39.10655280325636,37.153890864592334,10,954.5999999999999,92.5962,98.32379999999999,2026-01-02 15:59:00,96.05,WEEK_END_CLOSE,5.900000000000034,0.6180599203855053
USB,2025-12-31 00:00:00,2026-01-02 00:00:00,0.0121415654869542,2.0,2026-01-02 09:50:00,53.14,38.42908612810109,37.934480110515366,18,956.52,51.5458,54.7342,2026-01-02 15:59:00,53.92,WEEK_END_CLOSE,14.04000000000002,1.4678208505833679
APD,2025-12-31 00:00:00,2026-01-02 00:00:00,0.0869565217391304,9.0,2026-01-02 09:53:00,243.35,40.809966740952156,36.225485538496656,4,973.4,236.0495,250.6505,2026-01-02 14:36:00,250.6505,TAKE_PROFIT,29.201999999999998,3.0000000000000027
CDNS,2025-12-31 00:00:00,2026-01-02 00:00:00,0.1,10.0,2026-01-02 09:54:00,313.91,50.523427600034914,47.41704561885144,3,941.73,304.4927,323.32730000000004,2026-01-02 15:59:00,310.29,WEEK_END_CLOSE,-10.860000000000014,-1.153196776146026
ETN,2025-12-31 00:00:00,2026-01-02 00:00:00,0.0855949895615866,8.0,2026-01-02 10:19:00,326.505,58.70810813749314,57.41078442021213,3,979.515,316.70984999999996,336.30015000000003,2026-01-02 15:59:00,327.26,WEEK_END_CLOSE,2.2649999999999864,0.23123688764337125
APD,2025-12-31 00:00:00,2026-01-02 00:00:00,0.0869565217391304,9.0,2026-01-02 14:49:00,251.28,66.11413105304527,63.38852102174234,3,753.84,243.7416,258.8184,2026-01-02 15:59:00,250.51,WEEK_END_CLOSE,-2.3100000000000307,-0.306431072906721
KMI,2026-01-02 00:00:00,2026-01-05 00:00:00,0.0840064620355412,7.0,2026-01-05 09:46:00,27.575,40.561563916618255,35.98240859867985,36,992.6999999999999,26.74775,28.40225,2026-01-06 13:58:00,26.74775,STOP_LOSS,-29.780999999999977,-3.0000000000000027
MO,2026-01-02 00:00:00,2026-01-05 00:00:00,0.0679960771493952,4.0,2026-01-05 09:46:00,56.53,33.020943284560886,27.52624954983417,17,961.01,54.8341,58.2259,2026-01-06 12:32:00,54.8341,STOP_LOSS,-28.83030000000003,-3.0000000000000027
FDX,2026-01-02 00:00:00,2026-01-05 00:00:00,0.0044182621502209,1.0,2026-01-05 09:47:00,293.795,57.59630651756184,49.10216633592351,3,881.385,284.98115,302.60885,2026-01-06 10:06:00,302.75,TAKE_PROFIT_GAP,26.864999999999952,3.048043703943226
PEP,2026-01-02 00:00:00,2026-01-05 00:00:00,0.1805816135084428,10.0,2026-01-05 09:47:00,140.735,37.5807828591779,33.91240983230961,7,985.1450000000001,136.51295000000002,144.95705,2026-01-08 09:30:00,136.51295000000002,STOP_LOSS,-29.55434999999997,-2.9999999999999916
NFLX,2026-01-02 00:00:00,2026-01-05 00:00:00,0.1150705977028312,8.0,2026-01-05 10:00:00,91.74,50.878765799317236,50.39228712669103,10,917.4,88.9878,94.4922,2026-01-09 09:34:00,88.9878,STOP_LOSS,-27.52200000000002,-3.0000000000000027
CTAS,2026-01-02 00:00:00,2026-01-05 00:00:00,0.0833333333333333,6.0,2026-01-05 10:20:00,185.445,50.98589539398997,46.32847492657801,5,927.2249999999999,179.88164999999998,191.00835,2026-01-09 09:31:00,191.00835,TAKE_PROFIT,27.81675000000007,3.0000000000000027
SPGI,2026-01-02 00:00:00,2026-01-05 00:00:00,0.1219512195121951,9.0,2026-01-05 10:27:00,532.445,71.73763139387798,71.64297085314642,1,532.445,516.4716500000001,548.41835,2026-01-09 15:59:00,541.95,WEEK_END_CLOSE,9.504999999999995,1.7851609086384501
AON,2026-01-02 00:00:00,2026-01-05 00:00:00,0.074074074074074,5.0,2026-01-05 10:28:00,345.53,56.39560641511796,55.664853088783424,2,691.06,335.16409999999996,355.8959,2026-01-09 15:59:00,350.79,WEEK_END_CLOSE,10.520000000000095,1.5222990767806088
CMCSA,2026-01-02 00:00:00,2026-01-05 00:00:00,0.0622489959839357,3.0,2026-01-05 10:41:00,27.855,39.352950275076104,36.30146993100437,35,974.9250000000001,27.01935,28.69065,2026-01-05 11:23:00,28.69065,TAKE_PROFIT,29.24775000000004,3.0000000000000027
ABNB,2026-01-02 00:00:00,2026-01-05 00:00:00,0.035797064125676,2.0,2026-01-05 10:50:00,136.83,67.74191095489667,66.32240343300853,7,957.8100000000001,132.7251,140.93490000000003,2026-01-09 09:30:00,140.93490000000003,TAKE_PROFIT,28.734300000000104,3.0000000000000027
CMCSA,2026-01-02 00:00:00,2026-01-05 00:00:00,0.0622489959839357,3.0,2026-01-05 11:38:00,28.79,66.76842429356086,62.677317646217695,34,978.86,27.926299999999998,29.6537,2026-01-06 09:30:00,27.84,STOP_LOSS_GAP,-32.299999999999976,-3.2997568600208416
MPC,2026-01-05 00:00:00,2026-01-06 00:00:00,0.0994437661104327,8.0,2026-01-06 09:45:00,173.78,41.809952271407575,39.815723414940756,5,868.9,168.5666,178.9934,2026-01-09 15:59:00,176.26,WEEK_END_CLOSE,12.399999999999949,1.427091725169749
JCI,2026-01-05 00:00:00,2026-01-06 00:00:00,0.0105680317040951,1.0,2026-01-06 09:49:00,111.97,39.590690556240695,35.26020333653331,8,895.76,108.6109,115.3291,2026-01-07 09:31:00,115.3291,TAKE_PROFIT,26.872799999999984,3.0000000000000027
MDT,2026-01-05 00:00:00,2026-01-06 00:00:00,0.1148075668623613,9.0,2026-01-06 09:50:00,99.71,66.28575355946964,63.97512199339106,10,997.0999999999999,96.7187,102.70129999999999,2026-01-09 15:59:00,97.545,WEEK_END_CLOSE,-21.64999999999992,-2.1712967606057454
ITW,2026-01-05 00:00:00,2026-01-06 00:00:00,0.0317460317460317,3.0,2026-01-06 10:00:00,248.48,50.19015303996771,50.046705705044936,4,993.92,241.0256,255.93439999999998,2026-01-09 09:30:00,255.93439999999998,TAKE_PROFIT,29.81759999999997,3.0000000000000027
DHR,2026-01-05 00:00:00,2026-01-06 00:00:00,0.0389663658736669,4.0,2026-01-06 10:03:00,238.83,64.1213983503689,61.34208334229054,4,955.32,231.6651,245.99490000000003,2026-01-09 15:59:00,238.33,WEEK_END_CLOSE,-2.0,-0.20935393376041445
USB,2026-01-05 00:00:00,2026-01-06 00:00:00,0.1170473083197389,10.0,2026-01-06 10:06:00,55.46,47.85626151438683,45.4255508473492,18,998.28,53.7962,57.1238,2026-01-09 15:59:00,55.22,WEEK_END_CLOSE,-4.320000000000036,-0.43274432023080456
FDX,2026-01-05 00:00:00,2026-01-06 00:00:00,0.05678793256433,6.0,2026-01-06 10:22:00,303.37,63.02986975598572,60.22362360726549,3,910.11,294.2689,312.47110000000004,2026-01-08 10:04:00,312.47110000000004,TAKE_PROFIT,27.303300000000092,3.0000000000000027
ECL,2026-01-05 00:00:00,2026-01-06 00:00:00,0.0609756097560975,7.0,2026-01-06 10:30:00,268.21,64.31239015462565,63.088988935106435,3,804.6299999999999,260.16369999999995,276.2563,2026-01-09 15:59:00,271.73,WEEK_END_CLOSE,10.560000000000116,1.3124044591924289
DUK,2026-01-05 00:00:00,2026-01-06 00:00:00,0.0518479127891518,5.0,2026-01-06 10:37:00,116.67,50.78087219436681,48.99385283331943,8,933.36,113.1699,120.1701,2026-01-09 15:59:00,116.815,WEEK_END_CLOSE,1.1599999999999682,0.12428216336675124
WELL,2026-01-05 00:00:00,2026-01-06 00:00:00,0.031578947368421,2.0,2026-01-06 11:20:00,184.25,50.868165378465555,46.79170722521928,5,921.25,178.7225,189.7775,2026-01-09 10:04:00,189.7775,TAKE_PROFIT,27.637500000000017,3.0000000000000027
CMCSA,2026-01-06 00:00:00,2026-01-07 00:00:00,0.0737507525586995,7.0,2026-01-07 09:45:00,27.645,63.41644908260724,59.923595649779095,36,995.22,26.815649999999998,28.47435,2026-01-08 14:06:00,28.47435,TAKE_PROFIT,29.856600000000057,3.0000000000000027
FTNT,2026-01-06 00:00:00,2026-01-07 00:00:00,0.0809889173060528,10.0,2026-01-07 09:45:00,79.07,56.87287511946991,51.093705199053,12,948.8399999999999,76.69789999999999,81.4421,2026-01-09 15:59:00,79.2,WEEK_END_CLOSE,1.560000000000116,0.16441128114330628
MSI,2026-01-06 00:00:00,2026-01-07 00:00:00,0.0694444444444444,5.0,2026-01-07 09:47:00,380.2186,45.8159628179537,44.0084502967745,2,760.4372,368.81204199999996,391.625158,2026-01-09 15:59:00,383.29,WEEK_END_CLOSE,6.142800000000079,0.8077984612010036
NSC,2026-01-06 00:00:00,2026-01-07 00:00:00,0.0,1.0,2026-01-07 09:49:00,291.3,57.94925075532739,55.371847419810244,3,873.9000000000001,282.561,300.03900000000004,2026-01-09 15:59:00,287.21,WEEK_END_CLOSE,-12.270000000000095,-1.404050806728474
APH,2026-01-06 00:00:00,2026-01-07 00:00:00,0.0596990243095749,4.0,2026-01-07 10:03:00,139.315,52.93511550497265,51.53383071489946,7,975.2049999999999,135.13555,143.49445,2026-01-08 09:42:00,135.13555,STOP_LOSS,-29.25615000000002,-3.0000000000000027
CSX,2026-01-06 00:00:00,2026-01-07 00:00:00,0.0422343324250681,3.0,2026-01-07 10:26:00,35.435,39.0580072809368,35.19865122077844,28,992.1800000000001,34.37195,36.498050000000006,2026-01-09 15:59:00,35.19,WEEK_END_CLOSE,-6.860000000000127,-0.6914068011852792
WMB,2026-01-07 00:00:00,2026-01-08 00:00:00,0.0036231884057971,1.0,2026-01-08 09:45:00,60.8524,51.38517870608936,50.43612167842559,16,973.6384,59.026828,62.677972000000004,2026-01-09 15:59:00,60.31,WEEK_END_CLOSE,-8.67840000000001,-0.8913370713398372
MCK,2026-01-07 00:00:00,2026-01-08 00:00:00,0.0820189274447949,9.0,2026-01-08 10:02:00,833.515,54.76315308744378,52.24492665829342,1,833.515,808.50955,858.52045,2026-01-08 14:01:00,808.50955,STOP_LOSS,-25.005449999999996,-3.0000000000000027
PM,2026-01-07 00:00:00,2026-01-08 00:00:00,0.0839002267573696,10.0,2026-01-08 10:12:00,158.755,57.60717693775662,55.471157005020714,6,952.53,153.99235,163.51765,2026-01-09 15:59:00,162.66,WEEK_END_CLOSE,23.430000000000007,2.4597650467701904
KMI,2026-01-07 00:00:00,2026-01-08 00:00:00,0.0188102515871149,3.0,2026-01-08 10:15:00,27.25,56.35127215965095,50.64754910698583,36,981.0,26.4325,28.0675,2026-01-09 15:59:00,27.13,WEEK_END_CLOSE,-4.320000000000036,-0.4403669724770687
FDX,2026-01-07 00:00:00,2026-01-08 00:00:00,0.0148221343873517,2.0,2026-01-08 10:16:00,312.2,59.39652597837819,56.810736146129415,3,936.5999999999999,302.834,321.566,2026-01-09 15:59:00,312.36,WEEK_END_CLOSE,0.48000000000007503,0.05124919923127358
EQIX,2026-01-07 00:00:00,2026-01-08 00:00:00,0.0350877192982456,6.0,2026-01-08 10:53:00,778.69,51.85085239790897,50.14718536939102,1,778.69,755.3293,802.0507000000001,2026-01-09 10:33:00,802.48,TAKE_PROFIT_GAP,23.789999999999964,3.055131053435889
MCK,2026-01-07 00:00:00,2026-01-08 00:00:00,0.0820189274447949,9.0,2026-01-08 14:03:00,808.875,38.650796713296046,38.545816168681775,1,808.875,784.60875,833.14125,2026-01-09 15:59:00,816.17,WEEK_END_CLOSE,7.294999999999959,0.9018698810075776
AFL,2026-01-08 00:00:00,2026-01-09 00:00:00,0.0357142857142857,8.0,2026-01-09 09:45:00,110.08,48.55437636885699,46.40450853906292,9,990.72,106.77759999999999,113.3824,2026-01-09 15:59:00,109.23,WEEK_END_CLOSE,-7.649999999999949,-0.7721656976744096
ITW,2026-01-08 00:00:00,2026-01-09 00:00:00,0.0,1.0,2026-01-09 09:48:00,253.01,44.07023213926862,42.60837793312589,3,759.03,245.41969999999998,260.6003,2026-01-09 15:59:00,255.08,WEEK_END_CLOSE,6.210000000000065,0.8181494802577127
ORLY,2026-01-08 00:00:00,2026-01-09 00:00:00,0.0379746835443038,9.0,2026-01-09 09:51:00,92.42,58.44471161499045,52.18017288250883,10,924.2,89.6474,95.1926,2026-01-09 15:59:00,93.8,WEEK_END_CLOSE,13.799999999999955,1.4931832936593725
CTAS,2026-01-08 00:00:00,2026-01-09 00:00:00,0.0,2.0,2026-01-09 10:00:00,191.57,62.557949892131404,58.04381372325316,5,957.8499999999999,185.82289999999998,197.3171,2026-01-09 15:59:00,193.13,WEEK_END_CLOSE,7.800000000000011,0.8143237458892338
ICE,2026-01-08 00:00:00,2026-01-09 00:00:00,0.0196078431372549,5.0,2026-01-09 10:05:00,163.74,52.46664367833462,50.99197774225409,6,982.44,158.8278,168.65220000000002,2026-01-09 15:59:00,165.98,WEEK_END_CLOSE,13.439999999999884,1.3680224746549285
DDOG,2026-01-09 00:00:00,2026-01-12 00:00:00,0.0458440445586975,6.0,2026-01-12 09:45:00,124.7426,40.10791660275323,38.71544439320073,8,997.9408,121.000322,128.484878,2026-01-12 09:57:00,128.5,TAKE_PROFIT_GAP,30.059200000000033,3.012122562781272
FDX,2026-01-09 00:00:00,2026-01-12 00:00:00,0.0040840140023337,2.0,2026-01-12 09:45:00,312.06,57.093740112810025,49.6642503248746,3,936.1800000000001,302.6982,321.4218,2026-01-16 15:59:00,308.27,WEEK_END_CLOSE,-11.370000000000061,-1.2145100301224176
KMI,2026-01-09 00:00:00,2026-01-12 00:00:00,0.0920269734232447,10.0,2026-01-12 09:45:00,27.1737,51.55671895646612,49.23319422947242,36,978.2532,26.358489,27.988911,2026-01-16 15:59:00,27.95,WEEK_END_CLOSE,27.946799999999968,2.856806397362144
BSX,2026-01-09 00:00:00,2026-01-12 00:00:00,0.0909090909090909,9.0,2026-01-12 09:49:00,97.46,55.973698384739045,52.54476958888975,10,974.5999999999999,94.5362,100.3838,2026-01-13 09:36:00,94.5362,STOP_LOSS,-29.238,-3.0000000000000027
ADP,2026-01-09 00:00:00,2026-01-12 00:00:00,0.0616113744075829,8.0,2026-01-12 09:52:00,264.135,39.00548219544,38.37523209511855,3,792.405,256.21094999999997,272.05905,2026-01-14 09:35:00,256.21094999999997,STOP_LOSS,-23.772150000000067,-3.0000000000000138
MCK,2026-01-09 00:00:00,2026-01-12 00:00:00,0.0444444444444444,5.0,2026-01-12 09:56:00,827.02,55.58050569091406,54.241828128538806,1,827.02,802.2094,851.8306,2026-01-16 15:59:00,840.61,WEEK_END_CLOSE,13.590000000000032,1.6432492563662304
DHR,2026-01-09 00:00:00,2026-01-12 00:00:00,0.0016863406408094,1.0,2026-01-12 10:05:00,238.97,60.113640585994084,58.31884398789794,4,955.88,231.80089999999998,246.1391,2026-01-13 12:36:00,231.80089999999998,STOP_LOSS,-28.676400000000058,-3.0000000000000027
SPGI,2026-01-09 00:00:00,2026-01-12 00:00:00,0.0089285714285714,3.0,2026-01-12 10:09:00,543.045,50.59009968956617,47.78192037693578,1,543.045,526.75365,559.3363499999999,2026-01-16 15:59:00,546.3,WEEK_END_CLOSE,3.2549999999999955,0.5993978399580158
MSI,2026-01-09 00:00:00,2026-01-12 00:00:00,0.058252427184466,7.0,2026-01-12 10:11:00,385.83,56.46072781530037,51.947425933750424,2,771.66,374.25509999999997,397.4049,2026-01-16 11:19:00,397.4049,TAKE_PROFIT,23.149800000000027,3.0000000000000027
DDOG,2026-01-09 00:00:00,2026-01-12 00:00:00,0.0458440445586975,6.0,2026-01-12 10:13:00,127.0951,50.19952122552574,47.771840441285434,7,889.6657,123.282247,130.907953,2026-01-14 09:42:00,123.282247,STOP_LOSS,-26.68997100000003,-3.0000000000000027
CB,2026-01-09 00:00:00,2026-01-12 00:00:00,0.0253807106598984,4.0,2026-01-12 10:26:00,308.22,48.1598340907581,46.571671005013094,3,924.6600000000001,298.9734,317.4666,2026-01-16 15:59:00,300.75,WEEK_END_CLOSE,-22.410000000000082,-2.4235935370839123
EMR,2026-01-12 00:00:00,2026-01-13 00:00:00,0.0398671096345514,5.0,2026-01-13 09:46:00,146.51,59.305689601183666,55.488272888409114,6,879.06,142.1147,150.90529999999998,2026-01-15 09:32:00,150.90529999999998,TAKE_PROFIT,26.37179999999995,3.0000000000000027
JCI,2026-01-12 00:00:00,2026-01-13 00:00:00,0.0211267605633802,1.0,2026-01-13 09:48:00,111.72,51.50582679902586,50.299686904335395,8,893.76,108.3684,115.0716,2026-01-16 11:21:00,115.0716,TAKE_PROFIT,26.81280000000004,3.0000000000000027
ICE,2026-01-12 00:00:00,2026-01-13 00:00:00,0.0244252873563218,3.0,2026-01-13 09:50:00,165.67,43.3652590861555,42.09044817906293,6,994.02,160.69989999999999,170.6401,2026-01-14 12:03:00,170.6401,TAKE_PROFIT,29.820600000000013,3.0000000000000027
PLD,2026-01-12 00:00:00,2026-01-13 00:00:00,0.0803571428571428,8.0,2026-01-13 09:56:00,128.57,44.311710514688805,40.073142879949536,7,899.99,124.71289999999999,132.4271,2026-01-15 09:30:00,132.65,TAKE_PROFIT_GAP,28.560000000000088,3.1733685929843825
AMT,2026-01-12 00:00:00,2026-01-13 00:00:00,0.0808678500986193,9.0,2026-01-13 10:14:00,170.29,51.28511837459908,49.901573080985955,5,851.4499999999999,165.1813,175.3987,2026-01-14 09:31:00,175.3987,TAKE_PROFIT,25.543499999999995,3.0000000000000027
TMO,2026-01-12 00:00:00,2026-01-13 00:00:00,0.0571428571428571,7.0,2026-01-13 10:18:00,614.02,59.60275076436665,55.62897178562711,1,614.02,595.5994,632.4406,2026-01-13 13:10:00,595.5994,STOP_LOSS,-18.420600000000036,-3.0000000000000027
MPC,2026-01-12 00:00:00,2026-01-13 00:00:00,0.0228484386900228,2.0,2026-01-13 10:20:00,177.615,56.02329536563629,55.62385886393298,5,888.075,172.28655,182.94345,2026-01-14 14:52:00,182.94345,TAKE_PROFIT,26.64225000000002,3.0000000000000027
CRH,2026-01-12 00:00:00,2026-01-13 00:00:00,0.0881024096385542,10.0,2026-01-13 10:21:00,126.76,43.17193008523961,42.06612927767978,7,887.32,122.9572,130.5628,2026-01-14 11:58:00,122.9572,STOP_LOSS,-26.619600000000034,-3.0000000000000027
TMO,2026-01-12 00:00:00,2026-01-13 00:00:00,0.0571428571428571,7.0,2026-01-13 13:13:00,597.63,38.138890343391054,36.766909086320375,1,597.63,579.7011,615.5589,2026-01-14 09:36:00,615.5589,TAKE_PROFIT,17.9289,3.0000000000000027
PCAR,2026-01-13 00:00:00,2026-01-14 00:00:00,0.1111111111111111,8.0,2026-01-14 09:48:00,119.99,56.931239157713165,56.76449572538634,8,959.92,116.3903,123.5897,2026-01-16 15:59:00,121.37,WEEK_END_CLOSE,11.040000000000077,1.150095841320109
CDNS,2026-01-13 00:00:00,2026-01-14 00:00:00,0.0503355704697986,3.0,2026-01-14 09:54:00,315.03,39.809821695489504,38.165274081097564,3,945.0899999999999,305.5791,324.48089999999996,2026-01-15 09:45:00,324.48089999999996,TAKE_PROFIT,28.35269999999997,3.0000000000000027
COP,2026-01-13 00:00:00,2026-01-14 00:00:00,0.1067143221853459,7.0,2026-01-14 10:06:00,100.02,65.19116284646898,60.43182137741634,9,900.18,97.01939999999999,103.0206,2026-01-16 15:59:00,98.18,WEEK_END_CLOSE,-16.559999999999903,-1.8396320735852734
SCHW,2026-01-13 00:00:00,2026-01-14 00:00:00,0.0787316942093242,4.0,2026-01-14 10:06:00,99.9488,45.93922611054554,44.121720824208026,10,999.488,96.95033600000001,102.947264,2026-01-15 09:36:00,102.947264,TAKE_PROFIT,29.984639999999985,3.0000000000000027
MO,2026-01-13 00:00:00,2026-01-14 00:00:00,0.0892975480450629,5.0,2026-01-14 10:07:00,60.75,64.18237035786109,63.194152351324156,16,972.0,58.927499999999995,62.572500000000005,2026-01-16 15:59:00,61.76,WEEK_END_CLOSE,16.159999999999968,1.6625514403292074
RSG,2026-01-13 00:00:00,2026-01-14 00:00:00,0.1183431952662721,9.0,2026-01-14 10:12:00,210.62,60.46884012481496,54.112490218721135,4,842.48,204.3014,216.9386,2026-01-16 15:59:00,210.94,WEEK_END_CLOSE,1.2799999999999727,0.1519323900864178
HWM,2026-01-13 00:00:00,2026-01-14 00:00:00,0.09375,6.0,2026-01-14 10:42:00,219.96,53.15450490903998,49.555583812349866,4,879.84,213.3612,226.55880000000002,2026-01-15 11:18:00,226.55880000000002,TAKE_PROFIT,26.395200000000045,3.0000000000000027
PEP,2026-01-13 00:00:00,2026-01-14 00:00:00,0.1229797979797979,10.0,2026-01-14 10:42:00,145.855,64.9087610155994,63.37777399614606,6,875.1299999999999,141.47934999999998,150.23065,2026-01-16 15:59:00,146.31,WEEK_END_CLOSE,2.730000000000075,0.31195365260019425
AEP,2026-01-14 00:00:00,2026-01-15 00:00:00,0.01859410430839,2.0,2026-01-15 09:45:00,118.06,49.685978412375356,44.614785455601215,8,944.48,114.5182,121.60180000000001,2026-01-16 15:59:00,119.96,WEEK_END_CLOSE,15.199999999999932,1.609351177367424
LIN,2026-01-14 00:00:00,2026-01-15 00:00:00,0.019873532068654,3.0,2026-01-15 09:45:00,441.015,56.770724191980634,54.879644911473065,2,882.03,427.78454999999997,454.24545,2026-01-16 15:59:00,438.94,WEEK_END_CLOSE,-4.149999999999977,-0.47050553836036624
AFL,2026-01-14 00:00:00,2026-01-15 00:00:00,0.0014430014430014,1.0,2026-01-15 09:49:00,110.45,54.8613252525952,53.63340067543127,9,994.0500000000001,107.1365,113.76350000000001,2026-01-16 15:59:00,109.5,WEEK_END_CLOSE,-8.550000000000026,-0.860117700316887
T,2026-01-14 00:00:00,2026-01-15 00:00:00,0.0739386427022001,10.0,2026-01-15 09:55:00,23.57,53.79809079476811,44.190175398480235,42,989.94,22.8629,24.2771,2026-01-16 15:59:00,23.495,WEEK_END_CLOSE,-3.14999999999997,-0.3182011030971599
ROST,2026-01-14 00:00:00,2026-01-15 00:00:00,0.0298507462686567,7.0,2026-01-15 10:01:00,193.305,71.55047120828324,63.450151122230444,5,966.5250000000001,187.50585,199.10415,2026-01-16 15:59:00,192.35,WEEK_END_CLOSE,-4.7750000000000625,-0.4940379193502542
CME,2026-01-14 00:00:00,2026-01-15 00:00:00,0.0557575757575757,9.0,2026-01-15 10:09:00,273.43,52.108451549146714,47.252692199283615,3,820.29,265.2271,281.6329,2026-01-16 15:59:00,279.52,WEEK_END_CLOSE,18.269999999999925,2.227261090589905
WMB,2026-01-14 00:00:00,2026-01-15 00:00:00,0.027923917442331,6.0,2026-01-15 10:33:00,60.78,54.344436828087034,48.57909682170623,16,972.48,58.9566,62.6034,2026-01-16 15:59:00,61.54,WEEK_END_CLOSE,12.159999999999968,1.2504113195130007
ETN,2026-01-14 00:00:00,2026-01-15 00:00:00,0.0440134278254382,8.0,2026-01-15 10:58:00,336.88,56.86945943350726,49.62208423286395,2,673.76,326.7736,346.9864,2026-01-16 10:03:00,346.9864,TAKE_PROFIT,20.212800000000016,3.0000000000000027
EMR,2026-01-15 00:00:00,2026-01-16 00:00:00,0.0260115606936416,4.0,2026-01-16 09:52:00,149.74,57.69260433869792,54.89005108412477,6,898.44,145.2478,154.2322,2026-01-16 15:59:00,149.44,WEEK_END_CLOSE,-1.8000000000000682,-0.2003472685989105
CSX,2026-01-15 00:00:00,2026-01-16 00:00:00,0.0193423597678916,3.0,2026-01-16 09:56:00,36.34,51.007132511866295,50.353558773414086,27,981.1800000000001,35.2498,37.430200000000006,2026-01-16 15:59:00,36.235,WEEK_END_CLOSE,-2.8350000000001074,-0.2889378095762396
AON,2026-01-15 00:00:00,2026-01-16 00:00:00,0.0526315789473684,7.0,2026-01-16 10:04:00,342.04,51.332577204004075,49.46908333902741,2,684.08,331.7788,352.30120000000005,2026-01-16 15:59:00,343.87,WEEK_END_CLOSE,3.659999999999968,0.5350251432580944
CMCSA,2026-01-15 00:00:00,2026-01-16 00:00:00,0.0021736643404644,1.0,2026-01-16 10:10:00,27.97,56.66875692023056,38.32944303718135,35,978.9499999999999,27.130899999999997,28.8091,2026-01-16 15:59:00,27.82,WEEK_END_CLOSE,-5.24999999999995,-0.5362888809438582
MCO,2026-01-15 00:00:00,2026-01-16 00:00:00,0.08,10.0,2026-01-16 10:14:00,536.84,53.24961038155252,51.50194778647129,1,536.84,520.7348000000001,552.9452,2026-01-16 15:59:00,538.87,WEEK_END_CLOSE,2.0299999999999727,0.378138737798972
KMI,2026-01-16 00:00:00,2026-01-20 00:00:00,0.0242252291575731,8.0,2026-01-20 09:49:00,27.975,47.66295678172511,47.15370774295324,35,979.125,27.13575,28.81425,2026-01-22 09:30:00,29.13,TAKE_PROFIT_GAP,40.42499999999991,4.128686327077746
MDLZ,2026-01-16 00:00:00,2026-01-20 00:00:00,0.0084602368866328,5.0,2026-01-20 09:49:00,57.22,53.59749594851833,47.54972791398327,17,972.74,55.5034,58.9366,2026-01-23 15:59:00,58.39,WEEK_END_CLOSE,19.89000000000003,2.044739601537926
PH,2026-01-16 00:00:00,2026-01-20 00:00:00,0.0175284837861524,6.0,2026-01-20 09:50:00,931.3,43.04100909924089,42.54992852651597,1,931.3,903.3609999999999,959.239,2026-01-23 15:59:00,928.0,WEEK_END_CLOSE,-3.2999999999999545,-0.3543433909588667
TEL,2026-01-16 00:00:00,2026-01-20 00:00:00,0.0257510729613733,9.0,2026-01-20 09:50:00,238.08,40.511631807901,38.00502334233075,4,952.32,230.9376,245.22240000000002,2026-01-21 09:30:00,226.79,STOP_LOSS_GAP,-45.16000000000008,-4.742103494623661
APO,2026-01-16 00:00:00,2026-01-20 00:00:00,0.0051849291393017,3.0,2026-01-20 09:51:00,142.34,45.27657105070328,43.259583034099926,7,996.38,138.0698,146.61020000000002,2026-01-23 09:44:00,138.0698,STOP_LOSS,-29.891400000000118,-3.0000000000000138
ALL,2026-01-16 00:00:00,2026-01-20 00:00:00,0.0204081632653061,7.0,2026-01-20 09:54:00,194.555,54.179404443508744,51.988270837769086,5,972.7750000000001,188.71835000000002,200.39165,2026-01-23 15:59:00,193.61,WEEK_END_CLOSE,-4.724999999999966,-0.48572383130733865
AEP,2026-01-16 00:00:00,2026-01-20 00:00:00,0.0051260145237078,2.0,2026-01-20 10:01:00,118.5,41.545225783329215,41.437360941720655,8,948.0,114.945,122.055,2026-01-23 15:59:00,116.62,WEEK_END_CLOSE,-15.039999999999964,-1.5864978902953575
SPGI,2026-01-16 00:00:00,2026-01-20 00:00:00,0.0265486725663716,10.0,2026-01-20 10:02:00,541.41,39.84002689654431,39.70576152675043,1,541.41,525.1677,557.6523,2026-01-20 13:15:00,525.1677,STOP_LOSS,-16.2423,-3.0000000000000027
FDX,2026-01-16 00:00:00,2026-01-20 00:00:00,0.0083876980428704,4.0,2026-01-20 10:13:00,308.05,45.79020130693056,42.72597840249268,3,924.1500000000001,298.8085,317.29150000000004,2026-01-23 15:59:00,304.04,WEEK_END_CLOSE,-12.029999999999973,-1.3017367310501515
PCAR,2026-01-16 00:00:00,2026-01-20 00:00:00,0.0,1.0,2026-01-20 10:15:00,119.79,49.497491162675445,45.29173244943218,8,958.32,116.19630000000001,123.3837,2026-01-21 14:31:00,123.3837,TAKE_PROFIT,28.749599999999987,3.0000000000000027
SPGI,2026-01-16 00:00:00,2026-01-20 00:00:00,0.0265486725663716,10.0,2026-01-20 13:16:00,525.32,34.67531997184139,32.64974887711862,1,525.32,509.5604,541.0796,2026-01-23 09:30:00,541.0796,TAKE_PROFIT,15.759599999999978,3.0000000000000027
CVS,2026-01-20 00:00:00,2026-01-21 00:00:00,0.0230400144848814,3.0,2026-01-21 09:45:00,80.66,55.430334091053794,55.16236642090428,12,967.92,78.2402,83.07979999999999,2026-01-23 14:40:00,83.07979999999999,TAKE_PROFIT,29.03759999999994,3.0000000000000027
MRSH,2026-01-20 00:00:00,2026-01-21 00:00:00,0.0313725490196078,4.0,2026-01-21 09:46:00,181.06,50.87859816077454,46.53252881384801,5,905.3,175.6282,186.4918,2026-01-23 15:59:00,183.13,WEEK_END_CLOSE,10.349999999999966,1.1432674251629305
AON,2026-01-20 00:00:00,2026-01-21 00:00:00,0.0439560439560439,5.0,2026-01-21 09:47:00,340.72,55.653220734036196,51.34913968742733,2,681.44,330.4984,350.94160000000005,2026-01-22 09:33:00,330.4984,STOP_LOSS,-20.443200000000047,-3.0000000000000027
SO,2026-01-20 00:00:00,2026-01-21 00:00:00,0.0883392226148409,9.0,2026-01-21 09:49:00,89.2,56.45371756848331,53.868241529008365,11,981.2,86.524,91.876,2026-01-23 15:59:00,87.53,WEEK_END_CLOSE,-18.37000000000002,-1.8721973094170452
CTAS,2026-01-20 00:00:00,2026-01-21 00:00:00,0.0134328358208955,1.0,2026-01-21 09:55:00,194.475,55.89215592900172,54.139064048553145,5,972.375,188.64075,200.30925,2026-01-23 15:59:00,192.9,WEEK_END_CLOSE,-7.874999999999943,-0.8098727342846113
HPE,2026-01-20 00:00:00,2026-01-21 00:00:00,0.0914454277286135,10.0,2026-01-21 09:56:00,20.685,59.044442456780445,58.654577227449515,48,992.8799999999999,20.064449999999997,21.30555,2026-01-22 09:30:00,21.30555,TAKE_PROFIT,29.78640000000007,3.0000000000000027
BSX,2026-01-20 00:00:00,2026-01-21 00:00:00,0.0792264504054897,8.0,2026-01-21 09:57:00,91.305,54.66374476688071,52.29730845840421,10,913.0500000000001,88.56585,94.04415000000002,2026-01-23 15:59:00,92.5,WEEK_END_CLOSE,11.949999999999932,1.308800175236846
SYK,2026-01-20 00:00:00,2026-01-21 00:00:00,0.0646879756468797,7.0,2026-01-21 09:59:00,362.43,58.64350121868422,54.104398062797486,2,724.86,351.5571,373.3029,2026-01-23 10:23:00,351.5571,STOP_LOSS,-21.74580000000003,-3.0000000000000027
CDNS,2026-01-20 00:00:00,2026-01-21 00:00:00,0.0539772727272727,6.0,2026-01-21 10:16:00,310.4358,58.152484650734074,56.09151875914977,3,931.3073999999999,301.12272599999994,319.748874,2026-01-23 10:31:00,319.748874,TAKE_PROFIT,27.939222000000086,3.0000000000000027
ICE,2026-01-21 00:00:00,2026-01-22 00:00:00,0.0388349514563106,4.0,2026-01-22 09:45:00,172.185,47.68690504949656,43.954702913304004,5,860.925,167.01945,177.35055,2026-01-23 15:59:00,172.9,WEEK_END_CLOSE,3.575000000000017,0.41525103812760644
ITW,2026-01-21 00:00:00,2026-01-22 00:00:00,0.032258064516129,3.0,2026-01-22 09:45:00,261.17,54.58783793265834,51.35315769508669,3,783.51,253.3349,269.0051,2026-01-23 15:59:00,258.25,WEEK_END_CLOSE,-8.760000000000048,-1.118045717348859
CME,2026-01-21 00:00:00,2026-01-22 00:00:00,0.0543478260869565,7.0,2026-01-22 09:46:00,279.475,49.898135544975005,48.2036986239873,3,838.4250000000001,271.09075,287.85925000000003,2026-01-23 15:59:00,282.73,WEEK_END_CLOSE,9.764999999999986,1.1646837820914246
WMB,2026-01-21 00:00:00,2026-01-22 00:00:00,0.0808823529411764,10.0,2026-01-22 09:48:00,63.63,59.60661416917537,58.11029470315083,15,954.45,61.7211,65.5389,2026-01-23 15:59:00,64.96,WEEK_END_CLOSE,19.949999999999868,2.0902090209020674
VZ,2026-01-21 00:00:00,2026-01-22 00:00:00,0.04297273124363,5.0,2026-01-22 09:49:00,39.36,55.00802611734444,51.25959819601952,25,984.0,38.1792,40.5408,2026-01-23 15:59:00,39.52,WEEK_END_CLOSE,4.000000000000092,0.40650406504065817
MDT,2026-01-21 00:00:00,2026-01-22 00:00:00,0.0235294117647058,2.0,2026-01-22 09:58:00,100.73,49.1097066488916,47.984176336288904,9,906.57,97.7081,103.7519,2026-01-23 15:59:00,100.91,WEEK_END_CLOSE,1.6199999999999335,0.17869552268439115
DUK,2026-01-21 00:00:00,2026-01-22 00:00:00,0.065563725490196,8.0,2026-01-22 10:17:00,118.185,45.75860606892745,42.944150560162214,8,945.48,114.63945,121.73055000000001,2026-01-23 15:59:00,117.42,WEEK_END_CLOSE,-6.1200000000000045,-0.6472902652620904
ROST,2026-01-21 00:00:00,2026-01-22 00:00:00,0.0227272727272727,1.0,2026-01-22 10:20:00,190.295,45.53032926299673,45.359218506704146,5,951.4749999999999,184.58614999999998,196.00385,2026-01-23 15:59:00,188.505,WEEK_END_CLOSE,-8.94999999999996,-0.9406447883549163
RSG,2026-01-22 00:00:00,2026-01-23 00:00:00,0.0080645161290322,1.0,2026-01-23 09:45:00,216.48,57.15963539436118,53.83638231989144,4,865.92,209.98559999999998,222.9744,2026-01-23 15:59:00,217.6,WEEK_END_CLOSE,4.480000000000018,0.5173688100517326
UPS,2026-01-22 00:00:00,2026-01-23 00:00:00,0.0504749487800335,5.0,2026-01-23 09:56:00,108.62,47.14867616178138,45.87216336727037,9,977.58,105.3614,111.8786,2026-01-23 15:59:00,107.94,WEEK_END_CLOSE,-6.120000000000061,-0.6260357208617284
SPGI,2026-01-22 00:00:00,2026-01-23 00:00:00,0.064516129032258,7.0,2026-01-23 09:57:00,537.44,50.70511157544012,50.154037213091186,1,537.44,521.3168000000001,553.5632,2026-01-23 15:59:00,533.6,WEEK_END_CLOSE,-3.840000000000032,-0.7144983626079293
CMCSA,2026-01-22 00:00:00,2026-01-23 00:00:00,0.0610367892976588,6.0,2026-01-23 10:05:00,28.95,51.624363427235494,51.601552505149016,34,984.3,28.0815,29.8185,2026-01-23 15:59:00,29.32,WEEK_END_CLOSE,12.580000000000034,1.2780656303972293
SPG,2026-01-22 00:00:00,2026-01-23 00:00:00,0.0859375,8.0,2026-01-23 10:41:00,184.24,48.30631796256061,48.08381944989339,5,921.2,178.71280000000002,189.7672,2026-01-23 15:59:00,184.74,WEEK_END_CLOSE,2.5,0.2713851498046038
CDNS,2026-01-22 00:00:00,2026-01-23 00:00:00,0.0391173520561685,4.0,2026-01-23 10:48:00,319.44,59.360643697483795,56.8503471584537,3,958.3199999999999,309.85679999999996,329.02320000000003,2026-01-23 15:59:00,318.24,WEEK_END_CLOSE,-3.599999999999966,-0.37565740045079066
AJG,2026-01-23 00:00:00,2026-01-26 00:00:00,0.0310077519379844,3.0,2026-01-26 09:47:00,254.4,58.430898989630315,57.56331251080118,3,763.2,246.768,262.03200000000004,2026-01-27 09:35:00,246.768,STOP_LOSS,-22.896000000000015,-3.0000000000000027
SPGI,2026-01-23 00:00:00,2026-01-26 00:00:00,0.005524861878453,1.0,2026-01-26 09:47:00,533.35,51.18146794458442,50.991094504054026,1,533.35,517.3495,549.3505,2026-01-30 15:59:00,527.98,WEEK_END_CLOSE,-5.3700000000000045,-1.0068435361395012
KKR,2026-01-23 00:00:00,2026-01-26 00:00:00,0.0583941605839416,7.0,2026-01-26 09:49:00,121.135,51.42052482008278,51.30004257175279,8,969.08,117.50095,124.76905000000001,2026-01-26 11:00:00,117.50095,STOP_LOSS,-29.072400000000016,-3.0000000000000027
BSX,2026-01-23 00:00:00,2026-01-26 00:00:00,0.0747126436781609,10.0,2026-01-26 09:54:00,92.985,64.4194117540456,62.46031436873032,10,929.85,90.19545,95.77455,2026-01-30 15:59:00,93.59,WEEK_END_CLOSE,6.05000000000004,0.6506425767596857
CRH,2026-01-23 00:00:00,2026-01-26 00:00:00,0.0364963503649635,6.0,2026-01-26 09:54:00,123.95,61.62854881218049,59.276243216899715,8,991.6,120.2315,127.66850000000001,2026-01-30 15:59:00,122.43,WEEK_END_CLOSE,-12.159999999999968,-1.2263009277934667
MDLZ,2026-01-23 00:00:00,2026-01-26 00:00:00,0.018348623853211,2.0,2026-01-26 09:54:00,58.715,61.23999896347274,60.73040675554349,17,998.1550000000001,56.95355,60.47645000000001,2026-01-30 15:59:00,58.5,WEEK_END_CLOSE,-3.655000000000058,-0.3661755939708855
GD,2026-01-23 00:00:00,2026-01-26 00:00:00,0.0672268907563025,8.0,2026-01-26 10:02:00,363.4243,52.38377607265524,48.228010429679635,2,726.8486,352.521571,374.32702900000004,2026-01-28 09:31:00,351.79,STOP_LOSS_GAP,-23.268599999999992,-3.201299417787973
FDX,2026-01-23 00:00:00,2026-01-26 00:00:00,0.0323275862068965,4.0,2026-01-26 10:04:00,302.3775,46.26618110636588,45.68840851292984,3,907.1324999999999,293.306175,311.448825,2026-01-27 09:58:00,311.448825,TAKE_PROFIT,27.213975000000005,3.0000000000000027
CI,2026-01-23 00:00:00,2026-01-26 00:00:00,0.0730337078651685,9.0,2026-01-26 10:13:00,277.9,47.538271026502166,47.49652375189303,3,833.6999999999999,269.563,286.23699999999997,2026-01-28 09:30:00,268.9,STOP_LOSS_GAP,-27.0,-3.238575026988122
CDNS,2026-01-23 00:00:00,2026-01-26 00:00:00,0.0333642261353104,5.0,2026-01-26 11:03:00,321.95,59.19328343744411,57.43977462858659,3,965.8499999999999,312.2915,331.6085,2026-01-29 09:30:00,312.2915,STOP_LOSS,-28.97550000000001,-3.0000000000000027
KKR,2026-01-23 00:00:00,2026-01-26 00:00:00,0.0583941605839416,7.0,2026-01-26 11:06:00,117.505,37.045770979320544,35.905174022360754,8,940.04,113.97985,121.03014999999999,2026-01-29 13:01:00,113.97985,STOP_LOSS,-28.20119999999997,-2.9999999999999916
ICE,2026-01-26 00:00:00,2026-01-27 00:00:00,0.0165562913907284,3.0,2026-01-27 09:46:00,174.415,46.60571222839856,46.1747583407353,5,872.0749999999999,169.18255,179.64745,2026-01-30 15:59:00,173.82,WEEK_END_CLOSE,-2.9749999999999943,-0.3411403835679283
AMT,2026-01-26 00:00:00,2026-01-27 00:00:00,0.0265420560747663,5.0,2026-01-27 09:50:00,178.22,44.523379993066214,39.22107469794715,5,891.1,172.8734,183.5666,2026-01-30 15:59:00,179.3,WEEK_END_CLOSE,5.4000000000000625,0.6059925934238652
AFL,2026-01-26 00:00:00,2026-01-27 00:00:00,0.0260416666666666,4.0,2026-01-27 09:52:00,108.9799,57.1844225188495,51.63400612319396,9,980.8191,105.710503,112.249297,2026-01-30 15:59:00,110.97,WEEK_END_CLOSE,17.910899999999984,1.8261165591086037
CB,2026-01-26 00:00:00,2026-01-27 00:00:00,0.0617283950617283,9.0,2026-01-27 09:52:00,303.61,53.882473112249734,49.82479158405042,3,910.83,294.5017,312.7183,2026-01-30 15:59:00,309.67,WEEK_END_CLOSE,18.180000000000007,1.9959816870326996
WELL,2026-01-26 00:00:00,2026-01-27 00:00:00,0.0533333333333333,7.0,2026-01-27 09:52:00,183.78,47.69145126442022,45.70309564172874,5,918.9,178.26659999999998,189.29340000000002,2026-01-30 15:59:00,188.32,WEEK_END_CLOSE,22.69999999999996,2.4703449776907194
PLD,2026-01-26 00:00:00,2026-01-27 00:00:00,0.0614574187884108,8.0,2026-01-27 10:00:00,126.255,44.894841010303566,43.5438636828488,7,883.785,122.46735,130.04265,2026-01-29 14:10:00,130.04265,TAKE_PROFIT,26.513550000000095,3.0000000000000027
USB,2026-01-26 00:00:00,2026-01-27 00:00:00,0.0768970189701897,10.0,2026-01-27 10:00:00,56.155,53.93011278632862,48.4596612065549,17,954.635,54.470349999999996,57.839650000000006,2026-01-30 15:59:00,56.12,WEEK_END_CLOSE,-0.5950000000000628,-0.06232748642152064
APD,2026-01-26 00:00:00,2026-01-27 00:00:00,0.0285714285714285,6.0,2026-01-27 10:02:00,262.105,48.2972401358938,45.66738860641436,3,786.315,254.24185,269.96815000000004,2026-01-28 14:37:00,254.24185,STOP_LOSS,-23.589450000000056,-3.0000000000000027
ITW,2026-01-26 00:00:00,2026-01-27 00:00:00,0.0071174377224199,2.0,2026-01-27 10:35:00,258.96,49.8398125336046,47.59214632842824,3,776.8799999999999,251.19119999999998,266.7288,2026-01-30 15:59:00,261.3,WEEK_END_CLOSE,7.0200000000000955,0.9036144578313365
HLT,2026-01-27 00:00:00,2026-01-28 00:00:00,0.1428571428571428,9.0,2026-01-28 09:48:00,297.33,63.16743765202224,60.52367095369151,3,891.99,288.4101,306.24989999999997,2026-01-30 15:59:00,298.52,WEEK_END_CLOSE,3.569999999999993,0.40022870211549044
FTNT,2026-01-27 00:00:00,2026-01-28 00:00:00,0.127565982404692,7.0,2026-01-28 10:01:00,82.335,54.35656400989828,50.77755402252287,12,988.02,79.86495,84.80505,2026-01-29 10:59:00,79.86495,STOP_LOSS,-29.640600000000006,-3.0000000000000027
CTAS,2026-01-27 00:00:00,2026-01-28 00:00:00,0.1428571428571428,8.0,2026-01-28 10:02:00,190.398,50.03862876156333,48.65739606794711,5,951.99,184.68606,196.10994,2026-01-30 15:59:00,191.36,WEEK_END_CLOSE,4.8100000000000875,0.505257408166071
ECL,2026-01-27 00:00:00,2026-01-28 00:00:00,0.0625,3.0,2026-01-28 10:07:00,280.39,50.11556431258907,40.15842824268673,3,841.17,271.9783,288.8017,2026-01-30 15:59:00,282.06,WEEK_END_CLOSE,5.010000000000048,0.59559898712509
AEP,2026-01-27 00:00:00,2026-01-28 00:00:00,0.117750439367311,6.0,2026-01-28 10:10:00,119.18,49.45587052735382,48.22391929996077,8,953.44,115.6046,122.75540000000001,2026-01-30 15:59:00,119.781,WEEK_END_CLOSE,4.807999999999993,0.5042792414834629
HON,2026-01-27 00:00:00,2026-01-28 00:00:00,0.1437019515079834,10.0,2026-01-28 10:20:00,218.96,42.55531982634064,39.57235263252706,4,875.84,212.3912,225.52880000000002,2026-01-29 09:42:00,225.52880000000002,TAKE_PROFIT,26.27520000000004,3.0000000000000027
FDX,2026-01-28 00:00:00,2026-01-29 00:00:00,0.1039697542533081,10.0,2026-01-29 09:45:00,316.84,50.55097901148799,49.52159464521435,3,950.52,307.3348,326.3452,2026-01-30 15:59:00,322.27,WEEK_END_CLOSE,16.29000000000002,1.7137987627824813
SO,2026-01-28 00:00:00,2026-01-29 00:00:00,0.0391061452513966,1.0,2026-01-29 09:45:00,88.85,52.43555465533269,52.08467318095468,11,977.3499999999999,86.18449999999999,91.5155,2026-01-30 15:59:00,89.34,WEEK_END_CLOSE,5.3900000000001,0.5514912774338798
APD,2026-01-28 00:00:00,2026-01-29 00:00:00,0.0670391061452514,6.0,2026-01-29 09:49:00,257.72,60.03889797298939,55.15198024391735,3,773.1600000000001,249.9884,265.45160000000004,2026-01-30 09:30:00,267.35,TAKE_PROFIT_GAP,28.889999999999986,3.736613378860776
TEL,2026-01-28 00:00:00,2026-01-29 00:00:00,0.1034482758620689,9.0,2026-01-29 09:52:00,225.17,55.09470611018098,53.06560263334719,4,900.68,218.4149,231.9251,2026-01-30 15:59:00,222.73,WEEK_END_CLOSE,-9.759999999999991,-1.0836257050228726
AJG,2026-01-28 00:00:00,2026-01-29 00:00:00,0.0512820512820512,5.0,2026-01-29 09:54:00,245.255,53.87177890962818,52.88510917969209,4,981.02,237.89735,252.61265,2026-01-30 09:32:00,252.61265,TAKE_PROFIT,29.430600000000027,3.0000000000000027
SPG,2026-01-28 00:00:00,2026-01-29 00:00:00,0.048689138576779,4.0,2026-01-29 09:54:00,185.01,57.14106328400714,53.411499756729896,5,925.05,179.4597,190.56029999999998,2026-01-30 09:44:00,190.56029999999998,TAKE_PROFIT,27.751499999999965,3.0000000000000027
KMI,2026-01-28 00:00:00,2026-01-29 00:00:00,0.039212885254098,2.0,2026-01-29 09:56:00,30.445,59.62582370824185,58.433073142023545,32,974.24,29.53165,31.35835,2026-01-30 15:59:00,30.48,WEEK_END_CLOSE,1.1200000000000045,0.11496140581377379
JCI,2026-01-28 00:00:00,2026-01-29 00:00:00,0.0462107208872458,3.0,2026-01-29 10:56:00,118.89,52.620721741068486,47.189085794530996,8,951.12,115.3233,122.4567,2026-01-30 15:59:00,119.28,WEEK_END_CLOSE,3.1200000000000045,0.32803431743628764
ROST,2026-01-29 00:00:00,2026-01-30 00:00:00,0.0247349823321554,1.0,2026-01-30 09:46:00,186.645,52.70848232373469,48.18678602705739,5,933.225,181.04565,192.24435000000003,2026-01-30 15:59:00,188.58,WEEK_END_CLOSE,9.675000000000011,1.036727477296484
EOG,2026-01-29 00:00:00,2026-01-30 00:00:00,0.0715490243314863,6.0,2026-01-30 09:55:00,111.285,42.51645906902188,41.34915880310924,8,890.28,107.94645,114.62355,2026-01-30 15:59:00,112.13,WEEK_END_CLOSE,6.759999999999991,0.7593116772251385
WMB,2026-01-29 00:00:00,2026-01-30 00:00:00,0.0932203389830508,10.0,2026-01-30 09:55:00,67.12,52.30999640603028,50.709252281286155,14,939.6800000000001,65.10640000000001,69.1336,2026-01-30 15:59:00,67.255,WEEK_END_CLOSE,1.8899999999998727,0.2011323003575649
PLD,2026-01-29 00:00:00,2026-01-30 00:00:00,0.0763819095477387,7.0,2026-01-30 09:59:00,129.307,50.15750710660944,46.86689449728355,7,905.1489999999999,125.42778999999999,133.18621,2026-01-30 15:59:00,130.565,WEEK_END_CLOSE,8.806000000000068,0.9728784984571748
SNPS,2026-01-29 00:00:00,2026-01-30 00:00:00,0.0349946977730646,2.0,2026-01-30 10:11:00,468.45,44.80162352010396,43.98305152373305,2,936.9,454.3965,482.5035,2026-01-30 15:59:00,465.24,WEEK_END_CLOSE,-6.419999999999959,-0.6852385526737059
MRSH,2026-01-29 00:00:00,2026-01-30 00:00:00,0.0869565217391304,9.0,2026-01-30 10:14:00,187.47,50.03072248235174,49.97867695210599,5,937.35,181.8459,193.0941,2026-01-30 15:59:00,188.17,WEEK_END_CLOSE,3.499999999999943,0.37339307622552553
SPG,2026-01-29 00:00:00,2026-01-30 00:00:00,0.0620384047267356,4.0,2026-01-30 10:45:00,189.8425,55.69194758730877,53.518499408183516,5,949.2125,184.147225,195.537775,2026-01-30 15:59:00,191.38,WEEK_END_CLOSE,7.687499999999972,0.809881875765428
ITW,2026-01-30 00:00:00,2026-02-02 00:00:00,0.0392156862745098,8.0,2026-02-02 09:45:00,262.23,62.760165622425866,59.78971678610942,3,786.69,254.3631,270.0969,2026-02-03 09:30:00,270.0969,TAKE_PROFIT,23.60069999999996,3.0000000000000027
CRH,2026-01-30 00:00:00,2026-02-02 00:00:00,0.05,10.0,2026-02-02 09:50:00,122.73,54.09987205030158,50.87020235554735,8,981.84,119.0481,126.4119,2026-02-03 09:50:00,126.4119,TAKE_PROFIT,29.45519999999999,3.0000000000000027
FDX,2026-01-30 00:00:00,2026-02-02 00:00:00,0.0193103448275862,2.0,2026-02-02 09:50:00,325.18,59.815720147420606,59.749151284300105,3,975.54,315.4246,334.9354,2026-02-02 15:50:00,334.9354,TAKE_PROFIT,29.266200000000026,3.0000000000000027
AFL,2026-01-30 00:00:00,2026-02-02 00:00:00,0.0104166666666666,1.0,2026-02-02 09:53:00,111.35,56.74911237305638,56.35786615486155,8,890.8,108.00949999999999,114.6905,2026-02-04 13:41:00,114.6905,TAKE_PROFIT,26.724000000000046,3.0000000000000027
ADI,2026-01-30 00:00:00,2026-02-02 00:00:00,0.0366182014001077,7.0,2026-02-02 10:01:00,312.43,51.29248254657115,49.422316777263106,3,937.29,303.0571,321.8029,2026-02-04 15:31:00,321.8029,TAKE_PROFIT,28.118700000000047,3.0000000000000027
PCAR,2026-01-30 00:00:00,2026-02-02 00:00:00,0.0248962655601659,3.0,2026-02-02 10:02:00,122.245,50.43877800695253,49.5086260895969,8,977.96,118.57765,125.91235,2026-02-03 09:31:00,125.91235,TAKE_PROFIT,29.338799999999992,3.0000000000000027
KKR,2026-01-30 00:00:00,2026-02-02 00:00:00,0.0308788598574821,4.0,2026-02-02 10:31:00,113.05,43.40143808245925,42.64417287409389,8,904.4,109.65849999999999,116.4415,2026-02-03 10:12:00,109.65849999999999,STOP_LOSS,-27.132000000000062,-3.0000000000000027
MDLZ,2026-01-30 00:00:00,2026-02-02 00:00:00,0.0357142857142857,6.0,2026-02-02 10:31:00,58.45,50.750117121111,49.61831727411529,17,993.6500000000001,56.6965,60.203500000000005,2026-02-05 09:31:00,60.203500000000005,TAKE_PROFIT,29.809500000000043,3.0000000000000027
SPGI,2026-01-30 00:00:00,2026-02-02 00:00:00,0.0333333333333333,5.0,2026-02-02 10:32:00,525.085,48.90745690030318,43.87541760832269,1,525.085,509.33245,540.8375500000001,2026-02-03 09:30:00,503.0,STOP_LOSS_GAP,-22.085000000000036,-4.2059856975537375
MRSH,2026-01-30 00:00:00,2026-02-02 00:00:00,0.0401396160558464,9.0,2026-02-02 10:53:00,189.025,48.52122836101713,46.47593210645596,5,945.125,183.35425,194.69575,2026-02-06 15:59:00,185.02,WEEK_END_CLOSE,-20.024999999999977,-2.118767358814966
DLR,2026-02-02 00:00:00,2026-02-03 00:00:00,0.0652070442646358,6.0,2026-02-03 09:47:00,165.66,51.04553831674032,50.06367833667479,6,993.96,160.6902,170.6298,2026-02-06 09:30:00,170.6298,TAKE_PROFIT,29.818799999999953,3.0000000000000027
QCOM,2026-02-02 00:00:00,2026-02-03 00:00:00,0.1419576897246474,10.0,2026-02-03 09:47:00,149.83,45.344180589556295,45.3079260368809,6,898.98,145.3351,154.3249,2026-02-03 13:02:00,145.3351,STOP_LOSS,-26.969400000000007,-3.0000000000000027
AEP,2026-02-02 00:00:00,2026-02-03 00:00:00,0.0603015075376884,4.0,2026-02-03 09:50:00,119.95,57.725732678254715,55.412392791971975,8,959.6,116.3515,123.5485,2026-02-06 15:59:00,120.77,WEEK_END_CLOSE,6.559999999999945,0.6836181742392533
AMT,2026-02-02 00:00:00,2026-02-03 00:00:00,0.0927643784786641,7.0,2026-02-03 09:50:00,173.085,45.4509742006186,41.966774693734195,5,865.4250000000001,167.89245,178.27755000000002,2026-02-06 15:59:00,171.26,WEEK_END_CLOSE,-9.125000000000085,-1.0543952393332834
SPGI,2026-02-02 00:00:00,2026-02-03 00:00:00,0.1061946902654867,8.0,2026-02-03 10:00:00,482.5325,38.03594535048494,36.42900591847887,2,965.065,468.056525,497.00847500000003,2026-02-03 12:19:00,468.056525,STOP_LOSS,-28.95195000000001,-3.0000000000000027
MCO,2026-02-02 00:00:00,2026-02-03 00:00:00,0.0,1.0,2026-02-03 10:01:00,482.985,36.427879027459255,30.566449286061566,2,965.97,468.49545,497.47455,2026-02-04 09:30:00,467.43,STOP_LOSS_GAP,-31.110000000000014,-3.220596912947604
SNPS,2026-02-02 00:00:00,2026-02-03 00:00:00,0.0650779101741521,5.0,2026-02-03 10:16:00,424.11,32.4864187427912,26.389821336550604,2,848.22,411.3867,436.8333,2026-02-04 09:32:00,411.3867,STOP_LOSS,-25.44659999999999,-3.0000000000000027
ICE,2026-02-02 00:00:00,2026-02-03 00:00:00,0.0081355932203389,2.0,2026-02-03 10:30:00,162.825,22.075102355612486,20.796680533530008,6,976.9499999999999,157.94025,167.70974999999999,2026-02-05 09:30:00,168.68,TAKE_PROFIT_GAP,35.13000000000011,3.595885152771383
ROST,2026-02-02 00:00:00,2026-02-03 00:00:00,0.0213523131672597,3.0,2026-02-03 10:31:00,193.19,58.097968036404346,58.089351336086594,5,965.95,187.3943,198.9857,2026-02-06 15:59:00,190.71,WEEK_END_CLOSE,-12.399999999999949,-1.2837103369739533
TT,2026-02-02 00:00:00,2026-02-03 00:00:00,0.1130952380952381,9.0,2026-02-03 10:36:00,432.63,60.72351561284034,58.718392202085205,2,865.26,419.6511,445.6089,2026-02-04 09:46:00,445.6089,TAKE_PROFIT,25.95780000000002,3.0000000000000027
SPGI,2026-02-02 00:00:00,2026-02-03 00:00:00,0.1061946902654867,8.0,2026-02-03 12:29:00,466.9503,39.83840375040871,39.09447836189076,2,933.9006,452.941791,480.95880900000003,2026-02-04 09:30:00,452.941791,STOP_LOSS,-28.017018000000007,-3.0000000000000027
QCOM,2026-02-02 00:00:00,2026-02-03 00:00:00,0.1419576897246474,10.0,2026-02-03 13:07:00,145.56,42.13447876610995,40.971311179148735,6,873.36,141.1932,149.92680000000001,2026-02-04 09:32:00,149.92680000000001,TAKE_PROFIT,26.200800000000072,3.0000000000000027
RSG,2026-02-03 00:00:00,2026-02-04 00:00:00,0.0444444444444444,4.0,2026-02-04 09:52:00,213.47,49.400843846142585,44.51762889231048,4,853.88,207.0659,219.8741,2026-02-05 09:30:00,219.9,TAKE_PROFIT_GAP,25.720000000000027,3.012132852391436
PGR,2026-02-03 00:00:00,2026-02-04 00:00:00,0.0602739726027397,5.0,2026-02-04 09:53:00,199.165,43.17136637940009,35.45836557416471,5,995.8249999999999,193.19004999999999,205.13995,2026-02-04 10:59:00,205.13995,TAKE_PROFIT,29.874750000000034,3.0000000000000027
SPGI,2026-02-03 00:00:00,2026-02-04 00:00:00,0.0233644859813084,2.0,2026-02-04 09:53:00,453.55,46.69192102023298,39.635238923646384,2,907.1,439.9435,467.15650000000005,2026-02-04 14:07:00,467.15650000000005,TAKE_PROFIT,27.21300000000008,3.0000000000000027
CRH,2026-02-03 00:00:00,2026-02-04 00:00:00,0.0007396947078205,1.0,2026-02-04 09:55:00,121.85,50.1354413060151,46.99524792868143,8,974.8,118.19449999999999,125.5055,2026-02-06 10:26:00,125.5055,TAKE_PROFIT,29.244000000000028,3.0000000000000027
ADP,2026-02-03 00:00:00,2026-02-04 00:00:00,0.0853932584269663,9.0,2026-02-04 09:57:00,231.46,41.13816666086217,33.34881446008212,4,925.84,224.5162,238.40380000000002,2026-02-05 09:33:00,238.40380000000002,TAKE_PROFIT,27.77520000000004,3.0000000000000027
CTAS,2026-02-03 00:00:00,2026-02-04 00:00:00,0.0242424242424242,3.0,2026-02-04 09:58:00,191.09,54.36151091565522,52.018445140588156,5,955.45,185.3573,196.8227,2026-02-05 15:12:00,196.8227,TAKE_PROFIT,28.66349999999997,3.0000000000000027
FDX,2026-02-03 00:00:00,2026-02-04 00:00:00,0.0893300248138957,10.0,2026-02-04 09:59:00,362.91,64.43222423376633,61.002849197905675,2,725.82,352.0227,373.79730000000006,2026-02-06 15:59:00,369.15,WEEK_END_CLOSE,12.479999999999905,1.7194345705546787
SHW,2026-02-03 00:00:00,2026-02-04 00:00:00,0.0774647887323943,8.0,2026-02-04 10:00:00,368.605,60.94388853702715,58.39428698579475,2,737.21,357.54685,379.66315000000003,2026-02-06 15:59:00,361.93,WEEK_END_CLOSE,-13.350000000000023,-1.8108815669890532
CSX,2026-02-03 00:00:00,2026-02-04 00:00:00,0.07,6.0,2026-02-04 10:26:00,39.81,61.87263095268273,61.86164033586013,25,995.25,38.615700000000004,41.0043,2026-02-06 15:59:00,40.58,WEEK_END_CLOSE,19.2499999999999,1.9341873901029816
TEL,2026-02-03 00:00:00,2026-02-04 00:00:00,0.0714285714285714,7.0,2026-02-04 10:38:00,222.13,51.693120304549524,42.89926104629455,4,888.52,215.46609999999998,228.7939,2026-02-04 12:46:00,215.46609999999998,STOP_LOSS,-26.65560000000005,-3.0000000000000027
PGR,2026-02-03 00:00:00,2026-02-04 00:00:00,0.0602739726027397,5.0,2026-02-04 11:46:00,206.78,71.80612585177946,68.4103535694789,4,827.12,200.57659999999998,212.98340000000002,2026-02-06 15:59:00,202.29,WEEK_END_CLOSE,-17.960000000000036,-2.1713898829674116
TEL,2026-02-03 00:00:00,2026-02-04 00:00:00,0.0714285714285714,7.0,2026-02-04 12:55:00,216.025,49.77007024144103,33.19344442793876,4,864.1,209.54425,222.50575,2026-02-05 09:33:00,209.54425,STOP_LOSS,-25.923000000000002,-3.0000000000000027
SPGI,2026-02-03 00:00:00,2026-02-04 00:00:00,0.0233644859813084,2.0,2026-02-04 14:46:00,465.61,57.48857483503801,55.865513381953924,2,931.22,451.6417,479.5783,2026-02-05 12:51:00,451.6417,STOP_LOSS,-27.9366,-3.0000000000000027
AJG,2026-02-04 00:00:00,2026-02-05 00:00:00,0.0359712230215827,7.0,2026-02-05 09:47:00,249.2225,44.708514741711355,41.96424771887444,4,996.89,241.745825,256.699175,2026-02-06 11:38:00,241.745825,STOP_LOSS,-29.9067,-3.0000000000000027
SO,2026-02-04 00:00:00,2026-02-05 00:00:00,0.0355329949238578,6.0,2026-02-05 09:48:00,90.585,48.03651074809426,44.39071058508617,11,996.435,87.86744999999999,93.30255,2026-02-06 15:59:00,90.08,WEEK_END_CLOSE,-5.55499999999995,-0.5574874427333398
LOW,2026-02-04 00:00:00,2026-02-05 00:00:00,0.0300372461852697,4.0,2026-02-05 09:50:00,273.75,45.9517498014065,42.873803246455,3,821.25,265.53749999999997,281.96250000000003,2026-02-06 15:59:00,278.31,WEEK_END_CLOSE,13.680000000000007,1.6657534246575345
RSG,2026-02-04 00:00:00,2026-02-05 00:00:00,0.0114942528735632,2.0,2026-02-05 09:52:00,219.45,53.44631724828932,48.32124906469626,4,877.8,212.86649999999997,226.0335,2026-02-06 15:59:00,219.84,WEEK_END_CLOSE,1.5600000000000591,0.17771701982229882
NSC,2026-02-04 00:00:00,2026-02-05 00:00:00,0.0833333333333333,9.0,2026-02-05 09:53:00,307.04,50.82499947971458,50.48477918108984,3,921.1200000000001,297.8288,316.25120000000004,2026-02-06 15:59:00,306.41,WEEK_END_CLOSE,-1.8899999999999864,-0.205184992183427
EOG,2026-02-04 00:00:00,2026-02-05 00:00:00,0.0833333333333333,10.0,2026-02-05 10:00:00,113.27,55.353548619147396,54.62408483817274,8,906.16,109.8719,116.6681,2026-02-06 15:59:00,113.69,WEEK_END_CLOSE,3.3600000000000136,0.37079544451310564
ITW,2026-02-04 00:00:00,2026-02-05 00:00:00,0.0790697674418604,8.0,2026-02-05 10:30:00,292.54,53.36701611010281,52.50489089251809,3,877.6200000000001,283.7638,301.31620000000004,2026-02-06 15:59:00,293.715,WEEK_END_CLOSE,3.5249999999998636,0.40165447460174253
SPGI,2026-02-04 00:00:00,2026-02-05 00:00:00,0.0231660231660231,3.0,2026-02-05 13:19:00,448.815,50.36863596825226,46.848550134753964,2,897.63,435.35055,462.27945,2026-02-06 15:59:00,439.27,WEEK_END_CLOSE,-19.090000000000032,-2.1267114512661167
MO,2026-02-05 00:00:00,2026-02-06 00:00:00,0.0348039569644017,7.0,2026-02-06 09:45:00,65.63,54.04761637312296,52.64761129903616,15,984.4499999999999,63.66109999999999,67.5989,2026-02-06 15:59:00,65.4,WEEK_END_CLOSE,-3.4499999999998465,-0.3504494895626875
ELV,2026-02-05 00:00:00,2026-02-06 00:00:00,0.049966239027684,10.0,2026-02-06 09:47:00,329.89,43.42166945653359,42.93668674793954,3,989.67,319.9933,339.7867,2026-02-06 15:59:00,338.95,WEEK_END_CLOSE,27.180000000000007,2.746370002121923
CTAS,2026-02-05 00:00:00,2026-02-06 00:00:00,0.0,1.0,2026-02-06 09:48:00,194.95,45.58668142604954,41.67977725641276,5,974.75,189.1015,200.7985,2026-02-06 15:59:00,195.82,WEEK_END_CLOSE,4.350000000000023,0.4462682739163837
KMI,2026-02-05 00:00:00,2026-02-06 00:00:00,0.0114064349510384,6.0,2026-02-06 09:49:00,30.4498,54.52232644457894,51.313534808359044,32,974.3936,29.536306,31.363294,2026-02-06 15:59:00,30.505,WEEK_END_CLOSE,1.766399999999976,0.18128197886357889
AON,2026-02-05 00:00:00,2026-02-06 00:00:00,0.0,2.0,2026-02-06 09:55:00,342.09,43.11931922545749,37.43362082577894,2,684.18,331.8273,352.35269999999997,2026-02-06 15:59:00,342.01,WEEK_END_CLOSE,-0.15999999999996817,-0.023385658744767834
TMO,2026-02-05 00:00:00,2026-02-06 00:00:00,0.04,8.0,2026-02-06 09:58:00,538.91,41.32334653309248,40.21475795274583,1,538.91,522.7426999999999,555.0773,2026-02-06 15:59:00,542.8,WEEK_END_CLOSE,3.8899999999999864,0.7218273923289553
TMUS,2026-02-05 00:00:00,2026-02-06 00:00:00,0.0077574734655457,5.0,2026-02-06 10:00:00,200.065,46.23598911490007,45.53002479384321,4,800.26,194.06305,206.06695,2026-02-06 15:59:00,197.35,WEEK_END_CLOSE,-10.860000000000014,-1.357058955839352
EMR,2026-02-05 00:00:00,2026-02-06 00:00:00,0.0486486486486486,9.0,2026-02-06 10:14:00,155.6125,64.46241309906668,63.28546271470621,6,933.6750000000001,150.944125,160.280875,2026-02-06 15:59:00,157.37,WEEK_END_CLOSE,10.544999999999959,1.12940798457708
KMI,2026-02-06 00:00:00,2026-02-09 00:00:00,0.024102079395085,2.0,2026-02-09 09:53:00,30.555,52.3590460223491,51.976570566791786,32,977.76,29.63835,31.47165,2026-02-10 09:31:00,31.47165,TAKE_PROFIT,29.33280000000002,3.0000000000000027
AMT,2026-02-06 00:00:00,2026-02-09 00:00:00,0.0608537693006357,7.0,2026-02-09 09:57:00,170.16,51.70633605293436,50.85827846397872,5,850.8,165.05519999999999,175.2648,2026-02-10 09:43:00,175.2648,TAKE_PROFIT,25.524000000000058,3.0000000000000027
MMM,2026-02-06 00:00:00,2026-02-09 00:00:00,0.1300256629597947,9.0,2026-02-09 09:57:00,169.84,44.775303493918564,43.07216884454195,5,849.2,164.7448,174.9352,2026-02-12 09:31:00,174.9352,TAKE_PROFIT,25.476000000000028,3.0000000000000027
MRSH,2026-02-06 00:00:00,2026-02-09 00:00:00,0.0333333333333333,3.0,2026-02-09 09:57:00,182.92,44.7017931171936,44.262626959175144,5,914.5999999999999,177.43239999999997,188.4076,2026-02-09 12:07:00,177.43239999999997,STOP_LOSS,-27.438000000000073,-3.0000000000000138
UPS,2026-02-06 00:00:00,2026-02-09 00:00:00,0.0543066208234153,6.0,2026-02-09 09:57:00,116.685,57.27339272213476,51.48806774358911,8,933.48,113.18445,120.18555,2026-02-11 09:32:00,120.18555,TAKE_PROFIT,28.004400000000032,3.0000000000000027
SO,2026-02-06 00:00:00,2026-02-09 00:00:00,0.0421940928270042,4.0,2026-02-09 09:59:00,89.38,46.3597922699054,45.315676489778035,11,983.18,86.6986,92.06139999999999,2026-02-12 10:37:00,92.06139999999999,TAKE_PROFIT,29.49539999999996,3.0000000000000027
HON,2026-02-06 00:00:00,2026-02-09 00:00:00,0.1464285714285714,10.0,2026-02-09 10:00:00,238.86,51.782644561308544,50.84363207687659,4,955.44,231.6942,246.02580000000003,2026-02-13 15:59:00,241.38,WEEK_END_CLOSE,10.079999999999927,1.0550113036925213
PCAR,2026-02-06 00:00:00,2026-02-09 00:00:00,0.0430686406460296,5.0,2026-02-09 10:00:00,125.93,48.31309734335632,42.97812089853868,7,881.51,122.1521,129.70790000000002,2026-02-11 13:55:00,129.70790000000002,TAKE_PROFIT,26.445300000000117,3.0000000000000027
FDX,2026-02-06 00:00:00,2026-02-09 00:00:00,0.0049443757725587,1.0,2026-02-09 10:06:00,365.0,44.09047782208937,43.55962432956092,2,730.0,354.05,375.95,2026-02-12 09:44:00,375.95,TAKE_PROFIT,21.899999999999977,3.0000000000000027
ADP,2026-02-06 00:00:00,2026-02-09 00:00:00,0.1160714285714285,8.0,2026-02-09 10:21:00,226.13,40.65200604486882,40.62065111377149,4,904.52,219.34609999999998,232.9139,2026-02-11 11:36:00,219.34609999999998,STOP_LOSS,-27.135600000000068,-3.0000000000000027
MRSH,2026-02-06 00:00:00,2026-02-09 00:00:00,0.0333333333333333,3.0,2026-02-09 12:18:00,176.985,30.838083166076103,29.331778330576363,5,884.9250000000001,171.67545,182.29455000000002,2026-02-09 14:32:00,171.67545,STOP_LOSS,-26.547750000000008,-3.0000000000000027
MRSH,2026-02-06 00:00:00,2026-02-09 00:00:00,0.0333333333333333,3.0,2026-02-09 14:33:00,172.06,34.021309306960816,26.728117889701938,5,860.3,166.8982,177.2218,2026-02-13 15:59:00,174.0,WEEK_END_CLOSE,9.699999999999989,1.127513658026258
BX,2026-02-09 00:00:00,2026-02-10 00:00:00,0.1182166633044179,7.0,2026-02-10 09:45:00,131.9485,54.77088051634395,51.04250726668796,7,923.6395,127.990045,135.906955,2026-02-12 09:34:00,135.906955,TAKE_PROFIT,27.709185000000105,3.0000000000000027
TT,2026-02-09 00:00:00,2026-02-10 00:00:00,0.1372549019607843,8.0,2026-02-10 09:47:00,460.825,45.28046096875632,44.46572261270673,2,921.65,447.00025,474.64975,2026-02-11 15:26:00,474.64975,TAKE_PROFIT,27.64949999999999,3.0000000000000027
APO,2026-02-09 00:00:00,2026-02-10 00:00:00,0.1641914191419141,10.0,2026-02-10 09:48:00,135.45,53.599768986971625,52.77289280588453,7,948.1499999999999,131.38649999999998,139.5135,2026-02-11 09:33:00,131.38649999999998,STOP_LOSS,-28.444500000000033,-3.0000000000000027
ICE,2026-02-09 00:00:00,2026-02-10 00:00:00,0.1052631578947368,6.0,2026-02-10 09:48:00,166.075,49.08224357290154,42.436076701732624,6,996.4499999999999,161.09275,171.05724999999998,2026-02-11 09:57:00,161.09275,STOP_LOSS,-29.89349999999996,-2.9999999999999916
MCO,2026-02-09 00:00:00,2026-02-10 00:00:00,0.1409395973154362,9.0,2026-02-10 09:48:00,420.185,42.778068757029864,42.550557349656586,2,840.37,407.57945,432.79055,2026-02-12 10:56:00,407.57945,STOP_LOSS,-25.211099999999988,-3.0000000000000027
ABT,2026-02-09 00:00:00,2026-02-10 00:00:00,0.0874453466583385,5.0,2026-02-10 09:51:00,112.235,60.56836469237889,59.849633736683714,8,897.88,108.86795,115.60205,2026-02-13 15:59:00,112.61,WEEK_END_CLOSE,3.0,0.33412037243283343
KMI,2026-02-09 00:00:00,2026-02-10 00:00:00,0.0264131897711978,1.0,2026-02-10 10:19:00,31.135,49.33838250284611,48.87761351439733,32,996.32,30.200950000000002,32.069050000000004,2026-02-13 10:37:00,32.069050000000004,TAKE_PROFIT,29.889600000000087,3.0000000000000027
RSG,2026-02-09 00:00:00,2026-02-10 00:00:00,0.0579710144927536,2.0,2026-02-10 10:24:00,224.08,56.06089649599289,54.954220684224055,4,896.32,217.35760000000002,230.8024,2026-02-13 15:59:00,223.12,WEEK_END_CLOSE,-3.840000000000032,-0.4284184219921494
SPG,2026-02-09 00:00:00,2026-02-10 00:00:00,0.0754516471838469,3.0,2026-02-10 10:51:00,195.66,41.19620713228642,40.94304618739862,5,978.3,189.7902,201.5298,2026-02-13 15:59:00,196.83,WEEK_END_CLOSE,5.85000000000008,0.5979760809567747
URI,2026-02-10 00:00:00,2026-02-11 00:00:00,0.0798722044728434,6.0,2026-02-11 09:46:00,890.86,57.44309384794545,56.657527640889064,1,890.86,864.1342,917.5858000000001,2026-02-13 09:40:00,862.85,STOP_LOSS_GAP,-28.00999999999999,-3.1441528410749098
CSX,2026-02-10 00:00:00,2026-02-11 00:00:00,0.0551724137931034,4.0,2026-02-11 09:51:00,41.28,51.89839096686915,46.23087559708356,24,990.72,40.0416,42.5184,2026-02-13 09:30:00,40.0416,STOP_LOSS,-29.721599999999967,-2.9999999999999916
HD,2026-02-10 00:00:00,2026-02-11 00:00:00,0.117688371626367,10.0,2026-02-11 09:51:00,386.6,46.51833801079836,42.321839658495776,2,773.2,375.002,398.19800000000004,2026-02-13 15:59:00,391.06,WEEK_END_CLOSE,8.919999999999959,1.1536471805483561
NSC,2026-02-10 00:00:00,2026-02-11 00:00:00,0.0116279069767441,1.0,2026-02-11 09:51:00,317.3,55.18723588467868,50.47729807355427,3,951.9000000000001,307.781,326.819,2026-02-13 15:59:00,315.16,WEEK_END_CLOSE,-6.419999999999959,-0.6744405924992036
ELV,2026-02-10 00:00:00,2026-02-11 00:00:00,0.09375,7.0,2026-02-11 10:04:00,327.85,53.981957046296806,46.801949240181784,3,983.5500000000001,318.0145,337.68550000000005,2026-02-12 10:13:00,337.68550000000005,TAKE_PROFIT,29.506500000000074,3.0000000000000027
NEE,2026-02-10 00:00:00,2026-02-11 00:00:00,0.0939208748793824,8.0,2026-02-11 10:11:00,90.59,39.95214610327363,36.2327309282828,11,996.49,87.8723,93.30770000000001,2026-02-12 10:55:00,93.30770000000001,TAKE_PROFIT,29.894700000000086,3.0000000000000027
ITW,2026-02-10 00:00:00,2026-02-11 00:00:00,0.0237154150197628,2.0,2026-02-11 10:13:00,297.17,51.27184502977169,50.921650136343146,3,891.51,288.2549,306.0851,2026-02-13 15:59:00,299.55,WEEK_END_CLOSE,7.139999999999986,0.8008883803883204
PCAR,2026-02-10 00:00:00,2026-02-11 00:00:00,0.0408163265306122,3.0,2026-02-11 14:24:00,129.41,54.89012637740268,53.246354508322305,7,905.87,125.5277,133.2923,2026-02-12 12:08:00,125.5277,STOP_LOSS,-27.176100000000005,-3.0000000000000027
CMCSA,2026-02-11 00:00:00,2026-02-12 00:00:00,0.0115445668382317,2.0,2026-02-12 09:48:00,32.76,58.09716731852622,56.636449053833374,30,982.8,31.777199999999997,33.742799999999995,2026-02-13 09:30:00,31.7,STOP_LOSS_GAP,-31.79999999999996,-3.2356532356532353
ICE,2026-02-11 00:00:00,2026-02-12 00:00:00,0.0750670241286863,9.0,2026-02-12 09:48:00,148.645,36.55575242265504,33.23257388557532,6,891.8700000000001,144.18565,153.10435,2026-02-12 11:20:00,144.18565,STOP_LOSS,-26.756100000000004,-3.0000000000000027
BSX,2026-02-11 00:00:00,2026-02-12 00:00:00,0.0663900414937759,7.0,2026-02-12 10:01:00,73.51,48.93586473713748,48.6655980021629,13,955.6300000000001,71.3047,75.71530000000001,2026-02-13 09:32:00,75.71530000000001,TAKE_PROFIT,28.668900000000107,3.0000000000000027
WMB,2026-02-11 00:00:00,2026-02-12 00:00:00,0.0785942492012779,10.0,2026-02-12 10:05:00,71.88,52.90691432186124,48.39125037468765,13,934.4399999999999,69.72359999999999,74.0364,2026-02-13 15:59:00,72.27,WEEK_END_CLOSE,5.070000000000007,0.5425709515859856
MO,2026-02-11 00:00:00,2026-02-12 00:00:00,0.040902752672623,3.0,2026-02-12 10:37:00,66.8,63.772704631474134,59.47383980714524,14,935.1999999999999,64.79599999999999,68.804,2026-02-13 15:59:00,67.23,WEEK_END_CLOSE,6.0200000000000955,0.6437125748503192
ELV,2026-02-11 00:00:00,2026-02-12 00:00:00,0.0556792873051225,6.0,2026-02-12 10:50:00,343.2575,68.98448771389215,67.33816735645246,2,686.515,332.959775,353.555225,2026-02-13 15:59:00,346.81,WEEK_END_CLOSE,7.105000000000018,1.0349373283905061
ICE,2026-02-11 00:00:00,2026-02-12 00:00:00,0.0750670241286863,9.0,2026-02-12 11:23:00,144.74,40.03946072292913,35.46974184839811,6,868.44,140.39780000000002,149.0822,2026-02-12 14:18:00,149.0822,TAKE_PROFIT,26.053199999999947,3.0000000000000027
PCAR,2026-02-11 00:00:00,2026-02-12 00:00:00,0.0676470588235294,8.0,2026-02-12 12:32:00,125.17,35.004136176555946,32.90814770223439,7,876.19,121.4149,128.92510000000001,2026-02-13 15:59:00,127.02,WEEK_END_CLOSE,12.94999999999996,1.4779899336901714
ICE,2026-02-11 00:00:00,2026-02-12 00:00:00,0.0750670241286863,9.0,2026-02-12 14:32:00,149.015,59.39294531141408,58.90701743066364,6,894.0899999999999,144.54455,153.48545,2026-02-13 15:59:00,152.26,WEEK_END_CLOSE,19.470000000000027,2.1776331241821323
AFL,2026-02-12 00:00:00,2026-02-13 00:00:00,0.0,2.0,2026-02-13 09:46:00,115.22,43.815022475005314,39.01095984267455,8,921.76,111.76339999999999,118.67660000000001,2026-02-13 15:59:00,114.9,WEEK_END_CLOSE,-2.5599999999999454,-0.2777295608401231
DASH,2026-02-12 00:00:00,2026-02-13 00:00:00,0.0526496902959394,4.0,2026-02-13 10:06:00,163.78,46.72062947969508,45.39047045646096,6,982.6800000000001,158.8666,168.6934,2026-02-13 15:59:00,160.34,WEEK_END_CLOSE,-20.639999999999986,-2.100378556600313
APO,2026-02-12 00:00:00,2026-02-13 00:00:00,0.0921895006402048,9.0,2026-02-13 10:18:00,125.335,49.59730473399715,46.75668558450711,7,877.3449999999999,121.57494999999999,129.09505,2026-02-13 15:59:00,125.04,WEEK_END_CLOSE,-2.0649999999999125,-0.23536921051581228
CTAS,2026-02-12 00:00:00,2026-02-13 00:00:00,0.0,1.0,2026-02-13 10:20:00,193.3,34.51433544715695,33.6103789194168,5,966.5,187.501,199.09900000000002,2026-02-13 15:59:00,193.45,WEEK_END_CLOSE,0.7499999999998863,0.07759958613553497
KMI,2026-02-12 00:00:00,2026-02-13 00:00:00,0.0903047091412742,8.0,2026-02-13 10:56:00,32.0506,57.582322911487026,56.609683901603276,31,993.5686000000001,31.089082,33.012118,2026-02-13 15:59:00,32.32,WEEK_END_CLOSE,8.35139999999992,0.8405458868164573
CSX,2026-02-12 00:00:00,2026-02-13 00:00:00,0.0566037735849056,5.0,2026-02-13 11:01:00,40.78,60.44691515987043,57.89673160205805,24,978.72,39.5566,42.0034,2026-02-13 15:59:00,40.87,WEEK_END_CLOSE,2.1599999999999113,0.2206964198136152
ROST,2026-02-12 00:00:00,2026-02-13 00:00:00,0.0618556701030927,6.0,2026-02-13 11:14:00,196.0,64.29365584010145,60.333189713211,5,980.0,190.12,201.88,2026-02-13 15:59:00,196.52,WEEK_END_CLOSE,2.600000000000051,0.2653061224489939
DLR,2026-02-13 00:00:00,2026-02-17 00:00:00,0.0625,5.0,2026-02-17 09:45:00,181.075,50.88312067057375,50.80971509987023,5,905.375,175.64274999999998,186.50725,2026-02-18 13:27:00,175.59,STOP_LOSS_GAP,-27.424999999999926,-3.0291315753140924
KKR,2026-02-13 00:00:00,2026-02-17 00:00:00,0.0757575757575757,7.0,2026-02-17 09:45:00,102.095,50.958024963615884,47.06751061850156,9,918.855,99.03215,105.15785,2026-02-18 10:15:00,105.15785,TAKE_PROFIT,27.565649999999977,3.0000000000000027
BMY,2026-02-13 00:00:00,2026-02-17 00:00:00,0.0662482566248256,6.0,2026-02-17 09:46:00,60.74,51.246293711736264,47.76614672955115,16,971.84,58.9178,62.562200000000004,2026-02-20 15:59:00,60.68,WEEK_END_CLOSE,-0.9600000000000364,-0.09878169245967072
QCOM,2026-02-13 00:00:00,2026-02-17 00:00:00,0.1183585801492199,10.0,2026-02-17 09:48:00,141.56,49.26229671688212,47.969597690874316,7,990.9200000000001,137.3132,145.8068,2026-02-20 15:59:00,142.88,WEEK_END_CLOSE,9.239999999999952,0.9324667985306512
FDX,2026-02-13 00:00:00,2026-02-17 00:00:00,0.1161217587373168,9.0,2026-02-17 09:56:00,378.33,52.06197381386613,46.96605247653266,2,756.66,366.9801,389.6799,2026-02-20 10:08:00,389.6799,TAKE_PROFIT,22.699799999999982,3.0000000000000027
PCAR,2026-02-13 00:00:00,2026-02-17 00:00:00,0.0558659217877094,4.0,2026-02-17 09:56:00,126.965,49.73821723217486,49.52889355649576,7,888.755,123.15605,130.77395,2026-02-20 15:59:00,128.45,WEEK_END_CLOSE,10.394999999999897,1.1696136730594997
WMB,2026-02-13 00:00:00,2026-02-17 00:00:00,0.0557314756174794,3.0,2026-02-17 10:12:00,71.8801,47.36029850315953,46.9209410670172,13,934.4413,69.723697,74.036503,2026-02-20 15:59:00,72.975,WEEK_END_CLOSE,14.233699999999942,1.523231047257867
MDLZ,2026-02-13 00:00:00,2026-02-17 00:00:00,0.0194174757281553,1.0,2026-02-17 10:20:00,60.36,33.60101314307356,29.601606763090462,16,965.76,58.5492,62.1708,2026-02-19 11:20:00,58.5492,STOP_LOSS,-28.972800000000007,-3.0000000000000027
MO,2026-02-13 00:00:00,2026-02-17 00:00:00,0.0912552521008403,8.0,2026-02-17 10:20:00,67.04,47.409693880265,46.76290946676344,14,938.5600000000001,65.0288,69.05120000000001,2026-02-20 15:59:00,67.57,WEEK_END_CLOSE,7.419999999999817,0.7905727923627426
AFL,2026-02-13 00:00:00,2026-02-17 00:00:00,0.0218978102189781,2.0,2026-02-17 10:58:00,114.955,41.73944068229764,41.1179531210976,8,919.64,111.50635,118.40365,2026-02-20 15:59:00,114.03,WEEK_END_CLOSE,-7.399999999999977,-0.8046626940976909
APD,2026-02-17 00:00:00,2026-02-18 00:00:00,0.144927536231884,10.0,2026-02-18 09:48:00,279.8526,53.130189641986206,51.8854003745067,3,839.5578,271.457022,288.248178,2026-02-20 15:59:00,281.27,WEEK_END_CLOSE,4.252199999999959,0.5064809117371061
BSX,2026-02-17 00:00:00,2026-02-18 00:00:00,0.0702970297029703,5.0,2026-02-18 09:49:00,75.88,52.502804502978734,47.26831331225699,13,986.4399999999999,73.6036,78.15639999999999,2026-02-20 15:59:00,74.59,WEEK_END_CLOSE,-16.769999999999897,-1.7000527148128497
SLB,2026-02-17 00:00:00,2026-02-18 00:00:00,0.0910032094419712,6.0,2026-02-18 09:49:00,50.95,62.1544464086903,55.775149250989415,19,968.0500000000001,49.4215,52.478500000000004,2026-02-20 15:59:00,50.85,WEEK_END_CLOSE,-1.900000000000027,-0.19627085377821318
ELV,2026-02-17 00:00:00,2026-02-18 00:00:00,0.119047619047619,7.0,2026-02-18 09:50:00,343.6554,48.68848734438303,45.871428977151574,2,687.3108,333.345738,353.965062,2026-02-20 15:59:00,342.94,WEEK_END_CLOSE,-1.4307999999999765,-0.20817365302567836
JCI,2026-02-17 00:00:00,2026-02-18 00:00:00,0.0657276995305164,4.0,2026-02-18 09:51:00,142.29,52.608145253049464,52.24279071087515,7,996.03,138.0213,146.5587,2026-02-20 15:59:00,143.81,WEEK_END_CLOSE,10.640000000000072,1.0682409164382678
EMR,2026-02-17 00:00:00,2026-02-18 00:00:00,0.1299212598425196,8.0,2026-02-18 09:58:00,151.56,62.35665365563291,56.417477998866765,6,909.36,147.0132,156.1068,2026-02-20 12:15:00,147.0132,STOP_LOSS,-27.280799999999942,-2.9999999999999916
PGR,2026-02-17 00:00:00,2026-02-18 00:00:00,0.0552092609082813,2.0,2026-02-18 10:08:00,202.5,40.270927699020525,37.37037443360865,4,810.0,196.42499999999998,208.57500000000002,2026-02-20 15:59:00,204.06,WEEK_END_CLOSE,6.240000000000009,0.7703703703703768
KKR,2026-02-17 00:00:00,2026-02-18 00:00:00,0.0565320665083135,3.0,2026-02-18 10:32:00,104.9,57.36426980125204,56.5810625117985,9,944.1,101.753,108.04700000000001,2026-02-19 09:30:00,101.753,STOP_LOSS,-28.32300000000005,-3.0000000000000027
PH,2026-02-17 00:00:00,2026-02-18 00:00:00,0.1428571428571428,9.0,2026-02-18 14:23:00,997.64,39.4969978247273,37.94565918502282,1,997.64,967.7108,1027.5692,2026-02-20 15:59:00,1022.24,WEEK_END_CLOSE,24.600000000000023,2.4658193336273726
AJG,2026-02-18 00:00:00,2026-02-19 00:00:00,0.0204081632653061,1.0,2026-02-19 09:47:00,215.5,62.47061623180118,59.834681638118234,4,862.0,209.035,221.965,2026-02-20 15:59:00,216.57,WEEK_END_CLOSE,4.279999999999973,0.49651972157771507
CMCSA,2026-02-18 00:00:00,2026-02-19 00:00:00,0.0220440881763527,2.0,2026-02-19 09:49:00,31.63,52.311255504979854,50.792836963129844,31,980.53,30.681099999999997,32.5789,2026-02-20 15:59:00,31.34,WEEK_END_CLOSE,-8.989999999999974,-0.9168510907366367
DLR,2026-02-18 00:00:00,2026-02-19 00:00:00,0.1094890510948905,9.0,2026-02-19 09:52:00,176.965,56.54317044602897,55.676505254337975,5,884.825,171.65605,182.27395,2026-02-20 15:59:00,175.67,WEEK_END_CLOSE,-6.47500000000008,-0.731783120956131
NSC,2026-02-18 00:00:00,2026-02-19 00:00:00,0.0454545454545454,5.0,2026-02-19 09:53:00,316.86,52.92203982314051,52.293750254496125,3,950.58,307.3542,326.36580000000004,2026-02-20 15:59:00,316.32,WEEK_END_CLOSE,-1.6200000000000614,-0.17042226850976228
AEP,2026-02-18 00:00:00,2026-02-19 00:00:00,0.0574572127139364,8.0,2026-02-19 09:59:00,127.92,55.9857719250156,55.94765945316889,7,895.44,124.08239999999999,131.7576,2026-02-20 15:59:00,129.39,WEEK_END_CLOSE,10.289999999999893,1.1491557223264337
AMT,2026-02-18 00:00:00,2026-02-19 00:00:00,0.0378787878787878,4.0,2026-02-19 10:09:00,187.67,56.066497714466834,54.44431202342993,5,938.3499999999999,182.0399,193.3001,2026-02-20 15:59:00,187.32,WEEK_END_CLOSE,-1.7499999999999716,-0.18649757553151902
CSX,2026-02-18 00:00:00,2026-02-19 00:00:00,0.0502261366341347,6.0,2026-02-19 10:19:00,41.15,50.79837676863516,49.99329981493171,24,987.5999999999999,39.915499999999994,42.3845,2026-02-20 15:59:00,42.31,WEEK_END_CLOSE,27.84000000000009,2.818955042527338
RSG,2026-02-18 00:00:00,2026-02-19 00:00:00,0.1171132238547968,10.0,2026-02-19 10:25:00,223.685,67.39187852016656,66.86173943574484,4,894.74,216.97445,230.39555000000001,2026-02-20 15:59:00,219.57,WEEK_END_CLOSE,-16.460000000000036,-1.8396405659744763
DUK,2026-02-19 00:00:00,2026-02-20 00:00:00,0.0102127659574468,3.0,2026-02-20 09:47:00,126.335,55.26534551310593,54.374511547499,7,884.3449999999999,122.54494999999999,130.12505,2026-02-20 15:59:00,126.78,WEEK_END_CLOSE,3.1150000000000517,0.3522380971227257
ITW,2026-02-19 00:00:00,2026-02-20 00:00:00,0.0466666666666666,7.0,2026-02-20 09:53:00,293.97,58.00216504400173,52.47700806029939,3,881.9100000000001,285.15090000000004,302.7891,2026-02-20 15:59:00,294.99,WEEK_END_CLOSE,3.0599999999999454,0.3469741810388838
HWM,2026-02-19 00:00:00,2026-02-20 00:00:00,0.0331753554502369,4.0,2026-02-20 09:55:00,254.19,66.00174990098225,63.06748914654043,3,762.5699999999999,246.5643,261.8157,2026-02-20 15:59:00,258.16,WEEK_END_CLOSE,11.910000000000082,1.5618238325662004
SPGI,2026-02-19 00:00:00,2026-02-20 00:00:00,0.060377358490566,8.0,2026-02-20 09:55:00,414.38,55.95600466948643,51.56974751458749,2,828.76,401.9486,426.8114,2026-02-20 15:59:00,417.59,WEEK_END_CLOSE,6.419999999999959,0.7746512862589761
TT,2026-02-19 00:00:00,2026-02-20 00:00:00,0.0,1.0,2026-02-20 10:15:00,466.17,53.97021565173786,52.524753970901955,2,932.34,452.1849,480.1551,2026-02-20 15:59:00,466.99,WEEK_END_CLOSE,1.6399999999999864,0.17590149516271136
FDX,2026-02-19 00:00:00,2026-02-20 00:00:00,0.0724191063174114,9.0,2026-02-20 11:32:00,384.8,46.19100926041642,45.795150131952845,2,769.6,373.25600000000003,396.344,2026-02-20 15:59:00,388.43,WEEK_END_CLOSE,7.259999999999991,0.9433471933471882
EMR,2026-02-19 00:00:00,2026-02-20 00:00:00,0.0067534973468403,2.0,2026-02-20 12:27:00,146.835,34.51632268745088,33.44419572290195,6,881.01,142.42995,151.24005000000002,2026-02-20 15:59:00,148.61,WEEK_END_CLOSE,10.650000000000034,1.2088398542581924
FDX,2026-02-20 00:00:00,2026-02-23 00:00:00,0.0051432770022042,1.0,2026-02-23 09:45:00,388.285,48.549084605427154,48.20459130062003,2,776.57,376.63645,399.93355,2026-02-27 15:59:00,387.1,WEEK_END_CLOSE,-2.3700000000000045,-0.3051881993896277
APD,2026-02-20 00:00:00,2026-02-23 00:00:00,0.0151006711409395,4.0,2026-02-23 09:50:00,283.79,56.85180093478936,53.98279275226067,3,851.3700000000001,275.2763,292.30370000000005,2026-02-26 11:59:00,275.2763,STOP_LOSS,-25.541100000000085,-3.0000000000000138
DUK,2026-02-20 00:00:00,2026-02-23 00:00:00,0.0492051476154428,10.0,2026-02-23 09:53:00,127.93,55.37251046655193,54.034063387421554,7,895.51,124.0921,131.7679,2026-02-27 15:59:00,130.86,WEEK_END_CLOSE,20.510000000000048,2.2903150160243912
RSG,2026-02-20 00:00:00,2026-02-23 00:00:00,0.0121580547112462,3.0,2026-02-23 09:54:00,221.14,54.59760655891938,50.86666108203542,4,884.56,214.5058,227.77419999999998,2026-02-27 11:51:00,227.77419999999998,TAKE_PROFIT,26.53679999999997,3.0000000000000027
CI,2026-02-20 00:00:00,2026-02-23 00:00:00,0.0484189723320158,9.0,2026-02-23 10:05:00,282.09,53.681609958526,53.61535085997246,3,846.27,273.6273,290.55269999999996,2026-02-27 15:59:00,289.79,WEEK_END_CLOSE,23.100000000000136,2.7296252968910695
SPGI,2026-02-20 00:00:00,2026-02-23 00:00:00,0.008130081300813,2.0,2026-02-23 10:14:00,410.1,46.18512953156167,44.06952066373218,2,820.2,397.797,422.403,2026-02-25 09:31:00,422.403,TAKE_PROFIT,24.605999999999995,3.0000000000000027
AFL,2026-02-20 00:00:00,2026-02-23 00:00:00,0.0357142857142857,7.0,2026-02-23 10:42:00,113.57,46.3448078875033,45.78381241322816,8,908.56,110.1629,116.9771,2026-02-27 15:59:00,112.93,WEEK_END_CLOSE,-5.119999999999891,-0.5635291009949639
SYK,2026-02-20 00:00:00,2026-02-23 00:00:00,0.0301003344481605,6.0,2026-02-23 10:45:00,382.86,51.71071757892947,49.61364451108654,2,765.72,371.37420000000003,394.3458,2026-02-27 15:59:00,387.55,WEEK_END_CLOSE,9.379999999999995,1.2249908582771862
ABT,2026-02-23 00:00:00,2026-02-24 00:00:00,0.1488095238095238,10.0,2026-02-24 09:46:00,115.1099,53.707383857599574,51.481822793160454,8,920.8792,111.65660299999999,118.563197,2026-02-27 15:59:00,116.32,WEEK_END_CLOSE,9.680799999999977,1.0512562342596121
ELV,2026-02-23 00:00:00,2026-02-24 00:00:00,0.0292837356549267,3.0,2026-02-24 09:46:00,330.95,38.21826846383688,36.028668232733715,3,992.8499999999999,321.0215,340.8785,2026-02-24 11:14:00,321.0215,STOP_LOSS,-29.785499999999956,-2.9999999999999916
KMI,2026-02-23 00:00:00,2026-02-24 00:00:00,0.0242336558459173,2.0,2026-02-24 09:46:00,32.41,47.25756591822764,41.30520808296906,30,972.3,31.437699999999996,33.3823,2026-02-27 15:59:00,33.27,WEEK_END_CLOSE,25.800000000000196,2.653502005553854
ORLY,2026-02-23 00:00:00,2026-02-24 00:00:00,0.0605413105413105,6.0,2026-02-24 09:46:00,94.86,51.21554544388383,47.90516905825127,10,948.6,92.0142,97.7058,2026-02-25 10:46:00,92.0142,STOP_LOSS,-28.45799999999997,-2.9999999999999916
PCAR,2026-02-23 00:00:00,2026-02-24 00:00:00,0.0582120582120582,5.0,2026-02-24 09:46:00,126.8,67.6503575656798,52.32496045151912,7,887.6,122.996,130.604,2026-02-27 09:30:00,122.996,STOP_LOSS,-26.628000000000014,-3.0000000000000027
MDT,2026-02-23 00:00:00,2026-02-24 00:00:00,0.1019801980198019,7.0,2026-02-24 10:05:00,97.975,43.10878247451495,42.297631640990524,10,979.75,95.03575,100.91425,2026-02-27 15:59:00,97.64,WEEK_END_CLOSE,-3.3499999999999375,-0.3419239601939239
CTAS,2026-02-23 00:00:00,2026-02-24 00:00:00,0.1346153846153846,9.0,2026-02-24 10:06:00,197.85,47.606179064659905,47.33330008313461,5,989.25,191.91449999999998,203.7855,2026-02-27 15:59:00,201.06,WEEK_END_CLOSE,16.05000000000004,1.6224412433661906
TEL,2026-02-23 00:00:00,2026-02-24 00:00:00,0.1077586206896551,8.0,2026-02-24 10:06:00,236.345,61.01858097357137,60.75381423732298,4,945.38,229.25465,243.43535,2026-02-25 09:30:00,245.0,TAKE_PROFIT_GAP,34.620000000000005,3.662019505384073
MRSH,2026-02-23 00:00:00,2026-02-24 00:00:00,0.0513513513513513,4.0,2026-02-24 10:27:00,176.045,48.26058563219096,46.51051582297054,5,880.2249999999999,170.76364999999998,181.32635,2026-02-25 12:46:00,181.32635,TAKE_PROFIT,26.406750000000017,3.0000000000000027
ELV,2026-02-23 00:00:00,2026-02-24 00:00:00,0.0292837356549267,3.0,2026-02-24 11:20:00,321.445,37.97053561881808,36.57650658598014,3,964.335,311.80165,331.08835,2026-02-25 09:30:00,331.73,TAKE_PROFIT_GAP,30.855000000000075,3.199614241938753
TEL,2026-02-24 00:00:00,2026-02-25 00:00:00,0.0555555555555555,2.0,2026-02-25 09:52:00,240.445,48.11077862559816,45.10541976543887,4,961.78,233.23164999999997,247.65835,2026-02-27 09:30:00,232.25,STOP_LOSS_GAP,-32.77999999999997,-3.40826384412235
REGN,2026-02-24 00:00:00,2026-02-25 00:00:00,0.0831234256926952,5.0,2026-02-25 09:58:00,784.615,59.36219386215774,58.7724495948651,1,784.615,761.07655,808.15345,2026-02-26 10:50:00,761.07655,STOP_LOSS,-23.53845000000001,-3.0000000000000027
WELL,2026-02-24 00:00:00,2026-02-25 00:00:00,0.0602409638554216,3.0,2026-02-25 10:09:00,208.995,46.986275946346865,46.499784743245776,4,835.98,202.72514999999999,215.26485000000002,2026-02-27 15:59:00,207.19,WEEK_END_CLOSE,-7.220000000000027,-0.8636570252876896
CB,2026-02-24 00:00:00,2026-02-25 00:00:00,0.1361386138613861,9.0,2026-02-25 10:15:00,334.18,48.10157522714978,46.664259244064894,2,668.36,324.1546,344.2054,2026-02-27 15:59:00,340.87,WEEK_END_CLOSE,13.379999999999995,2.0019151355556986
CSX,2026-02-24 00:00:00,2026-02-25 00:00:00,0.09375,6.0,2026-02-25 10:17:00,42.28,46.41921127236882,45.41925092581495,23,972.44,41.0116,43.5484,2026-02-27 15:59:00,42.7,WEEK_END_CLOSE,9.66000000000004,0.9933774834437026
NSC,2026-02-24 00:00:00,2026-02-25 00:00:00,0.1515151515151515,10.0,2026-02-25 10:30:00,311.205,44.10093750137521,43.19718481538764,3,933.615,301.86884999999995,320.54115,2026-02-27 15:59:00,314.56,WEEK_END_CLOSE,10.065000000000055,1.0780675117687766
JCI,2026-02-24 00:00:00,2026-02-25 00:00:00,0.1093394077448747,7.0,2026-02-25 10:38:00,143.88,44.59677406547412,42.97295365643251,6,863.28,139.56359999999998,148.1964,2026-02-27 15:59:00,144.3,WEEK_END_CLOSE,2.5200000000000955,0.29190992493746126
ISRG,2026-02-24 00:00:00,2026-02-25 00:00:00,0.0789636027143738,4.0,2026-02-25 11:07:00,501.465,53.55436138291831,48.78825714371306,1,501.465,486.42105,516.50895,2026-02-27 15:59:00,503.34,WEEK_END_CLOSE,1.875,0.37390445993239485
CRH,2026-02-25 00:00:00,2026-02-26 00:00:00,0.0344827586206896,5.0,2026-02-26 09:46:00,120.275,45.99472431335833,40.96870427384324,8,962.2,116.66675000000001,123.88325,2026-02-27 10:24:00,116.66675000000001,STOP_LOSS,-28.865999999999985,-3.0000000000000027
TFC,2026-02-25 00:00:00,2026-02-26 00:00:00,0.0481012658227848,10.0,2026-02-26 09:49:00,51.4,58.284228488739,56.204369363039234,19,976.6,49.858,52.942,2026-02-27 09:50:00,49.858,STOP_LOSS,-29.29800000000003,-3.0000000000000027
BMY,2026-02-25 00:00:00,2026-02-26 00:00:00,0.0353107344632768,6.0,2026-02-26 09:52:00,61.215,54.56911274835227,53.40409435327012,16,979.44,59.378550000000004,63.05145,2026-02-27 15:59:00,62.36,WEEK_END_CLOSE,18.319999999999936,1.8704565874377188
ICE,2026-02-25 00:00:00,2026-02-26 00:00:00,0.0449897750511247,8.0,2026-02-26 09:57:00,162.18,64.31436831285939,61.06382040830709,6,973.08,157.3146,167.0454,2026-02-27 15:59:00,164.24,WEEK_END_CLOSE,12.360000000000014,1.270193612036019
ITW,2026-02-25 00:00:00,2026-02-26 00:00:00,0.0405932864949258,7.0,2026-02-26 10:12:00,287.74,47.23869701239715,45.33996903385803,3,863.22,279.1078,296.3722,2026-02-27 15:59:00,290.59,WEEK_END_CLOSE,8.549999999999898,0.9904775144227385
AON,2026-02-25 00:00:00,2026-02-26 00:00:00,0.0223880597014925,2.0,2026-02-26 10:13:00,331.57,62.83954426938982,62.27693167445246,3,994.71,321.62289999999996,341.5171,2026-02-27 15:59:00,335.56,WEEK_END_CLOSE,11.970000000000027,1.2033658051090246
TGT,2026-02-26 00:00:00,2026-02-27 00:00:00,0.1099800209304538,9.0,2026-02-27 09:46:00,112.72,48.17014035232179,44.56105099609304,8,901.76,109.3384,116.1016,2026-02-27 15:59:00,113.77,WEEK_END_CLOSE,8.399999999999977,0.9315117104329307
MDLZ,2026-02-26 00:00:00,2026-02-27 00:00:00,0.0706106870229007,7.0,2026-02-27 09:52:00,60.3872,51.96574035032297,51.097843011464235,16,966.1952,58.575584,62.198816,2026-02-27 15:59:00,61.56,WEEK_END_CLOSE,18.764800000000037,1.9421334322505368
TT,2026-02-26 00:00:00,2026-02-27 00:00:00,0.0419161676646706,3.0,2026-02-27 10:00:00,454.01,52.884548857115945,49.71950061607836,2,908.02,440.3897,467.6303,2026-02-27 15:59:00,462.24,WEEK_END_CLOSE,16.460000000000036,1.812735402303911
TRV,2026-02-26 00:00:00,2026-02-27 00:00:00,0.0654761904761904,6.0,2026-02-27 10:07:00,305.43,46.435896594859905,44.946548019081966,3,916.29,296.26709999999997,314.59290000000004,2026-02-27 15:59:00,308.7,WEEK_END_CLOSE,9.809999999999945,1.0706217463903211
EQIX,2026-02-26 00:00:00,2026-02-27 00:00:00,0.0496894409937888,4.0,2026-02-27 10:12:00,958.4,55.340682692897005,54.65959302849865,1,958.4,929.6479999999999,987.152,2026-02-27 15:59:00,974.58,WEEK_END_CLOSE,16.180000000000064,1.6882303839732993
FDX,2026-02-27 00:00:00,2026-03-02 00:00:00,0.0019120458891013,1.0,2026-03-02 09:45:00,384.21,38.59621002923432,36.57210663761677,2,768.42,372.6837,395.73629999999997,2026-03-05 14:30:00,372.6837,STOP_LOSS,-23.052599999999984,-3.0000000000000027
DUK,2026-02-27 00:00:00,2026-03-02 00:00:00,0.0895522388059701,9.0,2026-03-02 09:46:00,131.52,62.26431988600227,55.05714231114443,7,920.6400000000001,127.57440000000001,135.46560000000002,2026-03-06 15:59:00,132.48,WEEK_END_CLOSE,6.719999999999857,0.7299270072992581
APD,2026-02-27 00:00:00,2026-03-02 00:00:00,0.0869565217391304,8.0,2026-03-02 09:47:00,273.005,49.06979009282753,45.05306917212936,3,819.015,264.81485,281.19515,2026-03-06 15:59:00,272.17,WEEK_END_CLOSE,-2.5049999999999386,-0.30585520411713363
WMB,2026-02-27 00:00:00,2026-03-02 00:00:00,0.0693069306930693,5.0,2026-03-02 09:52:00,75.47,58.3892704580407,58.252905722236584,13,981.11,73.2059,77.7341,2026-03-06 15:59:00,74.23,WEEK_END_CLOSE,-16.119999999999933,-1.6430369683317791
MCO,2026-02-27 00:00:00,2026-03-02 00:00:00,0.0262112787926926,2.0,2026-03-02 09:53:00,466.22,44.84788848500615,44.18933602963174,2,932.44,452.2334,480.20660000000004,2026-03-06 15:59:00,471.97,WEEK_END_CLOSE,11.5,1.2333233237527441
RSG,2026-02-27 00:00:00,2026-03-02 00:00:00,0.0648148148148148,4.0,2026-03-02 09:53:00,231.055,61.75274105168632,60.806341300640774,4,924.22,224.12335,237.98665000000003,2026-03-06 15:59:00,231.05,WEEK_END_CLOSE,-0.01999999999998181,-0.00216398692951536
DLR,2026-02-27 00:00:00,2026-03-02 00:00:00,0.0833333333333333,7.0,2026-03-02 09:54:00,175.63,49.656246608648395,48.38454538608196,5,878.15,170.3611,180.8989,2026-03-04 10:30:00,180.8989,TAKE_PROFIT,26.34450000000001,3.0000000000000027
EQIX,2026-02-27 00:00:00,2026-03-02 00:00:00,0.0916870415647921,10.0,2026-03-02 09:54:00,965.645,51.25778191434742,51.20195239954357,1,965.645,936.6756499999999,994.6143500000001,2026-03-06 12:41:00,936.6756499999999,STOP_LOSS,-28.969350000000077,-3.0000000000000027
PEP,2026-02-27 00:00:00,2026-03-02 00:00:00,0.0718308558766503,6.0,2026-03-02 09:58:00,168.82,53.31011853352773,51.281655049727284,5,844.0999999999999,163.75539999999998,173.8846,2026-03-03 11:42:00,163.75539999999998,STOP_LOSS,-25.323000000000064,-3.0000000000000027
MRSH,2026-03-02 00:00:00,2026-03-03 00:00:00,0.05,4.0,2026-03-03 09:54:00,183.91,39.06424346077649,38.940252814142454,5,919.55,178.3927,189.4273,2026-03-06 15:59:00,183.12,WEEK_END_CLOSE,-3.94999999999996,-0.4295579359469226
TRV,2026-03-02 00:00:00,2026-03-03 00:00:00,0.1756756756756756,10.0,2026-03-03 09:55:00,305.91,36.56301384434736,35.82328343556575,3,917.73,296.7327,315.0873,2026-03-06 15:59:00,306.3,WEEK_END_CLOSE,1.169999999999959,0.1274884770030349
SPG,2026-03-02 00:00:00,2026-03-03 00:00:00,0.0978723404255319,6.0,2026-03-03 09:58:00,199.21,40.09837700351406,35.75275377120719,5,996.0500000000001,193.2337,205.18630000000002,2026-03-06 15:59:00,194.82,WEEK_END_CLOSE,-21.950000000000074,-2.203704633301551
WELL,2026-03-02 00:00:00,2026-03-03 00:00:00,0.0170212765957446,2.0,2026-03-03 10:02:00,207.24,50.933701272588024,49.622139242589164,4,828.96,201.0228,213.45720000000003,2026-03-05 11:05:00,201.0228,STOP_LOSS,-24.86880000000008,-3.0000000000000138
JCI,2026-03-02 00:00:00,2026-03-03 00:00:00,0.0190703218116805,3.0,2026-03-03 10:06:00,139.51,41.591978078434636,38.401002628906504,7,976.5699999999999,135.32469999999998,143.6953,2026-03-05 12:32:00,135.27,STOP_LOSS_GAP,-29.679999999999865,-3.0392086588774903
SLB,2026-03-02 00:00:00,2026-03-03 00:00:00,0.1227707698999565,7.0,2026-03-03 10:07:00,48.86,31.488033065577795,31.410504401976848,20,977.2,47.3942,50.3258,2026-03-05 09:30:00,47.3942,STOP_LOSS,-29.31600000000003,-3.0000000000000027
GILD,2026-03-02 00:00:00,2026-03-03 00:00:00,0.1565891472868217,9.0,2026-03-03 10:12:00,145.86,39.32793038143664,39.21882159774854,6,875.1600000000001,141.48420000000002,150.2358,2026-03-06 15:59:00,143.92,WEEK_END_CLOSE,-11.640000000000157,-1.3300425065131072
AON,2026-03-03 00:00:00,2026-03-04 00:00:00,0.0833333333333333,9.0,2026-03-04 09:49:00,339.76,56.60294305769564,50.86039870604697,2,679.52,329.56719999999996,349.9528,2026-03-06 15:59:00,340.6,WEEK_END_CLOSE,1.6800000000000637,0.24723334118201823
AFL,2026-03-03 00:00:00,2026-03-04 00:00:00,0.0434782608695652,5.0,2026-03-04 09:51:00,111.545,41.22161438249295,40.78564692692943,8,892.36,108.19865,114.89135,2026-03-06 15:59:00,111.28,WEEK_END_CLOSE,-2.1200000000000045,-0.23757228024564592
SO,2026-03-03 00:00:00,2026-03-04 00:00:00,0.0255681818181818,4.0,2026-03-04 09:51:00,96.84,46.073214099507844,46.008836716218475,10,968.4000000000001,93.9348,99.74520000000001,2026-03-06 15:59:00,97.49,WEEK_END_CLOSE,6.499999999999915,0.6712102437009371
CSX,2026-03-03 00:00:00,2026-03-04 00:00:00,0.0666666666666666,8.0,2026-03-04 09:54:00,42.605,43.22561064429246,42.4648796814537,23,979.915,41.32684999999999,43.88315,2026-03-05 11:00:00,41.32684999999999,STOP_LOSS,-29.397450000000084,-3.0000000000000138
CRH,2026-03-03 00:00:00,2026-03-04 00:00:00,0.0048780487804878,2.0,2026-03-04 09:59:00,113.095,48.78404467542394,41.98704286968391,8,904.76,109.70214999999999,116.48785000000001,2026-03-06 09:30:00,108.0,STOP_LOSS_GAP,-40.75999999999999,-4.505062115920245
SPGI,2026-03-03 00:00:00,2026-03-04 00:00:00,0.0461538461538461,6.0,2026-03-04 10:05:00,445.66,52.51260355151059,48.49311308216522,2,891.32,432.2902,459.0298,2026-03-06 15:59:00,452.22,WEEK_END_CLOSE,13.120000000000005,1.4719741506978412
NSC,2026-03-03 00:00:00,2026-03-04 00:00:00,0.0,1.0,2026-03-04 10:06:00,315.07,45.5738905666893,44.77951175956934,3,945.21,305.61789999999996,324.5221,2026-03-06 09:32:00,305.61789999999996,STOP_LOSS,-28.35630000000009,-3.0000000000000138
ETN,2026-03-04 00:00:00,2026-03-05 00:00:00,0.0970873786407767,10.0,2026-03-05 09:46:00,352.36,39.44800910365303,37.554415098223565,2,704.72,341.7892,362.93080000000003,2026-03-06 09:37:00,341.7892,STOP_LOSS,-21.14160000000004,-3.0000000000000027
FTNT,2026-03-04 00:00:00,2026-03-05 00:00:00,0.0295634238569955,4.0,2026-03-05 09:50:00,83.71,53.60236921779158,52.32249024150157,11,920.81,81.19869999999999,86.2213,2026-03-06 15:59:00,83.68,WEEK_END_CLOSE,-0.3299999999998562,-0.035838012184907786
MDLZ,2026-03-04 00:00:00,2026-03-05 00:00:00,0.0909090909090909,9.0,2026-03-05 09:53:00,57.945,42.47611652693212,41.255508548294564,17,985.065,56.206649999999996,59.683350000000004,2026-03-06 15:59:00,58.385,WEEK_END_CLOSE,7.479999999999961,0.7593407541634178
CL,2026-03-04 00:00:00,2026-03-05 00:00:00,0.0833333333333333,8.0,2026-03-05 09:57:00,94.04,35.80747237485153,34.19291669386458,10,940.4000000000001,91.2188,96.86120000000001,2026-03-06 15:59:00,93.54,WEEK_END_CLOSE,-5.0,-0.531688643130579
BSX,2026-03-04 00:00:00,2026-03-05 00:00:00,0.0529958473403203,5.0,2026-03-05 10:09:00,71.69,41.37455010171214,39.16731315009157,13,931.97,69.5393,73.8407,2026-03-06 15:59:00,71.3,WEEK_END_CLOSE,-5.070000000000007,-0.5440089273259896
WELL,2026-03-04 00:00:00,2026-03-05 00:00:00,0.0666666666666666,6.0,2026-03-05 11:22:00,200.045,36.47275714155186,35.2293936551987,4,800.18,194.04364999999999,206.04635,2026-03-06 15:59:00,204.3,WEEK_END_CLOSE,17.020000000000095,2.127021420180464
FDX,2026-03-04 00:00:00,2026-03-05 00:00:00,0.0029761904761904,1.0,2026-03-05 14:39:00,372.88,44.17197023765879,42.0820378771831,2,745.76,361.6936,384.0664,2026-03-06 09:30:00,361.6936,STOP_LOSS,-22.372799999999984,-3.0000000000000027
REGN,2026-03-05 00:00:00,2026-03-06 00:00:00,0.0542986425339366,7.0,2026-03-06 09:48:00,757.83,52.187159749864385,51.64635450707602,1,757.83,735.0951,780.5649000000001,2026-03-06 15:59:00,759.635,WEEK_END_CLOSE,1.80499999999995,0.2381800667695888
ADI,2026-03-05 00:00:00,2026-03-06 00:00:00,0.0407204385277995,5.0,2026-03-06 09:51:00,321.35,49.94320568546726,49.63071662015465,3,964.0500000000001,311.7095,330.99050000000005,2026-03-06 15:59:00,315.8,WEEK_END_CLOSE,-16.650000000000034,-1.7270888439396281
FDX,2026-03-05 00:00:00,2026-03-06 00:00:00,0.0049875311720698,3.0,2026-03-06 09:58:00,359.83,40.07722726275287,37.305222877736085,2,719.66,349.0351,370.62489999999997,2026-03-06 15:59:00,358.98,WEEK_END_CLOSE,-1.6999999999999318,-0.23622266070087994
TEL,2026-03-05 00:00:00,2026-03-06 00:00:00,0.0137457044673539,4.0,2026-03-06 09:59:00,205.785,46.440866141773746,43.34234811211169,4,823.14,199.61145,211.95855,2026-03-06 15:59:00,205.81,WEEK_END_CLOSE,0.10000000000002274,0.012148601695938233
AJG,2026-03-05 00:00:00,2026-03-06 00:00:00,0.0473372781065088,6.0,2026-03-06 10:07:00,226.055,48.57005466585075,47.688990347682264,4,904.22,219.27335,232.83665000000002,2026-03-06 15:59:00,227.93,WEEK_END_CLOSE,7.5,0.8294441618190262
CI,2026-03-05 00:00:00,2026-03-06 00:00:00,0.0821917808219178,10.0,2026-03-06 10:08:00,271.74,42.24907732687624,36.83997042420922,3,815.22,263.5878,279.8922,2026-03-06 15:59:00,271.62,WEEK_END_CLOSE,-0.36000000000001364,-0.04415985868845285
SLB,2026-03-05 00:00:00,2026-03-06 00:00:00,0.0584780388151174,8.0,2026-03-06 10:14:00,46.67,46.67656502484767,46.675534396374,21,980.07,45.2699,48.070100000000004,2026-03-06 15:59:00,46.8704,WEEK_END_CLOSE,4.208399999999891,0.4293979001499748
EQIX,2026-03-05 00:00:00,2026-03-06 00:00:00,0.0816901408450704,9.0,2026-03-06 12:46:00,938.15,45.017074484015815,40.49151110066844,1,938.15,910.0055,966.2945,2026-03-06 15:59:00,936.65,WEEK_END_CLOSE,-1.5,-0.15988914352715877
BSX,2026-03-06 00:00:00,2026-03-09 00:00:00,0.0924092409240924,9.0,2026-03-09 09:45:00,70.48,46.10869861181725,42.1569428619858,14,986.72,68.3656,72.59440000000001,2026-03-11 10:25:00,68.3656,STOP_LOSS,-29.601600000000047,-3.0000000000000027
KMI,2026-03-06 00:00:00,2026-03-09 00:00:00,0.0418326693227091,5.0,2026-03-09 09:46:00,33.41,47.88993702145034,42.25801739665762,29,968.8899999999999,32.4077,34.412299999999995,2026-03-13 15:59:00,33.39,WEEK_END_CLOSE,-0.5799999999998846,-0.05986231667164388
DHR,2026-03-06 00:00:00,2026-03-09 00:00:00,0.0423728813559322,6.0,2026-03-09 09:47:00,194.54,43.95569808459684,40.133160319212486,5,972.6999999999999,188.7038,200.37619999999998,2026-03-12 12:07:00,188.7038,STOP_LOSS,-29.180999999999955,-2.9999999999999916
SO,2026-03-06 00:00:00,2026-03-09 00:00:00,0.1,10.0,2026-03-09 09:48:00,97.17,48.35730890245459,47.7124473167861,10,971.7,94.25489999999999,100.08510000000001,2026-03-13 15:59:00,98.02,WEEK_END_CLOSE,8.499999999999943,0.874755582998854
CRH,2026-03-06 00:00:00,2026-03-09 00:00:00,0.08,7.0,2026-03-09 09:55:00,102.53,40.40314416976088,38.01892714599473,9,922.77,99.4541,105.6059,2026-03-09 15:31:00,105.6059,TAKE_PROFIT,27.68310000000004,3.0000000000000027
PCAR,2026-03-06 00:00:00,2026-03-09 00:00:00,0.0859375,8.0,2026-03-09 09:55:00,117.62,40.23305063835339,38.6449674531919,8,940.96,114.09140000000001,121.1486,2026-03-09 15:39:00,121.1486,TAKE_PROFIT,28.22879999999998,3.0000000000000027
ITW,2026-03-06 00:00:00,2026-03-09 00:00:00,0.0109664153529814,3.0,2026-03-09 09:57:00,271.45,43.40827218765408,42.295908372237584,3,814.3499999999999,263.30649999999997,279.5935,2026-03-13 15:59:00,267.01,WEEK_END_CLOSE,-13.319999999999993,-1.635660342604528
AON,2026-03-06 00:00:00,2026-03-09 00:00:00,0.0408163265306122,4.0,2026-03-09 10:00:00,336.31,46.491753619962985,46.01434290242197,2,672.62,326.22069999999997,346.39930000000004,2026-03-10 09:46:00,326.22069999999997,STOP_LOSS,-20.178600000000074,-3.0000000000000138
FDX,2026-03-06 00:00:00,2026-03-09 00:00:00,0.0026881720430107,2.0,2026-03-09 10:00:00,348.03,43.99602552732487,43.20901487622585,2,696.06,337.5891,358.4709,2026-03-09 15:23:00,358.4709,TAKE_PROFIT,20.8818,3.0000000000000027
AMT,2026-03-09 00:00:00,2026-03-10 00:00:00,0.1108647450110864,8.0,2026-03-10 09:45:00,187.655,54.30843496128933,49.619546371389255,5,938.275,182.02535,193.28465,2026-03-12 09:30:00,181.06,STOP_LOSS_GAP,-32.974999999999994,-3.514428072793152
MO,2026-03-09 00:00:00,2026-03-10 00:00:00,0.1360170242950877,9.0,2026-03-10 09:56:00,66.765,54.89940150945089,53.145954920063225,14,934.71,64.76205,68.76795,2026-03-13 15:59:00,67.93,WEEK_END_CLOSE,16.310000000000088,1.7449262338051552
LIN,2026-03-09 00:00:00,2026-03-10 00:00:00,0.0210084033613445,2.0,2026-03-10 09:57:00,478.16,50.772586828713656,45.79479480204303,2,956.32,463.8152,492.50480000000005,2026-03-12 14:51:00,492.50480000000005,TAKE_PROFIT,28.68960000000004,3.0000000000000027
NSC,2026-03-09 00:00:00,2026-03-10 00:00:00,0.1428571428571428,10.0,2026-03-10 10:05:00,300.985,54.45825167868172,53.618017436236535,3,902.955,291.95545,310.01455000000004,2026-03-12 09:37:00,291.95545,STOP_LOSS,-27.088650000000086,-3.0000000000000138
PCAR,2026-03-09 00:00:00,2026-03-10 00:00:00,0.0224719101123595,3.0,2026-03-10 10:14:00,119.175,50.991026498077034,45.47317473612079,8,953.4,115.59975,122.75025,2026-03-13 10:46:00,115.59975,STOP_LOSS,-28.601999999999975,-3.0000000000000027
CRH,2026-03-09 00:00:00,2026-03-10 00:00:00,0.0256410256410256,4.0,2026-03-10 10:20:00,106.425,59.54492252982593,55.5506665732357,9,957.8249999999999,103.23225,109.61775,2026-03-12 09:30:00,102.19,STOP_LOSS_GAP,-38.114999999999995,-3.9793281653746737
RSG,2026-03-09 00:00:00,2026-03-10 00:00:00,0.006310958118187,1.0,2026-03-10 10:21:00,220.745,32.38429277700921,30.02442881496085,4,882.98,214.12265,227.36735000000002,2026-03-12 10:52:00,227.36735000000002,TAKE_PROFIT,26.489400000000046,3.0000000000000027
AON,2026-03-09 00:00:00,2026-03-10 00:00:00,0.0289855072463768,5.0,2026-03-10 10:29:00,322.88,40.57289042328022,34.802960538297214,3,968.64,313.1936,332.5664,2026-03-13 15:59:00,321.48,WEEK_END_CLOSE,-4.199999999999932,-0.4335976214073223
VRTX,2026-03-09 00:00:00,2026-03-10 00:00:00,0.0953125,7.0,2026-03-10 10:34:00,503.25,71.06395844363934,69.03171451638212,1,503.25,488.1525,518.3475,2026-03-12 09:30:00,488.1525,STOP_LOSS,-15.097500000000025,-3.0000000000000027
WELL,2026-03-09 00:00:00,2026-03-10 00:00:00,0.0636363636363636,6.0,2026-03-10 10:42:00,209.25,58.6958063384324,55.5892931071949,4,837.0,202.9725,215.5275,2026-03-13 15:59:00,207.82,WEEK_END_CLOSE,-5.720000000000027,-0.6833930704898461
PEP,2026-03-10 00:00:00,2026-03-11 00:00:00,0.0418194161575017,6.0,2026-03-11 09:46:00,159.735,32.801839052033316,30.25766995168546,6,958.4100000000001,154.94295,164.52705000000003,2026-03-13 15:59:00,159.92,WEEK_END_CLOSE,1.1099999999998431,0.11581682161077023
EMR,2026-03-10 00:00:00,2026-03-11 00:00:00,0.0023820867079561,1.0,2026-03-11 09:53:00,138.11,41.98819026945233,38.46785381704961,7,966.7700000000001,133.9667,142.25330000000002,2026-03-12 10:38:00,133.9667,STOP_LOSS,-29.003100000000074,-3.0000000000000027
FDX,2026-03-10 00:00:00,2026-03-11 00:00:00,0.0195530726256983,4.0,2026-03-11 09:53:00,358.09,43.68512469409692,36.76739164915941,2,716.18,347.34729999999996,368.8327,2026-03-13 15:59:00,351.62,WEEK_END_CLOSE,-12.93999999999994,-1.8068083442709826
SPGI,2026-03-10 00:00:00,2026-03-11 00:00:00,0.0578512396694214,8.0,2026-03-11 09:58:00,435.855,49.64458882839969,48.147402065515394,2,871.71,422.77935,448.93065,2026-03-11 11:02:00,422.77935,STOP_LOSS,-26.151299999999992,-3.0000000000000027
EQIX,2026-03-10 00:00:00,2026-03-11 00:00:00,0.0600924499229583,9.0,2026-03-11 10:27:00,966.48,56.303941988437956,55.20687443916332,1,966.48,937.4856,995.4744000000001,2026-03-13 15:59:00,970.13,WEEK_END_CLOSE,3.6499999999999773,0.3776591341776214
SPGI,2026-03-10 00:00:00,2026-03-11 00:00:00,0.0578512396694214,8.0,2026-03-11 11:12:00,419.16,32.960666807812885,30.32308913294926,2,838.32,406.5852,431.73480000000006,2026-03-13 15:59:00,422.565,WEEK_END_CLOSE,6.809999999999945,0.8123389636415679
REGN,2026-03-11 00:00:00,2026-03-12 00:00:00,0.0546448087431694,9.0,2026-03-12 09:46:00,761.14,42.22549505940289,40.0807378458568,1,761.14,738.3058,783.9742,2026-03-13 15:59:00,745.82,WEEK_END_CLOSE,-15.319999999999936,-2.0127703182068912
SHW,2026-03-11 00:00:00,2026-03-12 00:00:00,0.0583657587548638,10.0,2026-03-12 09:48:00,321.1,43.65674710964273,41.96348946290516,3,963.3000000000001,311.46700000000004,330.733,2026-03-13 15:59:00,319.73,WEEK_END_CLOSE,-4.110000000000014,-0.42665836188103823
TT,2026-03-11 00:00:00,2026-03-12 00:00:00,0.0,1.0,2026-03-12 10:02:00,427.29,54.238217008015276,49.33530337112231,2,854.58,414.4713,440.10870000000006,2026-03-13 15:59:00,422.41,WEEK_END_CLOSE,-9.759999999999991,-1.1420814903227328
WBD,2026-03-11 00:00:00,2026-03-12 00:00:00,0.0223708857372223,6.0,2026-03-12 10:34:00,27.77,53.204023773013404,49.1834859103501,36,999.72,26.936899999999998,28.6031,2026-03-13 15:59:00,27.145,WEEK_END_CLOSE,-22.5,-2.2506301764494085
CRH,2026-03-12 00:00:00,2026-03-13 00:00:00,0.0526315789473684,10.0,2026-03-13 09:49:00,99.965,53.48335440092072,53.45153398352601,10,999.6500000000001,96.96605,102.96395000000001,2026-03-13 15:59:00,99.82,WEEK_END_CLOSE,-1.4500000000001023,-0.1450507677687285
SLB,2026-03-12 00:00:00,2026-03-13 00:00:00,0.0462130937098844,9.0,2026-03-13 09:57:00,44.35,50.308486776514975,49.21938622419315,22,975.7,43.0195,45.6805,2026-03-13 15:59:00,44.735,WEEK_END_CLOSE,8.469999999999956,0.8680947012401408
CSX,2026-03-12 00:00:00,2026-03-13 00:00:00,0.0331125827814569,7.0,2026-03-13 10:13:00,39.27,45.58515983335718,44.42046742071956,25,981.7500000000001,38.0919,40.448100000000004,2026-03-13 15:59:00,39.31,WEEK_END_CLOSE,0.9999999999999787,0.10185892538834285
RSG,2026-03-12 00:00:00,2026-03-13 00:00:00,0.00920245398773,3.0,2026-03-13 10:22:00,225.2825,43.762417273392686,41.53896045880509,4,901.13,218.524025,232.040975,2026-03-13 15:59:00,224.29,WEEK_END_CLOSE,-3.9700000000000273,-0.44055796610922293
PCAR,2026-03-12 00:00:00,2026-03-13 00:00:00,0.008130081300813,2.0,2026-03-13 10:48:00,115.985,46.79358392684744,40.668888894536046,8,927.88,112.50545,119.46455,2026-03-13 15:59:00,115.32,WEEK_END_CLOSE,-5.32000000000005,-0.5733500021554594
ELV,2026-03-13 00:00:00,2026-03-16 00:00:00,0.0417287630402384,4.0,2026-03-16 09:57:00,293.485,50.833655757677704,48.8278409020454,3,880.455,284.68045,302.28955,2026-03-20 15:59:00,291.56,WEEK_END_CLOSE,-5.775000000000034,-0.6559108642690492
NSC,2026-03-13 00:00:00,2026-03-16 00:00:00,0.0714285714285714,10.0,2026-03-16 10:02:00,293.2,57.78388540253848,56.6866860719814,3,879.5999999999999,284.404,301.996,2026-03-18 15:38:00,284.404,STOP_LOSS,-26.387999999999977,-3.0000000000000027
EMR,2026-03-13 00:00:00,2026-03-16 00:00:00,0.0625,9.0,2026-03-16 10:04:00,133.8675,52.15587266735831,50.411049729366304,7,937.0725,129.851475,137.88352500000002,2026-03-18 14:54:00,129.851475,STOP_LOSS,-28.112175000000093,-3.0000000000000138
BSX,2026-03-13 00:00:00,2026-03-16 00:00:00,0.0603290676416819,8.0,2026-03-16 10:07:00,69.65,54.07468620156505,47.388759350982184,14,975.1000000000001,67.5605,71.7395,2026-03-17 11:25:00,71.7395,TAKE_PROFIT,29.253000000000014,3.0000000000000027
ICE,2026-03-13 00:00:00,2026-03-16 00:00:00,0.0409207161125319,3.0,2026-03-16 10:07:00,160.92,57.71187014006825,54.97416135429529,6,965.52,156.09239999999997,165.7476,2026-03-19 10:15:00,156.09239999999997,STOP_LOSS,-28.96560000000011,-3.0000000000000138
PSX,2026-03-13 00:00:00,2026-03-16 00:00:00,0.0592105263157894,7.0,2026-03-16 10:07:00,173.705,48.32084133687782,44.120105115172684,5,868.5250000000001,168.49385,178.91615000000002,2026-03-19 10:23:00,178.91615000000002,TAKE_PROFIT,26.055750000000018,3.0000000000000027
CRH,2026-03-13 00:00:00,2026-03-16 00:00:00,0.0434782608695652,5.0,2026-03-16 10:08:00,102.47,62.0064783757014,60.26541540871654,9,922.23,99.3959,105.5441,2026-03-19 09:30:00,99.03,STOP_LOSS_GAP,-30.95999999999998,-3.3570801210110246
KMI,2026-03-13 00:00:00,2026-03-16 00:00:00,0.0561224489795918,6.0,2026-03-16 10:11:00,33.26,45.88007215906703,41.62209686211703,30,997.8,32.2622,34.257799999999996,2026-03-20 15:59:00,32.86,WEEK_END_CLOSE,-11.999999999999957,-1.20264582080577
ITW,2026-03-13 00:00:00,2026-03-16 00:00:00,0.0068775790921595,1.0,2026-03-16 10:56:00,268.2,53.41202727245637,47.75212118230045,3,804.5999999999999,260.154,276.246,2026-03-19 09:30:00,258.0,STOP_LOSS_GAP,-30.599999999999966,-3.803131991051445
SO,2026-03-13 00:00:00,2026-03-16 00:00:00,0.021209740769835,2.0,2026-03-16 11:18:00,98.53,56.436341965157936,47.18840650657771,10,985.3,95.5741,101.4859,2026-03-19 12:27:00,95.5741,STOP_LOSS,-29.558999999999997,-3.0000000000000027
JCI,2026-03-16 00:00:00,2026-03-17 00:00:00,0.033722438391699,4.0,2026-03-17 09:47:00,132.015,53.85629873287956,53.768568190641055,7,924.1049999999999,128.05454999999998,135.97545,2026-03-20 15:59:00,129.69,WEEK_END_CLOSE,-16.27499999999992,-1.761163504147245
EQIX,2026-03-16 00:00:00,2026-03-17 00:00:00,0.0837988826815642,10.0,2026-03-17 09:48:00,984.58,52.721088525595114,45.76159555833932,1,984.58,955.0426,1014.1174000000001,2026-03-20 15:50:00,955.0426,STOP_LOSS,-29.537400000000048,-3.0000000000000027
CSX,2026-03-16 00:00:00,2026-03-17 00:00:00,0.0289276807980049,3.0,2026-03-17 09:52:00,40.295,58.68069872567441,56.22069338969404,24,967.08,39.08615,41.50385,2026-03-19 09:30:00,39.08615,STOP_LOSS,-29.012399999999957,-2.9999999999999916
RSG,2026-03-16 00:00:00,2026-03-17 00:00:00,0.0833333333333333,9.0,2026-03-17 09:55:00,225.29,53.59208566178774,53.27953108206949,4,901.16,218.5313,232.0487,2026-03-20 15:59:00,219.42,WEEK_END_CLOSE,-23.480000000000018,-2.605530649385235
UNP,2026-03-16 00:00:00,2026-03-17 00:00:00,0.0674055643519565,6.0,2026-03-17 10:02:00,243.71,53.461891103111704,48.97983786164941,4,974.84,236.3987,251.02130000000002,2026-03-18 15:38:00,236.3987,STOP_LOSS,-29.245200000000068,-3.0000000000000027
FTNT,2026-03-16 00:00:00,2026-03-17 00:00:00,0.0678950025239777,7.0,2026-03-17 10:49:00,84.9,51.625615995845,49.38441608030002,11,933.9000000000001,82.35300000000001,87.447,2026-03-18 09:30:00,82.35300000000001,STOP_LOSS,-28.016999999999967,-2.9999999999999916
DASH,2026-03-17 00:00:00,2026-03-18 00:00:00,0.0666061941168848,6.0,2026-03-18 09:47:00,169.13,52.84478890689115,47.88266788558065,5,845.65,164.0561,174.2039,2026-03-19 09:30:00,162.58,STOP_LOSS_GAP,-32.749999999999915,-3.872760598356284
MDT,2026-03-17 00:00:00,2026-03-18 00:00:00,0.0628218331616889,5.0,2026-03-18 09:47:00,87.9399,47.590259604588944,44.42248780944188,11,967.3389,85.30170299999999,90.578097,2026-03-20 15:59:00,86.2,WEEK_END_CLOSE,-19.138899999999907,-1.9785103235277601
MCO,2026-03-17 00:00:00,2026-03-18 00:00:00,0.025297619047619,4.0,2026-03-18 09:50:00,439.42,49.53252134301013,48.48907911539284,2,878.84,426.2374,452.60260000000005,2026-03-20 15:59:00,435.03,WEEK_END_CLOSE,-8.780000000000086,-0.9990441946201911
MRSH,2026-03-17 00:00:00,2026-03-18 00:00:00,0.0009389671361502,2.0,2026-03-18 09:59:00,171.51,50.38504535412597,48.90862708646731,5,857.55,166.3647,176.65529999999998,2026-03-20 14:03:00,176.65529999999998,TAKE_PROFIT,25.72649999999996,3.0000000000000027
MMM,2026-03-17 00:00:00,2026-03-18 00:00:00,0.1005061460592914,9.0,2026-03-18 10:21:00,144.95,39.554830121405566,37.37250785540254,6,869.6999999999999,140.6015,149.2985,2026-03-20 12:31:00,140.6015,STOP_LOSS,-26.091000000000008,-3.0000000000000027
ADBE,2026-03-17 00:00:00,2026-03-18 00:00:00,0.114850253280801,10.0,2026-03-18 10:22:00,250.32,42.77732589522581,41.013398344651435,3,750.96,242.8104,257.8296,2026-03-20 09:30:00,242.8,STOP_LOSS_GAP,-22.559999999999945,-3.004154682007021
CB,2026-03-18 00:00:00,2026-03-19 00:00:00,0.04,8.0,2026-03-19 09:46:00,328.79,47.813582519228156,44.72509717783431,3,986.3700000000001,318.9263,338.6537,2026-03-20 15:59:00,322.59,WEEK_END_CLOSE,-18.600000000000136,-1.8857021198941726
AON,2026-03-18 00:00:00,2026-03-19 00:00:00,0.0192307692307692,5.0,2026-03-19 09:47:00,319.42,51.96109118285254,51.883828599357734,3,958.26,309.8374,329.00260000000003,2026-03-20 15:59:00,325.74,WEEK_END_CLOSE,18.95999999999998,1.9785861874647814
MDLZ,2026-03-18 00:00:00,2026-03-19 00:00:00,0.0091977516607051,4.0,2026-03-19 09:53:00,56.46,52.59527284300551,52.05846426645876,17,959.82,54.7662,58.153800000000004,2026-03-20 15:59:00,56.23,WEEK_END_CLOSE,-3.9100000000000676,-0.4073680481757047
REGN,2026-03-18 00:00:00,2026-03-19 00:00:00,0.042,9.0,2026-03-19 09:59:00,743.04,50.22050225974206,46.60000802556693,1,743.04,720.7488,765.3312,2026-03-20 15:59:00,732.79,WEEK_END_CLOSE,-10.25,-1.379468130921624
DUK,2026-03-18 00:00:00,2026-03-19 00:00:00,0.0491978609625668,10.0,2026-03-19 10:30:00,131.14,51.5190500569682,48.94516262125224,7,917.9799999999999,127.20579999999998,135.0742,2026-03-20 15:42:00,127.20579999999998,STOP_LOSS,-27.53940000000003,-3.0000000000000027
EMR,2026-03-18 00:00:00,2026-03-19 00:00:00,0.0079754601226993,2.0,2026-03-19 10:31:00,128.27,49.232284074969016,46.160183499732355,7,897.8900000000001,124.42190000000001,132.11810000000003,2026-03-20 15:59:00,128.17,WEEK_END_CLOSE,-0.7000000000001592,-0.07796055196072071
AFL,2026-03-18 00:00:00,2026-03-19 00:00:00,0.0090452261306532,3.0,2026-03-19 10:34:00,107.58,46.76169038981694,43.529456538227606,9,968.22,104.3526,110.8074,2026-03-20 15:59:00,106.28,WEEK_END_CLOSE,-11.699999999999974,-1.2084030488938469
WELL,2026-03-18 00:00:00,2026-03-19 00:00:00,0.0271493212669683,7.0,2026-03-19 10:42:00,210.52,52.14382810197321,51.980197139380266,4,842.08,204.2044,216.83560000000003,2026-03-20 09:32:00,204.2044,STOP_LOSS,-25.26240000000007,-3.0000000000000138
HWM,2026-03-19 00:00:00,2026-03-20 00:00:00,0.0509868421052631,6.0,2026-03-20 09:45:00,232.78,56.13012225259252,48.97376373408554,4,931.12,225.79659999999998,239.76340000000002,2026-03-20 15:59:00,231.25,WEEK_END_CLOSE,-6.1200000000000045,-0.6572729615946349
MCK,2026-03-19 00:00:00,2026-03-20 00:00:00,0.0245215311004784,4.0,2026-03-20 09:45:00,895.75,45.587924759976545,37.38193423626768,1,895.75,868.8774999999999,922.6225000000001,2026-03-20 15:59:00,886.48,WEEK_END_CLOSE,-9.269999999999982,-1.0348869662294091
KO,2026-03-19 00:00:00,2026-03-20 00:00:00,0.0810498514361175,10.0,2026-03-20 09:47:00,75.68,47.600918551270254,46.79696173501501,13,983.8400000000001,73.4096,77.95040000000002,2026-03-20 15:59:00,74.775,WEEK_END_CLOSE,-11.765000000000015,-1.195824524312894
PCAR,2026-03-19 00:00:00,2026-03-20 00:00:00,0.037037037037037,5.0,2026-03-20 09:48:00,112.94,53.76484707718699,48.498191307272904,8,903.52,109.5518,116.3282,2026-03-20 15:59:00,111.33,WEEK_END_CLOSE,-12.879999999999995,-1.4255356826633592
MPC,2026-03-19 00:00:00,2026-03-20 00:00:00,0.0762032085561497,9.0,2026-03-20 09:49:00,235.705,49.147367384146726,43.79750573400159,4,942.82,228.63385,242.77615000000003,2026-03-20 15:59:00,232.75,WEEK_END_CLOSE,-11.82000000000005,-1.2536857512568722
NSC,2026-03-19 00:00:00,2026-03-20 00:00:00,0.0142857142857142,3.0,2026-03-20 09:51:00,278.88,49.556029439467444,48.19277124008238,3,836.64,270.5136,287.2464,2026-03-20 15:59:00,281.25,WEEK_END_CLOSE,7.110000000000014,0.8498278829604189
VRTX,2026-03-19 00:00:00,2026-03-20 00:00:00,0.0541516245487364,7.0,2026-03-20 09:51:00,459.75,57.19710920094189,56.75427878147309,2,919.5,445.9575,473.5425,2026-03-20 15:59:00,454.18,WEEK_END_CLOSE,-11.139999999999986,-1.211528004350193
WELL,2026-03-20 00:00:00,2026-03-23 00:00:00,0.027027027027027,4.0,2026-03-23 09:57:00,199.02,56.29961999392481,56.16675287060745,5,995.1,193.0494,204.99060000000003,2026-03-24 09:31:00,193.0494,STOP_LOSS,-29.853000000000094,-3.0000000000000138
FDX,2026-03-20 00:00:00,2026-03-23 00:00:00,0.0152506289916779,2.0,2026-03-23 09:59:00,366.705,55.91877713113952,53.733269646810776,2,733.41,355.70385,377.70615,2026-03-23 15:58:00,355.70385,STOP_LOSS,-22.00229999999999,-3.0000000000000027
NEE,2026-03-20 00:00:00,2026-03-23 00:00:00,0.0385321100917431,8.0,2026-03-23 10:07:00,90.885,52.66910103366389,51.98363088866202,11,999.735,88.15845,93.61155000000001,2026-03-27 15:59:00,91.37,WEEK_END_CLOSE,5.334999999999994,0.5336414149749613
SO,2026-03-20 00:00:00,2026-03-23 00:00:00,0.0120614035087719,1.0,2026-03-23 10:07:00,94.0,50.79583356358085,47.77269935165515,10,940.0,91.17999999999999,96.82000000000001,2026-03-27 15:59:00,95.51,WEEK_END_CLOSE,15.100000000000051,1.6063829787234196
HPE,2026-03-20 00:00:00,2026-03-23 00:00:00,0.0433864915572232,9.0,2026-03-23 10:09:00,22.15,58.1437656275067,54.43622913328796,45,996.7499999999999,21.4855,22.8145,2026-03-24 11:00:00,22.8145,TAKE_PROFIT,29.902500000000014,3.0000000000000027
PCAR,2026-03-20 00:00:00,2026-03-23 00:00:00,0.0165289256198347,3.0,2026-03-23 10:21:00,114.665,64.7163515666377,62.98398281624377,8,917.32,111.22505,118.10495000000002,2026-03-27 15:59:00,112.77,WEEK_END_CLOSE,-15.160000000000082,-1.652640300004371
REGN,2026-03-20 00:00:00,2026-03-23 00:00:00,0.0360824742268041,7.0,2026-03-23 10:23:00,743.1799,57.226898268709476,52.92455732232996,1,743.1799,720.884503,765.475297,2026-03-27 15:59:00,737.71,WEEK_END_CLOSE,-5.469899999999939,-0.7360129088528788
DLR,2026-03-20 00:00:00,2026-03-23 00:00:00,0.029585798816568,5.0,2026-03-23 10:26:00,177.21,60.36691245823689,57.13558178721431,5,886.0500000000001,171.8937,182.52630000000002,2026-03-27 15:59:00,175.42,WEEK_END_CLOSE,-8.950000000000102,-1.0101010101010166
MPC,2026-03-20 00:00:00,2026-03-23 00:00:00,0.032258064516129,6.0,2026-03-23 10:39:00,236.57,56.34621735801897,55.17717139726714,4,946.28,229.47289999999998,243.6671,2026-03-24 10:03:00,243.6671,TAKE_PROFIT,28.388400000000047,3.0000000000000027
KMI,2026-03-20 00:00:00,2026-03-23 00:00:00,0.0463302752293578,10.0,2026-03-23 11:54:00,33.165,53.82642621683562,52.68968270760221,30,994.9499999999999,32.170049999999996,34.15995,2026-03-24 10:06:00,34.15995,TAKE_PROFIT,29.848500000000087,3.0000000000000027
ORLY,2026-03-23 00:00:00,2026-03-24 00:00:00,0.0556348074179743,9.0,2026-03-24 09:45:00,88.085,40.21974849134376,39.12759930314428,11,968.935,85.44245,90.72755,2026-03-25 13:44:00,90.72755,TAKE_PROFIT,29.06805,3.0000000000000027
MRSH,2026-03-23 00:00:00,2026-03-24 00:00:00,0.0187617260787992,4.0,2026-03-24 09:46:00,174.35,45.78924132906256,42.0579586212981,5,871.75,169.1195,179.5805,2026-03-27 15:59:00,169.21,WEEK_END_CLOSE,-25.699999999999932,-2.9480929165471625
TRV,2026-03-23 00:00:00,2026-03-24 00:00:00,0.0465116279069767,8.0,2026-03-24 09:46:00,295.125,45.29525604769141,39.26567990661416,3,885.375,286.27125,303.97875,2026-03-27 15:01:00,286.27125,STOP_LOSS,-26.561249999999973,-2.9999999999999916
TT,2026-03-23 00:00:00,2026-03-24 00:00:00,0.0359712230215827,7.0,2026-03-24 09:52:00,421.58,41.94493828237056,39.95449578777084,2,843.16,408.9326,434.2274,2026-03-25 09:30:00,436.66,TAKE_PROFIT_GAP,30.160000000000082,3.5770197827221573
AON,2026-03-23 00:00:00,2026-03-24 00:00:00,0.0220994475138121,5.0,2026-03-24 09:53:00,325.57,44.13377888167544,42.76055762789054,3,976.71,315.80289999999997,335.3371,2026-03-27 12:41:00,315.80289999999997,STOP_LOSS,-29.301300000000083,-3.0000000000000138
AJG,2026-03-23 00:00:00,2026-03-24 00:00:00,0.0094786729857819,3.0,2026-03-24 09:57:00,216.14,44.90519257649099,44.012140405717545,4,864.56,209.65579999999997,222.6242,2026-03-26 15:50:00,209.65579999999997,STOP_LOSS,-25.936800000000062,-3.0000000000000027
FDX,2026-03-23 00:00:00,2026-03-24 00:00:00,0.001088139281828,1.0,2026-03-24 10:26:00,354.01,44.08459082252018,41.61011596891173,2,708.02,343.3897,364.6303,2026-03-27 13:46:00,343.38,STOP_LOSS_GAP,-21.25999999999999,-3.0027400355922107
KMI,2026-03-23 00:00:00,2026-03-24 00:00:00,0.0223831468071099,6.0,2026-03-24 10:40:00,34.175,60.83283736355853,60.83002858131996,29,991.0749999999999,33.14975,35.20025,2026-03-27 15:59:00,34.02,WEEK_END_CLOSE,-4.494999999999827,-0.45354791514262693
ECL,2026-03-23 00:00:00,2026-03-24 00:00:00,0.0051724137931034,2.0,2026-03-24 10:44:00,263.69,58.836124479150904,57.8453962651246,3,791.0699999999999,255.77929999999998,271.6007,2026-03-27 15:59:00,261.325,WEEK_END_CLOSE,-7.095000000000027,-0.8968864955060885
PLD,2026-03-23 00:00:00,2026-03-24 00:00:00,0.0693703308431163,10.0,2026-03-24 10:44:00,130.27,54.963652068817,52.65234781065332,7,911.8900000000001,126.3619,134.1781,2026-03-27 15:59:00,128.86,WEEK_END_CLOSE,-9.869999999999976,-1.082367390803718
MO,2026-03-24 00:00:00,2026-03-25 00:00:00,0.0418888042650418,4.0,2026-03-25 09:51:00,63.39,34.92757881534541,32.26576051626432,15,950.85,61.4883,65.2917,2026-03-27 09:30:00,65.2917,TAKE_PROFIT,28.52550000000008,3.0000000000000027
MDLZ,2026-03-24 00:00:00,2026-03-25 00:00:00,0.1221864951768488,8.0,2026-03-25 10:02:00,56.77,39.53033063987662,35.49016440654595,17,965.09,55.066900000000004,58.4731,2026-03-26 10:32:00,58.4731,TAKE_PROFIT,28.952699999999986,3.0000000000000027
CB,2026-03-24 00:00:00,2026-03-25 00:00:00,0.0733590733590733,6.0,2026-03-25 10:05:00,323.88,48.111626179570266,40.75081821923718,3,971.64,314.1636,333.5964,2026-03-27 15:59:00,318.96,WEEK_END_CLOSE,-14.760000000000048,-1.519081141163403
SPG,2026-03-24 00:00:00,2026-03-25 00:00:00,0.1379579111457521,10.0,2026-03-25 10:08:00,180.7,50.0990911037176,49.43930655704846,5,903.5,175.279,186.12099999999998,2026-03-27 15:59:00,180.21,WEEK_END_CLOSE,-2.4499999999999034,-0.27116768123961466
TT,2026-03-24 00:00:00,2026-03-25 00:00:00,0.0833333333333333,7.0,2026-03-25 10:12:00,431.49,52.65169905659881,47.03976300999927,2,862.98,418.5453,444.4347,2026-03-26 11:43:00,418.5453,STOP_LOSS,-25.889400000000023,-3.0000000000000027
APD,2026-03-24 00:00:00,2026-03-25 00:00:00,0.0107934655775962,2.0,2026-03-25 10:13:00,284.64,46.714113639648765,44.4995976996831,3,853.92,276.1008,293.1792,2026-03-26 09:46:00,293.1792,TAKE_PROFIT,25.61759999999998,3.0000000000000027
WMB,2026-03-24 00:00:00,2026-03-25 00:00:00,0.1377870563674321,9.0,2026-03-25 10:22:00,74.42,49.93068522769547,49.32470720681215,13,967.46,72.1874,76.6526,2026-03-27 15:59:00,73.565,WEEK_END_CLOSE,-11.115000000000052,-1.1488847084117237
URI,2026-03-25 00:00:00,2026-03-26 00:00:00,0.0580137659783677,8.0,2026-03-26 09:50:00,745.91,54.42690426987582,51.154706857293746,1,745.91,723.5327,768.2873,2026-03-27 15:59:00,734.09,WEEK_END_CLOSE,-11.819999999999936,-1.5846415787427404
EMR,2026-03-25 00:00:00,2026-03-26 00:00:00,0.0263157894736842,3.0,2026-03-26 09:59:00,130.21,51.89482213421168,43.36619443946301,7,911.47,126.3037,134.11630000000002,2026-03-26 15:46:00,126.3037,STOP_LOSS,-27.34410000000001,-3.0000000000000027
TEL,2026-03-25 00:00:00,2026-03-26 00:00:00,0.0,1.0,2026-03-26 10:00:00,207.605,50.24965572299636,49.953626421217,4,830.42,201.37685,213.83315,2026-03-27 09:30:00,201.37685,STOP_LOSS,-24.912599999999998,-3.0000000000000027
BMY,2026-03-25 00:00:00,2026-03-26 00:00:00,0.0443638608132088,6.0,2026-03-26 10:06:00,59.24,57.855623788426065,54.329242211175185,16,947.84,57.4628,61.0172,2026-03-27 15:59:00,58.515,WEEK_END_CLOSE,-11.600000000000023,-1.2238352464550961
MRK,2026-03-25 00:00:00,2026-03-26 00:00:00,0.0389258438038925,5.0,2026-03-26 10:08:00,119.37,55.78441370548568,52.17581827004293,8,954.96,115.7889,122.95110000000001,2026-03-27 15:59:00,119.63,WEEK_END_CLOSE,2.0799999999999272,0.21781017005946257
APD,2026-03-25 00:00:00,2026-03-26 00:00:00,0.0292207792207792,4.0,2026-03-26 10:16:00,294.64,64.37002107264215,64.1805613755606,3,883.92,285.8008,303.4792,2026-03-27 15:59:00,292.03,WEEK_END_CLOSE,-7.830000000000041,-0.8858267716535528
ORLY,2026-03-25 00:00:00,2026-03-26 00:00:00,0.0557413600891861,7.0,2026-03-26 10:32:00,92.265,62.671626088213365,59.31099460440392,10,922.65,89.49705,95.03295,2026-03-27 15:59:00,90.1,WEEK_END_CLOSE,-21.650000000000063,-2.346501923806432
ICE,2026-03-26 00:00:00,2026-03-27 00:00:00,0.0482954545454545,8.0,2026-03-27 09:48:00,154.35,41.6753746837418,40.58585158036025,6,926.0999999999999,149.71949999999998,158.9805,2026-03-27 15:59:00,152.62,WEEK_END_CLOSE,-10.379999999999939,-1.1208292840945822
CVS,2026-03-26 00:00:00,2026-03-27 00:00:00,0.0578186596583442,9.0,2026-03-27 09:57:00,71.17,48.64097181793651,47.38976514579615,14,996.38,69.0349,73.30510000000001,2026-03-27 15:59:00,70.07,WEEK_END_CLOSE,-15.40000000000012,-1.5455950540958385
TEL,2026-03-26 00:00:00,2026-03-27 00:00:00,0.0079051383399209,2.0,2026-03-27 09:59:00,202.39,43.98980097005367,42.29594442992203,4,809.56,196.3183,208.46169999999998,2026-03-27 15:59:00,202.21,WEEK_END_CLOSE,-0.7199999999999136,-0.088937200454553
HWM,2026-03-26 00:00:00,2026-03-27 00:00:00,0.0162454873646209,4.0,2026-03-27 10:00:00,228.95,44.910266139356104,42.81367907812208,4,915.8,222.08149999999998,235.8185,2026-03-27 15:59:00,227.77,WEEK_END_CLOSE,-4.719999999999914,-0.5153963747543067
HCA,2026-03-26 00:00:00,2026-03-27 00:00:00,0.0393258426966292,7.0,2026-03-27 10:05:00,476.995,39.9803437810239,39.53665479506944,2,953.99,462.68514999999996,491.30485000000004,2026-03-27 15:59:00,471.77,WEEK_END_CLOSE,-10.450000000000045,-1.0953993228440595
DASH,2026-03-26 00:00:00,2026-03-27 00:00:00,0.0298948751642575,5.0,2026-03-27 10:06:00,145.145,42.23613038904301,42.14954758502985,6,870.8700000000001,140.79065,149.49935000000002,2026-03-27 15:59:00,146.6,WEEK_END_CLOSE,8.729999999999905,1.0024458300320171
RSG,2026-03-26 00:00:00,2026-03-27 00:00:00,0.0349040139616055,6.0,2026-03-27 10:12:00,217.87,51.151877609837065,49.19368989560966,4,871.48,211.3339,224.4061,2026-03-27 15:59:00,215.82,WEEK_END_CLOSE,-8.200000000000045,-0.9409280763758243
FDX,2026-03-26 00:00:00,2026-03-27 00:00:00,0.0038647342995169,1.0,2026-03-27 14:11:00,342.67,41.540548136527576,38.43552118547901,2,685.34,332.3899,352.9501,2026-03-27 15:59:00,343.89,WEEK_END_CLOSE,2.439999999999941,0.3560276651005223
KMI,2026-03-27 00:00:00,2026-03-30 00:00:00,0.0117951022242192,3.0,2026-03-30 09:48:00,33.97,41.72632258578538,41.2610968563403,29,985.13,32.9509,34.9891,2026-04-01 09:56:00,32.9509,STOP_LOSS,-29.55390000000005,-3.0000000000000027
JCI,2026-03-27 00:00:00,2026-03-30 00:00:00,0.0613496932515337,10.0,2026-03-30 09:51:00,129.58,42.74074551803779,42.5246760347843,7,907.0600000000001,125.69260000000001,133.46740000000003,2026-04-01 09:30:00,133.46740000000003,TAKE_PROFIT,27.211800000000096,3.0000000000000027
MRK,2026-03-27 00:00:00,2026-03-30 00:00:00,0.0596965699208443,9.0,2026-03-30 09:53:00,121.01,52.1519213856045,51.12266802958053,8,968.08,117.3797,124.64030000000001,2026-03-30 12:57:00,117.3797,STOP_LOSS,-29.042400000000043,-3.0000000000000027
MO,2026-03-27 00:00:00,2026-03-30 00:00:00,0.0414154236750238,8.0,2026-03-30 09:55:00,66.55,55.87993049512777,49.466579612785566,15,998.25,64.5535,68.5465,2026-04-01 09:41:00,64.5535,STOP_LOSS,-29.947499999999962,-2.9999999999999916
WELL,2026-03-27 00:00:00,2026-03-30 00:00:00,0.0377358490566037,7.0,2026-03-30 09:55:00,196.87,50.283828137511506,49.244022106608675,5,984.35,190.9639,202.7761,2026-04-02 15:59:00,202.25,WEEK_END_CLOSE,26.899999999999977,2.7327678163254987
PCAR,2026-03-27 00:00:00,2026-03-30 00:00:00,0.0297029702970297,5.0,2026-03-30 10:01:00,112.68,50.39832716981526,47.90309176617646,8,901.44,109.2996,116.06040000000002,2026-03-31 12:41:00,116.06040000000002,TAKE_PROFIT,27.04320000000007,3.0000000000000027
FDX,2026-03-27 00:00:00,2026-03-30 00:00:00,0.005859375,2.0,2026-03-30 10:13:00,345.415,54.88023644748231,53.284237975749804,2,690.83,335.05255,355.77745000000004,2026-03-31 15:32:00,355.77745000000004,TAKE_PROFIT,20.724900000000048,3.0000000000000027
NSC,2026-03-27 00:00:00,2026-03-30 00:00:00,0.0,1.0,2026-03-30 10:23:00,286.005,54.78769697330313,53.21599589925523,3,858.015,277.42485,294.58515,2026-04-02 15:59:00,288.32,WEEK_END_CLOSE,6.944999999999993,0.8094264086292213
MRSH,2026-03-27 00:00:00,2026-03-30 00:00:00,0.032258064516129,6.0,2026-03-30 10:40:00,173.72,64.30382253613868,63.8823572195691,5,868.6,168.5084,178.9316,2026-04-02 15:59:00,174.6,WEEK_END_CLOSE,4.399999999999977,0.5065622841353923
RSG,2026-03-27 00:00:00,2026-03-30 00:00:00,0.0203139427516158,4.0,2026-03-30 11:21:00,221.83,62.77481845395017,61.15466061750095,4,887.32,215.17510000000001,228.4849,2026-04-02 15:59:00,223.16,WEEK_END_CLOSE,5.319999999999936,0.5995582202587446
MRK,2026-03-27 00:00:00,2026-03-30 00:00:00,0.0596965699208443,9.0,2026-03-30 13:08:00,117.34,43.404650672755835,41.62637225660756,8,938.72,113.8198,120.8602,2026-03-31 10:00:00,120.8602,TAKE_PROFIT,28.16160000000002,3.0000000000000027
PM,2026-03-30 00:00:00,2026-03-31 00:00:00,0.027891156462585,4.0,2026-03-31 09:51:00,166.1777,58.04015839850063,51.55798845250798,6,997.0662,161.19236899999999,171.163031,2026-04-01 09:30:00,161.19236899999999,STOP_LOSS,-29.911986000000013,-3.0000000000000027
DUK,2026-03-30 00:00:00,2026-03-31 00:00:00,0.0449843637238393,6.0,2026-03-31 10:01:00,131.19,49.80538261870009,45.59916015540432,7,918.3299999999999,127.2543,135.1257,2026-04-02 15:59:00,132.22,WEEK_END_CLOSE,7.210000000000008,0.7851208171354429
SO,2026-03-30 00:00:00,2026-03-31 00:00:00,0.0268595041322314,3.0,2026-03-31 10:01:00,96.1,44.8126985934618,39.895703721165965,10,961.0,93.217,98.98299999999999,2026-04-02 15:59:00,97.425,WEEK_END_CLOSE,13.250000000000028,1.378772112382931
AFL,2026-03-30 00:00:00,2026-03-31 00:00:00,0.0250352609308885,2.0,2026-03-31 10:08:00,109.02,57.482811376481365,55.504993473375926,9,981.18,105.7494,112.2906,2026-04-02 15:59:00,110.47,WEEK_END_CLOSE,13.050000000000026,1.3300311869381742
MCO,2026-03-30 00:00:00,2026-03-31 00:00:00,0.0686274509803921,9.0,2026-03-31 10:10:00,436.45,56.29316161326977,55.7073369211134,2,872.9,423.3565,449.5435,2026-04-02 15:59:00,441.04,WEEK_END_CLOSE,9.180000000000064,1.0516668576010968
SNPS,2026-03-30 00:00:00,2026-03-31 00:00:00,0.0553709856035437,8.0,2026-03-31 10:15:00,394.855,65.23533604087892,64.62582548460276,2,789.71,383.00935,406.70065000000005,2026-04-02 15:59:00,395.825,WEEK_END_CLOSE,1.9399999999999409,0.24565979916677527
GILD,2026-03-30 00:00:00,2026-03-31 00:00:00,0.0391506303915063,5.0,2026-03-31 11:01:00,138.28,50.497798150126634,50.266583068669625,7,967.96,134.1316,142.4284,2026-04-02 15:59:00,139.71,WEEK_END_CLOSE,10.010000000000048,1.0341336418860259
HWM,2026-03-30 00:00:00,2026-03-31 00:00:00,0.0480863591756624,7.0,2026-03-31 11:06:00,229.43,57.8844562688428,55.09573220497627,4,917.72,222.5471,236.3129,2026-04-01 09:36:00,236.3129,TAKE_PROFIT,27.531600000000026,3.0000000000000027
ITW,2026-03-31 00:00:00,2026-04-01 00:00:00,0.0721997300944669,4.0,2026-04-01 09:45:00,261.05,63.283259597274174,60.85537021787047,3,783.1500000000001,253.2185,268.8815,2026-04-02 15:59:00,258.3,WEEK_END_CLOSE,-8.25,-1.0534380386899023
ICE,2026-03-31 00:00:00,2026-04-01 00:00:00,0.074,5.0,2026-04-01 09:58:00,156.29,54.94412719645577,52.63630499601324,6,937.74,151.60129999999998,160.9787,2026-04-02 10:14:00,160.9787,TAKE_PROFIT,28.13220000000007,3.0000000000000027
CSX,2026-03-31 00:00:00,2026-04-01 00:00:00,0.0744186046511627,6.0,2026-04-01 10:01:00,41.79,70.14990176793322,68.82276201123693,23,961.17,40.5363,43.0437,2026-04-02 09:30:00,40.36,STOP_LOSS_GAP,-32.88999999999999,-3.421871261067244
TT,2026-03-31 00:00:00,2026-04-01 00:00:00,0.0613207547169811,3.0,2026-04-01 10:01:00,429.82,67.7826109355999,66.06643047553715,2,859.64,416.92539999999997,442.7146,2026-04-02 15:59:00,427.2,WEEK_END_CLOSE,-5.240000000000009,-0.6095574891815225
CB,2026-03-31 00:00:00,2026-04-01 00:00:00,0.1590909090909091,9.0,2026-04-01 10:03:00,325.46,61.302986787261624,55.08927828198103,3,976.3799999999999,315.6962,335.2238,2026-04-02 15:59:00,328.42,WEEK_END_CLOSE,8.88000000000011,0.9094819639894336
FDX,2026-03-31 00:00:00,2026-04-01 00:00:00,0.0109409190371991,1.0,2026-04-01 10:03:00,365.04,74.44326032533438,71.81508823543504,2,730.08,354.0888,375.99120000000005,2026-04-02 09:30:00,354.0,STOP_LOSS_GAP,-22.08000000000004,-3.024326101249186
CMCSA,2026-03-31 00:00:00,2026-04-01 00:00:00,0.0951076320939334,7.0,2026-04-01 10:04:00,28.02,40.92402106630096,40.68736248340546,35,980.6999999999999,27.179399999999998,28.8606,2026-04-02 15:59:00,27.93,WEEK_END_CLOSE,-3.149999999999995,-0.3211991434689532
BSX,2026-03-31 00:00:00,2026-04-01 00:00:00,0.1475409836065573,8.0,2026-04-01 10:15:00,62.51,53.16475925063308,52.06516573583556,15,937.65,60.634699999999995,64.3853,2026-04-02 15:59:00,62.8,WEEK_END_CLOSE,4.349999999999987,0.4639257718765055
NEE,2026-03-31 00:00:00,2026-04-01 00:00:00,0.1632985658409387,10.0,2026-04-01 10:45:00,92.76,50.191992034109035,47.61044917373501,10,927.6,89.9772,95.54280000000001,2026-04-02 15:59:00,93.19,WEEK_END_CLOSE,4.299999999999926,0.46356188012073307
FDX,2026-04-01 00:00:00,2026-04-02 00:00:00,0.0334075723830735,3.0,2026-04-02 09:45:00,356.51,49.08686341548812,42.53081886445699,2,713.02,345.81469999999996,367.2053,2026-04-02 15:59:00,361.5,WEEK_END_CLOSE,9.980000000000018,1.3996802333735348
HPE,2026-04-01 00:00:00,2026-04-02 00:00:00,0.0849147635895786,9.0,2026-04-02 09:47:00,23.98,56.59875031571925,54.1231474162407,41,983.1800000000001,23.2606,24.6994,2026-04-02 10:37:00,24.6994,TAKE_PROFIT,29.49540000000001,3.0000000000000027
MDLZ,2026-04-01 00:00:00,2026-04-02 00:00:00,0.0931989924433249,10.0,2026-04-02 09:50:00,57.279,54.24290883559067,51.69468576912244,17,973.743,55.56063,58.997370000000004,2026-04-02 15:59:00,57.535,WEEK_END_CLOSE,4.351999999999883,0.44693517694092133
DLR,2026-04-01 00:00:00,2026-04-02 00:00:00,0.0169491525423728,2.0,2026-04-02 09:58:00,180.5,57.34634612048192,56.18753351030985,5,902.5,175.085,185.915,2026-04-02 15:59:00,181.88,WEEK_END_CLOSE,6.899999999999977,0.7645429362880929
SPG,2026-04-01 00:00:00,2026-04-02 00:00:00,0.0643153526970954,7.0,2026-04-02 09:58:00,186.8395,47.130555199348535,46.59306553936475,5,934.1975,181.23431499999998,192.444685,2026-04-02 15:59:00,188.7,WEEK_END_CLOSE,9.302500000000009,0.9957744481225772
ECL,2026-04-01 00:00:00,2026-04-02 00:00:00,0.0086410054988216,1.0,2026-04-02 10:07:00,264.46,41.75422223763318,41.206265768601504,3,793.3799999999999,256.52619999999996,272.3938,2026-04-02 15:59:00,264.25,WEEK_END_CLOSE,-0.6299999999999386,-0.07940709370036769
NOC,2026-04-01 00:00:00,2026-04-02 00:00:00,0.0408759124087591,6.0,2026-04-02 10:13:00,707.225,58.27921096084494,58.08690611363204,1,707.225,686.00825,728.4417500000001,2026-04-02 15:59:00,702.3,WEEK_END_CLOSE,-4.925000000000068,-0.6963837534023964
HPE,2026-04-01 00:00:00,2026-04-02 00:00:00,0.0849147635895786,9.0,2026-04-02 10:55:00,24.5783,62.21703520690169,61.67435664659024,40,983.132,23.840950999999997,25.315649,2026-04-02 15:59:00,24.62,WEEK_END_CLOSE,1.6680000000000916,0.16966185619022855
SPGI,2026-04-02 00:00:00,2026-04-06 00:00:00,0.0304878048780487,4.0,2026-04-06 09:45:00,432.485,60.570196076457655,59.13497046399742,2,864.97,419.51045,445.45955000000004,2026-04-09 10:31:00,419.51045,STOP_LOSS,-25.949100000000044,-3.0000000000000027
EQIX,2026-04-02 00:00:00,2026-04-06 00:00:00,0.0460772104607721,8.0,2026-04-06 09:46:00,999.94,48.4134426119395,43.17235998152996,1,999.94,969.9418000000001,1029.9382,2026-04-09 09:59:00,1030.0,TAKE_PROFIT_GAP,30.059999999999945,3.0061803708222534
ORLY,2026-04-02 00:00:00,2026-04-06 00:00:00,0.0536585365853658,9.0,2026-04-06 09:48:00,90.685,44.74121613928373,41.90937450344248,11,997.5350000000001,87.96445,93.40555,2026-04-09 09:30:00,93.6,TAKE_PROFIT_GAP,32.06499999999991,3.2144235540607413
ABNB,2026-04-02 00:00:00,2026-04-06 00:00:00,0.0667527993109388,10.0,2026-04-06 09:51:00,126.33,59.147123477665026,56.66223449924727,7,884.31,122.5401,130.1199,2026-04-08 09:30:00,130.99,TAKE_PROFIT_GAP,32.620000000000076,3.6887516821024313
RSG,2026-04-02 00:00:00,2026-04-06 00:00:00,0.0096930533117932,3.0,2026-04-06 09:55:00,222.07,46.99194084126963,44.99829947589993,4,888.28,215.40789999999998,228.7321,2026-04-08 09:30:00,215.40789999999998,STOP_LOSS,-26.648400000000038,-3.0000000000000027
SO,2026-04-02 00:00:00,2026-04-06 00:00:00,0.0383561643835616,6.0,2026-04-06 09:55:00,97.61,57.65125481743238,53.65679949441698,10,976.1,94.68169999999999,100.5383,2026-04-10 15:59:00,97.155,WEEK_END_CLOSE,-4.549999999999983,-0.4661407642659543
FDX,2026-04-02 00:00:00,2026-04-06 00:00:00,0.0044247787610619,2.0,2026-04-06 09:56:00,358.99,48.59382654663535,44.95248047237698,2,717.98,348.2203,369.7597,2026-04-08 09:37:00,369.7597,TAKE_PROFIT,21.5394,3.0000000000000027
CSX,2026-04-02 00:00:00,2026-04-06 00:00:00,0.0328638497652582,5.0,2026-04-06 09:59:00,41.01,50.933756901742896,49.413474366602344,24,984.24,39.7797,42.2403,2026-04-09 09:32:00,42.2403,TAKE_PROFIT,29.527199999999993,3.0000000000000027
NSC,2026-04-02 00:00:00,2026-04-06 00:00:00,0.0,1.0,2026-04-06 09:59:00,287.75,51.179097837039144,46.47701192580582,3,863.25,279.1175,296.3825,2026-04-09 13:09:00,296.3825,TAKE_PROFIT,25.89749999999998,3.0000000000000027
PSX,2026-04-02 00:00:00,2026-04-06 00:00:00,0.0427350427350427,7.0,2026-04-06 10:02:00,174.68,45.968257796854616,44.673392740901264,5,873.4000000000001,169.4396,179.9204,2026-04-08 09:30:00,166.7,STOP_LOSS_GAP,-39.90000000000009,-4.568353560796901
MRSH,2026-04-06 00:00:00,2026-04-07 00:00:00,0.0125786163522012,2.0,2026-04-07 09:45:00,174.07,45.31375816860706,42.715891456674335,5,870.3499999999999,168.84789999999998,179.2921,2026-04-10 09:47:00,168.84789999999998,STOP_LOSS,-26.11050000000006,-3.0000000000000027
MDT,2026-04-06 00:00:00,2026-04-07 00:00:00,0.1029879211697393,7.0,2026-04-07 09:50:00,85.655,45.08739649407909,41.00041518721177,11,942.205,83.08535,88.22465,2026-04-08 13:56:00,88.22465,TAKE_PROFIT,28.266149999999953,3.0000000000000027
MSI,2026-04-06 00:00:00,2026-04-07 00:00:00,0.0048,1.0,2026-04-07 09:50:00,441.0,54.5645536810299,54.09865645629756,2,882.0,427.77,454.23,2026-04-10 15:59:00,433.72,WEEK_END_CLOSE,-14.559999999999945,-1.6507936507936471
TEL,2026-04-06 00:00:00,2026-04-07 00:00:00,0.013215859030837,3.0,2026-04-07 09:50:00,208.8225,49.50189104824175,47.437111034166115,4,835.29,202.55782499999998,215.087175,2026-04-08 09:30:00,220.735,TAKE_PROFIT_GAP,47.65000000000009,5.704605586083877
EOG,2026-04-06 00:00:00,2026-04-07 00:00:00,0.1309352517985611,9.0,2026-04-07 09:51:00,144.66,57.470635052990765,53.55371347891083,6,867.96,140.3202,148.9998,2026-04-08 09:30:00,135.44,STOP_LOSS_GAP,-55.31999999999999,-6.373565602101483
PLD,2026-04-06 00:00:00,2026-04-07 00:00:00,0.0636550308008213,5.0,2026-04-07 09:53:00,131.28,41.83210853349374,41.04896775362718,7,918.96,127.3416,135.2184,2026-04-08 09:30:00,136.1,TAKE_PROFIT_GAP,33.73999999999995,3.6715417428397235
APD,2026-04-06 00:00:00,2026-04-07 00:00:00,0.0175084175084175,4.0,2026-04-07 09:54:00,294.6,58.5993813450092,57.79349578596767,3,883.8000000000001,285.762,303.43800000000005,2026-04-08 09:30:00,285.61,STOP_LOSS_GAP,-26.970000000000027,-3.0515953835709486
AJG,2026-04-06 00:00:00,2026-04-07 00:00:00,0.16,10.0,2026-04-07 10:13:00,220.24,56.81980622004107,54.7524423428396,4,880.96,213.6328,226.84720000000002,2026-04-10 09:46:00,213.63,STOP_LOSS_GAP,-26.440000000000055,-3.001271340355982
TMUS,2026-04-07 00:00:00,2026-04-08 00:00:00,0.0736040609137055,10.0,2026-04-08 09:49:00,199.555,47.81909458873144,44.24454423954069,5,997.7750000000001,193.56835,205.54165,2026-04-10 15:59:00,195.72,WEEK_END_CLOSE,-19.17500000000004,-1.9217759514920774
KMI,2026-04-07 00:00:00,2026-04-08 00:00:00,0.0169342035632386,4.0,2026-04-08 09:52:00,32.28,34.93882379450734,34.484362660580736,30,968.4000000000001,31.3116,33.248400000000004,2026-04-09 09:35:00,33.248400000000004,TAKE_PROFIT,29.052000000000078,3.0000000000000027
PCAR,2026-04-07 00:00:00,2026-04-08 00:00:00,0.0338983050847457,5.0,2026-04-08 09:55:00,123.52,68.66652315392938,68.3645031020032,8,988.16,119.81439999999999,127.2256,2026-04-09 15:55:00,127.2256,TAKE_PROFIT,29.644800000000032,3.0000000000000027
AON,2026-04-07 00:00:00,2026-04-08 00:00:00,0.0060240963855421,2.0,2026-04-08 10:18:00,330.395,64.6449628327785,62.771046634083504,3,991.185,320.48314999999997,340.30685,2026-04-10 09:34:00,320.16,STOP_LOSS_GAP,-30.70499999999987,-3.0978071702053467
MO,2026-04-07 00:00:00,2026-04-08 00:00:00,0.060518254822419,7.0,2026-04-08 10:33:00,64.95,43.23780306654241,39.7784115155549,15,974.25,63.0015,66.8985,2026-04-09 10:01:00,66.8985,TAKE_PROFIT,29.227499999999935,3.0000000000000027
MDT,2026-04-07 00:00:00,2026-04-08 00:00:00,0.0679953106682297,8.0,2026-04-08 14:20:00,88.275,54.877482790576124,54.19613812080471,11,971.0250000000001,85.62675,90.92325000000001,2026-04-10 15:59:00,87.17,WEEK_END_CLOSE,-12.155000000000044,-1.2517700368167684
APD,2026-04-08 00:00:00,2026-04-09 00:00:00,0.050251256281407,3.0,2026-04-09 09:46:00,298.7344,65.98864295170057,65.76769880608155,3,896.2031999999999,289.772368,307.696432,2026-04-10 15:59:00,298.8,WEEK_END_CLOSE,0.19680000000005293,0.02195930565747073
ITW,2026-04-08 00:00:00,2026-04-09 00:00:00,0.0067385444743935,1.0,2026-04-09 09:46:00,269.8364,59.13633231244015,58.56372571541862,3,809.5092000000001,261.741308,277.93149200000005,2026-04-10 15:59:00,270.52,WEEK_END_CLOSE,2.0507999999998674,0.2533386896652834
MRK,2026-04-08 00:00:00,2026-04-09 00:00:00,0.0358082432037415,2.0,2026-04-09 09:50:00,123.393,55.990730543505926,54.36389563762762,8,987.144,119.69121,127.09479,2026-04-10 15:59:00,121.43,WEEK_END_CLOSE,-15.70399999999995,-1.5908519932248955
ADP,2026-04-08 00:00:00,2026-04-09 00:00:00,0.0889603429796355,10.0,2026-04-09 09:58:00,195.88,41.564152517665555,39.39605066626293,5,979.4,190.00359999999998,201.7564,2026-04-10 12:50:00,190.00359999999998,STOP_LOSS,-29.38200000000009,-3.0000000000000138
ACN,2026-04-08 00:00:00,2026-04-09 00:00:00,0.0763754045307443,8.0,2026-04-09 10:04:00,184.335,37.59596481175825,36.142278129742834,5,921.6750000000001,178.80495,189.86505000000002,2026-04-10 11:35:00,178.80495,STOP_LOSS,-27.650250000000085,-3.0000000000000138
WMB,2026-04-08 00:00:00,2026-04-09 00:00:00,0.0845070422535211,9.0,2026-04-09 10:07:00,74.605,65.98267767573398,65.61387433665494,13,969.865,72.36685,76.84315000000001,2026-04-10 09:30:00,72.36685,STOP_LOSS,-29.09595000000006,-3.0000000000000027
VRTX,2026-04-08 00:00:00,2026-04-09 00:00:00,0.0753768844221105,7.0,2026-04-09 10:10:00,439.835,56.258234064514745,55.43168526065457,2,879.67,426.63994999999994,453.03005,2026-04-10 15:59:00,436.27,WEEK_END_CLOSE,-7.1299999999999955,-0.8105312219354954
SPGI,2026-04-08 00:00:00,2026-04-09 00:00:00,0.0526315789473684,4.0,2026-04-09 10:33:00,419.46,34.79301331275826,33.834335706750565,2,838.92,406.8762,432.0438,2026-04-10 15:59:00,415.41,WEEK_END_CLOSE,-8.099999999999909,-0.9655271062794957
CME,2026-04-09 00:00:00,2026-04-10 00:00:00,0.0222222222222222,3.0,2026-04-10 09:47:00,297.49,37.23557358187093,35.64603396521154,3,892.47,288.5653,306.41470000000004,2026-04-10 15:59:00,295.31,WEEK_END_CLOSE,-6.5400000000000205,-0.7327977411005437
MPC,2026-04-09 00:00:00,2026-04-10 00:00:00,0.0644518272425249,6.0,2026-04-10 09:55:00,220.69,43.80606546137789,40.76555155941902,4,882.76,214.0693,227.3107,2026-04-10 15:59:00,222.64,WEEK_END_CLOSE,7.7999999999999545,0.8835923693869097
AFL,2026-04-09 00:00:00,2026-04-10 00:00:00,0.0018057060310581,1.0,2026-04-10 09:56:00,111.17,37.0714858709048,36.386737591594304,8,889.36,107.8349,114.5051,2026-04-10 15:59:00,110.74,WEEK_END_CLOSE,-3.4400000000000546,-0.3867949986507191
PM,2026-04-09 00:00:00,2026-04-10 00:00:00,0.0651340996168582,7.0,2026-04-10 10:00:00,159.405,41.13695649747585,37.42658421902762,6,956.4300000000001,154.62285,164.18715,2026-04-10 15:59:00,160.49,WEEK_END_CLOSE,6.510000000000048,0.6806561902073405
RSG,2026-04-09 00:00:00,2026-04-10 00:00:00,0.1111111111111111,10.0,2026-04-10 10:02:00,214.85,49.41324855017517,42.95159767784948,4,859.4,208.40449999999998,221.2955,2026-04-10 15:59:00,214.62,WEEK_END_CLOSE,-0.9199999999999591,-0.10705143123108662
KO,2026-04-10 00:00:00,2026-04-13 00:00:00,0.0458177943526904,5.0,2026-04-13 09:46:00,77.02,38.31525610251276,37.49003551748586,12,924.24,74.70939999999999,79.3306,2026-04-17 15:59:00,75.74,WEEK_END_CLOSE,-15.360000000000014,-1.6619059984419593
CSX,2026-04-10 00:00:00,2026-04-13 00:00:00,0.0970873786407767,10.0,2026-04-13 09:47:00,42.205,53.89731752576996,53.81162252421843,23,970.7149999999999,40.938849999999995,43.47115,2026-04-17 10:22:00,43.47115,TAKE_PROFIT,29.121450000000074,3.0000000000000027
FDX,2026-04-10 00:00:00,2026-04-13 00:00:00,0.0350318471337579,4.0,2026-04-13 09:47:00,372.05,47.1180254659868,43.7437514157463,2,744.1,360.8885,383.2115,2026-04-15 11:01:00,360.8885,STOP_LOSS,-22.32299999999998,-2.9999999999999916
USB,2026-04-10 00:00:00,2026-04-13 00:00:00,0.0463096960926193,6.0,2026-04-13 09:47:00,55.13,39.34452828483286,35.88886868136033,18,992.34,53.4761,56.7839,2026-04-17 10:24:00,56.7839,TAKE_PROFIT,29.770200000000003,3.0000000000000027
CRH,2026-04-10 00:00:00,2026-04-13 00:00:00,0.0,1.0,2026-04-13 09:48:00,115.37,45.90864510791845,44.71437846037057,8,922.96,111.9089,118.8311,2026-04-17 09:57:00,118.8311,TAKE_PROFIT,27.688800000000015,3.0000000000000027
ABNB,2026-04-10 00:00:00,2026-04-13 00:00:00,0.0921529175050301,9.0,2026-04-13 09:49:00,127.87,62.540141303014735,54.49315191158064,7,895.09,124.0339,131.70610000000002,2026-04-14 09:32:00,131.70610000000002,TAKE_PROFIT,26.852700000000112,3.0000000000000027
MDLZ,2026-04-10 00:00:00,2026-04-13 00:00:00,0.0294117647058823,3.0,2026-04-13 09:49:00,58.2,41.05315449344762,39.65266714462139,17,989.4000000000001,56.454,59.946000000000005,2026-04-15 09:51:00,56.454,STOP_LOSS,-29.682000000000038,-3.0000000000000027
PCAR,2026-04-10 00:00:00,2026-04-13 00:00:00,0.027027027027027,2.0,2026-04-13 09:58:00,126.54,46.71718557608341,46.304398430439655,7,885.7800000000001,122.74380000000001,130.33620000000002,2026-04-15 09:52:00,122.74380000000001,STOP_LOSS,-26.573399999999992,-3.0000000000000027
TT,2026-04-10 00:00:00,2026-04-13 00:00:00,0.0530973451327433,7.0,2026-04-13 09:58:00,467.33,51.562239728082474,46.18169780836066,2,934.66,453.3101,481.3499,2026-04-15 12:05:00,453.3101,STOP_LOSS,-28.039800000000014,-3.0000000000000027
CME,2026-04-10 00:00:00,2026-04-13 00:00:00,0.0677290836653386,8.0,2026-04-13 10:02:00,298.05,59.06683923513828,56.737895693134206,3,894.1500000000001,289.1085,306.99150000000003,2026-04-17 10:10:00,289.1085,STOP_LOSS,-26.824500000000057,-3.0000000000000027
HCA,2026-04-13 00:00:00,2026-04-14 00:00:00,0.0979228486646884,10.0,2026-04-14 09:47:00,498.835,64.08569081833647,60.224037519475196,2,997.67,483.86994999999996,513.8000499999999,2026-04-16 14:24:00,483.86994999999996,STOP_LOSS,-29.93010000000004,-3.0000000000000027
APD,2026-04-13 00:00:00,2026-04-14 00:00:00,0.0536912751677852,6.0,2026-04-14 09:55:00,295.285,50.65763973724758,46.77941770101191,3,885.855,286.42645,304.14355000000006,2026-04-17 15:59:00,291.58,WEEK_END_CLOSE,-11.115000000000123,-1.254720016255495
UNP,2026-04-13 00:00:00,2026-04-14 00:00:00,0.076537712218202,9.0,2026-04-14 09:56:00,250.945,54.104778514224954,52.90552271268203,3,752.835,243.41664999999998,258.47335,2026-04-17 15:59:00,251.07,WEEK_END_CLOSE,0.375,0.0498117117296637
NSC,2026-04-13 00:00:00,2026-04-14 00:00:00,0.0,1.0,2026-04-14 09:57:00,297.32,59.977997264173275,56.86170354301662,3,891.96,288.4004,306.2396,2026-04-17 10:33:00,306.35,TAKE_PROFIT_GAP,27.09000000000009,3.0371317099421535
CB,2026-04-13 00:00:00,2026-04-14 00:00:00,0.0434782608695652,5.0,2026-04-14 10:00:00,327.22,54.43405244286484,53.606267226184656,3,981.6600000000001,317.40340000000003,337.0366,2026-04-17 15:59:00,330.78,WEEK_END_CLOSE,10.679999999999836,1.087953059103941
MRSH,2026-04-13 00:00:00,2026-04-14 00:00:00,0.0153793574846206,4.0,2026-04-14 10:00:00,172.78,55.783643212463566,55.00922251257812,5,863.9,167.5966,177.9634,2026-04-16 09:30:00,178.19,TAKE_PROFIT_GAP,27.049999999999983,3.131149438592429
MSI,2026-04-13 00:00:00,2026-04-14 00:00:00,0.0583090379008746,7.0,2026-04-14 10:00:00,437.495,55.72574624948038,54.51374075732011,2,874.99,424.37014999999997,450.61985000000004,2026-04-17 15:59:00,441.9,WEEK_END_CLOSE,8.809999999999945,1.0068686499274282
ITW,2026-04-13 00:00:00,2026-04-14 00:00:00,0.0069444444444444,3.0,2026-04-14 10:03:00,274.34,63.88660169072549,59.40511725991189,3,823.02,266.10979999999995,282.5702,2026-04-15 09:46:00,266.10979999999995,STOP_LOSS,-24.690600000000074,-3.0000000000000138
FTNT,2026-04-13 00:00:00,2026-04-14 00:00:00,0.0710727333111923,8.0,2026-04-14 10:18:00,78.86,51.81395732303096,50.90923904614427,12,946.3199999999999,76.49419999999999,81.2258,2026-04-16 09:32:00,81.2258,TAKE_PROFIT,28.389600000000087,3.0000000000000027
MCO,2026-04-14 00:00:00,2026-04-15 00:00:00,0.0826446280991735,6.0,2026-04-15 09:49:00,446.12,61.06124173624093,60.0637421691906,2,892.24,432.7364,459.5036,2026-04-17 15:59:00,455.43,WEEK_END_CLOSE,18.620000000000005,2.0868824531516283
MPC,2026-04-14 00:00:00,2026-04-15 00:00:00,0.0385164051355206,1.0,2026-04-15 09:55:00,221.98,47.45604061650416,47.25013491627992,4,887.92,215.32059999999998,228.6394,2026-04-16 09:47:00,228.6394,TAKE_PROFIT,26.63760000000002,3.0000000000000027
AJG,2026-04-14 00:00:00,2026-04-15 00:00:00,0.0925925925925925,8.0,2026-04-15 09:56:00,220.22,46.02167701685919,45.87328279530421,4,880.88,213.61339999999998,226.8266,2026-04-17 15:59:00,221.62,WEEK_END_CLOSE,5.600000000000023,0.6357279084551859
UPS,2026-04-14 00:00:00,2026-04-15 00:00:00,0.100750069450875,9.0,2026-04-15 10:06:00,102.765,59.012978851999144,57.168134939411765,9,924.885,99.68205,105.84795,2026-04-17 09:30:00,106.18,TAKE_PROFIT_GAP,30.735000000000056,3.323115846835023
TJX,2026-04-14 00:00:00,2026-04-15 00:00:00,0.0723961803242282,4.0,2026-04-15 10:07:00,159.68,56.37273287233141,56.318710689876944,6,958.08,154.8896,164.4704,2026-04-17 15:59:00,160.67,WEEK_END_CLOSE,5.939999999999884,0.6199899799599118
HD,2026-04-14 00:00:00,2026-04-15 00:00:00,0.1060527138243567,10.0,2026-04-15 10:22:00,339.0899,47.34869004124401,44.92575663201421,2,678.1798,328.917203,349.262597,2026-04-17 10:16:00,349.262597,TAKE_PROFIT,20.345394000000056,3.0000000000000027
ABNB,2026-04-15 00:00:00,2026-04-16 00:00:00,0.0264670296430732,3.0,2026-04-16 09:46:00,138.86,53.65870591320702,50.22237900655906,7,972.0200000000001,134.69420000000002,143.0258,2026-04-17 10:31:00,143.0258,TAKE_PROFIT,29.16059999999993,3.0000000000000027
PCAR,2026-04-15 00:00:00,2026-04-16 00:00:00,0.0,1.0,2026-04-16 09:49:00,124.54,59.08830591049002,58.66551666552787,8,996.32,120.80380000000001,128.27620000000002,2026-04-17 15:59:00,126.26,WEEK_END_CLOSE,13.759999999999991,1.3810823831700736
MCD,2026-04-15 00:00:00,2026-04-16 00:00:00,0.0665399239543726,6.0,2026-04-16 09:50:00,306.23,53.59285459796296,53.03722541415804,3,918.69,297.0431,315.41690000000006,2026-04-17 15:59:00,311.36,WEEK_END_CLOSE,15.389999999999986,1.675211442379898
SPG,2026-04-15 00:00:00,2026-04-16 00:00:00,0.0149625935162094,2.0,2026-04-16 09:52:00,202.605,58.20760073732854,57.892290469395014,4,810.42,196.52685,208.68314999999998,2026-04-17 15:59:00,206.12,WEEK_END_CLOSE,14.06000000000006,1.7349028898595797
ICE,2026-04-15 00:00:00,2026-04-16 00:00:00,0.036144578313253,4.0,2026-04-16 09:56:00,164.39,46.26605622161686,41.149564765574915,6,986.3399999999999,159.45829999999998,169.3217,2026-04-17 15:59:00,161.23,WEEK_END_CLOSE,-18.95999999999998,-1.9222580448932436
QCOM,2026-04-15 00:00:00,2026-04-16 00:00:00,0.0606564488143435,5.0,2026-04-16 09:57:00,133.61,50.40144488663038,48.11436290197236,7,935.2700000000001,129.60170000000002,137.6183,2026-04-17 15:59:00,136.21,WEEK_END_CLOSE,18.19999999999996,1.9459621285831785
PWR,2026-04-15 00:00:00,2026-04-16 00:00:00,0.0943627450980392,10.0,2026-04-16 10:00:00,586.6,50.92714208538528,48.87737666321194,1,586.6,569.002,604.1980000000001,2026-04-17 15:59:00,602.04,WEEK_END_CLOSE,15.43999999999994,2.6321172860552133
FDX,2026-04-15 00:00:00,2026-04-16 00:00:00,0.0756843800322061,8.0,2026-04-16 10:07:00,372.7,64.00696989604334,63.17973430653462,2,745.4,361.519,383.881,2026-04-17 09:30:00,383.881,TAKE_PROFIT,22.361999999999966,3.0000000000000027
AON,2026-04-15 00:00:00,2026-04-16 00:00:00,0.074074074074074,7.0,2026-04-16 10:08:00,334.28,59.8845350819091,57.780293792872335,2,668.56,324.25159999999994,344.3084,2026-04-17 15:59:00,331.82,WEEK_END_CLOSE,-4.919999999999959,-0.7359100155558185
JCI,2026-04-16 00:00:00,2026-04-17 00:00:00,0.0292792792792792,6.0,2026-04-17 09:47:00,139.615,62.368398044796244,60.769207856649274,7,977.3050000000001,135.42655,143.80345000000003,2026-04-17 15:59:00,140.88,WEEK_END_CLOSE,8.854999999999905,0.9060631021021948
UPS,2026-04-16 00:00:00,2026-04-17 00:00:00,0.0596914822266934,9.0,2026-04-17 09:48:00,105.98,55.923778755878914,54.39180763251584,9,953.82,102.8006,109.1594,2026-04-17 15:59:00,106.43,WEEK_END_CLOSE,4.050000000000026,0.4246084166823927
FDX,2026-04-16 00:00:00,2026-04-17 00:00:00,0.0036443148688046,2.0,2026-04-17 09:49:00,383.745,60.57749101927493,60.57022740612313,2,767.49,372.23265,395.25735000000003,2026-04-17 15:59:00,392.04,WEEK_END_CLOSE,16.590000000000032,2.161591681976316
WM,2026-04-16 00:00:00,2026-04-17 00:00:00,0.0746887966804979,10.0,2026-04-17 10:20:00,223.59,52.61436504699839,48.8399737339237,4,894.36,216.8823,230.29770000000002,2026-04-17 15:59:00,223.92,WEEK_END_CLOSE,1.3199999999999363,0.1475915738628597
CME,2026-04-16 00:00:00,2026-04-17 00:00:00,0.0398162327718223,7.0,2026-04-17 10:26:00,287.33,39.33755065496258,32.244820594935156,3,861.99,278.71009999999995,295.9499,2026-04-17 15:59:00,287.68,WEEK_END_CLOSE,1.0500000000000682,0.1218111579020631
CSX,2026-04-16 00:00:00,2026-04-17 00:00:00,0.0014823599169878,1.0,2026-04-17 10:31:00,43.455,67.68980415600706,65.33317033225016,23,999.4649999999999,42.151349999999994,44.75865,2026-04-17 15:59:00,43.32,WEEK_END_CLOSE,-3.1049999999999542,-0.3106662064204291
ABNB,2026-04-16 00:00:00,2026-04-17 00:00:00,0.0578282828282828,8.0,2026-04-17 10:33:00,143.105,69.40350251714138,67.85401868067522,6,858.6299999999999,138.81185,147.39815,2026-04-17 15:59:00,141.55,WEEK_END_CLOSE,-9.32999999999987,-1.086614723454793
NSC,2026-04-16 00:00:00,2026-04-17 00:00:00,0.0151515151515151,3.0,2026-04-17 11:06:00,305.6175,58.17558796896242,57.42166422321424,3,916.8525,296.448975,314.786025,2026-04-17 15:59:00,302.34,WEEK_END_CLOSE,-9.832500000000095,-1.0724189550663898
MCO,2026-04-17 00:00:00,2026-04-20 00:00:00,0.0054794520547945,1.0,2026-04-20 09:45:00,455.5,52.76149136895986,45.607738653776046,2,911.0,441.835,469.165,2026-04-21 09:38:00,469.165,TAKE_PROFIT,27.33000000000004,3.0000000000000027
SPGI,2026-04-17 00:00:00,2026-04-20 00:00:00,0.0165975103734439,6.0,2026-04-20 09:45:00,441.345,50.75767223848074,46.67391725722282,2,882.69,428.10465,454.58535000000006,2026-04-22 09:36:00,454.58535000000006,TAKE_PROFIT,26.48070000000007,3.0000000000000027
AJG,2026-04-17 00:00:00,2026-04-20 00:00:00,0.0222222222222222,8.0,2026-04-20 09:53:00,222.39,55.89349251243551,54.185386345116264,4,889.56,215.71829999999997,229.0617,2026-04-24 09:30:00,215.71829999999997,STOP_LOSS,-26.686800000000062,-3.0000000000000027
ITW,2026-04-17 00:00:00,2026-04-20 00:00:00,0.0173410404624277,7.0,2026-04-20 09:54:00,271.74,49.027097539927325,47.74081066071022,3,815.22,263.5878,279.8922,2026-04-24 15:59:00,269.31,WEEK_END_CLOSE,-7.2900000000000205,-0.8942371384411563
JCI,2026-04-17 00:00:00,2026-04-20 00:00:00,0.009375,5.0,2026-04-20 09:57:00,141.37,50.623266472652986,47.91761748981311,7,989.59,137.1289,145.61110000000002,2026-04-24 15:59:00,141.93,WEEK_END_CLOSE,3.920000000000016,0.39612364716701265
CB,2026-04-17 00:00:00,2026-04-20 00:00:00,0.0224719101123595,9.0,2026-04-20 09:58:00,333.08,57.941924545531364,57.203909823073,3,999.24,323.08759999999995,343.0724,2026-04-22 09:30:00,321.66,STOP_LOSS_GAP,-34.25999999999988,-3.428605740362667
TT,2026-04-17 00:00:00,2026-04-20 00:00:00,0.0093457943925233,4.0,2026-04-20 10:03:00,477.71,53.473562887204835,49.10417950528399,2,955.42,463.3787,492.0413,2026-04-24 15:59:00,486.52,WEEK_END_CLOSE,17.620000000000005,1.8442151095853232
FDX,2026-04-17 00:00:00,2026-04-20 00:00:00,0.006820765441455,2.0,2026-04-20 10:30:00,394.66,63.27314252153065,55.106257394617884,2,789.32,382.8202,406.49980000000005,2026-04-24 15:59:00,387.94,WEEK_END_CLOSE,-13.440000000000055,-1.702731465058538
NSC,2026-04-17 00:00:00,2026-04-20 00:00:00,0.0229885057471264,10.0,2026-04-20 10:39:00,304.22,54.752199629083975,54.51676457724791,3,912.6600000000001,295.09340000000003,313.3466,2026-04-23 10:30:00,313.3466,TAKE_PROFIT,27.37979999999999,3.0000000000000027
APD,2026-04-17 00:00:00,2026-04-20 00:00:00,0.0089820359281437,3.0,2026-04-20 10:43:00,297.72,62.320856222969894,61.50899646569327,3,893.1600000000001,288.7884,306.65160000000003,2026-04-24 15:59:00,301.76,WEEK_END_CLOSE,12.11999999999989,1.3569797124815208
MPC,2026-04-20 00:00:00,2026-04-21 00:00:00,0.0821596244131455,9.0,2026-04-21 09:48:00,214.32,50.473242773633274,44.92666052080065,4,857.28,207.8904,220.7496,2026-04-21 15:56:00,220.75,TAKE_PROFIT_GAP,25.720000000000027,3.0001866368047914
TGT,2026-04-20 00:00:00,2026-04-21 00:00:00,0.0673108525603102,8.0,2026-04-21 09:53:00,132.305,58.71283310192845,57.91621139999001,7,926.135,128.33585,136.27415000000002,2026-04-24 09:34:00,128.33585,STOP_LOSS,-27.784050000000093,-3.0000000000000138
AON,2026-04-20 00:00:00,2026-04-21 00:00:00,0.0080645161290322,1.0,2026-04-21 10:01:00,334.93,57.42266963259508,56.211394107160196,2,669.86,324.8821,344.97790000000003,2026-04-22 14:14:00,324.8821,STOP_LOSS,-20.095800000000054,-3.0000000000000027
UNP,2026-04-20 00:00:00,2026-04-21 00:00:00,0.0386547281065734,5.0,2026-04-21 10:01:00,252.57,47.706654665769065,47.290441787229184,3,757.71,244.9929,260.1471,2026-04-23 09:30:00,262.76,TAKE_PROFIT_GAP,30.569999999999993,4.034525082155449
MSI,2026-04-20 00:00:00,2026-04-21 00:00:00,0.0585197934595524,7.0,2026-04-21 10:08:00,446.2,52.71243979600725,46.73779650320571,2,892.4,432.81399999999996,459.586,2026-04-24 15:59:00,438.06,WEEK_END_CLOSE,-16.279999999999973,-1.8242940385477358
ICE,2026-04-20 00:00:00,2026-04-21 00:00:00,0.0891719745222929,10.0,2026-04-21 10:15:00,161.5165,56.90733560146224,49.76056634176365,6,969.099,156.671005,166.361995,2026-04-23 10:50:00,156.671005,STOP_LOSS,-29.072969999999998,-3.0000000000000027
UPS,2026-04-20 00:00:00,2026-04-21 00:00:00,0.0451932290003193,6.0,2026-04-21 10:38:00,107.26,55.00653754678968,49.633764590996215,9,965.34,104.04220000000001,110.4778,2026-04-24 15:59:00,107.02,WEEK_END_CLOSE,-2.160000000000082,-0.22375536080553315
ORLY,2026-04-21 00:00:00,2026-04-22 00:00:00,0.0037926675094816,2.0,2026-04-22 09:46:00,93.975,55.195448672339545,55.18951505990978,10,939.75,91.15575,96.79424999999999,2026-04-24 15:59:00,93.105,WEEK_END_CLOSE,-8.699999999999903,-0.9257781324820358
WMB,2026-04-21 00:00:00,2026-04-22 00:00:00,0.0061068702290076,4.0,2026-04-22 09:46:00,70.99,58.25992374678706,56.41216338746528,14,993.8599999999999,68.8603,73.1197,2026-04-24 15:59:00,72.17,WEEK_END_CLOSE,16.520000000000095,1.6622059444992399
FTNT,2026-04-21 00:00:00,2026-04-22 00:00:00,0.0547785547785547,9.0,2026-04-22 09:54:00,86.5,59.59783467070273,57.371781800476604,11,951.5,83.905,89.095,2026-04-23 09:32:00,83.905,STOP_LOSS,-28.544999999999987,-3.0000000000000027
AFL,2026-04-21 00:00:00,2026-04-22 00:00:00,0.0039987204094689,3.0,2026-04-22 09:58:00,115.52,50.30120180646422,47.81891354377592,8,924.16,112.05439999999999,118.9856,2026-04-24 15:59:00,114.65,WEEK_END_CLOSE,-6.959999999999923,-0.753116343490301
DUK,2026-04-21 00:00:00,2026-04-22 00:00:00,0.0385327899221934,7.0,2026-04-22 10:32:00,126.39,51.268343405507004,49.66931652495134,7,884.73,122.5983,130.1817,2026-04-24 15:59:00,127.25,WEEK_END_CLOSE,6.019999999999996,0.680433578605899
SLB,2026-04-21 00:00:00,2026-04-22 00:00:00,0.0696818870374377,10.0,2026-04-22 10:46:00,54.745,65.84776184418995,65.50175760698914,18,985.41,53.10265,56.38735,2026-04-24 12:46:00,56.38735,TAKE_PROFIT,29.562300000000008,3.0000000000000027
ECL,2026-04-22 00:00:00,2026-04-23 00:00:00,0.0494296577946768,4.0,2026-04-23 09:53:00,270.39,55.37121905982103,54.86391242578887,3,811.17,262.2783,278.50169999999997,2026-04-24 15:59:00,269.48,WEEK_END_CLOSE,-2.7299999999999045,-0.33655090794776354
SPGI,2026-04-22 00:00:00,2026-04-23 00:00:00,0.1220657276995305,10.0,2026-04-23 10:05:00,440.47,46.995800510002915,42.288128565159106,2,880.94,427.2559,453.68410000000006,2026-04-24 15:59:00,436.9,WEEK_END_CLOSE,-7.1400000000001,-0.8104978772674798
BRK.B,2026-04-22 00:00:00,2026-04-23 00:00:00,0.1117632965979875,7.0,2026-04-23 10:07:00,471.3206,63.29527874482555,62.46687731760555,2,942.6412,457.180982,485.46021800000005,2026-04-24 15:59:00,469.31,WEEK_END_CLOSE,-4.021200000000022,-0.42658861080971944
CVS,2026-04-22 00:00:00,2026-04-23 00:00:00,0.0718525066296249,6.0,2026-04-23 10:11:00,77.47,52.34344539662076,51.500504016706714,12,929.64,75.1459,79.7941,2026-04-24 15:59:00,77.92,WEEK_END_CLOSE,5.400000000000034,0.5808700141990419
SNPS,2026-04-22 00:00:00,2026-04-23 00:00:00,0.1216356107660455,9.0,2026-04-23 10:11:00,460.39,42.57958843587868,41.7197197396158,2,920.78,446.57829999999996,474.2017,2026-04-24 09:31:00,474.2017,TAKE_PROFIT,27.62340000000006,3.0000000000000027
MA,2026-04-22 00:00:00,2026-04-23 00:00:00,0.1163980557687388,8.0,2026-04-23 10:12:00,504.3,46.209421564478234,45.923539543849294,1,504.3,489.171,519.429,2026-04-24 15:59:00,504.25,WEEK_END_CLOSE,-0.05000000000001137,-0.009914733293681088
PLD,2026-04-22 00:00:00,2026-04-23 00:00:00,0.0292887029288702,2.0,2026-04-23 10:18:00,143.35,63.470301179557886,62.429607150113604,6,860.0999999999999,139.0495,147.6505,2026-04-24 15:59:00,142.13,WEEK_END_CLOSE,-7.319999999999993,-0.8510638297872353
MDLZ,2026-04-23 00:00:00,2026-04-24 00:00:00,0.0403225806451612,3.0,2026-04-24 09:45:00,57.42,47.95211752639192,46.724109864176775,17,976.14,55.6974,59.1426,2026-04-24 15:59:00,57.63,WEEK_END_CLOSE,3.5700000000000145,0.3657262277952045
SPG,2026-04-23 00:00:00,2026-04-24 00:00:00,0.0618556701030927,9.0,2026-04-24 09:55:00,203.25,57.505245023760224,50.406851487582145,4,813.0,197.1525,209.3475,2026-04-24 15:59:00,201.15,WEEK_END_CLOSE,-8.399999999999977,-1.0332103321033181
MPC,2026-04-23 00:00:00,2026-04-24 00:00:00,0.0445103857566765,4.0,2026-04-24 10:06:00,221.415,50.731245839521684,50.10330158670107,4,885.66,214.77255,228.05745,2026-04-24 15:59:00,224.18,WEEK_END_CLOSE,11.06000000000006,1.248786215929365
ICE,2026-04-24 00:00:00,2026-04-27 00:00:00,0.0100755667506297,2.0,2026-04-27 09:45:00,158.91,58.012769179271764,56.372750028670715,6,953.46,154.1427,163.6773,2026-04-29 09:46:00,154.1427,STOP_LOSS,-28.603800000000035,-3.0000000000000027
APD,2026-04-24 00:00:00,2026-04-27 00:00:00,0.0403800475059382,4.0,2026-04-27 09:47:00,305.835,56.4913859656308,54.842067219844054,3,917.5049999999999,296.65995,315.01005,2026-04-30 12:13:00,296.65995,STOP_LOSS,-27.525149999999996,-3.0000000000000027
CMCSA,2026-04-24 00:00:00,2026-04-27 00:00:00,0.0455092704069347,5.0,2026-04-27 09:47:00,27.62,42.80384622425811,40.523010299849965,36,994.32,26.7914,28.448600000000003,2026-04-29 14:21:00,26.7914,STOP_LOSS,-29.829600000000056,-3.0000000000000027
APO,2026-04-24 00:00:00,2026-04-27 00:00:00,0.0602205258693808,8.0,2026-04-27 09:51:00,124.39,47.73126141518602,45.42831372548465,8,995.12,120.6583,128.1217,2026-04-30 09:30:00,120.6583,STOP_LOSS,-29.85360000000003,-3.0000000000000027
TEL,2026-04-24 00:00:00,2026-04-27 00:00:00,0.0581527936145952,6.0,2026-04-27 09:51:00,212.55,47.45438149168031,44.19842166409501,4,850.2,206.17350000000002,218.9265,2026-04-28 09:30:00,206.05,STOP_LOSS_GAP,-26.0,-3.0581039755351647
PFE,2026-04-24 00:00:00,2026-04-27 00:00:00,0.1131740755412411,10.0,2026-04-27 10:03:00,27.245,58.8429345450349,57.72896217897418,36,980.82,26.42765,28.062350000000002,2026-04-28 10:28:00,26.42765,STOP_LOSS,-29.42460000000004,-3.0000000000000027
SYK,2026-04-24 00:00:00,2026-04-27 00:00:00,0.0582750582750582,7.0,2026-04-27 10:05:00,329.02,52.10987413285923,50.91752384382092,3,987.06,319.14939999999996,338.8906,2026-04-29 09:30:00,319.14939999999996,STOP_LOSS,-29.611800000000073,-3.0000000000000027
KMI,2026-04-24 00:00:00,2026-04-27 00:00:00,0.0838491840180078,9.0,2026-04-27 10:19:00,31.665,50.85057484798768,48.807811607082805,31,981.615,30.715049999999998,32.61495,2026-04-30 10:27:00,32.61495,TAKE_PROFIT,29.448450000000037,3.0000000000000027
AFL,2026-04-24 00:00:00,2026-04-27 00:00:00,0.03475935828877,3.0,2026-04-27 10:22:00,115.4,52.84750349183678,51.526124506546225,8,923.2,111.938,118.86200000000001,2026-04-30 09:30:00,111.938,STOP_LOSS,-27.696000000000026,-3.0000000000000027
FDX,2026-04-24 00:00:00,2026-04-27 00:00:00,0.0032822757111597,1.0,2026-04-27 10:35:00,385.53,48.84621671904485,48.69940042872154,2,771.06,373.9641,397.0959,2026-04-30 14:19:00,397.22,TAKE_PROFIT_GAP,23.38000000000011,3.03218945347965
FTNT,2026-04-27 00:00:00,2026-04-28 00:00:00,0.1304938830992297,9.0,2026-04-28 09:45:00,86.25,53.78756973014766,50.1666632715522,11,948.75,83.6625,88.8375,2026-04-30 09:59:00,83.6625,STOP_LOSS,-28.462500000000063,-3.0000000000000027
WMB,2026-04-27 00:00:00,2026-04-28 00:00:00,0.1253263707571801,8.0,2026-04-28 09:51:00,72.52,59.43371465115162,56.80879739198141,13,942.76,70.3444,74.6956,2026-04-30 09:41:00,74.6956,TAKE_PROFIT,28.282800000000037,3.0000000000000027
TT,2026-04-27 00:00:00,2026-04-28 00:00:00,0.1232876712328767,7.0,2026-04-28 10:08:00,478.05,43.41897853229508,41.61220471561246,2,956.1,463.7085,492.3915,2026-04-30 09:30:00,492.3915,TAKE_PROFIT,28.682999999999993,3.0000000000000027
NOC,2026-04-27 00:00:00,2026-04-28 00:00:00,0.1096669374492282,6.0,2026-04-28 10:13:00,574.17,52.426155573825184,52.27401792607383,1,574.17,556.9449,591.3951,2026-05-01 15:59:00,568.26,WEEK_END_CLOSE,-5.909999999999968,-1.0293118762735753
RTX,2026-04-27 00:00:00,2026-04-28 00:00:00,0.1069340016708437,5.0,2026-04-28 10:13:00,174.18,54.394368168933624,53.94652957654287,5,870.9000000000001,168.9546,179.40540000000001,2026-05-01 15:59:00,173.99,WEEK_END_CLOSE,-0.9499999999999886,-0.1090825582730548
DHR,2026-04-27 00:00:00,2026-04-28 00:00:00,0.0763975155279503,3.0,2026-04-28 10:24:00,178.11,44.23888915267776,37.333403940916504,5,890.5500000000001,172.76670000000001,183.4533,2026-05-01 15:59:00,175.14,WEEK_END_CLOSE,-14.850000000000136,-1.6675088428499407
SCHW,2026-04-27 00:00:00,2026-04-28 00:00:00,0.0748198146665141,2.0,2026-04-28 10:24:00,90.54,52.92491972440207,48.056028118915194,11,995.94,87.8238,93.2562,2026-05-01 15:59:00,91.52,WEEK_END_CLOSE,10.779999999999887,1.0823945217583342
AXP,2026-04-27 00:00:00,2026-04-28 00:00:00,0.1022769004774146,4.0,2026-04-28 10:31:00,318.85,52.86954788472333,51.61825277343358,3,956.5500000000001,309.28450000000004,328.4155,2026-05-01 15:59:00,319.65,WEEK_END_CLOSE,2.3999999999998636,0.25090167790495777
MRSH,2026-04-28 00:00:00,2026-04-29 00:00:00,0.0,1.0,2026-04-29 09:46:00,171.37,65.69608054522578,61.223735095378856,5,856.85,166.2289,176.5111,2026-04-30 09:36:00,166.2289,STOP_LOSS,-25.705499999999972,-2.9999999999999916
MPC,2026-04-28 00:00:00,2026-04-29 00:00:00,0.0451450189155107,2.0,2026-04-29 09:47:00,236.37,63.75597565916453,60.05904050366769,4,945.48,229.2789,243.46110000000002,2026-04-29 12:25:00,243.48,TAKE_PROFIT_GAP,28.43999999999994,3.0079959385708843
ICE,2026-04-28 00:00:00,2026-04-29 00:00:00,0.1012658227848101,9.0,2026-04-29 09:54:00,154.62,44.910942672250634,43.275570562484766,6,927.72,149.9814,159.2586,2026-04-30 09:36:00,159.2586,TAKE_PROFIT,27.83159999999998,3.0000000000000027
BX,2026-04-28 00:00:00,2026-04-29 00:00:00,0.0947850599013389,8.0,2026-04-29 09:56:00,120.82,53.78844338240507,49.07471394075959,8,966.56,117.19539999999999,124.4446,2026-04-30 11:03:00,124.4446,TAKE_PROFIT,28.996800000000007,3.0000000000000027
JCI,2026-04-28 00:00:00,2026-04-29 00:00:00,0.0509554140127388,3.0,2026-04-29 09:56:00,141.92,56.87502200522068,54.64505930044448,7,993.4399999999999,137.6624,146.17759999999998,2026-04-30 15:59:00,146.17759999999998,TAKE_PROFIT,29.803199999999975,3.0000000000000027
JNJ,2026-04-28 00:00:00,2026-04-29 00:00:00,0.0710905513904397,7.0,2026-04-29 10:02:00,225.685,50.12790097559484,45.47903639393035,4,902.74,218.91445,232.45555000000002,2026-05-01 15:59:00,227.2,WEEK_END_CLOSE,6.059999999999945,0.6712896293506354
TJX,2026-04-28 00:00:00,2026-04-29 00:00:00,0.1161290322580645,10.0,2026-04-29 10:02:00,155.69,48.24198337476632,43.11091526467768,6,934.14,151.0193,160.3607,2026-05-01 15:59:00,156.85,WEEK_END_CLOSE,6.9599999999999795,0.7450703320701413
HCA,2026-04-28 00:00:00,2026-04-29 00:00:00,0.0689206762028608,6.0,2026-04-29 10:05:00,434.45,55.803067013111,53.79457523667136,2,868.9,421.4165,447.4835,2026-05-01 15:59:00,433.09,WEEK_END_CLOSE,-2.7200000000000273,-0.3130394751985288
AJG,2026-04-28 00:00:00,2026-04-29 00:00:00,0.0677966101694915,5.0,2026-04-29 10:35:00,211.21,50.7040774180853,50.67211016018667,4,844.84,204.8737,217.5463,2026-04-30 09:33:00,204.8737,STOP_LOSS,-25.345199999999977,-3.0000000000000027
MPC,2026-04-28 00:00:00,2026-04-29 00:00:00,0.0451450189155107,2.0,2026-04-29 12:46:00,243.78,57.37378695186124,56.81220060394896,4,975.12,236.4666,251.0934,2026-04-30 09:30:00,236.4666,STOP_LOSS,-29.253600000000006,-3.0000000000000027
SPG,2026-04-29 00:00:00,2026-04-30 00:00:00,0.0854700854700854,9.0,2026-04-30 09:48:00,201.78,58.220278717844614,54.75331566140851,4,807.12,195.7266,207.8334,2026-05-01 15:59:00,202.5,WEEK_END_CLOSE,2.8799999999999955,0.3568242640499486
PG,2026-04-29 00:00:00,2026-04-30 00:00:00,0.0653543307086614,1.0,2026-04-30 09:52:00,146.5699,55.104353953388795,53.32012075682286,6,879.4194,142.172803,150.966997,2026-05-01 15:59:00,147.27,WEEK_END_CLOSE,4.200600000000122,0.47765605352805274
CL,2026-04-29 00:00:00,2026-04-30 00:00:00,0.0698005698005698,2.0,2026-04-30 09:54:00,85.19,59.505386759640565,58.22633910796917,11,937.0899999999999,82.6343,87.7457,2026-05-01 09:30:00,88.17,TAKE_PROFIT_GAP,32.780000000000044,3.4980631529522244
MPC,2026-04-29 00:00:00,2026-04-30 00:00:00,0.0963302752293578,10.0,2026-04-30 09:59:00,241.475,55.32734256261426,54.745292342524614,4,965.9,234.23075,248.71925,2026-04-30 15:50:00,248.71925,TAKE_PROFIT,28.976999999999975,3.0000000000000027
VZ,2026-04-29 00:00:00,2026-04-30 00:00:00,0.0764925373134328,4.0,2026-04-30 10:10:00,47.805,74.51838755610883,68.92284836305589,20,956.1,46.37085,49.23915,2026-05-01 15:59:00,48.145,WEEK_END_CLOSE,6.800000000000068,0.711222675452361
TRV,2026-04-29 00:00:00,2026-04-30 00:00:00,0.0801526717557251,5.0,2026-04-30 10:14:00,304.495,56.128761947112764,56.06091645214925,3,913.485,295.36015,313.62985000000003,2026-05-01 15:59:00,304.72,WEEK_END_CLOSE,0.6750000000000682,0.07389283896288568
T,2026-04-29 00:00:00,2026-04-30 00:00:00,0.0832791151594014,8.0,2026-04-30 10:16:00,26.295,63.615978332842836,62.42046265941934,38,999.21,25.50615,27.08385,2026-05-01 15:59:00,26.13,WEEK_END_CLOSE,-6.270000000000103,-0.627495721620086
ECL,2026-04-29 00:00:00,2026-04-30 00:00:00,0.0704845814977973,3.0,2026-04-30 10:17:00,260.21,62.77254922955051,61.797713293285895,3,780.6299999999999,252.4037,268.0163,2026-05-01 15:59:00,259.55,WEEK_END_CLOSE,-1.9799999999999045,-0.2536412897275131
MCO,2026-04-30 00:00:00,2026-05-01 00:00:00,0.1121495327102803,10.0,2026-05-01 09:46:00,463.9,53.493519933034264,51.39185637874279,2,927.8,449.98299999999995,477.817,2026-05-01 15:59:00,455.9,WEEK_END_CLOSE,-16.0,-1.724509592584611
CB,2026-04-30 00:00:00,2026-05-01 00:00:00,0.0546448087431694,4.0,2026-05-01 09:47:00,329.42,56.590461288571696,52.31860591044146,3,988.26,319.5374,339.30260000000004,2026-05-01 15:59:00,326.27,WEEK_END_CLOSE,-9.450000000000102,-0.9562260943476564
MPC,2026-04-30 00:00:00,2026-05-01 00:00:00,0.0666215759215421,6.0,2026-05-01 09:50:00,248.735,54.380003882498336,53.96358284646681,4,994.94,241.27295,256.19705000000005,2026-05-01 10:06:00,241.27295,STOP_LOSS,-29.84820000000002,-3.0000000000000027
ROST,2026-04-30 00:00:00,2026-05-01 00:00:00,0.0124605915027773,1.0,2026-05-01 09:50:00,227.92,52.46648994005878,49.772199918164524,4,911.68,221.08239999999998,234.7576,2026-05-01 15:59:00,228.91,WEEK_END_CLOSE,3.9600000000000364,0.4343629343629418
CMCSA,2026-04-30 00:00:00,2026-05-01 00:00:00,0.0733628754308222,7.0,2026-05-01 09:53:00,27.205,49.456930550221486,47.43560545358581,36,979.3799999999999,26.388849999999998,28.02115,2026-05-01 15:59:00,27.185,WEEK_END_CLOSE,-0.7199999999999847,-0.07351589781290357
FDX,2026-04-30 00:00:00,2026-05-01 00:00:00,0.0151515151515151,2.0,2026-05-01 09:56:00,400.61,53.30859133090688,52.70028530675116,2,801.22,388.5917,412.6283,2026-05-01 15:59:00,393.72,WEEK_END_CLOSE,-13.779999999999973,-1.7198771872893759
PLD,2026-04-30 00:00:00,2026-05-01 00:00:00,0.0618556701030927,5.0,2026-05-01 09:56:00,141.84,56.50764487626692,56.44402323557403,7,992.88,137.5848,146.0952,2026-05-01 15:59:00,141.43,WEEK_END_CLOSE,-2.869999999999976,-0.28905809362661516
DUK,2026-04-30 00:00:00,2026-05-01 00:00:00,0.088,8.0,2026-05-01 10:02:00,130.27,61.065738806827355,56.94482608300063,7,911.8900000000001,126.3619,134.1781,2026-05-01 15:59:00,128.62,WEEK_END_CLOSE,-11.55000000000004,-1.2666001381745673
WMB,2026-04-30 00:00:00,2026-05-01 00:00:00,0.0317460317460317,3.0,2026-05-01 10:14:00,75.29,48.84197970101491,42.18673444214366,13,978.7700000000001,73.0313,77.54870000000001,2026-05-01 15:59:00,75.56,WEEK_END_CLOSE,3.5099999999999483,0.358613361668203
MPC,2026-04-30 00:00:00,2026-05-01 00:00:00,0.0666215759215421,6.0,2026-05-01 10:18:00,243.95,51.14984718511089,49.31989249883611,4,975.8,236.6315,251.2685,2026-05-01 15:59:00,246.16,WEEK_END_CLOSE,8.840000000000032,0.9059233449477455
BSX,2026-05-01 00:00:00,2026-05-04 00:00:00,0.05,3.0,2026-05-04 09:45:00,56.96,53.686553152766436,51.181002458020835,17,968.32,55.2512,58.668800000000005,2026-05-06 09:30:00,55.2512,STOP_LOSS,-29.049600000000062,-3.0000000000000027
HWM,2026-05-01 00:00:00,2026-05-04 00:00:00,0.033033033033033,2.0,2026-05-04 09:46:00,241.89,59.23009848197243,52.097377893759244,4,967.56,234.6333,249.14669999999998,2026-05-06 09:30:00,250.72,TAKE_PROFIT_GAP,35.32000000000005,3.6504196122204347
PCAR,2026-05-01 00:00:00,2026-05-04 00:00:00,0.0802292263610315,9.0,2026-05-04 09:46:00,115.52,46.74342749772703,40.426947739157775,8,924.16,112.05439999999999,118.9856,2026-05-08 15:59:00,114.31,WEEK_END_CLOSE,-9.67999999999995,-1.0474376731301915
SYK,2026-05-01 00:00:00,2026-05-04 00:00:00,0.0701665825340737,8.0,2026-05-04 09:46:00,294.87,44.879217403860814,42.42767420995691,3,884.61,286.02389999999997,303.71610000000004,2026-05-08 15:06:00,286.02389999999997,STOP_LOSS,-26.538300000000106,-3.0000000000000138
V,2026-05-01 00:00:00,2026-05-04 00:00:00,0.0501988220169222,4.0,2026-05-04 09:47:00,326.78,46.61406503417272,42.65194446031163,3,980.3399999999999,316.97659999999996,336.5834,2026-05-08 09:52:00,316.97659999999996,STOP_LOSS,-29.41020000000003,-3.0000000000000027
AEP,2026-05-01 00:00:00,2026-05-04 00:00:00,0.0587288817377312,7.0,2026-05-04 09:52:00,136.175,56.66498075019703,51.47788491869206,7,953.2250000000001,132.08975,140.26025,2026-05-07 09:30:00,131.64,STOP_LOSS_GAP,-31.745000000000175,-3.3302735450706944
CMCSA,2026-05-01 00:00:00,2026-05-04 00:00:00,0.0920598388952819,10.0,2026-05-04 09:52:00,26.96,42.32592116250005,40.686720935417284,37,997.52,26.1512,27.768800000000002,2026-05-07 13:45:00,26.1512,STOP_LOSS,-29.925600000000056,-3.0000000000000027
ROST,2026-05-01 00:00:00,2026-05-04 00:00:00,0.0534378339864624,5.0,2026-05-04 09:52:00,226.205,43.38588223190698,42.68135406225428,4,904.82,219.41885,232.99115000000003,2026-05-08 15:59:00,225.77,WEEK_END_CLOSE,-1.740000000000009,-0.19230344156848656
FDX,2026-05-01 00:00:00,2026-05-04 00:00:00,0.0047318611987381,1.0,2026-05-04 09:53:00,369.41,37.38218366154792,35.53460948233735,2,738.82,358.3277,380.49230000000006,2026-05-04 11:22:00,358.3277,STOP_LOSS,-22.164600000000064,-3.0000000000000138
ECL,2026-05-01 00:00:00,2026-05-04 00:00:00,0.0555555555555555,6.0,2026-05-04 10:53:00,260.34,53.808752274463274,53.5098034030995,3,781.02,252.52979999999997,268.1502,2026-05-08 14:58:00,252.52979999999997,STOP_LOSS,-23.430600000000027,-3.0000000000000027
FDX,2026-05-01 00:00:00,2026-05-04 00:00:00,0.0047318611987381,1.0,2026-05-04 11:26:00,358.95,40.731042859034844,35.71887401367405,2,717.9,348.18149999999997,369.7185,2026-05-06 09:38:00,369.7185,TAKE_PROFIT,21.537000000000035,3.0000000000000027
ICE,2026-05-04 00:00:00,2026-05-05 00:00:00,0.008624602814344,1.0,2026-05-05 09:47:00,154.765,45.27958833046816,41.86465756559854,6,928.5899999999999,150.12204999999997,159.40795,2026-05-08 15:59:00,155.82,WEEK_END_CLOSE,6.330000000000041,0.6816786741188352
CRH,2026-05-04 00:00:00,2026-05-05 00:00:00,0.0463917525773195,7.0,2026-05-05 09:48:00,111.76,53.13172278332325,52.978802055141536,8,894.08,108.4072,115.11280000000001,2026-05-06 09:31:00,116.205,TAKE_PROFIT_GAP,35.559999999999945,3.9772727272727293
NSC,2026-05-04 00:00:00,2026-05-05 00:00:00,0.0714285714285714,9.0,2026-05-05 09:51:00,311.52,51.54502066022465,51.28460053181118,3,934.56,302.1744,320.8656,2026-05-08 15:59:00,312.06,WEEK_END_CLOSE,1.6200000000000614,0.1733436055469939
JCI,2026-05-04 00:00:00,2026-05-05 00:00:00,0.0234892163143284,4.0,2026-05-05 09:53:00,145.665,52.725889726552346,52.58488010928783,6,873.99,141.29504999999997,150.03495,2026-05-06 09:30:00,138.83,STOP_LOSS_GAP,-41.00999999999988,-4.6922733669721435
TT,2026-05-04 00:00:00,2026-05-05 00:00:00,0.0439560439560439,6.0,2026-05-05 09:53:00,487.81,58.46516858366186,57.145472325293106,2,975.62,473.1757,502.4443,2026-05-05 14:59:00,473.1757,STOP_LOSS,-29.268599999999992,-3.0000000000000027
PSX,2026-05-04 00:00:00,2026-05-05 00:00:00,0.0736543909348441,10.0,2026-05-05 09:54:00,179.92,60.803736318191525,53.979924191434726,5,899.5999999999999,174.52239999999998,185.3176,2026-05-06 09:30:00,173.55,STOP_LOSS_GAP,-31.84999999999988,-3.54046242774565
AJG,2026-05-04 00:00:00,2026-05-05 00:00:00,0.0526315789473684,8.0,2026-05-05 10:01:00,206.0975,52.65090500019074,44.03485886030865,4,824.39,199.91457499999999,212.280425,2026-05-06 14:52:00,199.91457499999999,STOP_LOSS,-24.731700000000046,-3.0000000000000027
RSG,2026-05-04 00:00:00,2026-05-05 00:00:00,0.0128205128205128,3.0,2026-05-05 10:11:00,204.845,53.12033624647448,50.786284883055,4,819.38,198.69965,210.99035,2026-05-07 09:30:00,198.69965,STOP_LOSS,-24.58140000000003,-3.0000000000000027
TT,2026-05-04 00:00:00,2026-05-05 00:00:00,0.0439560439560439,6.0,2026-05-05 15:00:00,473.65,44.21228933473681,40.47155688676047,2,947.3,459.4405,487.85949999999997,2026-05-06 09:32:00,487.85949999999997,TAKE_PROFIT,28.418999999999983,3.0000000000000027
CTAS,2026-05-05 00:00:00,2026-05-06 00:00:00,0.1094527363184079,9.0,2026-05-06 09:46:00,169.745,51.593912436079606,47.02332565821147,5,848.725,164.65265,174.83735000000001,2026-05-08 15:59:00,166.93,WEEK_END_CLOSE,-14.074999999999989,-1.6583699078028813
CME,2026-05-05 00:00:00,2026-05-06 00:00:00,0.0719424460431654,6.0,2026-05-06 09:50:00,284.36,47.36612516342382,42.57558112876565,3,853.08,275.8292,292.8908,2026-05-08 15:59:00,281.24,WEEK_END_CLOSE,-9.360000000000014,-1.0972007314671517
ITW,2026-05-05 00:00:00,2026-05-06 00:00:00,0.0476190476190476,2.0,2026-05-06 09:50:00,259.03,59.87258544833327,57.007274198890336,3,777.0899999999999,251.25909999999996,266.80089999999996,2026-05-08 15:59:00,254.76,WEEK_END_CLOSE,-12.809999999999945,-1.648457707601425
SPGI,2026-05-05 00:00:00,2026-05-06 00:00:00,0.0556107249255213,4.0,2026-05-06 09:50:00,421.07,49.688606459401015,49.58210460969562,2,842.14,408.43789999999996,433.70210000000003,2026-05-08 15:59:00,420.1,WEEK_END_CLOSE,-1.9399999999999409,-0.23036549742322388
FDX,2026-05-05 00:00:00,2026-05-06 00:00:00,0.0013568521031207,1.0,2026-05-06 09:54:00,370.59,62.258950965459086,61.9942174710294,2,741.18,359.47229999999996,381.7077,2026-05-08 10:24:00,381.7077,TAKE_PROFIT,22.235400000000027,3.0000000000000027
AON,2026-05-05 00:00:00,2026-05-06 00:00:00,0.1111111111111111,10.0,2026-05-06 10:14:00,314.865,54.39216238144746,51.90836407758021,3,944.595,305.41905,324.31095,2026-05-08 15:59:00,312.84,WEEK_END_CLOSE,-6.075000000000102,-0.64313277118766
MPC,2026-05-05 00:00:00,2026-05-06 00:00:00,0.0731821006836544,7.0,2026-05-06 10:19:00,246.06,37.28151923115844,34.114968586892786,4,984.24,238.6782,253.4418,2026-05-07 10:01:00,238.6782,STOP_LOSS,-29.527199999999993,-3.0000000000000027
GE,2026-05-05 00:00:00,2026-05-06 00:00:00,0.069388440860215,5.0,2026-05-06 10:24:00,303.66,67.89112607299842,66.30940263627369,3,910.98,294.5502,312.76980000000003,2026-05-08 15:59:00,297.125,WEEK_END_CLOSE,-19.605000000000075,-2.152077981953504
UNP,2026-05-06 00:00:00,2026-05-07 00:00:00,0.1047265987025023,9.0,2026-05-07 09:45:00,267.86,47.38995193784291,45.57827893435658,3,803.58,259.8242,275.8958,2026-05-08 15:59:00,264.65,WEEK_END_CLOSE,-9.63000000000011,-1.198387217203034
TMO,2026-05-06 00:00:00,2026-05-07 00:00:00,0.1106382978723404,10.0,2026-05-07 09:55:00,478.245,58.17536540393356,56.945953801562425,2,956.49,463.89765,492.59235,2026-05-08 09:38:00,463.89765,STOP_LOSS,-28.69470000000001,-3.0000000000000027
AJG,2026-05-06 00:00:00,2026-05-07 00:00:00,0.03125,3.0,2026-05-07 10:03:00,198.735,47.054314319778015,46.984736356366355,5,993.6750000000001,192.77295,204.69705000000002,2026-05-08 15:59:00,198.87,WEEK_END_CLOSE,0.6749999999999545,0.06792965506829951
ADP,2026-05-06 00:00:00,2026-05-07 00:00:00,0.0608365019011406,5.0,2026-05-07 10:07:00,211.8,59.175124357122584,57.62039621222742,4,847.2,205.446,218.15400000000002,2026-05-08 15:59:00,213.02,WEEK_END_CLOSE,4.8799999999999955,0.5760151085930199
CRH,2026-05-06 00:00:00,2026-05-07 00:00:00,0.0735294117647058,7.0,2026-05-07 10:30:00,113.485,43.84674727795252,43.43127973638654,8,907.88,110.08045,116.88955,2026-05-08 15:59:00,113.76,WEEK_END_CLOSE,2.2000000000000455,0.24232277393487767
AMGN,2026-05-07 00:00:00,2026-05-08 00:00:00,0.057741116751269,10.0,2026-05-08 09:46:00,329.63,56.707920643680474,52.815680572816554,3,988.89,319.74109999999996,339.51890000000003,2026-05-08 15:59:00,331.73,WEEK_END_CLOSE,6.300000000000068,0.6370779358674916
CVNA,2026-05-07 00:00:00,2026-05-08 00:00:00,0.0003410641200545,1.0,2026-05-08 09:56:00,80.08,55.63718875359582,53.455972854509575,12,960.96,77.6776,82.4824,2026-05-08 11:28:00,77.6776,STOP_LOSS,-28.8288,-3.0000000000000027
CB,2026-05-07 00:00:00,2026-05-08 00:00:00,0.0171026156941649,4.0,2026-05-08 09:58:00,321.33,48.87676627487782,48.06804811353402,3,963.99,311.6901,330.9699,2026-05-08 15:59:00,319.6,WEEK_END_CLOSE,-5.189999999999884,-0.5383873276693651
SLB,2026-05-07 00:00:00,2026-05-08 00:00:00,0.05,8.0,2026-05-08 11:24:00,53.7,59.59538893628416,56.38589080270689,18,966.6,52.089,55.31100000000001,2026-05-08 15:59:00,53.26,WEEK_END_CLOSE,-7.920000000000087,-0.8193668528864162
CVNA,2026-05-07 00:00:00,2026-05-08 00:00:00,0.0003410641200545,1.0,2026-05-08 11:32:00,77.8,37.462520158635314,37.04323737933406,12,933.5999999999999,75.466,80.134,2026-05-08 15:59:00,77.94,WEEK_END_CLOSE,1.6800000000000068,0.17994858611825038
PCAR,2026-05-08 00:00:00,2026-05-11 00:00:00,0.0273224043715847,2.0,2026-05-11 09:50:00,113.625,48.69329073912882,45.76861328081605,8,909.0,110.21625,117.03375,2026-05-15 13:30:00,110.21,STOP_LOSS_GAP,-27.32000000000005,-3.005500550055007
ABT,2026-05-08 00:00:00,2026-05-11 00:00:00,0.0830670926517571,10.0,2026-05-11 09:51:00,83.985,47.39929258869807,47.12947592961335,11,923.835,81.46545,86.50455,2026-05-15 15:59:00,84.48,WEEK_END_CLOSE,5.44500000000005,0.5893909626719207
ORLY,2026-05-08 00:00:00,2026-05-11 00:00:00,0.0381679389312977,5.0,2026-05-11 09:53:00,91.41,40.31565024440563,39.69201219894817,10,914.0999999999999,88.6677,94.1523,2026-05-15 15:35:00,88.6677,STOP_LOSS,-27.423000000000002,-3.0000000000000027
ADP,2026-05-08 00:00:00,2026-05-11 00:00:00,0.0798816568047337,7.0,2026-05-11 09:57:00,211.12,48.77258707201831,48.35729604502357,4,844.48,204.7864,217.45360000000002,2026-05-13 12:55:00,204.74,STOP_LOSS_GAP,-25.519999999999982,-3.0219780219780223
PWR,2026-05-08 00:00:00,2026-05-11 00:00:00,0.0800711743772242,8.0,2026-05-11 10:12:00,753.939,52.47506493592484,52.318263399132064,1,753.939,731.32083,776.5571699999999,2026-05-11 13:29:00,776.5571699999999,TAKE_PROFIT,22.618169999999964,3.0000000000000027
CME,2026-05-08 00:00:00,2026-05-11 00:00:00,0.0826446280991735,9.0,2026-05-11 10:17:00,281.915,49.50342955018111,48.46328205079621,3,845.7450000000001,273.45755,290.37245,2026-05-13 10:08:00,290.37245,TAKE_PROFIT,25.372349999999983,3.0000000000000027
FDX,2026-05-08 00:00:00,2026-05-11 00:00:00,0.0797636632200886,6.0,2026-05-11 10:17:00,382.625,58.58098369822053,57.77144877120784,2,765.25,371.14625,394.10375,2026-05-13 11:09:00,371.14625,STOP_LOSS,-22.957499999999982,-3.0000000000000027
AFL,2026-05-08 00:00:00,2026-05-11 00:00:00,0.0277777777777777,3.0,2026-05-11 10:18:00,113.9,53.222588916208416,52.33217424733086,8,911.2,110.483,117.31700000000001,2026-05-15 09:33:00,117.31700000000001,TAKE_PROFIT,27.336000000000013,3.0000000000000027
CB,2026-05-08 00:00:00,2026-05-11 00:00:00,0.0309278350515463,4.0,2026-05-11 10:24:00,320.09,52.4154306097792,49.43488539830207,3,960.27,310.48729999999995,329.6927,2026-05-15 15:59:00,324.165,WEEK_END_CLOSE,12.225000000000136,1.2730794464057116
PWR,2026-05-08 00:00:00,2026-05-11 00:00:00,0.0800711743772242,8.0,2026-05-11 13:44:00,776.7,59.394294840667236,57.00668008676206,1,776.7,753.399,800.0010000000001,2026-05-12 11:16:00,753.29,STOP_LOSS_GAP,-23.410000000000082,-3.0140337324578437
ABBV,2026-05-11 00:00:00,2026-05-12 00:00:00,0.0396742638661303,3.0,2026-05-12 09:47:00,204.45,58.8718138070037,53.010497401651534,4,817.8,198.3165,210.5835,2026-05-12 12:51:00,210.5835,TAKE_PROFIT,24.533999999999992,3.0000000000000027
MSI,2026-05-11 00:00:00,2026-05-12 00:00:00,0.0375586854460093,2.0,2026-05-12 09:50:00,395.185,49.44565624189114,49.3772773819069,2,790.37,383.32945,407.04055,2026-05-15 15:59:00,393.42,WEEK_END_CLOSE,-3.5299999999999727,-0.446626263648664
SPGI,2026-05-11 00:00:00,2026-05-12 00:00:00,0.0772145902415916,9.0,2026-05-12 09:50:00,423.21,52.53334795808422,52.435167252729116,2,846.42,410.5137,435.9063,2026-05-13 09:42:00,410.5137,STOP_LOSS,-25.392600000000016,-3.0000000000000027
COP,2026-05-11 00:00:00,2026-05-12 00:00:00,0.0815926892950391,10.0,2026-05-12 09:51:00,116.075,53.50564395566506,50.03121999212779,8,928.6,112.59275,119.55725000000001,2026-05-15 09:30:00,120.78,TAKE_PROFIT_GAP,37.639999999999986,4.053413741115652
ECL,2026-05-11 00:00:00,2026-05-12 00:00:00,0.0454545454545454,4.0,2026-05-12 09:56:00,249.98,51.20904914414046,50.50245507288192,4,999.92,242.48059999999998,257.4794,2026-05-15 15:59:00,247.69,WEEK_END_CLOSE,-9.159999999999968,-0.9160732858628617
WELL,2026-05-11 00:00:00,2026-05-12 00:00:00,0.0196078431372549,1.0,2026-05-12 09:58:00,214.93,58.7955750729654,56.94839808683329,4,859.72,208.4821,221.3779,2026-05-13 14:39:00,221.3779,TAKE_PROFIT,25.791600000000017,3.0000000000000027
MCO,2026-05-11 00:00:00,2026-05-12 00:00:00,0.051056338028169,5.0,2026-05-12 10:24:00,453.67,60.01479494271982,56.88911713059396,2,907.34,440.0599,467.2801,2026-05-13 09:43:00,440.0599,STOP_LOSS,-27.220199999999977,-3.0000000000000027
ABBV,2026-05-11 00:00:00,2026-05-12 00:00:00,0.0396742638661303,3.0,2026-05-12 13:46:00,209.7,53.19557834626379,53.07401388914196,4,838.8,203.409,215.99099999999999,2026-05-15 15:59:00,210.37,WEEK_END_CLOSE,2.6800000000000637,0.31950405340963606
KMI,2026-05-12 00:00:00,2026-05-13 00:00:00,0.0392551585304479,3.0,2026-05-13 09:50:00,32.36,48.59007103441754,48.48553380293426,30,970.8,31.3892,33.3308,2026-05-14 12:36:00,33.3308,TAKE_PROFIT,29.124000000000123,3.0000000000000027
MCO,2026-05-12 00:00:00,2026-05-13 00:00:00,0.0407450523864959,4.0,2026-05-13 09:50:00,442.82,42.64008965260671,39.333193034693636,2,885.64,429.5354,456.1046,2026-05-15 13:36:00,429.5354,STOP_LOSS,-26.569200000000023,-3.0000000000000027
PLD,2026-05-12 00:00:00,2026-05-13 00:00:00,0.0561797752808988,5.0,2026-05-13 09:57:00,143.545,51.527098192497,50.32449894512341,6,861.27,139.23864999999998,147.85135,2026-05-15 15:59:00,140.53,WEEK_END_CLOSE,-18.089999999999918,-2.1003866383364045
AEP,2026-05-12 00:00:00,2026-05-13 00:00:00,0.0614525139664804,6.0,2026-05-13 10:09:00,127.0,33.85360351795579,33.73387657804518,7,889.0,123.19,130.81,2026-05-15 15:59:00,125.13,WEEK_END_CLOSE,-13.090000000000032,-1.472440944881892
MO,2026-05-12 00:00:00,2026-05-13 00:00:00,0.0707314619176979,9.0,2026-05-13 10:25:00,71.0,55.84971723419051,54.004055318011154,14,994.0,68.87,73.13,2026-05-15 09:30:00,73.13,TAKE_PROFIT,29.819999999999936,3.0000000000000027
PGR,2026-05-12 00:00:00,2026-05-13 00:00:00,0.0722543352601156,10.0,2026-05-13 10:37:00,200.29,56.904403212220295,53.82141250052249,4,801.16,194.2813,206.2987,2026-05-15 15:59:00,199.81,WEEK_END_CLOSE,-1.919999999999959,-0.23965250386938086
ADI,2026-05-12 00:00:00,2026-05-13 00:00:00,0.063150074294205,7.0,2026-05-13 10:48:00,432.85,57.39458679516455,56.938733336630065,2,865.7,419.8645,445.8355,2026-05-15 09:30:00,415.18,STOP_LOSS_GAP,-35.34000000000003,-4.082245581610266
FDX,2026-05-12 00:00:00,2026-05-13 00:00:00,0.0271247739602169,2.0,2026-05-13 11:15:00,371.19,38.97080212425061,37.528668627069955,2,742.38,360.0543,382.3257,2026-05-15 15:59:00,375.855,WEEK_END_CLOSE,9.330000000000041,1.2567687707104147
ADP,2026-05-12 00:00:00,2026-05-13 00:00:00,0.0674300254452926,8.0,2026-05-13 13:05:00,205.28,43.46931969974597,39.870395883388845,4,821.12,199.1216,211.4384,2026-05-15 09:30:00,211.4384,TAKE_PROFIT,24.6336,3.0000000000000027
NSC,2026-05-13 00:00:00,2026-05-14 00:00:00,0.0,1.0,2026-05-14 09:46:00,312.3699,55.335680327136345,51.652885387876616,3,937.1097,302.99880299999995,321.740997,2026-05-15 15:59:00,316.62,WEEK_END_CLOSE,12.750300000000095,1.360598444344352
UNP,2026-05-13 00:00:00,2026-05-14 00:00:00,0.0724149545301448,9.0,2026-05-14 09:48:00,265.745,52.22675492299682,51.38866398777031,3,797.235,257.77265,273.71735,2026-05-15 15:59:00,270.58,WEEK_END_CLOSE,14.504999999999939,1.8194133473818708
APO,2026-05-13 00:00:00,2026-05-14 00:00:00,0.0721247563352826,8.0,2026-05-14 09:49:00,132.42,47.989607046797104,47.3467983673068,7,926.9399999999999,128.4474,136.3926,2026-05-14 11:00:00,136.3926,TAKE_PROFIT,27.8082,3.0000000000000027
CL,2026-05-13 00:00:00,2026-05-14 00:00:00,0.046692607003891,6.0,2026-05-14 09:53:00,88.56,64.59444184819603,64.00194466174567,11,974.1600000000001,85.9032,91.2168,2026-05-15 15:59:00,88.15,WEEK_END_CLOSE,-4.5099999999999625,-0.4629629629629539
APO,2026-05-13 00:00:00,2026-05-14 00:00:00,0.0721247563352826,8.0,2026-05-14 11:15:00,136.44,67.78301757586462,65.52905354184784,7,955.0799999999999,132.3468,140.5332,2026-05-15 09:33:00,132.3468,STOP_LOSS,-28.65239999999997,-2.9999999999999916
KMI,2026-05-13 00:00:00,2026-05-14 00:00:00,0.0391541038525963,5.0,2026-05-14 12:46:00,33.365,64.2622021844902,61.948239016377165,29,967.585,32.36405,34.365950000000005,2026-05-15 15:59:00,33.63,WEEK_END_CLOSE,7.6850000000000165,0.7942454668065313
AMT,2026-05-14 00:00:00,2026-05-15 00:00:00,0.0458015267175572,8.0,2026-05-15 09:46:00,169.35,40.611535523020635,40.34793305392677,5,846.75,164.2695,174.4305,2026-05-15 15:59:00,170.71,WEEK_END_CLOSE,6.800000000000068,0.8030705639208824
CTAS,2026-05-14 00:00:00,2026-05-15 00:00:00,0.0625,10.0,2026-05-15 09:46:00,167.75,61.73596664848267,61.231501805543694,5,838.75,162.7175,172.7825,2026-05-15 15:59:00,168.34,WEEK_END_CLOSE,2.950000000000017,0.351713859910574
GD,2026-05-14 00:00:00,2026-05-15 00:00:00,0.0125,2.0,2026-05-15 09:46:00,340.585,51.2698886319278,48.17552219227738,2,681.17,330.36744999999996,350.80255,2026-05-15 15:59:00,334.5,WEEK_END_CLOSE,-12.169999999999959,-1.7866318246546276
CMCSA,2026-05-14 00:00:00,2026-05-15 00:00:00,0.039784739573323,6.0,2026-05-15 09:56:00,25.29,48.87908502571044,47.74743562955833,39,986.31,24.531299999999998,26.0487,2026-05-15 15:59:00,24.755,WEEK_END_CLOSE,-20.865000000000006,-2.1154606563859257
TT,2026-05-14 00:00:00,2026-05-15 00:00:00,0.0446428571428571,7.0,2026-05-15 09:56:00,471.81,48.014258293209096,47.80110115247176,2,943.62,457.65569999999997,485.96430000000004,2026-05-15 15:59:00,466.4,WEEK_END_CLOSE,-10.82000000000005,-1.1466480150908231
RSG,2026-05-14 00:00:00,2026-05-15 00:00:00,0.0154999148356327,3.0,2026-05-15 09:57:00,210.46,60.760732952759675,59.31728041380511,4,841.84,204.1462,216.77380000000002,2026-05-15 15:59:00,208.36,WEEK_END_CLOSE,-8.399999999999977,-0.9978143115081273
SO,2026-05-14 00:00:00,2026-05-15 00:00:00,0.0549450549450549,9.0,2026-05-15 10:00:00,93.58,53.49249197369428,53.43495755684743,10,935.8,90.7726,96.3874,2026-05-15 15:59:00,92.575,WEEK_END_CLOSE,-10.049999999999955,-1.0739474246633796
MPC,2026-05-14 00:00:00,2026-05-15 00:00:00,0.012210796915167,1.0,2026-05-15 10:07:00,254.18,57.82498677709088,56.51815080974518,3,762.54,246.5546,261.8054,2026-05-15 15:59:00,255.02,WEEK_END_CLOSE,2.5200000000000102,0.3304744669132109
APD,2026-05-14 00:00:00,2026-05-15 00:00:00,0.0360824742268041,4.0,2026-05-15 10:27:00,297.565,51.153861252033025,46.79388513785947,3,892.6949999999999,288.63804999999996,306.49195000000003,2026-05-15 15:59:00,295.37,WEEK_END_CLOSE,-6.5849999999999795,-0.7376539579587615
JCI,2026-05-15 00:00:00,2026-05-18 00:00:00,0.0469483568075117,6.0,2026-05-18 09:50:00,142.185,48.7500784211274,48.29655102346193,7,995.2950000000001,137.91945,146.45055,2026-05-18 14:26:00,137.91945,STOP_LOSS,-29.858849999999933,-2.9999999999999916
VRTX,2026-05-15 00:00:00,2026-05-18 00:00:00,0.0498338870431893,7.0,2026-05-18 09:53:00,436.25,52.92911579934236,46.23147545295634,2,872.5,423.16249999999997,449.33750000000003,2026-05-22 15:59:00,434.53,WEEK_END_CLOSE,-3.4400000000000546,-0.3942693409742182
MO,2026-05-15 00:00:00,2026-05-18 00:00:00,0.0608391608391608,8.0,2026-05-18 09:55:00,73.14,54.38331565682854,53.72494248708157,13,950.82,70.9458,75.3342,2026-05-22 15:59:00,73.91,WEEK_END_CLOSE,10.009999999999948,1.052775499042924
RSG,2026-05-15 00:00:00,2026-05-18 00:00:00,0.0054744525547445,1.0,2026-05-18 09:55:00,210.34,57.804927451160275,56.9670441295686,4,841.36,204.0298,216.6502,2026-05-19 09:30:00,216.6502,TAKE_PROFIT,25.240800000000036,3.0000000000000027
AXP,2026-05-15 00:00:00,2026-05-18 00:00:00,0.0455585498550872,5.0,2026-05-18 10:04:00,314.835,52.360077844556166,50.87451795645515,3,944.5049999999999,305.38995,324.28004999999996,2026-05-20 09:31:00,305.38995,STOP_LOSS,-28.335149999999942,-2.9999999999999916
UNP,2026-05-15 00:00:00,2026-05-18 00:00:00,0.0753114382785957,9.0,2026-05-18 10:05:00,273.285,64.6053973025729,61.414904878885736,3,819.855,265.08645,281.48355000000004,2026-05-20 15:51:00,265.08645,STOP_LOSS,-24.595650000000035,-3.0000000000000027
MRSH,2026-05-15 00:00:00,2026-05-18 00:00:00,0.0350877192982456,4.0,2026-05-18 10:18:00,164.88,58.878506575517136,55.97110776802359,6,989.28,159.93359999999998,169.8264,2026-05-22 15:59:00,164.06,WEEK_END_CLOSE,-4.919999999999959,-0.49733139252789993
PLD,2026-05-15 00:00:00,2026-05-18 00:00:00,0.0159744408945686,2.0,2026-05-18 10:18:00,142.0999,57.77268727743763,54.70089027615658,7,994.6993,137.83690299999998,146.362897,2026-05-22 15:59:00,145.91,WEEK_END_CLOSE,26.67070000000004,2.681282675075769
MDLZ,2026-05-15 00:00:00,2026-05-18 00:00:00,0.0766666666666666,10.0,2026-05-18 10:33:00,61.68,63.629982772203164,63.28572340045191,16,986.88,59.8296,63.5304,2026-05-22 15:59:00,61.74,WEEK_END_CLOSE,0.9600000000000364,0.09727626459143934
SO,2026-05-15 00:00:00,2026-05-18 00:00:00,0.0343473994111874,3.0,2026-05-18 10:33:00,92.65,57.91195100247648,48.88828167829245,10,926.5,89.8705,95.4295,2026-05-22 15:59:00,94.56,WEEK_END_CLOSE,19.099999999999966,2.061521856448989
JCI,2026-05-15 00:00:00,2026-05-18 00:00:00,0.0469483568075117,6.0,2026-05-18 14:35:00,138.13,43.58504383041741,42.00368647181128,7,966.91,133.9861,142.2739,2026-05-19 10:03:00,133.9861,STOP_LOSS,-29.007300000000015,-3.0000000000000027
AON,2026-05-18 00:00:00,2026-05-19 00:00:00,0.1119402985074626,9.0,2026-05-19 09:45:00,326.05,57.36818290704775,49.78999533154568,3,978.1500000000001,316.2685,335.8315,2026-05-21 09:36:00,316.005,STOP_LOSS_GAP,-30.135000000000048,-3.0808158257935925
NOC,2026-05-18 00:00:00,2026-05-19 00:00:00,0.0972222222222222,8.0,2026-05-19 09:45:00,553.455,59.38923834882202,56.98850265716099,1,553.455,536.85135,570.0586500000001,2026-05-22 15:59:00,555.58,WEEK_END_CLOSE,2.125,0.3839517214588417
SPGI,2026-05-18 00:00:00,2026-05-19 00:00:00,0.0459770114942528,4.0,2026-05-19 09:45:00,417.28,53.59359516620895,50.91393642277792,2,834.56,404.7616,429.79839999999996,2026-05-20 09:31:00,404.7616,STOP_LOSS,-25.03679999999997,-2.9999999999999916
GE,2026-05-18 00:00:00,2026-05-19 00:00:00,0.0336784799316823,2.0,2026-05-19 09:47:00,284.695,52.27698902868738,50.36695999626641,3,854.085,276.15414999999996,293.23585,2026-05-20 10:15:00,293.23585,TAKE_PROFIT,25.622550000000103,3.0000000000000027
HLT,2026-05-18 00:00:00,2026-05-19 00:00:00,0.0558035714285714,5.0,2026-05-19 09:50:00,314.78,45.13673143096673,40.144424292624215,3,944.3399999999999,305.3366,324.22339999999997,2026-05-20 11:52:00,324.22339999999997,TAKE_PROFIT,28.33019999999999,3.0000000000000027
ITW,2026-05-18 00:00:00,2026-05-19 00:00:00,0.0291095890410958,1.0,2026-05-19 09:50:00,246.09,45.16950920592334,43.74343042455109,4,984.36,238.7073,253.4727,2026-05-22 15:59:00,252.19,WEEK_END_CLOSE,24.399999999999977,2.4787679304319576
AMGN,2026-05-18 00:00:00,2026-05-19 00:00:00,0.0851699663802764,7.0,2026-05-19 09:51:00,323.67,56.03600315650738,53.54444058374327,3,971.01,313.9599,333.3801,2026-05-20 14:50:00,333.3801,TAKE_PROFIT,29.130300000000034,3.0000000000000027
KKR,2026-05-18 00:00:00,2026-05-19 00:00:00,0.1170454545454545,10.0,2026-05-19 09:51:00,94.9,51.614925295383365,47.297447014581785,10,949.0,92.053,97.74700000000001,2026-05-20 09:31:00,92.053,STOP_LOSS,-28.470000000000084,-3.0000000000000138
ABBV,2026-05-19 00:00:00,2026-05-20 00:00:00,0.0632680928538916,6.0,2026-05-20 09:45:00,213.875,53.332131674525485,51.75053099322311,4,855.5,207.45874999999998,220.29125000000002,2026-05-22 15:59:00,215.76,WEEK_END_CLOSE,7.539999999999964,0.8813559322033759
JNJ,2026-05-19 00:00:00,2026-05-20 00:00:00,0.0612467603328331,5.0,2026-05-20 09:45:00,231.22,61.65025120685131,60.63736889727539,4,924.88,224.2834,238.1566,2026-05-22 15:59:00,234.38,WEEK_END_CLOSE,12.639999999999986,1.3666637834097273
WM,2026-05-19 00:00:00,2026-05-20 00:00:00,0.0462177600830881,4.0,2026-05-20 09:45:00,220.46,42.1563048004608,34.50930289044431,4,881.84,213.8462,227.0738,2026-05-22 15:59:00,217.985,WEEK_END_CLOSE,-9.899999999999977,-1.1226526353987132
KMI,2026-05-19 00:00:00,2026-05-20 00:00:00,0.0255640465793304,1.0,2026-05-20 09:47:00,34.47,49.335547637671006,47.8536188808503,29,999.63,33.4359,35.5041,2026-05-21 13:58:00,33.4359,STOP_LOSS,-29.988900000000065,-3.0000000000000027
MDT,2026-05-19 00:00:00,2026-05-20 00:00:00,0.0802757941393745,10.0,2026-05-20 09:51:00,78.34,55.582545465196894,52.813080399115954,12,940.08,75.9898,80.6902,2026-05-22 15:59:00,78.58,WEEK_END_CLOSE,2.8799999999999386,0.30635690579523533
PEP,2026-05-19 00:00:00,2026-05-20 00:00:00,0.0280199566597792,2.0,2026-05-20 09:54:00,150.41,60.79999809920447,57.738949126486624,6,902.46,145.8977,154.9223,2026-05-22 15:59:00,150.57,WEEK_END_CLOSE,0.9599999999999795,0.10637590585731438
AFL,2026-05-19 00:00:00,2026-05-20 00:00:00,0.0379131561892417,3.0,2026-05-20 10:10:00,118.18,50.05903156242254,43.10906663996365,8,945.44,114.6346,121.72540000000001,2026-05-22 15:59:00,117.85,WEEK_END_CLOSE,-2.6400000000001,-0.2792350651548592
ADP,2026-05-19 00:00:00,2026-05-20 00:00:00,0.0725138121546961,9.0,2026-05-20 10:42:00,219.33,52.56128497941469,48.89119411483206,4,877.32,212.7501,225.90990000000002,2026-05-22 09:42:00,225.90990000000002,TAKE_PROFIT,26.319600000000037,3.0000000000000027
SNPS,2026-05-19 00:00:00,2026-05-20 00:00:00,0.0702479338842975,8.0,2026-05-20 11:01:00,491.82,58.97694038001663,58.68230873049006,2,983.64,477.06539999999995,506.57460000000003,2026-05-22 09:30:00,510.0,TAKE_PROFIT_GAP,36.360000000000014,3.696474319873122
MS,2026-05-20 00:00:00,2026-05-21 00:00:00,0.0722875377897211,7.0,2026-05-21 09:45:00,198.84,58.29079273452083,57.20678492329396,5,994.2,192.8748,204.8052,2026-05-22 15:59:00,201.04,WEEK_END_CLOSE,10.999999999999943,1.1064172198752775
USB,2026-05-20 00:00:00,2026-05-21 00:00:00,0.053127677806341,4.0,2026-05-21 09:48:00,54.19,50.864555391311114,49.11000878952369,18,975.42,52.564299999999996,55.8157,2026-05-22 15:59:00,54.825,WEEK_END_CLOSE,11.430000000000092,1.1718029156670973
SHW,2026-05-20 00:00:00,2026-05-21 00:00:00,0.0150801131008482,1.0,2026-05-21 09:49:00,300.87,43.36190023771092,42.59514370677929,3,902.61,291.8439,309.8961,2026-05-21 13:51:00,309.8961,TAKE_PROFIT,27.078299999999956,3.0000000000000027
AJG,2026-05-20 00:00:00,2026-05-21 00:00:00,0.0909090909090909,9.0,2026-05-21 09:50:00,201.67,50.82859151707996,47.08351946410991,4,806.68,195.61989999999997,207.7201,2026-05-21 14:45:00,207.77,TAKE_PROFIT_GAP,24.40000000000009,3.024743392671203
TFC,2026-05-20 00:00:00,2026-05-21 00:00:00,0.0630420985826105,6.0,2026-05-21 09:50:00,47.69,52.05683793267434,51.824137411483086,20,953.8,46.259299999999996,49.1207,2026-05-22 15:59:00,48.39,WEEK_END_CLOSE,14.000000000000057,1.4678129586915611
WELL,2026-05-20 00:00:00,2026-05-21 00:00:00,0.0446428571428571,3.0,2026-05-21 09:50:00,217.73,60.12752401958066,59.94679541707639,4,870.92,211.19809999999998,224.2619,2026-05-22 15:59:00,216.38,WEEK_END_CLOSE,-5.399999999999977,-0.6200339870481741
CMI,2026-05-20 00:00:00,2026-05-21 00:00:00,0.0414364640883977,2.0,2026-05-21 10:11:00,640.555,40.36573382328744,39.57865055951914,1,640.555,621.3383499999999,659.77165,2026-05-22 15:59:00,639.29,WEEK_END_CLOSE,-1.2649999999999864,-0.19748499348221094
WMB,2026-05-20 00:00:00,2026-05-21 00:00:00,0.05720823798627,5.0,2026-05-21 10:11:00,77.79,52.9593427061067,51.81497936878181,12,933.48,75.4563,80.12370000000001,2026-05-22 15:59:00,78.46,WEEK_END_CLOSE,8.03999999999985,0.8612932253502903
SHW,2026-05-20 00:00:00,2026-05-21 00:00:00,0.0150801131008482,1.0,2026-05-21 14:08:00,310.37,69.64191184598033,67.02266877413697,3,931.11,301.0589,319.6811,2026-05-22 15:59:00,309.08,WEEK_END_CLOSE,-3.8700000000000614,-0.4156329542159387
AJG,2026-05-20 00:00:00,2026-05-21 00:00:00,0.0909090909090909,9.0,2026-05-21 15:01:00,207.62,57.816404092530796,52.447555252953016,4,830.48,201.3914,213.8486,2026-05-22 15:59:00,204.87,WEEK_END_CLOSE,-11.0,-1.3245352085540896
TEL,2026-05-21 00:00:00,2026-05-22 00:00:00,0.0827067669172932,9.0,2026-05-22 09:47:00,202.875,58.77866146037422,56.89283356653114,4,811.5,196.78875,208.96125,2026-05-22 15:59:00,202.85,WEEK_END_CLOSE,-0.10000000000002274,-0.012322858903268674
AEP,2026-05-21 00:00:00,2026-05-22 00:00:00,0.0392706872370266,5.0,2026-05-22 09:54:00,130.355,64.52080940774741,61.25661048620195,7,912.4849999999999,126.44434999999999,134.26565,2026-05-22 15:59:00,131.59,WEEK_END_CLOSE,8.645000000000095,0.9474128341835808
APD,2026-05-21 00:00:00,2026-05-22 00:00:00,0.0286697247706422,3.0,2026-05-22 09:57:00,293.265,60.54873690989895,59.96945877600261,3,879.795,284.46705,302.06295,2026-05-22 15:59:00,289.34,WEEK_END_CLOSE,-11.775000000000034,-1.3383799635142357
CMCSA,2026-05-21 00:00:00,2026-05-22 00:00:00,0.0368157597287259,4.0,2026-05-22 09:57:00,25.245,53.71636238467592,53.18195932541247,39,984.5550000000001,24.48765,26.002350000000003,2026-05-22 15:59:00,25.205,WEEK_END_CLOSE,-1.5600000000001053,-0.15844721727075184
TMO,2026-05-21 00:00:00,2026-05-22 00:00:00,0.0689045936395759,7.0,2026-05-22 10:03:00,450.87,47.1058470381938,46.7794538236368,2,901.74,437.3439,464.3961,2026-05-22 15:59:00,448.205,WEEK_END_CLOSE,-5.330000000000041,-0.5910794685829668
CSX,2026-05-21 00:00:00,2026-05-22 00:00:00,0.0856031128404669,10.0,2026-05-22 10:07:00,45.885,45.36113633654001,44.632433502531576,21,963.5849999999999,44.508449999999996,47.26155,2026-05-22 15:59:00,45.51,WEEK_END_CLOSE,-7.875,-0.8172605426610025
PM,2026-05-21 00:00:00,2026-05-22 00:00:00,0.0786516853932584,8.0,2026-05-22 11:17:00,189.205,49.86915815921216,49.181960526772194,5,946.0250000000001,183.52885,194.88115000000002,2026-05-22 15:59:00,189.07,WEEK_END_CLOSE,-0.6750000000000966,-0.07135117993711804
DHR,2026-05-22 00:00:00,2026-05-26 00:00:00,0.0471976401179941,3.0,2026-05-26 09:45:00,171.11,51.05041687664697,42.28824861247287,5,855.5500000000001,165.97670000000002,176.2433,2026-05-27 09:37:00,176.2433,TAKE_PROFIT,25.666499999999957,3.0000000000000027
COF,2026-05-22 00:00:00,2026-05-26 00:00:00,0.0754716981132075,7.0,2026-05-26 09:49:00,189.28,52.68365023687296,51.010404764270575,5,946.4,183.6016,194.9584,2026-05-29 15:59:00,188.0,WEEK_END_CLOSE,-6.400000000000006,-0.6762468300929858
ADP,2026-05-22 00:00:00,2026-05-26 00:00:00,0.0920716112531969,10.0,2026-05-26 09:50:00,220.94,41.81737954111974,40.50541148334942,4,883.76,214.3118,227.5682,2026-05-29 15:59:00,221.83,WEEK_END_CLOSE,3.560000000000059,0.4028242961890083
AEP,2026-05-22 00:00:00,2026-05-26 00:00:00,0.0860323886639676,9.0,2026-05-26 09:50:00,131.97,58.9042218430111,56.21818309835095,7,923.79,128.0109,135.9291,2026-05-28 10:31:00,128.0109,STOP_LOSS,-27.713700000000046,-3.0000000000000027
AFL,2026-05-22 00:00:00,2026-05-26 00:00:00,0.078125,8.0,2026-05-26 09:56:00,117.55,53.67709051970905,48.135981401258455,8,940.4,114.0235,121.0765,2026-05-28 09:31:00,114.0235,STOP_LOSS,-28.21199999999999,-3.0000000000000027
ALL,2026-05-22 00:00:00,2026-05-26 00:00:00,0.0717948717948717,5.0,2026-05-26 09:56:00,216.92,50.75344210309878,48.46831145683822,4,867.68,210.4124,223.42759999999998,2026-05-27 11:19:00,210.4124,STOP_LOSS,-26.030399999999986,-3.0000000000000027
BSX,2026-05-22 00:00:00,2026-05-26 00:00:00,0.0623781676413255,4.0,2026-05-26 10:00:00,57.49,48.066574087017955,47.745674423421896,17,977.33,55.7653,59.2147,2026-05-27 09:30:00,53.13,STOP_LOSS_GAP,-74.11999999999999,-7.5839276395894935
JCI,2026-05-22 00:00:00,2026-05-26 00:00:00,0.0749185667752443,6.0,2026-05-26 10:02:00,139.87,47.54759289790104,46.198192130248586,7,979.09,135.6739,144.0661,2026-05-28 09:47:00,135.57,STOP_LOSS_GAP,-30.10000000000008,-3.0742832630299644
UPS,2026-05-22 00:00:00,2026-05-26 00:00:00,0.0342597199516667,2.0,2026-05-26 10:02:00,102.4458,61.983051626489704,57.99674259582006,9,922.0122,99.372426,105.519174,2026-05-28 10:12:00,105.519174,TAKE_PROFIT,27.66036600000001,3.0000000000000027
EMR,2026-05-22 00:00:00,2026-05-26 00:00:00,0.0264150943396226,1.0,2026-05-26 10:07:00,138.61,59.47518604105674,54.75718006047769,7,970.2700000000001,134.45170000000002,142.7683,2026-05-29 09:30:00,142.7683,TAKE_PROFIT,29.10809999999998,3.0000000000000027
NSC,2026-05-26 00:00:00,2026-05-27 00:00:00,0.0,1.0,2026-05-27 09:49:00,322.455,58.00572915784765,55.439696732373044,3,967.365,312.78135,332.12865,2026-05-28 09:32:00,312.78135,STOP_LOSS,-29.020950000000028,-3.0000000000000027
REGN,2026-05-26 00:00:00,2026-05-27 00:00:00,0.1098696461824953,9.0,2026-05-27 09:52:00,635.0,48.052343913120325,47.39029410393288,1,635.0,615.9499999999999,654.0500000000001,2026-05-29 13:37:00,615.9499999999999,STOP_LOSS,-19.050000000000068,-3.0000000000000138
ECL,2026-05-26 00:00:00,2026-05-27 00:00:00,0.0833333333333333,7.0,2026-05-27 09:55:00,260.75,61.371771271281034,61.05433918264793,3,782.25,252.92749999999998,268.5725,2026-05-29 15:59:00,256.02,WEEK_END_CLOSE,-14.190000000000055,-1.81399808245446
WFC,2026-05-26 00:00:00,2026-05-27 00:00:00,0.0316788281420169,4.0,2026-05-27 09:55:00,76.26,49.78298714281217,47.651346136864646,13,991.3800000000001,73.9722,78.54780000000001,2026-05-29 15:59:00,77.54,WEEK_END_CLOSE,16.640000000000015,1.6784683975872072
SO,2026-05-26 00:00:00,2026-05-27 00:00:00,0.106060606060606,8.0,2026-05-27 10:05:00,94.175,48.69394289434529,47.71340910479842,10,941.75,91.34975,97.00025,2026-05-29 10:01:00,91.34975,STOP_LOSS,-28.25249999999997,-2.9999999999999916
MMM,2026-05-26 00:00:00,2026-05-27 00:00:00,0.0358161286643093,5.0,2026-05-27 10:17:00,156.33,63.29412183868402,61.00019069873616,6,937.98,151.64010000000002,161.0199,2026-05-28 09:31:00,151.64010000000002,STOP_LOSS,-28.139399999999966,-2.9999999999999916
TJX,2026-05-26 00:00:00,2026-05-27 00:00:00,0.0520833333333333,6.0,2026-05-27 10:17:00,159.11,53.46908429929302,52.096262705932794,6,954.6600000000001,154.3367,163.88330000000002,2026-05-28 13:16:00,154.3367,STOP_LOSS,-28.639800000000037,-3.0000000000000027
UNP,2026-05-26 00:00:00,2026-05-27 00:00:00,0.0069813923373588,2.0,2026-05-27 10:30:00,274.79,60.574701981084914,54.877951278034594,3,824.3700000000001,266.54630000000003,283.0337,2026-05-28 09:42:00,266.54630000000003,STOP_LOSS,-24.73109999999997,-2.9999999999999916
DLR,2026-05-27 00:00:00,2026-05-28 00:00:00,0.0183299389002036,4.0,2026-05-28 09:45:00,191.045,41.51469375759465,37.935079578112514,5,955.2249999999999,185.31365,196.77634999999998,2026-05-29 15:59:00,189.97,WEEK_END_CLOSE,-5.374999999999943,-0.5626946530921995
PG,2026-05-27 00:00:00,2026-05-28 00:00:00,0.0713828267402335,10.0,2026-05-28 09:50:00,145.83,41.34579387999087,40.90620740881312,6,874.98,141.45510000000002,150.2049,2026-05-29 15:59:00,143.56,WEEK_END_CLOSE,-13.620000000000061,-1.5566070081601935
CSX,2026-05-27 00:00:00,2026-05-28 00:00:00,0.0697424892703862,9.0,2026-05-28 09:52:00,45.95,43.3608848295565,39.58451170865893,21,964.95,44.5715,47.328500000000005,2026-05-29 15:59:00,45.25,WEEK_END_CLOSE,-14.70000000000006,-1.5233949945593128
DHR,2026-05-27 00:00:00,2026-05-28 00:00:00,0.0156041016495764,2.0,2026-05-28 09:54:00,179.06,71.433068944137,70.67636230993543,5,895.3,173.6882,184.4318,2026-05-29 15:59:00,182.73,WEEK_END_CLOSE,18.349999999999937,2.049592315424986
SHW,2026-05-27 00:00:00,2026-05-28 00:00:00,0.0169133192389006,3.0,2026-05-28 09:54:00,305.7,44.61646932235474,40.487306272369025,3,917.0999999999999,296.529,314.871,2026-05-29 15:59:00,303.72,WEEK_END_CLOSE,-5.939999999999884,-0.647693817468098
CI,2026-05-27 00:00:00,2026-05-28 00:00:00,0.0630252100840336,8.0,2026-05-28 10:01:00,287.935,61.789009184095725,61.45338042472852,3,863.8050000000001,279.29695,296.57305,2026-05-29 11:50:00,279.29695,STOP_LOSS,-25.914150000000063,-3.0000000000000027
TRV,2026-05-27 00:00:00,2026-05-28 00:00:00,0.0367170626349892,6.0,2026-05-28 10:01:00,298.29,46.115506440150135,40.239107462614434,3,894.8700000000001,289.3413,307.23870000000005,2026-05-29 15:59:00,291.88,WEEK_END_CLOSE,-19.230000000000075,-2.14891548493078
TEL,2026-05-27 00:00:00,2026-05-28 00:00:00,0.0606060606060606,7.0,2026-05-28 10:13:00,208.5,66.51909541841998,45.311197265651145,4,834.0,202.245,214.755,2026-05-29 10:18:00,214.755,TAKE_PROFIT,25.019999999999982,3.0000000000000027
UPS,2026-05-27 00:00:00,2026-05-28 00:00:00,0.0365940553745928,5.0,2026-05-28 10:50:00,105.8587,62.89000253946052,58.86451794880337,9,952.7283,102.68293899999999,109.03446100000001,2026-05-29 15:59:00,106.7,WEEK_END_CLOSE,7.571700000000035,0.7947386468944106
RTX,2026-05-28 00:00:00,2026-05-29 00:00:00,0.0272775705913692,4.0,2026-05-29 09:45:00,177.66,46.786134794053424,42.977955843443226,5,888.3,172.3302,182.9898,2026-05-29 15:59:00,179.61,WEEK_END_CLOSE,9.750000000000085,1.0976021614319542
JCI,2026-05-28 00:00:00,2026-05-29 00:00:00,0.0218579234972677,3.0,2026-05-29 09:52:00,137.31,60.853903954858076,58.56187236721753,7,961.1700000000001,133.1907,141.4293,2026-05-29 15:59:00,134.1,WEEK_END_CLOSE,-22.470000000000056,-2.337775835700251
AON,2026-05-28 00:00:00,2026-05-29 00:00:00,0.0422535211267605,6.0,2026-05-29 10:00:00,316.885,50.96423176775506,50.73426749814491,3,950.655,307.37845,326.39155,2026-05-29 15:59:00,315.95,WEEK_END_CLOSE,-2.805000000000007,-0.29505972198116126
WMB,2026-05-28 00:00:00,2026-05-29 00:00:00,0.03954802259887,5.0,2026-05-29 10:03:00,71.68,37.27988899184043,34.986919935379966,13,931.8400000000001,69.5296,73.83040000000001,2026-05-29 15:59:00,71.38,WEEK_END_CLOSE,-3.900000000000148,-0.4185267857143016
SO,2026-05-28 00:00:00,2026-05-29 00:00:00,0.0677966101694915,9.0,2026-05-29 10:07:00,91.53,40.477635338396645,40.10344165664586,10,915.3,88.7841,94.27590000000001,2026-05-29 15:59:00,92.01,WEEK_END_CLOSE,4.80000000000004,0.5244182235332628
ABBV,2026-05-28 00:00:00,2026-05-29 00:00:00,0.0473988439306358,7.0,2026-05-29 10:08:00,216.895,48.154008715797836,48.026742805556076,4,867.58,210.38815,223.40185000000002,2026-05-29 15:59:00,217.6,WEEK_END_CLOSE,2.8199999999999363,0.32504207104819827
GILD,2026-05-28 00:00:00,2026-05-29 00:00:00,0.0022454564591958,1.0,2026-05-29 10:10:00,135.78,53.15573602293559,52.89241527533603,7,950.46,131.7066,139.8534,2026-05-29 15:59:00,134.47,WEEK_END_CLOSE,-9.170000000000016,-0.9647959935189299
MRK,2026-05-28 00:00:00,2026-05-29 00:00:00,0.0481369077727196,8.0,2026-05-29 10:10:00,118.965,48.5277867467298,48.31254681102909,8,951.72,115.39605,122.53395,2026-05-29 15:59:00,118.74,WEEK_END_CLOSE,-1.8000000000000682,-0.18913125709243417
CMCSA,2026-05-29 00:00:00,2026-06-01 00:00:00,0.0861130825644665,9.0,2026-06-01 09:47:00,24.655,45.59153128403087,45.56261085504332,40,986.2,23.91535,25.394650000000002,2026-06-03 11:13:00,23.91535,STOP_LOSS,-29.58600000000004,-3.0000000000000027
TEL,2026-05-29 00:00:00,2026-06-01 00:00:00,0.0372340425531914,3.0,2026-06-01 09:50:00,211.7,52.17258043913221,49.865407264989,4,846.8,205.349,218.051,2026-06-03 09:35:00,218.085,TAKE_PROFIT_GAP,25.540000000000077,3.0160604629192456
WMB,2026-05-29 00:00:00,2026-06-01 00:00:00,0.0204081632653061,2.0,2026-06-01 09:50:00,71.13,44.214709336804226,41.73534791754893,14,995.8199999999999,68.9961,73.26389999999999,2026-06-05 15:59:00,71.965,WEEK_END_CLOSE,11.690000000000111,1.17390693097148
NSC,2026-05-29 00:00:00,2026-06-01 00:00:00,0.0575396825396825,6.0,2026-06-01 09:51:00,303.65,45.63702210617195,45.61203343581019,3,910.9499999999999,294.54049999999995,312.7595,2026-06-05 10:09:00,312.7595,TAKE_PROFIT,27.328500000000076,3.0000000000000027
APD,2026-05-29 00:00:00,2026-06-01 00:00:00,0.092063492063492,10.0,2026-06-01 09:52:00,277.79,44.64630402343719,44.154818689407435,3,833.3700000000001,269.4563,286.12370000000004,2026-06-05 09:32:00,286.12370000000004,TAKE_PROFIT,25.001100000000065,3.0000000000000027
V,2026-05-29 00:00:00,2026-06-01 00:00:00,0.0460927877377856,4.0,2026-06-01 09:52:00,323.62,45.218767520034355,40.58944666290123,3,970.86,313.9114,333.3286,2026-06-02 09:58:00,313.9114,STOP_LOSS,-29.12579999999997,-2.9999999999999916
ELV,2026-05-29 00:00:00,2026-06-01 00:00:00,0.0476190476190476,5.0,2026-06-01 09:54:00,395.0,52.876753644049984,50.93740319060115,2,790.0,383.15,406.85,2026-06-04 09:50:00,406.85,TAKE_PROFIT,23.700000000000045,3.0000000000000027
CDNS,2026-05-29 00:00:00,2026-06-01 00:00:00,0.0677419354838709,7.0,2026-06-01 10:04:00,392.21,65.54460402480856,63.017045119108296,2,784.42,380.4437,403.9763,2026-06-01 12:11:00,403.9763,TAKE_PROFIT,23.532600000000002,3.0000000000000027
KMI,2026-05-29 00:00:00,2026-06-01 00:00:00,0.0742574257425742,8.0,2026-06-01 10:04:00,31.14,43.56210190602315,43.230548552059965,32,996.48,30.2058,32.074200000000005,2026-06-05 15:59:00,31.69,WEEK_END_CLOSE,17.600000000000023,1.7662170841361569
ADP,2026-05-29 00:00:00,2026-06-01 00:00:00,0.0124653739612188,1.0,2026-06-01 10:46:00,230.14,66.41099578670952,63.02366954750342,4,920.56,223.23579999999998,237.0442,2026-06-04 10:08:00,237.0442,TAKE_PROFIT,27.616800000000012,3.0000000000000027
CDNS,2026-05-29 00:00:00,2026-06-01 00:00:00,0.0677419354838709,7.0,2026-06-01 12:47:00,407.855,67.31757273573143,66.73695808834667,2,815.71,395.61935,420.09065000000004,2026-06-05 09:36:00,395.61935,STOP_LOSS,-24.471300000000042,-3.0000000000000027
APO,2026-06-01 00:00:00,2026-06-02 00:00:00,0.0537670096249585,5.0,2026-06-02 09:55:00,128.35,41.490436017415625,36.651661894551076,7,898.4499999999999,124.4995,132.2005,2026-06-03 09:30:00,124.0,STOP_LOSS_GAP,-30.44999999999996,-3.389170237631467
NOC,2026-06-01 00:00:00,2026-06-02 00:00:00,0.0684570826750921,8.0,2026-06-02 09:55:00,535.07,46.59535673368596,41.39983076573956,1,535.07,519.0179,551.1221,2026-06-05 09:30:00,551.1221,TAKE_PROFIT,16.052099999999996,3.0000000000000027
PSX,2026-06-01 00:00:00,2026-06-02 00:00:00,0.063063063063063,7.0,2026-06-02 09:55:00,180.855,55.05097414760521,50.91193772725313,5,904.275,175.42935,186.28064999999998,2026-06-03 11:28:00,186.31,TAKE_PROFIT_GAP,27.275000000000063,3.0162284703215247
AON,2026-06-01 00:00:00,2026-06-02 00:00:00,0.0263157894736842,1.0,2026-06-02 10:04:00,315.91,54.2427615002654,48.48931591966878,3,947.73,306.4327,325.38730000000004,2026-06-04 09:53:00,325.38730000000004,TAKE_PROFIT,28.43190000000004,3.0000000000000027
DHR,2026-06-01 00:00:00,2026-06-02 00:00:00,0.0468227424749163,3.0,2026-06-02 10:05:00,177.215,45.45590685796059,43.99866888382663,5,886.075,171.89855,182.53145,2026-06-04 09:30:00,182.53145,TAKE_PROFIT,26.582250000000016,3.0000000000000027
MSI,2026-06-01 00:00:00,2026-06-02 00:00:00,0.0497076023391812,4.0,2026-06-02 10:05:00,409.3775,54.33999782448566,50.24842242987761,2,818.755,397.09617499999996,421.65882500000004,2026-06-05 15:59:00,410.32,WEEK_END_CLOSE,1.884999999999991,0.23022760166349077
UPS,2026-06-01 00:00:00,2026-06-02 00:00:00,0.0302664391652447,2.0,2026-06-02 10:09:00,109.3,49.794137381428854,47.16594931932818,9,983.6999999999999,106.021,112.579,2026-06-05 15:59:00,108.55,WEEK_END_CLOSE,-6.75,-0.6861848124428138
CSX,2026-06-01 00:00:00,2026-06-02 00:00:00,0.0703883495145631,9.0,2026-06-02 10:15:00,45.615,52.315745173891585,43.33547091231872,21,957.9150000000001,44.24655,46.983450000000005,2026-06-04 09:30:00,47.248,TAKE_PROFIT_GAP,34.29299999999991,3.5799627315575844
MS,2026-06-01 00:00:00,2026-06-02 00:00:00,0.0551361752516281,6.0,2026-06-02 10:25:00,213.29,50.82256243458035,49.653921660685256,4,853.16,206.89129999999997,219.6887,2026-06-05 15:59:00,211.92,WEEK_END_CLOSE,-5.480000000000018,-0.6423179708378246
PEP,2026-06-02 00:00:00,2026-06-03 00:00:00,0.0417478049947046,6.0,2026-06-03 09:54:00,143.085,57.4776363692762,50.11308337117121,6,858.51,138.79245,147.37755,2026-06-05 15:59:00,141.86,WEEK_END_CLOSE,-7.349999999999966,-0.8561344655274805
PCAR,2026-06-02 00:00:00,2026-06-03 00:00:00,0.0049822064056939,2.0,2026-06-03 09:55:00,114.56,56.59252083910553,55.06125559766398,8,916.48,111.1232,117.99680000000001,2026-06-04 13:46:00,117.99680000000001,TAKE_PROFIT,27.49440000000004,3.0000000000000027
TMO,2026-06-02 00:00:00,2026-06-03 00:00:00,0.0430839002267573,8.0,2026-06-03 09:57:00,473.45,52.21848043884715,47.85741198434976,2,946.9,459.24649999999997,487.6535,2026-06-04 11:19:00,487.6535,TAKE_PROFIT,28.40700000000004,3.0000000000000027
SO,2026-06-02 00:00:00,2026-06-03 00:00:00,0.0412147505422993,5.0,2026-06-03 09:59:00,92.115,65.64458781232725,64.26744910268833,10,921.15,89.35154999999999,94.87845,2026-06-05 15:59:00,92.635,WEEK_END_CLOSE,5.200000000000102,0.564511751614849
SNPS,2026-06-02 00:00:00,2026-06-03 00:00:00,0.0551823416506717,10.0,2026-06-03 10:01:00,497.61,52.72564209070762,46.344055617559754,2,995.22,482.6817,512.5383,2026-06-05 09:35:00,482.6817,STOP_LOSS,-29.85660000000007,-3.0000000000000027
TRV,2026-06-02 00:00:00,2026-06-03 00:00:00,0.0428015564202334,7.0,2026-06-03 10:07:00,294.04,52.95445930909702,52.36572657774585,3,882.1200000000001,285.2188,302.86120000000005,2026-06-05 14:16:00,302.86120000000005,TAKE_PROFIT,26.4636000000001,3.0000000000000027
MDLZ,2026-06-02 00:00:00,2026-06-03 00:00:00,0.009933774834437,3.0,2026-06-03 10:19:00,61.75,55.87210010568777,54.17568785021299,16,988.0,59.8975,63.6025,2026-06-05 15:59:00,62.05,WEEK_END_CLOSE,4.7999999999999545,0.4858299595141613
ABBV,2026-06-02 00:00:00,2026-06-03 00:00:00,0.0542953841722474,9.0,2026-06-03 10:35:00,218.0,57.95739459714855,53.45542626179128,4,872.0,211.46,224.54,2026-06-04 15:38:00,224.54,TAKE_PROFIT,26.159999999999968,3.0000000000000027
TGT,2026-06-03 00:00:00,2026-06-04 00:00:00,0.0348760403364304,9.0,2026-06-04 09:52:00,125.515,53.65938504314262,53.54057960591758,7,878.605,121.74955,129.28045,2026-06-05 15:59:00,122.57,WEEK_END_CLOSE,-20.61500000000005,-2.3463331075967098
FDX,2026-06-03 00:00:00,2026-06-04 00:00:00,0.0338983050847457,8.0,2026-06-04 09:59:00,330.09,55.21386664201382,54.992216089480394,3,990.27,320.1873,339.99269999999996,2026-06-05 15:59:00,331.07,WEEK_END_CLOSE,2.9400000000000546,0.29688872731679083
PSX,2026-06-03 00:00:00,2026-06-04 00:00:00,0.0089743589743589,4.0,2026-06-04 10:02:00,182.35,46.04891262027293,42.07358771968344,5,911.75,176.87949999999998,187.8205,2026-06-05 15:59:00,183.145,WEEK_END_CLOSE,3.9750000000000796,0.4359747737866737
AFL,2026-06-03 00:00:00,2026-06-04 00:00:00,0.0008688097306689,3.0,2026-06-04 10:21:00,116.31,53.95264856786546,51.267839940472655,8,930.48,112.8207,119.7993,2026-06-05 15:59:00,118.26,WEEK_END_CLOSE,15.600000000000023,1.6765540366262544
TFC,2026-06-03 00:00:00,2026-06-04 00:00:00,0.0302233902759526,7.0,2026-06-04 11:09:00,48.72,51.956110308976,50.68620554078442,20,974.4,47.258399999999995,50.1816,2026-06-05 15:59:00,49.2,WEEK_END_CLOSE,9.60000000000008,0.9852216748768461
PCAR,2026-06-03 00:00:00,2026-06-04 00:00:00,0.0,2.0,2026-06-04 14:42:00,118.57,64.66699584944234,62.00028663315445,8,948.56,115.01289999999999,122.1271,2026-06-05 15:59:00,116.67,WEEK_END_CLOSE,-15.199999999999932,-1.6024289449270368
PH,2026-06-04 00:00:00,2026-06-05 00:00:00,0.0303030303030303,3.0,2026-06-05 09:45:00,882.0,70.03188440800878,66.78344721063908,1,882.0,855.54,908.46,2026-06-05 15:59:00,882.54,WEEK_END_CLOSE,0.5399999999999636,0.061224489795908
HWM,2026-06-04 00:00:00,2026-06-05 00:00:00,0.0434782608695652,4.0,2026-06-05 09:50:00,250.76,56.028929261135694,55.04055326641582,3,752.28,243.23719999999997,258.2828,2026-06-05 15:59:00,251.86,WEEK_END_CLOSE,3.300000000000068,0.438666453979919
ICE,2026-06-04 00:00:00,2026-06-05 00:00:00,0.0891089108910891,8.0,2026-06-05 09:52:00,141.38,41.90849913985186,40.09941651104451,7,989.66,137.1386,145.6214,2026-06-05 15:59:00,141.48,WEEK_END_CLOSE,0.6999999999999602,0.07073136228603616
MMM,2026-06-04 00:00:00,2026-06-05 00:00:00,0.0102418827631292,2.0,2026-06-05 09:57:00,153.875,56.35902154728286,54.767038937291034,6,923.25,149.25875,158.49125,2026-06-05 15:59:00,153.74,WEEK_END_CLOSE,-0.8099999999999454,-0.08773354995937899
PLD,2026-06-04 00:00:00,2026-06-05 00:00:00,0.064,7.0,2026-06-05 10:02:00,144.83,67.67692320529531,64.1409895764695,6,868.98,140.48510000000002,149.1749,2026-06-05 15:59:00,144.57,WEEK_END_CLOSE,-1.560000000000116,-0.17952081751019255
SYK,2026-06-04 00:00:00,2026-06-05 00:00:00,0.0626003210272873,6.0,2026-06-05 10:04:00,309.92,65.1067330606264,63.90500160771869,3,929.76,300.6224,319.2176,2026-06-05 15:59:00,305.68,WEEK_END_CLOSE,-12.720000000000027,-1.3680949922560637
APD,2026-06-04 00:00:00,2026-06-05 00:00:00,0.0545454545454545,5.0,2026-06-05 10:10:00,287.28,60.9211958988619,57.61762452655155,3,861.8399999999999,278.66159999999996,295.8984,2026-06-05 15:59:00,282.34,WEEK_END_CLOSE,-14.819999999999993,-1.7195767195767209
DHR,2026-06-04 00:00:00,2026-06-05 00:00:00,0.0924488355681016,9.0,2026-06-05 10:16:00,184.59,48.1366325747521,44.15068386362395,5,922.95,179.0523,190.1277,2026-06-05 15:59:00,184.39,WEEK_END_CLOSE,-1.0000000000000853,-0.10834823121513848
TMUS,2026-06-04 00:00:00,2026-06-05 00:00:00,0.0933901918976545,10.0,2026-06-05 10:40:00,179.075,59.44127485288124,52.33193543016977,5,895.375,173.70274999999998,184.44725,2026-06-05 15:59:00,178.18,WEEK_END_CLOSE,-4.474999999999909,-0.49979059053467667
APO,2026-06-05 00:00:00,2026-06-08 00:00:00,0.0359712230215827,8.0,2026-06-08 09:45:00,128.67,63.502026307547595,59.31059874734566,7,900.6899999999999,124.80989999999998,132.5301,2026-06-09 09:46:00,132.5301,TAKE_PROFIT,27.02070000000012,3.0000000000000027
PCAR,2026-06-05 00:00:00,2026-06-08 00:00:00,0.0152173913043478,5.0,2026-06-08 09:45:00,116.76,49.36075783325586,47.815738517745196,8,934.08,113.2572,120.26280000000001,2026-06-09 09:49:00,120.26280000000001,TAKE_PROFIT,28.02240000000006,3.0000000000000027
MDLZ,2026-06-05 00:00:00,2026-06-08 00:00:00,0.0019305019305019,2.0,2026-06-08 09:47:00,61.68,35.063849198930484,33.39212278935705,16,986.88,59.8296,63.5304,2026-06-10 09:30:00,63.5304,TAKE_PROFIT,29.606400000000008,3.0000000000000027
WMB,2026-06-05 00:00:00,2026-06-08 00:00:00,0.0269966254218222,6.0,2026-06-08 09:48:00,72.02,43.148421184137206,42.46688171028066,13,936.26,69.8594,74.1806,2026-06-12 15:59:00,72.08,WEEK_END_CLOSE,0.7800000000000296,0.08331019161345043
GILD,2026-06-05 00:00:00,2026-06-08 00:00:00,0.0070583557013619,3.0,2026-06-08 09:49:00,129.76,47.18931835304871,46.05789290426809,7,908.3199999999999,125.86719999999998,133.65279999999998,2026-06-09 09:31:00,125.86719999999998,STOP_LOSS,-27.249600000000058,-3.0000000000000027
ADP,2026-06-05 00:00:00,2026-06-08 00:00:00,0.0452830188679245,10.0,2026-06-08 09:50:00,230.02,40.05572421449245,38.16638686356174,4,920.08,223.1194,236.9206,2026-06-12 09:32:00,223.1194,STOP_LOSS,-27.60239999999999,-3.0000000000000027
MRSH,2026-06-05 00:00:00,2026-06-08 00:00:00,0.0076161462300076,4.0,2026-06-08 09:50:00,164.45,47.67814487869451,46.557545424033876,6,986.6999999999999,159.51649999999998,169.3835,2026-06-12 11:00:00,169.3835,TAKE_PROFIT,29.601000000000056,3.0000000000000027
PH,2026-06-05 00:00:00,2026-06-08 00:00:00,0.0286885245901639,7.0,2026-06-08 09:52:00,883.975,54.200163008125706,50.62162872993298,1,883.975,857.45575,910.4942500000001,2026-06-10 09:30:00,910.4942500000001,TAKE_PROFIT,26.519250000000056,3.0000000000000027
AFL,2026-06-05 00:00:00,2026-06-08 00:00:00,0.0,1.0,2026-06-08 09:54:00,117.13,43.3751111896763,41.35358363710577,8,937.04,113.61609999999999,120.6439,2026-06-12 15:59:00,117.8,WEEK_END_CLOSE,5.360000000000014,0.572014001536747
TFC,2026-06-05 00:00:00,2026-06-08 00:00:00,0.0404255319148936,9.0,2026-06-08 10:01:00,49.2092,54.288946718929125,46.26638722708726,20,984.1840000000001,47.732924000000004,50.685476,2026-06-11 13:40:00,50.685476,TAKE_PROFIT,29.525519999999972,3.0000000000000027
RSG,2026-06-08 00:00:00,2026-06-09 00:00:00,0.1282051282051282,9.0,2026-06-09 09:48:00,205.9,54.38544777344865,49.862228768602506,4,823.6,199.723,212.077,2026-06-10 10:45:00,212.077,TAKE_PROFIT,24.70799999999997,3.0000000000000027
AEP,2026-06-08 00:00:00,2026-06-09 00:00:00,0.0680555555555555,5.0,2026-06-09 09:50:00,126.79,55.95717515862447,50.14784778328559,7,887.5300000000001,122.9863,130.5937,2026-06-12 15:59:00,129.25,WEEK_END_CLOSE,17.219999999999956,1.9402161053710731
CVS,2026-06-08 00:00:00,2026-06-09 00:00:00,0.0808080808080808,6.0,2026-06-09 10:00:00,96.47,54.05172395222919,48.506265116536234,10,964.7,93.57589999999999,99.36410000000001,2026-06-11 11:39:00,99.36410000000001,TAKE_PROFIT,28.941000000000088,3.0000000000000027
CSX,2026-06-08 00:00:00,2026-06-09 00:00:00,0.1371681415929203,10.0,2026-06-09 10:01:00,47.25,62.178775251164915,52.64626021681734,21,992.25,45.832499999999996,48.667500000000004,2026-06-12 15:59:00,47.58,WEEK_END_CLOSE,6.929999999999964,0.698412698412687
TGT,2026-06-08 00:00:00,2026-06-09 00:00:00,0.0427423603793466,2.0,2026-06-09 10:04:00,125.44,65.04405282299223,64.64241014459586,7,878.0799999999999,121.6768,129.2032,2026-06-11 09:30:00,129.2032,TAKE_PROFIT,26.342400000000083,3.0000000000000027
PCAR,2026-06-08 00:00:00,2026-06-09 00:00:00,0.0181818181818181,1.0,2026-06-09 10:07:00,120.33,57.77327666889715,57.10984057696174,8,962.64,116.7201,123.9399,2026-06-10 11:00:00,116.7201,STOP_LOSS,-28.87919999999997,-2.9999999999999916
CMCSA,2026-06-08 00:00:00,2026-06-09 00:00:00,0.0670041691483025,4.0,2026-06-09 10:08:00,23.745,58.698882185513995,53.78340208245985,42,997.2900000000001,23.03265,24.45735,2026-06-12 11:09:00,24.45735,TAKE_PROFIT,29.91870000000003,3.0000000000000027
HD,2026-06-08 00:00:00,2026-06-09 00:00:00,0.0957951848084096,8.0,2026-06-09 10:08:00,318.42,68.69783317246083,59.931242651921536,3,955.26,308.86740000000003,327.9726,2026-06-12 09:30:00,328.5,TAKE_PROFIT_GAP,30.239999999999952,3.165630299604283
APD,2026-06-08 00:00:00,2026-06-09 00:00:00,0.0912408759124087,7.0,2026-06-09 10:11:00,280.32,56.550262891727435,53.96340984335447,3,840.96,271.9104,288.7296,2026-06-12 15:59:00,281.62,WEEK_END_CLOSE,3.900000000000034,0.4637557077625587
PLD,2026-06-08 00:00:00,2026-06-09 00:00:00,0.0628930817610062,3.0,2026-06-09 10:18:00,146.7598,69.70721770978494,69.2857507857631,6,880.5588,142.357006,151.162594,2026-06-12 15:59:00,148.72,WEEK_END_CLOSE,11.761199999999917,1.33565186106821
V,2026-06-09 00:00:00,2026-06-10 00:00:00,0.0327078764248774,3.0,2026-06-10 09:50:00,324.0975,49.5069371857381,48.95048531857854,3,972.2925,314.374575,333.82042500000006,2026-06-12 15:59:00,322.27,WEEK_END_CLOSE,-5.48250000000013,-0.5638735257137206
MDLZ,2026-06-09 00:00:00,2026-06-10 00:00:00,0.0598290598290598,5.0,2026-06-10 09:53:00,63.61,66.20429007945029,62.624441287676476,15,954.15,61.701699999999995,65.5183,2026-06-12 15:59:00,62.98,WEEK_END_CLOSE,-9.450000000000038,-0.9904103128438924
PEP,2026-06-09 00:00:00,2026-06-10 00:00:00,0.0230511457874961,2.0,2026-06-10 09:53:00,143.75,56.10003894605473,55.18446607687494,6,862.5,139.4375,148.0625,2026-06-12 15:59:00,144.255,WEEK_END_CLOSE,3.0299999999999727,0.3513043478260869
ELV,2026-06-09 00:00:00,2026-06-10 00:00:00,0.1132596685082873,9.0,2026-06-10 09:55:00,409.68,37.247049388444275,35.595976218088545,2,819.36,397.3896,421.97040000000004,2026-06-11 09:40:00,397.3896,STOP_LOSS,-24.580800000000067,-3.0000000000000027
NSC,2026-06-09 00:00:00,2026-06-10 00:00:00,0.1153846153846153,10.0,2026-06-10 10:04:00,310.99,48.073869650463585,45.506332965927825,3,932.97,301.6603,320.3197,2026-06-12 15:59:00,313.67,WEEK_END_CLOSE,8.04000000000002,0.8617640438599361
CRH,2026-06-09 00:00:00,2026-06-10 00:00:00,0.0428571428571428,4.0,2026-06-10 10:40:00,103.245,48.28356338922301,47.894640267353125,9,929.205,100.14765,106.34235000000001,2026-06-10 15:59:00,100.14765,STOP_LOSS,-27.876150000000052,-3.0000000000000027
TGT,2026-06-10 00:00:00,2026-06-11 00:00:00,0.0562326691171728,4.0,2026-06-11 09:45:00,128.67,53.75279688581275,52.52550987329961,7,900.6899999999999,124.80989999999998,132.5301,2026-06-11 15:20:00,132.5301,TAKE_PROFIT,27.02070000000012,3.0000000000000027
JNJ,2026-06-10 00:00:00,2026-06-11 00:00:00,0.0424203617736513,3.0,2026-06-11 09:48:00,240.535,59.74155895259461,58.834043782504146,4,962.14,233.31895,247.75105,2026-06-12 15:59:00,240.88,WEEK_END_CLOSE,1.3799999999999955,0.14343027002308162
ELV,2026-06-10 00:00:00,2026-06-11 00:00:00,0.0972972972972973,9.0,2026-06-11 09:53:00,398.175,46.72640976927435,43.00805611416683,2,796.35,386.22975,410.12025,2026-06-12 15:59:00,404.05,WEEK_END_CLOSE,11.75,1.4754818861053565
EMR,2026-06-10 00:00:00,2026-06-11 00:00:00,0.0306122448979591,2.0,2026-06-11 09:53:00,138.78,56.96179843054642,54.716290412023646,7,971.46,134.6166,142.9434,2026-06-12 09:30:00,143.88,TAKE_PROFIT_GAP,35.69999999999996,3.6748811067877085
DLR,2026-06-10 00:00:00,2026-06-11 00:00:00,0.0925925925925925,8.0,2026-06-11 09:54:00,180.16,44.841312599034,43.58240310193791,5,900.8,174.7552,185.5648,2026-06-12 15:59:00,184.16,WEEK_END_CLOSE,20.0,2.2202486678507993
ABBV,2026-06-10 00:00:00,2026-06-11 00:00:00,0.0722830877723208,7.0,2026-06-11 09:57:00,226.11,57.709519430193794,49.90805070505705,4,904.44,219.32670000000002,232.8933,2026-06-12 15:59:00,227.63,WEEK_END_CLOSE,6.079999999999927,0.6722391756224688
AMT,2026-06-10 00:00:00,2026-06-11 00:00:00,0.1019736842105263,10.0,2026-06-11 09:57:00,190.33,43.879783056331014,43.22353808819165,5,951.6500000000001,184.6201,196.03990000000002,2026-06-12 15:59:00,187.14,WEEK_END_CLOSE,-15.95000000000013,-1.6760363579047088
PSX,2026-06-10 00:00:00,2026-06-11 00:00:00,0.0677966101694915,6.0,2026-06-11 10:08:00,182.1099,46.83841752025744,42.53602217716875,5,910.5495000000001,176.646603,187.57319700000002,2026-06-12 15:59:00,179.42,WEEK_END_CLOSE,-13.449500000000114,-1.4770751068448384
CL,2026-06-10 00:00:00,2026-06-11 00:00:00,0.0239410681399631,1.0,2026-06-11 10:10:00,90.31,62.397409485463996,61.83308797994158,11,993.4100000000001,87.6007,93.0193,2026-06-12 15:59:00,89.45,WEEK_END_CLOSE,-9.459999999999994,-0.9522754955154422
GILD,2026-06-11 00:00:00,2026-06-12 00:00:00,0.004303762321255,4.0,2026-06-12 09:52:00,125.17,43.05779058156335,41.71740595405401,7,876.19,121.4149,128.92510000000001,2026-06-12 15:59:00,125.56,WEEK_END_CLOSE,2.730000000000004,0.3115762562914348
JCI,2026-06-11 00:00:00,2026-06-12 00:00:00,0.0102214650766609,6.0,2026-06-12 10:00:00,145.04,61.713141155932945,55.66850887581952,6,870.24,140.6888,149.3912,2026-06-12 15:59:00,144.93,WEEK_END_CLOSE,-0.6599999999999113,-0.07584114726970625
TEL,2026-06-11 00:00:00,2026-06-12 00:00:00,0.0,2.0,2026-06-12 10:00:00,209.68,57.66357021009283,55.904960989203666,4,838.72,203.3896,215.9704,2026-06-12 15:59:00,210.19,WEEK_END_CLOSE,2.0399999999999636,0.24322777565815024
ECL,2026-06-11 00:00:00,2026-06-12 00:00:00,0.0,1.0,2026-06-12 10:06:00,263.935,54.537577672802016,53.61096202994931,3,791.8050000000001,256.01695,271.85305,2026-06-12 15:59:00,265.34,WEEK_END_CLOSE,4.214999999999918,0.5323280353117132
SPG,2026-06-11 00:00:00,2026-06-12 00:00:00,0.0283018867924528,9.0,2026-06-12 10:53:00,219.66,63.51448377006775,63.00433216326353,4,878.64,213.0702,226.2498,2026-06-12 15:59:00,218.99,WEEK_END_CLOSE,-2.67999999999995,-0.30501684421377906
SO,2026-06-11 00:00:00,2026-06-12 00:00:00,0.025735294117647,8.0,2026-06-12 11:28:00,93.92,46.20292678707981,44.9934832006633,10,939.2,91.1024,96.7376,2026-06-12 15:59:00,94.0,WEEK_END_CLOSE,0.799999999999983,0.08517887563883608
MDLZ,2026-06-12 00:00:00,2026-06-15 00:00:00,0.0909090909090909,7.0,2026-06-15 09:45:00,62.56,50.25365773309097,44.58227872269915,15,938.4000000000001,60.6832,64.4368,2026-06-17 13:25:00,60.6832,STOP_LOSS,-28.152000000000044,-3.0000000000000027
CSX,2026-06-12 00:00:00,2026-06-15 00:00:00,0.01669449081803,2.0,2026-06-15 09:47:00,47.32,44.27373502273887,41.15434176084042,21,993.72,45.9004,48.7396,2026-06-17 14:01:00,45.9004,STOP_LOSS,-29.811600000000055,-3.0000000000000027
PG,2026-06-12 00:00:00,2026-06-15 00:00:00,0.0374376039933444,3.0,2026-06-15 09:52:00,150.14,48.7318613223594,48.46434212714392,6,900.8399999999999,145.6358,154.64419999999998,2026-06-18 15:59:00,150.37,WEEK_END_CLOSE,1.3800000000001091,0.1531903556680536
RTX,2026-06-12 00:00:00,2026-06-15 00:00:00,0.1065943992773261,10.0,2026-06-15 09:54:00,183.74,49.234501229862644,44.166733806851724,5,918.7,178.2278,189.25220000000002,2026-06-17 09:35:00,189.25220000000002,TAKE_PROFIT,27.561000000000035,3.0000000000000027
SNPS,2026-06-12 00:00:00,2026-06-15 00:00:00,0.0916496945010183,8.0,2026-06-15 09:54:00,459.01,54.173683058260124,52.18161670464361,2,918.02,445.23969999999997,472.7803,2026-06-16 10:14:00,445.23969999999997,STOP_LOSS,-27.54060000000004,-3.0000000000000027
CL,2026-06-12 00:00:00,2026-06-15 00:00:00,0.0612244897959183,6.0,2026-06-15 09:57:00,90.11,51.09576778976435,48.54625970982868,11,991.21,87.4067,92.8133,2026-06-18 15:59:00,89.45,WEEK_END_CLOSE,-7.2599999999999625,-0.7324381311730077
MDT,2026-06-12 00:00:00,2026-06-15 00:00:00,0.1041902604756511,9.0,2026-06-15 10:00:00,80.27,53.22972119512616,53.195794565213,12,963.24,77.86189999999999,82.6781,2026-06-17 15:05:00,77.86189999999999,STOP_LOSS,-28.897200000000055,-3.0000000000000027
PCAR,2026-06-12 00:00:00,2026-06-15 00:00:00,0.0,1.0,2026-06-15 10:03:00,121.07,58.3304597716876,56.26062776796132,8,968.56,117.43789999999998,124.7021,2026-06-17 14:05:00,117.43789999999998,STOP_LOSS,-29.056800000000067,-3.0000000000000027
MCD,2026-06-12 00:00:00,2026-06-15 00:00:00,0.0469688114340364,5.0,2026-06-15 10:18:00,286.55,53.296380471135734,50.98557884642918,3,859.6500000000001,277.9535,295.1465,2026-06-18 15:18:00,277.9535,STOP_LOSS,-25.789499999999975,-2.9999999999999916
MCK,2026-06-12 00:00:00,2026-06-15 00:00:00,0.0450966356478167,4.0,2026-06-15 10:44:00,777.19,49.38134676633549,49.256165919441806,1,777.19,753.8743000000001,800.5057,2026-06-18 11:54:00,753.38,STOP_LOSS_GAP,-23.81000000000006,-3.0636009212676507
WMB,2026-06-15 00:00:00,2026-06-16 00:00:00,0.0190735694822888,2.0,2026-06-16 09:46:00,71.18,42.327436055842554,41.71065725217232,14,996.5200000000001,69.0446,73.31540000000001,2026-06-18 15:59:00,73.12,WEEK_END_CLOSE,27.159999999999968,2.725484686709745
BNY,2026-06-15 00:00:00,2026-06-16 00:00:00,0.0727969348659003,8.0,2026-06-16 09:47:00,143.19,42.98730817444249,40.988560656782816,6,859.14,138.8943,147.4857,2026-06-18 09:30:00,147.66,TAKE_PROFIT_GAP,26.819999999999993,3.1217263775403348
ICE,2026-06-15 00:00:00,2026-06-16 00:00:00,0.086140254003313,9.0,2026-06-16 09:48:00,140.61,49.85030538756172,48.16555768622467,7,984.2700000000001,136.39170000000001,144.8283,2026-06-17 13:01:00,136.39170000000001,STOP_LOSS,-29.528099999999995,-3.0000000000000027
PH,2026-06-15 00:00:00,2026-06-16 00:00:00,0.0518731988472622,5.0,2026-06-16 09:59:00,936.64,55.09738200477103,51.973917768132644,1,936.64,908.5408,964.7392,2026-06-18 09:51:00,964.7392,TAKE_PROFIT,28.099199999999996,3.0000000000000027
UNP,2026-06-15 00:00:00,2026-06-16 00:00:00,0.0210282068015372,3.0,2026-06-16 09:59:00,268.13,49.13860821507038,48.99253698360125,3,804.39,260.0861,276.1739,2026-06-17 13:05:00,260.08,STOP_LOSS_GAP,-24.150000000000034,-3.0022750158505196
MS,2026-06-15 00:00:00,2026-06-16 00:00:00,0.0552835196052779,6.0,2026-06-16 10:04:00,219.12,44.749030309758126,44.73600210574292,4,876.48,212.5464,225.6936,2026-06-17 09:46:00,225.6936,TAKE_PROFIT,26.294399999999996,3.0000000000000027
JCI,2026-06-15 00:00:00,2026-06-16 00:00:00,0.1139240506329113,10.0,2026-06-16 10:50:00,147.04,47.51301424786045,47.45515671011494,6,882.24,142.62879999999998,151.4512,2026-06-18 15:59:00,144.88,WEEK_END_CLOSE,-12.95999999999998,-1.4689880304678993
AMT,2026-06-16 00:00:00,2026-06-17 00:00:00,0.0582255083179297,10.0,2026-06-17 09:49:00,183.49,55.801057028781464,47.18167588705057,5,917.45,177.9853,188.99470000000002,2026-06-18 13:11:00,177.9853,STOP_LOSS,-27.52350000000007,-3.0000000000000027
EMR,2026-06-16 00:00:00,2026-06-17 00:00:00,0.0483091787439613,9.0,2026-06-17 10:14:00,152.35,57.91689414442432,55.22911925652741,6,914.0999999999999,147.77949999999998,156.9205,2026-06-18 15:59:00,150.72,WEEK_END_CLOSE,-9.779999999999973,-1.0699048244174558
MMM,2026-06-16 00:00:00,2026-06-17 00:00:00,0.0272863304286594,7.0,2026-06-17 10:16:00,162.36,52.5491090947795,49.10913369164848,6,974.1600000000001,157.4892,167.23080000000002,2026-06-18 15:59:00,160.63,WEEK_END_CLOSE,-10.38000000000011,-1.065533382606565
TRV,2026-06-16 00:00:00,2026-06-17 00:00:00,0.0185567010309278,6.0,2026-06-17 10:16:00,308.54,51.8999938280886,51.682123568769796,3,925.6200000000001,299.2838,317.79620000000006,2026-06-18 15:59:00,307.79,WEEK_END_CLOSE,-2.25,-0.2430803137356552
AON,2026-06-16 00:00:00,2026-06-17 00:00:00,0.0,1.0,2026-06-17 10:31:00,331.41,57.48400633053444,51.11263123959791,3,994.23,321.46770000000004,341.3523,2026-06-18 09:59:00,321.46770000000004,STOP_LOSS,-29.826899999999966,-2.9999999999999916
MRSH,2026-06-16 00:00:00,2026-06-17 00:00:00,0.0303030303030303,8.0,2026-06-17 10:32:00,167.16,54.169529080347075,52.47147867711766,5,835.8,162.1452,172.1748,2026-06-18 10:03:00,162.1452,STOP_LOSS,-25.07400000000004,-3.0000000000000027
PCAR,2026-06-16 00:00:00,2026-06-17 00:00:00,0.0071428571428571,4.0,2026-06-17 14:14:00,117.85,39.37950177029732,37.07176295467652,8,942.8,114.3145,121.3855,2026-06-18 15:59:00,118.91,WEEK_END_CLOSE,8.480000000000018,0.8994484514212919
CSX,2026-06-16 00:00:00,2026-06-17 00:00:00,0.0142536458251573,5.0,2026-06-17 14:17:00,45.825,43.69763637177381,42.3960838869977,21,962.325,44.450250000000004,47.19975,2026-06-18 15:59:00,45.6,WEEK_END_CLOSE,-4.72500000000003,-0.49099836333879043
HPE,2026-06-17 00:00:00,2026-06-18 00:00:00,0.0372736280648493,7.0,2026-06-18 09:45:00,47.9,44.43609407197927,40.86558426407583,20,958.0,46.462999999999994,49.337,2026-06-18 15:59:00,47.41,WEEK_END_CLOSE,-9.80000000000004,-1.022964509394575
MCO,2026-06-17 00:00:00,2026-06-18 00:00:00,0.0093945720250521,1.0,2026-06-18 09:45:00,455.165,45.41544749726603,44.068569090108554,2,910.33,441.51005000000004,468.81995,2026-06-18 15:59:00,450.67,WEEK_END_CLOSE,-8.990000000000009,-0.9875539639471409
ELV,2026-06-17 00:00:00,2026-06-18 00:00:00,0.0523560209424083,10.0,2026-06-18 09:47:00,390.05,42.978174915790476,42.31429278758449,2,780.1,378.3485,401.7515,2026-06-18 15:59:00,388.52,WEEK_END_CLOSE,-3.060000000000059,-0.3922574028970671
ADP,2026-06-17 00:00:00,2026-06-18 00:00:00,0.0196656833824975,4.0,2026-06-18 10:00:00,216.73,50.78963946060036,42.3058514769268,4,866.92,210.22809999999998,223.2319,2026-06-18 15:59:00,217.83,WEEK_END_CLOSE,4.400000000000091,0.5075439486919242
TT,2026-06-17 00:00:00,2026-06-18 00:00:00,0.0476190476190476,9.0,2026-06-18 10:02:00,488.505,55.8432192830468,55.82689255053375,2,977.01,473.84985,503.16015,2026-06-18 15:59:00,483.14,WEEK_END_CLOSE,-10.730000000000018,-1.0982487384980755
ITW,2026-06-17 00:00:00,2026-06-18 00:00:00,0.0185567010309278,3.0,2026-06-18 10:16:00,268.115,57.62382864880296,56.29483284881259,3,804.345,260.07155,276.15845,2026-06-18 15:59:00,264.0,WEEK_END_CLOSE,-12.345000000000027,-1.5347891762862997
V,2026-06-17 00:00:00,2026-06-18 00:00:00,0.0398247710075667,8.0,2026-06-18 10:16:00,330.57,53.021213933768664,48.53709555932241,3,991.71,320.6529,340.4871,2026-06-18 15:59:00,327.21,WEEK_END_CLOSE,-10.080000000000041,-1.016426172973961
MDLZ,2026-06-17 00:00:00,2026-06-18 00:00:00,0.0202020202020202,5.0,2026-06-18 10:20:00,60.52,54.15206945734362,52.396532468029534,16,968.32,58.7044,62.33560000000001,2026-06-18 15:59:00,60.09,WEEK_END_CLOSE,-6.8799999999999955,-0.7105089226701944
CRH,2026-06-17 00:00:00,2026-06-18 00:00:00,0.0334572490706319,6.0,2026-06-18 10:31:00,112.815,62.41297941295601,57.841653563245856,8,902.52,109.43055,116.19945,2026-06-18 15:59:00,111.26,WEEK_END_CLOSE,-12.43999999999994,-1.3783628063643971
EMR,2026-06-18 00:00:00,2026-06-22 00:00:00,0.0202020202020202,5.0,2026-06-22 09:45:00,151.15,48.38154525551085,47.95202130856129,6,906.9000000000001,146.6155,155.6845,2026-06-23 09:30:00,146.6155,STOP_LOSS,-27.20700000000005,-3.0000000000000027
MDLZ,2026-06-18 00:00:00,2026-06-22 00:00:00,0.0108736407949006,2.0,2026-06-22 09:45:00,60.16,48.754799332690375,44.87215802630976,16,962.56,58.355199999999996,61.9648,2026-06-24 09:43:00,61.9648,TAKE_PROFIT,28.876800000000003,3.0000000000000027
CL,2026-06-18 00:00:00,2026-06-22 00:00:00,0.021043000914913,6.0,2026-06-22 09:48:00,90.0519,54.25167949929085,47.28061066059443,11,990.5709,87.350343,92.75345700000001,2026-06-24 11:22:00,92.75345700000001,TAKE_PROFIT,29.71712700000009,3.0000000000000027
MCO,2026-06-18 00:00:00,2026-06-22 00:00:00,0.0276923076923076,8.0,2026-06-22 09:57:00,451.955,52.002790947078836,51.72857511878527,2,903.91,438.39635,465.51365,2026-06-25 15:58:00,438.39635,STOP_LOSS,-27.1173,-3.0000000000000027
CB,2026-06-18 00:00:00,2026-06-22 00:00:00,0.0218514104092173,7.0,2026-06-22 10:00:00,327.645,62.186673505356076,57.298237748011815,3,982.935,317.81564999999995,337.47435,2026-06-25 09:30:00,337.47435,TAKE_PROFIT,29.4880500000001,3.0000000000000027
CRH,2026-06-18 00:00:00,2026-06-22 00:00:00,0.0117647058823529,3.0,2026-06-22 10:07:00,110.08,51.50891890099721,43.76569701522127,9,990.72,106.77759999999999,113.3824,2026-06-25 09:30:00,113.3824,TAKE_PROFIT,29.721600000000052,3.0000000000000027
BNY,2026-06-18 00:00:00,2026-06-22 00:00:00,0.0297029702970297,9.0,2026-06-22 10:08:00,145.51,55.10779738501674,53.303490688151264,6,873.06,141.1447,149.87529999999998,2026-06-26 15:59:00,143.44,WEEK_END_CLOSE,-12.419999999999959,-1.4225826403683528
PH,2026-06-18 00:00:00,2026-06-22 00:00:00,0.0053908355795148,1.0,2026-06-22 10:08:00,955.045,55.51695130009022,53.19679037144066,1,955.045,926.39365,983.6963499999999,2026-06-25 09:44:00,983.6963499999999,TAKE_PROFIT,28.65134999999998,3.0000000000000027
APO,2026-06-18 00:00:00,2026-06-22 00:00:00,0.0338664158043273,10.0,2026-06-22 10:34:00,135.9,45.54580682522425,43.011895640569406,7,951.3000000000001,131.823,139.977,2026-06-23 09:30:00,131.823,STOP_LOSS,-28.538999999999987,-3.0000000000000027
ITW,2026-06-18 00:00:00,2026-06-22 00:00:00,0.0174050632911392,4.0,2026-06-22 10:35:00,264.635,53.03897784405725,51.11838959237742,3,793.905,256.69595,272.57405,2026-06-25 10:05:00,272.57405,TAKE_PROFIT,23.817150000000026,3.0000000000000027
CVS,2026-06-22 00:00:00,2026-06-23 00:00:00,0.0276303300875312,2.0,2026-06-23 09:45:00,101.14,45.59571588267981,39.68656287355212,9,910.26,98.1058,104.1742,2026-06-25 10:00:00,104.1742,TAKE_PROFIT,27.307799999999986,3.0000000000000027
MPC,2026-06-22 00:00:00,2026-06-23 00:00:00,0.0657534246575342,7.0,2026-06-23 09:48:00,246.1775,49.40929955095467,45.539761360060275,4,984.71,238.79217500000001,253.562825,2026-06-25 10:15:00,253.562825,TAKE_PROFIT,29.54129999999998,3.0000000000000027
IBM,2026-06-22 00:00:00,2026-06-23 00:00:00,0.0800993821595831,10.0,2026-06-23 09:50:00,262.92,67.06551277934335,65.78069291277367,3,788.76,255.0324,270.80760000000004,2026-06-26 11:27:00,270.80760000000004,TAKE_PROFIT,23.66280000000006,3.0000000000000027
MSI,2026-06-22 00:00:00,2026-06-23 00:00:00,0.0685840707964601,8.0,2026-06-23 09:53:00,392.515,44.340965989024824,43.40592944663957,2,785.03,380.73954999999995,404.29045,2026-06-25 10:04:00,404.29045,TAKE_PROFIT,23.55090000000007,3.0000000000000027
AJG,2026-06-22 00:00:00,2026-06-23 00:00:00,0.0389221556886227,3.0,2026-06-23 10:00:00,214.77,61.89897171118304,59.780908233812596,4,859.08,208.3269,221.21310000000003,2026-06-24 15:20:00,221.21310000000003,TAKE_PROFIT,25.77240000000006,3.0000000000000027
ELV,2026-06-22 00:00:00,2026-06-23 00:00:00,0.064516129032258,6.0,2026-06-23 10:03:00,396.0,52.638784271222114,51.589853120880704,2,792.0,384.12,407.88,2026-06-24 12:50:00,384.12,STOP_LOSS,-23.75999999999999,-3.0000000000000027
SO,2026-06-22 00:00:00,2026-06-23 00:00:00,0.0444444444444444,4.0,2026-06-23 10:06:00,94.52,55.53562280275286,49.19939050387146,10,945.1999999999999,91.6844,97.3556,2026-06-26 15:59:00,97.02,WEEK_END_CLOSE,25.0,2.6449428692340238
RSG,2026-06-22 00:00:00,2026-06-23 00:00:00,0.0273037542662116,1.0,2026-06-23 10:38:00,208.55,63.080128819878915,60.428028608067414,4,834.2,202.2935,214.80650000000003,2026-06-24 11:28:00,214.80650000000003,TAKE_PROFIT,25.026000000000067,3.0000000000000027
TFC,2026-06-23 00:00:00,2026-06-24 00:00:00,0.0697674418604651,6.0,2026-06-24 09:45:00,49.955,62.558216287169266,61.53154109672804,20,999.0999999999999,48.45635,51.453649999999996,2026-06-26 15:59:00,50.42,WEEK_END_CLOSE,9.300000000000068,0.9308377539785972
JCI,2026-06-23 00:00:00,2026-06-24 00:00:00,0.0537170263788968,3.0,2026-06-24 09:46:00,141.24,46.44247201123158,46.37351102491186,7,988.6800000000001,137.0028,145.4772,2026-06-25 09:30:00,145.83,TAKE_PROFIT_GAP,32.130000000000024,3.2497875955819877
SPGI,2026-06-23 00:00:00,2026-06-24 00:00:00,0.0635838150289017,5.0,2026-06-24 09:50:00,398.645,48.90254656341843,47.31789766045958,2,797.29,386.68564999999995,410.60435,2026-06-25 10:03:00,410.60435,TAKE_PROFIT,23.918700000000058,3.0000000000000027
NSC,2026-06-23 00:00:00,2026-06-24 00:00:00,0.0588235294117647,4.0,2026-06-24 10:05:00,304.71,46.75938364032091,46.45362990359201,3,914.1299999999999,295.5687,313.8513,2026-06-26 09:30:00,313.8513,TAKE_PROFIT,27.423900000000003,3.0000000000000027
EMR,2026-06-23 00:00:00,2026-06-24 00:00:00,0.0853658536585365,9.0,2026-06-24 10:07:00,143.9326,51.94377062959961,47.871170528048275,6,863.5956000000001,139.614622,148.25057800000002,2026-06-26 15:59:00,143.45,WEEK_END_CLOSE,-2.8956000000001154,-0.3352958259630001
ABBV,2026-06-23 00:00:00,2026-06-24 00:00:00,0.0823207776427703,8.0,2026-06-24 10:27:00,234.7066,52.22619201649688,51.41495691658818,4,938.8264,227.665402,241.74779800000002,2026-06-25 10:29:00,241.74779800000002,TAKE_PROFIT,28.164792000000034,3.0000000000000027
RSG,2026-06-23 00:00:00,2026-06-24 00:00:00,0.0212765957446808,1.0,2026-06-24 12:01:00,214.59,59.73982857678849,56.07128617544467,4,858.36,208.1523,221.0277,2026-06-26 15:59:00,216.23,WEEK_END_CLOSE,6.559999999999945,0.764248101029863
DIS,2026-06-24 00:00:00,2026-06-25 00:00:00,0.090988882387361,8.0,2026-06-25 09:48:00,100.21,36.530309350373194,35.93556415447046,9,901.89,97.2037,103.21629999999999,2026-06-26 15:59:00,98.73,WEEK_END_CLOSE,-13.319999999999908,-1.4768985131224377
MSFT,2026-06-24 00:00:00,2026-06-25 00:00:00,0.0894139732288605,6.0,2026-06-25 09:53:00,357.835,35.84845440134703,35.2148527089734,2,715.67,347.09995,368.57005,2026-06-26 10:48:00,368.57005,TAKE_PROFIT,21.470100000000002,3.0000000000000027
SNPS,2026-06-24 00:00:00,2026-06-25 00:00:00,0.0945890128046261,9.0,2026-06-25 09:57:00,453.78,43.645559764111994,40.53755296657523,2,907.56,440.16659999999996,467.3934,2026-06-26 10:18:00,440.16659999999996,STOP_LOSS,-27.226800000000026,-3.0000000000000027
MSI,2026-06-24 00:00:00,2026-06-25 00:00:00,0.0612244897959183,3.0,2026-06-25 10:49:00,406.87,57.614103862342226,57.6106397420602,2,813.74,394.6639,419.0761,2026-06-26 15:59:00,402.58,WEEK_END_CLOSE,-8.580000000000041,-1.054390837368202
MCK,2026-06-24 00:00:00,2026-06-25 00:00:00,0.064,4.0,2026-06-25 10:51:00,779.93,62.746976606091806,58.180546296480365,1,779.93,756.5320999999999,803.3279,2026-06-26 15:59:00,762.93,WEEK_END_CLOSE,-17.0,-2.1796827920454453
PEP,2026-06-24 00:00:00,2026-06-25 00:00:00,0.0679872419002853,5.0,2026-06-25 10:56:00,141.0,44.738930696601706,43.06168599202132,7,987.0,136.77,145.23,2026-06-26 15:59:00,141.18,WEEK_END_CLOSE,1.2600000000000477,0.1276595744680975
AON,2026-06-24 00:00:00,2026-06-25 00:00:00,0.0980392156862745,10.0,2026-06-25 11:14:00,323.08,42.2779847162026,42.01123166344951,3,969.24,313.38759999999996,332.7724,2026-06-26 15:59:00,328.21,WEEK_END_CLOSE,15.389999999999986,1.587842020552177
ALL,2026-06-24 00:00:00,2026-06-25 00:00:00,0.0897755610972568,7.0,2026-06-25 11:21:00,235.5,51.136005794283584,48.168023498262755,4,942.0,228.435,242.565,2026-06-26 15:59:00,239.51,WEEK_END_CLOSE,16.039999999999964,1.7027600849256919
ABBV,2026-06-25 00:00:00,2026-06-26 00:00:00,0.0562420110779718,7.0,2026-06-26 09:49:00,247.4,60.41922364330372,56.08961724989101,4,989.6,239.978,254.822,2026-06-26 15:59:00,251.64,WEEK_END_CLOSE,16.959999999999923,1.7138237671786571
AXP,2026-06-25 00:00:00,2026-06-26 00:00:00,0.0722788556395922,9.0,2026-06-26 09:50:00,340.673,53.17136514645674,50.50945987875033,2,681.346,330.45281,350.89319,2026-06-26 15:59:00,340.2,WEEK_END_CLOSE,-0.9460000000000264,-0.13884281994758219
AFL,2026-06-25 00:00:00,2026-06-26 00:00:00,0.02,1.0,2026-06-26 10:02:00,119.33,57.96184108677316,48.91446592469704,8,954.64,115.75009999999999,122.90990000000001,2026-06-26 15:59:00,120.12,WEEK_END_CLOSE,6.32000000000005,0.6620296656331126
DUK,2026-06-25 00:00:00,2026-06-26 00:00:00,0.0744471744471744,10.0,2026-06-26 10:03:00,127.835,50.79965489345652,50.42438770960944,7,894.8449999999999,123.99994999999998,131.67005,2026-06-26 15:59:00,128.35,WEEK_END_CLOSE,3.605000000000004,0.40286306567058894
TMUS,2026-06-25 00:00:00,2026-06-26 00:00:00,0.0523930897762673,5.0,2026-06-26 10:11:00,181.32,49.50913980387288,43.39732662773822,5,906.5999999999999,175.88039999999998,186.7596,2026-06-26 15:59:00,182.545,WEEK_END_CLOSE,6.124999999999972,0.6756011471431789
NSC,2026-06-25 00:00:00,2026-06-26 00:00:00,0.037037037037037,3.0,2026-06-26 10:16:00,312.385,56.822928080660226,55.40322632461873,3,937.155,303.01345,321.75655,2026-06-26 15:59:00,312.41,WEEK_END_CLOSE,0.07500000000010232,0.008002945083807056
SYK,2026-06-25 00:00:00,2026-06-26 00:00:00,0.0665024630541872,8.0,2026-06-26 10:23:00,328.595,63.917205309298176,62.694320008840414,3,985.7850000000001,318.73715000000004,338.45285,2026-06-26 15:59:00,332.58,WEEK_END_CLOSE,11.95499999999987,1.212739086109016
RSG,2026-06-26 00:00:00,2026-06-29 00:00:00,0.0006877579092159,1.0,2026-06-29 09:47:00,216.23,46.425686019651565,46.05530676348129,4,864.92,209.7431,222.71689999999998,2026-07-02 15:59:00,217.33,WEEK_END_CLOSE,4.400000000000091,0.5087175692549684
COF,2026-06-26 00:00:00,2026-06-29 00:00:00,0.0401776700989299,5.0,2026-06-29 09:49:00,203.75,50.592796437022535,47.85729957535828,4,815.0,197.6375,209.8625,2026-07-02 15:59:00,205.03,WEEK_END_CLOSE,5.1200000000000045,0.6282208588957117
EMR,2026-06-26 00:00:00,2026-06-29 00:00:00,0.0454545454545454,8.0,2026-06-29 09:58:00,142.76,48.18533734411677,46.80452407646165,7,999.3199999999999,138.47719999999998,147.0428,2026-07-02 12:45:00,138.47719999999998,STOP_LOSS,-29.97960000000006,-3.0000000000000027
BSX,2026-06-26 00:00:00,2026-06-29 00:00:00,0.0438144329896907,7.0,2026-06-29 10:01:00,44.24,48.33588793545836,48.25200192660812,22,973.2800000000001,42.912800000000004,45.5672,2026-06-30 09:37:00,42.912800000000004,STOP_LOSS,-29.19839999999995,-2.9999999999999916
MRSH,2026-06-26 00:00:00,2026-06-29 00:00:00,0.0344827586206896,4.0,2026-06-29 10:01:00,168.46,57.9644644654237,54.85289932720026,5,842.3000000000001,163.4062,173.5138,2026-07-02 09:38:00,173.5138,TAKE_PROFIT,25.268999999999977,3.0000000000000027
CSX,2026-06-26 00:00:00,2026-06-29 00:00:00,0.0093283582089552,2.0,2026-06-29 10:05:00,48.315,60.49071771882635,57.42592144652124,20,966.3,46.86555,49.76445,2026-07-02 15:59:00,48.87,WEEK_END_CLOSE,11.099999999999994,1.14871158025458
ITW,2026-06-26 00:00:00,2026-06-29 00:00:00,0.0181818181818181,3.0,2026-06-29 10:06:00,268.12,51.491867294460526,50.56278796939405,3,804.36,260.0764,276.16360000000003,2026-07-02 15:59:00,272.7,WEEK_END_CLOSE,13.739999999999952,1.7081903625242312
WMB,2026-06-26 00:00:00,2026-06-29 00:00:00,0.0542521994134897,10.0,2026-06-29 10:17:00,74.245,35.75629428951861,34.943367250085686,13,965.1850000000001,72.01765,76.47235,2026-07-02 15:59:00,73.14,WEEK_END_CLOSE,-14.365000000000052,-1.4883157114957246
MRK,2026-06-26 00:00:00,2026-06-29 00:00:00,0.042362487027078,6.0,2026-06-29 10:22:00,128.02,59.137381012007225,54.99614467852958,7,896.1400000000001,124.1794,131.8606,2026-07-02 15:59:00,129.52,WEEK_END_CLOSE,10.5,1.1716919231370193
MCK,2026-06-26 00:00:00,2026-06-29 00:00:00,0.048780487804878,9.0,2026-06-29 10:36:00,771.01,51.67145765629028,51.261086829988436,1,771.01,747.8797,794.1403,2026-06-29 15:20:00,747.8797,STOP_LOSS,-23.130300000000034,-3.0000000000000027
ADP,2026-06-29 00:00:00,2026-06-30 00:00:00,0.0669642857142857,6.0,2026-06-30 09:46:00,224.42,53.00364358473124,52.90837531991977,4,897.68,217.68739999999997,231.1526,2026-07-01 09:33:00,231.1526,TAKE_PROFIT,26.930400000000077,3.0000000000000027
AON,2026-06-29 00:00:00,2026-06-30 00:00:00,0.0535714285714285,5.0,2026-06-30 09:49:00,324.85,53.446457384000105,53.084591258947675,3,974.5500000000001,315.10450000000003,334.5955,2026-07-01 09:30:00,334.5955,TAKE_PROFIT,29.236499999999978,3.0000000000000027
AEP,2026-06-29 00:00:00,2026-06-30 00:00:00,0.0699774266365688,7.0,2026-06-30 09:50:00,137.21,54.200704173213474,52.80940892405939,7,960.47,133.0937,141.3263,2026-07-02 15:59:00,138.49,WEEK_END_CLOSE,8.960000000000008,0.9328766124917953
SPGI,2026-06-29 00:00:00,2026-06-30 00:00:00,0.0393541876892028,3.0,2026-06-30 09:52:00,406.877,56.96089080701554,54.978692850986064,2,813.754,394.67069,419.08331000000004,2026-07-01 13:35:00,419.08331000000004,TAKE_PROFIT,24.41262000000006,3.0000000000000027
SYK,2026-06-29 00:00:00,2026-06-30 00:00:00,0.0925589836660617,10.0,2026-06-30 09:59:00,314.415,31.606392121241512,29.404774042838042,3,943.2450000000001,304.98255,323.84745000000004,2026-07-02 11:17:00,323.84745000000004,TAKE_PROFIT,28.29735000000005,3.0000000000000027
ABNB,2026-06-29 00:00:00,2026-06-30 00:00:00,0.0713219934347955,8.0,2026-06-30 10:18:00,147.04,51.225425496435015,46.55381588708236,6,882.24,142.62879999999998,151.4512,2026-06-30 15:20:00,142.62879999999998,STOP_LOSS,-26.467200000000048,-3.0000000000000027
DHR,2026-06-29 00:00:00,2026-06-30 00:00:00,0.0075617853190704,1.0,2026-06-30 10:20:00,190.15,43.838574178681206,43.16654147442446,5,950.75,184.4455,195.8545,2026-07-01 11:05:00,195.8545,TAKE_PROFIT,28.52249999999998,3.0000000000000027
TT,2026-06-29 00:00:00,2026-06-30 00:00:00,0.0428571428571428,4.0,2026-06-30 10:23:00,488.045,63.37320759747708,61.29115673751861,2,976.09,473.40365,502.68635,2026-07-02 12:23:00,472.75,STOP_LOSS_GAP,-30.590000000000032,-3.133932321814592
BMY,2026-06-29 00:00:00,2026-06-30 00:00:00,0.0390385631273111,2.0,2026-06-30 10:40:00,57.415,39.89577920265421,37.53227121097804,17,976.055,55.69255,59.13745,2026-07-02 15:59:00,58.11,WEEK_END_CLOSE,11.815000000000005,1.2104850648785082
ABNB,2026-06-29 00:00:00,2026-06-30 00:00:00,0.0713219934347955,8.0,2026-06-30 15:21:00,142.725,36.650886298573944,35.563138784299476,7,999.0749999999999,138.44324999999998,147.00675,2026-07-01 10:23:00,147.00675,TAKE_PROFIT,29.972250000000116,3.0000000000000027
ORLY,2026-06-30 00:00:00,2026-07-01 00:00:00,0.0135135135135135,4.0,2026-07-01 09:48:00,92.125,50.6280944401215,48.70621865512402,10,921.25,89.36125,94.88875,2026-07-02 15:14:00,89.36125,STOP_LOSS,-27.637500000000017,-3.0000000000000027
AON,2026-06-30 00:00:00,2026-07-01 00:00:00,0.0,1.0,2026-07-01 09:49:00,337.48,57.08440015012995,55.240140801887144,2,674.96,327.3556,347.60440000000006,2026-07-02 09:36:00,347.60440000000006,TAKE_PROFIT,20.248800000000074,3.0000000000000027
CTAS,2026-06-30 00:00:00,2026-07-01 00:00:00,0.04,7.0,2026-07-01 09:49:00,172.12,57.162399415258264,54.532223619876106,5,860.6,166.9564,177.2836,2026-07-02 10:17:00,177.2836,TAKE_PROFIT,25.818000000000012,3.0000000000000027
RTX,2026-06-30 00:00:00,2026-07-01 00:00:00,0.02686005909213,6.0,2026-07-01 09:50:00,189.88,53.8753802043741,50.32386416289921,5,949.4,184.18359999999998,195.5764,2026-07-02 09:32:00,195.5764,TAKE_PROFIT,28.482000000000056,3.0000000000000027
CVX,2026-06-30 00:00:00,2026-07-01 00:00:00,0.0764112232449817,10.0,2026-07-01 10:04:00,166.305,44.7387296233963,44.12246913883145,6,997.83,161.31585,171.29415,2026-07-02 15:59:00,169.2,WEEK_END_CLOSE,17.36999999999989,1.7407774871470938
JCI,2026-06-30 00:00:00,2026-07-01 00:00:00,0.0078431372549019,2.0,2026-07-01 10:23:00,146.45,54.59722896324211,49.42778195238573,6,878.6999999999999,142.05649999999997,150.8435,2026-07-01 12:25:00,150.85,TAKE_PROFIT_GAP,26.400000000000034,3.004438374871965
MPC,2026-06-30 00:00:00,2026-07-01 00:00:00,0.0608228980322003,8.0,2026-07-01 10:42:00,257.4325,55.208115417915366,53.31566755385562,3,772.2975,249.70952499999999,265.155475,2026-07-02 09:30:00,267.0,TAKE_PROFIT_GAP,28.702499999999986,3.7165082108902237
APO,2026-06-30 00:00:00,2026-07-01 00:00:00,0.062206572769953,9.0,2026-07-01 11:04:00,117.15,45.40814806575702,37.91560338456119,8,937.2,113.63550000000001,120.6645,2026-07-02 09:31:00,120.6645,TAKE_PROFIT,28.115999999999985,3.0000000000000027
JCI,2026-06-30 00:00:00,2026-07-01 00:00:00,0.0078431372549019,2.0,2026-07-01 13:34:00,147.93,48.61701371287224,35.21704292463463,6,887.58,143.4921,152.36790000000002,2026-07-02 09:32:00,143.4921,STOP_LOSS,-26.62740000000008,-3.0000000000000138
SPGI,2026-06-30 00:00:00,2026-07-01 00:00:00,0.0117813383600377,3.0,2026-07-01 13:53:00,418.67,54.828929827624236,52.66363124015655,2,837.34,406.1099,431.23010000000005,2026-07-02 09:32:00,431.23010000000005,TAKE_PROFIT,25.120200000000068,3.0000000000000027
CRH,2026-07-01 00:00:00,2026-07-02 00:00:00,0.0980392156862745,8.0,2026-07-02 09:53:00,107.06,53.26119473367279,51.686399126898785,9,963.54,103.8482,110.2718,2026-07-02 15:59:00,107.5,WEEK_END_CLOSE,3.9599999999999795,0.41098449467587006
TMO,2026-07-01 00:00:00,2026-07-02 00:00:00,0.0626262626262626,2.0,2026-07-02 09:53:00,520.9825,57.029268059921904,57.00393151821652,1,520.9825,505.35302499999995,536.6119749999999,2026-07-02 15:59:00,523.38,WEEK_END_CLOSE,2.3975000000000364,0.4601882020989212
PLD,2026-07-01 00:00:00,2026-07-02 00:00:00,0.0835694050991501,5.0,2026-07-02 09:57:00,137.56,44.32520965313767,39.84474936914175,7,962.9200000000001,133.4332,141.6868,2026-07-02 15:59:00,139.43,WEEK_END_CLOSE,13.090000000000032,1.3594068043035756
TGT,2026-07-01 00:00:00,2026-07-02 00:00:00,0.0908258979638526,7.0,2026-07-02 09:59:00,131.0,50.87527433977929,50.36383044580431,7,917.0,127.07,134.93,2026-07-02 15:59:00,130.2,WEEK_END_CLOSE,-5.60000000000008,-0.6106870229007688
KO,2026-07-01 00:00:00,2026-07-02 00:00:00,0.0851408878978309,6.0,2026-07-02 10:06:00,81.775,58.81365582506095,57.72321648557566,12,981.3000000000001,79.32175000000001,84.22825,2026-07-02 15:59:00,83.98,WEEK_END_CLOSE,26.45999999999998,2.6964231121981097
TFC,2026-07-01 00:00:00,2026-07-02 00:00:00,0.1078224101479915,9.0,2026-07-02 10:26:00,50.87,53.56733038857265,52.764200425626505,19,966.53,49.3439,52.3961,2026-07-02 15:59:00,50.97,WEEK_END_CLOSE,1.900000000000027,0.19657951641438576
DASH,2026-07-01 00:00:00,2026-07-02 00:00:00,0.0468836183121897,1.0,2026-07-02 10:36:00,190.785,54.55644841732426,54.475337500623226,5,953.925,185.06144999999998,196.50855,2026-07-02 15:59:00,192.02,WEEK_END_CLOSE,6.175000000000068,0.6473255234950459
EQIX,2026-07-01 00:00:00,2026-07-02 00:00:00,0.0668103448275862,3.0,2026-07-02 12:05:00,996.385,40.326473707206716,39.30699173587368,1,996.385,966.4934499999999,1026.27655,2026-07-02 15:59:00,1002.03,WEEK_END_CLOSE,5.644999999999982,0.5665480712776727
AON,2026-07-02 00:00:00,2026-07-06 00:00:00,0.0493827160493827,6.0,2026-07-06 09:45:00,354.46,52.016298462832026,50.31348084850779,2,708.92,343.8262,365.0938,2026-07-07 10:35:00,365.0938,TAKE_PROFIT,21.267600000000016,3.0000000000000027
TEL,2026-07-02 00:00:00,2026-07-06 00:00:00,0.0252365930599369,2.0,2026-07-06 09:46:00,200.41,62.95442755659898,62.19352646552088,4,801.64,194.3977,206.4223,2026-07-07 11:35:00,194.3977,STOP_LOSS,-24.04920000000004,-3.0000000000000027
RTX,2026-07-02 00:00:00,2026-07-06 00:00:00,0.0420940455574796,5.0,2026-07-06 09:47:00,199.28,59.142339874384724,56.278987885357246,5,996.4,193.3016,205.2584,2026-07-09 09:30:00,193.3016,STOP_LOSS,-29.891999999999967,-2.9999999999999916
ORLY,2026-07-02 00:00:00,2026-07-06 00:00:00,0.0619389587073608,8.0,2026-07-06 09:48:00,85.71,39.155165252167535,35.28941047297297,11,942.81,83.13869999999999,88.2813,2026-07-06 10:18:00,83.13869999999999,STOP_LOSS,-28.284300000000087,-3.0000000000000138
CTAS,2026-07-02 00:00:00,2026-07-06 00:00:00,0.0597609561752988,7.0,2026-07-06 09:50:00,179.94,50.808207416693335,50.31438944384025,5,899.7,174.5418,185.3382,2026-07-10 15:59:00,179.64,WEEK_END_CLOSE,-1.5000000000000568,-0.16672224074691933
TT,2026-07-02 00:00:00,2026-07-06 00:00:00,0.0692307692307692,10.0,2026-07-06 09:50:00,484.275,63.5888649419807,62.17738903593355,2,968.55,469.74674999999996,498.80325,2026-07-07 09:41:00,469.74674999999996,STOP_LOSS,-29.056500000000028,-3.0000000000000027
PLD,2026-07-02 00:00:00,2026-07-06 00:00:00,0.0297619047619047,3.0,2026-07-06 09:52:00,139.01,53.43130800822725,52.39270042405809,7,973.0699999999999,134.8397,143.1803,2026-07-07 15:24:00,143.1803,TAKE_PROFIT,29.192099999999982,3.0000000000000027
TFC,2026-07-02 00:00:00,2026-07-06 00:00:00,0.0678391959798995,9.0,2026-07-06 09:57:00,51.15,60.624521335072124,55.85434743351721,19,971.85,49.6155,52.6845,2026-07-08 10:37:00,49.6155,STOP_LOSS,-29.155500000000025,-3.0000000000000027
ABBV,2026-07-02 00:00:00,2026-07-06 00:00:00,0.0362578888751392,4.0,2026-07-06 09:59:00,255.48,43.94100764201677,43.495893055760455,3,766.4399999999999,247.8156,263.1444,2026-07-10 09:44:00,247.8156,STOP_LOSS,-22.9932,-3.0000000000000027
DHR,2026-07-02 00:00:00,2026-07-06 00:00:00,0.0200601805416248,1.0,2026-07-06 10:01:00,191.79,45.57675000640597,42.811661021885904,5,958.9499999999999,186.03629999999998,197.5437,2026-07-07 09:30:00,197.5437,TAKE_PROFIT,28.768500000000046,3.0000000000000027
ORLY,2026-07-02 00:00:00,2026-07-06 00:00:00,0.0619389587073608,8.0,2026-07-06 10:23:00,83.64,43.927234471682105,39.06929850215132,11,920.04,81.1308,86.14920000000001,2026-07-07 10:25:00,86.14920000000001,TAKE_PROFIT,27.601200000000077,3.0000000000000027
MPC,2026-07-06 00:00:00,2026-07-07 00:00:00,0.0832929782082324,5.0,2026-07-07 09:48:00,267.58,47.78970978595963,46.999231105170075,3,802.74,259.5526,275.6074,2026-07-08 09:37:00,275.6074,TAKE_PROFIT,24.0822,3.0000000000000027
CSX,2026-07-06 00:00:00,2026-07-07 00:00:00,0.0439856373429084,2.0,2026-07-07 09:50:00,48.72,44.775509438258474,43.80819224169347,20,974.4,47.258399999999995,50.1816,2026-07-10 15:59:00,49.41,WEEK_END_CLOSE,13.799999999999955,1.4162561576354538
PH,2026-07-06 00:00:00,2026-07-07 00:00:00,0.1224489795918367,10.0,2026-07-07 09:56:00,952.63,42.606180902262594,38.51352785856818,1,952.63,924.0511,981.2089,2026-07-10 15:59:00,960.73,WEEK_END_CLOSE,8.100000000000023,0.8502776523938937
ISRG,2026-07-06 00:00:00,2026-07-07 00:00:00,0.1059850374064838,7.0,2026-07-07 10:01:00,438.979,47.94548920738766,46.11773008813904,2,877.958,425.80962999999997,452.14837,2026-07-07 11:37:00,425.80962999999997,STOP_LOSS,-26.33874000000003,-3.0000000000000027
AFL,2026-07-06 00:00:00,2026-07-07 00:00:00,0.0591133004926108,4.0,2026-07-07 10:04:00,122.1,63.83830541930858,61.32144041390072,8,976.8,118.437,125.76299999999999,2026-07-10 15:59:00,121.92,WEEK_END_CLOSE,-1.4399999999999409,-0.14742014742014087
WELL,2026-07-06 00:00:00,2026-07-07 00:00:00,0.1126760563380281,9.0,2026-07-07 10:10:00,236.675,59.542939307542774,55.96050108672746,4,946.7,229.57475,243.77525000000003,2026-07-10 10:29:00,229.57475,STOP_LOSS,-28.401000000000067,-3.0000000000000027
CRH,2026-07-06 00:00:00,2026-07-07 00:00:00,0.1052631578947368,6.0,2026-07-07 10:13:00,105.58,48.25735334555477,44.75216361452534,9,950.22,102.4126,108.7474,2026-07-08 11:00:00,102.4126,STOP_LOSS,-28.506600000000006,-3.0000000000000027
JPM,2026-07-06 00:00:00,2026-07-07 00:00:00,0.1108643167551907,8.0,2026-07-07 10:13:00,341.12,59.722031414574325,58.5908257141661,2,682.24,330.8864,351.35360000000003,2026-07-08 15:35:00,330.8864,STOP_LOSS,-20.467200000000048,-3.0000000000000027
AON,2026-07-06 00:00:00,2026-07-07 00:00:00,0.0,1.0,2026-07-07 11:37:00,363.76,53.27737822102458,51.688218978298764,2,727.52,352.8472,374.6728,2026-07-10 15:59:00,356.92,WEEK_END_CLOSE,-13.67999999999995,-1.8803606773696857
ISRG,2026-07-06 00:00:00,2026-07-07 00:00:00,0.1059850374064838,7.0,2026-07-07 11:39:00,427.065,34.839723528749175,32.52139413205957,2,854.13,414.25305,439.87695,2026-07-09 09:30:00,414.25305,STOP_LOSS,-25.62390000000005,-3.0000000000000027
AEP,2026-07-07 00:00:00,2026-07-08 00:00:00,0.0880733944954128,4.0,2026-07-08 09:47:00,137.265,51.201572747093174,40.952800429237215,7,960.8549999999999,133.14704999999998,141.38295,2026-07-10 15:59:00,135.43,WEEK_END_CLOSE,-12.844999999999857,-1.3368302189195935
ADBE,2026-07-07 00:00:00,2026-07-08 00:00:00,0.1198573934695263,9.0,2026-07-08 09:48:00,218.33,33.6352625100438,32.771111179844944,4,873.32,211.7801,224.87990000000002,2026-07-10 09:30:00,226.5,TAKE_PROFIT_GAP,32.67999999999995,3.7420418632345465
SO,2026-07-07 00:00:00,2026-07-08 00:00:00,0.0985507246376811,6.0,2026-07-08 09:49:00,97.0678,52.236098118780674,48.17816940275784,10,970.6780000000001,94.155766,99.97983400000001,2026-07-10 15:59:00,95.61,WEEK_END_CLOSE,-14.57800000000006,-1.5018368604212795
PG,2026-07-07 00:00:00,2026-07-08 00:00:00,0.0412910458218506,2.0,2026-07-08 09:53:00,150.18,51.54112247385049,50.91383981742359,6,901.08,145.6746,154.68540000000002,2026-07-09 09:37:00,145.6746,STOP_LOSS,-27.032400000000052,-3.0000000000000027
WM,2026-07-07 00:00:00,2026-07-08 00:00:00,0.1149851632047477,8.0,2026-07-08 09:54:00,236.0,48.91681694270383,46.98178523455555,4,944.0,228.92,243.08,2026-07-10 15:59:00,233.35,WEEK_END_CLOSE,-10.600000000000023,-1.1228813559322037
CMCSA,2026-07-07 00:00:00,2026-07-08 00:00:00,0.0973399246704331,5.0,2026-07-08 09:59:00,23.48,54.352623576541454,50.41326304190242,42,986.16,22.7756,24.1844,2026-07-10 15:59:00,23.57,WEEK_END_CLOSE,3.779999999999994,0.3833049403747957
JCI,2026-07-07 00:00:00,2026-07-08 00:00:00,0.0187313750532141,1.0,2026-07-08 10:00:00,140.445,61.04045105993834,54.440273857768744,7,983.115,136.23165,144.65834999999998,2026-07-10 14:12:00,144.65834999999998,TAKE_PROFIT,29.49344999999994,3.0000000000000027
NSC,2026-07-07 00:00:00,2026-07-08 00:00:00,0.1147540983606557,7.0,2026-07-08 10:03:00,321.95,55.52431404532365,55.37903482220629,3,965.8499999999999,312.2915,331.6085,2026-07-10 15:59:00,327.54,WEEK_END_CLOSE,16.770000000000095,1.7362944556608362
MDLZ,2026-07-07 00:00:00,2026-07-08 00:00:00,0.0536912751677852,3.0,2026-07-08 10:06:00,59.54,52.34331774335069,43.569208143896624,16,952.64,57.7538,61.3262,2026-07-10 15:59:00,58.825,WEEK_END_CLOSE,-11.43999999999994,-1.2008733624454093
RSG,2026-07-08 00:00:00,2026-07-09 00:00:00,0.0625,8.0,2026-07-09 09:45:00,218.325,43.10747932813001,41.33074682588038,4,873.3,211.77524999999997,224.87475,2026-07-10 15:59:00,219.13,WEEK_END_CLOSE,3.2200000000000273,0.3687163632199786
PG,2026-07-08 00:00:00,2026-07-09 00:00:00,0.0876856732151413,10.0,2026-07-09 09:48:00,146.6799,46.685367579539275,39.591424078281726,6,880.0794000000001,142.279503,151.080297,2026-07-10 15:59:00,147.024,WEEK_END_CLOSE,2.0645999999999844,0.23459246972488135
CVS,2026-07-08 00:00:00,2026-07-09 00:00:00,0.0083356748150229,4.0,2026-07-09 09:58:00,104.54,53.10125962424081,48.661288530091454,9,940.86,101.4038,107.67620000000001,2026-07-10 15:59:00,104.19,WEEK_END_CLOSE,-3.1500000000000767,-0.33480007652574306
MO,2026-07-08 00:00:00,2026-07-09 00:00:00,0.0505812344312205,7.0,2026-07-09 10:03:00,72.92,53.82743617718788,45.344456343516704,13,947.96,70.7324,75.1076,2026-07-10 15:59:00,71.765,WEEK_END_CLOSE,-15.015000000000015,-1.5839275918815177
SYK,2026-07-08 00:00:00,2026-07-09 00:00:00,0.0352941176470588,6.0,2026-07-09 10:25:00,328.44,55.138424462669725,52.99156211381341,3,985.3199999999999,318.5868,338.2932,2026-07-10 15:59:00,329.76,WEEK_END_CLOSE,3.9599999999999795,0.4018998903909443
WMB,2026-07-09 00:00:00,2026-07-10 00:00:00,0.0103092783505154,4.0,2026-07-10 09:45:00,75.175,45.311149499570604,43.3843180734452,13,977.275,72.91975,77.43025,2026-07-10 15:59:00,75.01,WEEK_END_CLOSE,-2.1449999999998965,-0.21948786165612022
SPG,2026-07-09 00:00:00,2026-07-10 00:00:00,0.0210526315789473,6.0,2026-07-10 09:47:00,220.11,48.45966788566086,46.20972750307548,4,880.44,213.5067,226.71330000000003,2026-07-10 13:10:00,213.5067,STOP_LOSS,-26.413200000000074,-3.0000000000000138
WBD,2026-07-09 00:00:00,2026-07-10 00:00:00,0.0504726389732026,9.0,2026-07-10 09:47:00,26.695,62.56538552089376,61.12302112257496,37,987.715,25.89415,27.49585,2026-07-10 15:59:00,26.61,WEEK_END_CLOSE,-3.1450000000000315,-0.31841168758194316
ITW,2026-07-09 00:00:00,2026-07-10 00:00:00,0.0008503401360544,2.0,2026-07-10 09:55:00,267.69,59.38652909317799,55.147098017209686,3,803.0699999999999,259.6593,275.7207,2026-07-10 15:59:00,268.755,WEEK_END_CLOSE,3.194999999999993,0.3978482573125719
ADP,2026-07-09 00:00:00,2026-07-10 00:00:00,0.0315581854043392,7.0,2026-07-10 10:17:00,243.15,61.15395486128986,60.73887564597266,4,972.6,235.8555,250.4445,2026-07-10 15:59:00,241.95,WEEK_END_CLOSE,-4.800000000000068,-0.4935225169648394
TEL,2026-07-09 00:00:00,2026-07-10 00:00:00,0.0089235917456776,3.0,2026-07-10 10:26:00,202.54,60.18466678073999,53.87343326396165,4,810.16,196.4638,208.6162,2026-07-10 15:59:00,200.36,WEEK_END_CLOSE,-8.719999999999914,-1.076330601362685
DASH,2026-07-09 00:00:00,2026-07-10 00:00:00,0.0510337120506612,10.0,2026-07-10 10:43:00,193.33,51.56143140115374,51.51017041550435,5,966.6500000000001,187.5301,199.12990000000002,2026-07-10 15:59:00,191.84,WEEK_END_CLOSE,-7.4500000000000455,-0.7707029431542001
SPG,2026-07-09 00:00:00,2026-07-10 00:00:00,0.0210526315789473,6.0,2026-07-10 13:21:00,213.675,43.15664942760574,42.04945869569658,4,854.7,207.26475,220.08525000000003,2026-07-10 15:59:00,218.77,WEEK_END_CLOSE,20.379999999999995,2.3844623844623936
EMR,2026-07-10 00:00:00,2026-07-13 00:00:00,0.0606060606060606,8.0,2026-07-13 09:46:00,138.49,46.02154404258723,45.78648556088011,7,969.4300000000001,134.33530000000002,142.6447,2026-07-16 09:30:00,133.91,STOP_LOSS_GAP,-32.06000000000009,-3.3070979854141203
VRTX,2026-07-10 00:00:00,2026-07-13 00:00:00,0.0427350427350427,5.0,2026-07-13 09:46:00,480.955,45.78947899236437,45.739379565046406,2,961.91,466.52635,495.38365,2026-07-17 09:46:00,495.38365,TAKE_PROFIT,28.85730000000001,3.0000000000000027
HPE,2026-07-10 00:00:00,2026-07-13 00:00:00,0.0521685761047463,7.0,2026-07-13 09:47:00,47.34,40.50521696095913,39.15776737877142,21,994.1400000000001,45.9198,48.760200000000005,2026-07-14 09:30:00,48.86,TAKE_PROFIT_GAP,31.919999999999916,3.210815378115739
AEP,2026-07-10 00:00:00,2026-07-13 00:00:00,0.0256410256410256,3.0,2026-07-13 09:50:00,136.165,60.03302324194601,59.34134302099627,7,953.155,132.08005,140.24994999999998,2026-07-16 09:30:00,132.08005,STOP_LOSS,-28.594649999999945,-2.9999999999999916
MSI,2026-07-10 00:00:00,2026-07-13 00:00:00,0.0666666666666666,10.0,2026-07-13 09:56:00,424.59,53.186551002786445,51.74023128302545,2,849.18,411.85229999999996,437.3277,2026-07-15 09:33:00,411.42,STOP_LOSS_GAP,-26.339999999999918,-3.1018158694269715
BNY,2026-07-10 00:00:00,2026-07-13 00:00:00,0.0410404624277456,4.0,2026-07-13 10:20:00,150.99,49.28660094529583,48.34244547236102,6,905.94,146.46030000000002,155.5197,2026-07-15 09:30:00,156.44,TAKE_PROFIT_GAP,32.69999999999993,3.6095105636134717
CME,2026-07-10 00:00:00,2026-07-13 00:00:00,0.0159833217512161,2.0,2026-07-13 10:31:00,241.34,52.086106833939866,51.46501636629924,4,965.36,234.0998,248.58020000000002,2026-07-17 15:59:00,245.06,WEEK_END_CLOSE,14.879999999999995,1.5413938841468466
MDT,2026-07-10 00:00:00,2026-07-13 00:00:00,0.0449915110356536,6.0,2026-07-13 10:54:00,83.89,54.72419216363792,47.1240768262109,11,922.79,81.3733,86.4067,2026-07-14 09:30:00,81.3733,STOP_LOSS,-27.6837,-3.0000000000000027
CSX,2026-07-10 00:00:00,2026-07-13 00:00:00,0.00416449765747,1.0,2026-07-13 11:14:00,49.505,45.43746042574245,43.66094167306469,20,990.1,48.01985,50.99015000000001,2026-07-17 09:30:00,51.0,TAKE_PROFIT_GAP,29.89999999999995,3.0198969801030096
ITW,2026-07-13 00:00:00,2026-07-14 00:00:00,0.0408163265306122,3.0,2026-07-14 09:46:00,274.27,62.82170121599782,61.286962389415564,3,822.81,266.0419,282.49809999999997,2026-07-16 15:50:00,282.49809999999997,TAKE_PROFIT,24.68429999999995,3.0000000000000027
ORLY,2026-07-13 00:00:00,2026-07-14 00:00:00,0.0766246362754607,10.0,2026-07-14 09:49:00,86.52,39.68036080195794,39.5781793008422,11,951.7199999999999,83.92439999999999,89.1156,2026-07-15 12:04:00,83.92439999999999,STOP_LOSS,-28.55160000000005,-3.0000000000000027
SYK,2026-07-13 00:00:00,2026-07-14 00:00:00,0.0245901639344262,2.0,2026-07-14 09:50:00,313.85,36.4349608424808,34.94953751781965,3,941.5500000000001,304.4345,323.26550000000003,2026-07-16 09:31:00,323.26550000000003,TAKE_PROFIT,28.246500000000026,3.0000000000000027
TJX,2026-07-13 00:00:00,2026-07-14 00:00:00,0.0710116731517509,8.0,2026-07-14 09:50:00,149.74,42.271863024710115,39.80682829011105,6,898.44,145.2478,154.2322,2026-07-16 09:51:00,154.2322,TAKE_PROFIT,26.95319999999998,3.0000000000000027
PCAR,2026-07-13 00:00:00,2026-07-14 00:00:00,0.0541871921182266,5.0,2026-07-14 09:51:00,124.86,53.33260254931673,51.30905758354367,8,998.88,121.1142,128.60580000000002,2026-07-17 15:59:00,126.22,WEEK_END_CLOSE,10.879999999999995,1.089219926317475
SPG,2026-07-13 00:00:00,2026-07-14 00:00:00,0.0545454545454545,6.0,2026-07-14 10:04:00,221.25,63.36810511603465,57.97027755972113,4,885.0,214.61249999999998,227.88750000000002,2026-07-16 11:26:00,227.88750000000002,TAKE_PROFIT,26.550000000000068,3.0000000000000027
ECL,2026-07-13 00:00:00,2026-07-14 00:00:00,0.0689655172413793,7.0,2026-07-14 10:05:00,272.225,58.73815720253587,54.9774806788232,3,816.6750000000001,264.05825,280.39175000000006,2026-07-17 09:45:00,280.39175000000006,TAKE_PROFIT,24.500250000000108,3.0000000000000027
RTX,2026-07-14 00:00:00,2026-07-15 00:00:00,0.0418917722079532,2.0,2026-07-15 09:46:00,194.5,47.42660575320614,45.31967526864378,5,972.5,188.665,200.335,2026-07-17 15:59:00,193.49,WEEK_END_CLOSE,-5.0499999999999545,-0.5192802056555257
DHR,2026-07-14 00:00:00,2026-07-15 00:00:00,0.017221249270286,1.0,2026-07-15 09:47:00,201.03,56.08128946664275,56.07931900630242,4,804.12,194.9991,207.0609,2026-07-17 15:59:00,203.745,WEEK_END_CLOSE,10.860000000000014,1.350544694821676
RSG,2026-07-14 00:00:00,2026-07-15 00:00:00,0.0857142857142857,10.0,2026-07-15 09:48:00,219.23,45.374267769411375,41.7567071326038,4,876.92,212.6531,225.80689999999998,2026-07-17 09:30:00,227.77,TAKE_PROFIT_GAP,34.16000000000008,3.895452264744792
SHW,2026-07-14 00:00:00,2026-07-15 00:00:00,0.0847457627118644,9.0,2026-07-15 09:48:00,330.46,56.70955826770954,51.43434783374149,3,991.3799999999999,320.5462,340.37379999999996,2026-07-17 09:37:00,340.37379999999996,TAKE_PROFIT,29.741399999999942,3.0000000000000027
MSI,2026-07-14 00:00:00,2026-07-15 00:00:00,0.0427807486631016,3.0,2026-07-15 09:57:00,411.145,42.476012387346636,42.334879210419444,2,822.29,398.81064999999995,423.47935,2026-07-17 15:59:00,413.28,WEEK_END_CLOSE,4.269999999999982,0.5192815186856103
TEL,2026-07-14 00:00:00,2026-07-15 00:00:00,0.0714285714285714,8.0,2026-07-15 09:57:00,202.32,53.793867983142064,52.473980485241675,4,809.28,196.25039999999998,208.3896,2026-07-17 15:59:00,203.24,WEEK_END_CLOSE,3.6800000000000637,0.454725187821281
HD,2026-07-14 00:00:00,2026-07-15 00:00:00,0.0673805913570887,5.0,2026-07-15 10:16:00,344.33,61.693045529677214,60.97189226143977,2,688.66,334.0001,354.6599,2026-07-17 15:59:00,338.95,WEEK_END_CLOSE,-10.759999999999991,-1.5624546220195712
ORLY,2026-07-14 00:00:00,2026-07-15 00:00:00,0.0704225352112676,6.0,2026-07-15 12:14:00,83.42,40.8366447809344,34.357363499467276,11,917.62,80.9174,85.9226,2026-07-16 11:31:00,85.9226,TAKE_PROFIT,27.52860000000001,3.0000000000000027
EMR,2026-07-15 00:00:00,2026-07-16 00:00:00,0.0610687022900763,3.0,2026-07-16 09:50:00,135.67,58.81263655045231,49.145769259292294,7,949.6899999999999,131.5999,139.74009999999998,2026-07-17 09:45:00,139.74009999999998,TAKE_PROFIT,28.490699999999975,3.0000000000000027
ACN,2026-07-15 00:00:00,2026-07-16 00:00:00,0.1196172248803827,10.0,2026-07-16 09:51:00,139.28,59.3790194298477,53.951535872265595,7,974.96,135.1016,143.4584,2026-07-16 12:44:00,143.4584,TAKE_PROFIT,29.248800000000074,3.0000000000000027
ADP,2026-07-15 00:00:00,2026-07-16 00:00:00,0.0700636942675159,4.0,2026-07-16 09:55:00,253.03,60.347619694953664,58.804204390221344,3,759.09,245.4391,260.6209,2026-07-17 09:36:00,260.6209,TAKE_PROFIT,22.772700000000015,3.0000000000000027
WELL,2026-07-15 00:00:00,2026-07-16 00:00:00,0.0833333333333333,6.0,2026-07-16 10:07:00,236.98,57.03115773718248,55.44543809152697,4,947.92,229.8706,244.08939999999998,2026-07-17 09:31:00,244.71,TAKE_PROFIT_GAP,30.920000000000073,3.261878639547655
TJX,2026-07-15 00:00:00,2026-07-16 00:00:00,0.072072072072072,5.0,2026-07-16 10:22:00,154.72,64.41608146249044,63.27825841476875,6,928.3199999999999,150.0784,159.3616,2026-07-17 15:59:00,154.39,WEEK_END_CLOSE,-1.980000000000075,-0.21328852119959496
TFC,2026-07-15 00:00:00,2026-07-16 00:00:00,0.0929705215419501,9.0,2026-07-16 10:28:00,53.47,59.57415195505176,59.35085481162039,18,962.46,51.865899999999996,55.0741,2026-07-17 15:59:00,52.51,WEEK_END_CLOSE,-17.280000000000015,-1.7953992893211201
MDLZ,2026-07-15 00:00:00,2026-07-16 00:00:00,0.0857142857142857,8.0,2026-07-16 10:45:00,59.85,55.12346844523757,54.779250794687414,16,957.6,58.0545,61.645500000000006,2026-07-17 09:30:00,62.18,TAKE_PROFIT_GAP,37.27999999999997,3.8930659983291482
ACN,2026-07-15 00:00:00,2026-07-16 00:00:00,0.1196172248803827,10.0,2026-07-16 13:31:00,143.58,64.97687844970028,62.173336888148526,6,861.48,139.2726,147.8874,2026-07-17 15:59:00,143.55,WEEK_END_CLOSE,-0.18000000000000682,-0.020894274968663584
SLB,2026-07-16 00:00:00,2026-07-17 00:00:00,0.032557005243263,9.0,2026-07-17 09:45:00,46.985,52.31128821380032,51.01537257147567,21,986.685,45.57545,48.39455,2026-07-17 15:59:00,46.99,WEEK_END_CLOSE,0.10500000000005372,0.010641694157720316
DASH,2026-07-16 00:00:00,2026-07-17 00:00:00,0.0369489665264313,10.0,2026-07-17 09:46:00,185.54,41.3563753379614,41.16672463031455,5,927.6999999999999,179.97379999999998,191.1062,2026-07-17 15:59:00,184.16,WEEK_END_CLOSE,-6.899999999999977,-0.7437749272394045
SYK,2026-07-16 00:00:00,2026-07-17 00:00:00,0.0194336479733481,6.0,2026-07-17 09:46:00,328.375,51.95033478326649,47.56190156570984,3,985.125,318.52375,338.22625,2026-07-17 10:11:00,318.52375,STOP_LOSS,-29.55374999999998,-3.0000000000000027
AON,2026-07-16 00:00:00,2026-07-17 00:00:00,0.0,1.0,2026-07-17 09:50:00,374.7,64.89118329580788,63.66663619433023,2,749.4,363.459,385.941,2026-07-17 15:59:00,367.01,WEEK_END_CLOSE,-15.379999999999995,-2.052308513477452
ABBV,2026-07-16 00:00:00,2026-07-17 00:00:00,0.0244590780809031,7.0,2026-07-17 09:54:00,260.61,68.06559947510824,67.99016724841506,3,781.83,252.79170000000002,268.42830000000004,2026-07-17 15:59:00,254.49,WEEK_END_CLOSE,-18.360000000000014,-2.3483365949119372
CSX,2026-07-16 00:00:00,2026-07-17 00:00:00,0.0272801302931596,8.0,2026-07-17 09:55:00,51.165,59.55908559166171,55.59575165966018,19,972.135,49.63005,52.69995,2026-07-17 15:59:00,50.735,WEEK_END_CLOSE,-8.169999999999995,-0.8404182546662753
SYK,2026-07-16 00:00:00,2026-07-17 00:00:00,0.0194336479733481,6.0,2026-07-17 10:22:00,320.36,44.44220869241119,43.19145799133117,3,961.08,310.74920000000003,329.9708,2026-07-17 15:59:00,319.88,WEEK_END_CLOSE,-1.4400000000000546,-0.14983143963042123
RSG,2026-07-16 00:00:00,2026-07-17 00:00:00,0.001207729468599,2.0,2026-07-17 10:46:00,224.73,54.2251488071831,46.20928504757927,4,898.92,217.98809999999997,231.4719,2026-07-17 15:59:00,222.3,WEEK_END_CLOSE,-9.719999999999914,-1.0812975570684724
ITW,2026-07-16 00:00:00,2026-07-17 00:00:00,0.0048231511254019,3.0,2026-07-17 10:51:00,281.46,48.66724534764282,46.27134207523819,3,844.3799999999999,273.01619999999997,289.9038,2026-07-17 15:59:00,276.05,WEEK_END_CLOSE,-16.229999999999905,-1.9221203723441938
CB,2026-07-16 00:00:00,2026-07-17 00:00:00,0.0177514792899408,5.0,2026-07-17 10:54:00,353.94,64.68426271375478,57.11591340139463,2,707.88,343.3218,364.5582,2026-07-17 15:59:00,352.18,WEEK_END_CLOSE,-3.519999999999982,-0.4972594225009841
BMY,2026-07-17 00:00:00,2026-07-20 00:00:00,0.0404699738903394,8.0,2026-07-20 09:45:00,60.91,52.72704959606192,51.99487364975949,16,974.56,59.082699999999996,62.7373,2026-07-24 10:24:00,62.7373,TAKE_PROFIT,29.236800000000017,3.0000000000000027
ABBV,2026-07-17 00:00:00,2026-07-20 00:00:00,0.0437049362174154,9.0,2026-07-20 09:48:00,255.62,54.181730549838946,47.61785122043962,3,766.86,247.9514,263.28860000000003,2026-07-24 15:59:00,259.22,WEEK_END_CLOSE,10.800000000000068,1.4083405054377662
BNY,2026-07-17 00:00:00,2026-07-20 00:00:00,0.0353982300884955,5.0,2026-07-20 09:50:00,157.9275,52.17158882395122,51.8683644877359,6,947.565,153.189675,162.66532500000002,2026-07-24 15:59:00,158.95,WEEK_END_CLOSE,6.134999999999877,0.6474489876683753
CB,2026-07-17 00:00:00,2026-07-20 00:00:00,0.0181159420289855,2.0,2026-07-20 09:50:00,352.985,58.21322858322158,53.86806725516302,2,705.97,342.39545,363.57455000000004,2026-07-22 09:33:00,342.39545,STOP_LOSS,-21.179100000000062,-3.0000000000000138
COF,2026-07-17 00:00:00,2026-07-20 00:00:00,0.0534521158129175,10.0,2026-07-20 09:50:00,208.27,54.5170755128036,50.16846389695482,4,833.08,202.02190000000002,214.5181,2026-07-22 09:30:00,202.02190000000002,STOP_LOSS,-24.992399999999975,-2.9999999999999916
AON,2026-07-17 00:00:00,2026-07-20 00:00:00,0.0,1.0,2026-07-20 09:51:00,363.82,44.240094244293886,42.533514695535395,2,727.64,352.9054,374.7346,2026-07-22 09:35:00,352.9054,STOP_LOSS,-21.829200000000014,-3.0000000000000027
ECL,2026-07-17 00:00:00,2026-07-20 00:00:00,0.037037037037037,6.0,2026-07-20 09:57:00,271.775,51.90405749079356,49.16938059463046,3,815.3249999999999,263.62174999999996,279.92825,2026-07-21 15:58:00,263.62174999999996,STOP_LOSS,-24.459750000000042,-3.0000000000000027
MRK,2026-07-17 00:00:00,2026-07-20 00:00:00,0.0263956711099379,4.0,2026-07-20 09:58:00,127.44,56.190825763856864,48.92166791114876,7,892.0799999999999,123.6168,131.2632,2026-07-24 09:30:00,131.44,TAKE_PROFIT_GAP,28.0,3.138731952291285
SPG,2026-07-17 00:00:00,2026-07-20 00:00:00,0.0209790209790209,3.0,2026-07-20 10:06:00,230.58,62.94403502449717,59.66787181949745,4,922.32,223.6626,237.49740000000003,2026-07-24 15:59:00,229.68,WEEK_END_CLOSE,-3.6000000000000227,-0.3903200624512104
ITW,2026-07-17 00:00:00,2026-07-20 00:00:00,0.0392156862745098,7.0,2026-07-20 10:21:00,272.45,43.9381227542509,41.41033154220556,3,817.3499999999999,264.2765,280.6235,2026-07-24 09:47:00,280.64,TAKE_PROFIT_GAP,24.569999999999993,3.00605615709304
HCA,2026-07-20 00:00:00,2026-07-21 00:00:00,0.0982857142857142,10.0,2026-07-21 09:48:00,369.955,55.263948237472796,47.90958857753606,2,739.91,358.85634999999996,381.05365,2026-07-24 09:30:00,381.53,TAKE_PROFIT_GAP,23.149999999999977,3.1287589031098406
NSC,2026-07-20 00:00:00,2026-07-21 00:00:00,0.0774193548387096,5.0,2026-07-21 09:48:00,332.99,47.90196867388801,44.75455306892959,3,998.97,323.0003,342.97970000000004,2026-07-23 09:30:00,343.0,TAKE_PROFIT_GAP,30.029999999999973,3.006096279167547
SYK,2026-07-20 00:00:00,2026-07-21 00:00:00,0.0892857142857142,7.0,2026-07-21 09:49:00,313.21,40.97313323937605,40.89991467177415,3,939.6299999999999,303.8137,322.6063,2026-07-24 09:30:00,325.08,TAKE_PROFIT_GAP,35.610000000000014,3.7897895980332663
DLR,2026-07-20 00:00:00,2026-07-21 00:00:00,0.0977777777777777,9.0,2026-07-21 09:51:00,176.99,55.78826061468991,55.41420112223898,5,884.95,171.68030000000002,182.2997,2026-07-24 09:30:00,190.0,TAKE_PROFIT_GAP,65.04999999999995,7.350697779535564
GILD,2026-07-20 00:00:00,2026-07-21 00:00:00,0.0507196710075394,4.0,2026-07-21 09:52:00,130.63,47.51610720306469,44.416554653987504,7,914.41,126.71109999999999,134.5489,2026-07-24 15:59:00,129.33,WEEK_END_CLOSE,-9.09999999999988,-0.9951772180968987
CL,2026-07-20 00:00:00,2026-07-21 00:00:00,0.0833333333333333,6.0,2026-07-21 09:54:00,91.2,51.109660758256666,50.75693788006049,10,912.0,88.464,93.936,2026-07-24 15:59:00,90.76,WEEK_END_CLOSE,-4.399999999999977,-0.48245614035087314
SO,2026-07-20 00:00:00,2026-07-21 00:00:00,0.0382848392036753,3.0,2026-07-21 09:57:00,93.79,46.036688282104095,45.097201169679266,10,937.9000000000001,90.97630000000001,96.6037,2026-07-23 10:56:00,96.6037,TAKE_PROFIT,28.136999999999972,3.0000000000000027
MDLZ,2026-07-20 00:00:00,2026-07-21 00:00:00,0.0273224043715847,1.0,2026-07-21 10:01:00,59.4,47.06369816123729,45.17586457995631,16,950.4,57.617999999999995,61.182,2026-07-24 15:59:00,60.53,WEEK_END_CLOSE,18.08000000000004,1.9023569023569165
RSG,2026-07-20 00:00:00,2026-07-21 00:00:00,0.0318840579710144,2.0,2026-07-21 10:01:00,216.065,43.40461803939712,43.242402488913214,4,864.26,209.58305,222.54695,2026-07-24 15:59:00,216.93,WEEK_END_CLOSE,3.4600000000000364,0.4003424895286267
UPS,2026-07-21 00:00:00,2026-07-22 00:00:00,0.0386202830188679,2.0,2026-07-22 09:52:00,117.0602,59.3974446048643,56.3051132372306,8,936.4816,113.54839399999999,120.572006,2026-07-24 09:33:00,113.54839399999999,STOP_LOSS,-28.094448000000057,-3.0000000000000027
SLB,2026-07-21 00:00:00,2026-07-22 00:00:00,0.1297602256699576,9.0,2026-07-22 09:54:00,47.445,58.47942940060477,54.752369201437425,21,996.345,46.02165,48.86835,2026-07-24 09:30:00,50.07,TAKE_PROFIT_GAP,55.125,5.5327220992728465
TEL,2026-07-21 00:00:00,2026-07-22 00:00:00,0.028135124833238,1.0,2026-07-22 09:59:00,193.96,38.81516357561617,34.71273500441961,5,969.8000000000001,188.1412,199.77880000000002,2026-07-22 15:55:00,199.77880000000002,TAKE_PROFIT,29.09400000000005,3.0000000000000027
FTNT,2026-07-21 00:00:00,2026-07-22 00:00:00,0.1214574898785425,8.0,2026-07-22 10:00:00,156.62,54.630051888073424,49.29136579246059,6,939.72,151.9214,161.3186,2026-07-23 10:09:00,151.9214,STOP_LOSS,-28.191599999999994,-3.0000000000000027
MPC,2026-07-21 00:00:00,2026-07-22 00:00:00,0.1165262000732869,7.0,2026-07-22 10:03:00,324.8,59.43855601734164,58.250225299323816,3,974.4000000000001,315.056,334.54400000000004,2026-07-23 11:37:00,315.056,STOP_LOSS,-29.232000000000085,-3.0000000000000138
CVS,2026-07-21 00:00:00,2026-07-22 00:00:00,0.0387118193891102,3.0,2026-07-22 10:06:00,110.64,65.32586791251424,60.22973404609447,9,995.76,107.32079999999999,113.95920000000001,2026-07-23 09:30:00,107.27,STOP_LOSS_GAP,-30.33000000000004,-3.0459146782357283
TT,2026-07-21 00:00:00,2026-07-22 00:00:00,0.1531531531531531,10.0,2026-07-22 10:17:00,474.11,56.181494157535255,55.297636924330696,2,948.22,459.8867,488.3333,2026-07-24 15:59:00,481.19,WEEK_END_CLOSE,14.159999999999968,1.4933243340153002
JCI,2026-07-21 00:00:00,2026-07-22 00:00:00,0.072992700729927,5.0,2026-07-22 10:19:00,143.19,60.41958672361592,57.0814842039202,6,859.14,138.8943,147.4857,2026-07-24 15:59:00,143.37,WEEK_END_CLOSE,1.080000000000041,0.12570710245130012
MCK,2026-07-22 00:00:00,2026-07-23 00:00:00,0.0606060606060606,4.0,2026-07-23 09:51:00,811.65,40.687210946215515,40.245373574378426,1,811.65,787.3004999999999,835.9995,2026-07-24 10:10:00,835.9995,TAKE_PROFIT,24.349500000000035,3.0000000000000027
MCO,2026-07-22 00:00:00,2026-07-23 00:00:00,0.0616923718215923,5.0,2026-07-23 09:59:00,480.08,44.14733248074374,41.98668240396841,2,960.16,465.6776,494.4824,2026-07-24 15:59:00,471.43,WEEK_END_CLOSE,-17.299999999999955,-1.8017830361606313
PFE,2026-07-22 00:00:00,2026-07-23 00:00:00,0.1163795727067989,10.0,2026-07-23 09:59:00,24.9,50.52193205596109,47.115373402059156,40,996.0,24.153,25.647,2026-07-24 15:59:00,24.55,WEEK_END_CLOSE,-13.999999999999915,-1.4056224899598346
APO,2026-07-22 00:00:00,2026-07-23 00:00:00,0.0218151307509439,2.0,2026-07-23 10:00:00,121.0,59.89202601675317,53.65214619150447,8,968.0,117.36999999999999,124.63000000000001,2026-07-24 15:59:00,122.65,WEEK_END_CLOSE,13.200000000000045,1.3636363636363669
MMM,2026-07-22 00:00:00,2026-07-23 00:00:00,0.0497393945669807,3.0,2026-07-23 10:00:00,170.0,53.15245232090856,49.52519070497685,5,850.0,164.9,175.1,2026-07-24 15:59:00,172.59,WEEK_END_CLOSE,12.950000000000017,1.5235294117647014
CB,2026-07-22 00:00:00,2026-07-23 00:00:00,0.1003667889296432,9.0,2026-07-23 10:01:00,343.94,56.14752365961653,55.679474688308865,2,687.88,333.6218,354.2582,2026-07-24 09:30:00,355.63,TAKE_PROFIT_GAP,23.379999999999995,3.3988486363900616
FTNT,2026-07-22 00:00:00,2026-07-23 00:00:00,0.0986382681564245,8.0,2026-07-23 10:21:00,152.71,47.179447035037555,46.07414726056961,6,916.26,148.1287,157.2913,2026-07-24 15:59:00,152.35,WEEK_END_CLOSE,-2.160000000000082,-0.2357409468928151
SO,2026-07-22 00:00:00,2026-07-23 00:00:00,0.0699340785325308,6.0,2026-07-23 11:07:00,96.6,63.619375758973,62.80896013861454,10,966.0,93.702,99.49799999999999,2026-07-24 15:59:00,97.27,WEEK_END_CLOSE,6.700000000000017,0.6935817805383104
MPC,2026-07-22 00:00:00,2026-07-23 00:00:00,0.0711404473780711,7.0,2026-07-23 11:49:00,314.26,39.85606512911437,38.28731789872466,3,942.78,304.8322,323.6878,2026-07-24 15:59:00,309.28,WEEK_END_CLOSE,-14.940000000000055,-1.584675109781719
AJG,2026-07-23 00:00:00,2026-07-24 00:00:00,0.0,2.0,2026-07-24 09:46:00,243.44,56.20376588529432,51.95807864357584,4,973.76,236.1368,250.7432,2026-07-24 15:59:00,247.75,WEEK_END_CLOSE,17.24000000000001,1.7704567860663767
ORLY,2026-07-23 00:00:00,2026-07-24 00:00:00,0.031591737545565,8.0,2026-07-24 09:46:00,86.425,58.971212834836635,55.11887705907455,11,950.675,83.83225,89.01774999999999,2026-07-24 15:59:00,87.43,WEEK_END_CLOSE,11.055000000000106,1.162857969337594
JNJ,2026-07-23 00:00:00,2026-07-24 00:00:00,0.0291417501895056,7.0,2026-07-24 09:50:00,262.01,58.95626889455694,57.71153199636332,3,786.03,254.1497,269.8703,2026-07-24 15:59:00,263.42,WEEK_END_CLOSE,4.230000000000075,0.5381473989542584
DASH,2026-07-23 00:00:00,2026-07-24 00:00:00,0.0286699328615496,6.0,2026-07-24 10:00:00,171.42,52.21093099907131,51.84892699104613,5,857.0999999999999,166.27739999999997,176.5626,2026-07-24 15:59:00,172.98,WEEK_END_CLOSE,7.800000000000011,0.9100455022751142
ECL,2026-07-23 00:00:00,2026-07-24 00:00:00,0.0118811881188118,5.0,2026-07-24 10:01:00,265.95,59.191207368546465,54.46939795614575,3,797.8499999999999,257.9715,273.9285,2026-07-24 15:59:00,268.75,WEEK_END_CLOSE,8.400000000000034,1.0528294792254256
MRK,2026-07-23 00:00:00,2026-07-24 00:00:00,0.0449191601433901,9.0,2026-07-24 10:14:00,130.81,55.9646985817264,52.45114944592808,7,915.6700000000001,126.8857,134.73430000000002,2026-07-24 15:59:00,131.09,WEEK_END_CLOSE,1.960000000000008,0.2140509135387214
EMR,2026-07-23 00:00:00,2026-07-24 00:00:00,0.048780487804878,10.0,2026-07-24 10:20:00,147.63,61.66025108442917,59.35018296065226,6,885.78,143.2011,152.0589,2026-07-24 15:59:00,147.94,WEEK_END_CLOSE,1.8600000000000136,0.20998442051074484
TEL,2026-07-23 00:00:00,2026-07-24 00:00:00,0.0048553212358999,4.0,2026-07-24 10:21:00,201.12,52.72817506261877,50.77009286848046,4,804.48,195.0864,207.1536,2026-07-24 15:59:00,202.87,WEEK_END_CLOSE,7.0,0.8701272871917354
ICE,2026-07-24 00:00:00,2026-07-27 00:00:00,0.0688073394495412,7.0,2026-07-27 09:46:00,146.7,62.30952150880828,62.25684155779152,6,880.1999999999999,142.29899999999998,151.101,2026-07-28 09:42:00,151.101,TAKE_PROFIT,26.406000000000063,3.0000000000000027
DUK,2026-07-24 00:00:00,2026-07-27 00:00:00,0.1049382716049382,10.0,2026-07-27 09:53:00,129.8,48.79983977163144,47.63802184071259,7,908.6000000000001,125.906,133.69400000000002,2026-07-30 11:03:00,125.906,STOP_LOSS,-27.258000000000038,-3.0000000000000027
TFC,2026-07-24 00:00:00,2026-07-27 00:00:00,0.026378896882494,1.0,2026-07-27 09:53:00,52.63,63.923921882728315,63.20601492214008,19,999.97,51.0511,54.20890000000001,2026-07-31 15:59:00,51.85,WEEK_END_CLOSE,-14.820000000000022,-1.4820444613338424
ORLY,2026-07-24 00:00:00,2026-07-27 00:00:00,0.0867768595041322,9.0,2026-07-27 09:57:00,89.26,69.31933708695236,69.20122039650772,11,981.86,86.5822,91.93780000000001,2026-07-28 09:30:00,91.93780000000001,TAKE_PROFIT,29.455800000000053,3.0000000000000027
MDLZ,2026-07-24 00:00:00,2026-07-27 00:00:00,0.0857142857142857,8.0,2026-07-27 10:01:00,60.33,48.339413241982264,46.35751787167848,16,965.28,58.5201,62.1399,2026-07-28 09:30:00,62.1399,TAKE_PROFIT,28.958399999999983,3.0000000000000027
MRK,2026-07-24 00:00:00,2026-07-27 00:00:00,0.0527481377088786,5.0,2026-07-27 10:01:00,131.775,51.15058407549937,49.48105907939892,7,922.4250000000001,127.82175000000001,135.72825,2026-07-30 09:30:00,127.82175000000001,STOP_LOSS,-27.67274999999998,-3.0000000000000027
CI,2026-07-24 00:00:00,2026-07-27 00:00:00,0.0666666666666666,6.0,2026-07-27 10:02:00,288.515,48.91080517521526,48.62939833799619,3,865.545,279.85954999999996,297.17045,2026-07-28 11:11:00,297.17045,TAKE_PROFIT,25.96635000000009,3.0000000000000027
ECL,2026-07-24 00:00:00,2026-07-27 00:00:00,0.0267857142857142,2.0,2026-07-27 10:19:00,270.555,56.97680780461415,56.899047123177084,3,811.665,262.43835,278.67165,2026-07-28 09:31:00,278.67165,TAKE_PROFIT,24.34994999999998,3.0000000000000027
JNJ,2026-07-24 00:00:00,2026-07-27 00:00:00,0.0361734435633541,3.0,2026-07-27 11:44:00,267.87,55.46563424987137,54.08937698143259,3,803.61,259.83389999999997,275.90610000000004,2026-07-30 09:30:00,259.03,STOP_LOSS_GAP,-26.520000000000095,-3.300108261470125
CSX,2026-07-27 00:00:00,2026-07-28 00:00:00,0.0106326422115895,1.0,2026-07-28 09:51:00,52.18,66.46949043745059,56.569202587098225,19,991.42,50.614599999999996,53.745400000000004,2026-07-29 09:30:00,50.614599999999996,STOP_LOSS,-29.742600000000074,-3.0000000000000027
UNP,2026-07-27 00:00:00,2026-07-28 00:00:00,0.0218563370935633,2.0,2026-07-28 09:51:00,300.15,59.09219643304341,56.08244570907358,3,900.4499999999999,291.14549999999997,309.1545,2026-07-29 11:06:00,291.14549999999997,STOP_LOSS,-27.013500000000022,-3.0000000000000027
ELV,2026-07-27 00:00:00,2026-07-28 00:00:00,0.1011673151750972,6.0,2026-07-28 09:53:00,373.115,50.271635957469606,44.8221597608586,2,746.23,361.92155,384.30845,2026-07-28 13:03:00,384.34,TAKE_PROFIT_GAP,22.449999999999932,3.0084558380123916
TEL,2026-07-27 00:00:00,2026-07-28 00:00:00,0.0318866253321523,3.0,2026-07-28 10:02:00,207.03,60.135100644328325,59.31477290995151,4,828.12,200.8191,213.2409,2026-07-28 13:20:00,213.2409,TAKE_PROFIT,24.843600000000038,3.0000000000000027
GILD,2026-07-27 00:00:00,2026-07-28 00:00:00,0.148064637354378,10.0,2026-07-28 10:03:00,134.26,57.33827835678545,55.415211025011445,7,939.8199999999999,130.23219999999998,138.2878,2026-07-30 09:30:00,130.02,STOP_LOSS_GAP,-29.679999999999865,-3.158051541784579
MDLZ,2026-07-27 00:00:00,2026-07-28 00:00:00,0.0539067231980617,4.0,2026-07-28 10:03:00,62.97,67.16055060184371,64.85666129082945,15,944.55,61.0809,64.8591,2026-07-29 09:31:00,64.8591,TAKE_PROFIT,28.336499999999987,3.0000000000000027
CMCSA,2026-07-27 00:00:00,2026-07-28 00:00:00,0.1143057503506311,8.0,2026-07-28 10:06:00,23.62,54.880399443950466,54.380645807073115,42,992.0400000000001,22.9114,24.3286,2026-07-29 09:55:00,24.3286,TAKE_PROFIT,29.761200000000024,3.0000000000000027
CRH,2026-07-27 00:00:00,2026-07-28 00:00:00,0.075187969924812,5.0,2026-07-28 10:11:00,103.8,66.84757936230992,64.27621279719723,9,934.1999999999999,100.68599999999999,106.914,2026-07-29 10:58:00,100.68599999999999,STOP_LOSS,-28.02600000000004,-3.0000000000000027
COP,2026-07-27 00:00:00,2026-07-28 00:00:00,0.143752303722816,9.0,2026-07-28 11:08:00,116.17,48.91097970968884,45.48810854147691,8,929.36,112.6849,119.6551,2026-07-31 09:30:00,119.6551,TAKE_PROFIT,27.880800000000022,3.0000000000000027
ELV,2026-07-27 00:00:00,2026-07-28 00:00:00,0.1011673151750972,6.0,2026-07-28 13:36:00,384.46,58.65311177366677,58.115609408918125,2,768.92,372.9262,395.99379999999996,2026-07-30 09:30:00,371.47,STOP_LOSS_GAP,-25.979999999999905,-3.378765021068497
TEL,2026-07-27 00:00:00,2026-07-28 00:00:00,0.0318866253321523,3.0,2026-07-28 14:06:00,212.52,58.548517036623714,56.53564432846809,4,850.08,206.1444,218.89560000000003,2026-07-29 15:40:00,206.1444,STOP_LOSS,-25.50240000000008,-3.0000000000000138
CME,2026-07-28 00:00:00,2026-07-29 00:00:00,0.0872971460548405,8.0,2026-07-29 09:45:00,261.355,56.739949061713546,55.72309258846343,3,784.065,253.51435,269.19565,2026-07-31 10:05:00,269.19565,TAKE_PROFIT,23.521949999999947,3.0000000000000027
NSC,2026-07-28 00:00:00,2026-07-29 00:00:00,0.0483870967741935,4.0,2026-07-29 09:45:00,337.6,37.46925669547271,33.68223972712234,2,675.2,327.47200000000004,347.728,2026-07-31 15:59:00,335.61,WEEK_END_CLOSE,-3.980000000000018,-0.5894549763033163
AEP,2026-07-28 00:00:00,2026-07-29 00:00:00,0.0977777777777777,9.0,2026-07-29 09:47:00,132.91,50.458867120288474,39.49726192319144,7,930.37,128.9227,136.8973,2026-07-30 09:30:00,128.72,STOP_LOSS_GAP,-29.329999999999984,-3.152509216763222
CSX,2026-07-28 00:00:00,2026-07-29 00:00:00,0.003784713688867,1.0,2026-07-29 09:52:00,50.605,42.088403117716766,37.343203662667136,19,961.4949999999999,49.08685,52.123149999999995,2026-07-31 15:59:00,50.38,WEEK_END_CLOSE,-4.274999999999892,-0.4446200968283631
KMI,2026-07-28 00:00:00,2026-07-29 00:00:00,0.0134883720930232,2.0,2026-07-29 10:01:00,32.115,52.502497599545386,52.10836829660182,31,995.565,31.15155,33.078450000000004,2026-07-31 15:59:00,32.18,WEEK_END_CLOSE,2.0149999999999295,0.20239763350458073
MDT,2026-07-28 00:00:00,2026-07-29 00:00:00,0.0596217105263157,6.0,2026-07-29 10:03:00,87.6,54.74795232541353,54.62780467752403,11,963.5999999999999,84.972,90.228,2026-07-31 09:30:00,84.972,STOP_LOSS,-28.908,-3.0000000000000027
CMCSA,2026-07-28 00:00:00,2026-07-29 00:00:00,0.1019375109094082,10.0,2026-07-29 10:07:00,24.335,59.139895914078274,58.37918384869169,41,997.735,23.60495,25.065050000000003,2026-07-30 10:03:00,23.60495,STOP_LOSS,-29.932050000000086,-3.0000000000000138
UNP,2026-07-28 00:00:00,2026-07-29 00:00:00,0.0390401828223195,3.0,2026-07-29 11:11:00,291.7,45.24181940713359,44.01289463056006,3,875.0999999999999,282.94899999999996,300.451,2026-07-31 15:59:00,292.12,WEEK_END_CLOSE,1.2600000000000477,0.14398354473774688
LOW,2026-07-29 00:00:00,2026-07-30 00:00:00,0.0101087898334456,1.0,2026-07-30 09:45:00,212.845,39.53370778841537,32.7821752145374,4,851.38,206.45964999999998,219.23035000000002,2026-07-31 09:32:00,206.45964999999998,STOP_LOSS,-25.541400000000067,-3.0000000000000027
TGT,2026-07-29 00:00:00,2026-07-30 00:00:00,0.0507761642463695,4.0,2026-07-30 09:57:00,143.81,36.47731729100513,33.36636460691058,6,862.86,139.4957,148.1243,2026-07-31 15:59:00,144.49,WEEK_END_CLOSE,4.080000000000041,0.4728461164035913
CL,2026-07-29 00:00:00,2026-07-30 00:00:00,0.0944625407166123,9.0,2026-07-30 10:04:00,91.72,47.206569242713144,44.250713347598115,10,917.2,88.9684,94.4716,2026-07-31 15:59:00,91.3,WEEK_END_CLOSE,-4.200000000000017,-0.4579153946794645
WBD,2026-07-29 00:00:00,2026-07-30 00:00:00,0.0348066298342541,2.0,2026-07-30 10:04:00,25.56,46.045535221373854,41.87381559079034,39,996.8399999999999,24.7932,26.3268,2026-07-31 13:25:00,26.3268,TAKE_PROFIT,29.905199999999997,3.0000000000000027
JNJ,2026-07-29 00:00:00,2026-07-30 00:00:00,0.0425920292059628,3.0,2026-07-30 10:06:00,256.415,40.824879676186505,34.87009666559792,3,769.2450000000001,248.72255,264.10745000000003,2026-07-31 15:59:00,256.42,WEEK_END_CLOSE,0.014999999999986358,0.0019499639256626011
JCI,2026-07-29 00:00:00,2026-07-30 00:00:00,0.0911098840419657,8.0,2026-07-30 10:11:00,144.085,50.176440697403315,50.15534848887814,6,864.51,139.76245,148.40755000000001,2026-07-31 15:59:00,146.71,WEEK_END_CLOSE,15.75,1.8218412742478485
HWM,2026-07-29 00:00:00,2026-07-30 00:00:00,0.1162790697674418,10.0,2026-07-30 10:40:00,277.44,55.463354587981605,55.172377541854075,3,832.3199999999999,269.1168,285.7632,2026-07-31 15:59:00,282.36,WEEK_END_CLOSE,14.760000000000048,1.7733564013840963
REGN,2026-07-30 00:00:00,2026-07-31 00:00:00,0.1090342679127725,7.0,2026-07-31 09:45:00,740.84,58.53308013309081,57.78077574147911,1,740.84,718.6148000000001,763.0652,2026-07-31 15:40:00,763.0652,TAKE_PROFIT,22.225199999999973,3.0000000000000027
SO,2026-07-30 00:00:00,2026-07-31 00:00:00,0.1192307692307692,9.0,2026-07-31 09:45:00,93.76,44.96550614302202,44.218209760816656,10,937.6,90.94720000000001,96.5728,2026-07-31 15:59:00,94.59,WEEK_END_CLOSE,8.299999999999983,0.8852389078498168
ITW,2026-07-30 00:00:00,2026-07-31 00:00:00,0.0377358490566037,1.0,2026-07-31 09:46:00,282.77,45.11737042812028,43.787153096350245,3,848.31,274.2869,291.25309999999996,2026-07-31 15:59:00,286.97,WEEK_END_CLOSE,12.600000000000136,1.4853060791456096
MRSH,2026-07-30 00:00:00,2026-07-31 00:00:00,0.0849514563106796,5.0,2026-07-31 09:46:00,190.65,54.839108598167655,52.00262431835107,5,953.25,184.9305,196.36950000000002,2026-07-31 15:59:00,189.77,WEEK_END_CLOSE,-4.399999999999977,-0.46157880933648254
DASH,2026-07-30 00:00:00,2026-07-31 00:00:00,0.04881945677259,2.0,2026-07-31 09:48:00,197.46,60.8011967686031,59.68867280506207,5,987.3000000000001,191.5362,203.3838,2026-07-31 15:59:00,196.15,WEEK_END_CLOSE,-6.550000000000011,-0.6634255038995285
NEE,2026-07-30 00:00:00,2026-07-31 00:00:00,0.1018010963194988,6.0,2026-07-31 10:08:00,87.3,49.719947291495174,45.49088613752722,11,960.3,84.681,89.919,2026-07-31 15:59:00,86.92,WEEK_END_CLOSE,-4.17999999999995,-0.43528064146620693
PLD,2026-07-30 00:00:00,2026-07-31 00:00:00,0.0727272727272727,4.0,2026-07-31 10:10:00,144.115,49.10513527034184,46.470740451475976,6,864.69,139.79155,148.43845000000002,2026-07-31 15:59:00,144.7,WEEK_END_CLOSE,3.509999999999877,0.40592582312735104
MS,2026-07-30 00:00:00,2026-07-31 00:00:00,0.1217078254279037,10.0,2026-07-31 10:18:00,210.05,53.70913333477361,46.61298884000473,4,840.2,203.7485,216.35150000000002,2026-07-31 15:59:00,210.51,WEEK_END_CLOSE,1.8399999999999181,0.21899547726731416
PH,2026-07-30 00:00:00,2026-07-31 00:00:00,0.0588235294117647,3.0,2026-07-31 10:19:00,964.35,52.40792497639333,50.87731415878222,1,964.35,935.4195,993.2805000000001,2026-07-31 15:59:00,976.53,WEEK_END_CLOSE,12.17999999999995,1.2630269093171442
CMCSA,2026-07-30 00:00:00,2026-07-31 00:00:00,0.1134751773049645,8.0,2026-07-31 10:21:00,23.69,52.820035107330064,48.84003140509963,42,994.98,22.979300000000002,24.4007,2026-07-31 15:59:00,23.96,WEEK_END_CLOSE,11.339999999999982,1.139721401435212
MCD,2026-07-31 00:00:00,2026-08-03 00:00:00,0.0518414561537807,6.0,2026-08-03 09:45:00,273.76,55.882874100878716,55.2440607522364,3,821.28,265.5472,281.9728,2026-08-03 15:59:00,265.5472,STOP_LOSS,-24.638400000000047,-3.0000000000000027
SPG,2026-07-31 00:00:00,2026-08-03 00:00:00,0.074235807860262,10.0,2026-08-03 09:46:00,229.405,45.020373402228415,42.11906692463583,4,917.62,222.52285,236.28715,2026-08-05 09:34:00,222.52285,STOP_LOSS,-27.528599999999983,-3.0000000000000027
PSX,2026-07-31 00:00:00,2026-08-03 00:00:00,0.0614406779661017,7.0,2026-08-03 09:51:00,207.67,42.622021607364395,42.19459033631802,4,830.68,201.4399,213.90009999999998,2026-08-04 09:35:00,201.4399,STOP_LOSS,-24.920399999999972,-2.9999999999999916
MCK,2026-07-31 00:00:00,2026-08-03 00:00:00,0.0176470588235294,1.0,2026-08-03 09:53:00,857.9,48.697628297425204,47.76479669198748,1,857.9,832.163,883.637,2026-08-03 15:55:00,832.163,STOP_LOSS,-25.736999999999966,-2.9999999999999916
HONA,2026-07-31 00:00:00,2026-08-03 00:00:00,0.0329557157569515,5.0,2026-08-03 09:57:00,204.06,51.144302104465055,47.52031912839823,4,816.24,197.9382,210.1818,2026-08-04 09:30:00,211.03,TAKE_PROFIT_GAP,27.879999999999995,3.4156620601783816
PCAR,2026-07-31 00:00:00,2026-08-03 00:00:00,0.0689655172413793,8.0,2026-08-03 09:59:00,133.345,54.4785548282797,52.5895644146143,7,933.415,129.34465,137.34535,2026-08-06 15:59:00,132.09,WEEK_END_CLOSE,-8.784999999999968,-0.9411676478308095
PH,2026-07-31 00:00:00,2026-08-03 00:00:00,0.0192307692307692,2.0,2026-08-03 09:59:00,982.655,61.934545213241115,57.178063601315685,1,982.655,953.17535,1012.13465,2026-08-06 09:30:00,1076.0,TAKE_PROFIT_GAP,93.34500000000003,9.499264747037373
COF,2026-07-31 00:00:00,2026-08-03 00:00:00,0.0258729490954985,4.0,2026-08-03 10:02:00,216.02,75.89495768171462,72.08853376422095,4,864.08,209.5394,222.50060000000002,2026-08-04 12:40:00,222.50060000000002,TAKE_PROFIT,25.92240000000004,3.0000000000000027
SHW,2026-07-31 00:00:00,2026-08-03 00:00:00,0.0235042735042735,3.0,2026-08-03 10:02:00,352.89,64.42232701342445,61.755088158529176,2,705.78,342.3033,363.4767,2026-08-04 09:30:00,363.4767,TAKE_PROFIT,21.173400000000015,3.0000000000000027
REGN,2026-07-31 00:00:00,2026-08-03 00:00:00,0.0714285714285714,9.0,2026-08-03 10:05:00,767.64,57.54404251818557,55.90920403135208,1,767.64,744.6107999999999,790.6692,2026-08-06 15:59:00,772.09,WEEK_END_CLOSE,4.4500000000000455,0.5796988171538731
ORLY,2026-08-03 00:00:00,2026-08-04 00:00:00,0.0505438259756877,3.0,2026-08-04 09:49:00,88.925,40.73680272275427,38.87456603748889,11,978.175,86.25725,91.59275,2026-08-04 13:53:00,91.59275,TAKE_PROFIT,29.34524999999998,3.0000000000000027
WELL,2026-08-03 00:00:00,2026-08-04 00:00:00,0.0735930735930736,5.0,2026-08-04 09:51:00,228.37,41.125401873171285,39.867115677690094,4,913.48,221.5189,235.2211,2026-08-05 09:53:00,235.2211,TAKE_PROFIT,27.40440000000001,3.0000000000000027
TRV,2026-08-03 00:00:00,2026-08-04 00:00:00,0.0124495289367429,1.0,2026-08-04 09:52:00,372.835,51.67915724408167,49.958427611119184,2,745.67,361.64995,384.02004999999997,2026-08-05 10:02:00,384.02004999999997,TAKE_PROFIT,22.37009999999998,3.0000000000000027
ABT,2026-08-03 00:00:00,2026-08-04 00:00:00,0.0886659436008676,7.0,2026-08-04 09:55:00,105.37,41.427547517731874,41.25122114754439,9,948.33,102.2089,108.53110000000001,2026-08-06 15:59:00,107.955,WEEK_END_CLOSE,23.264999999999944,2.4532599411597245
AJG,2026-08-03 00:00:00,2026-08-04 00:00:00,0.0456852791878172,2.0,2026-08-04 09:55:00,242.58,42.425023149100504,37.22889897613076,4,970.32,235.3026,249.8574,2026-08-05 09:30:00,249.8574,TAKE_PROFIT,29.1096,3.0000000000000027
MRSH,2026-08-03 00:00:00,2026-08-04 00:00:00,0.1142857142857142,10.0,2026-08-04 09:56:00,190.42,47.49027403899291,44.80234035087146,5,952.0999999999999,184.70739999999998,196.1326,2026-08-06 15:59:00,193.22,WEEK_END_CLOSE,14.000000000000057,1.4704337779644971
AON,2026-08-03 00:00:00,2026-08-04 00:00:00,0.0745762711864406,6.0,2026-08-04 10:00:00,352.615,46.96477689742573,43.45037083106077,2,705.23,342.03655,363.19345000000004,2026-08-06 09:30:00,363.19345000000004,TAKE_PROFIT,21.156900000000064,3.0000000000000027
DLR,2026-08-03 00:00:00,2026-08-04 00:00:00,0.0921985815602836,8.0,2026-08-04 10:17:00,190.495,49.21378610974374,49.151926398957926,5,952.475,184.78015,196.20985000000002,2026-08-06 09:30:00,196.20985000000002,TAKE_PROFIT,28.574250000000063,3.0000000000000027
KLAC,2026-08-03 00:00:00,2026-08-04 00:00:00,0.1024227083709998,9.0,2026-08-04 10:48:00,191.38,58.27780605959047,57.7294410416871,5,956.9,185.6386,197.1214,2026-08-05 09:42:00,197.1214,TAKE_PROFIT,28.706999999999994,3.0000000000000027
ORLY,2026-08-03 00:00:00,2026-08-04 00:00:00,0.0505438259756877,3.0,2026-08-04 13:55:00,91.615,69.04691964356505,66.09485295525069,10,916.15,88.86654999999999,94.36345,2026-08-06 15:59:00,93.381,WEEK_END_CLOSE,17.660000000000053,1.9276319380014284
APD,2026-08-04 00:00:00,2026-08-05 00:00:00,0.1685393258426966,6.0,2026-08-05 09:47:00,295.335,53.51237501277261,47.71318345826785,3,886.0049999999999,286.47495,304.19505,2026-08-06 15:59:00,299.94,WEEK_END_CLOSE,13.815000000000055,1.5592462796485407
RTX,2026-08-04 00:00:00,2026-08-05 00:00:00,0.1935638808837656,10.0,2026-08-05 09:51:00,219.49,52.33603744412734,50.07651239919138,4,877.96,212.9053,226.0747,2026-08-06 15:59:00,223.34,WEEK_END_CLOSE,15.399999999999977,1.754066244475827
AEP,2026-08-04 00:00:00,2026-08-05 00:00:00,0.1317829457364341,3.0,2026-08-05 09:52:00,127.0,46.79481712862031,42.62238931361701,7,889.0,123.19,130.81,2026-08-06 15:59:00,125.24,WEEK_END_CLOSE,-12.320000000000036,-1.3858267716535422
CRH,2026-08-04 00:00:00,2026-08-05 00:00:00,0.1896551724137931,9.0,2026-08-05 09:52:00,99.98,59.89291250095385,56.21130436014782,10,999.8000000000001,96.9806,102.97940000000001,2026-08-06 15:29:00,96.9806,STOP_LOSS,-29.994000000000085,-3.0000000000000138
BMY,2026-08-04 00:00:00,2026-08-05 00:00:00,0.1564805057955743,4.0,2026-08-05 09:54:00,63.75,38.419447143637505,35.940011974943936,15,956.25,61.8375,65.66250000000001,2026-08-06 15:59:00,64.15,WEEK_END_CLOSE,6.000000000000085,0.6274509803921635
ECL,2026-08-04 00:00:00,2026-08-05 00:00:00,0.1791044776119403,7.0,2026-08-05 10:06:00,285.32,61.14415380648138,60.93303116249721,3,855.96,276.7604,293.8796,2026-08-06 15:59:00,283.67,WEEK_END_CLOSE,-4.949999999999932,-0.5782980513107994
CMCSA,2026-08-04 00:00:00,2026-08-05 00:00:00,0.1866141732283464,8.0,2026-08-05 10:20:00,24.49,49.29040028380799,46.81315039664956,40,979.5999999999999,23.7553,25.2247,2026-08-06 15:59:00,25.2,WEEK_END_CLOSE,28.400000000000034,2.89914250714578
TEL,2026-08-05 00:00:00,2026-08-06 00:00:00,0.1657907310081223,10.0,2026-08-06 09:48:00,217.05,49.14074494859223,47.429141328149065,4,868.2,210.5385,223.56150000000002,2026-08-06 15:59:00,215.08,WEEK_END_CLOSE,-7.8799999999999955,-0.9076249712047901
PLD,2026-08-05 00:00:00,2026-08-06 00:00:00,0.0771604938271604,6.0,2026-08-06 09:49:00,140.68,51.22166301454654,48.57984946814701,7,984.76,136.4596,144.90040000000002,2026-08-06 15:59:00,139.14,WEEK_END_CLOSE,-10.780000000000143,-1.0946829684390202
VLO,2026-08-05 00:00:00,2026-08-06 00:00:00,0.1545189504373177,9.0,2026-08-06 09:49:00,301.33,44.90348402810765,43.03802192409678,3,903.99,292.2901,310.3699,2026-08-06 15:59:00,303.11,WEEK_END_CLOSE,5.340000000000089,0.5907144990542124
ELV,2026-08-05 00:00:00,2026-08-06 00:00:00,0.097682119205298,8.0,2026-08-06 09:54:00,390.38,54.31370633419083,46.38076048372637,2,780.76,378.66859999999997,402.0914,2026-08-06 15:59:00,391.41,WEEK_END_CLOSE,2.060000000000059,0.2638454838874926
JCI,2026-08-05 00:00:00,2026-08-06 00:00:00,0.0238772029562251,1.0,2026-08-06 09:57:00,154.335,52.28349503639273,49.386735494300716,6,926.01,149.70495,158.96505000000002,2026-08-06 15:59:00,154.55,WEEK_END_CLOSE,1.2900000000000205,0.13930735089253687
DUK,2026-08-05 00:00:00,2026-08-06 00:00:00,0.0959488272921108,7.0,2026-08-06 10:02:00,123.595,50.71824126350235,49.928195483677634,8,988.76,119.88714999999999,127.30285,2026-08-06 15:59:00,123.88,WEEK_END_CLOSE,2.2799999999999727,0.2305918524212025
CB,2026-08-05 00:00:00,2026-08-06 00:00:00,0.0603448275862069,3.0,2026-08-06 10:03:00,353.68,60.444663974871425,60.049399410810075,2,707.36,343.0696,364.29040000000003,2026-08-06 15:59:00,354.09,WEEK_END_CLOSE,0.8199999999999363,0.11592399909521323
NSC,2026-08-05 00:00:00,2026-08-06 00:00:00,0.0476190476190476,2.0,2026-08-06 10:04:00,341.97,58.026723460067075,56.966701229275095,2,683.94,331.71090000000004,352.2291,2026-08-06 15:59:00,342.44,WEEK_END_CLOSE,0.9399999999999409,0.1374389566336065
AJG,2026-08-05 00:00:00,2026-08-06 00:00:00,0.0714285714285714,5.0,2026-08-06 10:38:00,249.26,57.991952630364075,47.207187170221054,4,997.04,241.7822,256.7378,2026-08-06 15:59:00,251.77,WEEK_END_CLOSE,10.040000000000077,1.0069806627617917
