symbol,pcr_date,trade_date,pcr_value,pcr_rank,entry_timestamp,entry_price,rsi14,rsi14_mean100,quantity,capital_used,stop_loss_price,take_profit_price,exit_timestamp,exit_price,exit_reason,gross_pnl,pnl_pct
CME,2025-08-05 00:00:00,2025-08-06 00:00:00,0.1353628703452025,8.0,2025-08-06 09:45:00,280.5875,38.041649695883514,33.83051695450892,3,841.7624999999999,270.7669375,290.40806249999997,2025-08-08 15:59:00,282.17,WEEK_END_CLOSE,4.747500000000116,0.563995188666655
CVS,2025-08-05 00:00:00,2025-08-06 00:00:00,0.1344810713074705,7.0,2025-08-06 09:45:00,63.11,50.207614860717946,45.73601469732973,15,946.65,60.901149999999994,65.31885,2025-08-08 14:14:00,65.31885,TAKE_PROFIT,33.13274999999997,3.499999999999992
LIN,2025-08-05 00:00:00,2025-08-06 00:00:00,0.0484429065743944,3.0,2025-08-06 09:49:00,470.36,56.79211971260369,53.21105622633141,2,940.72,453.8974,486.82259999999997,2025-08-08 15:59:00,472.42,WEEK_END_CLOSE,4.1200000000000045,0.43796241176969897
FDX,2025-08-05 00:00:00,2025-08-06 00:00:00,0.0038675678426435,1.0,2025-08-06 09:52:00,222.92,58.20388779388993,57.306734082442134,4,891.68,215.1178,230.72219999999996,2025-08-08 15:59:00,227.97,WEEK_END_CLOSE,20.200000000000045,2.2653866858065808
APD,2025-08-05 00:00:00,2025-08-06 00:00:00,0.1270718232044199,6.0,2025-08-06 09:55:00,292.045,53.318355294415795,51.69001663031349,3,876.135,281.823425,302.266575,2025-08-08 15:59:00,288.46,WEEK_END_CLOSE,-10.75500000000011,-1.227550548716816
RSG,2025-08-05 00:00:00,2025-08-06 00:00:00,0.0833333333333333,5.0,2025-08-06 10:17:00,232.615,48.57793528807152,46.141395036960425,4,930.46,224.473475,240.75652499999998,2025-08-08 15:59:00,235.35,WEEK_END_CLOSE,10.93999999999994,1.1757625260623739
AON,2025-08-05 00:00:00,2025-08-06 00:00:00,0.0357142857142857,2.0,2025-08-06 10:20:00,359.215,44.097292848106164,43.486378589789794,2,718.43,346.642475,371.78752499999996,2025-08-08 15:59:00,366.37,WEEK_END_CLOSE,14.31000000000006,1.9918433250281975
SNDK,2025-08-05 00:00:00,2025-08-06 00:00:00,0.0666666666666666,4.0,2025-08-06 10:30:00,42.16,59.472850541988066,53.71717289176993,23,969.68,40.6844,43.6356,2025-08-07 11:10:00,40.6844,STOP_LOSS,-33.9388,-3.500000000000003
CMCSA,2025-08-05 00:00:00,2025-08-06 00:00:00,0.1527289126054558,9.0,2025-08-06 10:34:00,32.453,47.44739554928206,46.34510048356417,30,973.5900000000001,31.317145000000004,33.588855,2025-08-08 15:59:00,31.665,WEEK_END_CLOSE,-23.640000000000114,-2.428126829568922
MSI,2025-08-05 00:00:00,2025-08-06 00:00:00,0.1826923076923076,10.0,2025-08-06 11:19:00,441.43,63.690051734445696,63.5355530362803,2,882.86,425.97995,456.88005,2025-08-08 12:08:00,456.88005,TAKE_PROFIT,30.900099999999952,3.499999999999992
KKR,2025-08-06 00:00:00,2025-08-07 00:00:00,0.0176446393875865,3.0,2025-08-07 09:49:00,145.35,50.69205225259806,49.40741568291859,6,872.0999999999999,140.26274999999998,150.43724999999998,2025-08-08 15:59:00,142.67,WEEK_END_CLOSE,-16.08000000000004,-1.8438252493980123
DLR,2025-08-06 00:00:00,2025-08-07 00:00:00,0.0362852778107015,6.0,2025-08-07 09:59:00,170.16,52.46661467226839,48.995007597011465,5,850.8,164.2044,176.11559999999997,2025-08-08 15:59:00,169.96,WEEK_END_CLOSE,-0.9999999999999432,-0.11753643629524024
AJG,2025-08-06 00:00:00,2025-08-07 00:00:00,0.0335820895522388,5.0,2025-08-07 10:28:00,286.31,53.44666762437855,48.968470691110916,3,858.9300000000001,276.28915,296.33085,2025-08-08 15:59:00,289.44,WEEK_END_CLOSE,9.389999999999986,1.0932206349760776
CDNS,2025-08-06 00:00:00,2025-08-07 00:00:00,0.1436651583710407,10.0,2025-08-07 10:29:00,356.97,49.23396218272302,44.00715379158198,2,713.94,344.47605000000004,369.46395,2025-08-08 15:59:00,352.38,WEEK_END_CLOSE,-9.180000000000064,-1.2858223380116107
CMI,2025-08-06 00:00:00,2025-08-07 00:00:00,0.0422077922077922,7.0,2025-08-07 10:54:00,380.2699,48.11010460183854,44.938636819447204,2,760.5398,366.96045349999997,393.5793465,2025-08-08 15:59:00,387.36,WEEK_END_CLOSE,14.180200000000013,1.8644915098460446
SNDK,2025-08-06 00:00:00,2025-08-07 00:00:00,0.0217391304347826,4.0,2025-08-07 11:17:00,41.065,41.9435543226302,41.20088774013655,24,985.56,39.627725,42.502275,2025-08-08 09:49:00,42.502275,TAKE_PROFIT,34.49459999999999,3.499999999999992
MCO,2025-08-06 00:00:00,2025-08-07 00:00:00,0.0909090909090909,9.0,2025-08-07 11:21:00,517.34,47.89358532235251,46.709230507193865,1,517.34,499.23310000000004,535.4469,2025-08-08 15:59:00,515.3,WEEK_END_CLOSE,-2.0400000000000773,-0.3943248154018808
SPGI,2025-08-07 00:00:00,2025-08-08 00:00:00,0.0327922077922077,5.0,2025-08-08 09:46:00,559.325,54.624559051667624,53.71522490837739,1,559.325,539.7486250000001,578.901375,2025-08-08 15:59:00,556.08,WEEK_END_CLOSE,-3.2450000000000045,-0.5801635900415714
NSC,2025-08-07 00:00:00,2025-08-08 00:00:00,0.0226440226440226,3.0,2025-08-08 09:49:00,281.41,56.6315510052204,54.3865008781573,3,844.23,271.56065,291.25935,2025-08-08 15:59:00,279.93,WEEK_END_CLOSE,-4.440000000000055,-0.5259230304537899
WELL,2025-08-07 00:00:00,2025-08-08 00:00:00,0.0666666666666666,9.0,2025-08-08 09:59:00,170.465,53.11586276381429,52.67436176819036,5,852.325,164.498725,176.431275,2025-08-08 15:59:00,168.17,WEEK_END_CLOSE,-11.47500000000008,-1.3463174258645516
JCI,2025-08-07 00:00:00,2025-08-08 00:00:00,0.0050847457627118,2.0,2025-08-08 10:02:00,105.145,60.30495773285708,59.0951476804394,9,946.305,101.464925,108.82507499999998,2025-08-08 15:59:00,105.51,WEEK_END_CLOSE,3.285000000000082,0.347139664273155
SNDK,2025-08-07 00:00:00,2025-08-08 00:00:00,0.0530035335689045,6.0,2025-08-08 10:19:00,43.32,71.03486999520777,68.10043776284307,23,996.36,41.803799999999995,44.8362,2025-08-08 13:32:00,44.8362,TAKE_PROFIT,34.87259999999995,3.499999999999992
ITW,2025-08-07 00:00:00,2025-08-08 00:00:00,0.0,1.0,2025-08-08 10:30:00,258.475,59.47829420781011,58.91578412541658,3,775.4250000000001,249.42837500000002,267.52162500000003,2025-08-08 15:59:00,256.99,WEEK_END_CLOSE,-4.455000000000041,-0.5745236483218896
CSX,2025-08-07 00:00:00,2025-08-08 00:00:00,0.0752914733394817,10.0,2025-08-08 10:42:00,35.7947,69.66776835660264,66.29971507837134,27,966.4569,34.5418855,37.0475145,2025-08-08 15:59:00,35.45,WEEK_END_CLOSE,-9.306899999999892,-0.9629917278256128
SNDK,2025-08-07 00:00:00,2025-08-08 00:00:00,0.0530035335689045,6.0,2025-08-08 14:03:00,44.58,56.68771284616482,53.60372853552645,22,980.76,43.0197,46.140299999999996,2025-08-08 15:59:00,44.34,WEEK_END_CLOSE,-5.2799999999998875,-0.5383580080753569
EMR,2025-08-08 00:00:00,2025-08-11 00:00:00,0.0567312708157778,8.0,2025-08-11 09:45:00,132.87,47.53902472445283,46.98882567156373,7,930.09,128.21955,137.52044999999998,2025-08-15 15:59:00,131.71,WEEK_END_CLOSE,-8.119999999999976,-0.8730337924286902
AJG,2025-08-08 00:00:00,2025-08-11 00:00:00,0.0,1.0,2025-08-11 09:47:00,290.53,47.81155050891694,47.02875198395012,3,871.5899999999999,280.36145,300.69854999999995,2025-08-15 15:59:00,292.61,WEEK_END_CLOSE,6.240000000000123,0.7159329501256417
ITW,2025-08-08 00:00:00,2025-08-11 00:00:00,0.0294117647058823,4.0,2025-08-11 09:52:00,257.2,44.45506255760222,42.97294055947831,3,771.5999999999999,248.19799999999998,266.20199999999994,2025-08-13 12:37:00,266.20199999999994,TAKE_PROFIT,27.005999999999858,3.499999999999992
SNDK,2025-08-08 00:00:00,2025-08-11 00:00:00,0.041182682154171,6.0,2025-08-11 09:52:00,45.22,53.55993975352227,50.61153247129289,22,994.8399999999999,43.637299999999996,46.802699999999994,2025-08-11 15:48:00,43.637299999999996,STOP_LOSS,-34.81940000000006,-3.500000000000003
CSX,2025-08-08 00:00:00,2025-08-11 00:00:00,0.0679047930918255,10.0,2025-08-11 09:57:00,35.425,49.194785563741796,48.963672447707744,28,991.8999999999999,34.185125,36.664874999999995,2025-08-15 15:59:00,36.335,WEEK_END_CLOSE,25.480000000000103,2.5688073394495525
ROST,2025-08-08 00:00:00,2025-08-11 00:00:00,0.0251974862743747,3.0,2025-08-11 09:58:00,146.33,65.99324241046358,54.412289156432884,6,877.98,141.20845,151.45155,2025-08-15 15:59:00,146.94,WEEK_END_CLOSE,3.6599999999999113,0.4168659878357017
FDX,2025-08-08 00:00:00,2025-08-11 00:00:00,0.0435243232473894,7.0,2025-08-11 09:59:00,229.73,54.35803887422057,53.48449668029004,4,918.92,221.68945,237.77054999999996,2025-08-13 09:34:00,221.68945,STOP_LOSS,-32.162199999999984,-3.500000000000003
LIN,2025-08-08 00:00:00,2025-08-11 00:00:00,0.0317460317460317,5.0,2025-08-11 09:59:00,470.58,44.23167602396845,41.921492504111136,2,941.16,454.1097,487.05029999999994,2025-08-15 15:59:00,480.08,WEEK_END_CLOSE,19.0,2.0187853287432445
SPGI,2025-08-08 00:00:00,2025-08-11 00:00:00,0.0245840042941492,2.0,2025-08-11 10:21:00,558.99,52.59096318605475,49.3006600202494,1,558.99,539.42535,578.5546499999999,2025-08-14 09:30:00,578.5546499999999,TAKE_PROFIT,19.564649999999915,3.499999999999992
GLW,2025-08-08 00:00:00,2025-08-11 00:00:00,0.0616996420179723,9.0,2025-08-11 10:37:00,65.32,46.90521018799219,43.23643538001339,15,979.8,63.03379999999999,67.60619999999999,2025-08-15 15:59:00,65.45,WEEK_END_CLOSE,1.950000000000145,0.19902020820576904
NSC,2025-08-11 00:00:00,2025-08-12 00:00:00,0.0168954593453009,4.0,2025-08-12 09:46:00,279.64,57.537254027384016,54.39323479619952,3,838.92,269.8526,289.4274,2025-08-15 15:59:00,280.75,WEEK_END_CLOSE,3.330000000000041,0.39693892147045773
WMB,2025-08-11 00:00:00,2025-08-12 00:00:00,0.0622327790973871,9.0,2025-08-12 09:48:00,57.85,41.955969056783914,38.440597857910866,17,983.45,55.82525,59.87475,2025-08-15 15:59:00,57.46,WEEK_END_CLOSE,-6.63000000000001,-0.6741573033707926
APD,2025-08-11 00:00:00,2025-08-12 00:00:00,0.0857142857142857,10.0,2025-08-12 09:58:00,285.295,61.96743178724177,61.122081145601236,3,855.885,275.309675,295.280325,2025-08-15 15:59:00,290.48,WEEK_END_CLOSE,15.555000000000007,1.8174170595348649
DUK,2025-08-11 00:00:00,2025-08-12 00:00:00,0.0213740458015267,5.0,2025-08-12 09:59:00,125.26,53.48016940796609,51.32023134868736,7,876.82,120.8759,129.6441,2025-08-15 15:59:00,122.44,WEEK_END_CLOSE,-19.74000000000005,-2.251317260098995
AON,2025-08-11 00:00:00,2025-08-12 00:00:00,0.0002237136465324,1.0,2025-08-12 10:43:00,363.405,45.66399244012254,42.558742993057535,2,726.81,350.68582499999997,376.1241749999999,2025-08-15 15:59:00,367.24,WEEK_END_CLOSE,7.670000000000073,1.0552964323550906
CMCSA,2025-08-11 00:00:00,2025-08-12 00:00:00,0.0428189116859946,8.0,2025-08-12 10:47:00,32.195,65.00634825045498,63.56916599885014,31,998.045,31.068175,33.321825,2025-08-15 09:40:00,33.321825,TAKE_PROFIT,34.931574999999896,3.499999999999992
FDX,2025-08-12 00:00:00,2025-08-13 00:00:00,0.0026833631484794,2.0,2025-08-13 09:45:00,223.51,36.75741174337835,36.31233778733177,4,894.04,215.68714999999997,231.33284999999998,2025-08-14 10:31:00,231.38,TAKE_PROFIT_GAP,31.480000000000018,3.52109525300881
AMT,2025-08-12 00:00:00,2025-08-13 00:00:00,0.0813648293963254,10.0,2025-08-13 09:46:00,204.3025,45.219077165941236,36.87197809004448,4,817.21,197.1519125,211.45308749999998,2025-08-15 15:59:00,206.29,WEEK_END_CLOSE,7.949999999999932,0.9728221632138601
UPS,2025-08-12 00:00:00,2025-08-13 00:00:00,0.0789595375722543,9.0,2025-08-13 09:48:00,87.045,51.27535872228041,51.127621648478666,11,957.495,83.998425,90.09157499999999,2025-08-15 15:59:00,88.5,WEEK_END_CLOSE,16.00499999999998,1.6715491986903253
TEL,2025-08-12 00:00:00,2025-08-13 00:00:00,0.0,1.0,2025-08-13 09:54:00,205.55,62.90537896805942,59.21918010172206,4,822.2,198.35575,212.74425,2025-08-15 15:59:00,202.71,WEEK_END_CLOSE,-11.360000000000014,-1.381658963755783
HPE,2025-08-12 00:00:00,2025-08-13 00:00:00,0.012930508681332,6.0,2025-08-13 10:05:00,21.565,61.027864846668756,59.11972473181606,46,991.99,20.810225,22.319775,2025-08-15 15:59:00,21.165,WEEK_END_CLOSE,-18.400000000000098,-1.8548574078367852
CRH,2025-08-12 00:00:00,2025-08-13 00:00:00,0.0508806262230919,7.0,2025-08-13 10:18:00,113.18,63.01384348063249,60.76303976536839,8,905.44,109.2187,117.1413,2025-08-15 15:59:00,110.82,WEEK_END_CLOSE,-18.88000000000011,-2.0851740590210444
MCO,2025-08-13 00:00:00,2025-08-14 00:00:00,0.0056497175141242,4.0,2025-08-14 09:45:00,521.48,56.06374054284689,51.56870719283002,1,521.48,503.2282,539.7318,2025-08-15 15:59:00,516.6,WEEK_END_CLOSE,-4.8799999999999955,-0.9357981130628246
SPGI,2025-08-13 00:00:00,2025-08-14 00:00:00,0.008130081300813,6.0,2025-08-14 09:47:00,563.75,52.26140121789569,48.211434483113145,1,563.75,544.01875,583.4812499999999,2025-08-15 15:59:00,556.59,WEEK_END_CLOSE,-7.159999999999968,-1.2700665188470017
ALL,2025-08-13 00:00:00,2025-08-14 00:00:00,0.0,2.0,2025-08-14 09:51:00,208.41,54.13894738846405,46.10500197450331,4,833.64,201.11565,215.70434999999998,2025-08-15 15:59:00,206.83,WEEK_END_CLOSE,-6.319999999999936,-0.7581210114677717
ECL,2025-08-13 00:00:00,2025-08-14 00:00:00,0.0,1.0,2025-08-14 10:33:00,279.7,49.252520182534674,48.60188899329653,3,839.0999999999999,269.91049999999996,289.48949999999996,2025-08-15 15:59:00,280.96,WEEK_END_CLOSE,3.7799999999999727,0.45048265999285686
PH,2025-08-13 00:00:00,2025-08-14 00:00:00,0.0193548387096774,7.0,2025-08-14 10:44:00,752.095,47.273117144327124,46.146875359191085,1,752.095,725.771675,778.418325,2025-08-15 15:59:00,730.17,WEEK_END_CLOSE,-21.925000000000068,-2.9151902352761327
FDX,2025-08-13 00:00:00,2025-08-14 00:00:00,0.0047683923705722,3.0,2025-08-14 10:55:00,232.0,62.15617538213998,59.437780723217294,4,928.0,223.88,240.11999999999998,2025-08-15 15:59:00,227.4,WEEK_END_CLOSE,-18.399999999999977,-1.9827586206896508
ITW,2025-08-14 00:00:00,2025-08-15 00:00:00,0.0111801242236024,7.0,2025-08-15 09:45:00,262.785,52.79690215023629,47.75728304587932,3,788.355,253.58752500000003,271.982475,2025-08-15 15:59:00,258.65,WEEK_END_CLOSE,-12.405000000000143,-1.5735296915729724
HON,2025-08-14 00:00:00,2025-08-15 00:00:00,0.0238748627881448,9.0,2025-08-15 09:51:00,205.2309,53.07161176896173,52.491508926152996,4,820.9236,198.04781849999998,212.41398149999998,2025-08-15 15:59:00,204.1942,WEEK_END_CLOSE,-4.146799999999985,-0.5051383587948988
WELL,2025-08-14 00:00:00,2025-08-15 00:00:00,0.0,1.0,2025-08-15 09:52:00,161.63,49.07864191576214,48.92632254838702,6,969.78,155.97295,167.28705,2025-08-15 15:59:00,162.95,WEEK_END_CLOSE,7.919999999999959,0.8166800717688494
CMCSA,2025-08-14 00:00:00,2025-08-15 00:00:00,0.0090840272520817,6.0,2025-08-15 09:57:00,33.35,60.11593968936403,59.02959295921976,29,967.1500000000001,32.18275,34.51725,2025-08-15 15:59:00,33.47,WEEK_END_CLOSE,3.479999999999926,0.3598200899550097
KMI,2025-08-14 00:00:00,2025-08-15 00:00:00,0.0060761024964258,5.0,2025-08-15 10:13:00,26.735,49.68250410670162,47.20065542761832,37,989.1949999999999,25.799274999999998,27.670724999999997,2025-08-15 15:59:00,26.66,WEEK_END_CLOSE,-2.7749999999999737,-0.2805311389564191
ICE,2025-08-14 00:00:00,2025-08-15 00:00:00,0.0241935483870967,10.0,2025-08-15 10:40:00,181.09,43.585471859834996,39.47764146782057,5,905.45,174.75185,187.42815,2025-08-15 15:59:00,181.21,WEEK_END_CLOSE,0.6000000000000227,0.06626539289855682
APD,2025-08-15 00:00:00,2025-08-18 00:00:00,0.0043763676148796,1.0,2025-08-18 09:45:00,289.09,42.69253673200416,41.42615632497631,3,867.27,278.97184999999996,299.20814999999993,2025-08-22 10:32:00,299.20814999999993,TAKE_PROFIT,30.354449999999872,3.499999999999992
WMB,2025-08-15 00:00:00,2025-08-18 00:00:00,0.0421686746987951,10.0,2025-08-18 09:51:00,56.73,35.83629689614203,32.6798755317214,17,964.41,54.74444999999999,58.71554999999999,2025-08-22 15:59:00,57.06,WEEK_END_CLOSE,5.610000000000092,0.5817028027498727
SPGI,2025-08-15 00:00:00,2025-08-18 00:00:00,0.0084388185654008,4.0,2025-08-18 09:59:00,554.55,42.45712799485976,34.15632000379252,1,554.55,535.1407499999999,573.9592499999999,2025-08-22 15:59:00,556.35,WEEK_END_CLOSE,1.8000000000000682,0.3245875033811352
USB,2025-08-15 00:00:00,2025-08-18 00:00:00,0.0166538164996144,5.0,2025-08-18 10:00:00,45.865,43.35000192607944,41.97649550059324,21,963.1650000000001,44.259725,47.470275,2025-08-22 10:10:00,47.470275,TAKE_PROFIT,33.71077499999998,3.499999999999992
AON,2025-08-15 00:00:00,2025-08-18 00:00:00,0.0072202166064981,2.0,2025-08-18 10:05:00,366.08,40.14488658221889,40.06658930120798,2,732.16,353.26719999999995,378.89279999999997,2025-08-22 15:59:00,375.08,WEEK_END_CLOSE,18.0,2.458479020979021
DUK,2025-08-15 00:00:00,2025-08-18 00:00:00,0.0205882352941176,6.0,2025-08-18 10:16:00,122.33,50.43039553982167,47.79504427147803,8,978.64,118.04844999999999,126.61155,2025-08-22 15:59:00,124.34,WEEK_END_CLOSE,16.08000000000004,1.6430965421401211
FDX,2025-08-15 00:00:00,2025-08-18 00:00:00,0.0072992700729927,3.0,2025-08-18 10:29:00,226.29,44.84692317851625,43.30082789289913,4,905.16,218.36984999999999,234.21014999999997,2025-08-19 10:35:00,234.21014999999997,TAKE_PROFIT,31.680599999999913,3.499999999999992
ITW,2025-08-15 00:00:00,2025-08-18 00:00:00,0.0274725274725274,7.0,2025-08-18 10:35:00,258.61,54.38389563352881,47.87116771096042,3,775.83,249.55865,267.66134999999997,2025-08-22 10:15:00,267.66134999999997,TAKE_PROFIT,27.15404999999987,3.499999999999992
AFL,2025-08-15 00:00:00,2025-08-18 00:00:00,0.0406320541760722,9.0,2025-08-18 10:38:00,105.64,59.93771989285886,53.69941099843402,9,950.76,101.9426,109.33739999999999,2025-08-22 10:00:00,109.33739999999999,TAKE_PROFIT,33.27659999999989,3.499999999999992
AJG,2025-08-15 00:00:00,2025-08-18 00:00:00,0.0289855072463768,8.0,2025-08-18 10:42:00,295.1,59.46658427250915,54.030918511950425,3,885.3000000000001,284.7715,305.4285,2025-08-21 10:59:00,305.4285,TAKE_PROFIT,30.985499999999888,3.499999999999992
GLW,2025-08-18 00:00:00,2025-08-19 00:00:00,0.0971168437025796,8.0,2025-08-19 09:57:00,64.94,46.23294189534006,42.191502855783995,15,974.0999999999999,62.6671,67.21289999999999,2025-08-22 15:59:00,65.76,WEEK_END_CLOSE,12.30000000000011,1.2627040344934004
MO,2025-08-18 00:00:00,2025-08-19 00:00:00,0.0255621615257829,5.0,2025-08-19 10:00:00,65.9454,53.21016807731112,44.87172945258543,15,989.181,63.637311000000004,68.253489,2025-08-22 09:30:00,68.253489,TAKE_PROFIT,34.62133499999993,3.499999999999992
WFC,2025-08-18 00:00:00,2025-08-19 00:00:00,0.1347663918335296,10.0,2025-08-19 10:02:00,77.61,61.23536713470441,57.58148420539373,12,931.3199999999999,74.89365,80.32634999999999,2025-08-22 15:59:00,79.13,WEEK_END_CLOSE,18.239999999999952,1.9585105012240644
HON,2025-08-18 00:00:00,2025-08-19 00:00:00,0.1020833333333333,9.0,2025-08-19 10:05:00,204.3214,57.31448838916416,53.76013508165462,4,817.2856,197.170151,211.472649,2025-08-22 15:59:00,209.9953,WEEK_END_CLOSE,22.6955999999999,2.776948474315444
CMCSA,2025-08-18 00:00:00,2025-08-19 00:00:00,0.0032076205287713,1.0,2025-08-19 10:08:00,33.725,55.0535904782264,54.10956325909376,29,978.0250000000001,32.544625,34.905375,2025-08-22 15:59:00,34.16,WEEK_END_CLOSE,12.61499999999986,1.2898443291326833
BMY,2025-08-18 00:00:00,2025-08-19 00:00:00,0.0520893288822378,6.0,2025-08-19 10:10:00,48.57,55.85842102204418,50.8776113537357,20,971.4,46.87005,50.269949999999994,2025-08-22 15:59:00,47.9,WEEK_END_CLOSE,-13.400000000000034,-1.3794523368334421
MRK,2025-08-18 00:00:00,2025-08-19 00:00:00,0.0622177198092102,7.0,2025-08-19 10:15:00,85.405,67.08158199578585,61.15899123904603,11,939.455,82.415825,88.39417499999999,2025-08-22 15:59:00,87.37,WEEK_END_CLOSE,21.615000000000038,2.3008020607692803
CTAS,2025-08-18 00:00:00,2025-08-19 00:00:00,0.0039028620988725,2.0,2025-08-19 10:26:00,216.01,56.34164982236289,53.427750270927184,4,864.04,208.44965,223.57034999999996,2025-08-22 15:59:00,215.58,WEEK_END_CLOSE,-1.7199999999999136,-0.1990648581084109
FDX,2025-08-18 00:00:00,2025-08-19 00:00:00,0.0120481927710843,3.0,2025-08-19 10:43:00,234.52,71.35637988922767,68.20846754530201,4,938.08,226.3118,242.7282,2025-08-21 09:30:00,226.31,STOP_LOSS_GAP,-32.84000000000003,-3.5007675251577774
CRM,2025-08-19 00:00:00,2025-08-20 00:00:00,0.1514839491217444,8.0,2025-08-20 09:52:00,246.37,58.72504741933445,56.56466175528319,4,985.48,237.74705,254.99294999999998,2025-08-22 15:59:00,248.13,WEEK_END_CLOSE,7.039999999999964,0.7143726914802917
GILD,2025-08-19 00:00:00,2025-08-20 00:00:00,0.0417840375586854,4.0,2025-08-20 09:58:00,120.2189,59.388151074334154,58.60143352508055,8,961.7512,116.0112385,124.42656149999999,2025-08-21 09:30:00,115.5,STOP_LOSS_GAP,-37.75120000000004,-3.9252563448842093
HPE,2025-08-19 00:00:00,2025-08-20 00:00:00,0.0293504064455794,3.0,2025-08-20 10:19:00,20.585,36.39783474194636,31.625252093754106,48,988.08,19.864525,21.305474999999998,2025-08-21 09:30:00,21.68,TAKE_PROFIT_GAP,52.559999999999945,5.319407335438431
NEE,2025-08-19 00:00:00,2025-08-20 00:00:00,0.1555062995800279,9.0,2025-08-20 10:51:00,76.25,48.547768312738846,46.83513445812046,13,991.25,73.58125,78.91874999999999,2025-08-22 15:59:00,76.32,WEEK_END_CLOSE,0.9099999999999113,0.09180327868851812
PG,2025-08-20 00:00:00,2025-08-21 00:00:00,0.042492513902752,4.0,2025-08-21 09:48:00,158.395,47.274089289994926,46.3364187172412,6,950.3700000000001,152.851175,163.938825,2025-08-22 15:59:00,158.66,WEEK_END_CLOSE,1.5899999999999181,0.16730326083524982
KKR,2025-08-20 00:00:00,2025-08-21 00:00:00,0.0183591508892713,3.0,2025-08-21 09:49:00,137.41,51.546580465010095,47.25953426421064,7,961.87,132.60065,142.21935,2025-08-22 10:10:00,142.21935,TAKE_PROFIT,33.665449999999964,3.499999999999992
CVS,2025-08-20 00:00:00,2025-08-21 00:00:00,0.0540876425136434,6.0,2025-08-21 09:51:00,70.7204,42.608531381719104,39.454005027704156,14,990.0856,68.24518599999999,73.19561399999999,2025-08-22 15:59:00,71.29,WEEK_END_CLOSE,7.9744000000001165,0.8054253086803964
FDX,2025-08-20 00:00:00,2025-08-21 00:00:00,0.0165289256198347,2.0,2025-08-21 09:51:00,225.33,37.49721909808304,35.30159741294801,4,901.32,217.44345,233.21654999999998,2025-08-22 10:09:00,233.21654999999998,TAKE_PROFIT,31.546199999999885,3.499999999999992
ETN,2025-08-20 00:00:00,2025-08-21 00:00:00,0.0952380952380952,10.0,2025-08-21 09:56:00,346.991,61.62005279083424,60.47664973925855,2,693.982,334.84631499999995,359.13568499999997,2025-08-22 15:59:00,347.61,WEEK_END_CLOSE,1.2380000000000564,0.17839079399755153
WDC,2025-08-20 00:00:00,2025-08-21 00:00:00,0.0647098065376917,8.0,2025-08-21 10:02:00,75.57,58.61844276877478,58.60775063253421,13,982.4099999999999,72.92504999999998,78.21494999999999,2025-08-22 15:59:00,76.97,WEEK_END_CLOSE,18.200000000000074,1.8525870054254323
FCX,2025-08-21 00:00:00,2025-08-22 00:00:00,0.0771938057250117,8.0,2025-08-22 09:45:00,41.93,60.78714766942198,57.58448286855715,23,964.39,40.46245,43.397549999999995,2025-08-22 15:03:00,43.397549999999995,TAKE_PROFIT,33.7536499999999,3.499999999999992
ABBV,2025-08-21 00:00:00,2025-08-22 00:00:00,0.1047661469933184,9.0,2025-08-22 10:00:00,210.795,53.671814211495615,44.788858419603656,4,843.18,203.417175,218.17282499999996,2025-08-22 15:59:00,210.62,WEEK_END_CLOSE,-0.6999999999999318,-0.083019046941335
APO,2025-08-21 00:00:00,2025-08-22 00:00:00,0.0141200951248513,2.0,2025-08-22 10:00:00,136.505,72.82397770418714,52.66597826620184,7,955.535,131.72732499999998,141.28267499999998,2025-08-22 15:59:00,134.26,WEEK_END_CLOSE,-15.715000000000032,-1.644628401890047
KMI,2025-08-21 00:00:00,2025-08-22 00:00:00,0.0403387039868281,4.0,2025-08-22 10:16:00,26.875,53.830355197387384,50.7377364744121,37,994.375,25.934375,27.815624999999997,2025-08-22 15:59:00,26.69,WEEK_END_CLOSE,-6.844999999999953,-0.6883720930232484
EMR,2025-08-21 00:00:00,2025-08-22 00:00:00,0.1168831168831168,10.0,2025-08-22 10:25:00,133.225,63.50784489347755,60.14530734466046,7,932.5749999999999,128.56212499999998,137.88787499999998,2025-08-22 15:59:00,133.71,WEEK_END_CLOSE,3.3950000000000955,0.36404578720210523
FDX,2025-08-21 00:00:00,2025-08-22 00:00:00,0.0014781966001478,1.0,2025-08-22 10:35:00,235.2675,73.77178493857686,73.51746647657927,4,941.07,227.0331375,243.5018625,2025-08-22 15:59:00,236.81,WEEK_END_CLOSE,6.169999999999959,0.655636668898163
AFL,2025-08-21 00:00:00,2025-08-22 00:00:00,0.0416666666666666,5.0,2025-08-22 10:55:00,109.24,58.15505919971156,55.65068770297134,9,983.16,105.41659999999999,113.06339999999999,2025-08-22 15:59:00,108.44,WEEK_END_CLOSE,-7.199999999999974,-0.7323324789454411
FCX,2025-08-21 00:00:00,2025-08-22 00:00:00,0.0771938057250117,8.0,2025-08-22 15:23:00,43.4272,61.533369568837486,60.93660769374884,23,998.8256,41.907247999999996,44.947151999999996,2025-08-22 15:59:00,43.28,WEEK_END_CLOSE,-3.385599999999954,-0.3389580723601737
EMR,2025-08-22 00:00:00,2025-08-25 00:00:00,0.0694444444444444,5.0,2025-08-25 09:45:00,133.74,45.194674601957395,45.06405685767153,7,936.1800000000001,129.0591,138.4209,2025-08-29 15:59:00,131.92,WEEK_END_CLOSE,-12.740000000000151,-1.3608494093016454
HPE,2025-08-22 00:00:00,2025-08-25 00:00:00,0.0788165954004391,7.0,2025-08-25 09:48:00,22.445,45.44753780618129,44.12598561210761,44,987.58,21.659425,23.230574999999998,2025-08-28 10:47:00,23.230574999999998,TAKE_PROFIT,34.56529999999991,3.499999999999992
CVS,2025-08-22 00:00:00,2025-08-25 00:00:00,0.1126121684252046,9.0,2025-08-25 09:49:00,71.255,48.67188002789543,48.01268981434572,14,997.5699999999999,68.76107499999999,73.74892499999999,2025-08-29 15:59:00,73.15,WEEK_END_CLOSE,26.530000000000143,2.6594624938600875
KKR,2025-08-22 00:00:00,2025-08-25 00:00:00,0.0516080777860882,4.0,2025-08-25 09:49:00,141.395,43.726804681436946,43.37526860712582,7,989.7650000000001,136.446175,146.343825,2025-08-29 15:59:00,139.56,WEEK_END_CLOSE,-12.845000000000056,-1.2977828070299569
CMCSA,2025-08-22 00:00:00,2025-08-25 00:00:00,0.000914913083257,1.0,2025-08-25 09:55:00,34.095,62.33382719569271,60.08251675340876,29,988.755,32.901675,35.28832499999999,2025-08-29 15:59:00,33.99,WEEK_END_CLOSE,-3.0449999999999093,-0.30796304443465594
SNPS,2025-08-22 00:00:00,2025-08-25 00:00:00,0.1313868613138686,10.0,2025-08-25 09:56:00,601.49,44.55563694808696,44.37941258794675,1,601.49,580.43785,622.54215,2025-08-29 15:59:00,603.27,WEEK_END_CLOSE,1.7799999999999727,0.2959317694392283
SO,2025-08-22 00:00:00,2025-08-25 00:00:00,0.1043165467625899,8.0,2025-08-25 10:18:00,93.71,41.932241390717266,41.779008329456964,10,937.0999999999999,90.43015,96.98984999999999,2025-08-29 15:59:00,92.32,WEEK_END_CLOSE,-13.900000000000006,-1.4832995411375505
SPGI,2025-08-22 00:00:00,2025-08-25 00:00:00,0.0714285714285714,6.0,2025-08-25 10:18:00,552.9015,44.00418552363522,40.550353898673244,1,552.9015,533.5499475,572.2530525,2025-08-29 15:59:00,548.44,WEEK_END_CLOSE,-4.461500000000001,-0.8069249224319397
FDX,2025-08-22 00:00:00,2025-08-25 00:00:00,0.0094562647754137,3.0,2025-08-25 10:28:00,233.805,45.446401516397614,41.80817540661595,4,935.22,225.621825,241.98817499999998,2025-08-29 15:59:00,231.07,WEEK_END_CLOSE,-10.940000000000055,-1.1697782339984197
KMI,2025-08-22 00:00:00,2025-08-25 00:00:00,0.0049530099060198,2.0,2025-08-25 10:55:00,26.495,42.91527411114354,39.22112814967881,37,980.315,25.567675,27.422324999999997,2025-08-29 15:59:00,26.985,WEEK_END_CLOSE,18.129999999999942,1.8494055482166427
GILD,2025-08-25 00:00:00,2025-08-26 00:00:00,0.1616939364773821,8.0,2025-08-26 09:59:00,114.72,53.96897411205589,53.091202025086154,8,917.76,110.70479999999999,118.73519999999999,2025-08-29 15:59:00,113.0,WEEK_END_CLOSE,-13.759999999999991,-1.4993026499302675
MDT,2025-08-25 00:00:00,2025-08-26 00:00:00,0.1705583756345177,9.0,2025-08-26 10:05:00,92.12,49.726576580014225,48.88148960263651,10,921.2,88.89580000000001,95.3442,2025-08-29 15:59:00,92.82,WEEK_END_CLOSE,6.999999999999886,0.7598784194528863
MCK,2025-08-25 00:00:00,2025-08-26 00:00:00,0.1343283582089552,5.0,2025-08-26 10:07:00,678.12,44.439330334840086,43.51575874572916,1,678.12,654.3858,701.8542,2025-08-29 15:59:00,687.09,WEEK_END_CLOSE,8.970000000000027,1.322774730136267
UBER,2025-08-25 00:00:00,2025-08-26 00:00:00,0.1821547872982654,10.0,2025-08-26 10:09:00,95.57,50.22533410477521,47.54743439576543,10,955.6999999999999,92.22505,98.91494999999999,2025-08-29 09:55:00,92.22505,STOP_LOSS,-33.44949999999997,-3.499999999999992
HON,2025-08-25 00:00:00,2025-08-26 00:00:00,0.1510574018126888,7.0,2025-08-26 10:21:00,208.7041,51.894635970281755,51.68883002973124,4,834.8164,201.3994565,216.0087435,2025-08-29 15:59:00,206.8049,WEEK_END_CLOSE,-7.59680000000003,-0.9099964974334518
BSX,2025-08-26 00:00:00,2025-08-27 00:00:00,0.1180648024855747,7.0,2025-08-27 09:47:00,106.5455,61.8903495549457,56.85932382754533,9,958.9095,102.8164075,110.2745925,2025-08-29 15:59:00,105.55,WEEK_END_CLOSE,-8.959500000000062,-0.9343426048026515
MDLZ,2025-08-26 00:00:00,2025-08-27 00:00:00,0.1333333333333333,9.0,2025-08-27 09:49:00,61.65,49.649855108194245,48.61807319420572,16,986.4,59.49225,63.80774999999999,2025-08-29 15:59:00,61.45,WEEK_END_CLOSE,-3.199999999999932,-0.32441200324411223
ETN,2025-08-26 00:00:00,2025-08-27 00:00:00,0.1245674740484429,8.0,2025-08-27 09:57:00,351.9,55.219831074828484,51.2062574019152,2,703.8,339.58349999999996,364.21649999999994,2025-08-29 15:59:00,349.24,WEEK_END_CLOSE,-5.319999999999936,-0.7558965615231505
ADI,2025-08-26 00:00:00,2025-08-27 00:00:00,0.1349693251533742,10.0,2025-08-27 10:35:00,253.3999,39.682640650414406,37.86064025955125,3,760.1997,244.5309035,262.2688965,2025-08-29 15:59:00,251.28,WEEK_END_CLOSE,-6.359700000000004,-0.8365828084383575
AMGN,2025-08-27 00:00:00,2025-08-28 00:00:00,0.1122047244094488,10.0,2025-08-28 09:48:00,286.13,48.521746972367126,46.430336013851814,3,858.39,276.11545,296.14455,2025-08-29 15:59:00,287.71,WEEK_END_CLOSE,4.739999999999952,0.5521965540139062
USB,2025-08-27 00:00:00,2025-08-28 00:00:00,0.0067379390890306,2.0,2025-08-28 09:49:00,48.7,48.73690708497838,47.66320453262969,20,974.0,46.9955,50.4045,2025-08-29 15:59:00,48.87,WEEK_END_CLOSE,3.399999999999892,0.34907597535933643
EOG,2025-08-27 00:00:00,2025-08-28 00:00:00,0.0637450199203187,7.0,2025-08-28 09:50:00,122.51,47.95752587549284,42.48610568730665,8,980.08,118.22215,126.79785,2025-08-29 15:59:00,124.85,WEEK_END_CLOSE,18.719999999999914,1.9100481593339325
BMY,2025-08-27 00:00:00,2025-08-28 00:00:00,0.0352609308885754,4.0,2025-08-28 09:51:00,47.32,51.80440715780102,49.4175157691645,21,993.72,45.6638,48.9762,2025-08-29 15:59:00,47.2,WEEK_END_CLOSE,-2.5199999999999463,-0.2535925612848655
CI,2025-08-27 00:00:00,2025-08-28 00:00:00,0.0976909413854351,9.0,2025-08-28 09:53:00,298.13,51.50350728200862,49.72839281465982,3,894.39,287.69545,308.56455,2025-08-29 15:59:00,301.12,WEEK_END_CLOSE,8.970000000000027,1.0029181900513162
CTAS,2025-08-27 00:00:00,2025-08-28 00:00:00,0.0416666666666666,6.0,2025-08-28 10:17:00,211.1,46.63983987080469,38.154931892843855,4,844.4,203.7115,218.4885,2025-08-29 15:59:00,210.11,WEEK_END_CLOSE,-3.9599999999999227,-0.4689720511605766
CSCO,2025-08-27 00:00:00,2025-08-28 00:00:00,0.0973825226710634,8.0,2025-08-28 10:47:00,68.8599,56.75229424477897,54.87704196710787,14,964.0386,66.44980349999999,71.26999649999999,2025-08-29 15:59:00,69.13,WEEK_END_CLOSE,3.7813999999999908,0.3922457046844352
VRT,2025-08-28 00:00:00,2025-08-29 00:00:00,0.1166425792106726,10.0,2025-08-29 09:53:00,129.67,36.62963023309027,35.24214824946682,7,907.6899999999999,125.13154999999999,134.20844999999997,2025-08-29 15:59:00,127.55,WEEK_END_CLOSE,-14.839999999999932,-1.6349194108120524
WBD,2025-08-28 00:00:00,2025-08-29 00:00:00,0.0605317744672826,7.0,2025-08-29 10:17:00,11.735,38.354940696158344,35.527394752069554,85,997.4749999999999,11.324274999999998,12.145724999999999,2025-08-29 15:59:00,11.63,WEEK_END_CLOSE,-8.924999999999885,-0.8947592671495364
KO,2025-08-28 00:00:00,2025-08-29 00:00:00,0.1109120969964177,9.0,2025-08-29 10:20:00,68.775,50.560678766366514,49.60054636111643,14,962.8500000000001,66.367875,71.182125,2025-08-29 15:59:00,69.02,WEEK_END_CLOSE,3.4299999999998647,0.3562340966920985
RTX,2025-08-28 00:00:00,2025-08-29 00:00:00,0.0324677435080763,6.0,2025-08-29 10:34:00,159.14,44.113268429539026,40.03332172225689,6,954.8399999999999,153.57009999999997,164.70989999999998,2025-08-29 15:59:00,158.64,WEEK_END_CLOSE,-3.0,-0.3141887646097796
BSX,2025-08-29 00:00:00,2025-09-02 00:00:00,0.0472494093823827,4.0,2025-09-02 09:45:00,105.06,50.603370614277246,46.59085034138665,9,945.54,101.38289999999999,108.7371,2025-09-05 15:59:00,107.22,WEEK_END_CLOSE,19.43999999999997,2.055968018275278
EMR,2025-08-29 00:00:00,2025-09-02 00:00:00,0.0666666666666666,6.0,2025-09-02 09:48:00,130.415,47.943990803011054,46.59671252740286,7,912.905,125.85047499999999,134.979525,2025-09-05 15:59:00,132.56,WEEK_END_CLOSE,15.015000000000072,1.6447494536671492
USB,2025-08-29 00:00:00,2025-09-02 00:00:00,0.0422832980972515,3.0,2025-09-02 09:49:00,48.15,42.59342799241329,38.33020860745462,20,963.0,46.464749999999995,49.835249999999995,2025-09-05 15:59:00,48.82,WEEK_END_CLOSE,13.400000000000034,1.3914849428868115
ABNB,2025-08-29 00:00:00,2025-09-02 00:00:00,0.0675375208449138,7.0,2025-09-02 09:50:00,129.045,49.05860164494502,44.765480374017,7,903.3149999999999,124.52842499999998,133.56157499999998,2025-09-03 13:23:00,124.52842499999998,STOP_LOSS,-31.616025000000022,-3.500000000000003
CMCSA,2025-08-29 00:00:00,2025-09-02 00:00:00,0.025,2.0,2025-09-02 09:52:00,33.845,54.43152821618279,52.69695206616816,29,981.505,32.660425,35.029574999999994,2025-09-05 15:59:00,33.92,WEEK_END_CLOSE,2.1750000000000824,0.22159846358400515
AMGN,2025-08-29 00:00:00,2025-09-02 00:00:00,0.0906593406593406,8.0,2025-09-02 09:57:00,287.41,55.0783510003665,53.07915657877939,3,862.23,277.35065000000003,297.46935,2025-09-05 15:59:00,283.64,WEEK_END_CLOSE,-11.310000000000116,-1.3117149716433074
UPS,2025-08-29 00:00:00,2025-09-02 00:00:00,0.0922208004235979,9.0,2025-09-02 09:59:00,85.7,41.319356651315275,40.90981370479394,11,942.7,82.7005,88.6995,2025-09-05 15:59:00,85.035,WEEK_END_CLOSE,-7.315000000000069,-0.7759626604434189
FDX,2025-08-29 00:00:00,2025-09-02 00:00:00,0.0003720930232558,1.0,2025-09-02 10:03:00,224.96,45.81522324330634,41.40967444910212,4,899.84,217.0864,232.8336,2025-09-05 15:59:00,227.64,WEEK_END_CLOSE,10.719999999999914,1.191322901849201
COHR,2025-08-29 00:00:00,2025-09-02 00:00:00,0.0476190476190476,5.0,2025-09-02 10:20:00,86.88,40.33382027588252,40.03721171875784,11,955.68,83.83919999999999,89.92079999999999,2025-09-03 10:43:00,89.92079999999999,TAKE_PROFIT,33.44879999999989,3.499999999999992
ROST,2025-08-29 00:00:00,2025-09-02 00:00:00,0.1115577889447236,10.0,2025-09-02 10:41:00,149.935,69.45842843071229,66.122591765237,6,899.61,144.687275,155.18272499999998,2025-09-05 15:59:00,150.98,WEEK_END_CLOSE,6.269999999999925,0.6969686864307878
CSX,2025-09-02 00:00:00,2025-09-03 00:00:00,0.1592241390929307,10.0,2025-09-03 09:46:00,32.195,51.84222778911941,50.738144182953825,31,998.045,31.068175,33.321825,2025-09-05 15:59:00,32.53,WEEK_END_CLOSE,10.385000000000026,1.0405342444478993
TJX,2025-09-02 00:00:00,2025-09-03 00:00:00,0.1113205965571539,6.0,2025-09-03 09:57:00,138.76,55.44312258700111,54.43252247365292,7,971.3199999999999,133.90339999999998,143.61659999999998,2025-09-05 15:59:00,139.25,WEEK_END_CLOSE,3.4300000000000637,0.35312770250792713
MCO,2025-09-02 00:00:00,2025-09-03 00:00:00,0.0754310344827586,4.0,2025-09-03 10:03:00,496.155,47.097598055728916,46.40316682030605,2,992.31,478.78957499999996,513.5204249999999,2025-09-05 15:59:00,499.41,WEEK_END_CLOSE,6.510000000000105,0.6560449859418949
WELL,2025-09-02 00:00:00,2025-09-03 00:00:00,0.0666666666666666,3.0,2025-09-03 10:04:00,167.83,56.65541244416943,53.972529114658236,5,839.1500000000001,161.95595,173.70405,2025-09-05 15:59:00,167.76,WEEK_END_CLOSE,-0.350000000000108,-0.04170887207294305
AJG,2025-09-02 00:00:00,2025-09-03 00:00:00,0.0269525267993874,1.0,2025-09-03 10:11:00,303.78,55.10135057843471,51.649319608999086,3,911.3399999999999,293.1477,314.41229999999996,2025-09-05 15:59:00,299.06,WEEK_END_CLOSE,-14.159999999999911,-1.553756007637097
WM,2025-09-02 00:00:00,2025-09-03 00:00:00,0.0565457897971727,2.0,2025-09-03 10:11:00,223.995,47.432674389274005,45.82951347416205,4,895.98,216.15517499999999,231.834825,2025-09-05 15:59:00,220.1,WEEK_END_CLOSE,-15.580000000000041,-1.738878099957597
HCA,2025-09-02 00:00:00,2025-09-03 00:00:00,0.1451612903225806,8.0,2025-09-03 10:21:00,404.615,55.01133907804787,50.32156667915452,2,809.23,390.45347499999997,418.776525,2025-09-05 14:43:00,418.776525,TAKE_PROFIT,28.323049999999967,3.499999999999992
NOC,2025-09-02 00:00:00,2025-09-03 00:00:00,0.1568627450980392,9.0,2025-09-03 10:34:00,579.39,43.88493563646062,37.04146431632857,1,579.39,559.11135,599.66865,2025-09-05 15:59:00,580.59,WEEK_END_CLOSE,1.2000000000000455,0.20711437891576256
KKR,2025-09-02 00:00:00,2025-09-03 00:00:00,0.1426371149511645,7.0,2025-09-03 10:42:00,136.47,43.64095845487042,39.58691568625797,7,955.29,131.69355,141.24644999999998,2025-09-05 15:59:00,135.58,WEEK_END_CLOSE,-6.2299999999999045,-0.6521579834395719
GILD,2025-09-03 00:00:00,2025-09-04 00:00:00,0.0414321284090334,7.0,2025-09-04 09:46:00,113.38,60.61253628536159,56.1512062173572,8,907.04,109.4117,117.34829999999998,2025-09-05 15:59:00,115.05,WEEK_END_CLOSE,13.360000000000014,1.472922914094199
VLO,2025-09-03 00:00:00,2025-09-04 00:00:00,0.0594384614320495,9.0,2025-09-04 09:48:00,156.08,61.66011524080874,61.169820508999784,6,936.48,150.6172,161.5428,2025-09-05 15:59:00,156.71,WEEK_END_CLOSE,3.7799999999999727,0.4036391594054223
ECL,2025-09-03 00:00:00,2025-09-04 00:00:00,0.0060698027314112,3.0,2025-09-04 09:53:00,274.72,62.89787253817275,61.37853489781002,3,824.1600000000001,265.1048,284.3352,2025-09-05 15:59:00,273.59,WEEK_END_CLOSE,-3.390000000000157,-0.41132789749565024
LOW,2025-09-03 00:00:00,2025-09-04 00:00:00,0.0606274302395669,10.0,2025-09-04 10:23:00,262.9,62.63426616120074,55.66985710892017,3,788.6999999999999,253.69849999999997,272.10149999999993,2025-09-05 15:59:00,270.03,WEEK_END_CLOSE,21.389999999999986,2.7120578166603293
SPGI,2025-09-03 00:00:00,2025-09-04 00:00:00,0.0110786234768232,4.0,2025-09-04 10:23:00,542.32,65.68888351975642,63.96395398221513,1,542.32,523.3388,561.3012,2025-09-05 15:59:00,537.96,WEEK_END_CLOSE,-4.360000000000014,-0.8039533854550807
AON,2025-09-03 00:00:00,2025-09-04 00:00:00,0.0,1.0,2025-09-04 10:43:00,373.5,59.919335035986066,55.51648917421645,2,747.0,360.4275,386.5725,2025-09-05 15:59:00,370.13,WEEK_END_CLOSE,-6.740000000000009,-0.9022757697456529
ICE,2025-09-04 00:00:00,2025-09-05 00:00:00,0.0198255352894528,4.0,2025-09-05 09:51:00,174.42,52.65937916971693,52.1895168727608,5,872.0999999999999,168.31529999999998,180.52469999999997,2025-09-05 15:59:00,174.33,WEEK_END_CLOSE,-0.44999999999987494,-0.051599587203288166
MCK,2025-09-04 00:00:00,2025-09-05 00:00:00,0.0178323594929032,3.0,2025-09-05 09:55:00,686.0988,49.96987605689667,40.23018794065166,1,686.0988,662.085342,710.1122579999999,2025-09-05 15:59:00,687.2,WEEK_END_CLOSE,1.1012000000000626,0.16050166535783728
LITE,2025-09-04 00:00:00,2025-09-05 00:00:00,0.0856278366111951,10.0,2025-09-05 10:53:00,146.07,52.45298561729512,49.097415730192054,6,876.42,140.95755,151.18245,2025-09-05 15:59:00,149.46,WEEK_END_CLOSE,20.34000000000009,2.3208050934483637
HCA,2025-09-04 00:00:00,2025-09-05 00:00:00,0.0753690753690753,9.0,2025-09-05 14:53:00,418.65,58.68602855286689,53.1730883572592,2,837.3,403.99724999999995,433.30274999999995,2025-09-05 15:59:00,420.92,WEEK_END_CLOSE,4.540000000000077,0.5422190373820746
ECL,2025-09-05 00:00:00,2025-09-08 00:00:00,0.0784313725490196,7.0,2025-09-08 09:46:00,273.015,47.87776577760471,45.39821443692239,3,819.045,263.459475,282.570525,2025-09-12 15:59:00,272.61,WEEK_END_CLOSE,-1.2149999999999181,-0.14834349761001508
WBD,2025-09-05 00:00:00,2025-09-08 00:00:00,0.0860269134638463,9.0,2025-09-08 09:47:00,12.025,50.89744183019591,46.47843680310894,83,998.075,11.604125,12.445875,2025-09-09 10:52:00,12.445875,TAKE_PROFIT,34.9326249999999,3.499999999999992
AON,2025-09-05 00:00:00,2025-09-08 00:00:00,0.0080971659919028,1.0,2025-09-08 09:50:00,366.75,46.21260766512297,44.905420551050085,2,733.5,353.91375,379.58624999999995,2025-09-12 15:59:00,372.13,WEEK_END_CLOSE,10.759999999999991,1.4669393319699964
SPGI,2025-09-05 00:00:00,2025-09-08 00:00:00,0.0570436507936508,5.0,2025-09-08 09:53:00,537.75,54.338748760287054,53.915823285308726,1,537.75,518.92875,556.57125,2025-09-12 15:59:00,544.12,WEEK_END_CLOSE,6.3700000000000045,1.184565318456543
MCO,2025-09-05 00:00:00,2025-09-08 00:00:00,0.0795454545454545,8.0,2025-09-08 09:54:00,499.84,57.11319153876114,54.893407020005235,2,999.68,482.34559999999993,517.3344,2025-09-11 13:26:00,517.535,TAKE_PROFIT_GAP,35.389999999999986,3.5401328425096024
CMI,2025-09-05 00:00:00,2025-09-08 00:00:00,0.0869565217391304,10.0,2025-09-08 09:55:00,397.45,44.09221358311377,43.06343422596306,2,794.9,383.53925,411.36074999999994,2025-09-11 09:56:00,411.58,TAKE_PROFIT_GAP,28.25999999999999,3.5551641715939164
FDX,2025-09-05 00:00:00,2025-09-08 00:00:00,0.0170121468113733,2.0,2025-09-08 09:58:00,223.5,41.52613040005978,41.06971665134784,4,894.0,215.67749999999998,231.3225,2025-09-12 15:59:00,229.56,WEEK_END_CLOSE,24.24000000000001,2.7114093959731633
CMCSA,2025-09-05 00:00:00,2025-09-08 00:00:00,0.0452742137758055,4.0,2025-09-08 09:59:00,33.365,54.90772685845658,52.64565404353517,29,967.585,32.197225,34.532775,2025-09-12 15:59:00,33.05,WEEK_END_CLOSE,-9.13500000000014,-0.9441031020530621
EMR,2025-09-05 00:00:00,2025-09-08 00:00:00,0.0439189189189189,3.0,2025-09-08 10:01:00,132.01,46.17373045216965,43.75235583094814,7,924.0699999999999,127.38964999999999,136.63035,2025-09-11 10:24:00,136.63035,TAKE_PROFIT,32.342450000000014,3.499999999999992
GLW,2025-09-05 00:00:00,2025-09-08 00:00:00,0.0651395897323387,6.0,2025-09-08 10:05:00,71.79,53.85140142664267,52.189783449081155,13,933.2700000000001,69.27735,74.30265,2025-09-10 10:11:00,74.30265,TAKE_PROFIT,32.66444999999992,3.499999999999992
AEP,2025-09-08 00:00:00,2025-09-09 00:00:00,0.0428051001821493,2.0,2025-09-09 09:48:00,107.405,54.17309868087288,51.30422431246015,9,966.645,103.645825,111.16417499999999,2025-09-12 15:59:00,109.46,WEEK_END_CLOSE,18.494999999999933,1.9133187467994972
ICE,2025-09-08 00:00:00,2025-09-09 00:00:00,0.1798107255520504,9.0,2025-09-09 09:48:00,174.05,51.69879767976892,51.04036714929397,5,870.25,167.95825,180.14175,2025-09-12 15:59:00,173.92,WEEK_END_CLOSE,-0.6500000000001194,-0.07469118069521885
NEE,2025-09-08 00:00:00,2025-09-09 00:00:00,0.1817040775575009,10.0,2025-09-09 09:53:00,69.86,51.93325658349348,51.12334766158482,14,978.04,67.4149,72.3051,2025-09-12 10:37:00,72.3051,TAKE_PROFIT,34.23139999999995,3.499999999999992
ALL,2025-09-08 00:00:00,2025-09-09 00:00:00,0.1636363636363636,6.0,2025-09-09 10:04:00,201.16,54.41781563276114,53.228815068313516,4,804.64,194.11939999999998,208.20059999999998,2025-09-12 15:59:00,200.38,WEEK_END_CLOSE,-3.1200000000000045,-0.38775104394511706
TRV,2025-09-09 00:00:00,2025-09-10 00:00:00,0.05,3.0,2025-09-10 09:46:00,271.415,41.52206444058126,37.953785020709994,3,814.2450000000001,261.915475,280.914525,2025-09-12 15:59:00,278.95,WEEK_END_CLOSE,22.604999999999905,2.776191441150999
BRK.B,2025-09-09 00:00:00,2025-09-10 00:00:00,0.109528148938163,9.0,2025-09-10 09:48:00,490.105,50.58189639005405,45.457392334785986,2,980.21,472.951325,507.258675,2025-09-12 15:59:00,493.73,WEEK_END_CLOSE,7.25,0.7396374246334991
SPG,2025-09-09 00:00:00,2025-09-10 00:00:00,0.0762124711316397,5.0,2025-09-10 09:48:00,179.44,59.2680109308589,53.51380907142724,5,897.2,173.15959999999998,185.72039999999998,2025-09-12 15:59:00,182.55,WEEK_END_CLOSE,15.550000000000068,1.7331698617922608
WELL,2025-09-09 00:00:00,2025-09-10 00:00:00,0.0714285714285714,4.0,2025-09-10 09:59:00,169.75,52.271448647567496,46.861882682918406,5,848.75,163.80875,175.69125,2025-09-12 15:59:00,169.12,WEEK_END_CLOSE,-3.1499999999999773,-0.3711340206185576
HPE,2025-09-09 00:00:00,2025-09-10 00:00:00,0.109596013400275,10.0,2025-09-10 10:05:00,24.665,68.22415487788442,67.99193381457104,40,986.5999999999999,23.801724999999998,25.528274999999997,2025-09-12 15:59:00,24.73,WEEK_END_CLOSE,2.600000000000051,0.2635313196837741
CSX,2025-09-09 00:00:00,2025-09-10 00:00:00,0.1046277395788568,8.0,2025-09-10 10:08:00,32.28,54.813623218205365,48.31517344024478,30,968.4000000000001,31.1502,33.4098,2025-09-12 15:59:00,32.455,WEEK_END_CLOSE,5.249999999999915,0.5421313506815295
JCI,2025-09-10 00:00:00,2025-09-11 00:00:00,0.0544554455445544,8.0,2025-09-11 09:46:00,107.815,54.95502892658705,51.81066532652484,9,970.335,104.04147499999999,111.58852499999999,2025-09-12 15:59:00,107.52,WEEK_END_CLOSE,-2.6550000000000153,-0.27361684366739025
ABT,2025-09-10 00:00:00,2025-09-11 00:00:00,0.063569453025413,9.0,2025-09-11 09:55:00,130.19,61.66241089945218,56.952392075076006,7,911.3299999999999,125.63335,134.74665,2025-09-12 10:19:00,134.74665,TAKE_PROFIT,31.896549999999934,3.499999999999992
MMM,2025-09-10 00:00:00,2025-09-11 00:00:00,0.0915083777918154,10.0,2025-09-11 10:15:00,157.39,75.42994711541412,72.87864451158623,6,944.3399999999999,151.88134999999997,162.89864999999998,2025-09-12 15:59:00,157.88,WEEK_END_CLOSE,2.9400000000000546,0.3113285469216631
BSX,2025-09-10 00:00:00,2025-09-11 00:00:00,0.0324522943338999,4.0,2025-09-11 10:19:00,104.505,53.67330405389745,52.15166439606139,9,940.545,100.847325,108.162675,2025-09-12 15:59:00,102.69,WEEK_END_CLOSE,-16.33499999999998,-1.7367590067460914
TEL,2025-09-10 00:00:00,2025-09-11 00:00:00,0.0512820512820512,7.0,2025-09-11 10:23:00,212.55,68.19043194195086,66.84903124470979,4,850.2,205.11075,219.98925,2025-09-12 15:59:00,209.78,WEEK_END_CLOSE,-11.080000000000041,-1.3032227711126887
CSCO,2025-09-11 00:00:00,2025-09-12 00:00:00,0.0668431412230108,7.0,2025-09-12 09:49:00,66.91,48.25335165066562,45.2644444544454,14,936.74,64.56814999999999,69.25184999999999,2025-09-12 15:59:00,66.505,WEEK_END_CLOSE,-5.670000000000016,-0.605290688985205
CI,2025-09-11 00:00:00,2025-09-12 00:00:00,0.031467920512128,5.0,2025-09-12 09:56:00,307.45,62.03829816669747,53.256765873333784,3,922.3499999999999,296.68924999999996,318.21074999999996,2025-09-12 15:59:00,302.69,WEEK_END_CLOSE,-14.279999999999973,-1.5482192226378255
ETN,2025-09-11 00:00:00,2025-09-12 00:00:00,0.0859037074379033,10.0,2025-09-12 10:04:00,362.05,55.99923501401812,54.168210911436475,2,724.1,349.37825,374.72175,2025-09-12 15:59:00,365.91,WEEK_END_CLOSE,7.720000000000027,1.0661510841044164
WM,2025-09-11 00:00:00,2025-09-12 00:00:00,0.0150375939849624,1.0,2025-09-12 10:36:00,218.55,40.827065636851565,40.306381292538056,4,874.2,210.90075000000002,226.19925,2025-09-12 15:59:00,218.11,WEEK_END_CLOSE,-1.759999999999991,-0.20132692747655279
CME,2025-09-11 00:00:00,2025-09-12 00:00:00,0.0298759864712514,4.0,2025-09-12 10:37:00,261.405,46.22348175244503,45.44047445443759,3,784.2149999999999,252.25582499999996,270.55417499999993,2025-09-12 15:59:00,262.22,WEEK_END_CLOSE,2.4450000000001637,0.31177674489779594
PH,2025-09-11 00:00:00,2025-09-12 00:00:00,0.0215439856373429,2.0,2025-09-12 10:41:00,760.68,47.33855094798324,39.615429704532914,1,760.68,734.0561999999999,787.3037999999999,2025-09-12 15:59:00,759.23,WEEK_END_CLOSE,-1.4499999999999318,-0.19061891991375424
ITW,2025-09-11 00:00:00,2025-09-12 00:00:00,0.0674157303370786,8.0,2025-09-12 10:49:00,263.305,43.53324938043017,38.91852374675079,3,789.915,254.089325,272.520675,2025-09-12 15:59:00,263.42,WEEK_END_CLOSE,0.3450000000000273,0.043675585347791035
CL,2025-09-12 00:00:00,2025-09-15 00:00:00,0.0727299830435835,8.0,2025-09-15 09:47:00,83.27,41.92758473012061,38.194018356317734,12,999.24,80.35555,86.18444999999998,2025-09-19 15:59:00,81.19,WEEK_END_CLOSE,-24.95999999999998,-2.497898402786114
CMCSA,2025-09-12 00:00:00,2025-09-15 00:00:00,0.0780755402258624,9.0,2025-09-15 09:47:00,33.115,58.38578224016556,56.03248003692962,30,993.45,31.955975000000002,34.274025,2025-09-18 09:41:00,31.955975000000002,STOP_LOSS,-34.77074999999999,-3.500000000000003
CI,2025-09-12 00:00:00,2025-09-15 00:00:00,0.0616309712940868,5.0,2025-09-15 09:49:00,300.4699,35.906202793156965,35.15250015408579,3,901.4096999999999,289.95345349999997,310.98634649999997,2025-09-19 15:44:00,289.95345349999997,STOP_LOSS,-31.549339500000087,-3.500000000000014
AMT,2025-09-12 00:00:00,2025-09-15 00:00:00,0.0710382513661202,7.0,2025-09-15 09:53:00,195.58,45.97065771078961,43.746857542714466,5,977.9000000000001,188.7347,202.4253,2025-09-15 11:45:00,188.7347,STOP_LOSS,-34.226500000000044,-3.500000000000003
SPGI,2025-09-12 00:00:00,2025-09-15 00:00:00,0.058717253839205,4.0,2025-09-15 09:54:00,545.115,45.28149459300477,43.27062015711664,1,545.115,526.035975,564.194025,2025-09-18 10:45:00,526.035975,STOP_LOSS,-19.079025,-3.500000000000003
MNST,2025-09-12 00:00:00,2025-09-15 00:00:00,0.0709219858156028,6.0,2025-09-15 09:57:00,65.07,58.271451216002596,55.30971065343257,15,976.05,62.79254999999999,67.34744999999998,2025-09-19 15:59:00,64.08,WEEK_END_CLOSE,-14.849999999999923,-1.5214384508990264
DUK,2025-09-12 00:00:00,2025-09-15 00:00:00,0.0785854616895874,10.0,2025-09-15 10:01:00,121.94,42.996343586536355,41.65351563299313,8,975.52,117.6721,126.20789999999998,2025-09-19 15:59:00,121.08,WEEK_END_CLOSE,-6.8799999999999955,-0.705264884369361
EMR,2025-09-12 00:00:00,2025-09-15 00:00:00,0.0548416749789747,2.0,2025-09-15 10:05:00,135.86,47.957147582712665,46.22788194376081,7,951.0200000000001,131.10490000000001,140.6151,2025-09-16 09:31:00,131.10490000000001,STOP_LOSS,-33.28569999999999,-3.500000000000003
HON,2025-09-12 00:00:00,2025-09-15 00:00:00,0.0561948280822368,3.0,2025-09-15 10:13:00,200.0848,53.6891266732349,49.18429423076343,4,800.3392,193.081832,207.08776799999998,2025-09-19 15:59:00,197.3327,WEEK_END_CLOSE,-11.008400000000051,-1.3754668020759309
FDX,2025-09-12 00:00:00,2025-09-15 00:00:00,0.0338045133683475,1.0,2025-09-15 10:16:00,230.89,57.77877915216068,50.20253994835426,4,923.56,222.80884999999998,238.97114999999997,2025-09-19 15:59:00,231.77,WEEK_END_CLOSE,3.5200000000000955,0.3811338732729874
AMT,2025-09-12 00:00:00,2025-09-15 00:00:00,0.0710382513661202,7.0,2025-09-15 11:50:00,192.63,47.139095391848315,43.89874113495797,5,963.15,185.88795,199.37204999999997,2025-09-19 15:59:00,193.266,WEEK_END_CLOSE,3.1799999999999784,0.3301666407101722
BSX,2025-09-15 00:00:00,2025-09-16 00:00:00,0.0698074277854195,4.0,2025-09-16 09:46:00,99.2729,45.588155408936764,38.02522519462092,10,992.729,95.7983485,102.7474515,2025-09-19 15:59:00,97.74,WEEK_END_CLOSE,-15.329000000000121,-1.5441273499615882
SHW,2025-09-15 00:00:00,2025-09-16 00:00:00,0.0714285714285714,5.0,2025-09-16 09:46:00,356.41,48.02952295806752,46.89955579748103,2,712.82,343.93565,368.88435,2025-09-19 15:59:00,346.74,WEEK_END_CLOSE,-19.340000000000032,-2.713167419544915
MCO,2025-09-15 00:00:00,2025-09-16 00:00:00,0.1206896551724138,10.0,2025-09-16 09:49:00,507.78,48.03161905994469,46.03247377324789,1,507.78,490.00769999999994,525.5523,2025-09-18 13:45:00,489.88,STOP_LOSS_GAP,-17.899999999999977,-3.525148686439006
CTAS,2025-09-15 00:00:00,2025-09-16 00:00:00,0.0297619047619047,2.0,2025-09-16 09:55:00,199.14,45.81525354002995,45.75568333219343,5,995.6999999999999,192.1701,206.10989999999998,2025-09-19 15:59:00,200.05,WEEK_END_CLOSE,4.550000000000125,0.456964949281935
DHR,2025-09-15 00:00:00,2025-09-16 00:00:00,0.119301648884578,9.0,2025-09-16 10:04:00,188.47,52.65116349180252,49.29117642507393,5,942.35,181.87355,195.06644999999997,2025-09-17 14:02:00,195.06644999999997,TAKE_PROFIT,32.98224999999988,3.499999999999992
TT,2025-09-15 00:00:00,2025-09-16 00:00:00,0.09375,8.0,2025-09-16 10:09:00,403.8653,46.67512742339977,45.371032843317344,2,807.7306,389.7300145,418.00058549999994,2025-09-19 15:59:00,406.58,WEEK_END_CLOSE,5.429399999999987,0.6721795608585213
UNP,2025-09-15 00:00:00,2025-09-16 00:00:00,0.0861214374225526,6.0,2025-09-16 10:16:00,217.595,56.86684985409791,55.08890005624113,4,870.38,209.979175,225.21082499999997,2025-09-19 15:59:00,220.66,WEEK_END_CLOSE,12.259999999999991,1.4085801603897163
TJX,2025-09-15 00:00:00,2025-09-16 00:00:00,0.0485187777000233,3.0,2025-09-16 10:28:00,139.765,48.50534663698396,41.69337286251308,7,978.3549999999999,134.873225,144.65677499999998,2025-09-19 15:59:00,139.82,WEEK_END_CLOSE,0.38500000000004775,0.03935176904088511
APD,2025-09-16 00:00:00,2025-09-17 00:00:00,0.0333333333333333,3.0,2025-09-17 09:45:00,287.67,62.825902997005095,58.52825634512957,3,863.01,277.60155000000003,297.73845,2025-09-19 15:59:00,290.12,WEEK_END_CLOSE,7.349999999999966,0.8516703166822959
CRH,2025-09-16 00:00:00,2025-09-17 00:00:00,0.0117647058823529,1.0,2025-09-17 09:57:00,113.5,61.86908417150142,58.5488616415304,8,908.0,109.5275,117.4725,2025-09-19 15:59:00,113.075,WEEK_END_CLOSE,-3.3999999999999773,-0.37444933920705026
AFL,2025-09-16 00:00:00,2025-09-17 00:00:00,0.0246252676659528,2.0,2025-09-17 10:00:00,108.8,67.71234948976381,54.712217807291395,9,979.1999999999999,104.99199999999999,112.60799999999999,2025-09-19 15:59:00,108.05,WEEK_END_CLOSE,-6.75,-0.6893382352941124
CB,2025-09-16 00:00:00,2025-09-17 00:00:00,0.0419580419580419,4.0,2025-09-17 10:00:00,273.5,55.89932908679091,55.723674524121535,3,820.5,263.9275,283.0725,2025-09-19 15:59:00,273.83,WEEK_END_CLOSE,0.9899999999999523,0.1206581352833469
EQIX,2025-09-16 00:00:00,2025-09-17 00:00:00,0.0898876404494382,10.0,2025-09-17 10:01:00,785.75,56.75613032882563,53.8426791708526,1,785.75,758.24875,813.2512499999999,2025-09-19 15:59:00,791.61,WEEK_END_CLOSE,5.860000000000014,0.7457842825326244
PH,2025-09-16 00:00:00,2025-09-17 00:00:00,0.0833333333333333,9.0,2025-09-17 10:27:00,751.55,49.1321630822024,48.37525214379682,1,751.55,725.2457499999999,777.8542499999999,2025-09-19 15:59:00,755.19,WEEK_END_CLOSE,3.6400000000001,0.48433237974854215
AEP,2025-09-16 00:00:00,2025-09-17 00:00:00,0.0694444444444444,8.0,2025-09-17 10:28:00,107.3,55.17359339262044,50.13288944042996,9,965.6999999999999,103.5445,111.0555,2025-09-19 15:59:00,107.04,WEEK_END_CLOSE,-2.339999999999918,-0.2423112767940272
ICE,2025-09-17 00:00:00,2025-09-18 00:00:00,0.037037037037037,9.0,2025-09-18 09:45:00,172.03,53.6183188455044,51.93692940303731,5,860.15,166.00895,178.05104999999998,2025-09-19 15:59:00,169.765,WEEK_END_CLOSE,-11.325000000000074,-1.3166308202057886
WELL,2025-09-17 00:00:00,2025-09-18 00:00:00,0.0151057401812688,2.0,2025-09-18 09:47:00,166.52,50.96382875784829,50.7159805257665,6,999.1200000000001,160.6918,172.3482,2025-09-19 15:59:00,165.21,WEEK_END_CLOSE,-7.860000000000014,-0.7866922892145078
GILD,2025-09-17 00:00:00,2025-09-18 00:00:00,0.0319634703196347,6.0,2025-09-18 09:49:00,112.195,50.06552582742766,48.904660533565114,8,897.56,108.26817499999999,116.12182499999999,2025-09-19 15:59:00,114.05,WEEK_END_CLOSE,14.840000000000032,1.6533713623601898
DE,2025-09-17 00:00:00,2025-09-18 00:00:00,0.0355714285714285,8.0,2025-09-18 09:57:00,470.35,60.59594290889714,54.72474226597521,2,940.7,453.88775,486.81225,2025-09-19 15:59:00,469.99,WEEK_END_CLOSE,-0.7200000000000273,-0.07653874774105063
CMCSA,2025-09-17 00:00:00,2025-09-18 00:00:00,0.029520295202952,5.0,2025-09-18 10:16:00,31.515,36.84450914315397,35.90174281624809,31,976.965,30.411974999999998,32.618024999999996,2025-09-19 15:59:00,31.58,WEEK_END_CLOSE,2.0149999999999295,0.20625099159130578
MCK,2025-09-17 00:00:00,2025-09-18 00:00:00,0.0097895252080274,1.0,2025-09-18 10:42:00,695.27,49.70275414632551,49.39439246714194,1,695.27,670.9355499999999,719.6044499999999,2025-09-19 15:59:00,698.38,WEEK_END_CLOSE,3.1100000000000136,0.447308239964328
MCO,2025-09-17 00:00:00,2025-09-18 00:00:00,0.0275229357798165,4.0,2025-09-18 14:06:00,485.9,37.644022635428,32.59124499330433,2,971.8,468.89349999999996,502.90649999999994,2025-09-19 15:59:00,480.74,WEEK_END_CLOSE,-10.319999999999936,-1.0619469026548645
EMR,2025-09-18 00:00:00,2025-09-19 00:00:00,0.0265848670756646,4.0,2025-09-19 09:47:00,131.815,48.40381083510876,44.632514064702164,7,922.7049999999999,127.20147499999999,136.42852499999998,2025-09-19 15:59:00,132.33,WEEK_END_CLOSE,3.6050000000001035,0.39069908584001833
USB,2025-09-18 00:00:00,2025-09-19 00:00:00,0.0217909431392577,3.0,2025-09-19 09:51:00,50.16,51.74315632495197,50.45939356707839,19,953.04,48.404399999999995,51.91559999999999,2025-09-19 15:59:00,50.4,WEEK_END_CLOSE,4.560000000000038,0.4784688995215447
SPGI,2025-09-18 00:00:00,2025-09-19 00:00:00,0.0033898305084745,2.0,2025-09-19 09:55:00,507.7,54.417385600741746,51.34766371237683,1,507.7,489.9305,525.4694999999999,2025-09-19 15:59:00,506.92,WEEK_END_CLOSE,-0.7799999999999727,-0.15363403584793822
TEL,2025-09-18 00:00:00,2025-09-19 00:00:00,0.0597014925373134,8.0,2025-09-19 09:58:00,215.825,39.02453035784373,38.345566348310726,4,863.3,208.27112499999998,223.37887499999997,2025-09-19 15:59:00,216.1,WEEK_END_CLOSE,1.1000000000000227,0.12741804702884885
SPG,2025-09-18 00:00:00,2025-09-19 00:00:00,0.0303605313092979,5.0,2025-09-19 10:00:00,181.34,58.45519731513796,54.05517694191883,5,906.7,174.9931,187.68689999999998,2025-09-19 15:59:00,180.74,WEEK_END_CLOSE,-2.9999999999999716,-0.3308701885959997
PCAR,2025-09-19 00:00:00,2025-09-22 00:00:00,0.0147540983606557,3.0,2025-09-22 09:45:00,98.815,44.90803509691668,43.45388367506769,10,988.15,95.35647499999999,102.27352499999999,2025-09-25 12:27:00,95.35647499999999,STOP_LOSS,-34.58525000000009,-3.500000000000014
AON,2025-09-19 00:00:00,2025-09-22 00:00:00,0.0727762803234501,10.0,2025-09-22 09:52:00,350.7,52.21905134036394,50.678141621984906,2,701.4,338.4255,362.9745,2025-09-26 15:59:00,356.04,WEEK_END_CLOSE,10.680000000000064,1.5226689478186506
TRV,2025-09-19 00:00:00,2025-09-22 00:00:00,0.0306513409961685,4.0,2025-09-22 09:52:00,276.11,51.74858711193947,49.238289312170906,3,828.33,266.44615,285.77385,2025-09-26 15:59:00,277.82,WEEK_END_CLOSE,5.129999999999939,0.6193183875991437
HLT,2025-09-19 00:00:00,2025-09-22 00:00:00,0.0498338870431893,5.0,2025-09-22 09:53:00,266.3301,48.281359165166215,47.75363791688885,3,798.9903,257.0085465,275.6516535,2025-09-26 15:59:00,261.75,WEEK_END_CLOSE,-13.740300000000047,-1.719707986442398
FDX,2025-09-19 00:00:00,2025-09-22 00:00:00,0.0699955416852429,9.0,2025-09-22 09:55:00,226.58,38.79133635862637,38.324181918827044,4,906.32,218.6497,234.5103,2025-09-23 10:00:00,234.5103,TAKE_PROFIT,31.721199999999953,3.499999999999992
CMCSA,2025-09-19 00:00:00,2025-09-22 00:00:00,0.0030234315948601,1.0,2025-09-22 09:57:00,31.43,52.89598508816547,50.065734637039625,31,974.33,30.32995,32.530049999999996,2025-09-26 15:59:00,31.715,WEEK_END_CLOSE,8.835000000000004,0.9067769646834201
ECL,2025-09-19 00:00:00,2025-09-22 00:00:00,0.0666666666666666,8.0,2025-09-22 09:57:00,265.41,52.482680381839025,50.98232976661207,3,796.23,256.12065,274.69935,2025-09-26 15:59:00,270.98,WEEK_END_CLOSE,16.70999999999998,2.098639840247163
PG,2025-09-19 00:00:00,2025-09-22 00:00:00,0.0647921760391198,7.0,2025-09-22 09:57:00,155.11,41.97497363655202,39.01963440081671,6,930.6600000000001,149.68115,160.53885,2025-09-26 15:59:00,152.49,WEEK_END_CLOSE,-15.720000000000027,-1.6891238475920334
AJG,2025-09-19 00:00:00,2025-09-22 00:00:00,0.0080256821829855,2.0,2025-09-22 10:02:00,298.765,55.951729852147494,54.513030810677236,3,896.295,288.308225,309.221775,2025-09-26 15:59:00,304.1,WEEK_END_CLOSE,16.00500000000011,1.7856844007832384
CSX,2025-09-19 00:00:00,2025-09-22 00:00:00,0.0570071258907363,6.0,2025-09-22 10:12:00,33.095,59.70501559881025,53.494292243637645,30,992.8499999999999,31.936674999999997,34.253325,2025-09-23 13:05:00,34.253325,TAKE_PROFIT,34.749749999999935,3.499999999999992
HPE,2025-09-22 00:00:00,2025-09-23 00:00:00,0.1670411985018726,8.0,2025-09-23 09:46:00,25.26,61.93947307566201,59.200216558416706,39,985.1400000000001,24.3759,26.144099999999998,2025-09-24 13:48:00,24.3759,STOP_LOSS,-34.4799,-3.500000000000003
PANW,2025-09-22 00:00:00,2025-09-23 00:00:00,0.1315600478787073,7.0,2025-09-23 09:46:00,206.84,45.34642762561768,43.41280332479998,4,827.36,199.6006,214.0794,2025-09-25 09:30:00,199.6006,STOP_LOSS,-28.95760000000007,-3.500000000000003
BSX,2025-09-22 00:00:00,2025-09-23 00:00:00,0.0452841973766396,4.0,2025-09-23 09:53:00,96.64,51.93623801088364,50.85192167063205,10,966.4,93.2576,100.02239999999999,2025-09-26 15:59:00,98.175,WEEK_END_CLOSE,15.349999999999966,1.5883692052980125
REGN,2025-09-22 00:00:00,2025-09-23 00:00:00,0.192200557103064,10.0,2025-09-23 09:57:00,575.363,41.88333181365628,39.0410393672728,1,575.363,555.2252950000001,595.500705,2025-09-25 11:23:00,555.2252950000001,STOP_LOSS,-20.137704999999983,-3.499999999999992
FDX,2025-09-22 00:00:00,2025-09-23 00:00:00,0.0136845203060623,3.0,2025-09-23 10:06:00,234.39,66.76342426540907,63.138540094166146,4,937.56,226.18634999999998,242.59364999999997,2025-09-26 15:59:00,237.82,WEEK_END_CLOSE,13.720000000000027,1.463373010793978
SPGI,2025-09-22 00:00:00,2025-09-23 00:00:00,0.0077519379844961,2.0,2025-09-23 10:09:00,499.875,46.7041541070606,38.750903355115106,2,999.75,482.379375,517.3706249999999,2025-09-25 14:02:00,482.379375,STOP_LOSS,-34.991250000000036,-3.500000000000003
TJX,2025-09-22 00:00:00,2025-09-23 00:00:00,0.1166892808683853,6.0,2025-09-23 10:09:00,139.45,57.247791640646454,51.53303733564398,7,976.1499999999999,134.56924999999998,144.33074999999997,2025-09-26 15:59:00,143.135,WEEK_END_CLOSE,25.795000000000016,2.6425242022230178
KKR,2025-09-22 00:00:00,2025-09-23 00:00:00,0.0970772442588726,5.0,2025-09-23 11:17:00,149.85,45.869581762534516,45.166757002749314,6,899.0999999999999,144.60524999999998,155.09474999999998,2025-09-24 09:50:00,144.60524999999998,STOP_LOSS,-31.468500000000063,-3.500000000000003
CSX,2025-09-22 00:00:00,2025-09-23 00:00:00,0.1797752808988764,9.0,2025-09-23 14:13:00,34.0,45.97530394299436,41.46409215687021,29,986.0,32.81,35.19,2025-09-26 15:59:00,34.005,WEEK_END_CLOSE,0.14500000000007418,0.014705882352950006
CI,2025-09-23 00:00:00,2025-09-24 00:00:00,0.028169014084507,5.0,2025-09-24 09:45:00,290.436,53.545296186284645,50.87794055375811,3,871.308,280.27074,300.60125999999997,2025-09-26 15:59:00,286.13,WEEK_END_CLOSE,-12.91799999999995,-1.482598575934102
CRH,2025-09-23 00:00:00,2025-09-24 00:00:00,0.008695652173913,2.0,2025-09-24 09:46:00,114.03,49.86241544943439,47.78374432314721,8,912.24,110.03895,118.02104999999999,2025-09-25 09:30:00,109.21,STOP_LOSS_GAP,-38.56000000000006,-4.2269578181180485
PFE,2025-09-23 00:00:00,2025-09-24 00:00:00,0.1054998045093184,8.0,2025-09-24 09:48:00,24.085,42.726814760119815,42.42444050246851,41,987.485,23.242025,24.927975,2025-09-26 15:59:00,23.76,WEEK_END_CLOSE,-13.32499999999997,-1.3493875856342097
DLR,2025-09-23 00:00:00,2025-09-24 00:00:00,0.125,10.0,2025-09-24 10:00:00,172.93,52.14946216044118,50.97089289169101,5,864.6500000000001,166.87745,178.98255,2025-09-26 15:59:00,171.47,WEEK_END_CLOSE,-7.30000000000004,-0.8442722488868348
USB,2025-09-23 00:00:00,2025-09-24 00:00:00,0.0224130403143647,4.0,2025-09-24 10:11:00,49.535,59.034862859410445,57.61505654119836,20,990.6999999999999,47.801275,51.26872499999999,2025-09-26 15:59:00,49.435,WEEK_END_CLOSE,-1.9999999999998863,-0.20187746038153875
AMGN,2025-09-23 00:00:00,2025-09-24 00:00:00,0.0649847094801223,6.0,2025-09-24 10:22:00,282.16,41.21878687545104,39.91301250600527,3,846.48,272.2844,292.0356,2025-09-25 12:05:00,272.2844,STOP_LOSS,-29.62680000000006,-3.500000000000003
EOG,2025-09-23 00:00:00,2025-09-24 00:00:00,0.1119402985074626,9.0,2025-09-24 10:53:00,117.96,59.99158648763965,58.39578416332935,8,943.68,113.83139999999999,122.08859999999999,2025-09-26 15:59:00,117.3,WEEK_END_CLOSE,-5.279999999999973,-0.5595116988809767
MCK,2025-09-24 00:00:00,2025-09-25 00:00:00,0.037037037037037,7.0,2025-09-25 09:48:00,760.105,52.433477066451374,51.31065264676423,1,760.105,733.501325,786.708675,2025-09-25 11:13:00,732.0405,STOP_LOSS_GAP,-28.064500000000066,-3.6921872636017428
WMB,2025-09-24 00:00:00,2025-09-25 00:00:00,0.0093538751768589,1.0,2025-09-25 09:55:00,62.465,46.894679083412086,45.924966954584,16,999.44,60.278725,64.651275,2025-09-26 15:59:00,64.03,WEEK_END_CLOSE,25.039999999999964,2.505403025694375
MO,2025-09-24 00:00:00,2025-09-25 00:00:00,0.0271167263812936,5.0,2025-09-25 09:58:00,65.765,54.515574999872975,53.59316380866539,15,986.475,63.463225,68.06677499999999,2025-09-26 15:59:00,65.705,WEEK_END_CLOSE,-0.9000000000000341,-0.09123393902532584
ABNB,2025-09-24 00:00:00,2025-09-25 00:00:00,0.0739178283198826,10.0,2025-09-25 10:03:00,122.08,54.86346447958443,50.69127926309686,8,976.64,117.8072,126.35279999999999,2025-09-26 15:59:00,123.73,WEEK_END_CLOSE,13.200000000000045,1.3515727391874233
SO,2025-09-24 00:00:00,2025-09-25 00:00:00,0.0386879730866274,8.0,2025-09-25 10:22:00,94.58,59.59832967596216,56.33355244979445,10,945.8,91.2697,97.8903,2025-09-26 15:59:00,94.52,WEEK_END_CLOSE,-0.6000000000000227,-0.06343835906111872
KKR,2025-09-24 00:00:00,2025-09-25 00:00:00,0.0125195618153364,2.0,2025-09-25 10:28:00,137.78,48.84518600755916,48.132483843136995,7,964.46,132.9577,142.60229999999999,2025-09-26 15:59:00,133.975,WEEK_END_CLOSE,-26.635000000000048,-2.761649005661204
MCK,2025-09-24 00:00:00,2025-09-25 00:00:00,0.037037037037037,7.0,2025-09-25 11:26:00,734.09,42.57814494413158,33.948828003733425,1,734.09,708.39685,759.78315,2025-09-26 13:07:00,759.78315,TAKE_PROFIT,25.693149999999946,3.499999999999992
DASH,2025-09-25 00:00:00,2025-09-26 00:00:00,0.036863028550777,7.0,2025-09-26 09:50:00,262.995,54.74331032135261,51.46060235067023,3,788.985,253.790175,272.199825,2025-09-26 15:59:00,262.56,WEEK_END_CLOSE,-1.3050000000000068,-0.16540238407574126
NEE,2025-09-25 00:00:00,2025-09-26 00:00:00,0.0123882503192848,4.0,2025-09-26 09:54:00,75.41,56.36416955699655,53.922316299625706,13,980.3299999999999,72.77064999999999,78.04934999999999,2025-09-26 15:59:00,75.82,WEEK_END_CLOSE,5.329999999999956,0.5436944702294166
HON,2025-09-25 00:00:00,2025-09-26 00:00:00,0.0068450528935905,2.0,2025-09-26 10:51:00,196.0415,56.82749836989952,49.72996070300679,5,980.2075000000001,189.1800475,202.9029525,2025-09-26 15:59:00,196.1828,WEEK_END_CLOSE,0.7064999999998633,0.07207657562300351
SPGI,2025-09-25 00:00:00,2025-09-26 00:00:00,0.0526315789473684,10.0,2025-09-26 10:51:00,486.38,51.70777519781397,49.05750600971639,2,972.76,469.3567,503.40329999999994,2025-09-26 15:59:00,487.14,WEEK_END_CLOSE,1.5199999999999818,0.15625642501746473
KMI,2025-09-25 00:00:00,2025-09-26 00:00:00,0.0069151083008206,3.0,2025-09-26 10:59:00,28.355,53.91383319266772,53.37105763125154,35,992.4250000000001,27.362575,29.347424999999998,2025-09-26 15:59:00,28.215,WEEK_END_CLOSE,-4.90000000000002,-0.49374008111444656
BSX,2025-09-26 00:00:00,2025-09-29 00:00:00,0.0270921131848284,9.0,2025-09-29 09:49:00,97.28,41.64141002277556,39.3189350394641,10,972.8,93.87519999999999,100.6848,2025-10-01 10:35:00,93.87519999999999,STOP_LOSS,-34.04800000000009,-3.500000000000014
NEE,2025-09-26 00:00:00,2025-09-29 00:00:00,0.0209125475285171,8.0,2025-09-29 09:49:00,75.6,52.76136025315241,50.263693305847575,13,982.8,72.954,78.246,2025-10-01 09:45:00,78.246,TAKE_PROFIT,34.39800000000001,3.499999999999992
MDT,2025-09-26 00:00:00,2025-09-29 00:00:00,0.0121827411167512,5.0,2025-09-29 09:54:00,93.615,42.14567777441192,40.07515217797503,10,936.15,90.33847499999999,96.89152499999999,2025-10-03 09:41:00,96.89152499999999,TAKE_PROFIT,32.765249999999924,3.499999999999992
CMCSA,2025-09-26 00:00:00,2025-09-29 00:00:00,0.0088691796008869,3.0,2025-09-29 09:56:00,31.505,43.4961429386103,42.37461763643746,31,976.655,30.402324999999998,32.60767499999999,2025-10-02 11:28:00,30.402324999999998,STOP_LOSS,-34.18292500000004,-3.500000000000003
KMI,2025-09-26 00:00:00,2025-09-29 00:00:00,0.0148826559816828,6.0,2025-09-29 09:56:00,28.1754,49.96794473182252,47.34977892134113,35,986.139,27.189261,29.161538999999998,2025-10-03 15:59:00,28.46,WEEK_END_CLOSE,9.961000000000038,1.0101010101010166
CRH,2025-09-26 00:00:00,2025-09-29 00:00:00,0.009009009009009,4.0,2025-09-29 10:05:00,112.17,49.41876393830106,42.032849278355705,8,897.36,108.24405,116.09594999999999,2025-09-30 09:30:00,120.95,TAKE_PROFIT_GAP,70.24000000000001,7.827404831951501
FDX,2025-09-26 00:00:00,2025-09-29 00:00:00,0.0007608902415826,2.0,2025-09-29 10:05:00,235.35,41.0865298195751,39.577374606356784,4,941.4,227.11274999999998,243.58724999999998,2025-10-02 09:49:00,243.58724999999998,TAKE_PROFIT,32.948999999999955,3.499999999999992
EOG,2025-09-26 00:00:00,2025-09-29 00:00:00,0.0188405797101449,7.0,2025-09-29 10:07:00,114.98,46.516813600609574,40.151873113757375,8,919.84,110.95570000000001,119.0043,2025-10-01 10:30:00,110.95570000000001,STOP_LOSS,-32.19439999999997,-3.499999999999992
AFL,2025-09-26 00:00:00,2025-09-29 00:00:00,0.0,1.0,2025-09-29 10:15:00,110.89,49.189582121353645,47.05243649191929,9,998.01,107.00885,114.77114999999999,2025-10-03 15:59:00,112.325,WEEK_END_CLOSE,12.91500000000002,1.2940752096672448
SPGI,2025-09-26 00:00:00,2025-09-29 00:00:00,0.0476190476190476,10.0,2025-09-29 10:21:00,491.03,53.43199541701076,48.940850434327494,2,982.06,473.84394999999995,508.21604999999994,2025-10-03 15:59:00,479.78,WEEK_END_CLOSE,-22.5,-2.2911023766368666
KKR,2025-09-29 00:00:00,2025-09-30 00:00:00,0.013016367887763,3.0,2025-09-30 09:45:00,134.25,44.19423521489392,43.14365996679743,7,939.75,129.55124999999998,138.94875,2025-09-30 10:25:00,129.55124999999998,STOP_LOSS,-32.89125000000013,-3.500000000000014
CSCO,2025-09-29 00:00:00,2025-09-30 00:00:00,0.168076109936575,9.0,2025-09-30 10:07:00,68.48,65.0814388350245,61.197404234146504,14,958.72,66.0832,70.8768,2025-10-03 15:59:00,67.94,WEEK_END_CLOSE,-7.5600000000000875,-0.7885514018691642
CDNS,2025-09-29 00:00:00,2025-09-30 00:00:00,0.1764705882352941,10.0,2025-09-30 10:13:00,349.38,47.52664233868386,46.12092968979101,2,698.76,337.1517,361.6083,2025-10-03 15:59:00,347.28,WEEK_END_CLOSE,-4.2000000000000455,-0.601064743259494
ADI,2025-09-29 00:00:00,2025-09-30 00:00:00,0.0425243770314192,5.0,2025-09-30 10:17:00,246.505,59.54737271950536,58.14945617926791,4,986.02,237.87732499999998,255.13267499999998,2025-10-01 14:47:00,237.87732499999998,STOP_LOSS,-34.51070000000004,-3.500000000000003
HPE,2025-09-29 00:00:00,2025-09-30 00:00:00,0.164033798677443,8.0,2025-09-30 10:22:00,24.21,54.3358223431252,49.01893680746317,41,992.61,23.36265,25.05735,2025-10-02 09:30:00,25.17,TAKE_PROFIT_GAP,39.360000000000035,3.9653035935563796
KKR,2025-09-29 00:00:00,2025-09-30 00:00:00,0.013016367887763,3.0,2025-09-30 10:37:00,128.82,31.05642481672217,28.128712356154765,7,901.74,124.31129999999999,133.32869999999997,2025-10-02 10:20:00,124.31129999999999,STOP_LOSS,-31.560900000000032,-3.500000000000003
BX,2025-09-29 00:00:00,2025-09-30 00:00:00,0.0411450442548441,4.0,2025-09-30 10:38:00,170.34,38.78302740049518,31.289903486385473,5,851.7,164.3781,176.3019,2025-10-03 15:59:00,168.47,WEEK_END_CLOSE,-9.350000000000023,-1.0978043912175717
TJX,2025-09-30 00:00:00,2025-10-01 00:00:00,0.0267755102040816,3.0,2025-10-01 09:49:00,144.4975,58.026162459378604,56.39242763012131,6,866.985,139.4400875,149.5549125,2025-10-03 15:59:00,141.32,WEEK_END_CLOSE,-19.065000000000055,-2.1989999826986684
TMO,2025-09-30 00:00:00,2025-10-01 00:00:00,0.0583778966131907,6.0,2025-10-01 09:50:00,500.96,63.18017281105085,60.18316186493652,1,500.96,483.42639999999994,518.4935999999999,2025-10-01 11:21:00,518.4935999999999,TAKE_PROFIT,17.53359999999992,3.499999999999992
PG,2025-09-30 00:00:00,2025-10-01 00:00:00,0.0599070693660803,7.0,2025-10-01 09:53:00,152.51,41.321685979088286,38.88570994046011,6,915.06,147.17215,157.84784999999997,2025-10-03 15:59:00,152.26,WEEK_END_CLOSE,-1.5,-0.16392367713592426
MO,2025-09-30 00:00:00,2025-10-01 00:00:00,0.0820092886824737,9.0,2025-10-01 09:57:00,66.08,51.749497629091124,51.1973884940576,15,991.1999999999999,63.767199999999995,68.3928,2025-10-03 15:59:00,65.72,WEEK_END_CLOSE,-5.3999999999999915,-0.5447941888619856
GLW,2025-09-30 00:00:00,2025-10-01 00:00:00,0.0707494270807937,8.0,2025-10-01 10:00:00,82.5332,67.3868903228197,60.59503986838553,12,990.3983999999999,79.644538,85.42186199999999,2025-10-03 15:59:00,83.575,WEEK_END_CLOSE,12.50160000000011,1.2622799067526946
EMR,2025-09-30 00:00:00,2025-10-01 00:00:00,0.0348837209302325,4.0,2025-10-01 10:10:00,130.19,50.3552378970336,50.076969265513995,7,911.3299999999999,125.63335,134.74665,2025-10-03 10:39:00,134.75,TAKE_PROFIT_GAP,31.920000000000016,3.502573162301248
TMO,2025-09-30 00:00:00,2025-10-01 00:00:00,0.0583778966131907,6.0,2025-10-01 11:30:00,519.865,65.95585621334574,65.4037376355876,1,519.865,501.66972499999997,538.0602749999999,2025-10-02 09:34:00,538.0602749999999,TAKE_PROFIT,18.195274999999924,3.499999999999992
ADI,2025-09-30 00:00:00,2025-10-01 00:00:00,0.1152815013404825,10.0,2025-10-01 15:07:00,237.315,38.944765442947826,33.561102349703646,4,949.26,229.008975,245.62102499999997,2025-10-03 10:02:00,245.62102499999997,TAKE_PROFIT,33.22409999999991,3.499999999999992
MCO,2025-10-01 00:00:00,2025-10-02 00:00:00,0.0746268656716417,7.0,2025-10-02 10:13:00,482.37,55.95011323616613,53.91000664309781,2,964.74,465.48705,499.25294999999994,2025-10-03 15:59:00,485.18,WEEK_END_CLOSE,5.6200000000000045,0.582540373572149
ICE,2025-10-01 00:00:00,2025-10-02 00:00:00,0.05,6.0,2025-10-02 10:23:00,162.1,44.99124543608933,44.97264223750423,6,972.5999999999999,156.42649999999998,167.77349999999998,2025-10-03 15:59:00,162.59,WEEK_END_CLOSE,2.9400000000000546,0.3022825416409747
NEE,2025-10-01 00:00:00,2025-10-02 00:00:00,0.0464512360656134,5.0,2025-10-02 10:25:00,77.83,46.6370502014641,45.75829490550987,12,933.96,75.10594999999999,80.55404999999999,2025-10-03 11:02:00,80.55404999999999,TAKE_PROFIT,32.688599999999894,3.499999999999992
AON,2025-10-01 00:00:00,2025-10-02 00:00:00,0.0052631578947368,1.0,2025-10-02 10:28:00,359.67,52.416838535525414,51.64045828289792,2,719.34,347.08155,372.25845,2025-10-03 15:59:00,363.81,WEEK_END_CLOSE,8.279999999999973,1.1510551338727026
CMI,2025-10-01 00:00:00,2025-10-02 00:00:00,0.0342857142857142,4.0,2025-10-02 10:38:00,428.66,55.71507964715476,52.88308428196918,2,857.32,413.6569,443.6631,2025-10-03 15:59:00,432.82,WEEK_END_CLOSE,8.319999999999936,0.9704661036719076
FDX,2025-10-01 00:00:00,2025-10-02 00:00:00,0.1228325077967345,10.0,2025-10-02 10:55:00,241.08,52.14466231662201,49.71408940285206,4,964.32,232.6422,249.5178,2025-10-03 15:59:00,244.6,WEEK_END_CLOSE,14.079999999999927,1.4600962336153822
CMCSA,2025-10-01 00:00:00,2025-10-02 00:00:00,0.0069699712052653,2.0,2025-10-02 11:36:00,30.439,48.686386167475526,46.05695810722912,32,974.048,29.373635,31.504364999999996,2025-10-03 15:59:00,30.9,WEEK_END_CLOSE,14.751999999999953,1.5145044186734014
DASH,2025-10-02 00:00:00,2025-10-03 00:00:00,0.0820872238113963,10.0,2025-10-03 09:45:00,271.05,63.55295457134977,59.22456550451098,3,813.1500000000001,261.56325,280.53675,2025-10-03 15:59:00,271.22,WEEK_END_CLOSE,0.5100000000000477,0.06271905552481805
UNP,2025-10-02 00:00:00,2025-10-03 00:00:00,0.0643925639008251,7.0,2025-10-03 09:50:00,235.82,61.237885160133565,57.81738305479445,4,943.28,227.56629999999998,244.07369999999997,2025-10-03 15:59:00,236.78,WEEK_END_CLOSE,3.840000000000032,0.407090153506906
JCI,2025-10-02 00:00:00,2025-10-03 00:00:00,0.0291666666666666,3.0,2025-10-03 10:11:00,108.45,50.59213242223127,49.65534287269133,9,976.0500000000001,104.65425,112.24575,2025-10-03 15:59:00,108.79,WEEK_END_CLOSE,3.0600000000000307,0.313508529276163
MSI,2025-10-02 00:00:00,2025-10-03 00:00:00,0.043103448275862,6.0,2025-10-03 11:11:00,455.94,65.10326648182834,62.910965342447966,2,911.88,439.9821,471.89789999999994,2025-10-03 15:59:00,452.77,WEEK_END_CLOSE,-6.340000000000032,-0.6952669210861129
FDX,2025-10-03 00:00:00,2025-10-06 00:00:00,0.0050295648325832,1.0,2025-10-06 09:46:00,245.0,57.96234426835938,53.28931010244329,4,980.0,236.42499999999998,253.575,2025-10-09 14:16:00,236.42,STOP_LOSS_GAP,-34.32000000000005,-3.502040816326535
WELL,2025-10-03 00:00:00,2025-10-06 00:00:00,0.0338983050847457,4.0,2025-10-06 09:46:00,173.83,34.20293589694542,33.074461839973225,5,869.1500000000001,167.74595,179.91405,2025-10-09 14:28:00,167.74595,STOP_LOSS,-30.420250000000095,-3.500000000000014
WMB,2025-10-03 00:00:00,2025-10-06 00:00:00,0.0158653894059267,3.0,2025-10-06 09:47:00,64.785,52.02537213590524,49.95506768487056,15,971.775,62.51752499999999,67.05247499999999,2025-10-10 15:59:00,62.61,WEEK_END_CLOSE,-32.62499999999996,-3.357258624681636
SPGI,2025-10-03 00:00:00,2025-10-06 00:00:00,0.0674939467312348,8.0,2025-10-06 09:49:00,477.935,45.306695671670134,44.24969479498802,2,955.87,461.207275,494.66272499999997,2025-10-10 15:59:00,486.045,WEEK_END_CLOSE,16.220000000000027,1.6968834674171207
SYK,2025-10-03 00:00:00,2025-10-06 00:00:00,0.0815450643776824,10.0,2025-10-06 09:51:00,369.83,48.48440980971607,47.72293305924931,2,739.66,356.88595,382.77404999999993,2025-10-10 15:59:00,364.66,WEEK_END_CLOSE,-10.339999999999918,-1.3979395938674366
AON,2025-10-03 00:00:00,2025-10-06 00:00:00,0.0727272727272727,9.0,2025-10-06 10:05:00,363.83,47.763570991708626,46.41432292101008,2,727.66,351.09594999999996,376.56404999999995,2025-10-10 15:59:00,359.995,WEEK_END_CLOSE,-7.669999999999959,-1.0540637110738493
CMCSA,2025-10-03 00:00:00,2025-10-06 00:00:00,0.0072093519828393,2.0,2025-10-06 10:05:00,30.515,47.930809620514374,40.0901209848518,32,976.48,29.446975,31.583025,2025-10-10 15:38:00,29.446975,STOP_LOSS,-34.17680000000007,-3.500000000000003
NEE,2025-10-03 00:00:00,2025-10-06 00:00:00,0.0597088926361667,7.0,2025-10-06 10:08:00,81.47,54.01675771747133,52.83903925415793,12,977.64,78.61855,84.32145,2025-10-07 10:10:00,84.32145,TAKE_PROFIT,34.2174,3.499999999999992
ICE,2025-10-03 00:00:00,2025-10-06 00:00:00,0.0397672162948593,5.0,2025-10-06 10:12:00,159.12,38.796641282695084,35.016206673940545,6,954.72,153.5508,164.6892,2025-10-10 15:59:00,157.475,WEEK_END_CLOSE,-9.870000000000061,-1.033810960281556
LITE,2025-10-03 00:00:00,2025-10-06 00:00:00,0.0520254169976171,6.0,2025-10-06 10:38:00,159.2,43.322126903202815,43.048612750713595,6,955.1999999999999,153.628,164.77199999999996,2025-10-06 12:54:00,164.77199999999996,TAKE_PROFIT,33.431999999999846,3.499999999999992
LITE,2025-10-03 00:00:00,2025-10-06 00:00:00,0.0520254169976171,6.0,2025-10-06 13:13:00,164.81,63.98909723909339,60.928107081148795,6,988.86,159.04165,170.57835,2025-10-07 09:30:00,159.04165,STOP_LOSS,-34.61009999999999,-3.500000000000003
TT,2025-10-06 00:00:00,2025-10-07 00:00:00,0.1333333333333333,10.0,2025-10-07 09:50:00,425.79,51.588191329764896,48.77094352743855,2,851.58,410.88735,440.69265,2025-10-10 15:59:00,414.14,WEEK_END_CLOSE,-23.300000000000068,-2.736090561074711
BSX,2025-10-06 00:00:00,2025-10-07 00:00:00,0.1187598398694337,8.0,2025-10-07 09:55:00,95.59,38.292949153414554,38.02033847760562,10,955.9000000000001,92.24435,98.93565,2025-10-10 15:59:00,95.41,WEEK_END_CLOSE,-1.8000000000000682,-0.18830421592217483
DHR,2025-10-06 00:00:00,2025-10-07 00:00:00,0.1218192619735427,9.0,2025-10-07 09:55:00,213.59,59.12507722948419,51.43907413167915,4,854.36,206.11435,221.06564999999998,2025-10-08 09:35:00,206.11435,STOP_LOSS,-29.902600000000007,-3.500000000000003
HPE,2025-10-06 00:00:00,2025-10-07 00:00:00,0.0850192764731809,5.0,2025-10-07 09:58:00,25.575,51.50011631138649,49.80478788665251,39,997.425,24.679875,26.470124999999996,2025-10-07 11:55:00,24.679875,STOP_LOSS,-34.90987500000001,-3.500000000000003
ITW,2025-10-06 00:00:00,2025-10-07 00:00:00,0.0892857142857142,6.0,2025-10-07 10:17:00,257.27,46.17938751010922,45.15135150687852,3,771.81,248.26554999999996,266.27444999999994,2025-10-09 14:05:00,248.21,STOP_LOSS_GAP,-27.17999999999992,-3.5215921016830465
PCAR,2025-10-06 00:00:00,2025-10-07 00:00:00,0.0459016393442622,3.0,2025-10-07 10:44:00,97.03,45.578978921894155,39.742953720206955,10,970.3,93.63395,100.42604999999999,2025-10-10 11:07:00,93.63395,STOP_LOSS,-33.960500000000025,-3.500000000000003
HPE,2025-10-06 00:00:00,2025-10-07 00:00:00,0.0850192764731809,5.0,2025-10-07 11:56:00,24.68,32.84921247647618,31.7235518518677,40,987.2,23.8162,25.543799999999997,2025-10-08 09:59:00,25.543799999999997,TAKE_PROFIT,34.55199999999991,3.499999999999992
JCI,2025-10-07 00:00:00,2025-10-08 00:00:00,0.0222965440356744,6.0,2025-10-08 09:57:00,107.71,52.491174867195376,50.57801383913255,9,969.39,103.94014999999999,111.47984999999998,2025-10-10 15:59:00,105.57,WEEK_END_CLOSE,-19.260000000000005,-1.9868164515829512
USB,2025-10-07 00:00:00,2025-10-08 00:00:00,0.0511846659708155,8.0,2025-10-08 10:00:00,47.28,47.82569752116746,46.39992867306478,21,992.88,45.6252,48.934799999999996,2025-10-10 14:53:00,45.6252,STOP_LOSS,-34.750800000000034,-3.500000000000003
KMI,2025-10-07 00:00:00,2025-10-08 00:00:00,0.0592637291137906,9.0,2025-10-08 10:01:00,27.745,47.169320674825514,46.94287337311649,36,998.82,26.773925,28.716075,2025-10-10 15:59:00,27.1,WEEK_END_CLOSE,-23.219999999999985,-2.324743196972423
PH,2025-10-07 00:00:00,2025-10-08 00:00:00,0.0,1.0,2025-10-08 10:02:00,750.87,55.897998241922565,53.91413191042247,1,750.87,724.58955,777.15045,2025-10-10 11:42:00,724.58955,STOP_LOSS,-26.280449999999973,-3.499999999999992
MCO,2025-10-08 00:00:00,2025-10-09 00:00:00,0.0594059405940594,8.0,2025-10-09 09:48:00,494.21,59.23269376799654,58.49580431528029,2,988.42,476.91265,511.5073499999999,2025-10-10 15:59:00,484.045,WEEK_END_CLOSE,-20.329999999999927,-2.0568179518827945
AEP,2025-10-08 00:00:00,2025-10-09 00:00:00,0.0396419437340153,6.0,2025-10-09 10:04:00,118.45,63.63599311831975,61.126128722971316,8,947.6,114.30425,122.59575,2025-10-10 15:59:00,117.07,WEEK_END_CLOSE,-11.040000000000077,-1.1650485436893288
SHW,2025-10-08 00:00:00,2025-10-09 00:00:00,0.04,7.0,2025-10-09 10:04:00,335.275,47.686862913343234,45.85476069197179,2,670.55,323.540375,347.00962499999997,2025-10-10 15:59:00,332.87,WEEK_END_CLOSE,-4.809999999999945,-0.7173216016702622
NSC,2025-10-08 00:00:00,2025-10-09 00:00:00,0.09375,10.0,2025-10-09 10:11:00,295.505,48.17850041860794,45.063396735202865,3,886.515,285.162325,305.847675,2025-10-10 15:59:00,288.43,WEEK_END_CLOSE,-21.224999999999966,-2.394206527808329
TRV,2025-10-08 00:00:00,2025-10-09 00:00:00,0.0896860986547085,9.0,2025-10-09 10:34:00,280.91,54.651998029451256,47.44757379032149,3,842.73,271.07815,290.74185,2025-10-10 10:59:00,271.07815,STOP_LOSS,-29.495550000000094,-3.500000000000014
FDX,2025-10-08 00:00:00,2025-10-09 00:00:00,0.0103907227514765,2.0,2025-10-09 14:47:00,236.03,44.590287438413384,37.29453144665704,4,944.12,227.76895,244.29104999999998,2025-10-10 12:07:00,227.76895,STOP_LOSS,-33.044200000000046,-3.500000000000003
BMY,2025-10-09 00:00:00,2025-10-10 00:00:00,0.0764291219707803,10.0,2025-10-10 09:53:00,44.195,47.30524414950022,44.263701367149245,22,972.29,42.648175,45.741825,2025-10-10 15:59:00,43.97,WEEK_END_CLOSE,-4.950000000000031,-0.5091073650865474
MRK,2025-10-09 00:00:00,2025-10-10 00:00:00,0.0581391759025236,7.0,2025-10-10 10:09:00,87.26,51.76479672228311,50.222391511940074,11,959.86,84.2059,90.3141,2025-10-10 15:59:00,86.025,WEEK_END_CLOSE,-13.584999999999994,-1.4153105661242282
EOG,2025-10-09 00:00:00,2025-10-10 00:00:00,0.0678791565618995,9.0,2025-10-10 10:25:00,110.085,49.134158713487345,44.87203253551498,9,990.765,106.232025,113.93797499999998,2025-10-10 15:59:00,108.06,WEEK_END_CLOSE,-18.224999999999923,-1.8394876686196993
HLT,2025-10-09 00:00:00,2025-10-10 00:00:00,0.0329911615458946,4.0,2025-10-10 10:25:00,262.035,54.91491465803623,49.960224765669814,3,786.105,252.863775,271.206225,2025-10-10 15:59:00,259.54,WEEK_END_CLOSE,-7.485000000000014,-0.9521628790047143
TEL,2025-10-09 00:00:00,2025-10-10 00:00:00,0.0,1.0,2025-10-10 10:27:00,223.455,56.15274139866371,54.89851517311324,4,893.82,215.634075,231.275925,2025-10-10 15:28:00,215.634075,STOP_LOSS,-31.283700000000067,-3.500000000000003
APH,2025-10-09 00:00:00,2025-10-10 00:00:00,0.0508701472556894,6.0,2025-10-10 10:42:00,125.305,47.26318590784775,45.59325684762544,7,877.135,120.919325,129.690675,2025-10-10 15:59:00,121.65,WEEK_END_CLOSE,-25.585000000000008,-2.916882805953469
FDX,2025-10-09 00:00:00,2025-10-10 00:00:00,0.0601187902690048,8.0,2025-10-10 12:08:00,227.8764,31.407699035151182,28.544692288617075,4,911.5056,219.900726,235.85207399999996,2025-10-10 15:59:00,224.62,WEEK_END_CLOSE,-13.02559999999994,-1.4290202934573282
ITW,2025-10-10 00:00:00,2025-10-13 00:00:00,0.0161290322580645,6.0,2025-10-13 09:46:00,245.46,50.812699628364,49.694606371323204,4,981.84,236.8689,254.0511,2025-10-17 15:59:00,249.4,WEEK_END_CLOSE,15.759999999999991,1.6051495151959472
CMCSA,2025-10-10 00:00:00,2025-10-13 00:00:00,0.0088402516480988,2.0,2025-10-13 09:47:00,29.545,52.24269642499572,49.03124932604774,33,974.985,28.510925,30.579075,2025-10-17 15:59:00,29.525,WEEK_END_CLOSE,-0.6600000000001032,-0.06769334912846148
FDX,2025-10-10 00:00:00,2025-10-13 00:00:00,0.0010748504397164,1.0,2025-10-13 09:50:00,228.515,61.07648578029985,52.79849838557396,4,914.06,220.51697499999997,236.51302499999997,2025-10-15 10:02:00,236.53,TAKE_PROFIT_GAP,32.06000000000006,3.507428396385359
KMI,2025-10-10 00:00:00,2025-10-13 00:00:00,0.0476741043102599,8.0,2025-10-13 09:50:00,27.1865,47.4522324357411,43.313811578956056,36,978.7139999999999,26.234972499999998,28.138027499999996,2025-10-17 15:59:00,27.38,WEEK_END_CLOSE,6.966000000000008,0.711750317253057
SLB,2025-10-10 00:00:00,2025-10-13 00:00:00,0.0211372184312895,7.0,2025-10-13 09:50:00,31.79,48.95250780227627,41.65754678808849,31,985.49,30.677349999999997,32.902649999999994,2025-10-15 09:39:00,32.902649999999994,TAKE_PROFIT,34.492149999999846,3.499999999999992
AON,2025-10-10 00:00:00,2025-10-13 00:00:00,0.0088888888888888,3.0,2025-10-13 09:59:00,357.85,48.078003365009884,45.413897528714145,2,715.7,345.32525,370.37475,2025-10-16 09:30:00,345.32525,STOP_LOSS,-25.04950000000008,-3.500000000000014
PLD,2025-10-10 00:00:00,2025-10-13 00:00:00,0.0097087378640776,4.0,2025-10-13 10:03:00,112.44,58.095917155556464,54.91066285140141,8,899.52,108.5046,116.37539999999998,2025-10-15 09:30:00,116.67,TAKE_PROFIT_GAP,33.84000000000003,3.7620064034151524
AJG,2025-10-10 00:00:00,2025-10-13 00:00:00,0.0526315789473684,9.0,2025-10-13 10:14:00,300.045,43.586672684018474,42.323767949948014,3,900.135,289.543425,310.546575,2025-10-16 09:30:00,287.27,STOP_LOSS_GAP,-38.3250000000001,-4.257694679131474
SO,2025-10-10 00:00:00,2025-10-13 00:00:00,0.0547020704915441,10.0,2025-10-13 10:16:00,97.565,49.2539788556121,48.615424091352686,10,975.65,94.15022499999999,100.97977499999999,2025-10-17 15:59:00,97.79,WEEK_END_CLOSE,2.2500000000000853,0.2306154871111632
PH,2025-10-10 00:00:00,2025-10-13 00:00:00,0.0146396396396396,5.0,2025-10-13 10:39:00,730.685,53.10383106964476,51.139364638798824,1,730.685,705.1110249999999,756.2589749999999,2025-10-17 15:59:00,733.67,WEEK_END_CLOSE,2.9850000000000136,0.40852077160473677
DLR,2025-10-13 00:00:00,2025-10-14 00:00:00,0.058083252662149,8.0,2025-10-14 09:50:00,170.27,51.04492306104729,50.83664191978126,5,851.35,164.31055,176.22944999999999,2025-10-15 10:01:00,176.22944999999999,TAKE_PROFIT,29.797249999999877,3.499999999999992
TEL,2025-10-13 00:00:00,2025-10-14 00:00:00,0.0294117647058823,7.0,2025-10-14 09:51:00,217.595,48.37368069932041,46.764065949184186,4,870.38,209.979175,225.21082499999997,2025-10-15 09:33:00,225.21082499999997,TAKE_PROFIT,30.46329999999989,3.499999999999992
PFE,2025-10-13 00:00:00,2025-10-14 00:00:00,0.0714133322989196,10.0,2025-10-14 09:52:00,24.66,49.71888159792597,45.03612951811987,40,986.4,23.7969,25.5231,2025-10-17 15:59:00,24.5199,WEEK_END_CLOSE,-5.604000000000013,-0.5681265206812669
APH,2025-10-13 00:00:00,2025-10-14 00:00:00,0.0196579830589739,4.0,2025-10-14 09:53:00,121.78,47.21798080416755,46.901359630124894,8,974.24,117.51769999999999,126.0423,2025-10-15 09:30:00,126.64,TAKE_PROFIT_GAP,38.879999999999995,3.9908030875349
SPGI,2025-10-13 00:00:00,2025-10-14 00:00:00,0.0245398773006134,6.0,2025-10-14 10:05:00,485.085,63.55617782912572,59.393363502219835,2,970.17,468.10702499999996,502.06297499999994,2025-10-17 15:59:00,473.17,WEEK_END_CLOSE,-23.829999999999927,-2.456270550522066
MCO,2025-10-13 00:00:00,2025-10-14 00:00:00,0.0204081632653061,5.0,2025-10-14 10:10:00,479.61,61.42596829962495,55.88047034216034,2,959.22,462.82365,496.39635,2025-10-17 15:59:00,470.97,WEEK_END_CLOSE,-17.279999999999973,-1.8014636892475067
WM,2025-10-14 00:00:00,2025-10-15 00:00:00,0.0650784427658338,10.0,2025-10-15 09:46:00,216.6607,38.45578914961629,38.16026425739144,4,866.6428,209.0775755,224.24382449999996,2025-10-17 15:59:00,215.48,WEEK_END_CLOSE,-4.7228000000000065,-0.5449534687186008
MO,2025-10-14 00:00:00,2025-10-15 00:00:00,0.0619495299356754,9.0,2025-10-15 10:00:00,65.62,61.88029711562078,60.67441263865821,15,984.3000000000001,63.3233,67.9167,2025-10-17 15:59:00,65.04,WEEK_END_CLOSE,-8.699999999999974,-0.883876866808897
TMO,2025-10-14 00:00:00,2025-10-15 00:00:00,0.0411568409343715,7.0,2025-10-15 10:20:00,530.825,53.46187854373619,52.0577945641991,1,530.825,512.246125,549.403875,2025-10-17 15:59:00,538.47,WEEK_END_CLOSE,7.644999999999982,1.4402109923232764
APD,2025-10-14 00:00:00,2025-10-15 00:00:00,0.0351351351351351,6.0,2025-10-15 10:28:00,262.965,45.31408561540024,45.23154601375744,3,788.895,253.76122499999997,272.1687749999999,2025-10-16 09:34:00,253.5932,STOP_LOSS_GAP,-28.115399999999937,-3.563896336014294
ECL,2025-10-14 00:00:00,2025-10-15 00:00:00,0.0084151472650771,4.0,2025-10-15 10:28:00,276.0665,63.132933732333115,57.714570662902744,3,828.1995000000001,266.4041725,285.7288275,2025-10-17 15:59:00,276.89,WEEK_END_CLOSE,2.4704999999999018,0.29829769276603635
DLR,2025-10-14 00:00:00,2025-10-15 00:00:00,0.0329218106995884,5.0,2025-10-15 11:00:00,176.7,66.78610873135904,56.161128671874344,5,883.5,170.51549999999997,182.88449999999997,2025-10-17 13:46:00,170.51549999999997,STOP_LOSS,-30.92250000000007,-3.500000000000003
WELL,2025-10-15 00:00:00,2025-10-16 00:00:00,0.0181818181818181,5.0,2025-10-16 09:55:00,173.02,51.76289341366349,50.27653959959385,5,865.1,166.9643,179.07569999999998,2025-10-17 15:59:00,175.11,WEEK_END_CLOSE,10.450000000000017,1.2079528378222237
SLB,2025-10-15 00:00:00,2025-10-16 00:00:00,0.0399877899877899,7.0,2025-10-16 09:57:00,32.65,51.062869875743345,47.40222470817989,30,979.5,31.50725,33.79275,2025-10-17 15:59:00,32.65,WEEK_END_CLOSE,0.0,0.0
JCI,2025-10-15 00:00:00,2025-10-16 00:00:00,0.0186781609195402,6.0,2025-10-16 09:58:00,110.335,45.56594859540805,45.4871139272883,9,993.015,106.47327499999999,114.19672499999999,2025-10-17 15:59:00,108.84,WEEK_END_CLOSE,-13.454999999999913,-1.3549644265192229
TJX,2025-10-15 00:00:00,2025-10-16 00:00:00,0.0415300546448087,8.0,2025-10-16 10:00:00,143.52,47.88536153801737,41.95097966526451,6,861.1200000000001,138.4968,148.5432,2025-10-17 15:59:00,143.85,WEEK_END_CLOSE,1.9799999999999045,0.22993311036787478
CRH,2025-10-15 00:00:00,2025-10-16 00:00:00,0.0149094781682641,3.0,2025-10-16 10:03:00,117.76,41.53521168240506,39.625532343136555,8,942.08,113.6384,121.88159999999999,2025-10-17 15:59:00,117.41,WEEK_END_CLOSE,-2.800000000000068,-0.2972146739130488
AJG,2025-10-15 00:00:00,2025-10-16 00:00:00,0.0434782608695652,9.0,2025-10-16 10:05:00,280.72,37.807894624433196,37.66074352660941,3,842.1600000000001,270.89480000000003,290.5452,2025-10-17 15:59:00,280.63,WEEK_END_CLOSE,-0.2700000000000955,-0.03206041607296539
EMR,2025-10-15 00:00:00,2025-10-16 00:00:00,0.0458715596330275,10.0,2025-10-16 10:15:00,130.0,52.705769202945156,48.493361994444484,7,910.0,125.45,134.54999999999998,2025-10-17 15:59:00,129.31,WEEK_END_CLOSE,-4.829999999999984,-0.5307692307692236
FDX,2025-10-15 00:00:00,2025-10-16 00:00:00,0.0018382352941176,1.0,2025-10-16 10:15:00,234.265,45.932563207609256,44.7908638859845,4,937.06,226.065725,242.46427499999996,2025-10-17 15:59:00,237.77,WEEK_END_CLOSE,14.020000000000095,1.4961688685890095
ICE,2025-10-15 00:00:00,2025-10-16 00:00:00,0.0168195718654434,4.0,2025-10-16 10:29:00,155.73,43.46200293268358,41.587057231742754,6,934.3799999999999,150.27945,161.18054999999998,2025-10-17 15:59:00,153.575,WEEK_END_CLOSE,-12.930000000000007,-1.3838053040518883
EQIX,2025-10-16 00:00:00,2025-10-17 00:00:00,0.0434782608695652,4.0,2025-10-17 09:45:00,810.42,43.52652959479877,41.318191138962206,1,810.42,782.0553,838.7846999999999,2025-10-17 15:59:00,813.86,WEEK_END_CLOSE,3.4400000000000546,0.4244712618148627
REGN,2025-10-16 00:00:00,2025-10-17 00:00:00,0.0607356715141146,9.0,2025-10-17 09:48:00,573.0,66.96880042514553,55.78455114445975,1,573.0,552.9449999999999,593.055,2025-10-17 15:59:00,578.25,WEEK_END_CLOSE,5.25,0.9162303664921545
QCOM,2025-10-16 00:00:00,2025-10-17 00:00:00,0.0557783273705188,8.0,2025-10-17 09:51:00,163.22,50.11787948716433,49.825103098935195,6,979.3199999999999,157.5073,168.93269999999998,2025-10-17 15:59:00,163.441,WEEK_END_CLOSE,1.3260000000000218,0.1354000735203975
MDT,2025-10-16 00:00:00,2025-10-17 00:00:00,0.0339285714285714,2.0,2025-10-17 10:14:00,95.365,53.361234717450806,52.27286601790117,10,953.65,92.02722499999999,98.70277499999999,2025-10-17 15:59:00,95.78,WEEK_END_CLOSE,4.1500000000000625,0.4351701357940607
BSX,2025-10-16 00:00:00,2025-10-17 00:00:00,0.0343915343915343,3.0,2025-10-17 10:27:00,98.93,63.12472209176467,60.866850634803036,10,989.3000000000001,95.46745,102.39255,2025-10-17 15:59:00,99.24,WEEK_END_CLOSE,3.0999999999998806,0.3133528757707449
AFL,2025-10-17 00:00:00,2025-10-20 00:00:00,0.0067796610169491,3.0,2025-10-20 09:45:00,108.0,54.592790418516024,47.1426680004432,9,972.0,104.22,111.77999999999999,2025-10-24 15:59:00,107.17,WEEK_END_CLOSE,-7.469999999999985,-0.7685185185185128
EQIX,2025-10-17 00:00:00,2025-10-20 00:00:00,0.0,1.0,2025-10-20 09:46:00,820.89,59.33356637951891,56.472082788594626,1,820.89,792.1588499999999,849.62115,2025-10-24 15:59:00,839.85,WEEK_END_CLOSE,18.960000000000036,2.3096882651756134
FDX,2025-10-17 00:00:00,2025-10-20 00:00:00,0.0468384074941452,8.0,2025-10-20 09:47:00,240.14,58.107766884304795,53.63529972400943,4,960.56,231.7351,248.54489999999996,2025-10-24 15:59:00,241.17,WEEK_END_CLOSE,4.1200000000000045,0.42891646539517936
ROST,2025-10-17 00:00:00,2025-10-20 00:00:00,0.0049875311720698,2.0,2025-10-20 09:50:00,157.15,53.97510631028624,52.237326099460354,6,942.9000000000001,151.64975,162.65025,2025-10-24 15:59:00,156.79,WEEK_END_CLOSE,-2.160000000000082,-0.22908049634108307
SPGI,2025-10-17 00:00:00,2025-10-20 00:00:00,0.0526315789473684,9.0,2025-10-20 09:56:00,473.93,48.37455211953635,48.30524776095456,2,947.86,457.34245,490.51754999999997,2025-10-24 10:46:00,490.51754999999997,TAKE_PROFIT,33.17509999999993,3.499999999999992
CRH,2025-10-17 00:00:00,2025-10-20 00:00:00,0.0285714285714285,6.0,2025-10-20 10:02:00,117.235,52.332613532110805,49.404949350994855,8,937.88,113.13177499999999,121.338225,2025-10-24 15:59:00,120.18,WEEK_END_CLOSE,23.56000000000006,2.512048449695059
DHR,2025-10-17 00:00:00,2025-10-20 00:00:00,0.0664804469273743,10.0,2025-10-20 10:07:00,209.7,51.253339147204905,50.92717637763545,4,838.8,202.36049999999997,217.03949999999998,2025-10-21 09:30:00,223.5,TAKE_PROFIT_GAP,55.200000000000045,6.580829756795437
CMCSA,2025-10-17 00:00:00,2025-10-20 00:00:00,0.0079268292682926,4.0,2025-10-20 10:13:00,29.505,54.44187909934285,50.817107430358,33,973.665,28.472324999999998,30.537674999999997,2025-10-24 15:59:00,29.27,WEEK_END_CLOSE,-7.754999999999981,-0.7964751736993736
MCO,2025-10-17 00:00:00,2025-10-20 00:00:00,0.0273722627737226,5.0,2025-10-20 10:21:00,472.82,53.58643432956082,53.15184829608688,2,945.64,456.2713,489.36869999999993,2025-10-24 13:25:00,489.39,TAKE_PROFIT_GAP,33.139999999999986,3.5045048855801397
PH,2025-10-17 00:00:00,2025-10-20 00:00:00,0.0389610389610389,7.0,2025-10-20 10:40:00,743.25,58.37257372102798,55.30301595493921,1,743.25,717.2362499999999,769.26375,2025-10-24 09:30:00,772.0,TAKE_PROFIT_GAP,28.75,3.8681466532122455
EMR,2025-10-20 00:00:00,2025-10-21 00:00:00,0.0261437908496732,3.0,2025-10-21 09:49:00,130.255,55.65656485529697,55.33675025456771,7,911.785,125.696075,134.81392499999998,2025-10-24 15:59:00,132.7,WEEK_END_CLOSE,17.114999999999952,1.8770872519288995
MDLZ,2025-10-20 00:00:00,2025-10-21 00:00:00,0.0483870967741935,5.0,2025-10-21 10:05:00,62.815,53.431186958217964,49.941726007477875,15,942.2249999999999,60.616474999999994,65.01352499999999,2025-10-24 15:19:00,60.616474999999994,STOP_LOSS,-32.977875000000054,-3.500000000000003
PFE,2025-10-20 00:00:00,2025-10-21 00:00:00,0.1167043618739903,10.0,2025-10-21 10:06:00,24.705,57.01101648133313,54.48743601355319,40,988.1999999999999,23.840324999999996,25.569674999999997,2025-10-24 15:59:00,24.775,WEEK_END_CLOSE,2.8000000000000114,0.2833434527423684
CI,2025-10-20 00:00:00,2025-10-21 00:00:00,0.0563663814796175,7.0,2025-10-21 10:08:00,305.495,52.14851130898961,50.25039675060956,3,916.485,294.802675,316.187325,2025-10-24 15:59:00,301.74,WEEK_END_CLOSE,-11.264999999999986,-1.229152686623347
ETN,2025-10-20 00:00:00,2025-10-21 00:00:00,0.0989345509893455,9.0,2025-10-21 10:13:00,373.4,47.884398796383,45.97398676207879,2,746.8,360.33099999999996,386.46899999999994,2025-10-22 10:23:00,360.33099999999996,STOP_LOSS,-26.138000000000034,-3.500000000000003
AMGN,2025-10-20 00:00:00,2025-10-21 00:00:00,0.020800627943485,2.0,2025-10-21 10:20:00,299.24,48.021973254550204,45.76277451624143,3,897.72,288.7666,309.7134,2025-10-24 15:59:00,291.85,WEEK_END_CLOSE,-22.16999999999996,-2.469589627055202
SNPS,2025-10-21 00:00:00,2025-10-22 00:00:00,0.1413489736070381,6.0,2025-10-22 09:46:00,461.23,64.21151426338733,63.92068874519578,2,922.46,445.08695,477.37305,2025-10-22 12:33:00,445.08695,STOP_LOSS,-32.28610000000003,-3.500000000000003
CSX,2025-10-21 00:00:00,2025-10-22 00:00:00,0.0256983240223463,2.0,2025-10-22 09:48:00,36.205,54.842091307496254,52.83905693510986,27,977.535,34.937825,37.47217499999999,2025-10-24 15:59:00,36.13,WEEK_END_CLOSE,-2.024999999999885,-0.20715370805136635
NSC,2025-10-21 00:00:00,2025-10-22 00:00:00,0.0898203592814371,3.0,2025-10-22 09:48:00,290.7,52.383428061311946,49.55934812968401,3,872.0999999999999,280.52549999999997,300.87449999999995,2025-10-24 12:38:00,280.52549999999997,STOP_LOSS,-30.52350000000007,-3.500000000000003
REGN,2025-10-21 00:00:00,2025-10-22 00:00:00,0.196,8.0,2025-10-22 09:50:00,580.855,53.23772196429065,52.5675937919535,1,580.855,560.525075,601.184925,2025-10-24 15:59:00,578.09,WEEK_END_CLOSE,-2.7649999999999864,-0.47602241523271305
TMUS,2025-10-21 00:00:00,2025-10-22 00:00:00,0.1537484116899618,7.0,2025-10-22 09:55:00,223.65,45.51402579421604,42.66129910462793,4,894.6,215.82225,231.47775,2025-10-23 12:08:00,215.82225,STOP_LOSS,-31.311000000000035,-3.500000000000003
QCOM,2025-10-21 00:00:00,2025-10-22 00:00:00,0.1321476381717345,4.0,2025-10-22 10:00:00,166.81,50.347533586984916,50.09720365921528,5,834.05,160.97165,172.64835,2025-10-24 15:59:00,168.951,WEEK_END_CLOSE,10.704999999999956,1.2834961932737698
JPM,2025-10-21 00:00:00,2025-10-22 00:00:00,0.2044504907200466,10.0,2025-10-22 10:01:00,296.565,45.54646997338022,41.53611149286873,3,889.6949999999999,286.185225,306.944775,2025-10-24 15:59:00,300.51,WEEK_END_CLOSE,11.83499999999998,1.3302311466288907
SNPS,2025-10-21 00:00:00,2025-10-22 00:00:00,0.1413489736070381,6.0,2025-10-22 12:42:00,454.21,44.92056502341413,44.57036409440639,2,908.42,438.31264999999996,470.10734999999994,2025-10-24 11:45:00,470.10734999999994,TAKE_PROFIT,31.79469999999992,3.499999999999992
KKR,2025-10-22 00:00:00,2025-10-23 00:00:00,0.0498090940645609,3.0,2025-10-23 09:48:00,123.525,52.563622302380494,51.19848759425152,8,988.2,119.201625,127.84837499999999,2025-10-24 15:59:00,121.2899,WEEK_END_CLOSE,-17.880800000000022,-1.8094312892127151
MRK,2025-10-22 00:00:00,2025-10-23 00:00:00,0.0796434169278996,6.0,2025-10-23 09:48:00,87.76,49.56206348556558,46.463434341862076,11,965.36,84.6884,90.8316,2025-10-24 15:59:00,87.47,WEEK_END_CLOSE,-3.190000000000069,-0.330446672743856
EOG,2025-10-22 00:00:00,2025-10-23 00:00:00,0.1122931442080378,9.0,2025-10-23 09:49:00,108.5,62.364469367006414,60.40960109382,9,976.5,104.7025,112.29749999999999,2025-10-24 15:59:00,106.38,WEEK_END_CLOSE,-19.08000000000004,-1.953917050691245
TFC,2025-10-22 00:00:00,2025-10-23 00:00:00,0.1341991341991342,10.0,2025-10-23 09:50:00,43.58,49.67394546498336,49.65215426423735,22,958.76,42.0547,45.10529999999999,2025-10-24 15:59:00,44.2,WEEK_END_CLOSE,13.6400000000001,1.4226709499770562
ABBV,2025-10-22 00:00:00,2025-10-23 00:00:00,0.0709745762711864,5.0,2025-10-23 09:59:00,228.16,45.31868333721652,44.37260742884908,4,912.64,220.1744,236.14559999999997,2025-10-24 15:59:00,228.0,WEEK_END_CLOSE,-0.6399999999999864,-0.07012622720897754
MO,2025-10-22 00:00:00,2025-10-23 00:00:00,0.0827175208581644,7.0,2025-10-23 10:02:00,64.36,54.612280588850545,50.14578989056696,15,965.4,62.1074,66.6126,2025-10-24 15:59:00,64.67,WEEK_END_CLOSE,4.650000000000034,0.48166563082661096
LOW,2025-10-23 00:00:00,2025-10-24 00:00:00,0.0761865112406328,5.0,2025-10-24 09:50:00,245.34,54.07588250186252,52.51319258523302,4,981.36,236.7531,253.9269,2025-10-24 15:59:00,242.72,WEEK_END_CLOSE,-10.480000000000018,-1.0679057634303435
MDT,2025-10-23 00:00:00,2025-10-24 00:00:00,0.0984427141268075,8.0,2025-10-24 10:00:00,94.51,52.632403288044465,48.799515838102,10,945.1,91.20215,97.81784999999999,2025-10-24 15:59:00,93.67,WEEK_END_CLOSE,-8.400000000000034,-0.8887948365252418
SO,2025-10-23 00:00:00,2025-10-24 00:00:00,0.0940860215053763,7.0,2025-10-24 10:05:00,96.19,49.48982326780577,42.156288266451845,10,961.9,92.82334999999999,99.55664999999999,2025-10-24 15:59:00,95.87,WEEK_END_CLOSE,-3.199999999999932,-0.33267491423224493
WFC,2025-10-23 00:00:00,2025-10-24 00:00:00,0.1185179937659393,10.0,2025-10-24 10:07:00,86.01,62.206467698735814,62.11415036555831,11,946.11,82.99965,89.02035,2025-10-24 15:59:00,86.41,WEEK_END_CLOSE,4.399999999999906,0.46506220206952165
KMI,2025-10-23 00:00:00,2025-10-24 00:00:00,0.0239255981399535,2.0,2025-10-24 10:53:00,26.135,45.6813529018237,45.04745955820502,38,993.1300000000001,25.220275,27.049725,2025-10-24 15:59:00,25.865,WEEK_END_CLOSE,-10.260000000000119,-1.033097378993697
DHR,2025-10-24 00:00:00,2025-10-27 00:00:00,0.1017811704834605,6.0,2025-10-27 09:47:00,223.23,51.716799570845986,50.49577146422608,4,892.92,215.41694999999999,231.04304999999997,2025-10-29 09:30:00,215.41694999999999,STOP_LOSS,-31.252200000000016,-3.500000000000003
MRK,2025-10-24 00:00:00,2025-10-27 00:00:00,0.1294170103667372,9.0,2025-10-27 09:47:00,87.44,51.24305061732678,48.54364422884459,11,961.8399999999999,84.3796,90.50039999999998,2025-10-30 09:30:00,84.3796,STOP_LOSS,-33.664400000000015,-3.500000000000003
TJX,2025-10-24 00:00:00,2025-10-27 00:00:00,0.0876002467612584,4.0,2025-10-27 09:50:00,142.385,48.71345110254865,46.30978203603925,7,996.6949999999999,137.401525,147.368475,2025-10-31 15:59:00,140.13,WEEK_END_CLOSE,-15.784999999999968,-1.5837342416687106
NEE,2025-10-24 00:00:00,2025-10-27 00:00:00,0.1059479553903345,7.0,2025-10-27 09:51:00,84.54,58.01505810997319,54.209582656545635,11,929.94,81.5811,87.4989,2025-10-28 09:30:00,87.52,TAKE_PROFIT_GAP,32.77999999999989,3.524958599479522
WMB,2025-10-24 00:00:00,2025-10-27 00:00:00,0.1325301204819277,10.0,2025-10-27 09:51:00,57.69,57.80146747099672,54.509263911474974,17,980.73,55.670849999999994,59.709149999999994,2025-10-31 15:59:00,57.88,WEEK_END_CLOSE,3.230000000000082,0.32934650719362857
BRK.B,2025-10-24 00:00:00,2025-10-27 00:00:00,0.1222594789785917,8.0,2025-10-27 09:57:00,489.29,44.714757092367506,41.92949112361547,2,978.58,472.16485,506.41515,2025-10-31 15:59:00,477.89,WEEK_END_CLOSE,-22.800000000000068,-2.3299065993582557
CMCSA,2025-10-24 00:00:00,2025-10-27 00:00:00,0.0062408223201174,2.0,2025-10-27 09:57:00,29.605,54.19196193224908,52.55940884490272,33,976.965,28.568825,30.641174999999997,2025-10-29 14:52:00,28.568825,STOP_LOSS,-34.193775,-3.500000000000003
FDX,2025-10-24 00:00:00,2025-10-27 00:00:00,0.0029899429192715,1.0,2025-10-27 09:57:00,245.46,53.56063001425471,51.28775327038348,4,981.84,236.8689,254.0511,2025-10-31 10:48:00,254.0511,TAKE_PROFIT,34.36439999999993,3.499999999999992
KKR,2025-10-24 00:00:00,2025-10-27 00:00:00,0.0729613733905579,3.0,2025-10-27 10:19:00,123.2,52.14169483290663,48.00529652564771,8,985.6,118.888,127.51199999999999,2025-10-29 09:30:00,118.888,STOP_LOSS,-34.49599999999998,-3.500000000000003
WBD,2025-10-24 00:00:00,2025-10-27 00:00:00,0.0949861263470349,5.0,2025-10-27 10:32:00,21.145,49.86552551913998,48.75056276398554,47,993.8149999999999,20.404925,21.885074999999997,2025-10-31 09:30:00,22.135,TAKE_PROFIT_GAP,46.53000000000009,4.681957909671319
ISRG,2025-10-27 00:00:00,2025-10-28 00:00:00,0.1264559068219634,5.0,2025-10-28 09:46:00,551.2,59.95366196630265,56.64734684205936,1,551.2,531.908,570.492,2025-10-30 12:35:00,531.908,STOP_LOSS,-19.29200000000003,-3.500000000000003
KMI,2025-10-27 00:00:00,2025-10-28 00:00:00,0.0922442941673711,4.0,2025-10-28 09:54:00,25.935,46.01461168538032,45.036570186039,38,985.53,25.027275,26.842724999999998,2025-10-31 15:59:00,26.19,WEEK_END_CLOSE,9.690000000000097,0.9832272990167867
HON,2025-10-27 00:00:00,2025-10-28 00:00:00,0.1384358009201171,6.0,2025-10-28 09:55:00,202.0782,49.36907010595653,48.82868128770596,4,808.3128,195.005463,209.150937,2025-10-31 15:59:00,201.35,WEEK_END_CLOSE,-2.912800000000061,-0.36035554552644733
HPE,2025-10-27 00:00:00,2025-10-28 00:00:00,0.0119565217391304,1.0,2025-10-28 10:03:00,23.82,48.41893672086364,48.28810390832804,41,976.62,22.9863,24.653699999999997,2025-10-28 15:06:00,24.653699999999997,TAKE_PROFIT,34.181699999999864,3.499999999999992
NEE,2025-10-27 00:00:00,2025-10-28 00:00:00,0.1864509851617611,10.0,2025-10-28 10:04:00,85.14,56.65625018070633,53.73778586489714,11,936.54,82.1601,88.11989999999999,2025-10-29 11:53:00,82.1601,STOP_LOSS,-32.77890000000001,-3.500000000000003
SO,2025-10-27 00:00:00,2025-10-28 00:00:00,0.024,2.0,2025-10-28 10:04:00,94.905,58.183902478848175,49.9129430070445,10,949.05,91.583325,98.226675,2025-10-31 15:59:00,94.055,WEEK_END_CLOSE,-8.499999999999943,-0.8956324745798327
BSX,2025-10-28 00:00:00,2025-10-29 00:00:00,0.068230277185501,7.0,2025-10-29 09:50:00,100.13,40.19793610556543,40.00607902645821,9,901.17,96.62544999999999,103.63454999999999,2025-10-31 15:59:00,100.73,WEEK_END_CLOSE,5.400000000000077,0.5992210126835262
AFL,2025-10-28 00:00:00,2025-10-29 00:00:00,0.0769230769230769,9.0,2025-10-29 09:57:00,106.15,48.27252412016806,47.05957940853452,9,955.35,102.43475000000001,109.86525,2025-10-31 15:59:00,107.2,WEEK_END_CLOSE,9.449999999999974,0.9891662741403628
BX,2025-10-28 00:00:00,2025-10-29 00:00:00,0.0768543342269883,8.0,2025-10-29 10:04:00,150.66,43.66544077160271,43.29898950656957,6,903.96,145.3869,155.9331,2025-10-31 12:56:00,145.3869,STOP_LOSS,-31.638599999999997,-3.500000000000003
HPE,2025-10-28 00:00:00,2025-10-29 00:00:00,0.0200380670402876,2.0,2025-10-29 10:04:00,24.355,45.415785379137475,42.10311400488079,41,998.5550000000001,23.502575,25.207424999999997,2025-10-31 15:59:00,24.42,WEEK_END_CLOSE,2.6650000000000524,0.26688564976391493
AMGN,2025-10-28 00:00:00,2025-10-29 00:00:00,0.0527823240589198,6.0,2025-10-29 10:08:00,292.27,60.49060265144426,55.90638212078394,3,876.81,282.04055,302.49944999999997,2025-10-31 15:59:00,298.4,WEEK_END_CLOSE,18.389999999999986,2.0973757142368266
CMCSA,2025-10-28 00:00:00,2025-10-29 00:00:00,0.0310434916244044,3.0,2025-10-29 14:57:00,28.595,42.18802599757118,40.120322809886915,34,972.23,27.594174999999996,29.595824999999998,2025-10-30 09:30:00,26.09,STOP_LOSS_GAP,-85.16999999999996,-8.760272774960654
CRH,2025-10-29 00:00:00,2025-10-30 00:00:00,0.0588235294117647,7.0,2025-10-30 09:48:00,117.64,53.892410021938936,46.55537710095682,8,941.12,113.5226,121.75739999999999,2025-10-31 15:59:00,119.1,WEEK_END_CLOSE,11.67999999999995,1.2410744644678617
CTAS,2025-10-29 00:00:00,2025-10-30 00:00:00,0.0344827586206896,4.0,2025-10-30 09:48:00,184.43,49.659398428364014,49.371809294392634,5,922.1500000000001,177.97495,190.88504999999998,2025-10-31 15:59:00,183.27,WEEK_END_CLOSE,-5.799999999999983,-0.6289649189394342
EMR,2025-10-29 00:00:00,2025-10-30 00:00:00,0.0519480519480519,5.0,2025-10-30 10:08:00,137.42,55.63701919943646,55.422109121008965,7,961.9399999999999,132.6103,142.22969999999998,2025-10-31 15:59:00,139.56,WEEK_END_CLOSE,14.980000000000103,1.5572696841799072
DHR,2025-10-29 00:00:00,2025-10-30 00:00:00,0.0640138408304498,8.0,2025-10-30 10:10:00,214.77,49.24211533943834,47.39879033122727,4,859.08,207.25305,222.28695,2025-10-31 15:59:00,215.38,WEEK_END_CLOSE,2.439999999999941,0.2840247706849208
SPGI,2025-10-29 00:00:00,2025-10-30 00:00:00,0.0568965517241379,6.0,2025-10-30 10:10:00,496.5941,60.22661940555028,59.830993089152614,2,993.1882,479.2133065,513.9748935,2025-10-31 15:59:00,487.08,WEEK_END_CLOSE,-19.028200000000083,-1.9158705268548348
ADP,2025-10-29 00:00:00,2025-10-30 00:00:00,0.0911411794740873,10.0,2025-10-30 10:16:00,261.23,49.94432145175113,49.65082828481692,3,783.69,252.08695,270.37305,2025-10-31 15:59:00,260.28,WEEK_END_CLOSE,-2.8500000000001364,-0.36366420395821386
DLR,2025-10-29 00:00:00,2025-10-30 00:00:00,0.0890052356020942,9.0,2025-10-30 10:17:00,170.95,57.502063007067775,53.60427659726067,5,854.75,164.96675,176.93325,2025-10-31 15:59:00,170.52,WEEK_END_CLOSE,-2.149999999999892,-0.2515355367066263
RTX,2025-10-30 00:00:00,2025-10-31 00:00:00,0.0158687896054103,2.0,2025-10-31 09:47:00,177.2275,44.1094868302123,40.90541086588189,5,886.1374999999999,171.02453749999998,183.43046249999998,2025-10-31 15:59:00,178.59,WEEK_END_CLOSE,6.812500000000057,0.7687858825520921
ADI,2025-10-30 00:00:00,2025-10-31 00:00:00,0.1023622047244094,8.0,2025-10-31 10:07:00,234.81,53.153342678146466,52.96974812967223,4,939.24,226.59165,243.02835,2025-10-31 15:59:00,234.13,WEEK_END_CLOSE,-2.7200000000000273,-0.28959584344789846
MDT,2025-10-30 00:00:00,2025-10-31 00:00:00,0.0392670157068062,3.0,2025-10-31 10:09:00,91.04,54.38432759363886,48.39634861013868,10,910.4000000000001,87.8536,94.2264,2025-10-31 15:59:00,90.7,WEEK_END_CLOSE,-3.400000000000034,-0.3734622144112465
CMCSA,2025-10-30 00:00:00,2025-10-31 00:00:00,0.0744332646381379,5.0,2025-10-31 10:11:00,27.059,45.52831909690117,45.471477952467964,36,974.124,26.111935,28.006065,2025-10-31 15:59:00,27.84,WEEK_END_CLOSE,28.115999999999957,2.8862855242248298
DASH,2025-10-30 00:00:00,2025-10-31 00:00:00,0.0479677226539151,4.0,2025-10-31 10:13:00,259.2,58.78041825238411,56.60276448796712,3,777.5999999999999,250.128,268.272,2025-10-31 15:59:00,254.36,WEEK_END_CLOSE,-14.519999999999925,-1.8672839506172711
PFE,2025-10-30 00:00:00,2025-10-31 00:00:00,0.0969076588311011,7.0,2025-10-31 10:31:00,24.4993,52.07631256379395,51.62715864589129,40,979.9720000000001,23.641824500000002,25.3567755,2025-10-31 15:59:00,24.65,WEEK_END_CLOSE,6.027999999999878,0.6151196156624739
T,2025-10-30 00:00:00,2025-10-31 00:00:00,0.1184003771213073,9.0,2025-10-31 10:51:00,24.905,57.24053438320683,56.82111006043469,40,996.2,24.033325,25.776675,2025-10-31 15:59:00,24.73,WEEK_END_CLOSE,-7.000000000000028,-0.7026701465569163
FDX,2025-10-30 00:00:00,2025-10-31 00:00:00,0.0022742040285899,1.0,2025-10-31 11:19:00,253.83,63.77569493022812,63.62296927940489,3,761.49,244.94595,262.71405,2025-10-31 15:59:00,253.93,WEEK_END_CLOSE,0.29999999999998295,0.03939644644053164
DHR,2025-10-31 00:00:00,2025-11-03 00:00:00,0.0634146341463414,4.0,2025-11-03 09:46:00,213.59,45.026275339113944,43.665239776958636,4,854.36,206.11435,221.06564999999998,2025-11-07 15:59:00,209.95,WEEK_END_CLOSE,-14.56000000000006,-1.704199634814374
EMR,2025-10-31 00:00:00,2025-11-03 00:00:00,0.0952380952380952,6.0,2025-11-03 09:55:00,138.71,49.81524102872908,48.37004698384616,7,970.97,133.85515,143.56485,2025-11-05 09:30:00,129.49,STOP_LOSS_GAP,-64.53999999999999,-6.646961286136543
CME,2025-10-31 00:00:00,2025-11-03 00:00:00,0.0454545454545454,3.0,2025-11-03 09:59:00,262.19,41.53924130924368,40.832295529607826,3,786.5699999999999,253.01335,271.36665,2025-11-06 11:41:00,271.36665,TAKE_PROFIT,27.529949999999985,3.499999999999992
BSX,2025-10-31 00:00:00,2025-11-03 00:00:00,0.0654205607476635,5.0,2025-11-03 10:00:00,99.12,45.04848368178693,41.832376594447005,10,991.2,95.6508,102.58919999999999,2025-11-07 15:59:00,100.0,WEEK_END_CLOSE,8.799999999999955,0.8878127522195189
T,2025-10-31 00:00:00,2025-11-03 00:00:00,0.1281776826331281,8.0,2025-11-03 10:00:00,24.2161,39.90917591150622,34.265255785956754,41,992.8601,23.3685365,25.0636635,2025-11-07 11:14:00,25.0636635,TAKE_PROFIT,34.75010349999999,3.499999999999992
FDX,2025-10-31 00:00:00,2025-11-03 00:00:00,0.0028885037550548,1.0,2025-11-03 10:01:00,251.885,47.864316093685005,45.969051074459806,3,755.655,243.06902499999998,260.70097499999997,2025-11-06 09:32:00,260.70097499999997,TAKE_PROFIT,26.44792499999994,3.499999999999992
SO,2025-10-31 00:00:00,2025-11-03 00:00:00,0.096629213483146,7.0,2025-11-03 10:03:00,92.52,44.26745180989993,38.727606155544464,10,925.1999999999999,89.28179999999999,95.75819999999999,2025-11-07 15:59:00,91.44,WEEK_END_CLOSE,-10.799999999999983,-1.1673151750972721
PGR,2025-10-31 00:00:00,2025-11-03 00:00:00,0.131578947368421,9.0,2025-11-03 10:06:00,201.24,36.94727699484624,36.094008717089615,4,804.96,194.1966,208.2834,2025-11-04 14:26:00,208.2834,TAKE_PROFIT,28.173599999999965,3.499999999999992
HPE,2025-10-31 00:00:00,2025-11-03 00:00:00,0.037108744756373,2.0,2025-11-03 10:08:00,24.585,53.36755194817881,52.241240044805295,40,983.4000000000001,23.724525,25.445475,2025-11-04 09:33:00,23.724525,STOP_LOSS,-34.41900000000004,-3.500000000000003
ETN,2025-10-31 00:00:00,2025-11-03 00:00:00,0.136986301369863,10.0,2025-11-03 10:19:00,380.59,45.8924457826472,45.66564114970435,2,761.18,367.26935,393.9106499999999,2025-11-04 09:30:00,360.63,STOP_LOSS_GAP,-39.91999999999996,-5.244488819990012
LIN,2025-11-03 00:00:00,2025-11-04 00:00:00,0.0411764705882352,4.0,2025-11-04 09:46:00,416.425,58.487489962583254,54.28678444204254,2,832.85,401.850125,430.999875,2025-11-07 15:59:00,420.5,WEEK_END_CLOSE,8.149999999999977,0.9785675691901252
USB,2025-11-03 00:00:00,2025-11-04 00:00:00,0.1012929767962893,7.0,2025-11-04 09:46:00,46.46,52.02641365955346,49.562503334352776,21,975.66,44.8339,48.086099999999995,2025-11-07 15:59:00,47.315,WEEK_END_CLOSE,17.954999999999934,1.8402927249246526
NSC,2025-11-03 00:00:00,2025-11-04 00:00:00,0.1032608695652173,8.0,2025-11-04 09:47:00,281.31,45.510709280222166,43.15896616877872,3,843.9300000000001,271.46415,291.15585,2025-11-07 15:59:00,284.25,WEEK_END_CLOSE,8.819999999999993,1.045110376453029
CSCO,2025-11-03 00:00:00,2025-11-04 00:00:00,0.1295974674246876,10.0,2025-11-04 09:48:00,73.4,48.74918836635527,47.79121099650075,13,954.2,70.831,75.969,2025-11-06 12:16:00,70.831,STOP_LOSS,-33.397000000000034,-3.500000000000003
CMCSA,2025-11-03 00:00:00,2025-11-04 00:00:00,0.0887449108398295,6.0,2025-11-04 09:51:00,27.125,57.110671594162824,51.079900218330266,36,976.5,26.175625,28.074374999999996,2025-11-07 15:59:00,27.345,WEEK_END_CLOSE,7.919999999999959,0.8110599078340996
PCAR,2025-11-03 00:00:00,2025-11-04 00:00:00,0.0520951302378255,5.0,2025-11-04 09:54:00,96.38,34.754503881470086,34.70384909575338,10,963.8,93.0067,99.75329999999998,2025-11-05 12:11:00,99.75329999999998,TAKE_PROFIT,33.73299999999986,3.499999999999992
AJG,2025-11-03 00:00:00,2025-11-04 00:00:00,0.0390243902439024,3.0,2025-11-04 09:55:00,245.25,61.086643517267596,57.37172478420526,4,981.0,236.66625,253.83374999999998,2025-11-07 15:59:00,250.0,WEEK_END_CLOSE,19.0,1.9367991845055998
DUK,2025-11-03 00:00:00,2025-11-04 00:00:00,0.1242840778923253,9.0,2025-11-04 09:56:00,124.07,54.091029034829134,53.816263214725424,8,992.56,119.72755,128.41244999999998,2025-11-07 15:59:00,123.64,WEEK_END_CLOSE,-3.439999999999941,-0.34657854437011304
JCI,2025-11-03 00:00:00,2025-11-04 00:00:00,0.0300965360590573,2.0,2025-11-04 09:58:00,111.765,43.4345052674472,39.555023119341165,8,894.12,107.853225,115.67677499999999,2025-11-05 09:30:00,120.925,TAKE_PROFIT_GAP,73.27999999999997,8.195767905873929
AMT,2025-11-04 00:00:00,2025-11-05 00:00:00,0.0189155107187894,1.0,2025-11-05 09:53:00,181.18,52.43017657436777,52.18747315461512,5,905.9000000000001,174.8387,187.5213,2025-11-07 15:59:00,177.92,WEEK_END_CLOSE,-16.300000000000097,-1.799315597748108
AON,2025-11-04 00:00:00,2025-11-05 00:00:00,0.1,8.0,2025-11-05 10:04:00,344.365,56.179107606554716,55.65051414852343,2,688.73,332.312225,356.417775,2025-11-07 15:59:00,346.37,WEEK_END_CLOSE,4.009999999999991,0.5822310629709726
APD,2025-11-04 00:00:00,2025-11-05 00:00:00,0.0960365853658536,7.0,2025-11-05 10:04:00,239.555,48.81660757011528,47.87374074359601,4,958.22,231.17057499999999,247.939425,2025-11-06 09:30:00,249.39,TAKE_PROFIT_GAP,39.33999999999992,4.105529001690633
PM,2025-11-04 00:00:00,2025-11-05 00:00:00,0.1171066672943726,9.0,2025-11-05 10:07:00,148.42,56.33163870383721,56.27520195153784,6,890.52,143.22529999999998,153.61469999999997,2025-11-07 15:59:00,153.4,WEEK_END_CLOSE,29.88000000000011,3.3553429456946615
MSI,2025-11-04 00:00:00,2025-11-05 00:00:00,0.0730994152046783,6.0,2025-11-05 10:15:00,392.6,50.05390506681462,47.20248617638812,2,785.2,378.85900000000004,406.341,2025-11-07 15:59:00,390.685,WEEK_END_CLOSE,-3.830000000000041,-0.48777381558838817
HLT,2025-11-04 00:00:00,2025-11-05 00:00:00,0.1214337046352856,10.0,2025-11-05 10:20:00,261.38,58.52108345272293,57.02232918311785,3,784.14,252.2317,270.5283,2025-11-07 12:32:00,270.5283,TAKE_PROFIT,27.44490000000002,3.499999999999992
ICE,2025-11-04 00:00:00,2025-11-05 00:00:00,0.06,5.0,2025-11-05 10:59:00,148.15,48.819003293107144,48.09609105733905,6,888.9000000000001,142.96475,153.33525,2025-11-07 15:59:00,149.01,WEEK_END_CLOSE,5.159999999999911,0.5804927438406882
KMI,2025-11-05 00:00:00,2025-11-06 00:00:00,0.0442279740026135,4.0,2025-11-06 09:56:00,26.159,54.43309248842292,50.531402568339296,38,994.0419999999999,25.243434999999998,27.074564999999996,2025-11-07 15:59:00,26.56,WEEK_END_CLOSE,15.237999999999992,1.5329332161015286
RSG,2025-11-05 00:00:00,2025-11-06 00:00:00,0.054054054054054,6.0,2025-11-06 10:02:00,204.08,42.91802222047102,37.333737557613276,4,816.32,196.93720000000002,211.2228,2025-11-07 15:59:00,205.64,WEEK_END_CLOSE,6.239999999999895,0.7644061152489057
FDX,2025-11-05 00:00:00,2025-11-06 00:00:00,0.012215987000176,1.0,2025-11-06 10:05:00,259.466,49.932577559207566,49.51439662908164,3,778.398,250.38469,268.54731,2025-11-07 15:59:00,262.1,WEEK_END_CLOSE,7.902000000000044,1.015161909460205
BX,2025-11-05 00:00:00,2025-11-06 00:00:00,0.1227415038125536,9.0,2025-11-06 10:11:00,143.5,52.151575186822896,49.47310370612579,6,861.0,138.4775,148.52249999999998,2025-11-07 15:59:00,145.97,WEEK_END_CLOSE,14.819999999999993,1.721254355400692
ECL,2025-11-06 00:00:00,2025-11-07 00:00:00,0.0833333333333333,7.0,2025-11-07 09:45:00,253.63,49.34906547746548,46.547612216754175,3,760.89,244.75295,262.50705,2025-11-07 15:59:00,256.13,WEEK_END_CLOSE,7.5,0.985687812955871
GD,2025-11-06 00:00:00,2025-11-07 00:00:00,0.0921434689060182,9.0,2025-11-07 09:45:00,341.12,55.24893502874599,50.904917076672064,2,682.24,329.1808,353.0592,2025-11-07 15:59:00,346.41,WEEK_END_CLOSE,10.580000000000041,1.5507739212007543
ADP,2025-11-06 00:00:00,2025-11-07 00:00:00,0.0829895847592489,6.0,2025-11-07 09:48:00,254.175,58.727040572712774,57.555101831709294,3,762.5250000000001,245.278875,263.071125,2025-11-07 15:59:00,254.26,WEEK_END_CLOSE,0.2549999999999386,0.033441526507327346
TT,2025-11-06 00:00:00,2025-11-07 00:00:00,0.0166270783847981,1.0,2025-11-07 09:56:00,427.835,44.32860985193914,43.11932407742825,2,855.67,412.860775,442.80922499999997,2025-11-07 15:59:00,434.37,WEEK_END_CLOSE,13.07000000000005,1.5274580153563866
SYK,2025-11-06 00:00:00,2025-11-07 00:00:00,0.0663265306122449,3.0,2025-11-07 10:03:00,356.635,60.15149515349939,53.438620943518046,2,713.27,344.15277499999996,369.11722499999996,2025-11-07 15:59:00,356.06,WEEK_END_CLOSE,-1.1499999999999773,-0.16122926801912518
MO,2025-11-06 00:00:00,2025-11-07 00:00:00,0.0749766517832097,4.0,2025-11-07 10:06:00,57.455,54.10544603260088,48.8435527196125,17,976.735,55.444075,59.46592499999999,2025-11-07 15:59:00,58.02,WEEK_END_CLOSE,9.605000000000082,0.9833782960577908
ACN,2025-11-06 00:00:00,2025-11-07 00:00:00,0.0799516323952714,5.0,2025-11-07 10:07:00,242.33,51.4193418827569,43.03566306634997,4,969.32,233.84845,250.81154999999998,2025-11-07 15:59:00,245.78,WEEK_END_CLOSE,13.799999999999955,1.4236784549993775
SHW,2025-11-06 00:00:00,2025-11-07 00:00:00,0.0884955752212389,8.0,2025-11-07 10:21:00,339.175,56.01648955007925,55.51006802477465,2,678.35,327.303875,351.04612499999996,2025-11-07 15:59:00,340.24,WEEK_END_CLOSE,2.1299999999999955,0.31399719908602464
BSX,2025-11-07 00:00:00,2025-11-10 00:00:00,0.0650454899684093,7.0,2025-11-10 09:45:00,99.54,48.63947315448643,44.39574626632644,10,995.4000000000001,96.0561,103.0239,2025-11-12 09:36:00,103.0239,TAKE_PROFIT,34.83899999999991,3.499999999999992
CMCSA,2025-11-07 00:00:00,2025-11-10 00:00:00,0.0939140212864298,10.0,2025-11-10 09:45:00,27.3799,55.228012561205034,53.39463751848799,36,985.6764,26.4216035,28.3381965,2025-11-14 15:59:00,27.51,WEEK_END_CLOSE,4.683600000000084,0.47516608899229595
ROST,2025-11-07 00:00:00,2025-11-10 00:00:00,0.0910334584115071,9.0,2025-11-10 09:45:00,160.905,48.144152157702145,47.350853473792476,6,965.4300000000001,155.273325,166.536675,2025-11-14 15:59:00,160.57,WEEK_END_CLOSE,-2.0100000000000477,-0.20819738354930228
SYK,2025-11-07 00:00:00,2025-11-10 00:00:00,0.0158371040723981,3.0,2025-11-10 09:45:00,353.62,48.20749847612625,43.56856305032771,2,707.24,341.2433,365.9967,2025-11-12 09:47:00,365.9967,TAKE_PROFIT,24.753399999999942,3.499999999999992
KMI,2025-11-07 00:00:00,2025-11-10 00:00:00,0.0588377780374864,6.0,2025-11-10 09:47:00,26.585,52.73363600150769,49.18752183838983,37,983.645,25.654525,27.515475,2025-11-14 15:59:00,27.42,WEEK_END_CLOSE,30.89500000000003,3.1408689110400623
FDX,2025-11-07 00:00:00,2025-11-10 00:00:00,0.011187573640606,1.0,2025-11-10 09:51:00,258.62,48.3820713470031,40.08971327554647,3,775.86,249.5683,267.6717,2025-11-11 13:39:00,267.6717,TAKE_PROFIT,27.155099999999948,3.499999999999992
MCO,2025-11-07 00:00:00,2025-11-10 00:00:00,0.0253164556962025,4.0,2025-11-10 09:55:00,484.1,50.385628675420975,46.52840019244497,2,968.2,467.1565,501.0435,2025-11-14 15:59:00,479.36,WEEK_END_CLOSE,-9.480000000000018,-0.9791365420367737
JCI,2025-11-07 00:00:00,2025-11-10 00:00:00,0.0457809694793536,5.0,2025-11-10 10:04:00,122.64,49.912042363546334,49.51694584446292,8,981.12,118.3476,126.93239999999999,2025-11-14 09:30:00,118.3476,STOP_LOSS,-34.339200000000005,-3.500000000000003
AON,2025-11-07 00:00:00,2025-11-10 00:00:00,0.0707964601769911,8.0,2025-11-10 10:10:00,344.19,59.3723372521316,50.541501190476694,2,688.38,332.14335,356.23665,2025-11-14 15:59:00,350.14,WEEK_END_CLOSE,11.899999999999977,1.7286963595688487
MSI,2025-11-07 00:00:00,2025-11-10 00:00:00,0.0131578947368421,2.0,2025-11-10 10:18:00,392.555,54.34989112152879,53.494068701315506,2,785.11,378.81557499999997,406.294425,2025-11-14 09:39:00,378.81557499999997,STOP_LOSS,-27.47885000000008,-3.500000000000014
SPGI,2025-11-10 00:00:00,2025-11-11 00:00:00,0.0972915236133364,6.0,2025-11-11 09:46:00,496.36,60.83712913713296,59.80500672332403,2,992.72,478.9874,513.7325999999999,2025-11-14 15:59:00,493.89,WEEK_END_CLOSE,-4.940000000000055,-0.4976226932065453
PNC,2025-11-10 00:00:00,2025-11-11 00:00:00,0.1060074690527193,7.0,2025-11-11 09:47:00,184.98,47.76472335773342,45.27582003100536,5,924.9,178.5057,191.45429999999996,2025-11-14 15:59:00,184.04,WEEK_END_CLOSE,-4.699999999999989,-0.5081630446534757
ITW,2025-11-10 00:00:00,2025-11-11 00:00:00,0.2,10.0,2025-11-11 09:48:00,245.055,56.162027088621215,49.6901895953224,4,980.22,236.478075,253.631925,2025-11-14 15:59:00,244.08,WEEK_END_CLOSE,-3.8999999999999773,-0.39786986594846363
LIN,2025-11-10 00:00:00,2025-11-11 00:00:00,0.1421319796954314,8.0,2025-11-11 09:49:00,424.3345,61.152385575053216,60.54602939771699,2,848.669,409.48279249999996,439.18620749999997,2025-11-14 15:59:00,423.27,WEEK_END_CLOSE,-2.129000000000019,-0.25086341082329877
DUK,2025-11-10 00:00:00,2025-11-11 00:00:00,0.1664684898929845,9.0,2025-11-11 09:50:00,122.86,47.33689933594223,44.32594536383546,8,982.88,118.5599,127.16009999999999,2025-11-14 15:59:00,122.715,WEEK_END_CLOSE,-1.1599999999999682,-0.11802051115089585
ALL,2025-11-10 00:00:00,2025-11-11 00:00:00,0.06184012066365,5.0,2025-11-11 10:13:00,205.5244,52.62316459222968,51.62490454134055,4,822.0976,198.33104600000001,212.71775399999999,2025-11-14 09:30:00,212.71775399999999,TAKE_PROFIT,28.773415999999884,3.499999999999992
ELV,2025-11-10 00:00:00,2025-11-11 00:00:00,0.0580498866213151,4.0,2025-11-11 10:20:00,307.5585,60.395182008141745,59.28848730379142,3,922.6754999999999,296.7939525,318.3230475,2025-11-12 09:33:00,318.3230475,TAKE_PROFIT,32.293642499999976,3.499999999999992
FDX,2025-11-10 00:00:00,2025-11-11 00:00:00,0.0451485668163004,2.0,2025-11-11 13:51:00,268.18,62.77486283809626,62.74226372131396,3,804.54,258.7937,277.5663,2025-11-14 15:59:00,267.51,WEEK_END_CLOSE,-2.0100000000000477,-0.24983220225222036
ICE,2025-11-11 00:00:00,2025-11-12 00:00:00,0.0947368421052631,6.0,2025-11-12 09:47:00,152.735,60.517797176018206,59.88585916099947,6,916.4100000000001,147.389275,158.080725,2025-11-14 15:59:00,152.08,WEEK_END_CLOSE,-3.930000000000007,-0.42884734998527296
ORLY,2025-11-11 00:00:00,2025-11-12 00:00:00,0.1413690476190476,10.0,2025-11-12 09:49:00,98.49,43.44842946525741,42.760401069524995,10,984.9,95.04284999999999,101.93714999999999,2025-11-14 15:59:00,98.795,WEEK_END_CLOSE,3.050000000000068,0.30967610924967914
WELL,2025-11-11 00:00:00,2025-11-12 00:00:00,0.0493358633776091,3.0,2025-11-12 09:51:00,191.665,48.269241055222956,46.45248248875983,5,958.3249999999999,184.95672499999998,198.37327499999998,2025-11-14 15:59:00,193.93,WEEK_END_CLOSE,11.325000000000074,1.1817494065165857
SYK,2025-11-11 00:00:00,2025-11-12 00:00:00,0.1339285714285714,8.0,2025-11-12 09:58:00,366.035,58.885737070136656,57.053588854942596,2,732.07,353.223775,378.846225,2025-11-14 15:59:00,362.21,WEEK_END_CLOSE,-7.650000000000091,-1.0449820372368857
MPWR,2025-11-11 00:00:00,2025-11-12 00:00:00,0.1128526645768025,7.0,2025-11-12 10:08:00,977.49,57.336241926109274,56.480612429009355,1,977.49,943.27785,1011.70215,2025-11-13 09:44:00,942.43,STOP_LOSS_GAP,-35.06000000000006,-3.586737460229783
TT,2025-11-11 00:00:00,2025-11-12 00:00:00,0.0215827338129496,2.0,2025-11-12 10:49:00,428.24,55.963830523032854,55.80016953261537,2,856.48,413.2516,443.22839999999997,2025-11-14 09:30:00,410.73,STOP_LOSS_GAP,-35.01999999999998,-4.0888286941901715
PWR,2025-11-12 00:00:00,2025-11-13 00:00:00,0.0935251798561151,8.0,2025-11-13 09:47:00,444.29,40.66069767149111,39.696701101128454,2,888.58,428.73985,459.84015,2025-11-13 14:02:00,428.73985,STOP_LOSS,-31.10030000000006,-3.500000000000003
TEL,2025-11-12 00:00:00,2025-11-13 00:00:00,0.0527225583405358,3.0,2025-11-13 09:50:00,244.54,44.768192925226565,44.68175047791322,4,978.16,235.9811,253.0989,2025-11-13 14:14:00,235.9811,STOP_LOSS,-34.23559999999998,-3.500000000000003
DLR,2025-11-12 00:00:00,2025-11-13 00:00:00,0.0901206636500754,7.0,2025-11-13 09:51:00,161.365,43.91155374788804,42.83876691375825,6,968.19,155.717225,167.012775,2025-11-14 15:59:00,158.25,WEEK_END_CLOSE,-18.690000000000055,-1.9304062219192564
NSC,2025-11-12 00:00:00,2025-11-13 00:00:00,0.0646153846153846,4.0,2025-11-13 09:58:00,285.68,44.06479029026061,37.71257235850214,3,857.04,275.6812,295.67879999999997,2025-11-14 15:59:00,284.0,WEEK_END_CLOSE,-5.0400000000000205,-0.588070568468213
RSG,2025-11-12 00:00:00,2025-11-13 00:00:00,0.1176470588235294,10.0,2025-11-13 10:11:00,207.29,57.80654778424002,54.8846617476671,4,829.16,200.03484999999998,214.54514999999998,2025-11-14 15:59:00,209.82,WEEK_END_CLOSE,10.120000000000005,1.220512325727241
PWR,2025-11-12 00:00:00,2025-11-13 00:00:00,0.0935251798561151,8.0,2025-11-13 14:09:00,428.17,33.1015723086456,31.751446933290943,2,856.34,413.18405,443.15594999999996,2025-11-14 15:59:00,429.39,WEEK_END_CLOSE,2.439999999999941,0.2849335544293119
TEL,2025-11-12 00:00:00,2025-11-13 00:00:00,0.0527225583405358,3.0,2025-11-13 14:18:00,236.48,41.18495197502561,39.453589641180756,4,945.92,228.20319999999998,244.75679999999997,2025-11-14 15:59:00,237.31,WEEK_END_CLOSE,3.32000000000005,0.3509810554803927
ECL,2025-11-13 00:00:00,2025-11-14 00:00:00,0.1428571428571428,10.0,2025-11-14 09:47:00,260.87,45.44202076354494,43.89231302628462,3,782.61,251.73955,270.00045,2025-11-14 15:59:00,258.58,WEEK_END_CLOSE,-6.870000000000061,-0.8778318702802212
TFC,2025-11-13 00:00:00,2025-11-14 00:00:00,0.0803511141120864,7.0,2025-11-14 09:49:00,44.52,41.821726141908144,41.804314343020856,22,979.44,42.961800000000004,46.0782,2025-11-14 15:59:00,44.86,WEEK_END_CLOSE,7.479999999999919,0.7637017070979191
MSI,2025-11-13 00:00:00,2025-11-14 00:00:00,0.0055197792088316,1.0,2025-11-14 10:00:00,378.79,44.645270336435885,40.20607618282555,2,757.58,365.53235,392.04765,2025-11-14 15:59:00,379.88,WEEK_END_CLOSE,2.17999999999995,0.2877583885530166
ALL,2025-11-13 00:00:00,2025-11-14 00:00:00,0.1155378486055776,9.0,2025-11-14 10:02:00,212.19,51.933591557197104,50.19394845507173,4,848.76,204.76335,219.61665,2025-11-14 15:59:00,214.37,WEEK_END_CLOSE,8.720000000000027,1.0273811206937156
SPGI,2025-11-14 00:00:00,2025-11-17 00:00:00,0.040078950423778,1.0,2025-11-17 09:46:00,491.19,37.65892688016798,33.04211589775471,2,982.38,473.99834999999996,508.38165,2025-11-21 15:59:00,493.79,WEEK_END_CLOSE,5.2000000000000455,0.5293267371078381
PFE,2025-11-14 00:00:00,2025-11-17 00:00:00,0.1564222004077016,10.0,2025-11-17 09:49:00,25.1842,48.59044814981647,48.417433128300885,39,982.1838,24.302753,26.065647,2025-11-20 12:38:00,24.302753,STOP_LOSS,-34.376433000000056,-3.500000000000003
ADI,2025-11-14 00:00:00,2025-11-17 00:00:00,0.1171971084100856,7.0,2025-11-17 09:50:00,232.84,46.64417540913919,43.913233175732174,4,931.36,224.6906,240.9894,2025-11-20 15:53:00,224.6906,STOP_LOSS,-32.59760000000006,-3.500000000000003
MRK,2025-11-14 00:00:00,2025-11-17 00:00:00,0.1284907397303669,8.0,2025-11-17 09:51:00,93.08,43.25439985009446,41.6887446122682,10,930.8,89.8222,96.33779999999999,2025-11-18 10:06:00,96.33779999999999,TAKE_PROFIT,32.57799999999989,3.499999999999992
T,2025-11-14 00:00:00,2025-11-17 00:00:00,0.092889524865612,4.0,2025-11-17 09:52:00,25.63,53.65954600776656,47.47514800470363,39,999.5699999999999,24.73295,26.527049999999996,2025-11-21 15:59:00,25.955,WEEK_END_CLOSE,12.674999999999972,1.2680452594615588
TT,2025-11-14 00:00:00,2025-11-17 00:00:00,0.0789473684210526,3.0,2025-11-17 09:52:00,417.26,51.24299021009385,44.16637289855982,2,834.52,402.6559,431.86409999999995,2025-11-20 12:35:00,402.6559,STOP_LOSS,-29.208200000000033,-3.500000000000003
AON,2025-11-14 00:00:00,2025-11-17 00:00:00,0.06,2.0,2025-11-17 09:54:00,348.99,52.004480021535336,48.31251623133965,2,697.98,336.77535,361.20464999999996,2025-11-21 15:59:00,346.54,WEEK_END_CLOSE,-4.899999999999977,-0.7020258460127771
PCAR,2025-11-14 00:00:00,2025-11-17 00:00:00,0.1530054644808743,9.0,2025-11-17 09:54:00,95.715,53.654668677218424,49.90571561931055,10,957.1500000000001,92.364975,99.06502499999999,2025-11-20 10:23:00,99.06502499999999,TAKE_PROFIT,33.50024999999988,3.499999999999992
AMT,2025-11-14 00:00:00,2025-11-17 00:00:00,0.1024390243902439,6.0,2025-11-17 09:58:00,182.52,52.32857110506621,50.88342498067756,5,912.6,176.1318,188.9082,2025-11-21 15:59:00,179.58,WEEK_END_CLOSE,-14.699999999999989,-1.6107823800131427
BSX,2025-11-14 00:00:00,2025-11-17 00:00:00,0.0973456319990973,5.0,2025-11-17 10:29:00,102.375,46.79036147906287,46.63316176075068,9,921.375,98.79187499999999,105.958125,2025-11-19 09:30:00,98.79187499999999,STOP_LOSS,-32.24812500000009,-3.500000000000014
CRH,2025-11-17 00:00:00,2025-11-18 00:00:00,0.0543478260869565,3.0,2025-11-18 09:45:00,109.245,55.48672289373876,50.33041462377162,9,983.205,105.421425,113.068575,2025-11-21 15:59:00,110.14,WEEK_END_CLOSE,8.054999999999964,0.8192594626756255
FDX,2025-11-17 00:00:00,2025-11-18 00:00:00,0.0597560975609756,4.0,2025-11-18 09:45:00,263.45,51.878979524572024,50.64027933539314,3,790.3499999999999,254.22924999999998,272.67074999999994,2025-11-21 15:59:00,269.43,WEEK_END_CLOSE,17.940000000000055,2.2698804327196953
GM,2025-11-17 00:00:00,2025-11-18 00:00:00,0.119677909870058,7.0,2025-11-18 09:45:00,67.635,51.82070451621156,48.60806517078336,14,946.8900000000001,65.267775,70.002225,2025-11-21 11:29:00,70.002225,TAKE_PROFIT,33.14114999999987,3.499999999999992
CVS,2025-11-17 00:00:00,2025-11-18 00:00:00,0.121101856326577,8.0,2025-11-18 09:46:00,78.035,49.73226397432332,44.22903208553614,12,936.42,75.30377499999999,80.76622499999999,2025-11-21 15:59:00,78.04,WEEK_END_CLOSE,0.06000000000011596,0.006407381303263904
DHR,2025-11-17 00:00:00,2025-11-18 00:00:00,0.1175492453312867,6.0,2025-11-18 09:53:00,221.45,57.76369459410985,51.34627155915512,4,885.8,213.69924999999998,229.20074999999997,2025-11-21 15:59:00,227.41,WEEK_END_CLOSE,23.840000000000032,2.6913524497629293
CMCSA,2025-11-17 00:00:00,2025-11-18 00:00:00,0.0284533073929961,1.0,2025-11-18 10:02:00,27.395,54.55330764674458,53.548257457170735,36,986.22,26.436175,28.353824999999997,2025-11-21 15:59:00,27.35,WEEK_END_CLOSE,-1.6199999999999335,-0.16426355174301577
MO,2025-11-17 00:00:00,2025-11-18 00:00:00,0.1423984891406987,10.0,2025-11-18 10:10:00,59.06,68.67807092217797,66.26280858826874,16,944.96,56.9929,61.1271,2025-11-21 15:59:00,58.2,WEEK_END_CLOSE,-13.759999999999991,-1.4561462919065349
JCI,2025-11-17 00:00:00,2025-11-18 00:00:00,0.1357702349869451,9.0,2025-11-18 10:13:00,114.82,44.87601346020801,41.63494687671604,8,918.56,110.80129999999998,118.83869999999999,2025-11-21 15:59:00,113.56,WEEK_END_CLOSE,-10.079999999999927,-1.0973697962027407
UBER,2025-11-17 00:00:00,2025-11-18 00:00:00,0.1119916786368814,5.0,2025-11-18 10:20:00,90.73,48.56203756639221,47.6169336766527,11,998.0300000000001,87.55445,93.90554999999999,2025-11-20 10:52:00,87.55445,STOP_LOSS,-34.93105000000001,-3.500000000000003
USB,2025-11-18 00:00:00,2025-11-19 00:00:00,0.0500658761528326,8.0,2025-11-19 09:46:00,46.045,52.971205805644495,48.148613349914164,21,966.945,44.433425,47.656575,2025-11-20 09:36:00,47.656575,TAKE_PROFIT,33.84307499999989,3.499999999999992
GD,2025-11-18 00:00:00,2025-11-19 00:00:00,0.0300518134715025,4.0,2025-11-19 09:52:00,340.24,46.2740624159492,44.39111355034054,2,680.48,328.3316,352.1484,2025-11-21 15:59:00,340.53,WEEK_END_CLOSE,0.5799999999999272,0.0852339525041046
MPC,2025-11-18 00:00:00,2025-11-19 00:00:00,0.0415518824609733,5.0,2025-11-19 09:58:00,192.33,43.81322492752044,43.291203380937695,5,961.6500000000001,185.59845,199.06155,2025-11-21 15:59:00,190.58,WEEK_END_CLOSE,-8.75,-0.9098944522435426
ETN,2025-11-18 00:00:00,2025-11-19 00:00:00,0.0422535211267605,6.0,2025-11-19 10:09:00,342.79,53.522362744721136,50.259741352822125,2,685.58,330.79235,354.78765,2025-11-20 09:30:00,356.38,TAKE_PROFIT_GAP,27.17999999999995,3.964526386417333
TEL,2025-11-18 00:00:00,2025-11-19 00:00:00,0.0029880478087649,1.0,2025-11-19 11:15:00,233.61,52.39186753228742,51.5164401435159,4,934.44,225.43365,241.78635,2025-11-20 10:36:00,225.43365,STOP_LOSS,-32.705400000000054,-3.500000000000003
NSC,2025-11-19 00:00:00,2025-11-20 00:00:00,0.0,1.0,2025-11-20 09:45:00,282.98,59.371900184113784,58.774521612757276,3,848.94,273.0757,292.8843,2025-11-21 15:59:00,286.4,WEEK_END_CLOSE,10.259999999999877,1.2085659763940715
SHW,2025-11-19 00:00:00,2025-11-20 00:00:00,0.0952380952380952,10.0,2025-11-20 09:47:00,331.8899,65.67827300291762,59.59852256920139,3,995.6697,320.2737535,343.50604649999997,2025-11-21 15:59:00,337.25,WEEK_END_CLOSE,16.080299999999966,1.6150235364197574
SPG,2025-11-19 00:00:00,2025-11-20 00:00:00,0.056338028169014,6.0,2025-11-20 09:48:00,182.69,55.66863008796662,54.06612682225622,5,913.45,176.29585,189.08415,2025-11-21 15:59:00,183.09,WEEK_END_CLOSE,2.0000000000000284,0.2189501341069544
CSCO,2025-11-19 00:00:00,2025-11-20 00:00:00,0.0722157155025553,7.0,2025-11-20 09:51:00,79.46,59.017584188257466,56.22981750037572,12,953.52,76.67889999999998,82.24109999999999,2025-11-20 12:48:00,76.67889999999998,STOP_LOSS,-33.37320000000011,-3.500000000000014
DASH,2025-11-19 00:00:00,2025-11-20 00:00:00,0.0742535866614967,8.0,2025-11-20 09:58:00,199.765,47.454756956374794,43.56802540055384,5,998.8249999999999,192.77322499999997,206.75677499999998,2025-11-20 11:38:00,192.77322499999997,STOP_LOSS,-34.95887500000009,-3.500000000000014
ABNB,2025-11-19 00:00:00,2025-11-20 00:00:00,0.0906520292747837,9.0,2025-11-20 10:01:00,114.32,49.49215449932077,49.39861904188673,8,914.56,110.3188,118.32119999999999,2025-11-21 15:59:00,114.25,WEEK_END_CLOSE,-0.5599999999999454,-0.061231630510838464
AFL,2025-11-19 00:00:00,2025-11-20 00:00:00,0.040880503144654,5.0,2025-11-20 10:05:00,110.34,62.779020557812025,59.03512993416013,9,993.0600000000001,106.4781,114.2019,2025-11-21 15:59:00,110.97,WEEK_END_CLOSE,5.669999999999959,0.5709624796084833
TEL,2025-11-19 00:00:00,2025-11-20 00:00:00,0.0019762845849802,2.0,2025-11-20 10:49:00,226.27,40.62002568323072,40.320418387353406,4,905.08,218.35055,234.18945,2025-11-20 13:44:00,218.35055,STOP_LOSS,-31.677800000000047,-3.500000000000003
DASH,2025-11-19 00:00:00,2025-11-20 00:00:00,0.0742535866614967,8.0,2025-11-20 11:45:00,193.77,41.09979522365294,36.244528056094865,5,968.85,186.98805000000002,200.55195,2025-11-20 15:54:00,186.98805000000002,STOP_LOSS,-33.909749999999974,-3.499999999999992
CSCO,2025-11-19 00:00:00,2025-11-20 00:00:00,0.0722157155025553,7.0,2025-11-20 12:50:00,76.84,40.5069011830428,33.327344244128895,13,998.9200000000001,74.1506,79.5294,2025-11-21 15:59:00,76.11,WEEK_END_CLOSE,-9.490000000000052,-0.9500260281103623
TEL,2025-11-19 00:00:00,2025-11-20 00:00:00,0.0019762845849802,2.0,2025-11-20 14:09:00,217.13,41.48815081044865,40.03326312177019,4,868.52,209.53045,224.72955,2025-11-21 15:59:00,218.92,WEEK_END_CLOSE,7.159999999999968,0.8243909178832887
CL,2025-11-20 00:00:00,2025-11-21 00:00:00,0.0325972660357518,7.0,2025-11-21 09:45:00,79.395,59.42935527569135,58.45396923725785,12,952.74,76.616175,82.173825,2025-11-21 15:59:00,80.94,WEEK_END_CLOSE,18.54000000000002,1.9459663706782537
CSX,2025-11-20 00:00:00,2025-11-21 00:00:00,0.0061683599419448,2.0,2025-11-21 09:45:00,33.82,52.25775243366338,51.71756690685892,29,980.78,32.6363,35.003699999999995,2025-11-21 15:59:00,34.29,WEEK_END_CLOSE,13.629999999999967,1.389710230632768
MCO,2025-11-20 00:00:00,2025-11-21 00:00:00,0.0310965630114566,6.0,2025-11-21 09:47:00,476.4,49.29524607588531,47.942114297792166,2,952.8,459.72599999999994,493.07399999999996,2025-11-21 15:59:00,479.78,WEEK_END_CLOSE,6.759999999999991,0.7094878253568471
RSG,2025-11-20 00:00:00,2025-11-21 00:00:00,0.0165289256198347,5.0,2025-11-21 09:47:00,217.57,47.43711925627075,45.84023223773803,4,870.28,209.95505,225.18495,2025-11-21 15:59:00,219.0,WEEK_END_CLOSE,5.720000000000027,0.6572597324998819
WMB,2025-11-20 00:00:00,2025-11-21 00:00:00,0.0161943319838056,4.0,2025-11-21 09:47:00,58.8,45.642770081642674,40.35931248283943,17,999.5999999999999,56.742,60.85799999999999,2025-11-21 15:59:00,59.62,WEEK_END_CLOSE,13.940000000000005,1.39455782312925
PSX,2025-11-20 00:00:00,2025-11-21 00:00:00,0.0692520775623268,9.0,2025-11-21 09:53:00,131.39,44.12750501509639,43.4139995278487,7,919.7299999999999,126.79134999999998,135.98864999999998,2025-11-21 15:59:00,133.75,WEEK_END_CLOSE,16.520000000000095,1.796179313494184
SPGI,2025-11-21 00:00:00,2025-11-24 00:00:00,0.0446927374301676,6.0,2025-11-24 09:46:00,492.075,43.904870279475944,43.24253067493956,2,984.15,474.852375,509.2976249999999,2025-11-28 13:00:00,498.83,WEEK_END_CLOSE,13.509999999999991,1.3727582177513575
AON,2025-11-21 00:00:00,2025-11-24 00:00:00,0.005889281507656,1.0,2025-11-24 09:47:00,344.83,41.38909244189876,41.020676341260895,2,689.66,332.76095,356.89904999999993,2025-11-28 13:00:00,353.92,WEEK_END_CLOSE,18.180000000000064,2.636081547429181
PCAR,2025-11-21 00:00:00,2025-11-24 00:00:00,0.063063063063063,7.0,2025-11-24 09:49:00,102.675,47.97432462123505,46.80390739225785,9,924.0749999999999,99.081375,106.26862499999999,2025-11-28 13:00:00,105.42,WEEK_END_CLOSE,24.70500000000004,2.6734842951059212
CMCSA,2025-11-21 00:00:00,2025-11-24 00:00:00,0.0167853509664293,4.0,2025-11-24 09:52:00,27.125,45.2043271914832,43.85191459596896,36,976.5,26.175625,28.074374999999996,2025-11-28 13:00:00,26.69,WEEK_END_CLOSE,-15.659999999999954,-1.603686635944701
CB,2025-11-21 00:00:00,2025-11-24 00:00:00,0.0867430441898527,9.0,2025-11-24 09:55:00,296.16,40.353689714233,37.95039660622483,3,888.48,285.7944,306.5256,2025-11-28 13:00:00,296.18,WEEK_END_CLOSE,0.05999999999994543,0.00675310642894722
DHR,2025-11-21 00:00:00,2025-11-24 00:00:00,0.0138806501364337,2.0,2025-11-24 09:56:00,225.76,56.097480492105745,45.458694716835126,4,903.04,217.8584,233.66159999999996,2025-11-28 13:00:00,226.78,WEEK_END_CLOSE,4.080000000000041,0.45180722891566827
PLD,2025-11-21 00:00:00,2025-11-24 00:00:00,0.0631047538914598,8.0,2025-11-24 09:57:00,125.94,53.392310400548965,48.23641955880513,7,881.5799999999999,121.5321,130.34789999999998,2025-11-28 13:00:00,128.53,WEEK_END_CLOSE,18.130000000000024,2.0565348578688303
FDX,2025-11-21 00:00:00,2025-11-24 00:00:00,0.0162921348314606,3.0,2025-11-24 09:58:00,267.46,48.096059781668686,44.28720388242433,3,802.3799999999999,258.09889999999996,276.82109999999994,2025-11-28 11:47:00,276.82109999999994,TAKE_PROFIT,28.083299999999895,3.499999999999992
AEP,2025-11-21 00:00:00,2025-11-24 00:00:00,0.1020408163265306,10.0,2025-11-24 10:04:00,119.89,40.39061182804751,39.661787998796456,8,959.12,115.69385,124.08614999999999,2025-11-28 13:00:00,123.77,WEEK_END_CLOSE,31.039999999999964,3.236299941613141
ORLY,2025-11-21 00:00:00,2025-11-24 00:00:00,0.0446623093681917,5.0,2025-11-24 10:07:00,98.83,37.947737605418034,36.93516958681702,10,988.3,95.37095,102.28904999999999,2025-11-28 13:00:00,101.7,WEEK_END_CLOSE,28.700000000000045,2.903976525346552
CRH,2025-11-24 00:00:00,2025-11-25 00:00:00,0.0061996280223186,1.0,2025-11-25 09:55:00,114.44,59.9507547777165,59.812927145502975,8,915.52,110.43459999999999,118.44539999999999,2025-11-26 10:39:00,118.44539999999999,TAKE_PROFIT,32.043199999999956,3.499999999999992
HWM,2025-11-24 00:00:00,2025-11-25 00:00:00,0.1048951048951049,9.0,2025-11-25 09:58:00,201.19,56.277045860101104,52.98614481497617,4,804.76,194.14835,208.23164999999997,2025-11-28 13:00:00,204.59,WEEK_END_CLOSE,13.600000000000023,1.6899448282717833
APO,2025-11-24 00:00:00,2025-11-25 00:00:00,0.042298960449277,4.0,2025-11-25 09:59:00,128.75,51.349752937313944,47.83183379108895,7,901.25,124.24374999999999,133.25625,2025-11-28 13:00:00,131.85,WEEK_END_CLOSE,21.69999999999996,2.40776699029126
NEE,2025-11-24 00:00:00,2025-11-25 00:00:00,0.032293012208842,3.0,2025-11-25 10:01:00,84.63,57.24738992585276,54.013467450646395,11,930.93,81.66794999999999,87.59204999999999,2025-11-28 13:00:00,86.29,WEEK_END_CLOSE,18.26000000000012,1.9614793808342412
DLR,2025-11-24 00:00:00,2025-11-25 00:00:00,0.1442622950819672,10.0,2025-11-25 10:09:00,157.94,52.7181567250542,52.60592977441586,6,947.64,152.41209999999998,163.4679,2025-11-28 13:00:00,160.12,WEEK_END_CLOSE,13.080000000000041,1.3802709889831677
BSX,2025-11-24 00:00:00,2025-11-25 00:00:00,0.0996784565916398,8.0,2025-11-25 10:22:00,100.24,63.199857890517755,60.84787697895251,9,902.16,96.73159999999999,103.74839999999999,2025-11-28 13:00:00,101.58,WEEK_END_CLOSE,12.06000000000003,1.3367916999202034
WMB,2025-11-24 00:00:00,2025-11-25 00:00:00,0.0735930735930736,7.0,2025-11-25 10:29:00,58.83,50.511931097358136,46.620235886458566,16,941.28,56.77095,60.88904999999999,2025-11-28 10:01:00,60.88904999999999,TAKE_PROFIT,32.94479999999987,3.499999999999992
MDLZ,2025-11-25 00:00:00,2025-11-26 00:00:00,0.1308411214953271,9.0,2025-11-26 09:45:00,56.64,62.77353234135695,60.81481675893722,17,962.88,54.6576,58.6224,2025-11-28 13:00:00,57.57,WEEK_END_CLOSE,15.809999999999995,1.6419491525423657
USB,2025-11-25 00:00:00,2025-11-26 00:00:00,0.1363088057901085,10.0,2025-11-26 09:56:00,48.93,45.61990442318527,45.43540918570305,20,978.6,47.21745,50.64254999999999,2025-11-28 13:00:00,49.05,WEEK_END_CLOSE,2.399999999999949,0.24524831391783408
ABBV,2025-11-25 00:00:00,2025-11-26 00:00:00,0.0773195876288659,5.0,2025-11-26 09:59:00,229.14,41.346001435374376,39.78722318021632,4,916.56,221.12009999999998,237.15989999999996,2025-11-28 13:00:00,227.7,WEEK_END_CLOSE,-5.759999999999991,-0.628436763550666
NSC,2025-11-25 00:00:00,2025-11-26 00:00:00,0.0,1.0,2025-11-26 10:01:00,290.09,59.083855265838864,58.30702894757844,3,870.27,279.93685,300.24314999999996,2025-11-28 13:00:00,292.09,WEEK_END_CLOSE,6.0,0.6894412079009982
NEM,2025-11-25 00:00:00,2025-11-26 00:00:00,0.0973230490018148,7.0,2025-11-26 10:05:00,88.55,62.62096327771954,60.855992101884816,11,974.05,85.45075,91.64925,2025-11-28 09:30:00,91.815,TAKE_PROFIT_GAP,35.915000000000006,3.687182382834564
CI,2025-11-25 00:00:00,2025-11-26 00:00:00,0.1082251082251082,8.0,2025-11-26 10:06:00,279.48,55.190706701487045,48.42077137681312,3,838.44,269.6982,289.2618,2025-11-28 13:00:00,277.28,WEEK_END_CLOSE,-6.600000000000136,-0.7871761843423641
MDT,2025-11-26 00:00:00,2025-11-28 00:00:00,0.0772128060263653,8.0,2025-11-28 09:48:00,104.81,45.8180234786633,45.55266508546274,9,943.29,101.14165,108.47834999999999,2025-11-28 13:00:00,105.33,WEEK_END_CLOSE,4.679999999999964,0.4961358648983838
UNP,2025-11-26 00:00:00,2025-11-28 00:00:00,0.0952380952380952,10.0,2025-11-28 09:48:00,231.01,47.76586996842385,47.632930285296084,4,924.04,222.92464999999999,239.09534999999997,2025-11-28 13:00:00,231.83,WEEK_END_CLOSE,3.2800000000000864,0.354962988615215
SO,2025-11-26 00:00:00,2025-11-28 00:00:00,0.087012987012987,9.0,2025-11-28 09:54:00,90.765,61.77963018276956,60.8006794335246,11,998.415,87.588225,93.94177499999999,2025-11-28 13:00:00,91.12,WEEK_END_CLOSE,3.9050000000000438,0.3911199250812514
BX,2025-11-26 00:00:00,2025-11-28 00:00:00,0.0734421364985163,7.0,2025-11-28 09:59:00,145.88,46.209521935920286,46.096330305764546,6,875.28,140.77419999999998,150.98579999999998,2025-11-28 13:00:00,146.42,WEEK_END_CLOSE,3.2399999999999523,0.37016726076226636
HPE,2025-11-26 00:00:00,2025-11-28 00:00:00,0.0430188679245283,3.0,2025-11-28 10:13:00,21.755,54.15982243308838,53.10161259371535,45,978.9749999999999,20.993575,22.516424999999998,2025-11-28 13:00:00,21.87,WEEK_END_CLOSE,5.1750000000000895,0.5286141116984666
FDX,2025-11-26 00:00:00,2025-11-28 00:00:00,0.0369318181818181,2.0,2025-11-28 11:54:00,276.64,54.9263163788367,54.42732326389407,3,829.92,266.95759999999996,286.32239999999996,2025-11-28 13:00:00,275.68,WEEK_END_CLOSE,-2.8799999999999386,-0.3470213996529692
CRH,2025-11-28 00:00:00,2025-12-01 00:00:00,0.0,1.0,2025-12-01 09:45:00,118.265,38.278363825731745,36.718183805216974,8,946.12,114.125725,122.40427499999998,2025-12-05 15:59:00,119.445,WEEK_END_CLOSE,9.43999999999994,0.9977592694372817
FDX,2025-11-28 00:00:00,2025-12-01 00:00:00,0.014251781472684,3.0,2025-12-01 09:48:00,274.715,48.03408228378833,40.87376873308667,3,824.145,265.099975,284.330025,2025-12-05 15:59:00,274.3,WEEK_END_CLOSE,-1.2449999999998909,-0.15106564985528648
NEE,2025-11-28 00:00:00,2025-12-01 00:00:00,0.0197628458498023,4.0,2025-12-01 09:51:00,85.39,44.95577250203579,42.8328609420024,11,939.29,82.40135,88.37865,2025-12-05 15:59:00,83.105,WEEK_END_CLOSE,-25.134999999999962,-2.6759573720576135
PFE,2025-11-28 00:00:00,2025-12-01 00:00:00,0.0904418635696168,9.0,2025-12-01 09:56:00,25.815,49.867365699942795,49.46026074936006,38,980.97,24.911475,26.718525,2025-12-05 15:59:00,26.02,WEEK_END_CLOSE,7.789999999999935,0.7941119504164096
CMCSA,2025-11-28 00:00:00,2025-12-01 00:00:00,0.0013876040703052,2.0,2025-12-01 10:10:00,26.715,48.94276143947463,45.721324823070056,37,988.455,25.779975,27.650025,2025-12-05 09:40:00,27.650025,TAKE_PROFIT,34.59592499999998,3.499999999999992
UPS,2025-11-28 00:00:00,2025-12-01 00:00:00,0.0865847140566542,8.0,2025-12-01 10:13:00,96.15,50.45107109536034,50.03522797190456,10,961.5,92.78475,99.51525,2025-12-05 15:59:00,94.88,WEEK_END_CLOSE,-12.700000000000102,-1.320852834113373
APO,2025-11-28 00:00:00,2025-12-01 00:00:00,0.0218054949847361,5.0,2025-12-01 10:16:00,131.215,48.03862722667084,45.88555887903541,7,918.505,126.622475,135.807525,2025-12-04 09:32:00,135.807525,TAKE_PROFIT,32.147674999999964,3.499999999999992
USB,2025-11-28 00:00:00,2025-12-01 00:00:00,0.0428211586901763,7.0,2025-12-01 10:40:00,49.52,61.215807087563554,60.06024025057504,20,990.4000000000001,47.7868,51.2532,2025-12-04 09:32:00,51.2532,TAKE_PROFIT,34.66399999999993,3.499999999999992
BX,2025-11-28 00:00:00,2025-12-01 00:00:00,0.0233497979344409,6.0,2025-12-01 10:42:00,145.62,52.84808485298868,48.24069987302008,6,873.72,140.5233,150.7167,2025-12-03 12:27:00,150.7167,TAKE_PROFIT,30.58019999999999,3.499999999999992
COF,2025-11-28 00:00:00,2025-12-01 00:00:00,0.0932669635839664,10.0,2025-12-01 10:42:00,220.56,56.97139932968769,53.145840119932735,4,882.24,212.8404,228.2796,2025-12-03 12:57:00,228.2796,TAKE_PROFIT,30.878399999999942,3.499999999999992
RSG,2025-12-01 00:00:00,2025-12-02 00:00:00,0.0,1.0,2025-12-02 09:45:00,213.495,38.2305982703727,37.412872747534,4,853.98,206.022675,220.967325,2025-12-05 15:59:00,216.54,WEEK_END_CLOSE,12.17999999999995,1.4262629101384094
ECL,2025-12-01 00:00:00,2025-12-02 00:00:00,0.0100806451612903,2.0,2025-12-02 09:46:00,272.56,39.513109505135695,38.34814415607734,3,817.6800000000001,263.0204,282.09959999999995,2025-12-04 09:50:00,263.0204,STOP_LOSS,-28.61880000000002,-3.500000000000003
AON,2025-12-01 00:00:00,2025-12-02 00:00:00,0.0131578947368421,3.0,2025-12-02 09:47:00,348.75,39.327647123643615,37.275073556002916,2,697.5,336.54375,360.95624999999995,2025-12-05 15:59:00,345.16,WEEK_END_CLOSE,-7.17999999999995,-1.0293906810035724
ICE,2025-12-01 00:00:00,2025-12-02 00:00:00,0.1176470588235294,9.0,2025-12-02 09:48:00,156.74,47.14879613914215,47.0200193973086,6,940.44,151.2541,162.2259,2025-12-05 15:59:00,157.78,WEEK_END_CLOSE,6.239999999999952,0.6635192037769411
SPGI,2025-12-01 00:00:00,2025-12-02 00:00:00,0.1046766692989383,8.0,2025-12-02 09:54:00,492.16,39.92778194496396,37.2473022567086,2,984.32,474.9344,509.3856,2025-12-05 15:59:00,498.38,WEEK_END_CLOSE,12.43999999999994,1.2638166449934873
TEL,2025-12-01 00:00:00,2025-12-02 00:00:00,0.0454959053685168,5.0,2025-12-02 09:56:00,228.89,57.47631180000318,54.78249878631563,4,915.56,220.87884999999997,236.90114999999997,2025-12-05 15:59:00,234.345,WEEK_END_CLOSE,21.82000000000005,2.383240858054103
INTU,2025-12-01 00:00:00,2025-12-02 00:00:00,0.129517393043753,10.0,2025-12-02 10:02:00,627.94,51.64579873225867,49.80015566497005,1,627.94,605.9621000000001,649.9179,2025-12-04 09:30:00,649.9179,TAKE_PROFIT,21.977899999999977,3.499999999999992
PCAR,2025-12-01 00:00:00,2025-12-02 00:00:00,0.0323450134770889,4.0,2025-12-02 10:36:00,104.13,50.116138531004836,47.088284407448896,9,937.17,100.48544999999999,107.77454999999999,2025-12-03 13:45:00,107.77454999999999,TAKE_PROFIT,32.80094999999996,3.499999999999992
EQIX,2025-12-02 00:00:00,2025-12-03 00:00:00,0.0955414012738853,8.0,2025-12-03 09:50:00,728.17,51.81523016076541,51.57492844871566,1,728.17,702.68405,753.6559499999998,2025-12-05 15:59:00,741.58,WEEK_END_CLOSE,13.410000000000082,1.841602922394503
DLR,2025-12-02 00:00:00,2025-12-03 00:00:00,0.0657300275482093,4.0,2025-12-03 09:55:00,157.355,61.62313020120708,52.159361313670345,6,944.1299999999999,151.84757499999998,162.86242499999997,2025-12-05 10:16:00,162.86242499999997,TAKE_PROFIT,33.0445499999999,3.499999999999992
TT,2025-12-02 00:00:00,2025-12-03 00:00:00,0.09375,7.0,2025-12-03 09:57:00,406.22,48.7750492542087,45.55585878150404,2,812.44,392.0023,420.4377,2025-12-05 15:59:00,401.29,WEEK_END_CLOSE,-9.860000000000014,-1.2136280833046187
LIN,2025-12-02 00:00:00,2025-12-03 00:00:00,0.0329289428076256,3.0,2025-12-03 10:29:00,407.32,42.741619086367315,41.52275014435805,2,814.64,393.06379999999996,421.5762,2025-12-05 15:59:00,399.57,WEEK_END_CLOSE,-15.5,-1.9026809388196009
CSX,2025-12-02 00:00:00,2025-12-03 00:00:00,0.086332478298045,5.0,2025-12-03 10:55:00,35.3,51.851915281062304,46.40773009370015,28,988.3999999999999,34.064499999999995,36.53549999999999,2025-12-05 10:29:00,36.53549999999999,TAKE_PROFIT,34.59399999999985,3.499999999999992
NSC,2025-12-02 00:00:00,2025-12-03 00:00:00,0.0306818181818181,2.0,2025-12-03 10:58:00,292.6425,46.00658355621042,45.037646960122395,3,877.9275,282.4000125,302.88498749999997,2025-12-05 15:59:00,294.21,WEEK_END_CLOSE,4.702499999999986,0.5356364847894701
MDT,2025-12-03 00:00:00,2025-12-04 00:00:00,0.1314877173228625,8.0,2025-12-04 09:47:00,102.32,60.261111353016865,58.152706265882,9,920.8799999999999,98.73879999999998,105.90119999999999,2025-12-05 15:59:00,101.37,WEEK_END_CLOSE,-8.549999999999898,-0.9284597341673084
SHW,2025-12-03 00:00:00,2025-12-04 00:00:00,0.0357142857142857,2.0,2025-12-04 09:47:00,339.44,50.74181855261192,48.092941208510695,2,678.88,327.5596,351.32039999999995,2025-12-05 15:59:00,333.13,WEEK_END_CLOSE,-12.620000000000005,-1.8589441432948384
ABBV,2025-12-03 00:00:00,2025-12-04 00:00:00,0.1211640843535168,4.0,2025-12-04 09:52:00,229.945,50.16785014690179,48.07509440767847,4,919.78,221.89692499999998,237.99307499999998,2025-12-05 15:59:00,226.05,WEEK_END_CLOSE,-15.579999999999927,-1.6938833199243164
MMM,2025-12-03 00:00:00,2025-12-04 00:00:00,0.1272829175213801,6.0,2025-12-04 09:55:00,170.765,40.75563047861518,39.9882989238705,5,853.8249999999999,164.78822499999998,176.74177499999996,2025-12-05 15:59:00,167.47,WEEK_END_CLOSE,-16.474999999999937,-1.9295523087283661
APD,2025-12-03 00:00:00,2025-12-04 00:00:00,0.1516587677725118,10.0,2025-12-04 10:17:00,258.82,46.92538390853106,46.790776490506175,3,776.46,249.76129999999998,267.8787,2025-12-05 15:59:00,260.69,WEEK_END_CLOSE,5.610000000000014,0.7225098524070717
AEP,2025-12-03 00:00:00,2025-12-04 00:00:00,0.1439252336448598,9.0,2025-12-04 10:29:00,118.655,50.72167610890307,50.419725899511086,8,949.24,114.50207499999999,122.807925,2025-12-05 15:59:00,117.54,WEEK_END_CLOSE,-8.919999999999959,-0.9396991277232258
VZ,2025-12-03 00:00:00,2025-12-04 00:00:00,0.1297323561747765,7.0,2025-12-04 10:53:00,41.095,53.247747089584585,51.37798064178138,24,986.28,39.656675,42.533325,2025-12-05 15:59:00,41.69,WEEK_END_CLOSE,14.279999999999973,1.4478647037352355
DUK,2025-12-04 00:00:00,2025-12-05 00:00:00,0.1057818659658344,10.0,2025-12-05 09:45:00,117.985,55.56914033228435,48.795586875602936,8,943.88,113.855525,122.11447499999998,2025-12-05 15:59:00,116.52,WEEK_END_CLOSE,-11.720000000000027,-1.2416832648218024
USB,2025-12-04 00:00:00,2025-12-05 00:00:00,0.0793320644814769,7.0,2025-12-05 09:51:00,51.51,58.690903281631726,58.25322953326952,19,978.6899999999999,49.70715,53.31284999999999,2025-12-05 15:59:00,51.255,WEEK_END_CLOSE,-4.844999999999914,-0.4950495049504844
JCI,2025-12-04 00:00:00,2025-12-05 00:00:00,0.0108695652173913,2.0,2025-12-05 09:52:00,113.88,43.54521400959375,41.23802763782248,8,911.04,109.8942,117.8658,2025-12-05 15:59:00,114.21,WEEK_END_CLOSE,2.6399999999999864,0.2897787144362507
SO,2025-12-04 00:00:00,2025-12-05 00:00:00,0.0929669661178869,9.0,2025-12-05 10:00:00,88.005,65.33639993232394,60.78192135155886,11,968.055,84.924825,91.08517499999999,2025-12-05 15:59:00,86.31,WEEK_END_CLOSE,-18.644999999999925,-1.9260269302880495
PCAR,2025-12-04 00:00:00,2025-12-05 00:00:00,0.0413746326023061,4.0,2025-12-05 10:07:00,109.25,56.28018551803953,51.799423755255475,9,983.25,105.42625,113.07374999999999,2025-12-05 15:59:00,110.34,WEEK_END_CLOSE,9.81000000000003,0.99771167048055
CMCSA,2025-12-04 00:00:00,2025-12-05 00:00:00,0.0234490642725867,3.0,2025-12-05 11:33:00,27.505,40.137798328686834,38.81617988088369,36,990.18,26.542324999999998,28.467674999999996,2025-12-05 15:59:00,27.31,WEEK_END_CLOSE,-7.02000000000001,-0.7089620069078317
ORLY,2025-12-05 00:00:00,2025-12-08 00:00:00,0.0732708089097303,7.0,2025-12-08 09:46:00,98.59,49.4542794953791,45.50589168422415,10,985.9000000000001,95.13935,102.04065,2025-12-09 11:07:00,95.13935,STOP_LOSS,-34.5065000000001,-3.500000000000014
PCAR,2025-12-05 00:00:00,2025-12-08 00:00:00,0.0152838427947598,3.0,2025-12-08 09:47:00,110.58,57.94494961688527,54.96039637190684,9,995.22,106.7097,114.45029999999998,2025-12-11 09:44:00,114.45029999999998,TAKE_PROFIT,34.832699999999875,3.499999999999992
CME,2025-12-05 00:00:00,2025-12-08 00:00:00,0.0739654051711685,9.0,2025-12-08 09:48:00,269.74,48.779912416225734,47.52890341109828,3,809.22,260.2991,279.1809,2025-12-12 15:59:00,273.53,WEEK_END_CLOSE,11.36999999999989,1.4050567212871456
MSI,2025-12-05 00:00:00,2025-12-08 00:00:00,0.0735785953177257,8.0,2025-12-08 09:48:00,371.305,42.97007878053542,42.81255419897817,2,742.61,358.309325,384.30067499999996,2025-12-12 15:59:00,364.79,WEEK_END_CLOSE,-13.029999999999973,-1.754622210850909
CMCSA,2025-12-05 00:00:00,2025-12-08 00:00:00,0.0319544187178877,5.0,2025-12-08 09:49:00,27.005,39.18231812406717,38.311001177192146,37,999.185,26.059824999999996,27.950174999999998,2025-12-12 15:59:00,27.23,WEEK_END_CLOSE,8.325000000000053,0.8331790409183526
FDX,2025-12-05 00:00:00,2025-12-08 00:00:00,0.0153567495753093,4.0,2025-12-08 09:54:00,277.285,51.687633698780644,49.385438323838436,3,831.855,267.58002500000003,286.989975,2025-12-11 10:08:00,286.989975,TAKE_PROFIT,29.11492499999997,3.499999999999992
TEL,2025-12-05 00:00:00,2025-12-08 00:00:00,0.0088888888888888,2.0,2025-12-08 09:59:00,237.28,67.49045353055642,67.2156490918058,4,949.12,228.9752,245.58479999999997,2025-12-11 11:00:00,245.64,TAKE_PROFIT_GAP,33.43999999999994,3.523263654753861
DASH,2025-12-05 00:00:00,2025-12-08 00:00:00,0.0888023700590869,10.0,2025-12-08 10:14:00,223.19,46.718415300650435,45.86018083173602,4,892.76,215.37834999999998,231.00164999999998,2025-12-09 14:38:00,231.00164999999998,TAKE_PROFIT,31.246599999999944,3.499999999999992
TT,2025-12-05 00:00:00,2025-12-08 00:00:00,0.0,1.0,2025-12-08 10:28:00,401.41,52.971665017379856,51.6637455887909,2,802.82,387.36065,415.45935,2025-12-12 15:59:00,391.27,WEEK_END_CLOSE,-20.280000000000086,-2.526095513315574
SO,2025-12-05 00:00:00,2025-12-08 00:00:00,0.0390895596239485,6.0,2025-12-08 10:40:00,85.55,37.714656245165465,37.58888420215245,11,941.05,82.55574999999999,88.54424999999999,2025-12-12 15:59:00,84.445,WEEK_END_CLOSE,-12.155000000000044,-1.2916423144360034
DE,2025-12-08 00:00:00,2025-12-09 00:00:00,0.1495111083731654,10.0,2025-12-09 09:47:00,464.72,39.22242597264777,39.036129606827316,2,929.44,448.45480000000003,480.98519999999996,2025-12-12 09:34:00,480.98519999999996,TAKE_PROFIT,32.53039999999987,3.499999999999992
ITW,2025-12-08 00:00:00,2025-12-09 00:00:00,0.0769230769230769,5.0,2025-12-09 09:52:00,248.68,51.57694120450855,49.599799702575744,4,994.72,239.9762,257.3838,2025-12-11 09:43:00,257.3838,TAKE_PROFIT,34.815200000000004,3.499999999999992
SHW,2025-12-08 00:00:00,2025-12-09 00:00:00,0.1403508771929824,8.0,2025-12-09 09:53:00,326.53,52.92050358236402,48.575876794981056,3,979.5899999999999,315.10144999999994,337.95854999999995,2025-12-12 15:59:00,328.62,WEEK_END_CLOSE,6.2700000000000955,0.640063700119442
SPG,2025-12-08 00:00:00,2025-12-09 00:00:00,0.1139601139601139,7.0,2025-12-09 09:54:00,181.06,51.844578271581376,51.80238969771218,5,905.3,174.7229,187.3971,2025-12-12 15:59:00,182.03,WEEK_END_CLOSE,4.849999999999994,0.5357340108251396
RSG,2025-12-08 00:00:00,2025-12-09 00:00:00,0.0681818181818181,4.0,2025-12-09 09:55:00,211.7894,45.83916444706778,45.11066688606028,4,847.1576,204.376771,219.20202899999998,2025-12-12 15:59:00,213.64,WEEK_END_CLOSE,7.402399999999943,0.8737925505242439
AON,2025-12-08 00:00:00,2025-12-09 00:00:00,0.0,1.0,2025-12-09 11:08:00,347.065,54.12208823666207,50.15832463374364,2,694.13,334.91772499999996,359.212275,2025-12-12 15:59:00,353.79,WEEK_END_CLOSE,13.450000000000045,1.9376773803178038
JCI,2025-12-09 00:00:00,2025-12-10 00:00:00,0.0015964240102171,1.0,2025-12-10 09:45:00,115.81,49.41284550325284,43.30842221906038,8,926.48,111.75665,119.86335,2025-12-12 15:59:00,114.76,WEEK_END_CLOSE,-8.399999999999977,-0.906657456178217
ICE,2025-12-09 00:00:00,2025-12-10 00:00:00,0.0608695652173913,6.0,2025-12-10 09:51:00,158.25,50.29068641857449,48.20344662765537,6,949.5,152.71125,163.78875,2025-12-12 09:48:00,163.78875,TAKE_PROFIT,33.23249999999996,3.499999999999992
DUK,2025-12-09 00:00:00,2025-12-10 00:00:00,0.0435161009573542,5.0,2025-12-10 09:57:00,115.0936,48.46495417473635,48.42594985987205,8,920.7488,111.06532399999999,119.12187599999999,2025-12-12 15:59:00,115.28,WEEK_END_CLOSE,1.491200000000049,0.16195513912156123
PM,2025-12-09 00:00:00,2025-12-10 00:00:00,0.0686195886195886,7.0,2025-12-10 09:57:00,149.05,46.444224237751186,46.2503849258433,6,894.3000000000001,143.83325,154.26675,2025-12-12 15:59:00,153.64,WEEK_END_CLOSE,27.53999999999985,3.079503522307925
DLR,2025-12-09 00:00:00,2025-12-10 00:00:00,0.1065134099616858,9.0,2025-12-10 10:13:00,159.98,43.307843624911065,40.896759132572164,6,959.8799999999999,154.3807,165.5793,2025-12-12 11:08:00,154.3807,STOP_LOSS,-33.5958,-3.500000000000003
TJX,2025-12-09 00:00:00,2025-12-10 00:00:00,0.0810136078521266,8.0,2025-12-10 10:43:00,155.42,59.76643075796756,56.662746268698044,6,932.52,149.98029999999997,160.85969999999998,2025-12-12 15:59:00,156.16,WEEK_END_CLOSE,4.440000000000055,0.47612919830137823
ABBV,2025-12-10 00:00:00,2025-12-11 00:00:00,0.0978177015912865,10.0,2025-12-11 09:47:00,224.83,49.8716148494471,49.73649911118096,4,899.32,216.96095,232.69905,2025-12-12 15:59:00,223.33,WEEK_END_CLOSE,-6.0,-0.6671707512342695
PCAR,2025-12-10 00:00:00,2025-12-11 00:00:00,0.0076923076923076,3.0,2025-12-11 10:07:00,113.32,48.8060074079346,48.311098725600004,8,906.56,109.35379999999999,117.28619999999998,2025-12-12 15:59:00,111.56,WEEK_END_CLOSE,-14.079999999999927,-1.5531238969290428
FDX,2025-12-10 00:00:00,2025-12-11 00:00:00,0.0403358411119255,4.0,2025-12-11 10:17:00,286.62,55.91122898893255,53.592859228319746,3,859.86,276.5883,296.6517,2025-12-12 15:59:00,284.44,WEEK_END_CLOSE,-6.5400000000000205,-0.7605889330821292
SPGI,2025-12-10 00:00:00,2025-12-11 00:00:00,0.0563972736124634,6.0,2025-12-11 10:18:00,494.99,56.79388263937558,56.09210355276147,2,989.98,477.66535,512.3146499999999,2025-12-12 15:59:00,501.08,WEEK_END_CLOSE,12.17999999999995,1.2303278854118194
AJG,2025-12-10 00:00:00,2025-12-11 00:00:00,0.0,1.0,2025-12-11 10:32:00,245.42,64.1477245936891,63.036600581335136,4,981.68,236.8303,254.00969999999998,2025-12-12 12:32:00,254.00969999999998,TAKE_PROFIT,34.358799999999974,3.499999999999992
TEL,2025-12-10 00:00:00,2025-12-11 00:00:00,0.0044977511244377,2.0,2025-12-11 11:22:00,245.755,59.59872571911555,57.67529451241018,4,983.02,237.153575,254.35642499999997,2025-12-12 11:03:00,237.01,STOP_LOSS_GAP,-34.98000000000002,-3.5584220056560367
MO,2025-12-11 00:00:00,2025-12-12 00:00:00,0.0626333207508221,4.0,2025-12-12 09:45:00,58.53,46.0686218147594,44.88315256942257,17,995.01,56.48145,60.57855,2025-12-12 15:59:00,58.76,WEEK_END_CLOSE,3.909999999999947,0.39296087476508035
MPC,2025-12-11 00:00:00,2025-12-12 00:00:00,0.0647709320695102,6.0,2025-12-12 09:46:00,187.3,49.04792352799638,47.44692118983652,5,936.5,180.74450000000002,193.8555,2025-12-12 15:59:00,185.79,WEEK_END_CLOSE,-7.550000000000097,-0.8061932728243515
AMT,2025-12-11 00:00:00,2025-12-12 00:00:00,0.1126760563380281,10.0,2025-12-12 09:50:00,182.585,59.30864446073747,58.09905277505018,5,912.9250000000001,176.194525,188.975475,2025-12-12 15:59:00,180.6,WEEK_END_CLOSE,-9.925000000000068,-1.0871648821097146
FDX,2025-12-12 00:00:00,2025-12-15 00:00:00,0.0211197736265542,3.0,2025-12-15 09:47:00,282.785,51.949346183682486,48.76597326515001,3,848.355,272.88752500000004,292.682475,2025-12-19 09:30:00,272.06,STOP_LOSS_GAP,-32.17500000000007,-3.7926339798787123
AON,2025-12-12 00:00:00,2025-12-15 00:00:00,0.0579710144927536,8.0,2025-12-15 09:52:00,353.525,52.49591474357708,52.19727041975948,2,707.05,341.15162499999997,365.89837499999993,2025-12-19 15:59:00,350.04,WEEK_END_CLOSE,-6.969999999999914,-0.9857860123046347
CME,2025-12-12 00:00:00,2025-12-15 00:00:00,0.0554487863904904,6.0,2025-12-15 09:52:00,274.69,57.034356436367126,54.06692542934566,3,824.0699999999999,265.07585,284.30415,2025-12-19 15:59:00,269.09,WEEK_END_CLOSE,-16.800000000000068,-2.038661764170524
PCAR,2025-12-12 00:00:00,2025-12-15 00:00:00,0.0054585152838427,1.0,2025-12-15 09:52:00,112.32,51.99692909822263,50.18016335970939,8,898.56,108.38879999999999,116.25119999999998,2025-12-19 15:59:00,111.57,WEEK_END_CLOSE,-6.0,-0.6677350427350404
AEP,2025-12-12 00:00:00,2025-12-15 00:00:00,0.04,4.0,2025-12-15 10:03:00,115.115,57.86417225083499,57.18488092957036,8,920.92,111.08597499999999,119.14402499999998,2025-12-19 15:59:00,114.49,WEEK_END_CLOSE,-5.0,-0.542935325544025
CRH,2025-12-12 00:00:00,2025-12-15 00:00:00,0.0584999408494025,9.0,2025-12-15 10:05:00,127.99,65.3250277035637,57.14368565302476,7,895.93,123.51034999999999,132.46964999999997,2025-12-17 11:26:00,123.51034999999999,STOP_LOSS,-31.357550000000046,-3.500000000000003
QCOM,2025-12-12 00:00:00,2025-12-15 00:00:00,0.0902655205547113,10.0,2025-12-15 10:05:00,178.6,49.28690273936919,44.29603173037058,5,893.0,172.349,184.85099999999997,2025-12-17 15:21:00,172.349,STOP_LOSS,-31.255000000000024,-3.500000000000003
CMCSA,2025-12-12 00:00:00,2025-12-15 00:00:00,0.0062038031498416,2.0,2025-12-15 10:08:00,27.72,54.68116552489619,53.333520348117325,36,997.92,26.749799999999997,28.690199999999997,2025-12-16 09:56:00,28.690199999999997,TAKE_PROFIT,34.92719999999994,3.499999999999992
SPGI,2025-12-12 00:00:00,2025-12-15 00:00:00,0.0494595199536543,5.0,2025-12-15 10:09:00,501.46,54.17759735836024,49.308579037462856,1,501.46,483.90889999999996,519.0110999999999,2025-12-19 15:59:00,512.47,WEEK_END_CLOSE,11.010000000000048,2.195588880469046
RSG,2025-12-12 00:00:00,2025-12-15 00:00:00,0.0555555555555555,7.0,2025-12-15 10:23:00,215.195,63.74913247153664,60.18650598581079,4,860.78,207.663175,222.72682499999996,2025-12-19 15:59:00,213.02,WEEK_END_CLOSE,-8.699999999999932,-1.0107112154092768
LIN,2025-12-15 00:00:00,2025-12-16 00:00:00,0.0742481203007518,9.0,2025-12-16 09:50:00,417.9,54.70003888639994,51.13919087014943,2,835.8,403.27349999999996,432.52649999999994,2025-12-19 15:59:00,421.56,WEEK_END_CLOSE,7.32000000000005,0.8758076094759648
MO,2025-12-15 00:00:00,2025-12-16 00:00:00,0.0443773305802952,2.0,2025-12-16 09:51:00,59.08,47.755162351399825,46.368768060514604,16,945.28,57.0122,61.1478,2025-12-19 15:59:00,58.04,WEEK_END_CLOSE,-16.639999999999986,-1.7603249830738021
CEG,2025-12-15 00:00:00,2025-12-16 00:00:00,0.0537293460553874,5.0,2025-12-16 09:55:00,360.57,48.75097725922223,48.04887079597675,2,721.14,347.95005,373.18994999999995,2025-12-17 10:35:00,347.95005,STOP_LOSS,-25.239900000000034,-3.500000000000003
MDT,2025-12-15 00:00:00,2025-12-16 00:00:00,0.0573577809120827,7.0,2025-12-16 09:55:00,97.77,44.37439006254103,41.19966516233089,10,977.6999999999999,94.34804999999999,101.19194999999999,2025-12-19 15:59:00,98.6,WEEK_END_CLOSE,8.299999999999983,0.8489311649790388
CI,2025-12-15 00:00:00,2025-12-16 00:00:00,0.0360424028268551,1.0,2025-12-16 09:59:00,276.635,51.88563947443222,50.368599225688996,3,829.905,266.952775,286.31722499999995,2025-12-19 15:59:00,271.89,WEEK_END_CLOSE,-14.235000000000014,-1.7152565655105145
SO,2025-12-15 00:00:00,2025-12-16 00:00:00,0.0817120622568093,10.0,2025-12-16 10:07:00,85.43,50.7962936971983,48.505985810326365,11,939.73,82.43995000000001,88.42005,2025-12-19 15:59:00,85.29,WEEK_END_CLOSE,-1.5400000000000063,-0.16387685824651443
TT,2025-12-15 00:00:00,2025-12-16 00:00:00,0.0552763819095477,6.0,2025-12-16 10:08:00,396.67,51.92088517174192,50.49259258050723,2,793.34,382.78655,410.55345,2025-12-17 13:48:00,382.78655,STOP_LOSS,-27.766900000000078,-3.500000000000014
CMCSA,2025-12-15 00:00:00,2025-12-16 00:00:00,0.0502269732025186,3.0,2025-12-16 10:49:00,29.265,64.62777396125557,61.697043136342145,34,995.01,28.240725,30.289275,2025-12-17 14:04:00,30.289275,TAKE_PROFIT,34.82534999999998,3.499999999999992
JCI,2025-12-16 00:00:00,2025-12-17 00:00:00,0.0769230769230769,9.0,2025-12-17 09:45:00,119.13,53.161134111560195,52.964687646793244,8,953.04,114.96045,123.29954999999998,2025-12-19 15:59:00,119.5,WEEK_END_CLOSE,2.9600000000000364,0.3105850751280226
TRV,2025-12-16 00:00:00,2025-12-17 00:00:00,0.0227272727272727,4.0,2025-12-17 09:45:00,289.57,57.04759448317774,55.121067303906216,3,868.71,279.43505,299.70495,2025-12-19 15:59:00,292.74,WEEK_END_CLOSE,9.510000000000048,1.0947266636737396
PH,2025-12-16 00:00:00,2025-12-17 00:00:00,0.0357142857142857,5.0,2025-12-17 09:50:00,878.81,57.53838969796601,56.01012061611373,1,878.81,848.0516499999999,909.5683499999999,2025-12-19 15:59:00,873.8,WEEK_END_CLOSE,-5.009999999999991,-0.5700890977571982
ICE,2025-12-16 00:00:00,2025-12-17 00:00:00,0.0163487738419618,2.0,2025-12-17 10:00:00,161.09,49.164748887256856,48.52418979424172,6,966.54,155.45185,166.72815,2025-12-19 15:59:00,160.29,WEEK_END_CLOSE,-4.800000000000068,-0.4966167980631986
WMB,2025-12-16 00:00:00,2025-12-17 00:00:00,0.0175438596491228,3.0,2025-12-17 10:23:00,58.575,51.828060875143116,46.3638983720911,17,995.7750000000001,56.524875,60.625125,2025-12-19 15:59:00,58.24,WEEK_END_CLOSE,-5.6950000000000145,-0.5719163465642385
CMCSA,2025-12-16 00:00:00,2025-12-17 00:00:00,0.0585634756031001,7.0,2025-12-17 14:18:00,30.305,64.28963213148705,61.69028819926579,32,969.76,29.244325,31.365674999999996,2025-12-19 15:59:00,29.56,WEEK_END_CLOSE,-23.840000000000032,-2.458340207886489
WM,2025-12-17 00:00:00,2025-12-18 00:00:00,0.079295154185022,7.0,2025-12-18 09:47:00,218.77,47.74798620103393,46.64341332900999,4,875.08,211.11305000000002,226.42695,2025-12-19 15:59:00,216.333,WEEK_END_CLOSE,-9.748000000000047,-1.113955295515845
GILD,2025-12-17 00:00:00,2025-12-18 00:00:00,0.0455252918287937,5.0,2025-12-18 09:56:00,121.47,53.34945696972153,52.564608419625436,8,971.76,117.21855,125.72144999999999,2025-12-19 10:42:00,125.72144999999999,TAKE_PROFIT,34.01159999999993,3.499999999999992
RTX,2025-12-17 00:00:00,2025-12-18 00:00:00,0.0840759395583107,9.0,2025-12-18 09:59:00,179.105,58.599107133971835,55.938346283510455,5,895.525,172.836325,185.37367499999996,2025-12-19 15:59:00,182.09,WEEK_END_CLOSE,14.925000000000068,1.6666201390246105
TXN,2025-12-18 00:00:00,2025-12-19 00:00:00,0.0521890403015366,10.0,2025-12-19 09:50:00,177.645,53.81356651101322,52.980128377203954,5,888.225,171.427425,183.862575,2025-12-19 15:59:00,176.31,WEEK_END_CLOSE,-6.67500000000004,-0.7514987756480629
CSX,2025-12-18 00:00:00,2025-12-19 00:00:00,0.0064935064935064,1.0,2025-12-19 09:51:00,36.605,56.27546512042547,47.58205823236673,27,988.3349999999999,35.323825,37.886174999999994,2025-12-19 15:59:00,36.47,WEEK_END_CLOSE,-3.6449999999999463,-0.368802076219088
ROST,2025-12-18 00:00:00,2025-12-19 00:00:00,0.0424028268551236,8.0,2025-12-19 09:51:00,182.72,58.339978902841914,54.67746697456494,5,913.6,176.32479999999998,189.1152,2025-12-19 15:59:00,182.39,WEEK_END_CLOSE,-1.6500000000000625,-0.18060420315236803
EMR,2025-12-18 00:00:00,2025-12-19 00:00:00,0.0158102766798418,4.0,2025-12-19 09:53:00,132.25,51.10406713060093,49.32522017735417,7,925.75,127.62124999999999,136.87875,2025-12-19 15:59:00,132.96,WEEK_END_CLOSE,4.970000000000056,0.5368620037807137
TFC,2025-12-18 00:00:00,2025-12-19 00:00:00,0.0490867579908675,9.0,2025-12-19 09:58:00,50.08,53.05769505744572,51.89771930260077,19,951.52,48.3272,51.83279999999999,2025-12-19 15:59:00,50.075,WEEK_END_CLOSE,-0.0949999999999136,-0.0099840255590955
USB,2025-12-18 00:00:00,2025-12-19 00:00:00,0.0080526688067903,2.0,2025-12-19 10:03:00,54.05,61.01022599707003,54.80369522161915,18,972.9,52.158249999999995,55.94174999999999,2025-12-19 15:59:00,54.155,WEEK_END_CLOSE,1.8900000000000716,0.1942645698427503
SO,2025-12-19 00:00:00,2025-12-22 00:00:00,0.0277777777777777,7.0,2025-12-22 09:46:00,85.04,38.05195029597122,37.96081272579042,11,935.44,82.06360000000001,88.0164,2025-12-26 15:59:00,87.18,WEEK_END_CLOSE,23.540000000000006,2.5164628410159873
CMCSA,2025-12-19 00:00:00,2025-12-22 00:00:00,0.0040287769784172,1.0,2025-12-22 09:50:00,29.605,47.71036214493177,46.52795685393382,33,976.965,28.568825,30.641174999999997,2025-12-26 15:59:00,29.655,WEEK_END_CLOSE,1.6500000000000234,0.16889039013681106
MDT,2025-12-19 00:00:00,2025-12-22 00:00:00,0.019222367846221,6.0,2025-12-22 09:51:00,97.415,38.073513116486524,37.03490715862081,10,974.1500000000001,94.005475,100.824525,2025-12-26 15:59:00,96.54,WEEK_END_CLOSE,-8.75,-0.8982189601190793
CRH,2025-12-19 00:00:00,2025-12-22 00:00:00,0.0287408759124087,8.0,2025-12-22 09:53:00,124.9,46.33024251890155,46.14149536516527,8,999.2,120.52850000000001,129.2715,2025-12-26 13:55:00,129.28,TAKE_PROFIT_GAP,35.039999999999964,3.5068054443554875
ICE,2025-12-19 00:00:00,2025-12-22 00:00:00,0.0081967213114754,3.0,2025-12-22 09:54:00,160.255,51.2851551430778,46.71698065350389,6,961.53,154.646075,165.863925,2025-12-26 15:59:00,163.52,WEEK_END_CLOSE,19.59000000000009,2.0373779289257765
SPGI,2025-12-19 00:00:00,2025-12-22 00:00:00,0.0059405940594059,2.0,2025-12-22 10:00:00,515.62,57.03944451863569,56.09860282944195,1,515.62,497.57329999999996,533.6667,2025-12-26 15:59:00,529.47,WEEK_END_CLOSE,13.850000000000023,2.6860866529614835
AFL,2025-12-19 00:00:00,2025-12-22 00:00:00,0.0173010380622837,5.0,2025-12-22 10:01:00,110.12,43.78004382696269,43.61712226105314,9,991.08,106.2658,113.9742,2025-12-26 15:59:00,109.91,WEEK_END_CLOSE,-1.8900000000000716,-0.19070105339630272
FDX,2025-12-19 00:00:00,2025-12-22 00:00:00,0.0111344537815126,4.0,2025-12-22 10:16:00,288.49,55.12433394392648,49.50739748029673,3,865.47,278.39285,298.58715,2025-12-26 15:59:00,296.44,WEEK_END_CLOSE,23.849999999999966,2.7557281014939816
AJG,2025-12-19 00:00:00,2025-12-22 00:00:00,0.04,10.0,2025-12-22 10:18:00,257.1099,56.623871725368474,55.0977079234112,3,771.3297,248.11105349999997,266.10874649999994,2025-12-26 15:59:00,261.56,WEEK_END_CLOSE,13.350300000000061,1.730816277397329
BX,2025-12-22 00:00:00,2025-12-23 00:00:00,0.1256101062302612,10.0,2025-12-23 09:45:00,156.4,56.91481204484539,56.00914888701326,6,938.4000000000001,150.926,161.874,2025-12-26 15:59:00,155.44,WEEK_END_CLOSE,-5.760000000000048,-0.6138107416879812
RTX,2025-12-22 00:00:00,2025-12-23 00:00:00,0.1185819070904645,9.0,2025-12-23 09:45:00,187.015,63.22249090547719,54.20881226261526,5,935.0749999999999,180.469475,193.56052499999998,2025-12-26 15:59:00,185.17,WEEK_END_CLOSE,-9.224999999999994,-0.9865518808651719
WMB,2025-12-22 00:00:00,2025-12-23 00:00:00,0.0634920634920634,6.0,2025-12-23 09:45:00,59.05,52.63032717895119,52.4350219853886,16,944.8,56.98325,61.11674999999999,2025-12-26 15:59:00,59.52,WEEK_END_CLOSE,7.5200000000000955,0.7959356477561519
NSC,2025-12-22 00:00:00,2025-12-23 00:00:00,0.0952380952380952,8.0,2025-12-23 09:47:00,291.5,49.01423410732745,47.27094518029829,3,874.5,281.2975,301.7025,2025-12-26 15:59:00,291.07,WEEK_END_CLOSE,-1.2900000000000205,-0.1475128644940038
ADP,2025-12-22 00:00:00,2025-12-23 00:00:00,0.0617283950617283,5.0,2025-12-23 09:55:00,258.77,52.02590822414421,46.173706054587115,3,776.31,249.71304999999998,267.82694999999995,2025-12-26 15:59:00,258.75,WEEK_END_CLOSE,-0.05999999999994543,-0.007728871198353637
KMI,2025-12-22 00:00:00,2025-12-23 00:00:00,0.0068717623427423,1.0,2025-12-23 10:10:00,26.975,56.99003397307106,56.3677860336908,37,998.075,26.030875,27.919125,2025-12-26 15:59:00,27.195,WEEK_END_CLOSE,8.139999999999958,0.8155699721964726
COP,2025-12-22 00:00:00,2025-12-23 00:00:00,0.0907281001137656,7.0,2025-12-23 10:16:00,92.845,43.21335605923368,43.10260894738751,10,928.45,89.59542499999999,96.09457499999999,2025-12-26 15:59:00,91.54,WEEK_END_CLOSE,-13.049999999999926,-1.4055684204857477
APO,2025-12-23 00:00:00,2025-12-24 00:00:00,0.155,10.0,2025-12-24 09:47:00,148.15,47.64834685690615,45.98522413946526,6,888.9000000000001,142.96475,153.33525,2025-12-26 15:59:00,148.53,WEEK_END_CLOSE,2.2799999999999727,0.25649679379007306
HPE,2025-12-23 00:00:00,2025-12-24 00:00:00,0.1176470588235294,6.0,2025-12-24 09:54:00,24.64,55.63908267349825,46.61089534377447,40,985.6,23.7776,25.502399999999998,2025-12-26 15:59:00,24.5,WEEK_END_CLOSE,-5.600000000000023,-0.5681818181818232
UBER,2025-12-23 00:00:00,2025-12-24 00:00:00,0.1397625749602251,9.0,2025-12-24 10:01:00,80.865,59.06997495639304,57.97391730323722,12,970.3799999999999,78.034725,83.695275,2025-12-26 15:59:00,81.255,WEEK_END_CLOSE,4.680000000000007,0.4822852902986563
DHR,2025-12-24 00:00:00,2025-12-26 00:00:00,0.0,1.0,2025-12-26 09:53:00,231.18,52.608399719633425,50.65884635823617,4,924.72,223.0887,239.2713,2025-12-26 15:59:00,230.37,WEEK_END_CLOSE,-3.240000000000009,-0.3503763301323626
REGN,2025-12-24 00:00:00,2025-12-26 00:00:00,0.0099099099099099,6.0,2025-12-26 09:58:00,784.82,51.25616354532007,47.094518694214734,1,784.82,757.3513,812.2887,2025-12-26 15:59:00,784.48,WEEK_END_CLOSE,-0.34000000000003183,-0.04332203562600334
DASH,2025-12-24 00:00:00,2025-12-26 00:00:00,0.0190440627333831,7.0,2025-12-26 10:07:00,232.67,54.657947179463996,50.99056525877816,4,930.68,224.52655,240.81344999999996,2025-12-26 15:59:00,233.95,WEEK_END_CLOSE,5.1200000000000045,0.5501353848798685
CRH,2025-12-24 00:00:00,2025-12-26 00:00:00,0.0,3.0,2025-12-26 14:55:00,129.0,57.62045505211026,49.33535829422923,7,903.0,124.485,133.515,2025-12-26 15:59:00,128.97,WEEK_END_CLOSE,-0.21000000000000796,-0.0232558139534933
ABNB,2025-12-26 00:00:00,2025-12-29 00:00:00,0.0827740492170022,8.0,2025-12-29 09:47:00,136.97,57.445812829275795,55.71544664551341,7,958.79,132.17605,141.76395,2026-01-02 15:59:00,133.0,WEEK_END_CLOSE,-27.789999999999992,-2.8984449149448754
CMCSA,2025-12-26 00:00:00,2025-12-29 00:00:00,0.009417304296645,1.0,2025-12-29 09:47:00,29.675,56.20961956852615,54.91107894383626,33,979.275,28.636375,30.713624999999997,2026-01-02 15:59:00,29.533,WEEK_END_CLOSE,-4.685999999999982,-0.47851727042965697
FTNT,2025-12-26 00:00:00,2025-12-29 00:00:00,0.1226158038147139,10.0,2025-12-29 09:47:00,81.6202,54.56611215413608,52.1740006484597,12,979.4423999999999,78.763493,84.476907,2026-01-02 09:35:00,78.763493,STOP_LOSS,-34.280484,-3.500000000000003
SPGI,2025-12-26 00:00:00,2025-12-29 00:00:00,0.1020408163265306,9.0,2025-12-29 09:47:00,530.48,57.67137546106999,55.10784029112539,1,530.48,511.9132,549.0468,2026-01-02 15:45:00,511.9132,STOP_LOSS,-18.5668,-3.500000000000003
CSX,2025-12-26 00:00:00,2025-12-29 00:00:00,0.0476190476190476,2.0,2025-12-29 09:49:00,36.669,53.99221069475308,53.05544549021982,27,990.0629999999999,35.385585,37.952414999999995,2026-01-02 15:59:00,36.26,WEEK_END_CLOSE,-11.04299999999997,-1.1153835665003053
ISRG,2025-12-26 00:00:00,2025-12-29 00:00:00,0.0571081409477521,3.0,2025-12-29 09:54:00,579.6,58.94573648725929,58.19296935995825,1,579.6,559.314,599.886,2026-01-02 10:29:00,559.3101,STOP_LOSS_GAP,-20.28989999999999,-3.500672877846789
CL,2025-12-26 00:00:00,2025-12-29 00:00:00,0.08,7.0,2025-12-29 10:12:00,79.95,54.3043839853053,51.035128605711364,12,959.4000000000001,77.15175,82.74825,2026-01-02 15:59:00,77.679,WEEK_END_CLOSE,-27.25200000000001,-2.8405253283302123
GLW,2025-12-26 00:00:00,2025-12-29 00:00:00,0.0613069016152716,5.0,2025-12-29 10:15:00,88.7,47.861948989512605,41.89048472202967,11,975.7,85.5955,91.80449999999999,2026-01-02 15:59:00,90.67,WEEK_END_CLOSE,21.669999999999987,2.2209695603156776
KMI,2025-12-26 00:00:00,2025-12-29 00:00:00,0.0597722960151802,4.0,2025-12-29 10:33:00,27.415,63.36486306377167,62.806317494807395,36,986.9399999999999,26.455475,28.374525,2026-01-02 15:59:00,27.71,WEEK_END_CLOSE,10.620000000000061,1.076053255517051
T,2025-12-26 00:00:00,2025-12-29 00:00:00,0.0742201505916099,6.0,2025-12-29 10:48:00,24.905,62.6095457096572,60.041663236068025,40,996.2,24.033325,25.776675,2026-01-02 15:59:00,24.55,WEEK_END_CLOSE,-14.200000000000017,-1.4254165830154597
MS,2025-12-29 00:00:00,2025-12-30 00:00:00,0.166887919590366,6.0,2025-12-30 09:47:00,179.01,41.08083253341821,41.068137174723454,5,895.05,172.74464999999998,185.27534999999997,2026-01-02 15:59:00,181.92,WEEK_END_CLOSE,14.549999999999983,1.6256075079604582
WMB,2025-12-29 00:00:00,2025-12-30 00:00:00,0.1027397260273972,4.0,2025-12-30 09:47:00,60.075,50.14574093500041,47.79357426427909,16,961.2,57.972375,62.177625,2026-01-02 15:59:00,60.84,WEEK_END_CLOSE,12.240000000000009,1.2734082397003688
CSCO,2025-12-29 00:00:00,2025-12-30 00:00:00,0.2276480301958009,10.0,2025-12-30 09:48:00,77.41,47.01704892332539,44.547796424584085,12,928.92,74.70065,80.11935,2026-01-02 15:59:00,76.04,WEEK_END_CLOSE,-16.439999999999884,-1.7697971838263715
HPE,2025-12-29 00:00:00,2025-12-30 00:00:00,0.1753554502369668,9.0,2025-12-30 09:48:00,24.325,53.164600247043644,47.73070118534381,41,997.3249999999999,23.473625,25.176374999999997,2026-01-02 15:59:00,24.17,WEEK_END_CLOSE,-6.354999999999901,-0.6372045220966016
UNP,2025-12-29 00:00:00,2025-12-30 00:00:00,0.174496644295302,8.0,2025-12-30 10:00:00,234.425,54.197508676191894,50.12998731039874,4,937.7,226.220125,242.629875,2026-01-02 15:59:00,231.91,WEEK_END_CLOSE,-10.06000000000006,-1.0728377946038203
REGN,2025-12-29 00:00:00,2025-12-30 00:00:00,0.0934959349593495,3.0,2025-12-30 10:04:00,774.77,47.50189036964406,44.06695138504897,1,774.77,747.65305,801.88695,2026-01-02 15:59:00,776.28,WEEK_END_CLOSE,1.509999999999991,0.19489654994384598
VZ,2025-12-29 00:00:00,2025-12-30 00:00:00,0.1720820189274448,7.0,2025-12-30 10:05:00,40.48,49.88518321246904,45.48917383912591,24,971.52,39.063199999999995,41.89679999999999,2026-01-02 15:59:00,40.46,WEEK_END_CLOSE,-0.4799999999999045,-0.04940711462450009
PEP,2025-12-29 00:00:00,2025-12-30 00:00:00,0.1199281867145422,5.0,2025-12-30 10:50:00,144.2227,45.328398771605514,44.88626711313212,6,865.3362,139.1749055,149.27049449999998,2026-01-02 15:59:00,142.24,WEEK_END_CLOSE,-11.896199999999965,-1.3747489126191614
ADP,2025-12-30 00:00:00,2025-12-31 00:00:00,0.0964705882352941,5.0,2025-12-31 09:46:00,259.28,48.18494313168314,47.73399881918799,3,777.8399999999999,250.20519999999996,268.35479999999995,2026-01-02 15:59:00,252.84,WEEK_END_CLOSE,-19.319999999999908,-2.483801295896315
HLT,2025-12-30 00:00:00,2025-12-31 00:00:00,0.1306666666666666,7.0,2025-12-31 09:46:00,289.435,44.454116416985705,33.55894435280409,3,868.3050000000001,279.304775,299.565225,2026-01-02 15:59:00,292.98,WEEK_END_CLOSE,10.635000000000048,1.2248000414600835
CTAS,2025-12-30 00:00:00,2025-12-31 00:00:00,0.1466666666666666,10.0,2025-12-31 09:47:00,190.345,47.54286764529422,46.41802684302367,5,951.725,183.68292499999998,197.007075,2026-01-02 15:59:00,184.83,WEEK_END_CLOSE,-27.574999999999932,-2.8973705639759317
FDX,2025-12-30 00:00:00,2025-12-31 00:00:00,0.0045708481462671,2.0,2025-12-31 09:49:00,290.4,44.6596253021064,43.78373924943182,3,871.1999999999999,280.236,300.56399999999996,2026-01-02 15:59:00,293.12,WEEK_END_CLOSE,8.160000000000082,0.9366391184573164
NSC,2025-12-30 00:00:00,2025-12-31 00:00:00,0.0,1.0,2025-12-31 09:50:00,290.27,48.956538859575936,47.58953946568818,3,870.81,280.11055,300.42945,2026-01-02 15:59:00,287.81,WEEK_END_CLOSE,-7.379999999999939,-0.8474868226134191
RTX,2025-12-30 00:00:00,2025-12-31 00:00:00,0.142548596112311,9.0,2025-12-31 09:51:00,183.29,50.50842851439078,47.1961410010209,5,916.4499999999999,176.87484999999998,189.70514999999997,2026-01-02 15:59:00,187.24,WEEK_END_CLOSE,19.750000000000085,2.1550548311419115
DLR,2025-12-31 00:00:00,2026-01-02 00:00:00,0.0769230769230769,5.0,2026-01-02 09:45:00,154.47,47.631940237909426,45.3078051250288,6,926.8199999999999,149.06355,159.87644999999998,2026-01-02 15:59:00,155.03,WEEK_END_CLOSE,3.3600000000000136,0.362529941088896
FTNT,2025-12-31 00:00:00,2026-01-02 00:00:00,0.1048780487804878,8.0,2026-01-02 09:47:00,78.655,40.18683800687981,34.04281204474888,12,943.86,75.902075,81.40792499999999,2026-01-02 15:59:00,77.865,WEEK_END_CLOSE,-9.480000000000075,-1.0043862437225992
TXN,2025-12-31 00:00:00,2026-01-02 00:00:00,0.1142578125,10.0,2026-01-02 09:47:00,175.62,53.29082407115881,46.306391070794184,5,878.1,169.4733,181.7667,2026-01-02 15:59:00,177.51,WEEK_END_CLOSE,9.449999999999932,1.0761872224120284
MDT,2025-12-31 00:00:00,2026-01-02 00:00:00,0.0357142857142857,3.0,2026-01-02 09:50:00,95.46,39.10655280325636,37.15389086459233,10,954.5999999999999,92.1189,98.80109999999999,2026-01-02 15:59:00,96.05,WEEK_END_CLOSE,5.900000000000034,0.6180599203855053
USB,2025-12-31 00:00:00,2026-01-02 00:00:00,0.0121415654869542,2.0,2026-01-02 09:50:00,53.14,38.42908612810109,37.934480110515366,18,956.52,51.2801,54.9999,2026-01-02 15:59:00,53.92,WEEK_END_CLOSE,14.04000000000002,1.4678208505833679
CDNS,2025-12-31 00:00:00,2026-01-02 00:00:00,0.1,7.0,2026-01-02 09:54:00,313.91,50.523427600034914,47.417045618851446,3,941.73,302.92315,324.89685000000003,2026-01-02 15:59:00,310.29,WEEK_END_CLOSE,-10.860000000000014,-1.153196776146026
ETN,2025-12-31 00:00:00,2026-01-02 00:00:00,0.0855949895615866,6.0,2026-01-02 10:19:00,326.505,58.70810813749314,57.41078442021213,3,979.515,315.077325,337.93267499999996,2026-01-02 15:59:00,327.26,WEEK_END_CLOSE,2.2649999999999864,0.23123688764337125
KMI,2026-01-02 00:00:00,2026-01-05 00:00:00,0.0882012222343129,4.0,2026-01-05 09:46:00,27.575,40.561563916618255,35.98240859867985,36,992.6999999999999,26.609875,28.540124999999996,2026-01-06 14:48:00,26.609875,STOP_LOSS,-34.744500000000016,-3.500000000000003
MO,2026-01-02 00:00:00,2026-01-05 00:00:00,0.1041681149461871,5.0,2026-01-05 09:46:00,56.53,33.020943284560886,27.52624954983417,17,961.01,54.55145,58.50855,2026-01-09 15:59:00,57.51,WEEK_END_CLOSE,16.659999999999947,1.7335927825933073
FDX,2026-01-02 00:00:00,2026-01-05 00:00:00,0.0499421207658321,1.0,2026-01-05 09:47:00,293.795,57.59630651756184,49.10216633592351,3,881.385,283.512175,304.077825,2026-01-06 14:14:00,304.077825,TAKE_PROFIT,30.848475000000008,3.499999999999992
DUK,2026-01-02 00:00:00,2026-01-05 00:00:00,0.1849148418491484,9.0,2026-01-05 09:48:00,116.08,33.39610800840782,30.495643050184707,8,928.64,112.01719999999999,120.1428,2026-01-09 15:59:00,116.815,WEEK_END_CLOSE,5.8799999999999955,0.6331840110268772
NFLX,2026-01-02 00:00:00,2026-01-05 00:00:00,0.1204385936306999,6.0,2026-01-05 10:00:00,91.74,50.878765799317236,50.39228712669103,10,917.4,88.52909999999999,94.95089999999999,2026-01-09 10:05:00,88.52909999999999,STOP_LOSS,-32.109000000000094,-3.500000000000014
CTAS,2026-01-02 00:00:00,2026-01-05 00:00:00,0.1773774916943521,8.0,2026-01-05 10:20:00,185.445,50.98589539398997,46.32847492657801,5,927.2249999999999,178.954425,191.93557499999997,2026-01-09 10:22:00,191.93557499999997,TAKE_PROFIT,32.45287499999989,3.499999999999992
MA,2026-01-02 00:00:00,2026-01-05 00:00:00,0.2158836235836694,10.0,2026-01-05 10:25:00,572.84,62.66128020898318,62.56685663793934,1,572.84,552.7906,592.8894,2026-01-09 15:59:00,575.48,WEEK_END_CLOSE,2.6399999999999864,0.4608616716709646
SPGI,2026-01-02 00:00:00,2026-01-05 00:00:00,0.1285697746217968,7.0,2026-01-05 10:27:00,532.445,71.73763139387798,71.64297085314642,1,532.445,513.809425,551.080575,2026-01-09 15:59:00,541.95,WEEK_END_CLOSE,9.504999999999995,1.7851609086384501
AON,2026-01-02 00:00:00,2026-01-05 00:00:00,0.074074074074074,2.0,2026-01-05 10:28:00,345.53,56.39560641511796,55.664853088783424,2,691.06,333.43645,357.62354999999997,2026-01-09 15:59:00,350.79,WEEK_END_CLOSE,10.520000000000095,1.5222990767806088
CMCSA,2026-01-02 00:00:00,2026-01-05 00:00:00,0.0820532428041521,3.0,2026-01-05 10:41:00,27.855,39.352950275076104,36.30146993100437,35,974.9250000000001,26.880074999999998,28.829925,2026-01-05 11:39:00,28.829925,TAKE_PROFIT,34.12237499999996,3.499999999999992
CMCSA,2026-01-02 00:00:00,2026-01-05 00:00:00,0.0820532428041521,3.0,2026-01-05 13:13:00,28.2057,43.661288161266256,38.42458824199194,35,987.1995000000001,27.2185005,29.1928995,2026-01-06 14:07:00,27.2185005,STOP_LOSS,-34.551982499999966,-3.499999999999992
MPC,2026-01-05 00:00:00,2026-01-06 00:00:00,0.0994437661104327,7.0,2026-01-06 09:45:00,173.78,41.809952271407575,39.815723414940756,5,868.9,167.6977,179.86229999999998,2026-01-09 15:59:00,176.26,WEEK_END_CLOSE,12.399999999999949,1.427091725169749
JCI,2026-01-05 00:00:00,2026-01-06 00:00:00,0.0105680317040951,1.0,2026-01-06 09:49:00,111.97,39.590690556240695,35.26020333653331,8,895.76,108.05104999999999,115.88895,2026-01-07 09:34:00,115.88895,TAKE_PROFIT,31.351599999999962,3.499999999999992
MDT,2026-01-05 00:00:00,2026-01-06 00:00:00,0.1103876640456079,8.0,2026-01-06 09:50:00,99.71,66.28575355946964,63.97512199339106,10,997.0999999999999,96.22014999999999,103.19984999999998,2026-01-09 15:59:00,97.545,WEEK_END_CLOSE,-21.64999999999992,-2.1712967606057454
ITW,2026-01-05 00:00:00,2026-01-06 00:00:00,0.0317460317460317,3.0,2026-01-06 10:00:00,248.48,50.19015303996771,50.046705705044936,4,993.92,239.7832,257.17679999999996,2026-01-09 15:59:00,255.08,WEEK_END_CLOSE,26.40000000000009,2.6561493882807596
DHR,2026-01-05 00:00:00,2026-01-06 00:00:00,0.1534964918891299,10.0,2026-01-06 10:03:00,238.83,64.1213983503689,61.34208334229054,4,955.32,230.47095000000002,247.18904999999998,2026-01-09 15:59:00,238.33,WEEK_END_CLOSE,-2.0,-0.20935393376041445
MCO,2026-01-05 00:00:00,2026-01-06 00:00:00,0.1508704061895551,9.0,2026-01-06 10:14:00,529.3,47.22636865410055,47.05683918137355,1,529.3,510.77449999999993,547.8254999999999,2026-01-09 15:59:00,531.8,WEEK_END_CLOSE,2.5,0.4723219346306484
ECL,2026-01-05 00:00:00,2026-01-06 00:00:00,0.0609756097560975,6.0,2026-01-06 10:30:00,268.21,64.31239015462565,63.088988935106435,3,804.6299999999999,258.82264999999995,277.59734999999995,2026-01-09 15:59:00,271.73,WEEK_END_CLOSE,10.560000000000116,1.3124044591924289
WELL,2026-01-05 00:00:00,2026-01-06 00:00:00,0.031578947368421,2.0,2026-01-06 11:20:00,184.25,50.868165378465555,46.79170722521928,5,921.25,177.80124999999998,190.69875,2026-01-09 15:59:00,186.09,WEEK_END_CLOSE,9.200000000000017,0.9986431478968827
FDX,2026-01-05 00:00:00,2026-01-06 00:00:00,0.0540520799041015,5.0,2026-01-06 14:19:00,303.96,56.45517520053772,54.87612490506208,3,911.8799999999999,293.3214,314.5986,2026-01-08 11:18:00,314.5986,TAKE_PROFIT,31.91579999999999,3.499999999999992
CMCSA,2026-01-06 00:00:00,2026-01-07 00:00:00,0.0737507525586995,5.0,2026-01-07 09:45:00,27.645,63.41644908260724,59.923595649779095,36,995.22,26.677425,28.612574999999996,2026-01-09 15:59:00,28.36,WEEK_END_CLOSE,25.739999999999995,2.58636281425213
MSI,2026-01-06 00:00:00,2026-01-07 00:00:00,0.0694444444444444,4.0,2026-01-07 09:47:00,380.2186,45.8159628179537,44.0084502967745,2,760.4372,366.91094899999996,393.52625099999995,2026-01-09 15:59:00,383.29,WEEK_END_CLOSE,6.142800000000079,0.8077984612010036
ALL,2026-01-06 00:00:00,2026-01-07 00:00:00,0.0851063829787234,7.0,2026-01-07 09:56:00,208.82,52.8850785723337,46.412155130537904,4,835.28,201.51129999999998,216.12869999999998,2026-01-09 15:59:00,212.215,WEEK_END_CLOSE,13.580000000000041,1.6258021262331335
TFC,2026-01-06 00:00:00,2026-01-07 00:00:00,0.102803738317757,9.0,2026-01-07 09:59:00,50.7021,42.487069853425936,42.278980062520795,19,963.3399000000001,48.9275265,52.4766735,2026-01-09 15:59:00,50.61,WEEK_END_CLOSE,-1.7499000000000393,-0.18164928079902332
APH,2026-01-06 00:00:00,2026-01-07 00:00:00,0.0596990243095749,3.0,2026-01-07 10:03:00,139.315,52.93511550497265,51.53383071489946,7,975.2049999999999,134.438975,144.191025,2026-01-08 10:02:00,134.438975,STOP_LOSS,-34.13217499999999,-3.500000000000003
CSX,2026-01-06 00:00:00,2026-01-07 00:00:00,0.0442608803232337,2.0,2026-01-07 10:26:00,35.435,39.0580072809368,35.19865122077844,28,992.1800000000001,34.194775,36.675225,2026-01-09 15:59:00,35.19,WEEK_END_CLOSE,-6.860000000000127,-0.6914068011852792
PGR,2026-01-06 00:00:00,2026-01-07 00:00:00,0.1306122448979591,10.0,2026-01-07 10:32:00,212.32,50.980203131507956,44.91030272321154,4,849.28,204.88879999999997,219.75119999999998,2026-01-09 15:59:00,215.15,WEEK_END_CLOSE,11.32000000000005,1.3328937452901313
APD,2026-01-07 00:00:00,2026-01-08 00:00:00,0.0935251798561151,9.0,2026-01-08 09:52:00,262.72,54.99611163027377,53.369414156861275,3,788.1600000000001,253.52480000000003,271.9152,2026-01-09 15:59:00,263.73,WEEK_END_CLOSE,3.0299999999999727,0.3844397076735673
JCI,2026-01-07 00:00:00,2026-01-08 00:00:00,0.1014851485148514,10.0,2026-01-08 09:57:00,112.17,43.27115690982238,43.20981239540008,8,897.36,108.24405,116.09594999999999,2026-01-09 15:59:00,110.85,WEEK_END_CLOSE,-10.56000000000006,-1.176785236694311
APH,2026-01-07 00:00:00,2026-01-08 00:00:00,0.084694204290746,7.0,2026-01-08 10:04:00,135.17,43.4126944359982,38.747043592914785,7,946.1899999999999,130.43904999999998,139.90094999999997,2026-01-09 14:57:00,139.90094999999997,TAKE_PROFIT,33.11664999999985,3.499999999999992
KMI,2026-01-07 00:00:00,2026-01-08 00:00:00,0.053913281030439,4.0,2026-01-08 10:15:00,27.25,56.35127215965095,50.64754910698583,36,981.0,26.29625,28.20375,2026-01-09 15:59:00,27.13,WEEK_END_CLOSE,-4.320000000000036,-0.4403669724770687
EQIX,2026-01-07 00:00:00,2026-01-08 00:00:00,0.0350877192982456,3.0,2026-01-08 10:53:00,778.69,51.85085239790897,50.14718536939102,1,778.69,751.4358500000001,805.94415,2026-01-09 15:59:00,800.4,WEEK_END_CLOSE,21.709999999999923,2.7880157700753694
FDX,2026-01-07 00:00:00,2026-01-08 00:00:00,0.0140403752443886,1.0,2026-01-08 11:21:00,314.135,59.972283123754934,57.41175094955985,3,942.405,303.140275,325.12972499999995,2026-01-09 15:59:00,312.36,WEEK_END_CLOSE,-5.324999999999932,-0.5650436914065526
ORLY,2026-01-08 00:00:00,2026-01-09 00:00:00,0.0379746835443038,6.0,2026-01-09 09:51:00,92.42,58.44471161499045,52.18017288250883,10,924.2,89.1853,95.65469999999999,2026-01-09 15:59:00,93.8,WEEK_END_CLOSE,13.799999999999955,1.4931832936593725
T,2026-01-08 00:00:00,2026-01-09 00:00:00,0.0773854045938337,10.0,2026-01-09 09:51:00,24.225,49.517960716228046,45.50121674295445,41,993.225,23.377125,25.072875,2026-01-09 15:59:00,23.985,WEEK_END_CLOSE,-9.840000000000082,-0.9907120743034126
ICE,2026-01-08 00:00:00,2026-01-09 00:00:00,0.0196078431372549,3.0,2026-01-09 10:05:00,163.74,52.46664367833462,50.99197774225409,6,982.44,158.00910000000002,169.4709,2026-01-09 15:59:00,165.98,WEEK_END_CLOSE,13.439999999999884,1.3680224746549285
FDX,2026-01-09 00:00:00,2026-01-12 00:00:00,0.0043838141713786,1.0,2026-01-12 09:45:00,312.06,57.093740112810025,49.6642503248746,3,936.1800000000001,301.1379,322.9821,2026-01-16 15:59:00,308.27,WEEK_END_CLOSE,-11.370000000000061,-1.2145100301224176
KMI,2026-01-09 00:00:00,2026-01-12 00:00:00,0.124134326452321,10.0,2026-01-12 09:45:00,27.1737,51.55671895646612,49.23319422947242,36,978.2532,26.222620499999998,28.1247795,2026-01-16 15:59:00,27.95,WEEK_END_CLOSE,27.946799999999968,2.856806397362144
ADP,2026-01-09 00:00:00,2026-01-12 00:00:00,0.0643410952276979,5.0,2026-01-12 09:52:00,264.135,39.00548219544,38.37523209511855,3,792.405,254.89027499999997,273.37972499999995,2026-01-16 15:59:00,260.44,WEEK_END_CLOSE,-11.08499999999998,-1.398905862532418
MPC,2026-01-09 00:00:00,2026-01-12 00:00:00,0.1,7.0,2026-01-12 09:52:00,175.27,48.29568290451527,43.451067695638244,5,876.35,169.13555,181.40445,2026-01-14 10:03:00,181.40445,TAKE_PROFIT,30.672249999999934,3.499999999999992
DHR,2026-01-09 00:00:00,2026-01-12 00:00:00,0.0206297437402059,2.0,2026-01-12 10:05:00,238.97,60.113640585994084,58.31884398789794,4,955.88,230.60604999999998,247.33395,2026-01-13 12:39:00,230.60604999999998,STOP_LOSS,-33.45580000000007,-3.500000000000003
SPGI,2026-01-09 00:00:00,2026-01-12 00:00:00,0.0936507936507936,6.0,2026-01-12 10:09:00,543.045,50.59009968956617,47.78192037693578,1,543.045,524.038425,562.051575,2026-01-16 15:59:00,546.3,WEEK_END_CLOSE,3.2549999999999955,0.5993978399580158
MSI,2026-01-09 00:00:00,2026-01-12 00:00:00,0.058252427184466,4.0,2026-01-12 10:11:00,385.83,56.46072781530037,51.947425933750424,2,771.66,372.32595,399.33404999999993,2026-01-16 12:15:00,399.33404999999993,TAKE_PROFIT,27.0080999999999,3.499999999999992
AFL,2026-01-09 00:00:00,2026-01-12 00:00:00,0.1008470353761833,8.0,2026-01-12 10:16:00,109.69,51.20356182965021,46.66092238704134,9,987.21,105.85085,113.52914999999999,2026-01-16 15:59:00,109.5,WEEK_END_CLOSE,-1.7099999999999795,-0.17321542528945244
TRV,2026-01-09 00:00:00,2026-01-12 00:00:00,0.1111111111111111,9.0,2026-01-12 10:19:00,282.09,52.23898128014929,47.09035324302049,3,846.27,272.21684999999997,291.9631499999999,2026-01-13 14:36:00,272.21684999999997,STOP_LOSS,-29.61945000000003,-3.500000000000003
CB,2026-01-09 00:00:00,2026-01-12 00:00:00,0.0253807106598984,3.0,2026-01-12 10:26:00,308.22,48.1598340907581,46.571671005013094,3,924.6600000000001,297.4323,319.0077,2026-01-16 15:59:00,300.75,WEEK_END_CLOSE,-22.410000000000082,-2.4235935370839123
EMR,2026-01-12 00:00:00,2026-01-13 00:00:00,0.0398671096345514,5.0,2026-01-13 09:46:00,146.51,59.305689601183666,55.488272888409114,6,879.06,141.38215,151.63785,2026-01-16 15:59:00,149.44,WEEK_END_CLOSE,17.58000000000004,1.9998634905467272
JCI,2026-01-12 00:00:00,2026-01-13 00:00:00,0.0211267605633802,1.0,2026-01-13 09:48:00,111.72,51.50582679902586,50.299686904335395,8,893.76,107.8098,115.63019999999999,2026-01-16 15:59:00,114.61,WEEK_END_CLOSE,23.120000000000005,2.5868242033655564
ICE,2026-01-12 00:00:00,2026-01-13 00:00:00,0.0244252873563218,3.0,2026-01-13 09:50:00,165.67,43.3652590861555,42.09044817906293,6,994.02,159.87154999999998,171.46844999999996,2026-01-14 13:02:00,171.46844999999996,TAKE_PROFIT,34.790699999999845,3.499999999999992
PLD,2026-01-12 00:00:00,2026-01-13 00:00:00,0.0803571428571428,8.0,2026-01-13 09:56:00,128.57,44.311710514688805,40.073142879949536,7,899.99,124.07005,133.06994999999998,2026-01-15 09:31:00,133.06994999999998,TAKE_PROFIT,31.49964999999989,3.499999999999992
AMT,2026-01-12 00:00:00,2026-01-13 00:00:00,0.0808678500986193,9.0,2026-01-13 10:14:00,170.29,51.28511837459908,49.901573080985955,5,851.4499999999999,164.32985,176.25015,2026-01-14 09:31:00,176.25015,TAKE_PROFIT,29.800749999999994,3.499999999999992
TMO,2026-01-12 00:00:00,2026-01-13 00:00:00,0.0571428571428571,7.0,2026-01-13 10:18:00,614.02,59.60275076436665,55.62897178562711,1,614.02,592.5292999999999,635.5106999999999,2026-01-16 15:59:00,618.84,WEEK_END_CLOSE,4.82000000000005,0.7849907169147574
CRH,2026-01-12 00:00:00,2026-01-13 00:00:00,0.0881024096385542,10.0,2026-01-13 10:21:00,126.76,43.17193008523961,42.06612927767978,7,887.32,122.3234,131.1966,2026-01-14 12:59:00,122.3234,STOP_LOSS,-31.05619999999999,-3.500000000000003
PCAR,2026-01-13 00:00:00,2026-01-14 00:00:00,0.1111111111111111,8.0,2026-01-14 09:48:00,119.99,56.931239157713165,56.76449572538634,8,959.92,115.79034999999999,124.18964999999999,2026-01-16 15:59:00,121.37,WEEK_END_CLOSE,11.040000000000077,1.150095841320109
CDNS,2026-01-13 00:00:00,2026-01-14 00:00:00,0.0503355704697986,3.0,2026-01-14 09:54:00,315.03,39.809821695489504,38.16527408109757,3,945.0899999999999,304.00395,326.05604999999997,2026-01-15 09:46:00,326.05604999999997,TAKE_PROFIT,33.078149999999994,3.499999999999992
COP,2026-01-13 00:00:00,2026-01-14 00:00:00,0.1067143221853459,7.0,2026-01-14 10:06:00,100.02,65.19116284646898,60.43182137741634,9,900.18,96.51929999999999,103.52069999999999,2026-01-16 15:59:00,98.18,WEEK_END_CLOSE,-16.559999999999903,-1.8396320735852734
SCHW,2026-01-13 00:00:00,2026-01-14 00:00:00,0.0787316942093242,4.0,2026-01-14 10:06:00,99.9488,45.93922611054554,44.121720824208026,10,999.488,96.450592,103.447008,2026-01-15 11:02:00,103.447008,TAKE_PROFIT,34.98207999999991,3.499999999999992
MO,2026-01-13 00:00:00,2026-01-14 00:00:00,0.0892975480450629,5.0,2026-01-14 10:07:00,60.75,64.18237035786109,63.194152351324156,16,972.0,58.62375,62.87624999999999,2026-01-16 15:59:00,61.76,WEEK_END_CLOSE,16.159999999999968,1.6625514403292074
RSG,2026-01-13 00:00:00,2026-01-14 00:00:00,0.1183431952662721,9.0,2026-01-14 10:12:00,210.62,60.46884012481496,54.112490218721135,4,842.48,203.2483,217.99169999999998,2026-01-16 15:59:00,210.94,WEEK_END_CLOSE,1.2799999999999727,0.1519323900864178
HWM,2026-01-13 00:00:00,2026-01-14 00:00:00,0.09375,6.0,2026-01-14 10:42:00,219.96,53.15450490903998,49.555583812349866,4,879.84,212.2614,227.65859999999998,2026-01-16 15:59:00,224.9,WEEK_END_CLOSE,19.75999999999999,2.245862884160754
PEP,2026-01-13 00:00:00,2026-01-14 00:00:00,0.1229797979797979,10.0,2026-01-14 10:42:00,145.855,64.9087610155994,63.37777399614606,6,875.1299999999999,140.75007499999998,150.95992499999997,2026-01-16 15:59:00,146.31,WEEK_END_CLOSE,2.730000000000075,0.31195365260019425
AEP,2026-01-14 00:00:00,2026-01-15 00:00:00,0.01859410430839,2.0,2026-01-15 09:45:00,118.06,49.685978412375356,44.614785455601215,8,944.48,113.9279,122.1921,2026-01-16 15:59:00,119.96,WEEK_END_CLOSE,15.199999999999932,1.609351177367424
LIN,2026-01-14 00:00:00,2026-01-15 00:00:00,0.019873532068654,3.0,2026-01-15 09:45:00,441.015,56.770724191980634,54.879644911473065,2,882.03,425.57947499999995,456.45052499999997,2026-01-16 15:59:00,438.94,WEEK_END_CLOSE,-4.149999999999977,-0.47050553836036624
T,2026-01-14 00:00:00,2026-01-15 00:00:00,0.0739386427022001,10.0,2026-01-15 09:55:00,23.57,53.79809079476811,44.190175398480235,42,989.94,22.74505,24.394949999999998,2026-01-16 15:59:00,23.495,WEEK_END_CLOSE,-3.14999999999997,-0.3182011030971599
ROST,2026-01-14 00:00:00,2026-01-15 00:00:00,0.0298507462686567,7.0,2026-01-15 10:01:00,193.305,71.55047120828324,63.450151122230444,5,966.5250000000001,186.539325,200.070675,2026-01-16 15:59:00,192.35,WEEK_END_CLOSE,-4.7750000000000625,-0.4940379193502542
CME,2026-01-14 00:00:00,2026-01-15 00:00:00,0.0557575757575757,9.0,2026-01-15 10:09:00,273.43,52.108451549146714,47.25269219928361,3,820.29,263.85995,283.00005,2026-01-16 15:59:00,279.52,WEEK_END_CLOSE,18.269999999999925,2.227261090589905
WMB,2026-01-14 00:00:00,2026-01-15 00:00:00,0.027923917442331,6.0,2026-01-15 10:33:00,60.78,54.344436828087034,48.57909682170623,16,972.48,58.652699999999996,62.9073,2026-01-16 15:59:00,61.54,WEEK_END_CLOSE,12.159999999999968,1.2504113195130007
ETN,2026-01-14 00:00:00,2026-01-15 00:00:00,0.0440134278254382,8.0,2026-01-15 10:58:00,336.88,56.86945943350726,49.62208423286394,2,673.76,325.0892,348.6708,2026-01-16 10:59:00,348.6708,TAKE_PROFIT,23.58159999999998,3.499999999999992
CSX,2026-01-15 00:00:00,2026-01-16 00:00:00,0.0193423597678916,3.0,2026-01-16 09:56:00,36.34,51.007132511866295,50.353558773414086,27,981.1800000000001,35.0681,37.6119,2026-01-16 15:59:00,36.235,WEEK_END_CLOSE,-2.8350000000001074,-0.2889378095762396
AON,2026-01-15 00:00:00,2026-01-16 00:00:00,0.0526315789473684,7.0,2026-01-16 10:04:00,342.04,51.332577204004075,49.46908333902741,2,684.08,330.0686,354.0114,2026-01-16 15:59:00,343.87,WEEK_END_CLOSE,3.659999999999968,0.5350251432580944
CMCSA,2026-01-15 00:00:00,2026-01-16 00:00:00,0.0021736643404644,1.0,2026-01-16 10:10:00,27.97,56.66875692023056,38.32944303718135,35,978.9499999999999,26.991049999999998,28.948949999999996,2026-01-16 15:59:00,27.82,WEEK_END_CLOSE,-5.24999999999995,-0.5362888809438582
MCO,2026-01-15 00:00:00,2026-01-16 00:00:00,0.08,10.0,2026-01-16 10:14:00,536.84,53.24961038155252,51.501947786471284,1,536.84,518.0506,555.6294,2026-01-16 15:59:00,538.87,WEEK_END_CLOSE,2.0299999999999727,0.378138737798972
KMI,2026-01-16 00:00:00,2026-01-20 00:00:00,0.0242252291575731,8.0,2026-01-20 09:49:00,27.975,47.66295678172511,47.15370774295324,35,979.125,26.995875,28.954124999999998,2026-01-22 09:30:00,29.13,TAKE_PROFIT_GAP,40.42499999999991,4.128686327077746
MDLZ,2026-01-16 00:00:00,2026-01-20 00:00:00,0.0084602368866328,5.0,2026-01-20 09:49:00,57.22,53.59749594851833,47.54972791398327,17,972.74,55.217299999999994,59.222699999999996,2026-01-23 15:59:00,58.39,WEEK_END_CLOSE,19.89000000000003,2.044739601537926
PH,2026-01-16 00:00:00,2026-01-20 00:00:00,0.0175284837861524,6.0,2026-01-20 09:50:00,931.3,43.04100909924089,42.54992852651597,1,931.3,898.7044999999999,963.8954999999999,2026-01-23 15:59:00,928.0,WEEK_END_CLOSE,-3.2999999999999545,-0.3543433909588667
TEL,2026-01-16 00:00:00,2026-01-20 00:00:00,0.0257510729613733,9.0,2026-01-20 09:50:00,238.08,40.511631807901,38.00502334233075,4,952.32,229.7472,246.4128,2026-01-21 09:30:00,226.79,STOP_LOSS_GAP,-45.16000000000008,-4.742103494623661
APO,2026-01-16 00:00:00,2026-01-20 00:00:00,0.0051849291393017,3.0,2026-01-20 09:51:00,142.34,45.27657105070328,43.259583034099926,7,996.38,137.3581,147.3219,2026-01-23 10:16:00,137.3581,STOP_LOSS,-34.87329999999997,-3.499999999999992
ALL,2026-01-16 00:00:00,2026-01-20 00:00:00,0.0204081632653061,7.0,2026-01-20 09:54:00,194.555,54.179404443508744,51.988270837769086,5,972.7750000000001,187.745575,201.36442499999998,2026-01-23 15:59:00,193.61,WEEK_END_CLOSE,-4.724999999999966,-0.48572383130733865
AEP,2026-01-16 00:00:00,2026-01-20 00:00:00,0.0051260145237078,2.0,2026-01-20 10:01:00,118.5,41.545225783329215,41.437360941720655,8,948.0,114.35249999999999,122.6475,2026-01-23 15:59:00,116.62,WEEK_END_CLOSE,-15.039999999999964,-1.5864978902953575
SPGI,2026-01-16 00:00:00,2026-01-20 00:00:00,0.0265486725663716,10.0,2026-01-20 10:02:00,541.41,39.84002689654431,39.70576152675043,1,541.41,522.46065,560.35935,2026-01-20 13:41:00,522.46065,STOP_LOSS,-18.94934999999998,-3.499999999999992
FDX,2026-01-16 00:00:00,2026-01-20 00:00:00,0.0083876980428704,4.0,2026-01-20 10:13:00,308.05,45.79020130693056,42.72597840249268,3,924.1500000000001,297.26825,318.83175,2026-01-23 15:59:00,304.04,WEEK_END_CLOSE,-12.029999999999973,-1.3017367310501515
PCAR,2026-01-16 00:00:00,2026-01-20 00:00:00,0.0,1.0,2026-01-20 10:15:00,119.79,49.497491162675445,45.29173244943219,8,958.32,115.59735,123.98264999999999,2026-01-21 14:38:00,123.98264999999999,TAKE_PROFIT,33.54119999999989,3.499999999999992
SPGI,2026-01-16 00:00:00,2026-01-20 00:00:00,0.0265486725663716,10.0,2026-01-20 14:00:00,520.6605,42.276832563818004,31.058565974999627,1,520.6605,502.43738249999996,538.8836174999999,2026-01-22 15:12:00,538.8836174999999,TAKE_PROFIT,18.223117499999944,3.499999999999992
CVS,2026-01-20 00:00:00,2026-01-21 00:00:00,0.0230400144848814,3.0,2026-01-21 09:45:00,80.66,55.430334091053794,55.16236642090428,12,967.92,77.8369,83.4831,2026-01-23 15:59:00,83.015,WEEK_END_CLOSE,28.260000000000048,2.919662782048116
NOW,2026-01-20 00:00:00,2026-01-21 00:00:00,0.1350791414601806,10.0,2026-01-21 09:45:00,126.143,53.019569116820136,47.30697165703922,7,883.001,121.72799499999999,130.55800499999998,2026-01-23 09:50:00,130.55800499999998,TAKE_PROFIT,30.905034999999856,3.499999999999992
SO,2026-01-20 00:00:00,2026-01-21 00:00:00,0.0883392226148409,6.0,2026-01-21 09:49:00,89.2,56.45371756848331,53.868241529008365,11,981.2,86.078,92.322,2026-01-23 15:59:00,87.53,WEEK_END_CLOSE,-18.37000000000002,-1.8721973094170452
CTAS,2026-01-20 00:00:00,2026-01-21 00:00:00,0.0134328358208955,1.0,2026-01-21 09:55:00,194.475,55.89215592900172,54.139064048553145,5,972.375,187.668375,201.281625,2026-01-23 15:59:00,192.9,WEEK_END_CLOSE,-7.874999999999943,-0.8098727342846113
HPE,2026-01-20 00:00:00,2026-01-21 00:00:00,0.0914454277286135,7.0,2026-01-21 09:56:00,20.685,59.044442456780445,58.654577227449515,48,992.8799999999999,19.961025,21.408974999999998,2026-01-22 09:30:00,21.408974999999998,TAKE_PROFIT,34.75079999999997,3.499999999999992
BSX,2026-01-20 00:00:00,2026-01-21 00:00:00,0.0792264504054897,5.0,2026-01-21 09:57:00,91.305,54.66374476688071,52.29730845840421,10,913.0500000000001,88.109325,94.500675,2026-01-23 15:59:00,92.5,WEEK_END_CLOSE,11.949999999999932,1.308800175236846
CSCO,2026-01-20 00:00:00,2026-01-21 00:00:00,0.1165246387550944,8.0,2026-01-21 10:13:00,74.1129,62.43547311731889,57.32681057687152,13,963.4676999999999,71.5189485,76.70685149999998,2026-01-23 15:59:00,74.58,WEEK_END_CLOSE,6.072300000000027,0.6302546520241536
CDNS,2026-01-20 00:00:00,2026-01-21 00:00:00,0.0539772727272727,4.0,2026-01-21 10:16:00,310.4358,58.152484650734074,56.09151875914977,3,931.3073999999999,299.570547,321.30105299999997,2026-01-23 11:03:00,321.30105299999997,TAKE_PROFIT,32.59575899999999,3.499999999999992
CME,2026-01-21 00:00:00,2026-01-22 00:00:00,0.0543478260869565,5.0,2026-01-22 09:46:00,279.475,49.898135544975005,48.2036986239873,3,838.4250000000001,269.693375,289.256625,2026-01-23 15:59:00,282.73,WEEK_END_CLOSE,9.764999999999986,1.1646837820914246
WMB,2026-01-21 00:00:00,2026-01-22 00:00:00,0.0808823529411764,7.0,2026-01-22 09:48:00,63.63,59.60661416917537,58.11029470315083,15,954.45,61.40295,65.85705,2026-01-23 15:59:00,64.96,WEEK_END_CLOSE,19.949999999999868,2.0902090209020674
VZ,2026-01-21 00:00:00,2026-01-22 00:00:00,0.04297273124363,3.0,2026-01-22 09:49:00,39.36,55.00802611734444,51.259598196019525,25,984.0,37.9824,40.73759999999999,2026-01-23 15:59:00,39.52,WEEK_END_CLOSE,4.000000000000092,0.40650406504065817
MDT,2026-01-21 00:00:00,2026-01-22 00:00:00,0.0235294117647058,2.0,2026-01-22 09:58:00,100.73,49.1097066488916,47.98417633628891,9,906.57,97.20445,104.25555,2026-01-23 15:59:00,100.91,WEEK_END_CLOSE,1.6199999999999335,0.17869552268439115
BMY,2026-01-21 00:00:00,2026-01-22 00:00:00,0.1131628787878787,9.0,2026-01-22 09:59:00,55.075,60.42938946269422,55.95368209464615,18,991.35,53.147375000000004,57.002625,2026-01-23 15:59:00,54.645,WEEK_END_CLOSE,-7.739999999999995,-0.7807535179300995
NEE,2026-01-21 00:00:00,2026-01-22 00:00:00,0.1210084033613445,10.0,2026-01-22 10:13:00,83.985,53.51552149519113,51.16862462091673,11,923.835,81.045525,86.92447499999999,2026-01-23 15:59:00,84.81,WEEK_END_CLOSE,9.075000000000031,0.982318271119853
ROST,2026-01-21 00:00:00,2026-01-22 00:00:00,0.0227272727272727,1.0,2026-01-22 10:20:00,190.295,45.53032926299673,45.359218506704146,5,951.4749999999999,183.634675,196.95532499999996,2026-01-23 15:59:00,188.505,WEEK_END_CLOSE,-8.94999999999996,-0.9406447883549163
UPS,2026-01-22 00:00:00,2026-01-23 00:00:00,0.0504749487800335,2.0,2026-01-23 09:56:00,108.62,47.14867616178138,45.87216336727037,9,977.58,104.81830000000001,112.4217,2026-01-23 15:59:00,107.94,WEEK_END_CLOSE,-6.120000000000061,-0.6260357208617284
SPGI,2026-01-22 00:00:00,2026-01-23 00:00:00,0.064516129032258,4.0,2026-01-23 09:57:00,537.44,50.70511157544012,50.154037213091186,1,537.44,518.6296,556.2504,2026-01-23 15:59:00,533.6,WEEK_END_CLOSE,-3.840000000000032,-0.7144983626079293
CMCSA,2026-01-22 00:00:00,2026-01-23 00:00:00,0.0610367892976588,3.0,2026-01-23 10:05:00,28.95,51.624363427235494,51.601552505149016,34,984.3,27.93675,29.96325,2026-01-23 15:59:00,29.32,WEEK_END_CLOSE,12.580000000000034,1.2780656303972293
BRK.B,2026-01-22 00:00:00,2026-01-23 00:00:00,0.1308710033076075,8.0,2026-01-23 10:12:00,481.12,44.656733691274844,43.60149420781072,2,962.24,464.2808,497.95919999999995,2026-01-23 15:59:00,479.34,WEEK_END_CLOSE,-3.560000000000059,-0.3699700698370556
CDNS,2026-01-22 00:00:00,2026-01-23 00:00:00,0.0391173520561685,1.0,2026-01-23 11:10:00,321.285,64.65460858329628,60.78786739185629,3,963.855,310.040025,332.529975,2026-01-23 15:59:00,318.24,WEEK_END_CLOSE,-9.135000000000048,-0.9477566646435509
SPGI,2026-01-23 00:00:00,2026-01-26 00:00:00,0.005524861878453,1.0,2026-01-26 09:47:00,533.35,51.18146794458442,50.991094504054026,1,533.35,514.68275,552.01725,2026-01-30 15:59:00,527.98,WEEK_END_CLOSE,-5.3700000000000045,-1.0068435361395012
KKR,2026-01-23 00:00:00,2026-01-26 00:00:00,0.0583941605839416,6.0,2026-01-26 09:49:00,121.135,51.42052482008278,51.30004257175279,8,969.08,116.895275,125.374725,2026-01-27 09:57:00,116.895275,STOP_LOSS,-33.91780000000006,-3.500000000000003
BSX,2026-01-23 00:00:00,2026-01-26 00:00:00,0.0747126436781609,9.0,2026-01-26 09:54:00,92.985,64.4194117540456,62.46031436873032,10,929.85,89.730525,96.239475,2026-01-30 15:59:00,93.59,WEEK_END_CLOSE,6.05000000000004,0.6506425767596857
CRH,2026-01-23 00:00:00,2026-01-26 00:00:00,0.0364963503649635,5.0,2026-01-26 09:54:00,123.95,61.62854881218049,59.276243216899715,8,991.6,119.61175,128.28825,2026-01-30 15:59:00,122.43,WEEK_END_CLOSE,-12.159999999999968,-1.2263009277934667
MDLZ,2026-01-23 00:00:00,2026-01-26 00:00:00,0.018348623853211,2.0,2026-01-26 09:54:00,58.715,61.23999896347274,60.73040675554349,17,998.1550000000001,56.659975,60.770025,2026-01-30 15:59:00,58.5,WEEK_END_CLOSE,-3.655000000000058,-0.3661755939708855
ABNB,2026-01-23 00:00:00,2026-01-26 00:00:00,0.0837625372729737,10.0,2026-01-26 09:58:00,132.56,51.07471986131748,46.07421604578379,7,927.9200000000001,127.9204,137.1996,2026-01-30 15:59:00,129.37,WEEK_END_CLOSE,-22.329999999999984,-2.4064574532287275
GD,2026-01-23 00:00:00,2026-01-26 00:00:00,0.0672268907563025,7.0,2026-01-26 10:02:00,363.4243,52.38377607265524,48.228010429679635,2,726.8486,350.7044495,376.14415049999997,2026-01-28 09:31:00,350.7044495,STOP_LOSS,-25.439701000000014,-3.500000000000003
FDX,2026-01-23 00:00:00,2026-01-26 00:00:00,0.0323275862068965,3.0,2026-01-26 10:04:00,302.3775,46.26618110636588,45.68840851292984,3,907.1324999999999,291.7942875,312.9607125,2026-01-27 11:10:00,312.9607125,TAKE_PROFIT,31.749637500000006,3.499999999999992
CI,2026-01-23 00:00:00,2026-01-26 00:00:00,0.0730337078651685,8.0,2026-01-26 10:13:00,277.9,47.538271026502166,47.49652375189303,3,833.6999999999999,268.1735,287.62649999999996,2026-01-28 09:30:00,268.1735,STOP_LOSS,-29.179499999999962,-3.499999999999992
CDNS,2026-01-23 00:00:00,2026-01-26 00:00:00,0.0333642261353104,4.0,2026-01-26 11:03:00,321.95,59.19328343744411,57.43977462858659,3,965.8499999999999,310.68174999999997,333.21824999999995,2026-01-29 09:36:00,310.68174999999997,STOP_LOSS,-33.80475000000007,-3.500000000000003
AFL,2026-01-26 00:00:00,2026-01-27 00:00:00,0.0260416666666666,1.0,2026-01-27 09:52:00,108.9799,57.1844225188495,51.63400612319396,9,980.8191,105.1656035,112.7941965,2026-01-30 15:59:00,110.97,WEEK_END_CLOSE,17.910899999999984,1.8261165591086037
ORCL,2026-01-26 00:00:00,2026-01-27 00:00:00,0.1738894907908992,9.0,2026-01-27 09:52:00,175.92,35.355368581054876,34.84676965410203,5,879.5999999999999,169.76279999999997,182.07719999999998,2026-01-29 09:30:00,169.76279999999997,STOP_LOSS,-30.786000000000087,-3.500000000000014
USB,2026-01-26 00:00:00,2026-01-27 00:00:00,0.0768970189701897,2.0,2026-01-27 10:00:00,56.155,53.93011278632862,48.4596612065549,17,954.635,54.189575,58.120425,2026-01-30 15:59:00,56.12,WEEK_END_CLOSE,-0.5950000000000628,-0.06232748642152064
SO,2026-01-26 00:00:00,2026-01-27 00:00:00,0.1186264308012487,4.0,2026-01-27 10:01:00,88.52,50.01337431879106,48.173137396881394,11,973.7199999999999,85.42179999999999,91.61819999999999,2026-01-30 15:59:00,89.34,WEEK_END_CLOSE,9.020000000000081,0.9263443289652118
APO,2026-01-26 00:00:00,2026-01-27 00:00:00,0.0974899148363962,3.0,2026-01-27 10:07:00,129.86,48.54252570603885,48.13828659917745,7,909.0200000000001,125.31490000000001,134.4051,2026-01-29 09:30:00,134.58,TAKE_PROFIT_GAP,33.03999999999999,3.6346835053134186
CME,2026-01-26 00:00:00,2026-01-27 00:00:00,0.1240506329113924,5.0,2026-01-27 10:20:00,283.57,45.55795501205266,45.034468943121176,3,850.71,273.64504999999997,293.49494999999996,2026-01-30 15:59:00,289.06,WEEK_END_CLOSE,16.470000000000027,1.936029904432779
ETN,2026-01-26 00:00:00,2026-01-27 00:00:00,0.1856617647058823,10.0,2026-01-27 10:26:00,336.75,60.04584142166738,57.78939328774332,2,673.5,324.96375,348.53625,2026-01-28 14:31:00,348.61,TAKE_PROFIT_GAP,23.720000000000027,3.52190051967336
BMY,2026-01-27 00:00:00,2026-01-28 00:00:00,0.1773551525873507,9.0,2026-01-28 09:46:00,55.23,47.06312581959622,44.68760433187579,18,994.14,53.296949999999995,57.16304999999999,2026-01-30 15:59:00,55.05,WEEK_END_CLOSE,-3.239999999999995,-0.32590983161325804
HLT,2026-01-27 00:00:00,2026-01-28 00:00:00,0.1428571428571428,5.0,2026-01-28 09:48:00,297.33,63.16743765202224,60.52367095369151,3,891.99,286.92345,307.73654999999997,2026-01-30 15:59:00,298.52,WEEK_END_CLOSE,3.569999999999993,0.40022870211549044
FTNT,2026-01-27 00:00:00,2026-01-28 00:00:00,0.127565982404692,3.0,2026-01-28 10:01:00,82.335,54.35656400989828,50.77755402252287,12,988.02,79.45327499999999,85.21672499999998,2026-01-30 15:59:00,81.26,WEEK_END_CLOSE,-12.899999999999864,-1.3056415862026993
CTAS,2026-01-27 00:00:00,2026-01-28 00:00:00,0.1428571428571428,4.0,2026-01-28 10:02:00,190.398,50.03862876156333,48.65739606794711,5,951.99,183.73407,197.06193,2026-01-30 15:59:00,191.36,WEEK_END_CLOSE,4.8100000000000875,0.505257408166071
HON,2026-01-27 00:00:00,2026-01-28 00:00:00,0.1437019515079834,6.0,2026-01-28 10:20:00,218.96,42.55531982634064,39.57235263252706,4,875.84,211.2964,226.62359999999998,2026-01-29 10:05:00,226.62359999999998,TAKE_PROFIT,30.654399999999896,3.499999999999992
EOG,2026-01-27 00:00:00,2026-01-28 00:00:00,0.1783132530120482,10.0,2026-01-28 10:31:00,110.11,61.44775760149537,59.088987549106264,9,990.99,106.25614999999999,113.96385,2026-01-29 09:30:00,113.96385,TAKE_PROFIT,34.68464999999995,3.499999999999992
BRK.B,2026-01-27 00:00:00,2026-01-28 00:00:00,0.159723164608495,7.0,2026-01-28 10:52:00,474.91,57.30520061648849,54.267044233092015,2,949.82,458.28815000000003,491.53184999999996,2026-01-30 15:59:00,480.79,WEEK_END_CLOSE,11.759999999999991,1.2381293297677454
FDX,2026-01-28 00:00:00,2026-01-29 00:00:00,0.1039697542533081,3.0,2026-01-29 09:45:00,316.84,50.55097901148799,49.52159464521435,3,950.52,305.75059999999996,327.92939999999993,2026-01-30 15:59:00,322.27,WEEK_END_CLOSE,16.29000000000002,1.7137987627824813
CSCO,2026-01-28 00:00:00,2026-01-29 00:00:00,0.1549609810479375,9.0,2026-01-29 09:48:00,79.12,53.26372099581124,52.170967648220355,12,949.44,76.3508,81.8892,2026-01-30 15:59:00,78.34,WEEK_END_CLOSE,-9.360000000000014,-0.9858442871587436
MAR,2026-01-28 00:00:00,2026-01-29 00:00:00,0.1136363636363636,6.0,2026-01-29 09:49:00,314.98,53.701521538457555,49.54321092085829,3,944.94,303.95570000000004,326.0043,2026-01-30 15:59:00,315.405,WEEK_END_CLOSE,1.2749999999998636,0.13492920185407264
COF,2026-01-28 00:00:00,2026-01-29 00:00:00,0.1549392619757048,8.0,2026-01-29 09:51:00,219.825,44.80177716041519,43.488869385121134,4,879.3,212.13112499999997,227.51887499999998,2026-01-30 15:59:00,219.0,WEEK_END_CLOSE,-3.2999999999999545,-0.3752985329239067
QCOM,2026-01-28 00:00:00,2026-01-29 00:00:00,0.1553358613217768,10.0,2026-01-29 09:54:00,152.4723,51.70908217582494,48.129879322572876,6,914.8337999999999,147.13576949999998,157.80883049999997,2026-01-30 15:59:00,151.59,WEEK_END_CLOSE,-5.293799999999919,-0.5786624849234867
KMI,2026-01-28 00:00:00,2026-01-29 00:00:00,0.039212885254098,2.0,2026-01-29 09:56:00,30.445,59.62582370824185,58.433073142023545,32,974.24,29.379424999999998,31.510575,2026-01-30 15:59:00,30.48,WEEK_END_CLOSE,1.1200000000000045,0.11496140581377379
KKR,2026-01-28 00:00:00,2026-01-29 00:00:00,0.1308411214953271,7.0,2026-01-29 10:26:00,116.86,52.54680171597703,52.060511212376596,8,934.88,112.76989999999999,120.95009999999999,2026-01-30 15:59:00,114.27,WEEK_END_CLOSE,-20.720000000000027,-2.2163272291631064
EOG,2026-01-28 00:00:00,2026-01-29 00:00:00,0.1095890410958904,4.0,2026-01-29 10:47:00,113.045,54.190260527202604,48.748736860889025,8,904.36,109.088425,117.00157499999999,2026-01-30 15:59:00,112.13,WEEK_END_CLOSE,-7.32000000000005,-0.8094121809898769
WMB,2026-01-28 00:00:00,2026-01-29 00:00:00,0.112,5.0,2026-01-29 11:11:00,67.29,54.2566606543394,44.632308635444446,14,942.0600000000001,64.93485,69.64515,2026-01-30 15:59:00,67.255,WEEK_END_CLOSE,-0.4900000000001512,-0.052013672165274194
ROST,2026-01-29 00:00:00,2026-01-30 00:00:00,0.0247349823321554,1.0,2026-01-30 09:46:00,186.645,52.70848232373469,48.18678602705739,5,933.225,180.112425,193.177575,2026-01-30 15:59:00,188.58,WEEK_END_CLOSE,9.675000000000011,1.036727477296484
UNP,2026-01-29 00:00:00,2026-01-30 00:00:00,0.1908713692946058,9.0,2026-01-30 09:51:00,232.445,54.28197171352325,47.05642942137835,4,929.78,224.30942499999998,240.58057499999998,2026-01-30 15:59:00,235.035,WEEK_END_CLOSE,10.360000000000014,1.1142420787713325
SNPS,2026-01-29 00:00:00,2026-01-30 00:00:00,0.0349946977730646,2.0,2026-01-30 10:11:00,468.45,44.80162352010396,43.98305152373305,2,936.9,452.05424999999997,484.84574999999995,2026-01-30 15:59:00,465.24,WEEK_END_CLOSE,-6.419999999999959,-0.6852385526737059
UNP,2026-01-30 00:00:00,2026-02-02 00:00:00,0.0562983814215341,8.0,2026-02-02 09:46:00,234.55,51.067943150224956,49.306260637036964,4,938.2,226.34075,242.75924999999998,2026-02-04 09:30:00,242.75924999999998,TAKE_PROFIT,32.836999999999875,3.499999999999992
CRH,2026-01-30 00:00:00,2026-02-02 00:00:00,0.05,7.0,2026-02-02 09:50:00,122.73,54.09987205030158,50.87020235554735,8,981.84,118.43445,127.02555,2026-02-03 10:18:00,127.02555,TAKE_PROFIT,34.36439999999993,3.499999999999992
FDX,2026-01-30 00:00:00,2026-02-02 00:00:00,0.0193103448275862,2.0,2026-02-02 09:50:00,325.18,59.815720147420606,59.749151284300105,3,975.54,313.7987,336.56129999999996,2026-02-03 09:30:00,343.34,TAKE_PROFIT_GAP,54.479999999999905,5.584599298849868
AFL,2026-01-30 00:00:00,2026-02-02 00:00:00,0.0104166666666666,1.0,2026-02-02 09:53:00,111.35,56.74911237305638,56.35786615486155,8,890.8,107.45275,115.24724999999998,2026-02-05 09:31:00,115.24724999999998,TAKE_PROFIT,31.177999999999884,3.499999999999992
ABBV,2026-01-30 00:00:00,2026-02-02 00:00:00,0.0654088050314465,10.0,2026-02-02 10:01:00,229.475,68.10538136792391,66.12378535472759,4,917.9,221.44337499999997,237.50662499999999,2026-02-04 09:30:00,209.775,STOP_LOSS_GAP,-78.79999999999995,-8.58481316047499
ADI,2026-01-30 00:00:00,2026-02-02 00:00:00,0.0366182014001077,6.0,2026-02-02 10:01:00,312.43,51.29248254657115,49.422316777263106,3,937.29,301.49495,323.36505,2026-02-05 11:55:00,323.36505,TAKE_PROFIT,32.80514999999997,3.499999999999992
KKR,2026-01-30 00:00:00,2026-02-02 00:00:00,0.0308788598574821,3.0,2026-02-02 10:31:00,113.05,43.40143808245925,42.64417287409389,8,904.4,109.09325,117.00674999999998,2026-02-03 10:20:00,109.09325,STOP_LOSS,-31.653999999999996,-3.500000000000003
MDLZ,2026-01-30 00:00:00,2026-02-02 00:00:00,0.0357142857142857,5.0,2026-02-02 10:31:00,58.45,50.750117121111,49.618317274115284,17,993.6500000000001,56.40425,60.49575,2026-02-05 09:31:00,60.49575,TAKE_PROFIT,34.77774999999997,3.499999999999992
SPGI,2026-01-30 00:00:00,2026-02-02 00:00:00,0.0333333333333333,4.0,2026-02-02 10:32:00,525.085,48.90745690030318,43.87541760832269,1,525.085,506.70702500000004,543.462975,2026-02-03 09:30:00,503.0,STOP_LOSS_GAP,-22.085000000000036,-4.2059856975537375
CME,2026-01-30 00:00:00,2026-02-02 00:00:00,0.0588235294117647,9.0,2026-02-02 10:33:00,290.0,57.661382592183216,51.696353725388704,3,870.0,279.84999999999997,300.15,2026-02-05 09:42:00,300.15,TAKE_PROFIT,30.449999999999932,3.499999999999992
DLR,2026-02-02 00:00:00,2026-02-03 00:00:00,0.1317504485043752,7.0,2026-02-03 09:47:00,165.66,51.04553831674032,50.06367833667479,6,993.96,159.8619,171.45809999999997,2026-02-06 09:31:00,171.45809999999997,TAKE_PROFIT,34.78859999999986,3.499999999999992
AEP,2026-02-02 00:00:00,2026-02-03 00:00:00,0.0603015075376884,3.0,2026-02-03 09:50:00,119.95,57.725732678254715,55.412392791971975,8,959.6,115.75175,124.14824999999999,2026-02-06 15:59:00,120.77,WEEK_END_CLOSE,6.559999999999945,0.6836181742392533
AMT,2026-02-02 00:00:00,2026-02-03 00:00:00,0.0927643784786641,4.0,2026-02-03 09:50:00,173.085,45.4509742006186,41.966774693734195,5,865.4250000000001,167.027025,179.142975,2026-02-06 15:59:00,171.26,WEEK_END_CLOSE,-9.125000000000085,-1.0543952393332834
SPGI,2026-02-02 00:00:00,2026-02-03 00:00:00,0.1388953578636857,9.0,2026-02-03 10:00:00,482.5325,38.03594535048494,36.42900591847887,2,965.065,465.6438625,499.4211375,2026-02-03 12:27:00,465.6438625,STOP_LOSS,-33.77727500000003,-3.500000000000003
MCO,2026-02-02 00:00:00,2026-02-03 00:00:00,0.0,1.0,2026-02-03 10:01:00,482.985,36.427879027459255,30.566449286061566,2,965.97,466.080525,499.88947499999995,2026-02-04 09:30:00,466.080525,STOP_LOSS,-33.80894999999998,-3.500000000000003
ITW,2026-02-02 00:00:00,2026-02-03 00:00:00,0.15625,10.0,2026-02-03 10:05:00,273.97,60.05290576131063,59.551814198216405,3,821.9100000000001,264.38105,283.55895,2026-02-04 09:30:00,283.55895,TAKE_PROFIT,28.766849999999863,3.499999999999992
FDX,2026-02-02 00:00:00,2026-02-03 00:00:00,0.1377066867574237,8.0,2026-02-03 10:19:00,352.995,67.19041023436873,66.07128488440846,2,705.99,340.640175,365.34982499999995,2026-02-04 15:07:00,365.34982499999995,TAKE_PROFIT,24.709649999999897,3.499999999999992
ICE,2026-02-02 00:00:00,2026-02-03 00:00:00,0.0081355932203389,2.0,2026-02-03 10:30:00,162.825,22.075102355612486,20.796680533530008,6,976.9499999999999,157.12612499999997,168.52387499999998,2026-02-05 09:30:00,168.68,TAKE_PROFIT_GAP,35.13000000000011,3.595885152771383
ROST,2026-02-02 00:00:00,2026-02-03 00:00:00,0.1220819081182554,6.0,2026-02-03 10:31:00,193.19,58.097968036404346,58.089351336086594,5,965.95,186.42835,199.95164999999997,2026-02-06 15:59:00,190.71,WEEK_END_CLOSE,-12.399999999999949,-1.2837103369739533
TT,2026-02-02 00:00:00,2026-02-03 00:00:00,0.1130952380952381,5.0,2026-02-03 10:36:00,432.63,60.72351561284034,58.718392202085205,2,865.26,417.48794999999996,447.77205,2026-02-06 09:32:00,447.77205,TAKE_PROFIT,30.284099999999967,3.499999999999992
SPGI,2026-02-02 00:00:00,2026-02-03 00:00:00,0.1388953578636857,9.0,2026-02-03 12:29:00,466.9503,39.83840375040871,39.09447836189076,2,933.9006,450.6070395,483.2935605,2026-02-04 09:30:00,450.6070395,STOP_LOSS,-32.686521000000084,-3.500000000000014
MO,2026-02-03 00:00:00,2026-02-04 00:00:00,0.1257192146389558,9.0,2026-02-04 09:51:00,64.76,59.32863014993885,57.66624099270985,15,971.4000000000001,62.4934,67.0266,2026-02-06 15:59:00,65.4,WEEK_END_CLOSE,9.600000000000009,0.9882643607164843
RSG,2026-02-03 00:00:00,2026-02-04 00:00:00,0.0444444444444444,1.0,2026-02-04 09:52:00,213.47,49.400843846142585,44.51762889231048,4,853.88,205.99855,220.94144999999997,2026-02-05 09:30:00,220.94144999999997,TAKE_PROFIT,29.885799999999904,3.499999999999992
PG,2026-02-03 00:00:00,2026-02-04 00:00:00,0.117076877537586,8.0,2026-02-04 09:56:00,157.2094,59.65292020471987,58.451450765021846,6,943.2564,151.70707099999998,162.71172899999996,2026-02-06 15:59:00,159.18,WEEK_END_CLOSE,11.823600000000113,1.2534873868865537
CTAS,2026-02-03 00:00:00,2026-02-04 00:00:00,0.056198347107438,2.0,2026-02-04 09:58:00,191.09,54.36151091565522,52.018445140588156,5,955.45,184.40185,197.77814999999998,2026-02-06 15:59:00,195.82,WEEK_END_CLOSE,23.64999999999995,2.4752734313674196
SHW,2026-02-03 00:00:00,2026-02-04 00:00:00,0.0774647887323943,5.0,2026-02-04 10:00:00,368.605,60.94388853702715,58.39428698579476,2,737.21,355.703825,381.506175,2026-02-06 15:59:00,361.93,WEEK_END_CLOSE,-13.350000000000023,-1.8108815669890532
ITW,2026-02-03 00:00:00,2026-02-04 00:00:00,0.1293588301462317,10.0,2026-02-04 10:05:00,288.62,63.17912308609487,62.85496349665743,3,865.86,278.5183,298.7217,2026-02-06 15:59:00,293.715,WEEK_END_CLOSE,15.284999999999911,1.7652969302196508
APD,2026-02-03 00:00:00,2026-02-04 00:00:00,0.0962566844919786,7.0,2026-02-04 10:21:00,286.155,69.72830887453858,69.14699385556438,3,858.4649999999999,276.139575,296.17042499999997,2026-02-06 15:59:00,283.07,WEEK_END_CLOSE,-9.254999999999939,-1.0780870507242524
CSX,2026-02-03 00:00:00,2026-02-04 00:00:00,0.060410162228344,3.0,2026-02-04 10:26:00,39.81,61.87263095268273,61.86164033586013,25,995.25,38.416650000000004,41.20335,2026-02-06 15:59:00,40.58,WEEK_END_CLOSE,19.2499999999999,1.9341873901029816
TEL,2026-02-03 00:00:00,2026-02-04 00:00:00,0.0714285714285714,4.0,2026-02-04 10:38:00,222.13,51.693120304549524,42.89926104629455,4,888.52,214.35545,229.90454999999997,2026-02-05 09:30:00,211.73,STOP_LOSS_GAP,-41.60000000000002,-4.681943006347633
FDX,2026-02-03 00:00:00,2026-02-04 00:00:00,0.0779551300643111,6.0,2026-02-04 15:28:00,364.0827,55.902574236361495,54.91037637708921,2,728.1654,351.33980549999995,376.82559449999997,2026-02-06 15:59:00,369.15,WEEK_END_CLOSE,10.134599999999978,1.3917991709026412
AJG,2026-02-04 00:00:00,2026-02-05 00:00:00,0.0359712230215827,5.0,2026-02-05 09:47:00,249.2225,44.708514741711355,41.96424771887444,4,996.89,240.4997125,257.94528749999995,2026-02-06 12:41:00,240.4997125,STOP_LOSS,-34.89115000000004,-3.500000000000003
RSG,2026-02-04 00:00:00,2026-02-05 00:00:00,0.0114942528735632,1.0,2026-02-05 09:52:00,219.45,53.44631724828932,48.32124906469626,4,877.8,211.76924999999997,227.13074999999998,2026-02-06 15:59:00,219.84,WEEK_END_CLOSE,1.5600000000000591,0.17771701982229882
NSC,2026-02-04 00:00:00,2026-02-05 00:00:00,0.0884803921568627,7.0,2026-02-05 09:53:00,307.04,50.82499947971458,50.48477918108984,3,921.1200000000001,296.2936,317.7864,2026-02-06 15:59:00,306.41,WEEK_END_CLOSE,-1.8899999999999864,-0.205184992183427
CMCSA,2026-02-04 00:00:00,2026-02-05 00:00:00,0.1054232677420127,8.0,2026-02-05 09:55:00,30.47,47.41948606776223,42.71890630123087,32,975.04,29.40355,31.536449999999995,2026-02-06 15:59:00,31.36,WEEK_END_CLOSE,28.480000000000018,2.9209058089924467
WELL,2026-02-04 00:00:00,2026-02-05 00:00:00,0.1428571428571428,9.0,2026-02-05 09:55:00,187.96,58.044297601907964,51.98069191899871,5,939.8000000000001,181.3814,194.5386,2026-02-06 13:57:00,194.5386,TAKE_PROFIT,32.89299999999997,3.499999999999992
ADP,2026-02-04 00:00:00,2026-02-05 00:00:00,0.1453861556704029,10.0,2026-02-05 09:58:00,234.69,42.4248452297338,41.712017331848635,4,938.76,226.47584999999998,242.90415,2026-02-06 15:59:00,231.34,WEEK_END_CLOSE,-13.399999999999977,-1.427414887724232
SPGI,2026-02-04 00:00:00,2026-02-05 00:00:00,0.0256703224640832,3.0,2026-02-05 10:02:00,459.2325,42.84180606897783,41.89705970108137,2,918.465,443.1593625,475.3056375,2026-02-05 12:57:00,443.1593625,STOP_LOSS,-32.14627500000006,-3.500000000000003
SPGI,2026-02-04 00:00:00,2026-02-05 00:00:00,0.0256703224640832,3.0,2026-02-05 13:19:00,448.815,50.36863596825226,46.848550134753964,2,897.63,433.106475,464.52352499999995,2026-02-06 15:59:00,439.27,WEEK_END_CLOSE,-19.090000000000032,-2.1267114512661167
ELV,2026-02-05 00:00:00,2026-02-06 00:00:00,0.049966239027684,5.0,2026-02-06 09:47:00,329.89,43.42166945653359,42.93668674793954,3,989.67,318.34385,341.43614999999994,2026-02-06 15:59:00,338.95,WEEK_END_CLOSE,27.180000000000007,2.746370002121923
PCAR,2026-02-05 00:00:00,2026-02-06 00:00:00,0.057391304347826,6.0,2026-02-06 09:48:00,127.12,43.579526307701116,42.562808904687394,7,889.84,122.6708,131.5692,2026-02-06 15:59:00,127.31,WEEK_END_CLOSE,1.329999999999984,0.14946507237256768
AON,2026-02-05 00:00:00,2026-02-06 00:00:00,0.0,1.0,2026-02-06 09:55:00,342.09,43.11931922545749,37.43362082577894,2,684.18,330.11684999999994,354.06314999999995,2026-02-06 15:59:00,342.01,WEEK_END_CLOSE,-0.15999999999996817,-0.023385658744767834
TMO,2026-02-05 00:00:00,2026-02-06 00:00:00,0.0850044682752457,10.0,2026-02-06 09:58:00,538.91,41.32334653309248,40.21475795274583,1,538.91,520.04815,557.77185,2026-02-06 15:59:00,542.8,WEEK_END_CLOSE,3.8899999999999864,0.7218273923289553
TMUS,2026-02-05 00:00:00,2026-02-06 00:00:00,0.0271159343553815,4.0,2026-02-06 10:00:00,200.065,46.23598911490007,45.53002479384321,4,800.26,193.062725,207.067275,2026-02-06 15:59:00,197.35,WEEK_END_CLOSE,-10.860000000000014,-1.357058955839352
CDNS,2026-02-05 00:00:00,2026-02-06 00:00:00,0.0767938087341072,8.0,2026-02-06 10:11:00,277.255,56.16981133795917,53.5666015185025,3,831.765,267.55107499999997,286.95892499999997,2026-02-06 15:59:00,283.4,WEEK_END_CLOSE,18.434999999999945,2.216371210618373
KMI,2026-02-06 00:00:00,2026-02-09 00:00:00,0.0247245023429451,1.0,2026-02-09 09:53:00,30.555,52.3590460223491,51.976570566791786,32,977.76,29.485574999999997,31.624425,2026-02-11 14:25:00,31.624425,TAKE_PROFIT,34.22159999999997,3.499999999999992
AMT,2026-02-06 00:00:00,2026-02-09 00:00:00,0.0608537693006357,6.0,2026-02-09 09:57:00,170.16,51.70633605293436,50.85827846397872,5,850.8,164.2044,176.11559999999997,2026-02-10 09:59:00,176.11559999999997,TAKE_PROFIT,29.777999999999878,3.499999999999992
MMM,2026-02-06 00:00:00,2026-02-09 00:00:00,0.1635948632206117,9.0,2026-02-09 09:57:00,169.84,44.775303493918564,43.07216884454195,5,849.2,163.8956,175.78439999999998,2026-02-12 12:18:00,175.78439999999998,TAKE_PROFIT,29.721999999999866,3.499999999999992
MRSH,2026-02-06 00:00:00,2026-02-09 00:00:00,0.0333333333333333,2.0,2026-02-09 09:57:00,182.92,44.7017931171936,44.262626959175144,5,914.5999999999999,176.5178,189.32219999999998,2026-02-09 12:32:00,176.5178,STOP_LOSS,-32.01099999999997,-3.499999999999992
UPS,2026-02-06 00:00:00,2026-02-09 00:00:00,0.0813442294287998,7.0,2026-02-09 09:57:00,116.685,57.27339272213476,51.48806774358911,8,933.48,112.60102499999999,120.768975,2026-02-11 09:41:00,120.768975,TAKE_PROFIT,32.67179999999996,3.499999999999992
SO,2026-02-06 00:00:00,2026-02-09 00:00:00,0.0474983811672306,5.0,2026-02-09 09:59:00,89.38,46.3597922699054,45.315676489778035,11,983.18,86.2517,92.50829999999999,2026-02-12 10:52:00,92.50829999999999,TAKE_PROFIT,34.411299999999954,3.499999999999992
PCAR,2026-02-06 00:00:00,2026-02-09 00:00:00,0.0430686406460296,4.0,2026-02-09 10:00:00,125.93,48.31309734335632,42.97812089853868,7,881.51,121.52245,130.33755,2026-02-12 09:30:00,130.37,TAKE_PROFIT_GAP,31.079999999999984,3.52576828396729
FDX,2026-02-06 00:00:00,2026-02-09 00:00:00,0.0347893807227927,3.0,2026-02-09 10:06:00,365.0,44.09047782208937,43.55962432956092,2,730.0,352.22499999999997,377.775,2026-02-12 09:52:00,377.775,TAKE_PROFIT,25.549999999999955,3.499999999999992
ADP,2026-02-06 00:00:00,2026-02-09 00:00:00,0.1127354595835199,8.0,2026-02-09 10:21:00,226.13,40.65200604486882,40.62065111377149,4,904.52,218.21544999999998,234.04455,2026-02-11 14:41:00,218.21544999999998,STOP_LOSS,-31.65820000000008,-3.500000000000014
CDNS,2026-02-06 00:00:00,2026-02-09 00:00:00,0.1728187919463087,10.0,2026-02-09 10:28:00,284.63,55.01071271262124,51.11214242646648,3,853.89,274.66794999999996,294.59205,2026-02-10 09:32:00,294.59205,TAKE_PROFIT,29.88614999999993,3.499999999999992
MRSH,2026-02-06 00:00:00,2026-02-09 00:00:00,0.0333333333333333,2.0,2026-02-09 12:34:00,176.96,46.807340072204916,28.793721992271596,5,884.8000000000001,170.7664,183.15359999999998,2026-02-12 09:52:00,170.7664,STOP_LOSS,-30.968000000000018,-3.500000000000003
TT,2026-02-09 00:00:00,2026-02-10 00:00:00,0.1372549019607843,7.0,2026-02-10 09:47:00,460.825,45.28046096875632,44.46572261270673,2,921.65,444.696125,476.9538749999999,2026-02-12 09:31:00,476.9538749999999,TAKE_PROFIT,32.257749999999874,3.499999999999992
ICE,2026-02-09 00:00:00,2026-02-10 00:00:00,0.1052631578947368,5.0,2026-02-10 09:48:00,166.075,49.08224357290154,42.436076701732624,6,996.4499999999999,160.262375,171.88762499999999,2026-02-11 10:30:00,160.262375,STOP_LOSS,-34.87574999999998,-3.500000000000003
MCO,2026-02-09 00:00:00,2026-02-10 00:00:00,0.1409395973154362,8.0,2026-02-10 09:48:00,420.185,42.778068757029864,42.55055734965658,2,840.37,405.478525,434.89147499999996,2026-02-12 11:01:00,405.478525,STOP_LOSS,-29.412950000000023,-3.500000000000003
QCOM,2026-02-09 00:00:00,2026-02-10 00:00:00,0.2273303874251279,10.0,2026-02-10 09:50:00,138.375,42.12682526637828,41.02365370433099,7,968.625,133.53187499999999,143.218125,2026-02-13 15:59:00,140.77,WEEK_END_CLOSE,16.76500000000007,1.7308039747064186
ABT,2026-02-09 00:00:00,2026-02-10 00:00:00,0.0923772638103211,4.0,2026-02-10 09:51:00,112.235,60.56836469237889,59.849633736683714,8,897.88,108.306775,116.163225,2026-02-13 15:59:00,112.61,WEEK_END_CLOSE,3.0,0.33412037243283343
RSG,2026-02-09 00:00:00,2026-02-10 00:00:00,0.0579710144927536,1.0,2026-02-10 10:24:00,224.08,56.06089649599289,54.954220684224055,4,896.32,216.2372,231.9228,2026-02-13 15:59:00,223.12,WEEK_END_CLOSE,-3.840000000000032,-0.4284184219921494
SYK,2026-02-09 00:00:00,2026-02-10 00:00:00,0.1900826446280991,9.0,2026-02-10 10:26:00,367.035,67.08781295675489,64.5317153313703,2,734.07,354.188775,379.881225,2026-02-13 15:59:00,366.07,WEEK_END_CLOSE,-1.9300000000000637,-0.2629177053959486
SPG,2026-02-09 00:00:00,2026-02-10 00:00:00,0.0754516471838469,2.0,2026-02-10 10:51:00,195.66,41.19620713228642,40.94304618739862,5,978.3,188.81189999999998,202.50809999999998,2026-02-13 15:59:00,196.83,WEEK_END_CLOSE,5.85000000000008,0.5979760809567747
CSX,2026-02-10 00:00:00,2026-02-11 00:00:00,0.0406546259216455,2.0,2026-02-11 09:51:00,41.28,51.89839096686915,46.23087559708356,24,990.72,39.8352,42.724799999999995,2026-02-13 15:59:00,40.87,WEEK_END_CLOSE,-9.840000000000089,-0.9932170542635732
MDT,2026-02-10 00:00:00,2026-02-11 00:00:00,0.1446262333762333,8.0,2026-02-11 09:54:00,99.09,31.970196727957585,31.29757480129484,10,990.9000000000001,95.62185,102.55815,2026-02-13 15:59:00,99.47,WEEK_END_CLOSE,3.7999999999999545,0.3834897567867479
ELV,2026-02-10 00:00:00,2026-02-11 00:00:00,0.09375,5.0,2026-02-11 10:04:00,327.85,53.981957046296806,46.801949240181784,3,983.5500000000001,316.37525,339.32475,2026-02-12 10:22:00,339.32475,TAKE_PROFIT,34.424249999999915,3.499999999999992
NEE,2026-02-10 00:00:00,2026-02-11 00:00:00,0.0969282294484866,6.0,2026-02-11 10:11:00,90.59,39.95214610327363,36.2327309282828,11,996.49,87.41935,93.76065,2026-02-13 10:33:00,93.76065,TAKE_PROFIT,34.87714999999994,3.499999999999992
ALL,2026-02-10 00:00:00,2026-02-11 00:00:00,0.1736334405144694,10.0,2026-02-11 10:13:00,199.5,53.95858630486836,50.71938840654128,5,997.5,192.51749999999998,206.4825,2026-02-12 09:34:00,206.4825,TAKE_PROFIT,34.91249999999994,3.499999999999992
ITW,2026-02-10 00:00:00,2026-02-11 00:00:00,0.0237154150197628,1.0,2026-02-11 10:13:00,297.17,51.27184502977169,50.921650136343146,3,891.51,286.76905,307.57095,2026-02-13 15:59:00,299.55,WEEK_END_CLOSE,7.139999999999986,0.8008883803883204
BSX,2026-02-10 00:00:00,2026-02-11 00:00:00,0.1508938961176346,9.0,2026-02-11 10:25:00,72.945,40.51804920963331,39.017795627559636,13,948.2849999999999,70.39192499999999,75.49807499999999,2026-02-13 09:31:00,75.49807499999999,TAKE_PROFIT,33.189974999999905,3.499999999999992
NSC,2026-02-11 00:00:00,2026-02-12 00:00:00,0.0979020979020978,9.0,2026-02-12 09:47:00,319.47,59.25627456672124,57.042367891031226,3,958.4100000000001,308.28855000000004,330.65145,2026-02-13 15:59:00,315.16,WEEK_END_CLOSE,-12.930000000000007,-1.3491094625473488
SPGI,2026-02-11 00:00:00,2026-02-12 00:00:00,0.0787181543396459,7.0,2026-02-12 09:47:00,391.255,46.387165056135274,45.93405930416335,2,782.51,377.56107499999996,404.948925,2026-02-13 09:30:00,404.948925,TAKE_PROFIT,27.387849999999958,3.499999999999992
CMCSA,2026-02-11 00:00:00,2026-02-12 00:00:00,0.0133418794655282,2.0,2026-02-12 09:48:00,32.76,58.09716731852622,56.636449053833374,30,982.8,31.6134,33.9066,2026-02-13 09:32:00,31.6134,STOP_LOSS,-34.39799999999998,-3.500000000000003
ICE,2026-02-11 00:00:00,2026-02-12 00:00:00,0.0750670241286863,6.0,2026-02-12 09:48:00,148.645,36.55575242265504,33.23257388557532,6,891.8700000000001,143.44242500000001,153.847575,2026-02-13 15:59:00,152.26,WEEK_END_CLOSE,21.689999999999884,2.431968784688343
PCAR,2026-02-11 00:00:00,2026-02-12 00:00:00,0.0676470588235294,5.0,2026-02-12 10:00:00,130.015,49.86747005741643,49.11008120825399,7,910.1049999999999,125.46447499999998,134.56552499999998,2026-02-12 12:08:00,125.46447499999998,STOP_LOSS,-31.853675000000052,-3.500000000000003
KMI,2026-02-11 00:00:00,2026-02-12 00:00:00,0.0663774070485623,4.0,2026-02-12 10:05:00,31.765,52.60200520335904,47.90371678517134,31,984.715,30.653225,32.876774999999995,2026-02-13 15:59:00,32.32,WEEK_END_CLOSE,17.20499999999999,1.7472060443884718
ALL,2026-02-11 00:00:00,2026-02-12 00:00:00,0.0910425844346549,8.0,2026-02-12 10:07:00,206.99,52.201068023985314,49.366554844159616,4,827.96,199.74535,214.23465,2026-02-13 15:59:00,207.5,WEEK_END_CLOSE,2.0399999999999636,0.24638871443063426
FDX,2026-02-11 00:00:00,2026-02-12 00:00:00,0.1196815181391016,10.0,2026-02-12 10:08:00,379.045,61.958564515572654,56.83495899498064,2,758.09,365.778425,392.311575,2026-02-12 11:49:00,365.778425,STOP_LOSS,-26.533149999999978,-3.499999999999992
ELV,2026-02-11 00:00:00,2026-02-12 00:00:00,0.0556792873051225,3.0,2026-02-12 10:50:00,343.2575,68.98448771389215,67.33816735645246,2,686.515,331.24348749999996,355.2715125,2026-02-13 15:59:00,346.81,WEEK_END_CLOSE,7.105000000000018,1.0349373283905061
FDX,2026-02-11 00:00:00,2026-02-12 00:00:00,0.1196815181391016,10.0,2026-02-12 11:51:00,366.89,44.10046112790603,42.474558619912514,2,733.78,354.04884999999996,379.73114999999996,2026-02-13 15:59:00,374.72,WEEK_END_CLOSE,15.660000000000082,2.13415465125788
PCAR,2026-02-11 00:00:00,2026-02-12 00:00:00,0.0676470588235294,5.0,2026-02-12 12:32:00,125.17,35.004136176555946,32.90814770223439,7,876.19,120.78905,129.55095,2026-02-13 15:59:00,127.02,WEEK_END_CLOSE,12.94999999999996,1.4779899336901714
ETN,2026-02-12 00:00:00,2026-02-13 00:00:00,0.1471399590980594,10.0,2026-02-13 09:45:00,388.47,47.692949012706464,44.167323780365486,2,776.94,374.87355,402.06645,2026-02-13 15:59:00,389.11,WEEK_END_CLOSE,1.2799999999999727,0.1647488866579172
AFL,2026-02-12 00:00:00,2026-02-13 00:00:00,0.0567667626491155,2.0,2026-02-13 09:46:00,115.22,43.815022475005314,39.01095984267455,8,921.76,111.1873,119.25269999999999,2026-02-13 15:59:00,114.9,WEEK_END_CLOSE,-2.5599999999999454,-0.2777295608401231
MO,2026-02-12 00:00:00,2026-02-13 00:00:00,0.1259247166797829,8.0,2026-02-13 09:50:00,66.65,46.5299793248566,42.60797711049944,15,999.7500000000001,64.31725,68.98275,2026-02-13 15:59:00,67.23,WEEK_END_CLOSE,8.699999999999974,0.870217554388586
CMI,2026-02-12 00:00:00,2026-02-13 00:00:00,0.144,9.0,2026-02-13 09:51:00,592.26,53.662379165476835,53.37987158022418,1,592.26,571.5309,612.9890999999999,2026-02-13 15:59:00,601.0,WEEK_END_CLOSE,8.740000000000009,1.4757032384425717
SO,2026-02-12 00:00:00,2026-02-13 00:00:00,0.0919549658552591,5.0,2026-02-13 09:51:00,93.2,59.05863420612231,57.80480786302113,10,932.0,89.938,96.46199999999999,2026-02-13 15:59:00,94.945,WEEK_END_CLOSE,17.449999999999903,1.8723175965665195
ROST,2026-02-12 00:00:00,2026-02-13 00:00:00,0.0568446475881839,3.0,2026-02-13 11:14:00,196.0,64.29365584010145,60.333189713211,5,980.0,189.14,202.85999999999999,2026-02-13 15:59:00,196.52,WEEK_END_CLOSE,2.600000000000051,0.2653061224489939
DLR,2026-02-13 00:00:00,2026-02-17 00:00:00,0.093311758360302,6.0,2026-02-17 09:45:00,181.075,50.88312067057375,50.80971509987023,5,905.375,174.737375,187.41262499999996,2026-02-20 10:12:00,174.72,STOP_LOSS_GAP,-31.77499999999995,-3.5095954714897126
KKR,2026-02-13 00:00:00,2026-02-17 00:00:00,0.0695584315375982,5.0,2026-02-17 09:45:00,102.095,50.958024963615884,47.06751061850156,9,918.855,98.521675,105.668325,2026-02-20 15:59:00,101.16,WEEK_END_CLOSE,-8.41500000000002,-0.9158137029237512
BMY,2026-02-13 00:00:00,2026-02-17 00:00:00,0.0643040182442973,4.0,2026-02-17 09:46:00,60.74,51.246293711736264,47.76614672955115,16,971.84,58.6141,62.865899999999996,2026-02-20 15:59:00,60.68,WEEK_END_CLOSE,-0.9600000000000364,-0.09878169245967072
SNPS,2026-02-13 00:00:00,2026-02-17 00:00:00,0.1363651024028382,10.0,2026-02-17 09:49:00,423.18,43.28733636143033,42.76875267364919,2,846.36,408.3687,437.99129999999997,2026-02-18 09:30:00,438.36,TAKE_PROFIT_GAP,30.360000000000014,3.587126045654343
FDX,2026-02-13 00:00:00,2026-02-17 00:00:00,0.105123325867959,8.0,2026-02-17 09:56:00,378.33,52.06197381386613,46.96605247653266,2,756.66,365.08844999999997,391.57154999999995,2026-02-20 15:59:00,388.43,WEEK_END_CLOSE,20.200000000000045,2.669627045172218
PCAR,2026-02-13 00:00:00,2026-02-17 00:00:00,0.0558659217877094,3.0,2026-02-17 09:56:00,126.965,49.73821723217486,49.52889355649576,7,888.755,122.521225,131.408775,2026-02-20 15:59:00,128.45,WEEK_END_CLOSE,10.394999999999897,1.1696136730594997
WMB,2026-02-13 00:00:00,2026-02-17 00:00:00,0.0975108707428741,7.0,2026-02-17 10:12:00,71.8801,47.36029850315953,46.9209410670172,13,934.4413,69.3642965,74.39590349999999,2026-02-20 15:59:00,72.975,WEEK_END_CLOSE,14.233699999999942,1.523231047257867
MDLZ,2026-02-13 00:00:00,2026-02-17 00:00:00,0.0344935385157299,2.0,2026-02-17 10:20:00,60.36,33.60101314307356,29.601606763090462,16,965.76,58.2474,62.47259999999999,2026-02-19 11:25:00,58.2474,STOP_LOSS,-33.80160000000001,-3.500000000000003
MO,2026-02-13 00:00:00,2026-02-17 00:00:00,0.1230577215871333,9.0,2026-02-17 10:20:00,67.04,47.409693880265,46.76290946676344,14,938.5600000000001,64.6936,69.3864,2026-02-20 15:59:00,67.57,WEEK_END_CLOSE,7.419999999999817,0.7905727923627426
AFL,2026-02-13 00:00:00,2026-02-17 00:00:00,0.0209553749360759,1.0,2026-02-17 10:58:00,114.955,41.73944068229764,41.1179531210976,8,919.64,110.931575,118.97842499999999,2026-02-20 15:59:00,114.03,WEEK_END_CLOSE,-7.399999999999977,-0.8046626940976909
APD,2026-02-17 00:00:00,2026-02-18 00:00:00,0.144927536231884,10.0,2026-02-18 09:48:00,279.8526,53.130189641986206,51.8854003745067,3,839.5578,270.057759,289.64744099999996,2026-02-20 15:59:00,281.27,WEEK_END_CLOSE,4.252199999999959,0.5064809117371061
BSX,2026-02-17 00:00:00,2026-02-18 00:00:00,0.0702970297029703,5.0,2026-02-18 09:49:00,75.88,52.502804502978734,47.26831331225699,13,986.4399999999999,73.2242,78.5358,2026-02-20 15:59:00,74.59,WEEK_END_CLOSE,-16.769999999999897,-1.7000527148128497
SLB,2026-02-17 00:00:00,2026-02-18 00:00:00,0.0910032094419712,6.0,2026-02-18 09:49:00,50.95,62.1544464086903,55.775149250989415,19,968.0500000000001,49.16675,52.73325,2026-02-20 15:59:00,50.85,WEEK_END_CLOSE,-1.900000000000027,-0.19627085377821318
ELV,2026-02-17 00:00:00,2026-02-18 00:00:00,0.119047619047619,7.0,2026-02-18 09:50:00,343.6554,48.68848734438303,45.871428977151574,2,687.3108,331.627461,355.68333899999993,2026-02-20 15:59:00,342.94,WEEK_END_CLOSE,-1.4307999999999765,-0.20817365302567836
JCI,2026-02-17 00:00:00,2026-02-18 00:00:00,0.0657276995305164,4.0,2026-02-18 09:51:00,142.29,52.608145253049464,52.24279071087515,7,996.03,137.30984999999998,147.27014999999997,2026-02-20 15:59:00,143.81,WEEK_END_CLOSE,10.640000000000072,1.0682409164382678
EMR,2026-02-17 00:00:00,2026-02-18 00:00:00,0.1299212598425196,8.0,2026-02-18 09:58:00,151.56,62.35665365563291,56.417477998866765,6,909.36,146.2554,156.8646,2026-02-20 15:59:00,148.61,WEEK_END_CLOSE,-17.699999999999932,-1.9464238585378602
PGR,2026-02-17 00:00:00,2026-02-18 00:00:00,0.0552092609082813,2.0,2026-02-18 10:08:00,202.5,40.270927699020525,37.37037443360865,4,810.0,195.4125,209.58749999999998,2026-02-20 15:59:00,204.06,WEEK_END_CLOSE,6.240000000000009,0.7703703703703768
PH,2026-02-17 00:00:00,2026-02-18 00:00:00,0.1428571428571428,9.0,2026-02-18 14:23:00,997.64,39.4969978247273,37.94565918502282,1,997.64,962.7225999999999,1032.5574,2026-02-20 15:59:00,1022.24,WEEK_END_CLOSE,24.600000000000023,2.4658193336273726
AJG,2026-02-18 00:00:00,2026-02-19 00:00:00,0.0204081632653061,1.0,2026-02-19 09:47:00,215.5,62.47061623180118,59.834681638118234,4,862.0,207.95749999999998,223.0425,2026-02-20 15:59:00,216.57,WEEK_END_CLOSE,4.279999999999973,0.49651972157771507
CMCSA,2026-02-18 00:00:00,2026-02-19 00:00:00,0.0220440881763527,2.0,2026-02-19 09:49:00,31.63,52.311255504979854,50.792836963129844,31,980.53,30.522949999999998,32.737049999999996,2026-02-20 15:59:00,31.34,WEEK_END_CLOSE,-8.989999999999974,-0.9168510907366367
NSC,2026-02-18 00:00:00,2026-02-19 00:00:00,0.0454545454545454,5.0,2026-02-19 09:53:00,316.86,52.92203982314051,52.293750254496125,3,950.58,305.7699,327.95009999999996,2026-02-20 15:59:00,316.32,WEEK_END_CLOSE,-1.6200000000000614,-0.17042226850976228
AEP,2026-02-18 00:00:00,2026-02-19 00:00:00,0.0574572127139364,8.0,2026-02-19 09:59:00,127.92,55.9857719250156,55.94765945316889,7,895.44,123.44279999999999,132.3972,2026-02-20 15:59:00,129.39,WEEK_END_CLOSE,10.289999999999893,1.1491557223264337
AMT,2026-02-18 00:00:00,2026-02-19 00:00:00,0.0378787878787878,4.0,2026-02-19 10:09:00,187.67,56.066497714466834,54.44431202342993,5,938.3499999999999,181.10154999999997,194.23844999999997,2026-02-20 15:59:00,187.32,WEEK_END_CLOSE,-1.7499999999999716,-0.18649757553151902
CSX,2026-02-18 00:00:00,2026-02-19 00:00:00,0.0502261366341347,6.0,2026-02-19 10:19:00,41.15,50.79837676863516,49.99329981493171,24,987.5999999999999,39.70975,42.59025,2026-02-20 15:59:00,42.31,WEEK_END_CLOSE,27.84000000000009,2.818955042527338
RSG,2026-02-18 00:00:00,2026-02-19 00:00:00,0.1171132238547968,10.0,2026-02-19 10:25:00,223.685,67.39187852016656,66.86173943574484,4,894.74,215.856025,231.513975,2026-02-20 15:59:00,219.57,WEEK_END_CLOSE,-16.460000000000036,-1.8396405659744763
DUK,2026-02-19 00:00:00,2026-02-20 00:00:00,0.0102127659574468,3.0,2026-02-20 09:47:00,126.335,55.26534551310593,54.374511547499,7,884.3449999999999,121.91327499999998,130.756725,2026-02-20 15:59:00,126.78,WEEK_END_CLOSE,3.1150000000000517,0.3522380971227257
ITW,2026-02-19 00:00:00,2026-02-20 00:00:00,0.0466666666666666,7.0,2026-02-20 09:53:00,293.97,58.00216504400173,52.47700806029939,3,881.9100000000001,283.68105,304.25895,2026-02-20 15:59:00,294.99,WEEK_END_CLOSE,3.0599999999999454,0.3469741810388838
HWM,2026-02-19 00:00:00,2026-02-20 00:00:00,0.0331753554502369,4.0,2026-02-20 09:55:00,254.19,66.00174990098225,63.06748914654043,3,762.5699999999999,245.29335,263.08664999999996,2026-02-20 15:59:00,258.16,WEEK_END_CLOSE,11.910000000000082,1.5618238325662004
SPGI,2026-02-19 00:00:00,2026-02-20 00:00:00,0.060377358490566,8.0,2026-02-20 09:55:00,414.38,55.95600466948643,51.56974751458749,2,828.76,399.87669999999997,428.88329999999996,2026-02-20 15:59:00,417.59,WEEK_END_CLOSE,6.419999999999959,0.7746512862589761
TT,2026-02-19 00:00:00,2026-02-20 00:00:00,0.0,1.0,2026-02-20 10:15:00,466.17,53.97021565173786,52.52475397090196,2,932.34,449.85405000000003,482.48595,2026-02-20 15:59:00,466.99,WEEK_END_CLOSE,1.6399999999999864,0.17590149516271136
FDX,2026-02-20 00:00:00,2026-02-23 00:00:00,0.0051432770022042,1.0,2026-02-23 09:45:00,388.285,48.549084605427154,48.20459130062003,2,776.57,374.695025,401.874975,2026-02-27 15:59:00,387.1,WEEK_END_CLOSE,-2.3700000000000045,-0.3051881993896277
APD,2026-02-20 00:00:00,2026-02-23 00:00:00,0.0151006711409395,4.0,2026-02-23 09:50:00,283.79,56.85180093478936,53.98279275226067,3,851.3700000000001,273.85735,293.72265,2026-02-27 09:48:00,273.85735,STOP_LOSS,-29.79795000000007,-3.500000000000003
DUK,2026-02-20 00:00:00,2026-02-23 00:00:00,0.0492051476154428,10.0,2026-02-23 09:53:00,127.93,55.37251046655193,54.034063387421554,7,895.51,123.45245,132.40755,2026-02-27 15:59:00,130.86,WEEK_END_CLOSE,20.510000000000048,2.2903150160243912
RSG,2026-02-20 00:00:00,2026-02-23 00:00:00,0.0121580547112462,3.0,2026-02-23 09:54:00,221.14,54.59760655891938,50.86666108203542,4,884.56,213.40009999999998,228.87989999999996,2026-02-27 15:19:00,228.87989999999996,TAKE_PROFIT,30.95959999999991,3.499999999999992
CI,2026-02-20 00:00:00,2026-02-23 00:00:00,0.0484189723320158,9.0,2026-02-23 10:05:00,282.09,53.681609958526,53.61535085997246,3,846.27,272.21684999999997,291.9631499999999,2026-02-27 15:59:00,289.79,WEEK_END_CLOSE,23.100000000000136,2.7296252968910695
SPGI,2026-02-20 00:00:00,2026-02-23 00:00:00,0.008130081300813,2.0,2026-02-23 10:14:00,410.1,46.18512953156167,44.06952066373218,2,820.2,395.7465,424.45349999999996,2026-02-25 10:31:00,424.45349999999996,TAKE_PROFIT,28.70699999999988,3.499999999999992
AFL,2026-02-20 00:00:00,2026-02-23 00:00:00,0.0357142857142857,7.0,2026-02-23 10:42:00,113.57,46.3448078875033,45.78381241322816,8,908.56,109.59504999999999,117.54494999999999,2026-02-27 15:59:00,112.93,WEEK_END_CLOSE,-5.119999999999891,-0.5635291009949639
SYK,2026-02-20 00:00:00,2026-02-23 00:00:00,0.0301003344481605,6.0,2026-02-23 10:45:00,382.86,51.71071757892947,49.61364451108654,2,765.72,369.4599,396.26009999999997,2026-02-27 15:59:00,387.55,WEEK_END_CLOSE,9.379999999999995,1.2249908582771862
ABT,2026-02-23 00:00:00,2026-02-24 00:00:00,0.1488095238095238,5.0,2026-02-24 09:46:00,115.1099,53.707383857599574,51.481822793160454,8,920.8792,111.0810535,119.13874649999998,2026-02-27 15:59:00,116.32,WEEK_END_CLOSE,9.680799999999977,1.0512562342596121
KMI,2026-02-23 00:00:00,2026-02-24 00:00:00,0.0242336558459173,2.0,2026-02-24 09:46:00,32.41,47.25756591822764,41.30520808296906,30,972.3,31.275649999999995,33.544349999999994,2026-02-27 15:59:00,33.27,WEEK_END_CLOSE,25.800000000000196,2.653502005553854
DE,2026-02-23 00:00:00,2026-02-24 00:00:00,0.2382261315741249,10.0,2026-02-24 09:58:00,641.5,45.46767331544099,45.065001754999734,1,641.5,619.0475,663.9525,2026-02-26 09:53:00,619.0475,STOP_LOSS,-22.452499999999986,-3.500000000000003
MDT,2026-02-23 00:00:00,2026-02-24 00:00:00,0.1019801980198019,3.0,2026-02-24 10:05:00,97.975,43.10878247451495,42.297631640990524,10,979.75,94.545875,101.40412499999998,2026-02-27 15:59:00,97.64,WEEK_END_CLOSE,-3.3499999999999375,-0.3419239601939239
ANET,2026-02-23 00:00:00,2026-02-24 00:00:00,0.2157077625570776,9.0,2026-02-24 10:06:00,125.855,53.43637237933222,53.28997703361916,7,880.985,121.450075,130.25992499999998,2026-02-25 09:33:00,130.25992499999998,TAKE_PROFIT,30.83447499999984,3.499999999999992
CTAS,2026-02-23 00:00:00,2026-02-24 00:00:00,0.1346153846153846,4.0,2026-02-24 10:06:00,197.85,47.606179064659905,47.33330008313461,5,989.25,190.92524999999998,204.77474999999998,2026-02-27 15:59:00,201.06,WEEK_END_CLOSE,16.05000000000004,1.6224412433661906
CVS,2026-02-23 00:00:00,2026-02-24 00:00:00,0.2151233319854427,8.0,2026-02-24 10:14:00,73.57,31.59742166580878,25.984005435996888,13,956.4099999999999,70.99504999999999,76.14494999999998,2026-02-25 09:47:00,76.14494999999998,TAKE_PROFIT,33.47434999999983,3.499999999999992
NOW,2026-02-24 00:00:00,2026-02-25 00:00:00,0.1834134615384615,8.0,2026-02-25 09:45:00,101.31,49.28256749525533,41.526303929123614,9,911.79,97.76415,104.85584999999999,2026-02-26 09:30:00,107.45,TAKE_PROFIT_GAP,55.260000000000005,6.060606060606055
MAR,2026-02-24 00:00:00,2026-02-25 00:00:00,0.1812080536912751,7.0,2026-02-25 09:47:00,344.7988,50.613261072527635,50.2969803850371,2,689.5976,332.730842,356.866758,2026-02-27 15:59:00,341.63,WEEK_END_CLOSE,-6.337600000000066,-0.9190287205176007
REGN,2026-02-24 00:00:00,2026-02-25 00:00:00,0.0831234256926952,3.0,2026-02-25 09:58:00,784.615,59.36219386215774,58.7724495948651,1,784.615,757.153475,812.076525,2026-02-26 11:39:00,757.153475,STOP_LOSS,-27.46152500000005,-3.500000000000003
CSX,2026-02-24 00:00:00,2026-02-25 00:00:00,0.09375,4.0,2026-02-25 10:17:00,42.28,46.41921127236882,45.41925092581494,23,972.44,40.8002,43.7598,2026-02-27 15:59:00,42.7,WEEK_END_CLOSE,9.66000000000004,0.9933774834437026
TXN,2026-02-24 00:00:00,2026-02-25 00:00:00,0.204241948153967,10.0,2026-02-25 10:17:00,213.55,54.05884693507534,49.822270978202994,4,854.2,206.07575,221.02425,2026-02-27 15:59:00,212.08,WEEK_END_CLOSE,-5.8799999999999955,-0.688363380941226
NSC,2026-02-24 00:00:00,2026-02-25 00:00:00,0.1515151515151515,6.0,2026-02-25 10:30:00,311.205,44.10093750137521,43.19718481538764,3,933.615,300.312825,322.09717499999994,2026-02-27 15:59:00,314.56,WEEK_END_CLOSE,10.065000000000055,1.0780675117687766
ISRG,2026-02-24 00:00:00,2026-02-25 00:00:00,0.0789636027143738,2.0,2026-02-25 11:07:00,501.465,53.55436138291831,48.78825714371306,1,501.465,483.91372499999994,519.016275,2026-02-27 15:59:00,503.34,WEEK_END_CLOSE,1.875,0.37390445993239485
CL,2026-02-25 00:00:00,2026-02-26 00:00:00,0.0916030534351145,6.0,2026-02-26 09:45:00,97.21,59.96452843402554,54.90529186920961,10,972.0999999999999,93.80765,100.61234999999999,2026-02-27 15:59:00,99.1,WEEK_END_CLOSE,18.900000000000006,1.9442444192984354
EMR,2026-02-25 00:00:00,2026-02-26 00:00:00,0.1886792452830188,7.0,2026-02-26 09:45:00,149.08,47.36131227053359,46.53845940374792,6,894.48,143.8622,154.2978,2026-02-27 15:59:00,150.76,WEEK_END_CLOSE,10.07999999999987,1.1269117252481697
CRH,2026-02-25 00:00:00,2026-02-26 00:00:00,0.0344827586206896,2.0,2026-02-26 09:46:00,120.275,45.99472431335833,40.96870427384324,8,962.2,116.065375,124.484625,2026-02-27 15:59:00,119.96,WEEK_END_CLOSE,-2.5200000000000955,-0.261899812928712
BMY,2026-02-25 00:00:00,2026-02-26 00:00:00,0.0353107344632768,3.0,2026-02-26 09:52:00,61.215,54.56911274835227,53.40409435327012,16,979.44,59.072475000000004,63.357524999999995,2026-02-27 15:59:00,62.36,WEEK_END_CLOSE,18.319999999999936,1.8704565874377188
JPM,2026-02-25 00:00:00,2026-02-26 00:00:00,0.2425531914893617,10.0,2026-02-26 09:52:00,307.015,57.633141883635545,54.41810191397737,3,921.045,296.269475,317.760525,2026-02-27 09:43:00,296.269475,STOP_LOSS,-32.23657499999996,-3.499999999999992
HLT,2026-02-25 00:00:00,2026-02-26 00:00:00,0.0520833333333333,5.0,2026-02-26 10:11:00,317.28,54.38278063199668,53.36259266151194,3,951.8399999999999,306.17519999999996,328.3847999999999,2026-02-27 15:59:00,311.72,WEEK_END_CLOSE,-16.679999999999836,-1.7523953605647846
BSX,2026-02-25 00:00:00,2026-02-26 00:00:00,0.1895043731778425,8.0,2026-02-26 10:23:00,74.84,54.8104860056852,53.77676356801241,13,972.9200000000001,72.2206,77.4594,2026-02-27 15:59:00,76.85,WEEK_END_CLOSE,26.12999999999988,2.685729556386951
SPGI,2026-02-25 00:00:00,2026-02-26 00:00:00,0.2025316455696202,9.0,2026-02-26 10:35:00,436.56,62.99080258395791,60.758919940034346,2,873.12,421.2804,451.83959999999996,2026-02-27 15:59:00,441.87,WEEK_END_CLOSE,10.620000000000005,1.2163276525563482
DASH,2026-02-26 00:00:00,2026-02-27 00:00:00,0.1697217460108136,9.0,2026-02-27 09:46:00,178.0,51.46727192685458,42.53134122992796,5,890.0,171.76999999999998,184.23,2026-02-27 15:59:00,176.7,WEEK_END_CLOSE,-6.500000000000057,-0.7303370786516883
TGT,2026-02-26 00:00:00,2026-02-27 00:00:00,0.1099800209304538,4.0,2026-02-27 09:46:00,112.72,48.17014035232179,44.56105099609304,8,901.76,108.7748,116.66519999999998,2026-02-27 15:59:00,113.77,WEEK_END_CLOSE,8.399999999999977,0.9315117104329307
NEE,2026-02-26 00:00:00,2026-02-27 00:00:00,0.1310067405957816,6.0,2026-02-27 09:48:00,91.53,44.25647108039424,40.79546530068911,10,915.3,88.32645,94.73355,2026-02-27 15:59:00,93.75,WEEK_END_CLOSE,22.19999999999999,2.4254342838413656
RTX,2026-02-26 00:00:00,2026-02-27 00:00:00,0.1568322981366459,8.0,2026-02-27 09:48:00,198.61,54.16405524416485,50.381527051438525,5,993.0500000000001,191.65865,205.56135,2026-02-27 15:59:00,202.45,WEEK_END_CLOSE,19.199999999999875,1.9334373898595159
MDLZ,2026-02-26 00:00:00,2026-02-27 00:00:00,0.0706106870229007,2.0,2026-02-27 09:52:00,60.3872,51.96574035032297,51.097843011464235,16,966.1952,58.273648,62.500752,2026-02-27 15:59:00,61.56,WEEK_END_CLOSE,18.764800000000037,1.9421334322505368
REGN,2026-02-26 00:00:00,2026-02-27 00:00:00,0.1739130434782608,10.0,2026-02-27 10:05:00,781.605,58.26888539226271,57.08670298152814,1,781.605,754.248825,808.9611749999999,2026-02-27 15:59:00,781.24,WEEK_END_CLOSE,-0.3650000000000091,-0.04669878007433903
PG,2026-02-26 00:00:00,2026-02-27 00:00:00,0.1553856532493816,7.0,2026-02-27 10:25:00,165.65,65.53812254022257,64.35350130492066,6,993.9000000000001,159.85225,171.44774999999998,2026-02-27 15:59:00,167.135,WEEK_END_CLOSE,8.909999999999911,0.896468457591304
CMCSA,2026-02-27 00:00:00,2026-03-02 00:00:00,0.130098452883263,7.0,2026-03-02 09:45:00,30.815,52.29512299389428,49.38058040066926,32,986.08,29.736475,31.893525,2026-03-04 12:54:00,31.893525,TAKE_PROFIT,34.51279999999997,3.499999999999992
FDX,2026-02-27 00:00:00,2026-03-02 00:00:00,0.0019120458891013,1.0,2026-03-02 09:45:00,384.21,38.59621002923432,36.57210663761677,2,768.42,370.76264999999995,397.65734999999995,2026-03-06 09:30:00,364.97,STOP_LOSS_GAP,-38.479999999999905,-5.0076780927097
MDLZ,2026-02-27 00:00:00,2026-03-02 00:00:00,0.1701030927835051,10.0,2026-03-02 09:48:00,61.075,52.66911281575175,51.923972634228036,16,977.2,58.937375,63.212624999999996,2026-03-03 09:57:00,58.937375,STOP_LOSS,-34.202,-3.500000000000003
SO,2026-02-27 00:00:00,2026-03-02 00:00:00,0.0987654320987654,5.0,2026-03-02 09:48:00,97.395,51.04577689570832,48.09879177682192,10,973.9499999999999,93.98617499999999,100.80382499999999,2026-03-06 15:59:00,97.49,WEEK_END_CLOSE,0.9499999999999886,0.09754094152676362
WMB,2026-02-27 00:00:00,2026-03-02 00:00:00,0.0693069306930693,2.0,2026-03-02 09:52:00,75.47,58.3892704580407,58.252905722236584,13,981.11,72.82854999999999,78.11144999999999,2026-03-06 15:59:00,74.23,WEEK_END_CLOSE,-16.119999999999933,-1.6430369683317791
DLR,2026-02-27 00:00:00,2026-03-02 00:00:00,0.0833333333333333,4.0,2026-03-02 09:54:00,175.63,49.656246608648395,48.38454538608196,5,878.15,169.48295,181.77704999999997,2026-03-04 14:13:00,181.77704999999997,TAKE_PROFIT,30.735249999999894,3.499999999999992
PEP,2026-02-27 00:00:00,2026-03-02 00:00:00,0.0718308558766503,3.0,2026-03-02 09:58:00,168.82,53.31011853352773,51.28165504972729,5,844.0999999999999,162.91129999999998,174.72869999999998,2026-03-05 09:30:00,162.16,STOP_LOSS_GAP,-33.29999999999998,-3.945030209690792
ADI,2026-02-27 00:00:00,2026-03-02 00:00:00,0.1473354231974921,9.0,2026-03-02 10:01:00,351.98,56.43467140946795,56.01008059660893,2,703.96,339.6607,364.2993,2026-03-03 09:30:00,339.15,STOP_LOSS_GAP,-25.660000000000082,-3.6450934712199623
MO,2026-02-27 00:00:00,2026-03-02 00:00:00,0.1032967032967032,6.0,2026-03-02 10:12:00,69.38,51.47437659560071,51.25576692750561,14,971.3199999999999,66.95169999999999,71.80829999999999,2026-03-05 09:40:00,66.95169999999999,STOP_LOSS,-33.9962000000001,-3.500000000000014
PGR,2026-02-27 00:00:00,2026-03-02 00:00:00,0.1327433628318584,8.0,2026-03-02 10:31:00,212.585,48.441495939571645,47.41255810805353,4,850.34,205.144525,220.025475,2026-03-06 15:59:00,210.61,WEEK_END_CLOSE,-7.899999999999977,-0.9290401486464206
APD,2026-03-02 00:00:00,2026-03-03 00:00:00,0.085,5.0,2026-03-03 09:54:00,270.825,49.864098069700546,44.48904759260306,3,812.4749999999999,261.346125,280.30387499999995,2026-03-06 15:59:00,272.17,WEEK_END_CLOSE,4.035000000000082,0.4966306655589614
MRSH,2026-03-02 00:00:00,2026-03-03 00:00:00,0.05,4.0,2026-03-03 09:54:00,183.91,39.06424346077649,38.940252814142454,5,919.55,177.47315,190.34685,2026-03-06 15:59:00,183.12,WEEK_END_CLOSE,-3.94999999999996,-0.4295579359469226
TRV,2026-03-02 00:00:00,2026-03-03 00:00:00,0.1756756756756756,10.0,2026-03-03 09:55:00,305.91,36.56301384434736,35.82328343556575,3,917.73,295.20315,316.61685,2026-03-06 15:59:00,306.3,WEEK_END_CLOSE,1.169999999999959,0.1274884770030349
SPG,2026-03-02 00:00:00,2026-03-03 00:00:00,0.0978723404255319,6.0,2026-03-03 09:58:00,199.21,40.09837700351406,35.75275377120719,5,996.0500000000001,192.23765,206.18234999999999,2026-03-06 15:59:00,194.82,WEEK_END_CLOSE,-21.950000000000074,-2.203704633301551
RSG,2026-03-02 00:00:00,2026-03-03 00:00:00,0.1538461538461538,8.0,2026-03-03 10:02:00,228.43,46.08110530992887,45.40953343110798,4,913.72,220.43495,236.42505,2026-03-06 15:59:00,231.05,WEEK_END_CLOSE,10.480000000000018,1.146959681302806
WELL,2026-03-02 00:00:00,2026-03-03 00:00:00,0.0170212765957446,1.0,2026-03-03 10:02:00,207.24,50.933701272588024,49.622139242589164,4,828.96,199.9866,214.49339999999998,2026-03-05 11:16:00,199.9866,STOP_LOSS,-29.013599999999997,-3.500000000000003
JCI,2026-03-02 00:00:00,2026-03-03 00:00:00,0.0190703218116805,2.0,2026-03-03 10:06:00,139.51,41.591978078434636,38.401002628906504,7,976.5699999999999,134.62715,144.39284999999998,2026-03-05 12:44:00,134.62715,STOP_LOSS,-34.179949999999934,-3.499999999999992
SLB,2026-03-02 00:00:00,2026-03-03 00:00:00,0.1063181135956451,7.0,2026-03-03 10:07:00,48.86,31.488033065577795,31.410504401976848,20,977.2,47.149899999999995,50.5701,2026-03-05 10:18:00,47.149899999999995,STOP_LOSS,-34.20200000000008,-3.500000000000003
AON,2026-03-03 00:00:00,2026-03-04 00:00:00,0.0833333333333333,4.0,2026-03-04 09:49:00,339.76,56.60294305769564,50.86039870604697,2,679.52,327.8684,351.6516,2026-03-06 15:59:00,340.6,WEEK_END_CLOSE,1.6800000000000637,0.24723334118201823
AFL,2026-03-03 00:00:00,2026-03-04 00:00:00,0.0387079187678887,2.0,2026-03-04 09:51:00,111.545,41.22161438249295,40.78564692692943,8,892.36,107.640925,115.449075,2026-03-06 15:59:00,111.28,WEEK_END_CLOSE,-2.1200000000000045,-0.23757228024564592
SHW,2026-03-03 00:00:00,2026-03-04 00:00:00,0.1167883211678832,8.0,2026-03-04 09:51:00,345.35,42.296910208501195,35.50094929680093,2,690.7,333.26275000000004,357.43725,2026-03-05 14:15:00,333.26275000000004,STOP_LOSS,-24.174499999999966,-3.499999999999992
VRTX,2026-03-03 00:00:00,2026-03-04 00:00:00,0.1332311998622522,10.0,2026-03-04 09:58:00,472.76,46.66368769153594,44.61202257323125,2,945.52,456.2134,489.30659999999995,2026-03-06 09:30:00,456.2134,STOP_LOSS,-33.093200000000024,-3.500000000000003
SPGI,2026-03-03 00:00:00,2026-03-04 00:00:00,0.0901864801864801,6.0,2026-03-04 10:05:00,445.66,52.51260355151059,48.49311308216522,2,891.32,430.06190000000004,461.2581,2026-03-06 15:59:00,452.22,WEEK_END_CLOSE,13.120000000000005,1.4719741506978412
NSC,2026-03-03 00:00:00,2026-03-04 00:00:00,0.009090909090909,1.0,2026-03-04 10:06:00,315.07,45.5738905666893,44.77951175956934,3,945.21,304.04255,326.09745,2026-03-06 09:55:00,304.04255,STOP_LOSS,-33.08234999999996,-3.499999999999992
AJG,2026-03-03 00:00:00,2026-03-04 00:00:00,0.0978260869565217,7.0,2026-03-04 10:31:00,227.445,55.99483884536957,53.30207366708009,4,909.78,219.484425,235.40557499999997,2026-03-06 15:59:00,227.93,WEEK_END_CLOSE,1.9400000000000546,0.21323836531910167
DUK,2026-03-04 00:00:00,2026-03-05 00:00:00,0.1502732240437158,9.0,2026-03-05 09:47:00,130.47,36.73052700124965,35.336407786539674,7,913.29,125.90355,135.03645,2026-03-06 15:59:00,132.48,WEEK_END_CLOSE,14.069999999999936,1.5405840423085682
CRH,2026-03-04 00:00:00,2026-03-05 00:00:00,0.0622891992990915,3.0,2026-03-05 09:50:00,113.12,52.13736998525587,51.09682684313305,8,904.96,109.1608,117.0792,2026-03-06 09:30:00,108.0,STOP_LOSS_GAP,-40.960000000000036,-4.526166902404527
APO,2026-03-04 00:00:00,2026-03-05 00:00:00,0.1391288715592276,7.0,2026-03-05 09:57:00,111.18,57.8212006117454,55.3161755852079,8,889.44,107.2887,115.0713,2026-03-06 09:30:00,107.2887,STOP_LOSS,-31.13040000000001,-3.500000000000003
CL,2026-03-04 00:00:00,2026-03-05 00:00:00,0.2162878787878787,10.0,2026-03-05 09:57:00,94.04,35.80747237485153,34.19291669386458,10,940.4000000000001,90.7486,97.3314,2026-03-06 15:59:00,93.54,WEEK_END_CLOSE,-5.0,-0.531688643130579
EQIX,2026-03-04 00:00:00,2026-03-05 00:00:00,0.0727272727272727,5.0,2026-03-05 10:00:00,952.0,48.26725619540289,45.750784569300464,1,952.0,918.68,985.3199999999999,2026-03-06 15:59:00,936.65,WEEK_END_CLOSE,-15.350000000000023,-1.6123949579831987
BSX,2026-03-04 00:00:00,2026-03-05 00:00:00,0.1415873507424169,8.0,2026-03-05 10:09:00,71.69,41.37455010171214,39.16731315009157,13,931.97,69.18084999999999,74.19914999999999,2026-03-06 15:59:00,71.3,WEEK_END_CLOSE,-5.070000000000007,-0.5440089273259896
WELL,2026-03-04 00:00:00,2026-03-05 00:00:00,0.0666666666666666,4.0,2026-03-05 11:22:00,200.045,36.47275714155186,35.2293936551987,4,800.18,193.04342499999998,207.04657499999996,2026-03-06 15:59:00,204.3,WEEK_END_CLOSE,17.020000000000095,2.127021420180464
REGN,2026-03-05 00:00:00,2026-03-06 00:00:00,0.0970772776281106,10.0,2026-03-06 09:48:00,757.83,52.187159749864385,51.64635450707601,1,757.83,731.30595,784.35405,2026-03-06 15:59:00,759.635,WEEK_END_CLOSE,1.80499999999995,0.2381800667695888
FDX,2026-03-05 00:00:00,2026-03-06 00:00:00,0.0178836534395006,4.0,2026-03-06 09:58:00,359.83,40.07722726275287,37.305222877736085,2,719.66,347.23594999999995,372.42404999999997,2026-03-06 15:59:00,358.98,WEEK_END_CLOSE,-1.6999999999999318,-0.23622266070087994
TEL,2026-03-05 00:00:00,2026-03-06 00:00:00,0.0137457044673539,3.0,2026-03-06 09:59:00,205.785,46.440866141773746,43.34234811211169,4,823.14,198.582525,212.987475,2026-03-06 15:59:00,205.81,WEEK_END_CLOSE,0.10000000000002274,0.012148601695938233
CI,2026-03-05 00:00:00,2026-03-06 00:00:00,0.089162420311914,9.0,2026-03-06 10:08:00,271.74,42.24907732687624,36.83997042420922,3,815.22,262.2291,281.2509,2026-03-06 15:59:00,271.62,WEEK_END_CLOSE,-0.36000000000001364,-0.04415985868845285
SLB,2026-03-05 00:00:00,2026-03-06 00:00:00,0.0558231737386932,6.0,2026-03-06 10:14:00,46.67,46.67656502484767,46.675534396374,21,980.07,45.03655,48.30345,2026-03-06 15:59:00,46.8704,WEEK_END_CLOSE,4.208399999999891,0.4293979001499748
BSX,2026-03-06 00:00:00,2026-03-09 00:00:00,0.0873844141170873,8.0,2026-03-09 09:45:00,70.48,46.10869861181725,42.1569428619858,14,986.72,68.0132,72.9468,2026-03-12 12:07:00,68.0132,STOP_LOSS,-34.53520000000009,-3.500000000000014
KMI,2026-03-06 00:00:00,2026-03-09 00:00:00,0.0668082175801299,6.0,2026-03-09 09:46:00,33.41,47.88993702145034,42.25801739665762,29,968.8899999999999,32.240649999999995,34.57934999999999,2026-03-13 15:59:00,33.39,WEEK_END_CLOSE,-0.5799999999998846,-0.05986231667164388
ABBV,2026-03-06 00:00:00,2026-03-09 00:00:00,0.1339573979090194,10.0,2026-03-09 09:47:00,229.255,47.303091459073535,45.397865625501396,4,917.02,221.23107499999998,237.278925,2026-03-13 15:38:00,221.23107499999998,STOP_LOSS,-32.09570000000008,-3.500000000000014
DHR,2026-03-06 00:00:00,2026-03-09 00:00:00,0.0583056573522675,5.0,2026-03-09 09:47:00,194.54,43.95569808459684,40.133160319212486,5,972.6999999999999,187.7311,201.3489,2026-03-12 12:15:00,187.7311,STOP_LOSS,-34.04449999999997,-3.499999999999992
RSG,2026-03-06 00:00:00,2026-03-09 00:00:00,0.125,9.0,2026-03-09 09:54:00,229.66,52.0588852573731,50.39311310036924,4,918.64,221.62189999999998,237.69809999999998,2026-03-10 10:12:00,221.62189999999998,STOP_LOSS,-32.15240000000006,-3.500000000000003
PCAR,2026-03-06 00:00:00,2026-03-09 00:00:00,0.0859375,7.0,2026-03-09 09:55:00,117.62,40.23305063835339,38.6449674531919,8,940.96,113.5033,121.7367,2026-03-13 15:59:00,115.32,WEEK_END_CLOSE,-18.40000000000009,-1.9554497534433057
ITW,2026-03-06 00:00:00,2026-03-09 00:00:00,0.0109664153529814,3.0,2026-03-09 09:57:00,271.45,43.40827218765408,42.295908372237584,3,814.3499999999999,261.94925,280.95074999999997,2026-03-13 15:59:00,267.01,WEEK_END_CLOSE,-13.319999999999993,-1.635660342604528
AON,2026-03-06 00:00:00,2026-03-09 00:00:00,0.0408163265306122,4.0,2026-03-09 10:00:00,336.31,46.491753619962985,46.01434290242197,2,672.62,324.53915,348.08085,2026-03-10 10:14:00,324.53915,STOP_LOSS,-23.54169999999999,-3.500000000000003
FDX,2026-03-06 00:00:00,2026-03-09 00:00:00,0.0086278792248034,2.0,2026-03-09 10:00:00,348.03,43.99602552732487,43.20901487622585,2,696.06,335.84894999999995,360.21104999999994,2026-03-09 15:32:00,360.21104999999994,TAKE_PROFIT,24.36209999999994,3.499999999999992
AMT,2026-03-09 00:00:00,2026-03-10 00:00:00,0.1108647450110864,6.0,2026-03-10 09:45:00,187.655,54.30843496128933,49.619546371389255,5,938.275,181.087075,194.22292499999998,2026-03-12 09:30:00,181.06,STOP_LOSS_GAP,-32.974999999999994,-3.514428072793152
ECL,2026-03-09 00:00:00,2026-03-10 00:00:00,0.1666666666666666,9.0,2026-03-10 09:55:00,281.87,59.579568845226746,58.70206388374571,3,845.61,272.00455,291.73544999999996,2026-03-13 15:59:00,274.23,WEEK_END_CLOSE,-22.91999999999996,-2.710469365310242
LIN,2026-03-09 00:00:00,2026-03-10 00:00:00,0.0210084033613445,2.0,2026-03-10 09:57:00,478.16,50.772586828713656,45.79479480204303,2,956.32,461.4244,494.8956,2026-03-13 09:30:00,498.0,TAKE_PROFIT_GAP,39.67999999999995,4.149238748536055
QCOM,2026-03-09 00:00:00,2026-03-10 00:00:00,0.1812729946778769,10.0,2026-03-10 10:04:00,133.565,49.350890447168,47.443795584710244,7,934.9549999999999,128.890225,138.23977499999998,2026-03-13 15:59:00,129.86,WEEK_END_CLOSE,-25.93499999999989,-2.773930296110494
NSC,2026-03-09 00:00:00,2026-03-10 00:00:00,0.1126050420168067,7.0,2026-03-10 10:05:00,300.985,54.45825167868172,53.618017436236535,3,902.955,290.450525,311.519475,2026-03-12 15:50:00,290.450525,STOP_LOSS,-31.60342499999996,-3.499999999999992
RSG,2026-03-09 00:00:00,2026-03-10 00:00:00,0.006310958118187,1.0,2026-03-10 10:21:00,220.745,32.38429277700921,30.02442881496085,4,882.98,213.018925,228.47107499999998,2026-03-12 12:19:00,228.47107499999998,TAKE_PROFIT,30.90429999999992,3.499999999999992
AON,2026-03-09 00:00:00,2026-03-10 00:00:00,0.0289855072463768,4.0,2026-03-10 10:29:00,322.88,40.57289042328022,34.802960538297214,3,968.64,311.57919999999996,334.1808,2026-03-13 15:59:00,321.48,WEEK_END_CLOSE,-4.199999999999932,-0.4335976214073223
WELL,2026-03-09 00:00:00,2026-03-10 00:00:00,0.0636363636363636,5.0,2026-03-10 10:42:00,209.25,58.6958063384324,55.5892931071949,4,837.0,201.92624999999998,216.57375,2026-03-13 15:59:00,207.82,WEEK_END_CLOSE,-5.720000000000027,-0.6833930704898461
APH,2026-03-10 00:00:00,2026-03-11 00:00:00,0.1076363636363636,9.0,2026-03-11 09:46:00,134.375,45.608804010663356,41.544759480337675,7,940.625,129.671875,139.078125,2026-03-12 09:48:00,129.671875,STOP_LOSS,-32.921875,-3.500000000000003
EMR,2026-03-10 00:00:00,2026-03-11 00:00:00,0.0117135447389563,2.0,2026-03-11 09:53:00,138.11,41.98819026945233,38.46785381704961,7,966.7700000000001,133.27615,142.94385,2026-03-12 13:09:00,133.27615,STOP_LOSS,-33.83695000000009,-3.500000000000003
FDX,2026-03-10 00:00:00,2026-03-11 00:00:00,0.0190766525820264,3.0,2026-03-11 09:53:00,358.09,43.68512469409692,36.76739164915941,2,716.18,345.55684999999994,370.62314999999995,2026-03-13 15:59:00,351.62,WEEK_END_CLOSE,-12.93999999999994,-1.8068083442709826
HWM,2026-03-10 00:00:00,2026-03-11 00:00:00,0.0999219248213508,8.0,2026-03-11 09:53:00,249.46,45.240578136833605,42.673745821803,4,997.84,240.7289,258.1911,2026-03-12 11:13:00,240.7289,STOP_LOSS,-34.92439999999999,-3.500000000000003
TT,2026-03-10 00:00:00,2026-03-11 00:00:00,0.1258278145695364,10.0,2026-03-11 09:53:00,428.83,43.68150747487361,39.72463961964649,2,857.66,413.82095,443.83904999999993,2026-03-13 15:59:00,422.41,WEEK_END_CLOSE,-12.839999999999918,-1.4970967516265143
EQIX,2026-03-10 00:00:00,2026-03-11 00:00:00,0.0600924499229583,6.0,2026-03-11 10:27:00,966.48,56.303941988437956,55.20687443916332,1,966.48,932.6532,1000.3068,2026-03-13 15:59:00,970.13,WEEK_END_CLOSE,3.6499999999999773,0.3776591341776214
REGN,2026-03-11 00:00:00,2026-03-12 00:00:00,0.0773942697528102,9.0,2026-03-12 09:46:00,761.14,42.22549505940289,40.0807378458568,1,761.14,734.5001,787.7798999999999,2026-03-13 15:59:00,745.82,WEEK_END_CLOSE,-15.319999999999936,-2.0127703182068912
SHW,2026-03-11 00:00:00,2026-03-12 00:00:00,0.0583657587548638,6.0,2026-03-12 09:48:00,321.1,43.65674710964273,41.96348946290516,3,963.3000000000001,309.86150000000004,332.3385,2026-03-13 15:59:00,319.73,WEEK_END_CLOSE,-4.110000000000014,-0.42665836188103823
ORLY,2026-03-11 00:00:00,2026-03-12 00:00:00,0.0761421319796954,8.0,2026-03-12 10:04:00,95.24,57.34856279370719,56.87151956297815,10,952.4,91.9066,98.57339999999999,2026-03-13 09:58:00,91.9066,STOP_LOSS,-33.333999999999975,-3.499999999999992
EMR,2026-03-11 00:00:00,2026-03-12 00:00:00,0.0589001912351992,7.0,2026-03-12 13:20:00,133.18,43.997650522949506,42.780504119737174,7,932.26,128.5187,137.8413,2026-03-13 15:59:00,132.25,WEEK_END_CLOSE,-6.510000000000048,-0.6983030485057884
MO,2026-03-12 00:00:00,2026-03-13 00:00:00,0.0683939858099689,7.0,2026-03-13 09:46:00,67.875,53.107329063984245,52.579886929752995,14,950.25,65.499375,70.250625,2026-03-13 15:59:00,67.93,WEEK_END_CLOSE,0.7700000000000955,0.08103130755066079
CI,2026-03-12 00:00:00,2026-03-13 00:00:00,0.0656244948853534,6.0,2026-03-13 09:52:00,267.61,51.57300354072133,49.25595413635482,3,802.83,258.24365,276.97634999999997,2026-03-13 15:59:00,267.14,WEEK_END_CLOSE,-1.4100000000000819,-0.17562871342626796
SLB,2026-03-12 00:00:00,2026-03-13 00:00:00,0.0547257351859842,5.0,2026-03-13 09:57:00,44.35,50.308486776514975,49.21938622419315,22,975.7,42.79775,45.902249999999995,2026-03-13 15:59:00,44.735,WEEK_END_CLOSE,8.469999999999956,0.8680947012401408
CSX,2026-03-12 00:00:00,2026-03-13 00:00:00,0.0868323729250881,9.0,2026-03-13 10:13:00,39.27,45.58515983335718,44.42046742071956,25,981.7500000000001,37.89555,40.64445,2026-03-13 15:59:00,39.31,WEEK_END_CLOSE,0.9999999999999787,0.10185892538834285
RSG,2026-03-12 00:00:00,2026-03-13 00:00:00,0.00920245398773,3.0,2026-03-13 10:22:00,225.2825,43.762417273392686,41.53896045880509,4,901.13,217.39761249999998,233.1673875,2026-03-13 15:59:00,224.29,WEEK_END_CLOSE,-3.9700000000000273,-0.44055796610922293
FDX,2026-03-13 00:00:00,2026-03-16 00:00:00,0.0933765573353674,8.0,2026-03-16 09:56:00,356.1125,57.714546904363516,53.33861756721604,2,712.225,343.6485625,368.5764375,2026-03-20 09:30:00,380.82,TAKE_PROFIT_GAP,49.414999999999964,6.938116466004418
ELV,2026-03-13 00:00:00,2026-03-16 00:00:00,0.0417287630402384,3.0,2026-03-16 09:57:00,293.485,50.833655757677704,48.8278409020454,3,880.455,283.213025,303.756975,2026-03-20 15:59:00,291.56,WEEK_END_CLOSE,-5.775000000000034,-0.6559108642690492
NSC,2026-03-13 00:00:00,2026-03-16 00:00:00,0.0693400167084377,7.0,2026-03-16 10:02:00,293.2,57.78388540253848,56.6866860719814,3,879.5999999999999,282.938,303.462,2026-03-19 09:30:00,282.938,STOP_LOSS,-30.786,-3.500000000000003
EMR,2026-03-13 00:00:00,2026-03-16 00:00:00,0.0652173913043478,6.0,2026-03-16 10:04:00,133.8675,52.15587266735831,50.411049729366304,7,937.0725,129.1821375,138.5528625,2026-03-19 09:30:00,127.655,STOP_LOSS_GAP,-43.48750000000004,-4.640782863652493
BSX,2026-03-13 00:00:00,2026-03-16 00:00:00,0.0584172464125978,4.0,2026-03-16 10:07:00,69.65,54.07468620156505,47.388759350982184,14,975.1000000000001,67.21225,72.08775,2026-03-20 15:59:00,69.54,WEEK_END_CLOSE,-1.539999999999992,-0.15793251974156597
ICE,2026-03-13 00:00:00,2026-03-16 00:00:00,0.0409207161125319,2.0,2026-03-16 10:07:00,160.92,57.71187014006825,54.97416135429529,6,965.52,155.28779999999998,166.55219999999997,2026-03-20 15:59:00,158.44,WEEK_END_CLOSE,-14.879999999999939,-1.541138453890123
PSX,2026-03-13 00:00:00,2026-03-16 00:00:00,0.097183377122355,9.0,2026-03-16 10:07:00,173.705,48.32084133687782,44.120105115172684,5,868.5250000000001,167.625325,179.784675,2026-03-20 15:59:00,175.47,WEEK_END_CLOSE,8.824999999999932,1.0160904982585262
KO,2026-03-13 00:00:00,2026-03-16 00:00:00,0.1048089691291196,10.0,2026-03-16 10:16:00,78.3079,56.73881507792957,56.30624229864611,12,939.6948,75.56712350000001,81.0486765,2026-03-19 10:51:00,75.56712350000001,STOP_LOSS,-32.889317999999946,-3.499999999999992
ITW,2026-03-13 00:00:00,2026-03-16 00:00:00,0.0068775790921595,1.0,2026-03-16 10:56:00,268.2,53.41202727245637,47.75212118230045,3,804.5999999999999,258.813,277.587,2026-03-19 09:30:00,258.0,STOP_LOSS_GAP,-30.599999999999966,-3.803131991051445
SO,2026-03-13 00:00:00,2026-03-16 00:00:00,0.0599462606962666,5.0,2026-03-16 11:18:00,98.53,56.436341965157936,47.18840650657771,10,985.3,95.08145,101.97855,2026-03-20 10:20:00,95.08145,STOP_LOSS,-34.48549999999997,-3.499999999999992
JCI,2026-03-16 00:00:00,2026-03-17 00:00:00,0.033722438391699,4.0,2026-03-17 09:47:00,132.015,53.85629873287956,53.768568190641055,7,924.1049999999999,127.39447499999999,136.63552499999997,2026-03-20 15:59:00,129.69,WEEK_END_CLOSE,-16.27499999999992,-1.761163504147245
EQIX,2026-03-16 00:00:00,2026-03-17 00:00:00,0.0837988826815642,9.0,2026-03-17 09:48:00,984.58,52.721088525595114,45.76159555833932,1,984.58,950.1197,1019.0403,2026-03-20 15:59:00,959.5,WEEK_END_CLOSE,-25.08000000000004,-2.547279042840611
CSX,2026-03-16 00:00:00,2026-03-17 00:00:00,0.0289276807980049,3.0,2026-03-17 09:52:00,40.295,58.68069872567441,56.22069338969404,24,967.08,38.884675,41.705325,2026-03-19 09:40:00,38.884675,STOP_LOSS,-33.84780000000001,-3.500000000000003
MSI,2026-03-16 00:00:00,2026-03-17 00:00:00,0.0909090909090909,10.0,2026-03-17 09:59:00,471.63,51.47678805466695,47.53207591819668,2,943.26,455.12295,488.13704999999993,2026-03-20 14:22:00,455.12295,STOP_LOSS,-33.014099999999985,-3.500000000000003
UNP,2026-03-16 00:00:00,2026-03-17 00:00:00,0.0674055643519565,6.0,2026-03-17 10:02:00,243.71,53.461891103111704,48.97983786164941,4,974.84,235.18015,252.23985,2026-03-19 09:31:00,235.18015,STOP_LOSS,-34.11940000000004,-3.500000000000003
FTNT,2026-03-16 00:00:00,2026-03-17 00:00:00,0.0678950025239777,7.0,2026-03-17 10:49:00,84.9,51.625615995845,49.38441608030003,11,933.9000000000001,81.9285,87.8715,2026-03-20 09:30:00,81.9285,STOP_LOSS,-32.686500000000066,-3.500000000000003
DASH,2026-03-17 00:00:00,2026-03-18 00:00:00,0.0666061941168848,6.0,2026-03-18 09:47:00,169.13,52.84478890689115,47.88266788558065,5,845.65,163.21044999999998,175.04954999999998,2026-03-19 09:30:00,162.58,STOP_LOSS_GAP,-32.749999999999915,-3.872760598356284
MDT,2026-03-17 00:00:00,2026-03-18 00:00:00,0.0628218331616889,5.0,2026-03-18 09:47:00,87.9399,47.590259604588944,44.422487809441876,11,967.3389,84.86200349999999,91.01779649999999,2026-03-20 15:59:00,86.2,WEEK_END_CLOSE,-19.138899999999907,-1.9785103235277601
MCO,2026-03-17 00:00:00,2026-03-18 00:00:00,0.025297619047619,4.0,2026-03-18 09:50:00,439.42,49.53252134301013,48.48907911539284,2,878.84,424.0403,454.7997,2026-03-20 15:59:00,435.03,WEEK_END_CLOSE,-8.780000000000086,-0.9990441946201911
MRSH,2026-03-17 00:00:00,2026-03-18 00:00:00,0.0009389671361502,2.0,2026-03-18 09:59:00,171.51,50.38504535412597,48.90862708646731,5,857.55,165.50715,177.51285,2026-03-20 15:59:00,176.54,WEEK_END_CLOSE,25.150000000000006,2.9327735992070503
MMM,2026-03-17 00:00:00,2026-03-18 00:00:00,0.1005061460592914,9.0,2026-03-18 10:21:00,144.95,39.554830121405566,37.37250785540253,6,869.6999999999999,139.87675,150.02325,2026-03-20 14:48:00,139.87675,STOP_LOSS,-30.43950000000001,-3.500000000000003
ADBE,2026-03-17 00:00:00,2026-03-18 00:00:00,0.114850253280801,10.0,2026-03-18 10:22:00,250.32,42.77732589522581,41.013398344651435,3,750.96,241.5588,259.08119999999997,2026-03-20 09:30:00,241.5588,STOP_LOSS,-26.283600000000007,-3.500000000000003
RSG,2026-03-17 00:00:00,2026-03-18 00:00:00,0.0,1.0,2026-03-18 10:30:00,224.91,50.00434599993927,47.23470827778184,4,899.64,217.03815,232.78185,2026-03-20 15:59:00,219.42,WEEK_END_CLOSE,-21.960000000000036,-2.4409763905562265
TEL,2026-03-18 00:00:00,2026-03-19 00:00:00,0.05,10.0,2026-03-19 09:45:00,193.21,46.26660190958431,42.39213002561447,5,966.0500000000001,186.44765,199.97235,2026-03-20 15:59:00,195.67,WEEK_END_CLOSE,12.299999999999898,1.273226023497731
CB,2026-03-18 00:00:00,2026-03-19 00:00:00,0.04,7.0,2026-03-19 09:46:00,328.79,47.813582519228156,44.72509717783431,3,986.3700000000001,317.28235,340.29765,2026-03-20 15:59:00,322.59,WEEK_END_CLOSE,-18.600000000000136,-1.8857021198941726
AON,2026-03-18 00:00:00,2026-03-19 00:00:00,0.0192307692307692,4.0,2026-03-19 09:47:00,319.42,51.96109118285254,51.883828599357734,3,958.26,308.2403,330.5997,2026-03-20 15:59:00,325.74,WEEK_END_CLOSE,18.95999999999998,1.9785861874647814
MDLZ,2026-03-18 00:00:00,2026-03-19 00:00:00,0.0091977516607051,3.0,2026-03-19 09:53:00,56.46,52.59527284300551,52.058464266458756,17,959.82,54.4839,58.436099999999996,2026-03-20 15:59:00,56.23,WEEK_END_CLOSE,-3.9100000000000676,-0.4073680481757047
REGN,2026-03-18 00:00:00,2026-03-19 00:00:00,0.042,8.0,2026-03-19 09:59:00,743.04,50.22050225974206,46.60000802556692,1,743.04,717.0336,769.0464,2026-03-20 15:59:00,732.79,WEEK_END_CLOSE,-10.25,-1.379468130921624
KMI,2026-03-18 00:00:00,2026-03-19 00:00:00,0.0210378681626928,5.0,2026-03-19 10:29:00,33.545,65.2942765592814,65.08338944135835,29,972.8050000000001,32.370925,34.719075,2026-03-20 15:59:00,32.86,WEEK_END_CLOSE,-19.865000000000066,-2.0420330898792693
DUK,2026-03-18 00:00:00,2026-03-19 00:00:00,0.0491978609625668,9.0,2026-03-19 10:30:00,131.14,51.5190500569682,48.94516262125224,7,917.9799999999999,126.55009999999999,135.7299,2026-03-20 15:59:00,126.88,WEEK_END_CLOSE,-29.819999999999936,-3.2484367851151386
EMR,2026-03-18 00:00:00,2026-03-19 00:00:00,0.0079754601226993,1.0,2026-03-19 10:31:00,128.27,49.232284074969016,46.160183499732355,7,897.8900000000001,123.78055,132.75945,2026-03-20 15:59:00,128.17,WEEK_END_CLOSE,-0.7000000000001592,-0.07796055196072071
AFL,2026-03-18 00:00:00,2026-03-19 00:00:00,0.0090452261306532,2.0,2026-03-19 10:34:00,107.58,46.76169038981694,43.529456538227606,9,968.22,103.8147,111.3453,2026-03-20 15:59:00,106.28,WEEK_END_CLOSE,-11.699999999999974,-1.2084030488938469
WELL,2026-03-18 00:00:00,2026-03-19 00:00:00,0.0271493212669683,6.0,2026-03-19 10:42:00,210.52,52.14382810197321,51.980197139380266,4,842.08,203.1518,217.88819999999998,2026-03-20 09:57:00,203.1518,STOP_LOSS,-29.472800000000007,-3.500000000000003
HWM,2026-03-19 00:00:00,2026-03-20 00:00:00,0.0509868421052631,6.0,2026-03-20 09:45:00,232.78,56.13012225259252,48.97376373408554,4,931.12,224.6327,240.92729999999997,2026-03-20 15:59:00,231.25,WEEK_END_CLOSE,-6.1200000000000045,-0.6572729615946349
MCK,2026-03-19 00:00:00,2026-03-20 00:00:00,0.0245215311004784,4.0,2026-03-20 09:45:00,895.75,45.587924759976545,37.38193423626768,1,895.75,864.39875,927.1012499999999,2026-03-20 15:59:00,886.48,WEEK_END_CLOSE,-9.269999999999982,-1.0348869662294091
KO,2026-03-19 00:00:00,2026-03-20 00:00:00,0.0810498514361175,10.0,2026-03-20 09:47:00,75.68,47.600918551270254,46.79696173501501,13,983.8400000000001,73.0312,78.3288,2026-03-20 15:59:00,74.775,WEEK_END_CLOSE,-11.765000000000015,-1.195824524312894
PCAR,2026-03-19 00:00:00,2026-03-20 00:00:00,0.037037037037037,5.0,2026-03-20 09:48:00,112.94,53.76484707718699,48.498191307272904,8,903.52,108.9871,116.89289999999998,2026-03-20 15:59:00,111.33,WEEK_END_CLOSE,-12.879999999999995,-1.4255356826633592
MPC,2026-03-19 00:00:00,2026-03-20 00:00:00,0.0762032085561497,9.0,2026-03-20 09:49:00,235.705,49.147367384146726,43.79750573400159,4,942.82,227.45532500000002,243.95467499999998,2026-03-20 15:59:00,232.75,WEEK_END_CLOSE,-11.82000000000005,-1.2536857512568722
NSC,2026-03-19 00:00:00,2026-03-20 00:00:00,0.0142857142857142,3.0,2026-03-20 09:51:00,278.88,49.556029439467444,48.19277124008238,3,836.64,269.1192,288.64079999999996,2026-03-20 15:59:00,281.25,WEEK_END_CLOSE,7.110000000000014,0.8498278829604189
VRTX,2026-03-19 00:00:00,2026-03-20 00:00:00,0.0541516245487364,7.0,2026-03-20 09:51:00,459.75,57.19710920094189,56.75427878147309,2,919.5,443.65875,475.84124999999995,2026-03-20 15:59:00,454.18,WEEK_END_CLOSE,-11.139999999999986,-1.211528004350193
WELL,2026-03-20 00:00:00,2026-03-23 00:00:00,0.027027027027027,4.0,2026-03-23 09:57:00,199.02,56.29961999392481,56.16675287060745,5,995.1,192.0543,205.9857,2026-03-27 15:59:00,195.67,WEEK_END_CLOSE,-16.750000000000114,-1.6832479147824486
FDX,2026-03-20 00:00:00,2026-03-23 00:00:00,0.0152506289916779,2.0,2026-03-23 09:59:00,366.705,55.91877713113952,53.733269646810776,2,733.41,353.870325,379.53967499999993,2026-03-24 09:30:00,353.06,STOP_LOSS_GAP,-27.289999999999964,-3.720974625380069
NEE,2026-03-20 00:00:00,2026-03-23 00:00:00,0.0385321100917431,8.0,2026-03-23 10:07:00,90.885,52.66910103366389,51.98363088866202,11,999.735,87.704025,94.065975,2026-03-27 15:59:00,91.37,WEEK_END_CLOSE,5.334999999999994,0.5336414149749613
SO,2026-03-20 00:00:00,2026-03-23 00:00:00,0.0120614035087719,1.0,2026-03-23 10:07:00,94.0,50.79583356358085,47.77269935165515,10,940.0,90.71,97.28999999999999,2026-03-27 15:59:00,95.51,WEEK_END_CLOSE,15.100000000000051,1.6063829787234196
HPE,2026-03-20 00:00:00,2026-03-23 00:00:00,0.0433864915572232,9.0,2026-03-23 10:09:00,22.15,58.1437656275067,54.43622913328796,45,996.7499999999999,21.37475,22.92525,2026-03-24 11:02:00,22.92525,TAKE_PROFIT,34.88624999999999,3.499999999999992
PCAR,2026-03-20 00:00:00,2026-03-23 00:00:00,0.0165289256198347,3.0,2026-03-23 10:21:00,114.665,64.7163515666377,62.98398281624377,8,917.32,110.651725,118.678275,2026-03-27 15:59:00,112.77,WEEK_END_CLOSE,-15.160000000000082,-1.652640300004371
REGN,2026-03-20 00:00:00,2026-03-23 00:00:00,0.0360824742268041,7.0,2026-03-23 10:23:00,743.1799,57.226898268709476,52.92455732232996,1,743.1799,717.1686034999999,769.1911964999999,2026-03-27 15:59:00,737.71,WEEK_END_CLOSE,-5.469899999999939,-0.7360129088528788
DLR,2026-03-20 00:00:00,2026-03-23 00:00:00,0.029585798816568,5.0,2026-03-23 10:26:00,177.21,60.36691245823689,57.13558178721431,5,886.0500000000001,171.00765,183.41235,2026-03-27 15:59:00,175.42,WEEK_END_CLOSE,-8.950000000000102,-1.0101010101010166
MPC,2026-03-20 00:00:00,2026-03-23 00:00:00,0.032258064516129,6.0,2026-03-23 10:39:00,236.57,56.34621735801897,55.177171397267145,4,946.28,228.29004999999998,244.84994999999998,2026-03-24 10:07:00,244.84994999999998,TAKE_PROFIT,33.11979999999994,3.499999999999992
KMI,2026-03-20 00:00:00,2026-03-23 00:00:00,0.0463302752293578,10.0,2026-03-23 11:54:00,33.165,53.82642621683562,52.68968270760221,30,994.9499999999999,32.004225,34.32577499999999,2026-03-26 13:00:00,34.32577499999999,TAKE_PROFIT,34.82324999999982,3.499999999999992
GE,2026-03-23 00:00:00,2026-03-24 00:00:00,0.2014471304061832,8.0,2026-03-24 09:51:00,286.66,38.5224223494501,31.985267696990345,3,859.98,276.62690000000003,296.6931,2026-03-25 14:10:00,296.6931,TAKE_PROFIT,30.09929999999997,3.499999999999992
ADP,2026-03-23 00:00:00,2026-03-24 00:00:00,0.1709677419354838,6.0,2026-03-24 09:52:00,206.945,41.05425632040236,39.9576162035979,4,827.78,199.701925,214.18807499999997,2026-03-25 11:12:00,199.701925,STOP_LOSS,-28.97230000000002,-3.500000000000003
BSX,2026-03-23 00:00:00,2026-03-24 00:00:00,0.1399899648770697,3.0,2026-03-24 09:55:00,68.6,43.89030248584234,41.185230600799684,14,960.3999999999999,66.199,71.00099999999999,2026-03-26 11:36:00,71.00099999999999,TAKE_PROFIT,33.61399999999995,3.499999999999992
SPGI,2026-03-23 00:00:00,2026-03-24 00:00:00,0.1884057971014492,7.0,2026-03-24 09:55:00,416.795,36.81069561449781,32.6627861027828,2,833.59,402.207175,431.38282499999997,2026-03-27 15:59:00,406.08,WEEK_END_CLOSE,-21.430000000000064,-2.5708081910771563
ABBV,2026-03-23 00:00:00,2026-03-24 00:00:00,0.1620970171738475,4.0,2026-03-24 10:00:00,202.91,49.260852975866406,45.246850852699666,4,811.64,195.80814999999998,210.01184999999998,2026-03-26 12:41:00,210.01184999999998,TAKE_PROFIT,28.40739999999994,3.499999999999992
FDX,2026-03-23 00:00:00,2026-03-24 00:00:00,0.001088139281828,1.0,2026-03-24 10:26:00,354.01,44.08459082252018,41.61011596891173,2,708.02,341.61965,366.40034999999995,2026-03-27 15:59:00,343.89,WEEK_END_CLOSE,-20.24000000000001,-2.858676308578856
MDLZ,2026-03-23 00:00:00,2026-03-24 00:00:00,0.2294117647058823,10.0,2026-03-24 10:39:00,57.67,59.260198931440925,58.356554187757084,17,980.39,55.65155,59.688449999999996,2026-03-27 15:59:00,58.27,WEEK_END_CLOSE,10.200000000000024,1.040402288885045
TXN,2026-03-23 00:00:00,2026-03-24 00:00:00,0.2273806383539963,9.0,2026-03-24 10:58:00,194.28,61.68631351774807,61.05746741517904,5,971.4,187.4802,201.07979999999998,2026-03-27 15:59:00,190.33,WEEK_END_CLOSE,-19.749999999999943,-2.033148033765697
HWM,2026-03-23 00:00:00,2026-03-24 00:00:00,0.1666666666666666,5.0,2026-03-24 11:16:00,237.34,57.41121683106149,56.93896490674182,4,949.36,229.0331,245.6469,2026-03-27 09:54:00,228.93,STOP_LOSS_GAP,-33.639999999999986,-3.5434397910171
MO,2026-03-24 00:00:00,2026-03-25 00:00:00,0.0418888042650418,2.0,2026-03-25 09:51:00,63.39,34.92757881534541,32.26576051626432,15,950.85,61.17135,65.60865,2026-03-27 09:35:00,65.60865,TAKE_PROFIT,33.27974999999995,3.499999999999992
EMR,2026-03-24 00:00:00,2026-03-25 00:00:00,0.1875,10.0,2026-03-25 09:52:00,131.1844,51.381186821728654,48.639350553699174,7,918.2908000000001,126.59294600000001,135.775854,2026-03-26 15:44:00,126.59294600000001,STOP_LOSS,-32.14017799999999,-3.500000000000003
GOOGL,2026-03-24 00:00:00,2026-03-25 00:00:00,0.1609360008398446,7.0,2026-03-25 09:53:00,292.64,44.34540093201583,43.40909315916233,3,877.92,282.39759999999995,302.88239999999996,2026-03-26 13:55:00,282.39759999999995,STOP_LOSS,-30.727200000000096,-3.500000000000014
PFE,2026-03-24 00:00:00,2026-03-25 00:00:00,0.1587045622522341,6.0,2026-03-25 09:53:00,27.125,51.24397789002818,49.526763418556286,36,976.5,26.175625,28.074374999999996,2026-03-27 15:59:00,27.03,WEEK_END_CLOSE,-3.419999999999959,-0.35023041474654404
CSCO,2026-03-24 00:00:00,2026-03-25 00:00:00,0.1641799881586737,8.0,2026-03-25 10:05:00,81.92,62.4567076136214,62.425540548506575,12,983.04,79.0528,84.7872,2026-03-27 15:59:00,79.93,WEEK_END_CLOSE,-23.87999999999994,-2.429199218749989
MDT,2026-03-24 00:00:00,2026-03-25 00:00:00,0.1828410689170183,9.0,2026-03-25 10:06:00,86.58,43.93387276072323,41.8019349779537,11,952.38,83.5497,89.6103,2026-03-27 15:59:00,87.11,WEEK_END_CLOSE,5.8300000000000125,0.6121506121506082
WMB,2026-03-24 00:00:00,2026-03-25 00:00:00,0.1377870563674321,4.0,2026-03-25 10:22:00,74.42,49.93068522769547,49.32470720681215,13,967.46,71.8153,77.0247,2026-03-27 15:59:00,73.565,WEEK_END_CLOSE,-11.115000000000052,-1.1488847084117237
CME,2026-03-25 00:00:00,2026-03-26 00:00:00,0.2146596858638743,10.0,2026-03-26 09:46:00,295.525,53.06815401030073,49.76153422637814,3,886.5749999999999,285.181625,305.86837499999996,2026-03-27 15:59:00,293.67,WEEK_END_CLOSE,-5.564999999999884,-0.6276964723796463
URI,2026-03-25 00:00:00,2026-03-26 00:00:00,0.0580137659783677,5.0,2026-03-26 09:50:00,745.91,54.42690426987582,51.154706857293746,1,745.91,719.80315,772.0168499999999,2026-03-27 15:59:00,734.09,WEEK_END_CLOSE,-11.819999999999936,-1.5846415787427404
TMUS,2026-03-25 00:00:00,2026-03-26 00:00:00,0.1715116279069767,8.0,2026-03-26 09:54:00,212.46,54.50512474705711,54.011635838941295,4,849.84,205.0239,219.8961,2026-03-27 15:59:00,210.82,WEEK_END_CLOSE,-6.560000000000059,-0.7719100065894824
MRVL,2026-03-25 00:00:00,2026-03-26 00:00:00,0.1405376247415265,7.0,2026-03-26 10:04:00,99.94,54.38730218522038,52.426938321732315,10,999.4,96.4421,103.43789999999998,2026-03-27 09:52:00,96.4421,STOP_LOSS,-34.97900000000001,-3.500000000000003
BMY,2026-03-25 00:00:00,2026-03-26 00:00:00,0.0443638608132088,4.0,2026-03-26 10:06:00,59.24,57.855623788426065,54.329242211175185,16,947.84,57.1666,61.313399999999994,2026-03-27 15:59:00,58.515,WEEK_END_CLOSE,-11.600000000000023,-1.2238352464550961
MRK,2026-03-25 00:00:00,2026-03-26 00:00:00,0.0389258438038925,3.0,2026-03-26 10:08:00,119.37,55.78441370548568,52.175818270042924,8,954.96,115.19205,123.54795,2026-03-27 15:59:00,119.63,WEEK_END_CLOSE,2.0799999999999272,0.21781017005946257
CSX,2026-03-25 00:00:00,2026-03-26 00:00:00,0.1091549295774647,6.0,2026-03-26 10:09:00,39.86,58.73180995770773,51.68112133213759,25,996.5,38.4649,41.2551,2026-03-27 15:59:00,39.67,WEEK_END_CLOSE,-4.749999999999943,-0.47666833918714735
CVS,2026-03-26 00:00:00,2026-03-27 00:00:00,0.0578186596583442,4.0,2026-03-27 09:57:00,71.17,48.64097181793651,47.38976514579615,14,996.38,68.67905,73.66095,2026-03-27 15:59:00,70.07,WEEK_END_CLOSE,-15.40000000000012,-1.5455950540958385
HWM,2026-03-26 00:00:00,2026-03-27 00:00:00,0.0162454873646209,2.0,2026-03-27 10:00:00,228.95,44.910266139356104,42.81367907812208,4,915.8,220.93675,236.96324999999996,2026-03-27 15:59:00,227.77,WEEK_END_CLOSE,-4.719999999999914,-0.5153963747543067
DASH,2026-03-26 00:00:00,2026-03-27 00:00:00,0.0298948751642575,3.0,2026-03-27 10:06:00,145.145,42.23613038904301,42.14954758502984,6,870.8700000000001,140.06492500000002,150.225075,2026-03-27 15:59:00,146.6,WEEK_END_CLOSE,8.729999999999905,1.0024458300320171
CMCSA,2026-03-26 00:00:00,2026-03-27 00:00:00,0.1008403361344537,9.0,2026-03-27 10:18:00,28.735,54.50901642651485,52.19117709980421,34,976.99,27.729274999999998,29.740724999999998,2026-03-27 15:59:00,28.34,WEEK_END_CLOSE,-13.429999999999986,-1.3746302418653156
KMI,2026-03-27 00:00:00,2026-03-30 00:00:00,0.0117951022242192,3.0,2026-03-30 09:48:00,33.97,41.72632258578538,41.2610968563403,29,985.13,32.78105,35.15895,2026-04-01 10:05:00,32.78105,STOP_LOSS,-34.47954999999995,-3.499999999999992
ABNB,2026-03-27 00:00:00,2026-03-30 00:00:00,0.0763809523809523,8.0,2026-03-30 09:52:00,125.45,61.78530533580089,56.165430440583,7,878.15,121.05925,129.84074999999999,2026-04-02 15:59:00,124.92,WEEK_END_CLOSE,-3.710000000000008,-0.4224790753288188
MCK,2026-03-27 00:00:00,2026-03-30 00:00:00,0.0827067669172932,9.0,2026-03-30 09:52:00,866.719,57.81818998990925,55.97956938860549,1,866.719,836.383835,897.054165,2026-04-02 15:59:00,884.8,WEEK_END_CLOSE,18.080999999999904,2.0861432598108465
MRK,2026-03-27 00:00:00,2026-03-30 00:00:00,0.0596965699208443,5.0,2026-03-30 09:53:00,121.01,52.1519213856045,51.12266802958054,8,968.08,116.77465000000001,125.24535,2026-04-02 15:59:00,120.99,WEEK_END_CLOSE,-0.16000000000008185,-0.016527559705814543
MO,2026-03-27 00:00:00,2026-03-30 00:00:00,0.0414154236750238,4.0,2026-03-30 09:55:00,66.55,55.87993049512777,49.466579612785566,15,998.25,64.22075,68.87924999999998,2026-04-01 09:46:00,64.22075,STOP_LOSS,-34.93875000000003,-3.500000000000003
GD,2026-03-27 00:00:00,2026-03-30 00:00:00,0.0901960784313725,10.0,2026-03-30 10:00:00,347.48,52.49484125779864,46.50838540429876,2,694.96,335.3182,359.6418,2026-04-02 15:59:00,349.08,WEEK_END_CLOSE,3.199999999999932,0.46045815586508443
GILD,2026-03-27 00:00:00,2026-03-30 00:00:00,0.0656303972366148,6.0,2026-03-30 10:12:00,135.025,49.474595076400895,46.13546100224751,7,945.1750000000001,130.299125,139.750875,2026-03-31 10:01:00,139.750875,TAKE_PROFIT,33.081125000000014,3.499999999999992
FDX,2026-03-27 00:00:00,2026-03-30 00:00:00,0.005859375,2.0,2026-03-30 10:13:00,345.415,54.88023644748231,53.284237975749804,2,690.83,333.325475,357.504525,2026-04-01 09:30:00,358.89,TAKE_PROFIT_GAP,26.949999999999932,3.9011044685378415
SPGI,2026-03-27 00:00:00,2026-03-30 00:00:00,0.073170731707317,7.0,2026-03-30 10:21:00,413.055,55.97629520522878,55.5492437540941,2,826.11,398.598075,427.51192499999996,2026-04-01 12:57:00,427.51192499999996,TAKE_PROFIT,28.91384999999991,3.499999999999992
NSC,2026-03-27 00:00:00,2026-03-30 00:00:00,0.0,1.0,2026-03-30 10:23:00,286.005,54.78769697330313,53.21599589925523,3,858.015,275.994825,296.015175,2026-04-02 15:59:00,288.32,WEEK_END_CLOSE,6.944999999999993,0.8094264086292213
PM,2026-03-30 00:00:00,2026-03-31 00:00:00,0.027891156462585,4.0,2026-03-31 09:51:00,166.1777,58.04015839850063,51.55798845250798,6,997.0662,160.36148049999997,171.99391949999998,2026-04-01 09:31:00,160.36148049999997,STOP_LOSS,-34.8973170000001,-3.500000000000014
SO,2026-03-30 00:00:00,2026-03-31 00:00:00,0.0268595041322314,3.0,2026-03-31 10:01:00,96.1,44.8126985934618,39.895703721165965,10,961.0,92.73649999999999,99.46349999999998,2026-04-02 15:59:00,97.425,WEEK_END_CLOSE,13.250000000000028,1.378772112382931
PG,2026-03-30 00:00:00,2026-03-31 00:00:00,0.0786259541984732,10.0,2026-03-31 10:05:00,143.67,47.66112228164385,46.754134453333414,6,862.02,138.64155,148.69844999999998,2026-04-02 15:59:00,143.14,WEEK_END_CLOSE,-3.180000000000007,-0.3689009535741583
AFL,2026-03-30 00:00:00,2026-03-31 00:00:00,0.0250352609308885,2.0,2026-03-31 10:08:00,109.02,57.482811376481365,55.504993473375926,9,981.18,105.20429999999999,112.83569999999999,2026-04-02 15:59:00,110.47,WEEK_END_CLOSE,13.050000000000026,1.3300311869381742
SNPS,2026-03-30 00:00:00,2026-03-31 00:00:00,0.0553709856035437,7.0,2026-03-31 10:15:00,394.855,65.23533604087892,64.62582548460274,2,789.71,381.035075,408.674925,2026-04-02 15:59:00,395.825,WEEK_END_CLOSE,1.9399999999999409,0.24565979916677527
CMCSA,2026-03-30 00:00:00,2026-03-31 00:00:00,0.0744391912282466,9.0,2026-03-31 10:22:00,28.495,47.62191247146041,44.72158051012226,35,997.325,27.497675,29.492324999999997,2026-04-02 15:59:00,27.93,WEEK_END_CLOSE,-19.775000000000045,-1.9828040007018766
GILD,2026-03-30 00:00:00,2026-03-31 00:00:00,0.0391506303915063,5.0,2026-03-31 11:01:00,138.28,50.497798150126634,50.266583068669625,7,967.96,133.4402,143.1198,2026-04-02 15:59:00,139.71,WEEK_END_CLOSE,10.010000000000048,1.0341336418860259
HWM,2026-03-30 00:00:00,2026-03-31 00:00:00,0.0480863591756624,6.0,2026-03-31 11:06:00,229.43,57.8844562688428,55.09573220497627,4,917.72,221.39995,237.46005,2026-04-01 10:01:00,237.46005,TAKE_PROFIT,32.120199999999954,3.499999999999992
CSX,2026-03-31 00:00:00,2026-04-01 00:00:00,0.0744186046511627,3.0,2026-04-01 10:01:00,41.79,70.14990176793322,68.82276201123693,23,961.17,40.327349999999996,43.252649999999996,2026-04-02 15:59:00,41.245,WEEK_END_CLOSE,-12.53500000000004,-1.3041397463508075
EMR,2026-03-31 00:00:00,2026-04-01 00:00:00,0.1909090909090909,10.0,2026-04-01 10:01:00,134.23,68.1663088582653,65.60307359011783,7,939.6099999999999,129.53195,138.92804999999998,2026-04-02 09:30:00,128.74,STOP_LOSS_GAP,-38.429999999999865,-4.089994785070383
FDX,2026-03-31 00:00:00,2026-04-01 00:00:00,0.0109409190371991,1.0,2026-04-01 10:03:00,365.04,74.44326032533438,71.81508823543504,2,730.08,352.2636,377.8164,2026-04-02 15:59:00,361.5,WEEK_END_CLOSE,-7.080000000000041,-0.969756738987515
BSX,2026-03-31 00:00:00,2026-04-01 00:00:00,0.1475409836065573,5.0,2026-04-01 10:15:00,62.51,53.16475925063308,52.06516573583556,15,937.65,60.32214999999999,64.69784999999999,2026-04-02 15:59:00,62.8,WEEK_END_CLOSE,4.349999999999987,0.4639257718765055
ABBV,2026-03-31 00:00:00,2026-04-01 00:00:00,0.1847133757961783,9.0,2026-04-01 10:29:00,216.705,48.01966019459973,46.748524876216926,4,866.82,209.120325,224.289675,2026-04-02 12:56:00,209.120325,STOP_LOSS,-30.338700000000017,-3.500000000000003
NEE,2026-03-31 00:00:00,2026-04-01 00:00:00,0.1632985658409387,6.0,2026-04-01 10:45:00,92.76,50.191992034109035,47.61044917373501,10,927.6,89.5134,96.00659999999999,2026-04-02 15:59:00,93.19,WEEK_END_CLOSE,4.299999999999926,0.46356188012073307
SPGI,2026-03-31 00:00:00,2026-04-01 00:00:00,0.1705426356589147,7.0,2026-04-01 13:11:00,427.155,57.732554807253436,57.62955093634914,2,854.31,412.204575,442.1054249999999,2026-04-02 15:59:00,431.2,WEEK_END_CLOSE,8.090000000000032,0.9469630462010326
MDLZ,2026-04-01 00:00:00,2026-04-02 00:00:00,0.1386045544645099,10.0,2026-04-02 09:50:00,57.279,54.24290883559067,51.69468576912244,17,973.743,55.274235000000004,59.283765,2026-04-02 15:59:00,57.535,WEEK_END_CLOSE,4.351999999999883,0.44693517694092133
WM,2026-04-01 00:00:00,2026-04-02 00:00:00,0.1129032258064516,9.0,2026-04-02 09:54:00,235.14,68.64669482664908,65.02665272938303,4,940.56,226.91009999999997,243.36989999999997,2026-04-02 15:59:00,235.43,WEEK_END_CLOSE,1.1600000000000819,0.12333078166200107
DLR,2026-04-01 00:00:00,2026-04-02 00:00:00,0.020804128966484,2.0,2026-04-02 09:58:00,180.5,57.34634612048192,56.18753351030985,5,902.5,174.1825,186.8175,2026-04-02 15:59:00,181.88,WEEK_END_CLOSE,6.899999999999977,0.7645429362880929
SPG,2026-04-01 00:00:00,2026-04-02 00:00:00,0.0643153526970954,7.0,2026-04-02 09:58:00,186.8395,47.130555199348535,46.59306553936475,5,934.1975,180.30011749999997,193.37888249999997,2026-04-02 15:59:00,188.7,WEEK_END_CLOSE,9.302500000000009,0.9957744481225772
ECL,2026-04-01 00:00:00,2026-04-02 00:00:00,0.0086410054988216,1.0,2026-04-02 10:07:00,264.46,41.75422223763318,41.206265768601504,3,793.3799999999999,255.20389999999998,273.7161,2026-04-02 15:59:00,264.25,WEEK_END_CLOSE,-0.6299999999999386,-0.07940709370036769
NOC,2026-04-01 00:00:00,2026-04-02 00:00:00,0.0408759124087591,4.0,2026-04-02 10:13:00,707.225,58.27921096084494,58.08690611363204,1,707.225,682.472125,731.9778749999999,2026-04-02 15:59:00,702.3,WEEK_END_CLOSE,-4.925000000000068,-0.6963837534023964
MRSH,2026-04-01 00:00:00,2026-04-02 00:00:00,0.0833333333333333,8.0,2026-04-02 11:35:00,174.44,57.63806169801276,53.65772879496781,5,872.2,168.3346,180.54539999999997,2026-04-02 15:59:00,174.6,WEEK_END_CLOSE,0.799999999999983,0.0917220820912723
SPGI,2026-04-02 00:00:00,2026-04-06 00:00:00,0.0661275596713186,7.0,2026-04-06 09:45:00,432.485,60.570196076457655,59.13497046399742,2,864.97,417.348025,447.62197499999996,2026-04-09 11:02:00,417.348025,STOP_LOSS,-30.273950000000013,-3.500000000000003
EQIX,2026-04-02 00:00:00,2026-04-06 00:00:00,0.0460772104607721,4.0,2026-04-06 09:46:00,999.94,48.4134426119395,43.17235998152996,1,999.94,964.9421,1034.9379,2026-04-09 11:35:00,1034.9379,TAKE_PROFIT,34.997899999999845,3.499999999999992
MSI,2026-04-02 00:00:00,2026-04-06 00:00:00,0.0714285714285714,9.0,2026-04-06 09:47:00,439.195,57.92578970840178,55.198499087024814,2,878.39,423.823175,454.56682499999994,2026-04-10 15:59:00,433.72,WEEK_END_CLOSE,-10.949999999999932,-1.2465988911531278
ORLY,2026-04-02 00:00:00,2026-04-06 00:00:00,0.0536585365853658,5.0,2026-04-06 09:48:00,90.685,44.74121613928373,41.90937450344248,11,997.5350000000001,87.511025,93.858975,2026-04-09 11:37:00,93.858975,TAKE_PROFIT,34.913724999999985,3.499999999999992
APD,2026-04-02 00:00:00,2026-04-06 00:00:00,0.0703986429177268,8.0,2026-04-06 09:51:00,290.765,45.324139950795654,42.40133670461087,3,872.295,280.58822499999997,300.94177499999995,2026-04-09 09:56:00,300.99,TAKE_PROFIT_GAP,30.675000000000068,3.5165855587846018
NOC,2026-04-02 00:00:00,2026-04-06 00:00:00,0.0949044585987261,10.0,2026-04-06 09:55:00,693.87,47.2930573099723,43.567474655338486,1,693.87,669.58455,718.15545,2026-04-10 09:47:00,669.58455,STOP_LOSS,-24.28544999999997,-3.499999999999992
RSG,2026-04-02 00:00:00,2026-04-06 00:00:00,0.0096930533117932,1.0,2026-04-06 09:55:00,222.07,46.99194084126963,44.99829947589993,4,888.28,214.29754999999997,229.84244999999999,2026-04-10 09:47:00,214.29754999999997,STOP_LOSS,-31.089800000000082,-3.500000000000014
SO,2026-04-02 00:00:00,2026-04-06 00:00:00,0.0555635872398919,6.0,2026-04-06 09:55:00,97.61,57.65125481743238,53.65679949441698,10,976.1,94.19364999999999,101.02635,2026-04-10 15:59:00,97.155,WEEK_END_CLOSE,-4.549999999999983,-0.4661407642659543
CSX,2026-04-02 00:00:00,2026-04-06 00:00:00,0.031160420752114,3.0,2026-04-06 09:59:00,41.01,50.933756901742896,49.41347436660234,24,984.24,39.57465,42.44535,2026-04-09 09:33:00,42.44535,TAKE_PROFIT,34.44839999999999,3.499999999999992
NSC,2026-04-02 00:00:00,2026-04-06 00:00:00,0.0163398692810457,2.0,2026-04-06 09:59:00,287.75,51.179097837039144,46.47701192580582,3,863.25,277.67875,297.82124999999996,2026-04-10 15:59:00,296.41,WEEK_END_CLOSE,25.980000000000075,3.0095569070373696
MRSH,2026-04-06 00:00:00,2026-04-07 00:00:00,0.0125786163522012,2.0,2026-04-07 09:45:00,174.07,45.31375816860706,42.715891456674335,5,870.3499999999999,167.97754999999998,180.16244999999998,2026-04-10 10:48:00,167.97754999999998,STOP_LOSS,-30.46225000000007,-3.500000000000003
HCA,2026-04-06 00:00:00,2026-04-07 00:00:00,0.1816283924843423,10.0,2026-04-07 09:50:00,485.255,60.533828947021,57.502827390683144,2,970.51,468.271075,502.23892499999994,2026-04-08 09:42:00,502.23892499999994,TAKE_PROFIT,33.967849999999885,3.499999999999992
TEL,2026-04-06 00:00:00,2026-04-07 00:00:00,0.013215859030837,3.0,2026-04-07 09:50:00,208.8225,49.50189104824175,47.437111034166115,4,835.29,201.5137125,216.13128749999998,2026-04-08 09:30:00,220.735,TAKE_PROFIT_GAP,47.65000000000009,5.704605586083877
EOG,2026-04-06 00:00:00,2026-04-07 00:00:00,0.1726387873658292,9.0,2026-04-07 09:51:00,144.66,57.470635052990765,53.55371347891083,6,867.96,139.5969,149.7231,2026-04-08 09:30:00,135.44,STOP_LOSS_GAP,-55.31999999999999,-6.373565602101483
FDX,2026-04-06 00:00:00,2026-04-07 00:00:00,0.0997139371088599,6.0,2026-04-07 09:52:00,356.41,43.98380126410923,42.14121873198359,2,712.82,343.93565,368.88435,2026-04-08 09:37:00,368.88435,TAKE_PROFIT,24.948699999999917,3.499999999999992
PLD,2026-04-06 00:00:00,2026-04-07 00:00:00,0.0636550308008213,5.0,2026-04-07 09:53:00,131.28,41.83210853349374,41.04896775362718,7,918.96,126.6852,135.8748,2026-04-08 09:30:00,136.1,TAKE_PROFIT_GAP,33.73999999999995,3.6715417428397235
AJG,2026-04-06 00:00:00,2026-04-07 00:00:00,0.16,8.0,2026-04-07 10:13:00,220.24,56.81980622004107,54.7524423428396,4,880.96,212.5316,227.9484,2026-04-10 09:47:00,212.5316,STOP_LOSS,-30.833600000000047,-3.500000000000003
TMUS,2026-04-07 00:00:00,2026-04-08 00:00:00,0.0902156275760336,7.0,2026-04-08 09:49:00,199.555,47.81909458873144,44.244544239540694,5,997.7750000000001,192.570575,206.539425,2026-04-10 15:59:00,195.72,WEEK_END_CLOSE,-19.17500000000004,-1.9217759514920774
PCAR,2026-04-07 00:00:00,2026-04-08 00:00:00,0.0338983050847457,4.0,2026-04-08 09:55:00,123.52,68.66652315392938,68.3645031020032,8,988.16,119.1968,127.84319999999998,2026-04-10 10:29:00,127.84319999999998,TAKE_PROFIT,34.585599999999886,3.499999999999992
ITW,2026-04-07 00:00:00,2026-04-08 00:00:00,0.0789473684210526,6.0,2026-04-08 09:56:00,268.2325,66.22621846359408,63.93925037760639,3,804.6975,258.8443625,277.6206375,2026-04-10 15:59:00,270.52,WEEK_END_CLOSE,6.862499999999898,0.8528049360163159
AON,2026-04-07 00:00:00,2026-04-08 00:00:00,0.0060240963855421,2.0,2026-04-08 10:18:00,330.395,64.6449628327785,62.771046634083504,3,991.185,318.831175,341.95882499999993,2026-04-10 09:35:00,318.831175,STOP_LOSS,-34.691475000000025,-3.500000000000003
ABT,2026-04-07 00:00:00,2026-04-08 00:00:00,0.1166971696290362,9.0,2026-04-08 10:29:00,102.92,56.89027651017485,55.86266078469272,9,926.28,99.3178,106.5222,2026-04-10 15:59:00,100.29,WEEK_END_CLOSE,-23.66999999999996,-2.555382821609009
MO,2026-04-07 00:00:00,2026-04-08 00:00:00,0.1023195791565746,8.0,2026-04-08 10:33:00,64.95,43.23780306654241,39.7784115155549,15,974.25,62.67675,67.22325,2026-04-09 13:08:00,67.22325,TAKE_PROFIT,34.09874999999985,3.499999999999992
BMY,2026-04-08 00:00:00,2026-04-09 00:00:00,0.1268532791711599,10.0,2026-04-09 09:55:00,59.255,65.53774124646615,64.31097379794066,16,948.08,57.181075,61.328925,2026-04-10 15:59:00,58.62,WEEK_END_CLOSE,-10.160000000000082,-1.071639524090806
ADP,2026-04-08 00:00:00,2026-04-09 00:00:00,0.1089715736017986,9.0,2026-04-09 09:58:00,195.88,41.564152517665555,39.39605066626294,5,979.4,189.02419999999998,202.73579999999998,2026-04-10 13:18:00,189.02419999999998,STOP_LOSS,-34.27900000000008,-3.500000000000003
APD,2026-04-08 00:00:00,2026-04-09 00:00:00,0.050251256281407,2.0,2026-04-09 10:00:00,300.345,65.2361788060588,65.22095508376171,3,901.0350000000001,289.832925,310.857075,2026-04-10 15:59:00,298.8,WEEK_END_CLOSE,-4.635000000000048,-0.5144084303051577
ACN,2026-04-08 00:00:00,2026-04-09 00:00:00,0.1011611843006722,7.0,2026-04-09 10:04:00,184.335,37.59596481175825,36.142278129742834,5,921.6750000000001,177.883275,190.786725,2026-04-10 11:51:00,177.883275,STOP_LOSS,-32.25862500000005,-3.500000000000003
SPGI,2026-04-08 00:00:00,2026-04-09 00:00:00,0.0715031996865613,4.0,2026-04-09 11:04:00,418.0299,44.11924022338007,38.002695582227986,2,836.0598,403.3988535,432.66094649999997,2026-04-10 15:59:00,415.41,WEEK_END_CLOSE,-5.239799999999946,-0.6267255045631859
TEL,2026-04-09 00:00:00,2026-04-10 00:00:00,0.125,8.0,2026-04-10 09:46:00,230.31,59.89505091649274,55.15780829843611,4,921.24,222.24915,238.37085,2026-04-10 15:59:00,229.87,WEEK_END_CLOSE,-1.759999999999991,-0.19104684989795784
MCK,2026-04-09 00:00:00,2026-04-10 00:00:00,0.144927536231884,10.0,2026-04-10 09:51:00,865.0,50.777264441446874,39.13464270361796,1,865.0,834.725,895.275,2026-04-10 15:59:00,865.94,WEEK_END_CLOSE,0.9400000000000546,0.10867052023122437
MPC,2026-04-09 00:00:00,2026-04-10 00:00:00,0.0644518272425249,4.0,2026-04-10 09:55:00,220.69,43.80606546137789,40.76555155941903,4,882.76,212.96585,228.41414999999998,2026-04-10 15:59:00,222.64,WEEK_END_CLOSE,7.7999999999999545,0.8835923693869097
AFL,2026-04-09 00:00:00,2026-04-10 00:00:00,0.0125200255302905,1.0,2026-04-10 09:56:00,111.17,37.0714858709048,36.386737591594304,8,889.36,107.27905,115.06094999999999,2026-04-10 15:59:00,110.74,WEEK_END_CLOSE,-3.4400000000000546,-0.3867949986507191
PM,2026-04-09 00:00:00,2026-04-10 00:00:00,0.1232657258981636,7.0,2026-04-10 10:00:00,159.405,41.13695649747585,37.42658421902762,6,956.4300000000001,153.825825,164.984175,2026-04-10 15:59:00,160.49,WEEK_END_CLOSE,6.510000000000048,0.6806561902073405
RSG,2026-04-09 00:00:00,2026-04-10 00:00:00,0.1111111111111111,6.0,2026-04-10 10:02:00,214.85,49.41324855017517,42.95159767784948,4,859.4,207.33024999999998,222.36974999999998,2026-04-10 15:59:00,214.62,WEEK_END_CLOSE,-0.9199999999999591,-0.10705143123108662
KO,2026-04-10 00:00:00,2026-04-13 00:00:00,0.0540134929393529,4.0,2026-04-13 09:46:00,77.02,38.31525610251276,37.49003551748586,12,924.24,74.3243,79.71569999999998,2026-04-17 15:59:00,75.74,WEEK_END_CLOSE,-15.360000000000014,-1.6619059984419593
CSX,2026-04-10 00:00:00,2026-04-13 00:00:00,0.1178499607122404,7.0,2026-04-13 09:47:00,42.205,53.89731752576996,53.81162252421843,23,970.7149999999999,40.727824999999996,43.682174999999994,2026-04-17 15:59:00,43.32,WEEK_END_CLOSE,25.645000000000046,2.6418670773605157
ELV,2026-04-10 00:00:00,2026-04-13 00:00:00,0.1376146788990825,9.0,2026-04-13 09:47:00,309.06,40.4264674627065,38.564574265563955,3,927.1800000000001,298.2429,319.8771,2026-04-14 09:35:00,319.8771,TAKE_PROFIT,32.45129999999995,3.499999999999992
FDX,2026-04-10 00:00:00,2026-04-13 00:00:00,0.032640921175953,2.0,2026-04-13 09:47:00,372.05,47.1180254659868,43.7437514157463,2,744.1,359.02825,385.07175,2026-04-17 09:32:00,385.07175,TAKE_PROFIT,26.043499999999995,3.499999999999992
MPC,2026-04-10 00:00:00,2026-04-13 00:00:00,0.1471962616822429,10.0,2026-04-13 09:47:00,224.12,55.99916390087065,53.689902599210164,4,896.48,216.2758,231.96419999999998,2026-04-17 09:34:00,216.2758,STOP_LOSS,-31.376800000000003,-3.500000000000003
ABNB,2026-04-10 00:00:00,2026-04-13 00:00:00,0.0973031800333547,6.0,2026-04-13 09:49:00,127.87,62.540141303014735,54.49315191158063,7,895.09,123.39455,132.34545,2026-04-14 09:33:00,132.34545,TAKE_PROFIT,31.328149999999965,3.499999999999992
ADI,2026-04-10 00:00:00,2026-04-13 00:00:00,0.1200358931451368,8.0,2026-04-13 09:49:00,346.6325,43.105143618264854,41.95440150584054,2,693.265,334.5003625,358.7646375,2026-04-17 09:30:00,359.67,TAKE_PROFIT_GAP,26.075000000000045,3.761188001702087
MDLZ,2026-04-10 00:00:00,2026-04-13 00:00:00,0.0585147444804693,5.0,2026-04-13 09:49:00,58.2,41.05315449344762,39.65266714462139,17,989.4000000000001,56.163000000000004,60.236999999999995,2026-04-16 09:34:00,56.163000000000004,STOP_LOSS,-34.628999999999984,-3.500000000000003
PCAR,2026-04-10 00:00:00,2026-04-13 00:00:00,0.027027027027027,1.0,2026-04-13 09:58:00,126.54,46.71718557608341,46.30439843043965,7,885.7800000000001,122.11110000000001,130.9689,2026-04-15 11:02:00,122.11110000000001,STOP_LOSS,-31.00229999999999,-3.500000000000003
TT,2026-04-10 00:00:00,2026-04-13 00:00:00,0.0530973451327433,3.0,2026-04-13 09:58:00,467.33,51.562239728082474,46.18169780836066,2,934.66,450.97344999999996,483.68654999999995,2026-04-17 15:59:00,476.12,WEEK_END_CLOSE,17.58000000000004,1.8808978666039033
HCA,2026-04-13 00:00:00,2026-04-14 00:00:00,0.0979228486646884,10.0,2026-04-14 09:47:00,498.835,64.08569081833647,60.224037519475196,2,997.67,481.375775,516.294225,2026-04-16 15:15:00,481.375775,STOP_LOSS,-34.91845000000001,-3.500000000000003
APD,2026-04-13 00:00:00,2026-04-14 00:00:00,0.0536912751677852,6.0,2026-04-14 09:55:00,295.285,50.65763973724758,46.77941770101191,3,885.855,284.95002500000004,305.619975,2026-04-17 15:59:00,291.58,WEEK_END_CLOSE,-11.115000000000123,-1.254720016255495
UNP,2026-04-13 00:00:00,2026-04-14 00:00:00,0.076537712218202,9.0,2026-04-14 09:56:00,250.945,54.104778514224954,52.90552271268203,3,752.835,242.161925,259.728075,2026-04-17 15:59:00,251.07,WEEK_END_CLOSE,0.375,0.0498117117296637
NSC,2026-04-13 00:00:00,2026-04-14 00:00:00,0.0,1.0,2026-04-14 09:57:00,297.32,59.977997264173275,56.86170354301662,3,891.96,286.9138,307.72619999999995,2026-04-17 15:59:00,302.34,WEEK_END_CLOSE,15.059999999999945,1.6884165209202218
CB,2026-04-13 00:00:00,2026-04-14 00:00:00,0.0434782608695652,5.0,2026-04-14 10:00:00,327.22,54.43405244286484,53.606267226184656,3,981.6600000000001,315.76730000000003,338.6727,2026-04-17 15:59:00,330.78,WEEK_END_CLOSE,10.679999999999836,1.087953059103941
MRSH,2026-04-13 00:00:00,2026-04-14 00:00:00,0.0153793574846206,4.0,2026-04-14 10:00:00,172.78,55.783643212463566,55.00922251257812,5,863.9,166.7327,178.82729999999998,2026-04-16 09:30:00,178.82729999999998,TAKE_PROFIT,30.236499999999893,3.499999999999992
MSI,2026-04-13 00:00:00,2026-04-14 00:00:00,0.0583090379008746,7.0,2026-04-14 10:00:00,437.495,55.72574624948038,54.5137407573201,2,874.99,422.182675,452.807325,2026-04-17 15:59:00,441.9,WEEK_END_CLOSE,8.809999999999945,1.0068686499274282
ITW,2026-04-13 00:00:00,2026-04-14 00:00:00,0.0069444444444444,3.0,2026-04-14 10:03:00,274.34,63.88660169072549,59.40511725991189,3,823.02,264.7381,283.9419,2026-04-15 09:51:00,264.7381,STOP_LOSS,-28.8057,-3.500000000000003
FTNT,2026-04-13 00:00:00,2026-04-14 00:00:00,0.0710727333111923,8.0,2026-04-14 10:18:00,78.86,51.81395732303096,50.90923904614427,12,946.3199999999999,76.09989999999999,81.6201,2026-04-16 11:37:00,81.6201,TAKE_PROFIT,33.12119999999993,3.499999999999992
MCO,2026-04-14 00:00:00,2026-04-15 00:00:00,0.0826446280991735,6.0,2026-04-15 09:49:00,446.12,61.06124173624093,60.0637421691906,2,892.24,430.50579999999997,461.7342,2026-04-17 15:59:00,455.43,WEEK_END_CLOSE,18.620000000000005,2.0868824531516283
AJG,2026-04-14 00:00:00,2026-04-15 00:00:00,0.0925925925925925,8.0,2026-04-15 09:56:00,220.22,46.02167701685919,45.87328279530421,4,880.88,212.51229999999998,227.9277,2026-04-17 15:59:00,221.62,WEEK_END_CLOSE,5.600000000000023,0.6357279084551859
CRH,2026-04-14 00:00:00,2026-04-15 00:00:00,0.055045871559633,2.0,2026-04-15 09:58:00,116.37,41.508353168325364,37.553583726887496,8,930.96,112.29705,120.44295,2026-04-17 10:41:00,120.44295,TAKE_PROFIT,32.58359999999993,3.499999999999992
UPS,2026-04-14 00:00:00,2026-04-15 00:00:00,0.100750069450875,9.0,2026-04-15 10:06:00,102.765,59.012978851999144,57.168134939411765,9,924.885,99.16822499999999,106.361775,2026-04-17 09:32:00,106.361775,TAKE_PROFIT,32.370974999999945,3.499999999999992
TJX,2026-04-14 00:00:00,2026-04-15 00:00:00,0.0723961803242282,4.0,2026-04-15 10:07:00,159.68,56.37273287233141,56.318710689876944,6,958.08,154.09120000000001,165.2688,2026-04-17 15:59:00,160.67,WEEK_END_CLOSE,5.939999999999884,0.6199899799599118
HD,2026-04-14 00:00:00,2026-04-15 00:00:00,0.1060527138243567,10.0,2026-04-15 10:22:00,339.0899,47.34869004124401,44.92575663201421,2,678.1798,327.2217535,350.95804649999997,2026-04-17 10:21:00,350.95804649999997,TAKE_PROFIT,23.736292999999932,3.499999999999992
ABNB,2026-04-15 00:00:00,2026-04-16 00:00:00,0.0264670296430732,3.0,2026-04-16 09:46:00,138.86,53.65870591320702,50.22237900655906,7,972.0200000000001,133.9999,143.7201,2026-04-17 15:59:00,141.55,WEEK_END_CLOSE,18.829999999999984,1.9372029382111355
PCAR,2026-04-15 00:00:00,2026-04-16 00:00:00,0.0,1.0,2026-04-16 09:49:00,124.54,59.08830591049002,58.66551666552785,8,996.32,120.1811,128.8989,2026-04-17 15:59:00,126.26,WEEK_END_CLOSE,13.759999999999991,1.3810823831700736
MCD,2026-04-15 00:00:00,2026-04-16 00:00:00,0.0665399239543726,6.0,2026-04-16 09:50:00,306.23,53.59285459796296,53.03722541415804,3,918.69,295.51195,316.94804999999997,2026-04-17 15:59:00,311.36,WEEK_END_CLOSE,15.389999999999986,1.675211442379898
SPG,2026-04-15 00:00:00,2026-04-16 00:00:00,0.0149625935162094,2.0,2026-04-16 09:52:00,202.605,58.20760073732854,57.89229046939502,4,810.42,195.513825,209.69617499999998,2026-04-17 15:59:00,206.12,WEEK_END_CLOSE,14.06000000000006,1.7349028898595797
ICE,2026-04-15 00:00:00,2026-04-16 00:00:00,0.036144578313253,4.0,2026-04-16 09:56:00,164.39,46.26605622161686,41.149564765574915,6,986.3399999999999,158.63635,170.14364999999998,2026-04-17 15:59:00,161.23,WEEK_END_CLOSE,-18.95999999999998,-1.9222580448932436
QCOM,2026-04-15 00:00:00,2026-04-16 00:00:00,0.0606564488143435,5.0,2026-04-16 09:57:00,133.61,50.40144488663038,48.11436290197236,7,935.2700000000001,128.93365,138.28635,2026-04-17 15:59:00,136.21,WEEK_END_CLOSE,18.19999999999996,1.9459621285831785
PWR,2026-04-15 00:00:00,2026-04-16 00:00:00,0.0943627450980392,10.0,2026-04-16 10:00:00,586.6,50.92714208538528,48.87737666321194,1,586.6,566.069,607.131,2026-04-17 15:59:00,602.04,WEEK_END_CLOSE,15.43999999999994,2.6321172860552133
AON,2026-04-15 00:00:00,2026-04-16 00:00:00,0.074074074074074,7.0,2026-04-16 10:08:00,334.28,59.8845350819091,57.780293792872335,2,668.56,322.5802,345.97979999999995,2026-04-17 15:59:00,331.82,WEEK_END_CLOSE,-4.919999999999959,-0.7359100155558185
CME,2026-04-16 00:00:00,2026-04-17 00:00:00,0.0398162327718223,7.0,2026-04-17 09:46:00,292.01,37.36146231648179,34.3811318111303,3,876.03,281.78965,302.23035,2026-04-17 15:59:00,287.68,WEEK_END_CLOSE,-12.989999999999952,-1.482825930618814
JCI,2026-04-16 00:00:00,2026-04-17 00:00:00,0.0292792792792792,6.0,2026-04-17 09:47:00,139.615,62.368398044796244,60.769207856649274,7,977.3050000000001,134.728475,144.501525,2026-04-17 15:59:00,140.88,WEEK_END_CLOSE,8.854999999999905,0.9060631021021948
UPS,2026-04-16 00:00:00,2026-04-17 00:00:00,0.0596914822266934,9.0,2026-04-17 09:48:00,105.98,55.923778755878914,54.39180763251584,9,953.82,102.2707,109.68929999999999,2026-04-17 15:59:00,106.43,WEEK_END_CLOSE,4.050000000000026,0.4246084166823927
FDX,2026-04-16 00:00:00,2026-04-17 00:00:00,0.0036443148688046,2.0,2026-04-17 09:49:00,383.745,60.57749101927493,60.57022740612313,2,767.49,370.313925,397.17607499999997,2026-04-17 15:59:00,392.04,WEEK_END_CLOSE,16.590000000000032,2.161591681976316
WM,2026-04-16 00:00:00,2026-04-17 00:00:00,0.0746887966804979,10.0,2026-04-17 10:20:00,223.59,52.61436504699839,48.8399737339237,4,894.36,215.76435,231.41565,2026-04-17 15:59:00,223.92,WEEK_END_CLOSE,1.3199999999999363,0.1475915738628597
MCO,2026-04-17 00:00:00,2026-04-20 00:00:00,0.0054794520547945,1.0,2026-04-20 09:45:00,455.5,52.76149136895986,45.60773865377604,2,911.0,439.5575,471.44249999999994,2026-04-21 09:55:00,471.44249999999994,TAKE_PROFIT,31.884999999999877,3.499999999999992
SPGI,2026-04-17 00:00:00,2026-04-20 00:00:00,0.0165975103734439,6.0,2026-04-20 09:45:00,441.345,50.75767223848074,46.67391725722282,2,882.69,425.897925,456.792075,2026-04-24 15:59:00,436.9,WEEK_END_CLOSE,-8.8900000000001,-1.007148602567165
AJG,2026-04-17 00:00:00,2026-04-20 00:00:00,0.0222222222222222,8.0,2026-04-20 09:53:00,222.39,55.89349251243551,54.185386345116264,4,889.56,214.60635,230.17364999999998,2026-04-24 09:33:00,214.60635,STOP_LOSS,-31.134599999999978,-3.500000000000003
ITW,2026-04-17 00:00:00,2026-04-20 00:00:00,0.0173410404624277,7.0,2026-04-20 09:54:00,271.74,49.027097539927325,47.74081066071022,3,815.22,262.2291,281.2509,2026-04-24 15:59:00,269.31,WEEK_END_CLOSE,-7.2900000000000205,-0.8942371384411563
JCI,2026-04-17 00:00:00,2026-04-20 00:00:00,0.009375,5.0,2026-04-20 09:57:00,141.37,50.623266472652986,47.91761748981311,7,989.59,136.42205,146.31795,2026-04-24 15:59:00,141.93,WEEK_END_CLOSE,3.920000000000016,0.39612364716701265
CB,2026-04-17 00:00:00,2026-04-20 00:00:00,0.0224719101123595,9.0,2026-04-20 09:58:00,333.08,57.941924545531364,57.203909823073,3,999.24,321.4222,344.73779999999994,2026-04-22 09:30:00,321.4222,STOP_LOSS,-34.97340000000003,-3.500000000000003
TT,2026-04-17 00:00:00,2026-04-20 00:00:00,0.0093457943925233,4.0,2026-04-20 10:03:00,477.71,53.473562887204835,49.10417950528399,2,955.42,460.99014999999997,494.42984999999993,2026-04-24 15:59:00,486.52,WEEK_END_CLOSE,17.620000000000005,1.8442151095853232
FDX,2026-04-17 00:00:00,2026-04-20 00:00:00,0.006820765441455,2.0,2026-04-20 10:30:00,394.66,63.27314252153065,55.106257394617884,2,789.32,380.8469,408.4731,2026-04-24 15:59:00,387.94,WEEK_END_CLOSE,-13.440000000000055,-1.702731465058538
NSC,2026-04-17 00:00:00,2026-04-20 00:00:00,0.0229885057471264,10.0,2026-04-20 10:39:00,304.22,54.752199629083975,54.51676457724791,3,912.6600000000001,293.57230000000004,314.8677,2026-04-23 11:37:00,314.8677,TAKE_PROFIT,31.94309999999996,3.499999999999992
APD,2026-04-17 00:00:00,2026-04-20 00:00:00,0.0089820359281437,3.0,2026-04-20 10:43:00,297.72,62.320856222969894,61.50899646569327,3,893.1600000000001,287.2998,308.1402,2026-04-24 15:59:00,301.76,WEEK_END_CLOSE,12.11999999999989,1.3569797124815208
AFL,2026-04-20 00:00:00,2026-04-21 00:00:00,0.1266375545851528,8.0,2026-04-21 09:49:00,115.11,55.922980751484204,55.47318422205145,8,920.88,111.08115,119.13884999999999,2026-04-24 15:59:00,114.65,WEEK_END_CLOSE,-3.67999999999995,-0.39961775692815005
TGT,2026-04-20 00:00:00,2026-04-21 00:00:00,0.0673108525603102,4.0,2026-04-21 09:53:00,132.305,58.71283310192845,57.91621139999001,7,926.135,127.674325,136.935675,2026-04-24 15:59:00,129.24,WEEK_END_CLOSE,-21.454999999999984,-2.3166169079021914
TMUS,2026-04-20 00:00:00,2026-04-21 00:00:00,0.1106110847939365,7.0,2026-04-21 09:54:00,195.56,41.22863549231581,40.46547312098354,5,977.8,188.7154,202.4046,2026-04-21 14:03:00,202.4046,TAKE_PROFIT,34.22299999999993,3.499999999999992
CSX,2026-04-20 00:00:00,2026-04-21 00:00:00,0.0943643512450851,6.0,2026-04-21 10:01:00,43.68,48.87697597128264,45.637680549895485,22,960.96,42.151199999999996,45.2088,2026-04-23 09:30:00,45.465,TAKE_PROFIT_GAP,39.27000000000008,4.08653846153848
UNP,2026-04-20 00:00:00,2026-04-21 00:00:00,0.0386547281065734,2.0,2026-04-21 10:01:00,252.57,47.706654665769065,47.290441787229184,3,757.71,243.73004999999998,261.40995,2026-04-23 09:30:00,262.76,TAKE_PROFIT_GAP,30.569999999999993,4.034525082155449
ICE,2026-04-20 00:00:00,2026-04-21 00:00:00,0.0891719745222929,5.0,2026-04-21 10:15:00,161.5165,56.90733560146224,49.76056634176365,6,969.099,155.8634225,167.1695775,2026-04-23 12:27:00,155.8634225,STOP_LOSS,-33.91846499999997,-3.499999999999992
CME,2026-04-20 00:00:00,2026-04-21 00:00:00,0.1504424778761062,10.0,2026-04-21 10:29:00,285.94,47.94496170074938,46.60815605431559,3,857.8199999999999,275.9321,295.94789999999995,2026-04-22 09:30:00,275.06,STOP_LOSS_GAP,-32.639999999999986,-3.8049940546967864
UPS,2026-04-20 00:00:00,2026-04-21 00:00:00,0.0451932290003193,3.0,2026-04-21 10:38:00,107.26,55.00653754678968,49.633764590996215,9,965.34,103.5059,111.0141,2026-04-24 15:59:00,107.02,WEEK_END_CLOSE,-2.160000000000082,-0.22375536080553315
KMI,2026-04-20 00:00:00,2026-04-21 00:00:00,0.1281553398058252,9.0,2026-04-21 10:39:00,31.475,38.21012512943517,37.58717224757792,31,975.725,30.373375,32.576625,2026-04-24 15:59:00,31.72,WEEK_END_CLOSE,7.594999999999921,0.7783955520254127
TMUS,2026-04-20 00:00:00,2026-04-21 00:00:00,0.1106110847939365,7.0,2026-04-21 15:14:00,196.745,46.6654373651836,42.763240114239814,5,983.725,189.858925,203.63107499999998,2026-04-22 09:36:00,189.858925,STOP_LOSS,-34.430375000000026,-3.500000000000003
PGR,2026-04-21 00:00:00,2026-04-22 00:00:00,0.0776545166402535,8.0,2026-04-22 09:46:00,207.13,49.464514679709986,47.31078874128511,4,828.52,199.88045,214.37954999999997,2026-04-24 15:59:00,200.87,WEEK_END_CLOSE,-25.039999999999964,-3.0222565538550628
WMB,2026-04-21 00:00:00,2026-04-22 00:00:00,0.0061068702290076,3.0,2026-04-22 09:46:00,70.99,58.25992374678706,56.41216338746528,14,993.8599999999999,68.50534999999999,73.47464999999998,2026-04-24 15:59:00,72.17,WEEK_END_CLOSE,16.520000000000095,1.6622059444992399
FTNT,2026-04-21 00:00:00,2026-04-22 00:00:00,0.0547785547785547,5.0,2026-04-22 09:54:00,86.5,59.59783467070273,57.371781800476604,11,951.5,83.4725,89.52749999999999,2026-04-23 09:35:00,83.4725,STOP_LOSS,-33.30250000000004,-3.500000000000003
HD,2026-04-21 00:00:00,2026-04-22 00:00:00,0.130650292224606,9.0,2026-04-22 09:54:00,343.87,53.06154154578476,48.6071155238977,2,687.74,331.83455,355.90545,2026-04-24 15:59:00,335.9,WEEK_END_CLOSE,-15.940000000000055,-2.3177363538546603
ACN,2026-04-21 00:00:00,2026-04-22 00:00:00,0.0705176294073518,7.0,2026-04-22 10:23:00,193.56,46.58262420260398,43.89525002117945,5,967.8,186.7854,200.3346,2026-04-23 09:30:00,181.0,STOP_LOSS_GAP,-62.80000000000001,-6.48894399669353
SLB,2026-04-21 00:00:00,2026-04-22 00:00:00,0.0696818870374377,6.0,2026-04-22 10:46:00,54.745,65.84776184418995,65.50175760698914,18,985.41,52.828925,56.66107499999999,2026-04-24 13:24:00,56.66107499999999,TAKE_PROFIT,34.48934999999986,3.499999999999992
WBD,2026-04-22 00:00:00,2026-04-23 00:00:00,0.137310606060606,9.0,2026-04-23 09:45:00,27.335,57.3333730912633,56.18817570031907,36,984.0600000000001,26.378275,28.291725,2026-04-24 15:59:00,27.055,WEEK_END_CLOSE,-10.080000000000041,-1.0243277848911658
BRK.B,2026-04-22 00:00:00,2026-04-23 00:00:00,0.1117632965979875,4.0,2026-04-23 10:07:00,471.3206,63.29527874482555,62.46687731760555,2,942.6412,454.824379,487.81682099999995,2026-04-24 15:59:00,469.31,WEEK_END_CLOSE,-4.021200000000022,-0.42658861080971944
CVS,2026-04-22 00:00:00,2026-04-23 00:00:00,0.0718525066296249,3.0,2026-04-23 10:11:00,77.47,52.34344539662076,51.500504016706714,12,929.64,74.75855,80.18145,2026-04-24 15:59:00,77.92,WEEK_END_CLOSE,5.400000000000034,0.5808700141990419
SNPS,2026-04-22 00:00:00,2026-04-23 00:00:00,0.1216356107660455,6.0,2026-04-23 10:11:00,460.39,42.57958843587868,41.719719739615805,2,920.78,444.27635,476.50364999999994,2026-04-24 09:33:00,476.50364999999994,TAKE_PROFIT,32.2272999999999,3.499999999999992
MA,2026-04-22 00:00:00,2026-04-23 00:00:00,0.1163980557687388,5.0,2026-04-23 10:12:00,504.3,46.209421564478234,45.923539543849294,1,504.3,486.6495,521.9504999999999,2026-04-24 15:59:00,504.25,WEEK_END_CLOSE,-0.05000000000001137,-0.009914733293681088
UNP,2026-04-22 00:00:00,2026-04-23 00:00:00,0.1285366931918656,8.0,2026-04-23 10:29:00,263.5,63.79863365322259,63.46053225211795,3,790.5,254.2775,272.72249999999997,2026-04-24 09:30:00,272.88,TAKE_PROFIT_GAP,28.139999999999986,3.5597722960151845
MDLZ,2026-04-23 00:00:00,2026-04-24 00:00:00,0.0403225806451612,2.0,2026-04-24 09:45:00,57.42,47.95211752639192,46.72410986417677,17,976.14,55.4103,59.4297,2026-04-24 15:59:00,57.63,WEEK_END_CLOSE,3.5700000000000145,0.3657262277952045
MCD,2026-04-23 00:00:00,2026-04-24 00:00:00,0.1077770973668095,8.0,2026-04-24 09:46:00,301.415,46.04518053932839,42.669244714931445,3,904.2450000000001,290.865475,311.964525,2026-04-24 15:59:00,299.42,WEEK_END_CLOSE,-5.985000000000014,-0.6618781414329145
CI,2026-04-23 00:00:00,2026-04-24 00:00:00,0.1077844311377245,9.0,2026-04-24 09:50:00,277.68,51.08007801838873,50.018533748547256,3,833.04,267.9612,287.3988,2026-04-24 15:59:00,275.66,WEEK_END_CLOSE,-6.059999999999945,-0.727456064534715
HWM,2026-04-23 00:00:00,2026-04-24 00:00:00,0.0796915167095115,5.0,2026-04-24 09:50:00,243.22,45.22698057353698,40.6900270798008,4,972.88,234.7073,251.73269999999997,2026-04-24 15:59:00,242.43,WEEK_END_CLOSE,-3.159999999999968,-0.32480881506454784
CSX,2026-04-23 00:00:00,2026-04-24 00:00:00,0.0815115552779512,7.0,2026-04-24 09:55:00,45.985,57.80814720796679,51.67101595275824,21,965.685,44.375524999999996,47.594474999999996,2026-04-24 15:59:00,45.39,WEEK_END_CLOSE,-12.494999999999976,-1.2939001848428777
FCX,2026-04-23 00:00:00,2026-04-24 00:00:00,0.1251874062968515,10.0,2026-04-24 10:46:00,61.7,55.17500801222874,55.14566449512272,16,987.2,59.5405,63.8595,2026-04-24 15:59:00,61.05,WEEK_END_CLOSE,-10.400000000000091,-1.053484602917354
ICE,2026-04-24 00:00:00,2026-04-27 00:00:00,0.0100755667506297,2.0,2026-04-27 09:45:00,158.91,58.012769179271764,56.372750028670715,6,953.46,153.34815,164.47185,2026-04-30 09:30:00,153.34815,STOP_LOSS,-33.371099999999956,-3.499999999999992
CMCSA,2026-04-24 00:00:00,2026-04-27 00:00:00,0.0455092704069347,4.0,2026-04-27 09:47:00,27.62,42.80384622425811,40.523010299849965,36,994.32,26.6533,28.5867,2026-04-29 14:31:00,26.6533,STOP_LOSS,-34.80119999999998,-3.500000000000003
UNP,2026-04-24 00:00:00,2026-04-27 00:00:00,0.1301369863013698,9.0,2026-04-27 09:50:00,268.94,43.96414969446459,42.731277461774035,3,806.8199999999999,259.52709999999996,278.3529,2026-05-01 15:59:00,266.47,WEEK_END_CLOSE,-7.409999999999911,-0.9184204655313333
APO,2026-04-24 00:00:00,2026-04-27 00:00:00,0.0602205258693808,5.0,2026-04-27 09:51:00,124.39,47.73126141518602,45.42831372548465,8,995.12,120.03635,128.74365,2026-04-30 09:30:00,120.03635,STOP_LOSS,-34.829200000000014,-3.500000000000003
CDNS,2026-04-24 00:00:00,2026-04-27 00:00:00,0.1385041551246537,10.0,2026-04-27 09:54:00,334.38,57.45184412922259,56.035933741174524,2,668.76,322.6767,346.08329999999995,2026-04-28 11:28:00,322.6767,STOP_LOSS,-23.406600000000026,-3.500000000000003
PFE,2026-04-24 00:00:00,2026-04-27 00:00:00,0.1131740755412411,7.0,2026-04-27 10:03:00,27.245,58.8429345450349,57.72896217897417,36,980.82,26.291425,28.198574999999998,2026-04-29 09:30:00,26.291425,STOP_LOSS,-34.328700000000026,-3.500000000000003
KMI,2026-04-24 00:00:00,2026-04-27 00:00:00,0.0838491840180078,6.0,2026-04-27 10:19:00,31.665,50.85057484798768,48.807811607082805,31,981.615,30.556724999999997,32.773275,2026-04-30 12:10:00,32.773275,TAKE_PROFIT,34.35652499999997,3.499999999999992
AFL,2026-04-24 00:00:00,2026-04-27 00:00:00,0.03475935828877,3.0,2026-04-27 10:22:00,115.4,52.84750349183678,51.526124506546225,8,923.2,111.361,119.439,2026-04-30 09:31:00,111.361,STOP_LOSS,-32.31200000000001,-3.500000000000003
FDX,2026-04-24 00:00:00,2026-04-27 00:00:00,0.0032822757111597,1.0,2026-04-27 10:35:00,385.53,48.84621671904485,48.69940042872154,2,771.06,372.03644999999995,399.02354999999994,2026-04-30 14:54:00,399.02354999999994,TAKE_PROFIT,26.98709999999994,3.499999999999992
PGR,2026-04-24 00:00:00,2026-04-27 00:00:00,0.1147540983606557,8.0,2026-04-27 10:37:00,203.72,61.76265126188014,61.71798248982823,4,814.88,196.5898,210.85019999999997,2026-04-30 09:30:00,196.5898,STOP_LOSS,-28.52080000000001,-3.500000000000003
FTNT,2026-04-27 00:00:00,2026-04-28 00:00:00,0.1304938830992297,6.0,2026-04-28 09:45:00,86.25,53.78756973014766,50.1666632715522,11,948.75,83.23125,89.26875,2026-04-30 09:59:00,83.23125,STOP_LOSS,-33.20624999999997,-3.499999999999992
WMB,2026-04-27 00:00:00,2026-04-28 00:00:00,0.1253263707571801,5.0,2026-04-28 09:51:00,72.52,59.43371465115162,56.80879739198141,13,942.76,69.98179999999999,75.05819999999999,2026-04-30 09:50:00,75.05819999999999,TAKE_PROFIT,32.99659999999986,3.499999999999992
BSX,2026-04-27 00:00:00,2026-04-28 00:00:00,0.1961869618696187,10.0,2026-04-28 10:10:00,59.41,42.20720213836028,41.622798421958116,16,950.56,57.33064999999999,61.489349999999995,2026-04-29 09:31:00,57.33064999999999,STOP_LOSS,-33.26960000000008,-3.500000000000014
RTX,2026-04-27 00:00:00,2026-04-28 00:00:00,0.1069340016708437,4.0,2026-04-28 10:13:00,174.18,54.394368168933624,53.94652957654287,5,870.9000000000001,168.0837,180.2763,2026-05-01 15:59:00,173.99,WEEK_END_CLOSE,-0.9499999999999886,-0.1090825582730548
GD,2026-04-27 00:00:00,2026-04-28 00:00:00,0.1584821428571428,8.0,2026-04-28 10:17:00,307.635,40.08170745785255,38.679259368883585,3,922.905,296.867775,318.402225,2026-04-29 09:30:00,338.08,TAKE_PROFIT_GAP,91.33499999999998,9.896468217205445
DHR,2026-04-27 00:00:00,2026-04-28 00:00:00,0.0763975155279503,2.0,2026-04-28 10:24:00,178.11,44.23888915267776,37.333403940916504,5,890.5500000000001,171.87615,184.34385,2026-05-01 15:59:00,175.14,WEEK_END_CLOSE,-14.850000000000136,-1.6675088428499407
SCHW,2026-04-27 00:00:00,2026-04-28 00:00:00,0.0748198146665141,1.0,2026-04-28 10:24:00,90.54,52.92491972440207,48.056028118915194,11,995.94,87.3711,93.7089,2026-05-01 15:59:00,91.52,WEEK_END_CLOSE,10.779999999999887,1.0823945217583342
AXP,2026-04-27 00:00:00,2026-04-28 00:00:00,0.1022769004774146,3.0,2026-04-28 10:31:00,318.85,52.86954788472333,51.61825277343358,3,956.5500000000001,307.69025,330.00975,2026-05-01 15:59:00,319.65,WEEK_END_CLOSE,2.3999999999998636,0.25090167790495777
T,2026-04-27 00:00:00,2026-04-28 00:00:00,0.1875,9.0,2026-04-28 10:37:00,26.275,63.7640342626547,63.048583776512224,38,998.4499999999999,25.355375,27.194624999999995,2026-05-01 15:59:00,26.13,WEEK_END_CLOSE,-5.509999999999984,-0.551855375832544
ACN,2026-04-28 00:00:00,2026-04-29 00:00:00,0.1662354463130659,10.0,2026-04-29 09:45:00,176.635,47.43598656744148,44.3852927662093,5,883.175,170.45277499999997,182.81722499999998,2026-05-01 09:30:00,182.81722499999998,TAKE_PROFIT,30.91112499999994,3.499999999999992
SLB,2026-04-28 00:00:00,2026-04-29 00:00:00,0.164066852367688,9.0,2026-04-29 09:53:00,55.71,49.397872101705346,48.97044349448686,17,947.07,53.760149999999996,57.65985,2026-05-01 15:59:00,56.94,WEEK_END_CLOSE,20.909999999999947,2.207862143241779
BX,2026-04-28 00:00:00,2026-04-29 00:00:00,0.0947850599013389,3.0,2026-04-29 09:56:00,120.82,53.78844338240507,49.07471394075959,8,966.56,116.59129999999999,125.04869999999998,2026-04-30 11:20:00,125.04869999999998,TAKE_PROFIT,33.829599999999914,3.499999999999992
JNJ,2026-04-28 00:00:00,2026-04-29 00:00:00,0.0710905513904397,2.0,2026-04-29 10:02:00,225.685,50.12790097559484,45.47903639393035,4,902.74,217.786025,233.58397499999998,2026-05-01 15:59:00,227.2,WEEK_END_CLOSE,6.059999999999945,0.6712896293506354
TJX,2026-04-28 00:00:00,2026-04-29 00:00:00,0.1161290322580645,5.0,2026-04-29 10:02:00,155.69,48.24198337476632,43.11091526467768,6,934.14,150.24085,161.13914999999997,2026-05-01 15:59:00,156.85,WEEK_END_CLOSE,6.9599999999999795,0.7450703320701413
LOW,2026-04-28 00:00:00,2026-04-29 00:00:00,0.1299000768639508,6.0,2026-04-29 10:05:00,234.605,42.15535247126289,38.74197968356079,4,938.42,226.393825,242.81617499999996,2026-05-01 15:59:00,233.35,WEEK_END_CLOSE,-5.019999999999982,-0.5349417105347309
KKR,2026-04-28 00:00:00,2026-04-29 00:00:00,0.1345381526104417,7.0,2026-04-29 10:10:00,100.18,51.45876544460564,49.925077178502946,9,901.6200000000001,96.6737,103.6863,2026-04-30 10:58:00,103.6863,TAKE_PROFIT,31.556699999999964,3.499999999999992
PG,2026-04-29 00:00:00,2026-04-30 00:00:00,0.0653543307086614,1.0,2026-04-30 09:52:00,146.5699,55.104353953388795,53.32012075682286,6,879.4194,141.43995349999997,151.69984649999998,2026-05-01 15:59:00,147.27,WEEK_END_CLOSE,4.200600000000122,0.47765605352805274
CL,2026-04-29 00:00:00,2026-04-30 00:00:00,0.0698005698005698,2.0,2026-04-30 09:54:00,85.19,59.505386759640565,58.22633910796917,11,937.0899999999999,82.20835,88.17164999999999,2026-05-01 09:30:00,88.17164999999999,TAKE_PROFIT,32.798149999999865,3.499999999999992
HWM,2026-04-29 00:00:00,2026-04-30 00:00:00,0.1434599156118143,9.0,2026-04-30 10:02:00,241.82,60.822860445043645,58.88623377221912,4,967.28,233.35629999999998,250.28369999999998,2026-05-01 15:59:00,239.51,WEEK_END_CLOSE,-9.240000000000009,-0.9552559755189871
DE,2026-04-29 00:00:00,2026-04-30 00:00:00,0.1323529411764706,8.0,2026-04-30 10:03:00,580.29,65.2300474885121,64.22012764661254,1,580.29,559.9798499999999,600.6001499999999,2026-05-01 15:59:00,577.41,WEEK_END_CLOSE,-2.8799999999999955,-0.4963035723517528
VZ,2026-04-29 00:00:00,2026-04-30 00:00:00,0.0764925373134328,3.0,2026-04-30 10:10:00,47.805,74.51838755610883,68.92284836305589,20,956.1,46.131825,49.47817499999999,2026-05-01 15:59:00,48.145,WEEK_END_CLOSE,6.800000000000068,0.711222675452361
WMB,2026-04-29 00:00:00,2026-04-30 00:00:00,0.1483644859813084,10.0,2026-04-30 10:26:00,75.96,72.03697795580388,70.72177672692372,13,987.4799999999999,73.30139999999999,78.61859999999999,2026-05-01 15:59:00,75.56,WEEK_END_CLOSE,-5.199999999999889,-0.5265929436545469
APO,2026-04-29 00:00:00,2026-04-30 00:00:00,0.1227436823104693,6.0,2026-04-30 10:45:00,126.32,70.93390585473908,66.41985861279242,7,884.24,121.8988,130.7412,2026-05-01 09:58:00,130.7412,TAKE_PROFIT,30.948399999999992,3.499999999999992
ROST,2026-04-30 00:00:00,2026-05-01 00:00:00,0.0124605915027773,1.0,2026-05-01 09:50:00,227.92,52.46648994005878,49.772199918164524,4,911.68,219.94279999999998,235.89719999999997,2026-05-01 15:59:00,228.91,WEEK_END_CLOSE,3.9600000000000364,0.4343629343629418
PM,2026-04-30 00:00:00,2026-05-01 00:00:00,0.117750439367311,7.0,2026-05-01 09:51:00,167.28,61.068327334019386,57.10288816177069,5,836.4,161.4252,173.13479999999998,2026-05-01 15:59:00,166.4,WEEK_END_CLOSE,-4.399999999999977,-0.5260640841702524
CMCSA,2026-04-30 00:00:00,2026-05-01 00:00:00,0.0733628754308222,4.0,2026-05-01 09:53:00,27.205,49.456930550221486,47.43560545358581,36,979.3799999999999,26.252824999999998,28.157174999999995,2026-05-01 15:59:00,27.185,WEEK_END_CLOSE,-0.7199999999999847,-0.07351589781290357
TGT,2026-04-30 00:00:00,2026-05-01 00:00:00,0.1286872520269104,8.0,2026-05-01 09:53:00,129.93,52.63679924124535,51.94086293569417,7,909.51,125.38245,134.47755,2026-05-01 15:59:00,128.89,WEEK_END_CLOSE,-7.280000000000143,-0.8004310013084104
GE,2026-04-30 00:00:00,2026-05-01 00:00:00,0.1457444576543814,10.0,2026-05-01 09:55:00,288.41,55.77275249225077,53.145493200433734,3,865.23,278.31565,298.50435,2026-05-01 15:59:00,286.5,WEEK_END_CLOSE,-5.730000000000075,-0.6622516556291425
FDX,2026-04-30 00:00:00,2026-05-01 00:00:00,0.0151515151515151,2.0,2026-05-01 09:56:00,400.61,53.30859133090688,52.70028530675116,2,801.22,386.58865,414.63135,2026-05-01 15:59:00,393.72,WEEK_END_CLOSE,-13.779999999999973,-1.7198771872893759
DLR,2026-04-30 00:00:00,2026-05-01 00:00:00,0.1153846153846153,6.0,2026-05-01 09:59:00,199.928,57.51328252991336,49.47792409349842,5,999.64,192.93052,206.92548,2026-05-01 15:59:00,200.69,WEEK_END_CLOSE,3.8100000000000023,0.381137209395388
HWM,2026-05-01 00:00:00,2026-05-04 00:00:00,0.0764230139230139,7.0,2026-05-04 09:46:00,241.89,59.23009848197243,52.097377893759244,4,967.56,233.42385,250.35614999999996,2026-05-06 09:30:00,250.72,TAKE_PROFIT_GAP,35.32000000000005,3.6504196122204347
PCAR,2026-05-01 00:00:00,2026-05-04 00:00:00,0.0802292263610315,8.0,2026-05-04 09:46:00,115.52,46.74342749772703,40.42694773915778,8,924.16,111.4768,119.56319999999998,2026-05-08 15:59:00,114.31,WEEK_END_CLOSE,-9.67999999999995,-1.0474376731301915
SYK,2026-05-01 00:00:00,2026-05-04 00:00:00,0.0701665825340737,5.0,2026-05-04 09:46:00,294.87,44.879217403860814,42.42767420995691,3,884.61,284.54955,305.19045,2026-05-08 15:59:00,285.47,WEEK_END_CLOSE,-28.199999999999932,-3.187845491233421
V,2026-05-01 00:00:00,2026-05-04 00:00:00,0.073143158316734,6.0,2026-05-04 09:47:00,326.78,46.61406503417272,42.65194446031163,3,980.3399999999999,315.3427,338.21729999999997,2026-05-08 15:59:00,318.75,WEEK_END_CLOSE,-24.089999999999918,-2.4573107289307727
AEP,2026-05-01 00:00:00,2026-05-04 00:00:00,0.0587288817377312,3.0,2026-05-04 09:52:00,136.175,56.66498075019703,51.47788491869206,7,953.2250000000001,131.408875,140.941125,2026-05-07 09:30:00,131.408875,STOP_LOSS,-33.362875000000116,-3.500000000000014
ROST,2026-05-01 00:00:00,2026-05-04 00:00:00,0.0672854693623085,4.0,2026-05-04 09:52:00,226.205,43.38588223190698,42.68135406225428,4,904.82,218.287825,234.122175,2026-05-08 15:59:00,225.77,WEEK_END_CLOSE,-1.740000000000009,-0.19230344156848656
FDX,2026-05-01 00:00:00,2026-05-04 00:00:00,0.0226652865404837,1.0,2026-05-04 09:53:00,369.41,37.38218366154792,35.53460948233735,2,738.82,356.48065,382.33935,2026-05-04 11:51:00,356.48065,STOP_LOSS,-25.8587,-3.500000000000003
PG,2026-05-01 00:00:00,2026-05-04 00:00:00,0.1154556498504411,10.0,2026-05-04 09:59:00,144.735,45.8950504772613,45.76887199305941,6,868.4100000000001,139.669275,149.800725,2026-05-08 15:59:00,146.43,WEEK_END_CLOSE,10.169999999999959,1.1711058140740027
APD,2026-05-01 00:00:00,2026-05-04 00:00:00,0.1065088757396449,9.0,2026-05-04 10:01:00,297.965,49.177412199896196,42.56375672333128,3,893.895,287.53622499999994,308.39377499999995,2026-05-08 15:59:00,295.37,WEEK_END_CLOSE,-7.784999999999911,-0.870907656939568
ECL,2026-05-01 00:00:00,2026-05-04 00:00:00,0.0555555555555555,2.0,2026-05-04 10:53:00,260.34,53.808752274463274,53.5098034030995,3,781.02,251.22809999999996,269.45189999999997,2026-05-08 15:59:00,254.2,WEEK_END_CLOSE,-18.41999999999996,-2.35845432895444
FDX,2026-05-01 00:00:00,2026-05-04 00:00:00,0.0226652865404837,1.0,2026-05-04 11:53:00,356.16,35.3123726003826,34.544129207194565,2,712.32,343.69440000000003,368.6256,2026-05-06 09:38:00,368.67,TAKE_PROFIT_GAP,25.019999999999982,3.5124663072776174
COF,2026-05-04 00:00:00,2026-05-05 00:00:00,0.0919255588701524,8.0,2026-05-05 09:47:00,189.79,47.4054081392499,47.07312730760519,5,948.9499999999999,183.14735,196.43264999999997,2026-05-08 15:59:00,189.48,WEEK_END_CLOSE,-1.5500000000000114,-0.16333842668212473
PLD,2026-05-04 00:00:00,2026-05-05 00:00:00,0.1292517006802721,10.0,2026-05-05 09:49:00,139.325,55.9938216634695,54.88536585297822,7,975.2749999999999,134.448625,144.20137499999998,2026-05-07 09:45:00,144.20137499999998,TAKE_PROFIT,34.13462499999997,3.499999999999992
NSC,2026-05-04 00:00:00,2026-05-05 00:00:00,0.0714285714285714,6.0,2026-05-05 09:51:00,311.52,51.54502066022465,51.28460053181118,3,934.56,300.61679999999996,322.42319999999995,2026-05-08 15:59:00,312.06,WEEK_END_CLOSE,1.6200000000000614,0.1733436055469939
JCI,2026-05-04 00:00:00,2026-05-05 00:00:00,0.0234892163143284,3.0,2026-05-05 09:53:00,145.665,52.725889726552346,52.58488010928783,6,873.99,140.566725,150.763275,2026-05-06 09:30:00,138.83,STOP_LOSS_GAP,-41.00999999999988,-4.6922733669721435
TT,2026-05-04 00:00:00,2026-05-05 00:00:00,0.0439560439560439,4.0,2026-05-05 09:53:00,487.81,58.46516858366186,57.14547232529311,2,975.62,470.73665,504.88334999999995,2026-05-07 13:26:00,470.73665,STOP_LOSS,-34.14670000000001,-3.500000000000003
NOC,2026-05-04 00:00:00,2026-05-05 00:00:00,0.1193737769080234,9.0,2026-05-05 10:00:00,559.89,43.7804615705822,43.45487008959135,1,559.89,540.29385,579.48615,2026-05-08 15:59:00,549.64,WEEK_END_CLOSE,-10.25,-1.8307167479326258
AJG,2026-05-04 00:00:00,2026-05-05 00:00:00,0.0526315789473684,5.0,2026-05-05 10:01:00,206.0975,52.65090500019074,44.03485886030865,4,824.39,198.8840875,213.31091249999997,2026-05-06 15:00:00,198.8840875,STOP_LOSS,-28.853650000000016,-3.500000000000003
RSG,2026-05-04 00:00:00,2026-05-05 00:00:00,0.0128205128205128,1.0,2026-05-05 10:11:00,204.845,53.12033624647448,50.786284883055,4,819.38,197.675425,212.01457499999998,2026-05-08 15:59:00,200.02,WEEK_END_CLOSE,-19.299999999999955,-2.3554394786301835
AMT,2026-05-04 00:00:00,2026-05-05 00:00:00,0.0838264299802761,7.0,2026-05-05 10:14:00,179.26,50.868117270392396,49.63399887284546,5,896.3,172.9859,185.53409999999997,2026-05-08 15:59:00,176.52,WEEK_END_CLOSE,-13.699999999999903,-1.5285060805533712
QCOM,2026-05-05 00:00:00,2026-05-06 00:00:00,0.1659951763558144,9.0,2026-05-06 09:45:00,194.4253,65.82276300493592,64.8892430116859,5,972.1265,187.62041449999998,201.23018549999998,2026-05-07 11:03:00,201.23018549999998,TAKE_PROFIT,34.024427499999916,3.499999999999992
HCA,2026-05-05 00:00:00,2026-05-06 00:00:00,0.1403508771929824,8.0,2026-05-06 09:47:00,432.49,52.44861693188782,52.266376674372864,2,864.98,417.35285,447.62715,2026-05-08 15:59:00,435.13,WEEK_END_CLOSE,5.279999999999973,0.6104187380054915
CME,2026-05-05 00:00:00,2026-05-06 00:00:00,0.2034824314461474,10.0,2026-05-06 09:50:00,284.36,47.36612516342382,42.57558112876565,3,853.08,274.4074,294.3126,2026-05-08 15:59:00,281.24,WEEK_END_CLOSE,-9.360000000000014,-1.0972007314671517
ITW,2026-05-05 00:00:00,2026-05-06 00:00:00,0.0476190476190476,2.0,2026-05-06 09:50:00,259.03,59.87258544833327,57.007274198890336,3,777.0899999999999,249.96394999999995,268.09604999999993,2026-05-08 15:59:00,254.76,WEEK_END_CLOSE,-12.809999999999945,-1.648457707601425
FDX,2026-05-05 00:00:00,2026-05-06 00:00:00,0.0021677015100399,1.0,2026-05-06 09:54:00,370.59,62.258950965459086,61.9942174710294,2,741.18,357.61934999999994,383.56064999999995,2026-05-08 15:59:00,378.37,WEEK_END_CLOSE,15.56000000000006,2.0993550824361273
AON,2026-05-05 00:00:00,2026-05-06 00:00:00,0.1111111111111111,6.0,2026-05-06 10:14:00,314.865,54.39216238144746,51.90836407758021,3,944.595,303.844725,325.885275,2026-05-08 15:59:00,312.84,WEEK_END_CLOSE,-6.075000000000102,-0.64313277118766
MPC,2026-05-05 00:00:00,2026-05-06 00:00:00,0.0731821006836544,4.0,2026-05-06 10:19:00,246.06,37.28151923115844,34.11496858689279,4,984.24,237.4479,254.67209999999997,2026-05-07 10:04:00,237.32,STOP_LOSS_GAP,-34.960000000000036,-3.5519791920669785
GE,2026-05-05 00:00:00,2026-05-06 00:00:00,0.0750206717259358,5.0,2026-05-06 10:24:00,303.66,67.89112607299842,66.30940263627369,3,910.98,293.0319,314.2881,2026-05-08 15:59:00,297.125,WEEK_END_CLOSE,-19.605000000000075,-2.152077981953504
TEL,2026-05-05 00:00:00,2026-05-06 00:00:00,0.1354166666666666,7.0,2026-05-06 10:25:00,213.4,59.407880745085905,56.607094795242716,4,853.6,205.931,220.869,2026-05-08 15:55:00,205.931,STOP_LOSS,-29.875999999999976,-3.499999999999992
UNP,2026-05-06 00:00:00,2026-05-07 00:00:00,0.1252239344857958,5.0,2026-05-07 09:45:00,267.86,47.38995193784291,45.57827893435658,3,803.58,258.4849,277.2351,2026-05-08 15:59:00,264.65,WEEK_END_CLOSE,-9.63000000000011,-1.198387217203034
TMO,2026-05-06 00:00:00,2026-05-07 00:00:00,0.1370596652984978,6.0,2026-05-07 09:55:00,478.245,58.17536540393356,56.945953801562425,2,956.49,461.506425,494.983575,2026-05-08 09:43:00,461.506425,STOP_LOSS,-33.47715000000005,-3.500000000000003
VZ,2026-05-06 00:00:00,2026-05-07 00:00:00,0.1839403231415175,10.0,2026-05-07 09:58:00,47.485,56.17196011433352,56.125255162284816,21,997.185,45.823025,49.146975,2026-05-08 15:59:00,47.23,WEEK_END_CLOSE,-5.355000000000054,-0.5370116879014453
MSI,2026-05-06 00:00:00,2026-05-07 00:00:00,0.1702127659574468,9.0,2026-05-07 10:01:00,434.235,53.789501612433206,53.77426968538824,2,868.47,419.036775,449.433225,2026-05-08 09:31:00,417.0,STOP_LOSS_GAP,-34.47000000000003,-3.969049017237214
AJG,2026-05-06 00:00:00,2026-05-07 00:00:00,0.03125,2.0,2026-05-07 10:03:00,198.735,47.054314319778015,46.984736356366355,5,993.6750000000001,191.779275,205.690725,2026-05-08 15:59:00,198.87,WEEK_END_CLOSE,0.6749999999999545,0.06792965506829951
SPGI,2026-05-06 00:00:00,2026-05-07 00:00:00,0.1634339840893962,8.0,2026-05-07 10:44:00,428.11,56.43399700138887,53.065344154940384,2,856.22,413.12615,443.09385,2026-05-08 15:59:00,420.1,WEEK_END_CLOSE,-16.019999999999982,-1.8710144589007438
AMGN,2026-05-07 00:00:00,2026-05-08 00:00:00,0.0682775481349841,9.0,2026-05-08 09:46:00,329.63,56.707920643680474,52.815680572816554,3,988.89,318.09295,341.16704999999996,2026-05-08 15:59:00,331.73,WEEK_END_CLOSE,6.300000000000068,0.6370779358674916
CVNA,2026-05-07 00:00:00,2026-05-08 00:00:00,0.0007160687091557,1.0,2026-05-08 09:56:00,80.08,55.63718875359582,53.455972854509575,12,960.96,77.2772,82.88279999999999,2026-05-08 11:55:00,77.2772,STOP_LOSS,-33.63360000000006,-3.500000000000003
ADP,2026-05-07 00:00:00,2026-05-08 00:00:00,0.0854666257223416,10.0,2026-05-08 09:58:00,209.34,38.90660722212414,37.80508755764879,4,837.36,202.0131,216.6669,2026-05-08 15:59:00,213.02,WEEK_END_CLOSE,14.720000000000027,1.757905799178383
CB,2026-05-07 00:00:00,2026-05-08 00:00:00,0.0171026156941649,3.0,2026-05-08 09:58:00,321.33,48.87676627487782,48.06804811353402,3,963.99,310.08344999999997,332.57654999999994,2026-05-08 15:59:00,319.6,WEEK_END_CLOSE,-5.189999999999884,-0.5383873276693651
CVNA,2026-05-07 00:00:00,2026-05-08 00:00:00,0.0007160687091557,1.0,2026-05-08 11:56:00,77.32,36.39878202554712,35.91714324047518,12,927.8399999999999,74.6138,80.02619999999999,2026-05-08 15:59:00,77.94,WEEK_END_CLOSE,7.440000000000055,0.8018623900672539
PCAR,2026-05-08 00:00:00,2026-05-11 00:00:00,0.0273224043715847,2.0,2026-05-11 09:50:00,113.625,48.69329073912882,45.76861328081605,8,909.0,109.648125,117.60187499999999,2026-05-15 15:59:00,110.3,WEEK_END_CLOSE,-26.600000000000023,-2.9262926292629277
ORLY,2026-05-08 00:00:00,2026-05-11 00:00:00,0.0381679389312977,4.0,2026-05-11 09:53:00,91.41,40.31565024440563,39.69201219894817,10,914.0999999999999,88.21064999999999,94.60934999999999,2026-05-15 15:53:00,88.21064999999999,STOP_LOSS,-31.993500000000097,-3.500000000000014
ADP,2026-05-08 00:00:00,2026-05-11 00:00:00,0.0829042889615167,6.0,2026-05-11 09:57:00,211.12,48.77258707201831,48.35729604502357,4,844.48,203.7308,218.5092,2026-05-15 15:59:00,214.55,WEEK_END_CLOSE,13.720000000000027,1.6246684350132767
EOG,2026-05-08 00:00:00,2026-05-11 00:00:00,0.0989379453979725,10.0,2026-05-11 10:03:00,131.65,53.728753022484966,48.80778691976936,7,921.5500000000001,127.04225,136.25775,2026-05-14 12:41:00,136.2785,TAKE_PROFIT_GAP,32.39950000000002,3.515761488796043
PWR,2026-05-08 00:00:00,2026-05-11 00:00:00,0.0800711743772242,5.0,2026-05-11 10:12:00,753.939,52.47506493592484,52.31826339913207,1,753.939,727.5511349999999,780.3268649999999,2026-05-11 14:53:00,780.3268649999999,TAKE_PROFIT,26.38786499999992,3.499999999999992
WELL,2026-05-08 00:00:00,2026-05-11 00:00:00,0.09375,7.0,2026-05-11 10:12:00,216.02,46.009807416417075,44.421792376830595,4,864.08,208.4593,223.5807,2026-05-15 15:59:00,213.84,WEEK_END_CLOSE,-8.720000000000027,-1.009165817979818
FDX,2026-05-08 00:00:00,2026-05-11 00:00:00,0.097616273803406,9.0,2026-05-11 10:17:00,382.625,58.58098369822053,57.77144877120784,2,765.25,369.233125,396.01687499999997,2026-05-13 14:34:00,369.233125,STOP_LOSS,-26.783750000000055,-3.500000000000003
AFL,2026-05-08 00:00:00,2026-05-11 00:00:00,0.0955448201825013,8.0,2026-05-11 10:18:00,113.9,53.222588916208416,52.33217424733086,8,911.2,109.9135,117.8865,2026-05-15 15:59:00,116.84,WEEK_END_CLOSE,23.519999999999982,2.5812115891132636
CB,2026-05-08 00:00:00,2026-05-11 00:00:00,0.0309278350515463,3.0,2026-05-11 10:24:00,320.09,52.4154306097792,49.43488539830207,3,960.27,308.88685,331.29314999999997,2026-05-15 15:59:00,324.165,WEEK_END_CLOSE,12.225000000000136,1.2730794464057116
PWR,2026-05-08 00:00:00,2026-05-11 00:00:00,0.0800711743772242,5.0,2026-05-11 15:20:00,775.95,48.219812155249244,48.07691472853009,1,775.95,748.79175,803.10825,2026-05-12 11:24:00,748.79175,STOP_LOSS,-27.158250000000066,-3.500000000000003
ABBV,2026-05-11 00:00:00,2026-05-12 00:00:00,0.0396742638661303,3.0,2026-05-12 09:47:00,204.45,58.8718138070037,53.010497401651534,4,817.8,197.29424999999998,211.60574999999997,2026-05-14 09:59:00,211.60574999999997,TAKE_PROFIT,28.622999999999934,3.499999999999992
MSI,2026-05-11 00:00:00,2026-05-12 00:00:00,0.0375586854460093,2.0,2026-05-12 09:50:00,395.185,49.44565624189114,49.37727738190689,2,790.37,381.353525,409.01647499999996,2026-05-15 15:59:00,393.42,WEEK_END_CLOSE,-3.5299999999999727,-0.446626263648664
SPGI,2026-05-11 00:00:00,2026-05-12 00:00:00,0.0772145902415916,9.0,2026-05-12 09:50:00,423.21,52.53334795808422,52.435167252729116,2,846.42,408.39764999999994,438.02234999999996,2026-05-13 09:44:00,408.39764999999994,STOP_LOSS,-29.624700000000075,-3.500000000000014
COP,2026-05-11 00:00:00,2026-05-12 00:00:00,0.0815926892950391,10.0,2026-05-12 09:51:00,116.075,53.50564395566506,50.03121999212779,8,928.6,112.012375,120.137625,2026-05-15 09:30:00,120.78,TAKE_PROFIT_GAP,37.639999999999986,4.053413741115652
ECL,2026-05-11 00:00:00,2026-05-12 00:00:00,0.0454545454545454,4.0,2026-05-12 09:56:00,249.98,51.20904914414046,50.50245507288192,4,999.92,241.23069999999998,258.72929999999997,2026-05-15 15:59:00,247.69,WEEK_END_CLOSE,-9.159999999999968,-0.9160732858628617
CME,2026-05-11 00:00:00,2026-05-12 00:00:00,0.0545454545454545,6.0,2026-05-12 10:03:00,283.605,55.075536461095275,53.49777673294661,3,850.815,273.678825,293.531175,2026-05-13 13:48:00,293.531175,TAKE_PROFIT,29.778525000000002,3.499999999999992
MCO,2026-05-11 00:00:00,2026-05-12 00:00:00,0.051056338028169,5.0,2026-05-12 10:24:00,453.67,60.01479494271982,56.88911713059396,2,907.34,437.79155000000003,469.54845,2026-05-13 10:40:00,437.79155000000003,STOP_LOSS,-31.756899999999973,-3.499999999999992
KMI,2026-05-12 00:00:00,2026-05-13 00:00:00,0.0392551585304479,3.0,2026-05-13 09:50:00,32.36,48.59007103441754,48.48553380293426,30,970.8,31.2274,33.492599999999996,2026-05-15 09:30:00,33.51,TAKE_PROFIT_GAP,34.49999999999996,3.5537700865265753
PLD,2026-05-12 00:00:00,2026-05-13 00:00:00,0.0561797752808988,5.0,2026-05-13 09:57:00,143.545,51.527098192497,50.32449894512341,6,861.27,138.52092499999998,148.56907499999997,2026-05-15 15:59:00,140.53,WEEK_END_CLOSE,-18.089999999999918,-2.1003866383364045
AEP,2026-05-12 00:00:00,2026-05-13 00:00:00,0.0614525139664804,6.0,2026-05-13 10:09:00,127.0,33.85360351795579,33.73387657804518,7,889.0,122.55499999999999,131.445,2026-05-15 15:59:00,125.13,WEEK_END_CLOSE,-13.090000000000032,-1.472440944881892
MO,2026-05-12 00:00:00,2026-05-13 00:00:00,0.0707314619176979,9.0,2026-05-13 10:25:00,71.0,55.84971723419051,54.004055318011154,14,994.0,68.515,73.485,2026-05-15 15:59:00,73.1,WEEK_END_CLOSE,29.39999999999992,2.9577464788732355
PGR,2026-05-12 00:00:00,2026-05-13 00:00:00,0.0722543352601156,10.0,2026-05-13 10:37:00,200.29,56.904403212220295,53.8214125005225,4,801.16,193.27984999999998,207.30014999999997,2026-05-15 15:59:00,199.81,WEEK_END_CLOSE,-1.919999999999959,-0.23965250386938086
ADI,2026-05-12 00:00:00,2026-05-13 00:00:00,0.063150074294205,7.0,2026-05-13 10:48:00,432.85,57.39458679516455,56.938733336630065,2,865.7,417.70025,447.99975,2026-05-15 09:30:00,415.18,STOP_LOSS_GAP,-35.34000000000003,-4.082245581610266
MCO,2026-05-12 00:00:00,2026-05-13 00:00:00,0.0407450523864959,4.0,2026-05-13 11:05:00,434.04,39.21365540683964,38.83413992420375,2,868.08,418.84860000000003,449.2314,2026-05-15 15:59:00,428.9,WEEK_END_CLOSE,-10.280000000000086,-1.1842226522901234
FDX,2026-05-12 00:00:00,2026-05-13 00:00:00,0.0271247739602169,2.0,2026-05-13 14:42:00,369.405,47.051137124223764,44.77791183759305,2,738.81,356.475825,382.33417499999996,2026-05-15 15:59:00,375.855,WEEK_END_CLOSE,12.900000000000091,1.7460510821456277
NSC,2026-05-13 00:00:00,2026-05-14 00:00:00,0.0,1.0,2026-05-14 09:46:00,312.3699,55.335680327136345,51.652885387876616,3,937.1097,301.43695349999996,323.30284649999993,2026-05-15 15:59:00,316.62,WEEK_END_CLOSE,12.750300000000095,1.360598444344352
UNP,2026-05-13 00:00:00,2026-05-14 00:00:00,0.0724149545301448,9.0,2026-05-14 09:48:00,265.745,52.22675492299682,51.38866398777031,3,797.235,256.443925,275.046075,2026-05-15 15:59:00,270.58,WEEK_END_CLOSE,14.504999999999939,1.8194133473818708
APO,2026-05-13 00:00:00,2026-05-14 00:00:00,0.0721247563352826,8.0,2026-05-14 09:49:00,132.42,47.989607046797104,47.3467983673068,7,926.9399999999999,127.78529999999998,137.05469999999997,2026-05-15 15:59:00,135.39,WEEK_END_CLOSE,20.789999999999992,2.2428636157680204
CL,2026-05-13 00:00:00,2026-05-14 00:00:00,0.046692607003891,6.0,2026-05-14 09:53:00,88.56,64.59444184819603,64.00194466174567,11,974.1600000000001,85.46039999999999,91.6596,2026-05-15 15:59:00,88.15,WEEK_END_CLOSE,-4.5099999999999625,-0.4629629629629539
AMT,2026-05-14 00:00:00,2026-05-15 00:00:00,0.0458015267175572,8.0,2026-05-15 09:46:00,169.35,40.611535523020635,40.34793305392677,5,846.75,163.42274999999998,175.27724999999998,2026-05-15 15:59:00,170.71,WEEK_END_CLOSE,6.800000000000068,0.8030705639208824
CTAS,2026-05-14 00:00:00,2026-05-15 00:00:00,0.0625,10.0,2026-05-15 09:46:00,167.75,61.73596664848267,61.231501805543694,5,838.75,161.87875,173.62124999999997,2026-05-15 15:59:00,168.34,WEEK_END_CLOSE,2.950000000000017,0.351713859910574
GD,2026-05-14 00:00:00,2026-05-15 00:00:00,0.0125,2.0,2026-05-15 09:46:00,340.585,51.2698886319278,48.17552219227738,2,681.17,328.66452499999997,352.50547499999993,2026-05-15 15:59:00,334.5,WEEK_END_CLOSE,-12.169999999999959,-1.7866318246546276
CMCSA,2026-05-14 00:00:00,2026-05-15 00:00:00,0.039784739573323,6.0,2026-05-15 09:56:00,25.29,48.87908502571044,47.74743562955833,39,986.31,24.40485,26.17515,2026-05-15 15:59:00,24.755,WEEK_END_CLOSE,-20.865000000000006,-2.1154606563859257
TT,2026-05-14 00:00:00,2026-05-15 00:00:00,0.0446428571428571,7.0,2026-05-15 09:56:00,471.81,48.014258293209096,47.80110115247175,2,943.62,455.29665,488.32334999999995,2026-05-15 15:59:00,466.4,WEEK_END_CLOSE,-10.82000000000005,-1.1466480150908231
RSG,2026-05-14 00:00:00,2026-05-15 00:00:00,0.0154999148356327,3.0,2026-05-15 09:57:00,210.46,60.760732952759675,59.31728041380511,4,841.84,203.0939,217.8261,2026-05-15 15:59:00,208.36,WEEK_END_CLOSE,-8.399999999999977,-0.9978143115081273
SO,2026-05-14 00:00:00,2026-05-15 00:00:00,0.0549450549450549,9.0,2026-05-15 10:00:00,93.58,53.49249197369428,53.43495755684743,10,935.8,90.3047,96.85529999999999,2026-05-15 15:59:00,92.575,WEEK_END_CLOSE,-10.049999999999955,-1.0739474246633796
MPC,2026-05-14 00:00:00,2026-05-15 00:00:00,0.012210796915167,1.0,2026-05-15 10:07:00,254.18,57.82498677709088,56.51815080974518,3,762.54,245.2837,263.0763,2026-05-15 15:59:00,255.02,WEEK_END_CLOSE,2.5200000000000102,0.3304744669132109
APD,2026-05-14 00:00:00,2026-05-15 00:00:00,0.0360824742268041,4.0,2026-05-15 10:27:00,297.565,51.153861252033025,46.79388513785946,3,892.6949999999999,287.150225,307.97977499999996,2026-05-15 15:59:00,295.37,WEEK_END_CLOSE,-6.5849999999999795,-0.7376539579587615
JCI,2026-05-15 00:00:00,2026-05-18 00:00:00,0.0469483568075117,6.0,2026-05-18 09:50:00,142.185,48.7500784211274,48.29655102346193,7,995.2950000000001,137.208525,147.161475,2026-05-18 15:55:00,137.208525,STOP_LOSS,-34.835324999999955,-3.499999999999992
VRTX,2026-05-15 00:00:00,2026-05-18 00:00:00,0.0498338870431893,7.0,2026-05-18 09:53:00,436.25,52.92911579934236,46.23147545295634,2,872.5,420.98125,451.51874999999995,2026-05-22 15:59:00,434.53,WEEK_END_CLOSE,-3.4400000000000546,-0.3942693409742182
MO,2026-05-15 00:00:00,2026-05-18 00:00:00,0.0608391608391608,8.0,2026-05-18 09:55:00,73.14,54.38331565682854,53.72494248708157,13,950.82,70.5801,75.6999,2026-05-22 15:59:00,73.91,WEEK_END_CLOSE,10.009999999999948,1.052775499042924
RSG,2026-05-15 00:00:00,2026-05-18 00:00:00,0.0054744525547445,1.0,2026-05-18 09:55:00,210.34,57.804927451160275,56.9670441295686,4,841.36,202.97809999999998,217.7019,2026-05-19 09:30:00,217.7019,TAKE_PROFIT,29.447599999999966,3.499999999999992
AXP,2026-05-15 00:00:00,2026-05-18 00:00:00,0.0455585498550872,5.0,2026-05-18 10:04:00,314.835,52.360077844556166,50.87451795645515,3,944.5049999999999,303.815775,325.85422499999993,2026-05-20 09:34:00,303.815775,STOP_LOSS,-33.05767500000002,-3.500000000000003
UNP,2026-05-15 00:00:00,2026-05-18 00:00:00,0.0753114382785957,9.0,2026-05-18 10:05:00,273.285,64.6053973025729,61.414904878885736,3,819.855,263.720025,282.84997500000003,2026-05-22 15:59:00,265.9,WEEK_END_CLOSE,-22.155000000000143,-2.7023071152825984
MRSH,2026-05-15 00:00:00,2026-05-18 00:00:00,0.0350877192982456,4.0,2026-05-18 10:18:00,164.88,58.878506575517136,55.97110776802359,6,989.28,159.1092,170.65079999999998,2026-05-22 15:59:00,164.06,WEEK_END_CLOSE,-4.919999999999959,-0.49733139252789993
PLD,2026-05-15 00:00:00,2026-05-18 00:00:00,0.0159744408945686,2.0,2026-05-18 10:18:00,142.0999,57.77268727743763,54.70089027615658,7,994.6993,137.12640349999998,147.07339649999997,2026-05-22 15:59:00,145.91,WEEK_END_CLOSE,26.67070000000004,2.681282675075769
MDLZ,2026-05-15 00:00:00,2026-05-18 00:00:00,0.0766666666666666,10.0,2026-05-18 10:33:00,61.68,63.629982772203164,63.28572340045191,16,986.88,59.5212,63.83879999999999,2026-05-22 15:59:00,61.74,WEEK_END_CLOSE,0.9600000000000364,0.09727626459143934
SO,2026-05-15 00:00:00,2026-05-18 00:00:00,0.0343473994111874,3.0,2026-05-18 10:33:00,92.65,57.91195100247648,48.888281678292444,10,926.5,89.40725,95.89274999999999,2026-05-22 15:59:00,94.56,WEEK_END_CLOSE,19.099999999999966,2.061521856448989
SPGI,2026-05-18 00:00:00,2026-05-19 00:00:00,0.0459770114942528,2.0,2026-05-19 09:45:00,417.28,53.59359516620895,50.91393642277792,2,834.56,402.67519999999996,431.8847999999999,2026-05-22 15:59:00,418.17,WEEK_END_CLOSE,1.7800000000000864,0.21328604294479359
MRK,2026-05-18 00:00:00,2026-05-19 00:00:00,0.1328182487122884,7.0,2026-05-19 09:46:00,113.12,62.293797595433325,59.33844623195532,8,904.96,109.1608,117.0792,2026-05-22 09:30:00,120.55,TAKE_PROFIT_GAP,59.43999999999994,6.568246110325315
GE,2026-05-18 00:00:00,2026-05-19 00:00:00,0.0336784799316823,1.0,2026-05-19 09:47:00,284.695,52.27698902868738,50.36695999626641,3,854.085,274.73067499999996,294.65932499999997,2026-05-20 10:17:00,294.65932499999997,TAKE_PROFIT,29.89297499999992,3.499999999999992
PGR,2026-05-18 00:00:00,2026-05-19 00:00:00,0.1553030303030303,10.0,2026-05-19 09:47:00,203.745,54.6760094171901,52.335628083948315,4,814.98,196.613925,210.876075,2026-05-22 15:59:00,199.52,WEEK_END_CLOSE,-16.899999999999977,-2.073670519521953
HLT,2026-05-18 00:00:00,2026-05-19 00:00:00,0.0558035714285714,3.0,2026-05-19 09:50:00,314.78,45.13673143096673,40.144424292624215,3,944.3399999999999,303.76269999999994,325.79729999999995,2026-05-22 09:30:00,325.85,TAKE_PROFIT_GAP,33.21000000000015,3.5167418514518323
AMGN,2026-05-18 00:00:00,2026-05-19 00:00:00,0.0851699663802764,5.0,2026-05-19 09:51:00,323.67,56.03600315650738,53.54444058374327,3,971.01,312.34155,334.99845,2026-05-21 09:54:00,335.0,TAKE_PROFIT_GAP,33.98999999999995,3.50047888281273
KKR,2026-05-18 00:00:00,2026-05-19 00:00:00,0.1170454545454545,6.0,2026-05-19 09:51:00,94.9,51.614925295383365,47.297447014581785,10,949.0,91.5785,98.22149999999999,2026-05-20 09:33:00,91.5785,STOP_LOSS,-33.215,-3.500000000000003
USB,2026-05-18 00:00:00,2026-05-19 00:00:00,0.1455108359133126,9.0,2026-05-19 09:52:00,52.79,44.288848527724454,42.294717069458976,18,950.22,50.94235,54.637649999999994,2026-05-21 14:41:00,54.637649999999994,TAKE_PROFIT,33.2576999999999,3.499999999999992
ABBV,2026-05-19 00:00:00,2026-05-20 00:00:00,0.0632680928538916,5.0,2026-05-20 09:45:00,213.875,53.332131674525485,51.7505309932231,4,855.5,206.389375,221.36062499999997,2026-05-22 15:59:00,215.76,WEEK_END_CLOSE,7.539999999999964,0.8813559322033759
BKNG,2026-05-19 00:00:00,2026-05-20 00:00:00,0.1016733535570995,9.0,2026-05-20 09:45:00,152.38,45.97077128883883,44.46105754788548,6,914.28,147.0467,157.71329999999998,2026-05-20 13:36:00,157.71329999999998,TAKE_PROFIT,31.99979999999988,3.499999999999992
JNJ,2026-05-19 00:00:00,2026-05-20 00:00:00,0.0612467603328331,4.0,2026-05-20 09:45:00,231.22,61.65025120685131,60.63736889727539,4,924.88,223.1273,239.31269999999998,2026-05-22 15:59:00,234.38,WEEK_END_CLOSE,12.639999999999986,1.3666637834097273
KMI,2026-05-19 00:00:00,2026-05-20 00:00:00,0.0255640465793304,1.0,2026-05-20 09:47:00,34.47,49.335547637671006,47.8536188808503,29,999.63,33.263549999999995,35.676449999999996,2026-05-22 15:59:00,33.79,WEEK_END_CLOSE,-19.71999999999999,-1.9727299100667284
MDT,2026-05-19 00:00:00,2026-05-20 00:00:00,0.0802757941393745,8.0,2026-05-20 09:51:00,78.34,55.582545465196894,52.81308039911596,12,940.08,75.5981,81.08189999999999,2026-05-22 15:59:00,78.58,WEEK_END_CLOSE,2.8799999999999386,0.30635690579523533
PEP,2026-05-19 00:00:00,2026-05-20 00:00:00,0.0280199566597792,2.0,2026-05-20 09:54:00,150.41,60.79999809920447,57.738949126486624,6,902.46,145.14565,155.67434999999998,2026-05-22 15:59:00,150.57,WEEK_END_CLOSE,0.9599999999999795,0.10637590585731438
AFL,2026-05-19 00:00:00,2026-05-20 00:00:00,0.0379131561892417,3.0,2026-05-20 10:10:00,118.18,50.05903156242254,43.10906663996365,8,945.44,114.0437,122.3163,2026-05-22 15:59:00,117.85,WEEK_END_CLOSE,-2.6400000000001,-0.2792350651548592
ADP,2026-05-19 00:00:00,2026-05-20 00:00:00,0.0725138121546961,7.0,2026-05-20 10:42:00,219.33,52.56128497941469,48.89119411483206,4,877.32,211.65345,227.00655,2026-05-22 15:59:00,225.35,WEEK_END_CLOSE,24.079999999999927,2.744722564172708
SNPS,2026-05-19 00:00:00,2026-05-20 00:00:00,0.0702479338842975,6.0,2026-05-20 11:01:00,491.82,58.97694038001663,58.68230873049006,2,983.64,474.6063,509.03369999999995,2026-05-22 09:30:00,510.0,TAKE_PROFIT_GAP,36.360000000000014,3.696474319873122
BKNG,2026-05-19 00:00:00,2026-05-20 00:00:00,0.1016733535570995,9.0,2026-05-20 14:43:00,158.08,58.54837175032207,56.450506636699096,6,948.48,152.5472,163.6128,2026-05-22 15:59:00,161.12,WEEK_END_CLOSE,18.239999999999952,1.9230769230769162
MS,2026-05-20 00:00:00,2026-05-21 00:00:00,0.0722875377897211,3.0,2026-05-21 09:45:00,198.84,58.29079273452083,57.20678492329395,5,994.2,191.8806,205.7994,2026-05-22 15:59:00,201.04,WEEK_END_CLOSE,10.999999999999943,1.1064172198752775
BSX,2026-05-20 00:00:00,2026-05-21 00:00:00,0.10250569476082,5.0,2026-05-21 09:47:00,56.61,54.76773804350464,52.686645435007314,17,962.37,54.62865,58.59134999999999,2026-05-22 15:59:00,57.75,WEEK_END_CLOSE,19.38000000000001,2.013778484366724
KKR,2026-05-20 00:00:00,2026-05-21 00:00:00,0.1486146095717884,8.0,2026-05-21 09:52:00,94.02,54.51941366946297,50.20339285106278,10,940.1999999999999,90.7293,97.31069999999998,2026-05-22 15:59:00,94.02,WEEK_END_CLOSE,0.0,0.0
GE,2026-05-20 00:00:00,2026-05-21 00:00:00,0.1127798765318345,6.0,2026-05-21 09:55:00,298.21,51.864870014948835,51.843202820588736,3,894.6299999999999,287.77265,308.64734999999996,2026-05-22 15:59:00,302.73,WEEK_END_CLOSE,13.560000000000116,1.515710405419024
WMB,2026-05-20 00:00:00,2026-05-21 00:00:00,0.05720823798627,2.0,2026-05-21 10:11:00,77.79,52.9593427061067,51.81497936878181,12,933.48,75.06735,80.51265,2026-05-22 15:59:00,78.46,WEEK_END_CLOSE,8.03999999999985,0.8612932253502903
USB,2026-05-20 00:00:00,2026-05-21 00:00:00,0.053127677806341,1.0,2026-05-21 15:12:00,54.51,58.18280095844159,58.14543436876146,18,981.18,52.602149999999995,56.417849999999994,2026-05-22 15:59:00,54.825,WEEK_END_CLOSE,5.670000000000087,0.577875619152457
MCD,2026-05-21 00:00:00,2026-05-22 00:00:00,0.1101449275362318,9.0,2026-05-22 09:46:00,282.845,44.321062836910876,43.683427426146295,3,848.5350000000001,272.945425,292.744575,2026-05-22 15:59:00,282.23,WEEK_END_CLOSE,-1.8450000000000273,-0.21743357669394836
CMCSA,2026-05-21 00:00:00,2026-05-22 00:00:00,0.0368157597287259,3.0,2026-05-22 09:57:00,25.245,53.71636238467592,53.18195932541247,39,984.5550000000001,24.361425,26.128574999999998,2026-05-22 15:59:00,25.205,WEEK_END_CLOSE,-1.5600000000001053,-0.15844721727075184
TMO,2026-05-21 00:00:00,2026-05-22 00:00:00,0.0689045936395759,4.0,2026-05-22 10:03:00,450.87,47.1058470381938,46.7794538236368,2,901.74,435.08955,466.65045,2026-05-22 15:59:00,448.205,WEEK_END_CLOSE,-5.330000000000041,-0.5910794685829668
CSX,2026-05-21 00:00:00,2026-05-22 00:00:00,0.0856031128404669,6.0,2026-05-22 10:07:00,45.885,45.36113633654001,44.63243350253158,21,963.5849999999999,44.279025,47.49097499999999,2026-05-22 15:59:00,45.51,WEEK_END_CLOSE,-7.875,-0.8172605426610025
DASH,2026-05-21 00:00:00,2026-05-22 00:00:00,0.0968033230991511,7.0,2026-05-22 10:10:00,163.69,52.929931021349034,51.20961737299024,6,982.14,157.96085,169.41914999999997,2026-05-22 15:59:00,160.27,WEEK_END_CLOSE,-20.519999999999925,-2.08931516891685
PSX,2026-05-21 00:00:00,2026-05-22 00:00:00,0.102127659574468,8.0,2026-05-22 10:16:00,176.615,57.212374020689175,54.79898720671648,5,883.075,170.43347500000002,182.796525,2026-05-22 15:59:00,177.68,WEEK_END_CLOSE,5.324999999999989,0.6030065396483764
PM,2026-05-21 00:00:00,2026-05-22 00:00:00,0.0786516853932584,5.0,2026-05-22 11:17:00,189.205,49.86915815921216,49.181960526772194,5,946.0250000000001,182.582825,195.827175,2026-05-22 15:59:00,189.07,WEEK_END_CLOSE,-0.6750000000000966,-0.07135117993711804
DHR,2026-05-22 00:00:00,2026-05-26 00:00:00,0.0471976401179941,3.0,2026-05-26 09:45:00,171.11,51.05041687664697,42.28824861247287,5,855.5500000000001,165.12115,177.09885,2026-05-28 09:37:00,177.09885,TAKE_PROFIT,29.944249999999926,3.499999999999992
COF,2026-05-22 00:00:00,2026-05-26 00:00:00,0.0754716981132075,5.0,2026-05-26 09:49:00,189.28,52.68365023687296,51.01040476427057,5,946.4,182.6552,195.9048,2026-05-29 15:59:00,188.0,WEEK_END_CLOSE,-6.400000000000006,-0.6762468300929858
ADP,2026-05-22 00:00:00,2026-05-26 00:00:00,0.0920716112531969,7.0,2026-05-26 09:50:00,220.94,41.81737954111974,40.50541148334942,4,883.76,213.2071,228.67289999999997,2026-05-29 15:59:00,221.83,WEEK_END_CLOSE,3.560000000000059,0.4028242961890083
ABBV,2026-05-22 00:00:00,2026-05-26 00:00:00,0.1020154267230654,9.0,2026-05-26 09:52:00,213.63,40.266473027176055,35.24740095076624,4,854.52,206.15294999999998,221.10705,2026-05-29 15:59:00,217.6,WEEK_END_CLOSE,15.879999999999995,1.8583532275429526
KMI,2026-05-22 00:00:00,2026-05-26 00:00:00,0.1090047393364928,10.0,2026-05-26 09:52:00,33.63,53.60405495207309,53.0171864931459,29,975.2700000000001,32.45295,34.80705,2026-05-27 09:31:00,32.45295,STOP_LOSS,-34.13445000000004,-3.500000000000003
AFL,2026-05-22 00:00:00,2026-05-26 00:00:00,0.078125,6.0,2026-05-26 09:56:00,117.55,53.67709051970905,48.135981401258455,8,940.4,113.43575,121.66424999999998,2026-05-28 12:24:00,113.43575,STOP_LOSS,-32.91399999999999,-3.500000000000003
BSX,2026-05-22 00:00:00,2026-05-26 00:00:00,0.0623781676413255,4.0,2026-05-26 10:00:00,57.49,48.066574087017955,47.745674423421896,17,977.33,55.477850000000004,59.50215,2026-05-27 09:30:00,53.13,STOP_LOSS_GAP,-74.11999999999999,-7.5839276395894935
UPS,2026-05-22 00:00:00,2026-05-26 00:00:00,0.0342597199516667,2.0,2026-05-26 10:02:00,102.4458,61.983051626489704,57.99674259582006,9,922.0122,98.860197,106.031403,2026-05-28 10:55:00,106.031403,TAKE_PROFIT,32.27042699999993,3.499999999999992
EMR,2026-05-22 00:00:00,2026-05-26 00:00:00,0.0264150943396226,1.0,2026-05-26 10:07:00,138.61,59.47518604105674,54.75718006047769,7,970.2700000000001,133.75865000000002,143.46135,2026-05-29 11:00:00,143.46135,TAKE_PROFIT,33.959449999999975,3.499999999999992
SNPS,2026-05-22 00:00:00,2026-05-26 00:00:00,0.1004366812227074,8.0,2026-05-26 10:13:00,534.29,56.04950242533854,55.01915880652741,1,534.29,515.58985,552.99015,2026-05-28 09:30:00,510.0,STOP_LOSS_GAP,-24.289999999999964,-4.546220217484875
NEE,2026-05-26 00:00:00,2026-05-27 00:00:00,0.1135864449325384,9.0,2026-05-27 09:45:00,87.51,47.68789472618586,47.50725752691857,11,962.61,84.44715000000001,90.57285,2026-05-29 15:59:00,86.97,WEEK_END_CLOSE,-5.940000000000069,-0.6170723345903406
REGN,2026-05-26 00:00:00,2026-05-27 00:00:00,0.1098696461824953,7.0,2026-05-27 09:52:00,635.0,48.052343913120325,47.39029410393288,1,635.0,612.775,657.2249999999999,2026-05-29 14:27:00,612.77,STOP_LOSS_GAP,-22.230000000000018,-3.500787401574801
WFC,2026-05-26 00:00:00,2026-05-27 00:00:00,0.0316788281420169,3.0,2026-05-27 09:55:00,76.26,49.78298714281217,47.65134613686465,13,991.3800000000001,73.5909,78.9291,2026-05-29 15:59:00,77.54,WEEK_END_CLOSE,16.640000000000015,1.6784683975872072
SPGI,2026-05-26 00:00:00,2026-05-27 00:00:00,0.1246376811594203,10.0,2026-05-27 09:58:00,414.87,53.537663472225475,51.202808517318154,2,829.74,400.34954999999997,429.39045,2026-05-29 15:59:00,424.17,WEEK_END_CLOSE,18.600000000000023,2.2416660640682595
SO,2026-05-26 00:00:00,2026-05-27 00:00:00,0.106060606060606,6.0,2026-05-27 10:05:00,94.175,48.69394289434529,47.713409104798416,10,941.75,90.878875,97.47112499999999,2026-05-29 15:59:00,92.01,WEEK_END_CLOSE,-21.64999999999992,-2.298911600743292
MMM,2026-05-26 00:00:00,2026-05-27 00:00:00,0.0358161286643093,4.0,2026-05-27 10:17:00,156.33,63.29412183868402,61.00019069873616,6,937.98,150.85845,161.80155,2026-05-29 15:59:00,153.22,WEEK_END_CLOSE,-18.660000000000082,-1.9893814367044182
TJX,2026-05-26 00:00:00,2026-05-27 00:00:00,0.0520833333333333,5.0,2026-05-27 10:17:00,159.11,53.46908429929302,52.096262705932794,6,954.6600000000001,153.54115000000002,164.67885,2026-05-29 15:59:00,154.82,WEEK_END_CLOSE,-25.740000000000123,-2.696247878825986
UNP,2026-05-26 00:00:00,2026-05-27 00:00:00,0.0069813923373588,1.0,2026-05-27 10:30:00,274.79,60.574701981084914,54.877951278034594,3,824.3700000000001,265.17235,284.40765,2026-05-28 09:43:00,265.17235,STOP_LOSS,-28.852950000000078,-3.500000000000014
DLR,2026-05-27 00:00:00,2026-05-28 00:00:00,0.0183299389002036,3.0,2026-05-28 09:45:00,191.045,41.51469375759465,37.935079578112514,5,955.2249999999999,184.35842499999998,197.73157499999996,2026-05-29 15:59:00,189.97,WEEK_END_CLOSE,-5.374999999999943,-0.5626946530921995
WMB,2026-05-27 00:00:00,2026-05-28 00:00:00,0.082901554404145,9.0,2026-05-28 09:48:00,74.165,35.42212204315912,35.003880836332115,13,964.1450000000001,71.569225,76.760775,2026-05-29 09:51:00,71.569225,STOP_LOSS,-33.74507500000004,-3.500000000000003
PG,2026-05-27 00:00:00,2026-05-28 00:00:00,0.0713828267402335,7.0,2026-05-28 09:50:00,145.83,41.34579387999087,40.90620740881312,6,874.98,140.72595,150.93405,2026-05-29 15:59:00,143.56,WEEK_END_CLOSE,-13.620000000000061,-1.5566070081601935
CSX,2026-05-27 00:00:00,2026-05-28 00:00:00,0.0697424892703862,6.0,2026-05-28 09:52:00,45.95,43.3608848295565,39.58451170865893,21,964.95,44.341750000000005,47.55825,2026-05-29 15:59:00,45.25,WEEK_END_CLOSE,-14.70000000000006,-1.5233949945593128
DHR,2026-05-27 00:00:00,2026-05-28 00:00:00,0.0156041016495764,2.0,2026-05-28 09:54:00,179.06,71.433068944137,70.67636230993543,5,895.3,172.7929,185.3271,2026-05-29 15:59:00,182.73,WEEK_END_CLOSE,18.349999999999937,2.049592315424986
ICE,2026-05-27 00:00:00,2026-05-28 00:00:00,0.0762081784386617,8.0,2026-05-28 09:58:00,149.82,53.795784569939066,51.63186855317444,6,898.92,144.57629999999997,155.06369999999998,2026-05-29 15:59:00,147.95,WEEK_END_CLOSE,-11.220000000000027,-1.2481644640234935
CI,2026-05-27 00:00:00,2026-05-28 00:00:00,0.0630252100840336,5.0,2026-05-28 10:01:00,287.935,61.789009184095725,61.45338042472852,3,863.8050000000001,277.857275,298.012725,2026-05-29 12:28:00,277.857275,STOP_LOSS,-30.23317499999996,-3.499999999999992
PM,2026-05-27 00:00:00,2026-05-28 00:00:00,0.0934579439252336,10.0,2026-05-28 10:02:00,182.45,50.209299905959504,49.17380494442201,5,912.25,176.06425,188.83574999999996,2026-05-29 09:37:00,176.06425,STOP_LOSS,-31.928750000000008,-3.500000000000003
UPS,2026-05-27 00:00:00,2026-05-28 00:00:00,0.0365940553745928,4.0,2026-05-28 11:37:00,106.25,57.37857087847726,56.766052534488054,9,956.25,102.53125,109.96874999999999,2026-05-29 15:59:00,106.7,WEEK_END_CLOSE,4.050000000000026,0.4235294117647115
RTX,2026-05-28 00:00:00,2026-05-29 00:00:00,0.0272775705913692,3.0,2026-05-29 09:45:00,177.66,46.786134794053424,42.977955843443226,5,888.3,171.4419,183.8781,2026-05-29 15:59:00,179.61,WEEK_END_CLOSE,9.750000000000085,1.0976021614319542
WMB,2026-05-28 00:00:00,2026-05-29 00:00:00,0.03954802259887,4.0,2026-05-29 10:03:00,71.68,37.27988899184043,34.986919935379966,13,931.8400000000001,69.1712,74.1888,2026-05-29 15:59:00,71.38,WEEK_END_CLOSE,-3.900000000000148,-0.4185267857143016
GILD,2026-05-28 00:00:00,2026-05-29 00:00:00,0.0022454564591958,1.0,2026-05-29 10:10:00,135.78,53.15573602293559,52.89241527533603,7,950.46,131.0277,140.5323,2026-05-29 15:59:00,134.47,WEEK_END_CLOSE,-9.170000000000016,-0.9647959935189299
MRK,2026-05-28 00:00:00,2026-05-29 00:00:00,0.0481369077727196,6.0,2026-05-29 10:10:00,118.965,48.5277867467298,48.31254681102909,8,951.72,114.801225,123.12877499999999,2026-05-29 15:59:00,118.74,WEEK_END_CLOSE,-1.8000000000000682,-0.18913125709243417
DASH,2026-05-28 00:00:00,2026-05-29 00:00:00,0.0833478034380968,10.0,2026-05-29 10:18:00,159.9175,52.521909519620046,51.373163338842396,6,959.5049999999999,154.32038749999998,165.51461249999997,2026-05-29 15:59:00,159.34,WEEK_END_CLOSE,-3.464999999999918,-0.36112370441008235
FTNT,2026-05-28 00:00:00,2026-05-29 00:00:00,0.0799719396702911,9.0,2026-05-29 10:30:00,133.62,67.22311433314732,67.1639137837764,7,935.34,128.9433,138.2967,2026-05-29 15:59:00,137.93,WEEK_END_CLOSE,30.170000000000016,3.2255650351743714
CMCSA,2026-05-29 00:00:00,2026-06-01 00:00:00,0.0861130825644665,6.0,2026-06-01 09:47:00,24.655,45.59153128403087,45.56261085504332,40,986.2,23.792075,25.517924999999998,2026-06-03 11:18:00,23.792075,STOP_LOSS,-34.517000000000024,-3.500000000000003
WMB,2026-05-29 00:00:00,2026-06-01 00:00:00,0.0204081632653061,2.0,2026-06-01 09:50:00,71.13,44.214709336804226,41.73534791754893,14,995.8199999999999,68.64044999999999,73.61954999999999,2026-06-05 15:59:00,71.965,WEEK_END_CLOSE,11.690000000000111,1.17390693097148
V,2026-05-29 00:00:00,2026-06-01 00:00:00,0.0460927877377856,3.0,2026-06-01 09:52:00,323.62,45.218767520034355,40.58944666290123,3,970.86,312.2933,334.94669999999996,2026-06-03 09:59:00,312.2933,STOP_LOSS,-33.98010000000005,-3.500000000000003
NVDA,2026-05-29 00:00:00,2026-06-01 00:00:00,0.1105401731145577,10.0,2026-06-01 10:02:00,218.995,50.11227087314674,48.656986217931944,4,875.98,211.330175,226.65982499999998,2026-06-02 09:30:00,227.18,TAKE_PROFIT_GAP,32.74000000000001,3.737528254069722
CDNS,2026-05-29 00:00:00,2026-06-01 00:00:00,0.0677419354838709,4.0,2026-06-01 10:04:00,392.21,65.54460402480856,63.017045119108296,2,784.42,378.48265,405.9373499999999,2026-06-01 12:20:00,405.9373499999999,TAKE_PROFIT,27.45469999999989,3.499999999999992
CME,2026-05-29 00:00:00,2026-06-01 00:00:00,0.096551724137931,7.0,2026-06-01 10:04:00,267.67,41.421132456843104,39.22567127804697,3,803.01,258.30155,277.03845,2026-06-01 15:54:00,258.30155,STOP_LOSS,-28.105349999999987,-3.500000000000003
KMI,2026-05-29 00:00:00,2026-06-01 00:00:00,0.0742574257425742,5.0,2026-06-01 10:04:00,31.14,43.56210190602315,43.230548552059965,32,996.48,30.0501,32.2299,2026-06-05 15:59:00,31.69,WEEK_END_CLOSE,17.600000000000023,1.7662170841361569
HPE,2026-05-29 00:00:00,2026-06-01 00:00:00,0.104558856883647,9.0,2026-06-01 10:07:00,44.82,60.41970763718659,59.352831692729175,22,986.04,43.2513,46.3887,2026-06-01 12:24:00,46.3887,TAKE_PROFIT,34.511399999999995,3.499999999999992
GILD,2026-05-29 00:00:00,2026-06-01 00:00:00,0.1021834061135371,8.0,2026-06-01 10:08:00,132.48,42.67701866553366,42.53002468444466,7,927.3599999999999,127.84319999999998,137.11679999999998,2026-06-02 09:58:00,127.84,STOP_LOSS_GAP,-32.479999999999905,-3.5024154589371914
ADP,2026-05-29 00:00:00,2026-06-01 00:00:00,0.0124653739612188,1.0,2026-06-01 10:46:00,230.14,66.41099578670952,63.02366954750342,4,920.56,222.08509999999998,238.19489999999996,2026-06-05 15:59:00,231.96,WEEK_END_CLOSE,7.280000000000086,0.7908229773181619
HPE,2026-05-29 00:00:00,2026-06-01 00:00:00,0.104558856883647,9.0,2026-06-01 12:38:00,45.265,50.90150065743213,48.83416140804827,22,995.83,43.680725,46.849275,2026-06-01 15:03:00,46.849275,TAKE_PROFIT,34.85404999999996,3.499999999999992
CDNS,2026-05-29 00:00:00,2026-06-01 00:00:00,0.0677419354838709,4.0,2026-06-01 12:47:00,407.855,67.31757273573143,66.73695808834667,2,815.71,393.580075,422.129925,2026-06-05 09:43:00,393.580075,STOP_LOSS,-28.549849999999992,-3.500000000000003
NSC,2026-06-01 00:00:00,2026-06-02 00:00:00,0.1,5.0,2026-06-02 09:46:00,307.03,53.89038217323977,52.730924454716565,3,921.0899999999999,296.28394999999995,317.77604999999994,2026-06-05 15:59:00,313.7,WEEK_END_CLOSE,20.010000000000048,2.172426147282036
APO,2026-06-01 00:00:00,2026-06-02 00:00:00,0.1044978146785082,9.0,2026-06-02 09:55:00,128.35,41.490436017415625,36.651661894551076,7,898.4499999999999,123.85775,132.84224999999998,2026-06-03 09:30:00,123.85775,STOP_LOSS,-31.44574999999999,-3.500000000000003
NOC,2026-06-01 00:00:00,2026-06-02 00:00:00,0.0684570826750921,3.0,2026-06-02 09:55:00,535.07,46.59535673368596,41.39983076573956,1,535.07,516.3425500000001,553.79745,2026-06-05 15:59:00,544.53,WEEK_END_CLOSE,9.459999999999923,1.7679929728820376
SHW,2026-06-01 00:00:00,2026-06-02 00:00:00,0.1023622047244094,6.0,2026-06-02 09:56:00,291.72,45.65952651660174,43.976141882204175,3,875.1600000000001,281.50980000000004,301.9302,2026-06-03 09:41:00,301.9302,TAKE_PROFIT,30.63059999999996,3.499999999999992
AON,2026-06-01 00:00:00,2026-06-02 00:00:00,0.0263157894736842,1.0,2026-06-02 10:04:00,315.91,54.2427615002654,48.48931591966878,3,947.73,304.85315,326.96685,2026-06-04 10:00:00,326.96685,TAKE_PROFIT,33.17054999999999,3.499999999999992
DHR,2026-06-01 00:00:00,2026-06-02 00:00:00,0.1037794352872747,7.0,2026-06-02 10:05:00,177.215,45.45590685796059,43.99866888382663,5,886.075,171.012475,183.41752499999998,2026-06-04 09:30:00,183.41752499999998,TAKE_PROFIT,31.0126249999999,3.499999999999992
MSI,2026-06-01 00:00:00,2026-06-02 00:00:00,0.0497076023391812,2.0,2026-06-02 10:05:00,409.3775,54.33999782448566,50.248422429877614,2,818.755,395.0492875,423.70571249999995,2026-06-05 15:59:00,410.32,WEEK_END_CLOSE,1.884999999999991,0.23022760166349077
ORLY,2026-06-01 00:00:00,2026-06-02 00:00:00,0.1043017088980553,8.0,2026-06-02 10:09:00,85.625,42.34982864188537,40.65202951382704,11,941.875,82.628125,88.62187499999999,2026-06-04 09:30:00,89.05,TAKE_PROFIT_GAP,37.67499999999997,4.0000000000000036
UPS,2026-06-01 00:00:00,2026-06-02 00:00:00,0.105699021453133,10.0,2026-06-02 10:09:00,109.3,49.794137381428854,47.16594931932818,9,983.6999999999999,105.47449999999999,113.12549999999999,2026-06-05 15:59:00,108.55,WEEK_END_CLOSE,-6.75,-0.6861848124428138
AJG,2026-06-02 00:00:00,2026-06-03 00:00:00,0.0694444444444444,6.0,2026-06-03 09:45:00,204.66,53.10749746690424,40.24889997929203,4,818.64,197.49689999999998,211.82309999999998,2026-06-04 10:00:00,211.91,TAKE_PROFIT_GAP,29.0,3.5424606664712144
PCAR,2026-06-02 00:00:00,2026-06-03 00:00:00,0.0049822064056939,2.0,2026-06-03 09:55:00,114.56,56.59252083910553,55.06125559766398,8,916.48,110.5504,118.5696,2026-06-04 14:31:00,118.5696,TAKE_PROFIT,32.076799999999935,3.499999999999992
TMO,2026-06-02 00:00:00,2026-06-03 00:00:00,0.0667470002020943,5.0,2026-06-03 09:57:00,473.45,52.21848043884715,47.85741198434976,2,946.9,456.87924999999996,490.02074999999996,2026-06-05 15:59:00,472.715,WEEK_END_CLOSE,-1.4700000000000273,-0.1552434259161517
SO,2026-06-02 00:00:00,2026-06-03 00:00:00,0.07738947910028,8.0,2026-06-03 09:59:00,92.115,65.64458781232725,64.26744910268833,10,921.15,88.890975,95.33902499999999,2026-06-05 15:59:00,92.635,WEEK_END_CLOSE,5.200000000000102,0.564511751614849
TRV,2026-06-02 00:00:00,2026-06-03 00:00:00,0.0428015564202334,4.0,2026-06-03 10:07:00,294.04,52.95445930909702,52.36572657774585,3,882.1200000000001,283.7486,304.3314,2026-06-05 15:59:00,303.36,WEEK_END_CLOSE,27.95999999999998,3.1696367841109963
APD,2026-06-02 00:00:00,2026-06-03 00:00:00,0.0264900662251655,3.0,2026-06-03 10:08:00,283.5869,57.906905638418685,55.99201775688234,3,850.7607,273.6613585,293.51244149999997,2026-06-05 15:59:00,282.34,WEEK_END_CLOSE,-3.7407000000001176,-0.4396888572779756
CTAS,2026-06-02 00:00:00,2026-06-03 00:00:00,0.0713449382703659,7.0,2026-06-03 10:19:00,173.34,50.87356549781426,49.13639831954544,5,866.7,167.2731,179.40689999999998,2026-06-04 09:31:00,179.51,TAKE_PROFIT_GAP,30.849999999999937,3.559478481596856
GD,2026-06-02 00:00:00,2026-06-03 00:00:00,0.0802080725288916,9.0,2026-06-03 10:23:00,337.79,52.546449623496706,47.064743178417146,2,675.58,325.96735,349.61265,2026-06-05 15:59:00,346.46,WEEK_END_CLOSE,17.339999999999918,2.566683442375428
PM,2026-06-02 00:00:00,2026-06-03 00:00:00,0.08232005962111,10.0,2026-06-03 11:08:00,176.25,48.27975264029953,45.937193548393566,5,881.25,170.08124999999998,182.41875,2026-06-05 15:59:00,178.31,WEEK_END_CLOSE,10.300000000000011,1.1687943262411293
FDX,2026-06-03 00:00:00,2026-06-04 00:00:00,0.0338983050847457,5.0,2026-06-04 09:59:00,330.09,55.21386664201382,54.992216089480394,3,990.27,318.53684999999996,341.64314999999993,2026-06-05 15:59:00,331.07,WEEK_END_CLOSE,2.9400000000000546,0.29688872731679083
DUK,2026-06-03 00:00:00,2026-06-04 00:00:00,0.0548885077186964,6.0,2026-06-04 10:07:00,121.92,49.191942160697614,48.101290217782456,8,975.36,117.6528,126.18719999999999,2026-06-05 15:59:00,124.24,WEEK_END_CLOSE,18.559999999999945,1.9028871391076008
PH,2026-06-03 00:00:00,2026-06-04 00:00:00,0.0734463276836158,7.0,2026-06-04 10:10:00,860.44,53.7335390249882,53.52070431682739,1,860.44,830.3246,890.5554,2026-06-05 10:20:00,890.5554,TAKE_PROFIT,30.11539999999991,3.499999999999992
JNJ,2026-06-03 00:00:00,2026-06-04 00:00:00,0.0881843102182788,9.0,2026-06-04 10:14:00,227.24,61.45195196762793,55.62906811257529,4,908.96,219.2866,235.1934,2026-06-05 14:44:00,235.1934,TAKE_PROFIT,31.81359999999995,3.499999999999992
ABBV,2026-06-03 00:00:00,2026-06-04 00:00:00,0.0927102238354507,10.0,2026-06-04 10:27:00,222.32,58.71992443363829,58.04775962558959,4,889.28,214.53879999999998,230.10119999999998,2026-06-05 09:41:00,230.10119999999998,TAKE_PROFIT,31.124799999999937,3.499999999999992
TFC,2026-06-03 00:00:00,2026-06-04 00:00:00,0.0302233902759526,4.0,2026-06-04 11:09:00,48.72,51.956110308976,50.68620554078442,20,974.4,47.014799999999994,50.4252,2026-06-05 15:59:00,49.2,WEEK_END_CLOSE,9.60000000000008,0.9852216748768461
PCAR,2026-06-03 00:00:00,2026-06-04 00:00:00,0.0,2.0,2026-06-04 14:42:00,118.57,64.66699584944234,62.00028663315445,8,948.56,114.42004999999999,122.71994999999998,2026-06-05 15:59:00,116.67,WEEK_END_CLOSE,-15.199999999999932,-1.6024289449270368
SHW,2026-06-04 00:00:00,2026-06-05 00:00:00,0.1266666666666666,10.0,2026-06-05 09:48:00,305.405,68.06317148086444,66.74715576567833,3,916.2149999999999,294.71582499999994,316.09417499999995,2026-06-05 15:59:00,305.29,WEEK_END_CLOSE,-0.34499999999985675,-0.037654917241025654
AMT,2026-06-04 00:00:00,2026-06-05 00:00:00,0.106029106029106,8.0,2026-06-05 09:56:00,195.6,63.613034790756224,59.981318610558056,5,978.0,188.754,202.44599999999997,2026-06-05 15:59:00,194.115,WEEK_END_CLOSE,-7.424999999999926,-0.7592024539877174
SBUX,2026-06-04 00:00:00,2026-06-05 00:00:00,0.1152979064782467,9.0,2026-06-05 09:56:00,95.115,57.999160278295385,54.576418127036305,10,951.15,91.785975,98.44402499999998,2026-06-05 15:59:00,95.31,WEEK_END_CLOSE,1.950000000000074,0.2050149818640712
PLD,2026-06-04 00:00:00,2026-06-05 00:00:00,0.064,5.0,2026-06-05 10:02:00,144.83,67.67692320529531,64.1409895764695,6,868.98,139.76095,149.89905,2026-06-05 15:59:00,144.57,WEEK_END_CLOSE,-1.560000000000116,-0.17952081751019255
SYK,2026-06-04 00:00:00,2026-06-05 00:00:00,0.0626003210272873,4.0,2026-06-05 10:04:00,309.92,65.1067330606264,63.90500160771869,3,929.76,299.07280000000003,320.7672,2026-06-05 15:59:00,305.68,WEEK_END_CLOSE,-12.720000000000027,-1.3680949922560637
DHR,2026-06-04 00:00:00,2026-06-05 00:00:00,0.0899014972867945,6.0,2026-06-05 10:16:00,184.59,48.1366325747521,44.15068386362395,5,922.95,178.12935,191.05065,2026-06-05 15:59:00,184.39,WEEK_END_CLOSE,-1.0000000000000853,-0.10834823121513848
TMUS,2026-06-04 00:00:00,2026-06-05 00:00:00,0.1059563133766553,7.0,2026-06-05 10:40:00,179.075,59.44127485288124,52.33193543016977,5,895.375,172.80737499999998,185.34262499999997,2026-06-05 15:59:00,178.18,WEEK_END_CLOSE,-4.474999999999909,-0.49979059053467667
PH,2026-06-04 00:00:00,2026-06-05 00:00:00,0.0303030303030303,2.0,2026-06-05 10:43:00,891.07,64.63522382377228,64.11080226306895,1,891.07,859.88255,922.25745,2026-06-05 15:59:00,882.54,WEEK_END_CLOSE,-8.530000000000086,-0.9572760838093664
PCAR,2026-06-05 00:00:00,2026-06-08 00:00:00,0.0152173913043478,3.0,2026-06-08 09:45:00,116.76,49.36075783325586,47.8157385177452,8,934.08,112.6734,120.8466,2026-06-10 09:30:00,120.8466,TAKE_PROFIT,32.69279999999992,3.499999999999992
SYK,2026-06-05 00:00:00,2026-06-08 00:00:00,0.0610169491525423,10.0,2026-06-08 09:45:00,303.535,50.24609280743626,42.839932183602215,3,910.605,292.911275,314.158725,2026-06-09 14:20:00,314.158725,TAKE_PROFIT,31.871174999999937,3.499999999999992
MDLZ,2026-06-05 00:00:00,2026-06-08 00:00:00,0.0403434684684684,6.0,2026-06-08 09:47:00,61.68,35.063849198930484,33.39212278935705,16,986.88,59.5212,63.83879999999999,2026-06-10 10:48:00,63.83879999999999,TAKE_PROFIT,34.54079999999988,3.499999999999992
GILD,2026-06-05 00:00:00,2026-06-08 00:00:00,0.0138944872962746,2.0,2026-06-08 09:49:00,129.76,47.18931835304871,46.05789290426809,7,908.3199999999999,125.21839999999999,134.30159999999998,2026-06-09 09:46:00,125.21839999999999,STOP_LOSS,-31.791200000000018,-3.500000000000003
MRSH,2026-06-05 00:00:00,2026-06-08 00:00:00,0.0076161462300076,1.0,2026-06-08 09:50:00,164.45,47.67814487869451,46.557545424033876,6,986.6999999999999,158.69424999999998,170.20574999999997,2026-06-12 15:59:00,168.69,WEEK_END_CLOSE,25.440000000000055,2.578291273943445
PH,2026-06-05 00:00:00,2026-06-08 00:00:00,0.0286885245901639,5.0,2026-06-08 09:52:00,883.975,54.200163008125706,50.62162872993298,1,883.975,853.035875,914.9141249999999,2026-06-10 10:24:00,914.9141249999999,TAKE_PROFIT,30.939124999999876,3.499999999999992
AFL,2026-06-05 00:00:00,2026-06-08 00:00:00,0.0279623477297895,4.0,2026-06-08 09:54:00,117.13,43.3751111896763,41.35358363710577,8,937.04,113.03044999999999,121.22954999999999,2026-06-12 15:59:00,117.8,WEEK_END_CLOSE,5.360000000000014,0.572014001536747
AJG,2026-06-05 00:00:00,2026-06-08 00:00:00,0.0596491228070175,9.0,2026-06-08 09:58:00,214.52,53.14238707249398,49.12108990085842,4,858.08,207.0118,222.0282,2026-06-10 09:52:00,222.0282,TAKE_PROFIT,30.032799999999952,3.499999999999992
TFC,2026-06-05 00:00:00,2026-06-08 00:00:00,0.0404255319148936,7.0,2026-06-08 10:01:00,49.2092,54.288946718929125,46.26638722708726,20,984.1840000000001,47.486878000000004,50.931522,2026-06-11 13:51:00,50.931522,TAKE_PROFIT,34.44643999999997,3.499999999999992
TT,2026-06-05 00:00:00,2026-06-08 00:00:00,0.0462962962962962,8.0,2026-06-08 11:15:00,462.97,54.95355676766847,49.75429913453225,2,925.94,446.76605,479.17395,2026-06-10 13:42:00,446.76605,STOP_LOSS,-32.40790000000004,-3.500000000000003
NOC,2026-06-08 00:00:00,2026-06-09 00:00:00,0.1434426229508196,8.0,2026-06-09 09:48:00,542.36,59.14411177084917,57.25965686709511,1,542.36,523.3774,561.3426,2026-06-12 15:59:00,550.33,WEEK_END_CLOSE,7.970000000000027,1.469503650711701
RSG,2026-06-08 00:00:00,2026-06-09 00:00:00,0.1282051282051282,6.0,2026-06-09 09:48:00,205.9,54.38544777344865,49.862228768602506,4,823.6,198.6935,213.10649999999998,2026-06-10 11:33:00,213.10649999999998,TAKE_PROFIT,28.825999999999908,3.499999999999992
AEP,2026-06-08 00:00:00,2026-06-09 00:00:00,0.0680555555555555,3.0,2026-06-09 09:50:00,126.79,55.95717515862447,50.14784778328559,7,887.5300000000001,122.35235,131.22764999999998,2026-06-12 15:59:00,129.25,WEEK_END_CLOSE,17.219999999999956,1.9402161053710731
SO,2026-06-08 00:00:00,2026-06-09 00:00:00,0.1637891333728292,10.0,2026-06-09 09:50:00,91.265,51.81331776228732,50.18067861856327,10,912.65,88.070725,94.45927499999999,2026-06-10 15:23:00,94.45927499999999,TAKE_PROFIT,31.942749999999904,3.499999999999992
CSX,2026-06-08 00:00:00,2026-06-09 00:00:00,0.1376370910059885,7.0,2026-06-09 10:01:00,47.25,62.178775251164915,52.646260216817346,21,992.25,45.59625,48.903749999999995,2026-06-12 15:59:00,47.58,WEEK_END_CLOSE,6.929999999999964,0.698412698412687
HD,2026-06-08 00:00:00,2026-06-09 00:00:00,0.1147340400342505,5.0,2026-06-09 10:08:00,318.42,68.69783317246083,59.931242651921536,3,955.26,307.2753,329.5647,2026-06-12 09:31:00,329.5647,TAKE_PROFIT,33.4341,3.499999999999992
APD,2026-06-08 00:00:00,2026-06-09 00:00:00,0.0912408759124087,4.0,2026-06-09 10:11:00,280.32,56.550262891727435,53.96340984335447,3,840.96,270.5088,290.1312,2026-06-12 15:59:00,281.62,WEEK_END_CLOSE,3.900000000000034,0.4637557077625587
PLD,2026-06-08 00:00:00,2026-06-09 00:00:00,0.0628930817610062,2.0,2026-06-09 10:18:00,146.7598,69.70721770978494,69.2857507857631,6,880.5588,141.623207,151.896393,2026-06-12 15:59:00,148.72,WEEK_END_CLOSE,11.761199999999917,1.33565186106821
SPGI,2026-06-08 00:00:00,2026-06-09 00:00:00,0.149389464262882,9.0,2026-06-09 10:22:00,425.76,63.24776649113429,61.26507862896199,2,851.52,410.85839999999996,440.66159999999996,2026-06-12 09:35:00,410.85839999999996,STOP_LOSS,-29.80320000000006,-3.500000000000003
ORLY,2026-06-09 00:00:00,2026-06-10 00:00:00,0.1476923076923077,10.0,2026-06-10 09:49:00,90.215,51.61102324450379,49.63365283955883,11,992.365,87.057475,93.372525,2026-06-12 15:59:00,91.02,WEEK_END_CLOSE,8.854999999999919,0.8923128082912957
PCAR,2026-06-09 00:00:00,2026-06-10 00:00:00,0.1333333333333333,8.0,2026-06-10 09:50:00,117.45,41.801304643639895,41.76918141038225,8,939.6,113.33924999999999,121.56075,2026-06-12 15:59:00,118.53,WEEK_END_CLOSE,8.639999999999986,0.9195402298850519
V,2026-06-09 00:00:00,2026-06-10 00:00:00,0.0566138631845026,3.0,2026-06-10 09:50:00,324.0975,49.5069371857381,48.95048531857854,3,972.2925,312.7540875,335.4409125,2026-06-12 15:59:00,322.27,WEEK_END_CLOSE,-5.48250000000013,-0.5638735257137206
ELV,2026-06-09 00:00:00,2026-06-10 00:00:00,0.1132596685082873,5.0,2026-06-10 09:55:00,409.68,37.247049388444275,35.595976218088545,2,819.36,395.3412,424.0188,2026-06-11 09:46:00,395.3412,STOP_LOSS,-28.677599999999984,-3.500000000000003
NSC,2026-06-09 00:00:00,2026-06-10 00:00:00,0.1153846153846153,6.0,2026-06-10 10:04:00,310.99,48.073869650463585,45.506332965927825,3,932.97,300.10535,321.87465,2026-06-12 15:59:00,313.67,WEEK_END_CLOSE,8.04000000000002,0.8617640438599361
AJG,2026-06-09 00:00:00,2026-06-10 00:00:00,0.1428571428571428,9.0,2026-06-10 10:14:00,222.68,62.63619585765334,61.96331178437531,4,890.72,214.8862,230.47379999999998,2026-06-12 15:59:00,218.77,WEEK_END_CLOSE,-15.639999999999986,-1.7558828812645921
MDLZ,2026-06-09 00:00:00,2026-06-10 00:00:00,0.0544233544233544,2.0,2026-06-10 10:55:00,63.79,59.18813594500242,57.17902591194713,15,956.85,61.55735,66.02265,2026-06-12 15:59:00,62.98,WEEK_END_CLOSE,-12.150000000000034,-1.2697915033704432
JNJ,2026-06-10 00:00:00,2026-06-11 00:00:00,0.1382635824868403,7.0,2026-06-11 09:48:00,240.535,59.74155895259461,58.834043782504146,4,962.14,232.116275,248.95372499999996,2026-06-12 15:59:00,240.88,WEEK_END_CLOSE,1.3799999999999955,0.14343027002308162
ELV,2026-06-10 00:00:00,2026-06-11 00:00:00,0.0972972972972973,2.0,2026-06-11 09:53:00,398.175,46.72640976927435,43.00805611416683,2,796.35,384.238875,412.11112499999996,2026-06-12 15:59:00,404.05,WEEK_END_CLOSE,11.75,1.4754818861053565
EMR,2026-06-10 00:00:00,2026-06-11 00:00:00,0.1445188167009923,8.0,2026-06-11 09:53:00,138.78,56.96179843054642,54.716290412023646,7,971.46,133.9227,143.63729999999998,2026-06-12 09:30:00,143.88,TAKE_PROFIT_GAP,35.69999999999996,3.6748811067877085
DLR,2026-06-10 00:00:00,2026-06-11 00:00:00,0.0944444444444444,1.0,2026-06-11 09:54:00,180.16,44.841312599034,43.58240310193791,5,900.8,173.8544,186.4656,2026-06-12 15:59:00,184.16,WEEK_END_CLOSE,20.0,2.2202486678507993
ABBV,2026-06-10 00:00:00,2026-06-11 00:00:00,0.1708517938064021,9.0,2026-06-11 09:57:00,226.11,57.709519430193794,49.90805070505705,4,904.44,218.19615000000002,234.02385,2026-06-12 15:59:00,227.63,WEEK_END_CLOSE,6.079999999999927,0.6722391756224688
AMT,2026-06-10 00:00:00,2026-06-11 00:00:00,0.1019736842105263,3.0,2026-06-11 09:57:00,190.33,43.879783056331014,43.22353808819165,5,951.6500000000001,183.66845,196.99155,2026-06-12 15:59:00,187.14,WEEK_END_CLOSE,-15.95000000000013,-1.6760363579047088
APH,2026-06-10 00:00:00,2026-06-11 00:00:00,0.1209430496019595,4.0,2026-06-11 10:04:00,150.89,51.34775061181626,50.57711696592086,6,905.3399999999999,145.60885,156.17114999999998,2026-06-12 15:59:00,153.86,WEEK_END_CLOSE,17.820000000000164,1.9683212936576489
JCI,2026-06-11 00:00:00,2026-06-12 00:00:00,0.0102214650766609,5.0,2026-06-12 10:00:00,145.04,61.713141155932945,55.66850887581952,6,870.24,139.96359999999999,150.11639999999997,2026-06-12 15:59:00,144.93,WEEK_END_CLOSE,-0.6599999999999113,-0.07584114726970625
TEL,2026-06-11 00:00:00,2026-06-12 00:00:00,0.0,2.0,2026-06-12 10:00:00,209.68,57.66357021009283,55.904960989203666,4,838.72,202.3412,217.0188,2026-06-12 15:59:00,210.19,WEEK_END_CLOSE,2.0399999999999636,0.24322777565815024
CL,2026-06-11 00:00:00,2026-06-12 00:00:00,0.0648166023166023,8.0,2026-06-12 10:03:00,88.7075,41.181329441704506,39.035005957480344,11,975.7824999999999,85.60273749999999,91.81226249999999,2026-06-12 15:59:00,89.45,WEEK_END_CLOSE,8.167500000000075,0.8370205450497492
ECL,2026-06-11 00:00:00,2026-06-12 00:00:00,0.0,1.0,2026-06-12 10:06:00,263.935,54.537577672802016,53.61096202994931,3,791.8050000000001,254.697275,273.17272499999996,2026-06-12 15:59:00,265.34,WEEK_END_CLOSE,4.214999999999918,0.5323280353117132
SPG,2026-06-11 00:00:00,2026-06-12 00:00:00,0.0283018867924528,6.0,2026-06-12 10:53:00,219.66,63.51448377006775,63.00433216326354,4,878.64,211.97189999999998,227.3481,2026-06-12 15:59:00,218.99,WEEK_END_CLOSE,-2.67999999999995,-0.30501684421377906
SO,2026-06-11 00:00:00,2026-06-12 00:00:00,0.0756068226547124,10.0,2026-06-12 11:28:00,93.92,46.20292678707981,44.993483200663306,10,939.2,90.6328,97.2072,2026-06-12 15:59:00,94.0,WEEK_END_CLOSE,0.799999999999983,0.08517887563883608
CVS,2026-06-12 00:00:00,2026-06-15 00:00:00,0.1265587751401806,8.0,2026-06-15 09:45:00,100.255,45.84942248457615,44.33331172948654,9,902.295,96.74607499999999,103.76392499999999,2026-06-18 15:59:00,98.33,WEEK_END_CLOSE,-17.324999999999974,-1.920103735474532
MDLZ,2026-06-12 00:00:00,2026-06-15 00:00:00,0.1219367588932806,7.0,2026-06-15 09:45:00,62.56,50.25365773309097,44.582278722699144,15,938.4000000000001,60.370400000000004,64.7496,2026-06-17 14:05:00,60.370400000000004,STOP_LOSS,-32.84399999999998,-3.500000000000003
CSX,2026-06-12 00:00:00,2026-06-15 00:00:00,0.143605014575703,9.0,2026-06-15 09:47:00,47.32,44.27373502273887,41.15434176084042,21,993.72,45.6638,48.9762,2026-06-17 15:20:00,45.6638,STOP_LOSS,-34.780199999999965,-3.499999999999992
PG,2026-06-12 00:00:00,2026-06-15 00:00:00,0.0643051450921472,3.0,2026-06-15 09:52:00,150.14,48.7318613223594,48.46434212714392,6,900.8399999999999,144.8851,155.39489999999998,2026-06-18 15:59:00,150.37,WEEK_END_CLOSE,1.3800000000001091,0.1531903556680536
RTX,2026-06-12 00:00:00,2026-06-15 00:00:00,0.1572472794817597,10.0,2026-06-15 09:54:00,183.74,49.234501229862644,44.166733806851724,5,918.7,177.3091,190.1709,2026-06-17 09:37:00,190.1709,TAKE_PROFIT,32.1544999999999,3.499999999999992
SNPS,2026-06-12 00:00:00,2026-06-15 00:00:00,0.0987411445588946,6.0,2026-06-15 09:54:00,459.01,54.173683058260124,52.18161670464361,2,918.02,442.94464999999997,475.07534999999996,2026-06-17 10:29:00,475.07534999999996,TAKE_PROFIT,32.13069999999993,3.499999999999992
CL,2026-06-12 00:00:00,2026-06-15 00:00:00,0.0983475479744136,5.0,2026-06-15 09:57:00,90.11,51.09576778976435,48.54625970982868,11,991.21,86.95615,93.26384999999999,2026-06-18 15:59:00,89.45,WEEK_END_CLOSE,-7.2599999999999625,-0.7324381311730077
PCAR,2026-06-12 00:00:00,2026-06-15 00:00:00,0.0,1.0,2026-06-15 10:03:00,121.07,58.3304597716876,56.26062776796132,8,968.56,116.83254999999998,125.30744999999999,2026-06-17 15:30:00,116.83254999999998,STOP_LOSS,-33.89960000000008,-3.500000000000003
MCD,2026-06-12 00:00:00,2026-06-15 00:00:00,0.095305189969163,4.0,2026-06-15 10:18:00,286.55,53.296380471135734,50.98557884642918,3,859.6500000000001,276.52075,296.57925,2026-06-18 15:59:00,278.65,WEEK_END_CLOSE,-23.700000000000102,-2.7569359623102585
MCK,2026-06-12 00:00:00,2026-06-15 00:00:00,0.0450966356478167,2.0,2026-06-15 10:44:00,777.19,49.38134676633549,49.2561659194418,1,777.19,749.9883500000001,804.39165,2026-06-18 12:32:00,749.9883500000001,STOP_LOSS,-27.201649999999972,-3.499999999999992
WMB,2026-06-15 00:00:00,2026-06-16 00:00:00,0.0190735694822888,2.0,2026-06-16 09:46:00,71.18,42.327436055842554,41.71065725217232,14,996.5200000000001,68.68870000000001,73.6713,2026-06-18 15:59:00,73.12,WEEK_END_CLOSE,27.159999999999968,2.725484686709745
BNY,2026-06-15 00:00:00,2026-06-16 00:00:00,0.0727969348659003,8.0,2026-06-16 09:47:00,143.19,42.98730817444249,40.988560656782816,6,859.14,138.17835,148.20164999999997,2026-06-18 15:59:00,143.63,WEEK_END_CLOSE,2.6399999999999864,0.3072840282142497
ICE,2026-06-15 00:00:00,2026-06-16 00:00:00,0.086140254003313,9.0,2026-06-16 09:48:00,140.61,49.85030538756172,48.16555768622467,7,984.2700000000001,135.68865,145.53135,2026-06-17 13:08:00,135.68865,STOP_LOSS,-34.44945000000013,-3.500000000000014
PH,2026-06-15 00:00:00,2026-06-16 00:00:00,0.0518731988472622,5.0,2026-06-16 09:59:00,936.64,55.09738200477103,51.973917768132644,1,936.64,903.8575999999999,969.4223999999999,2026-06-18 15:59:00,952.76,WEEK_END_CLOSE,16.120000000000005,1.7210454390160557
UNP,2026-06-15 00:00:00,2026-06-16 00:00:00,0.0210282068015372,3.0,2026-06-16 09:59:00,268.13,49.13860821507038,48.99253698360125,3,804.39,258.74545,277.51455,2026-06-17 14:05:00,258.74545,STOP_LOSS,-28.15364999999997,-3.499999999999992
MS,2026-06-15 00:00:00,2026-06-16 00:00:00,0.0552835196052779,6.0,2026-06-16 10:04:00,219.12,44.749030309758126,44.73600210574292,4,876.48,211.4508,226.7892,2026-06-17 10:09:00,226.7892,TAKE_PROFIT,30.676799999999957,3.499999999999992
JCI,2026-06-15 00:00:00,2026-06-16 00:00:00,0.1139240506329113,10.0,2026-06-16 10:50:00,147.04,47.51301424786045,47.45515671011494,6,882.24,141.8936,152.1864,2026-06-18 15:59:00,144.88,WEEK_END_CLOSE,-12.95999999999998,-1.4689880304678993
AMT,2026-06-16 00:00:00,2026-06-17 00:00:00,0.0582255083179297,10.0,2026-06-17 09:49:00,183.49,55.801057028781464,47.18167588705057,5,917.45,177.06785,189.91215,2026-06-18 13:48:00,177.06785,STOP_LOSS,-32.11075000000008,-3.500000000000014
EMR,2026-06-16 00:00:00,2026-06-17 00:00:00,0.0483091787439613,9.0,2026-06-17 10:14:00,152.35,57.91689414442432,55.22911925652741,6,914.0999999999999,147.01774999999998,157.68224999999998,2026-06-18 15:59:00,150.72,WEEK_END_CLOSE,-9.779999999999973,-1.0699048244174558
MMM,2026-06-16 00:00:00,2026-06-17 00:00:00,0.0272863304286594,7.0,2026-06-17 10:16:00,162.36,52.5491090947795,49.10913369164848,6,974.1600000000001,156.6774,168.0426,2026-06-18 15:59:00,160.63,WEEK_END_CLOSE,-10.38000000000011,-1.065533382606565
TRV,2026-06-16 00:00:00,2026-06-17 00:00:00,0.0185567010309278,6.0,2026-06-17 10:16:00,308.54,51.8999938280886,51.682123568769796,3,925.6200000000001,297.7411,319.3389,2026-06-18 15:59:00,307.79,WEEK_END_CLOSE,-2.25,-0.2430803137356552
AON,2026-06-16 00:00:00,2026-06-17 00:00:00,0.0,1.0,2026-06-17 10:31:00,331.41,57.48400633053444,51.11263123959791,3,994.23,319.81065,343.00935,2026-06-18 10:24:00,319.81065,STOP_LOSS,-34.798050000000046,-3.500000000000003
MRSH,2026-06-16 00:00:00,2026-06-17 00:00:00,0.0303030303030303,8.0,2026-06-17 10:32:00,167.16,54.169529080347075,52.47147867711766,5,835.8,161.30939999999998,173.01059999999998,2026-06-18 11:08:00,161.30939999999998,STOP_LOSS,-29.25300000000007,-3.500000000000003
HPE,2026-06-17 00:00:00,2026-06-18 00:00:00,0.0372736280648493,7.0,2026-06-18 09:45:00,47.9,44.43609407197927,40.86558426407583,20,958.0,46.223499999999994,49.576499999999996,2026-06-18 15:59:00,47.41,WEEK_END_CLOSE,-9.80000000000004,-1.022964509394575
MCO,2026-06-17 00:00:00,2026-06-18 00:00:00,0.0093945720250521,1.0,2026-06-18 09:45:00,455.165,45.41544749726603,44.068569090108554,2,910.33,439.234225,471.095775,2026-06-18 15:59:00,450.67,WEEK_END_CLOSE,-8.990000000000009,-0.9875539639471409
ELV,2026-06-17 00:00:00,2026-06-18 00:00:00,0.0523560209424083,10.0,2026-06-18 09:47:00,390.05,42.978174915790476,42.31429278758449,2,780.1,376.39825,403.70175,2026-06-18 15:59:00,388.52,WEEK_END_CLOSE,-3.060000000000059,-0.3922574028970671
ADP,2026-06-17 00:00:00,2026-06-18 00:00:00,0.0196656833824975,4.0,2026-06-18 10:00:00,216.73,50.78963946060036,42.3058514769268,4,866.92,209.14444999999998,224.31554999999997,2026-06-18 15:59:00,217.83,WEEK_END_CLOSE,4.400000000000091,0.5075439486919242
TT,2026-06-17 00:00:00,2026-06-18 00:00:00,0.0476190476190476,9.0,2026-06-18 10:02:00,488.505,55.8432192830468,55.82689255053375,2,977.01,471.40732499999996,505.602675,2026-06-18 15:59:00,483.14,WEEK_END_CLOSE,-10.730000000000018,-1.0982487384980755
ITW,2026-06-17 00:00:00,2026-06-18 00:00:00,0.0185567010309278,3.0,2026-06-18 10:16:00,268.115,57.62382864880296,56.29483284881259,3,804.345,258.730975,277.49902499999996,2026-06-18 15:59:00,264.0,WEEK_END_CLOSE,-12.345000000000027,-1.5347891762862997
V,2026-06-17 00:00:00,2026-06-18 00:00:00,0.0398247710075667,8.0,2026-06-18 10:16:00,330.57,53.021213933768664,48.53709555932241,3,991.71,319.00005,342.13994999999994,2026-06-18 15:59:00,327.21,WEEK_END_CLOSE,-10.080000000000041,-1.016426172973961
MDLZ,2026-06-17 00:00:00,2026-06-18 00:00:00,0.0202020202020202,5.0,2026-06-18 10:20:00,60.52,54.15206945734362,52.39653246802953,16,968.32,58.4018,62.6382,2026-06-18 15:59:00,60.09,WEEK_END_CLOSE,-6.8799999999999955,-0.7105089226701944
CSX,2026-06-17 00:00:00,2026-06-18 00:00:00,0.0151830902054182,2.0,2026-06-18 10:30:00,46.36,60.78090771336173,59.335253235388244,21,973.56,44.7374,47.9826,2026-06-18 15:59:00,45.6,WEEK_END_CLOSE,-15.959999999999958,-1.6393442622950727
CRH,2026-06-17 00:00:00,2026-06-18 00:00:00,0.0334572490706319,6.0,2026-06-18 10:31:00,112.815,62.41297941295601,57.841653563245856,8,902.52,108.866475,116.76352499999999,2026-06-18 15:59:00,111.26,WEEK_END_CLOSE,-12.43999999999994,-1.3783628063643971
EMR,2026-06-18 00:00:00,2026-06-22 00:00:00,0.0202020202020202,5.0,2026-06-22 09:45:00,151.15,48.38154525551085,47.95202130856129,6,906.9000000000001,145.85975,156.44025,2026-06-23 09:30:00,145.85975,STOP_LOSS,-31.741500000000087,-3.500000000000014
MDLZ,2026-06-18 00:00:00,2026-06-22 00:00:00,0.0108736407949006,2.0,2026-06-22 09:45:00,60.16,48.754799332690375,44.872158026309755,16,962.56,58.054399999999994,62.26559999999999,2026-06-24 10:02:00,62.26559999999999,TAKE_PROFIT,33.68959999999993,3.499999999999992
CL,2026-06-18 00:00:00,2026-06-22 00:00:00,0.021043000914913,6.0,2026-06-22 09:48:00,90.0519,54.25167949929085,47.28061066059443,11,990.5709,86.9000835,93.2037165,2026-06-26 15:59:00,92.06,WEEK_END_CLOSE,22.089099999999988,2.229936292293666
MCO,2026-06-18 00:00:00,2026-06-22 00:00:00,0.0276923076923076,8.0,2026-06-22 09:57:00,451.955,52.002790947078836,51.72857511878528,2,903.91,436.136575,467.773425,2026-06-26 15:59:00,449.87,WEEK_END_CLOSE,-4.169999999999959,-0.46132911462424264
CB,2026-06-18 00:00:00,2026-06-22 00:00:00,0.0218514104092173,7.0,2026-06-22 10:00:00,327.645,62.186673505356076,57.298237748011815,3,982.935,316.17742499999997,339.11257499999994,2026-06-26 14:43:00,339.11257499999994,TAKE_PROFIT,34.40272499999986,3.499999999999992
CRH,2026-06-18 00:00:00,2026-06-22 00:00:00,0.0117647058823529,3.0,2026-06-22 10:07:00,110.08,51.50891890099721,43.76569701522127,9,990.72,106.2272,113.93279999999999,2026-06-25 09:30:00,113.93279999999999,TAKE_PROFIT,34.67519999999989,3.499999999999992
BNY,2026-06-18 00:00:00,2026-06-22 00:00:00,0.0297029702970297,9.0,2026-06-22 10:08:00,145.51,55.10779738501674,53.303490688151264,6,873.06,140.41715,150.60285,2026-06-26 15:59:00,143.44,WEEK_END_CLOSE,-12.419999999999959,-1.4225826403683528
PH,2026-06-18 00:00:00,2026-06-22 00:00:00,0.0053908355795148,1.0,2026-06-22 10:08:00,955.045,55.51695130009022,53.19679037144066,1,955.045,921.6184249999999,988.4715749999999,2026-06-25 10:03:00,988.4715749999999,TAKE_PROFIT,33.42657499999996,3.499999999999992
APO,2026-06-18 00:00:00,2026-06-22 00:00:00,0.0338664158043273,10.0,2026-06-22 10:34:00,135.9,45.54580682522425,43.011895640569406,7,951.3000000000001,131.1435,140.6565,2026-06-23 10:35:00,131.1435,STOP_LOSS,-33.29550000000012,-3.500000000000014
ITW,2026-06-18 00:00:00,2026-06-22 00:00:00,0.0174050632911392,4.0,2026-06-22 10:35:00,264.635,53.03897784405725,51.11838959237742,3,793.905,255.372775,273.897225,2026-06-26 15:59:00,267.61,WEEK_END_CLOSE,8.925000000000068,1.1241899219680107
CVS,2026-06-22 00:00:00,2026-06-23 00:00:00,0.0276303300875312,1.0,2026-06-23 09:45:00,101.14,45.59571588267981,39.68656287355212,9,910.26,97.6001,104.67989999999999,2026-06-25 10:31:00,104.67989999999999,TAKE_PROFIT,31.8590999999999,3.499999999999992
ISRG,2026-06-22 00:00:00,2026-06-23 00:00:00,0.1419902912621359,9.0,2026-06-23 09:48:00,404.63,52.746972437994394,52.49571810588179,2,809.26,390.46795,418.79204999999996,2026-06-26 15:59:00,404.24,WEEK_END_CLOSE,-0.7799999999999727,-0.09638435113560329
IBM,2026-06-22 00:00:00,2026-06-23 00:00:00,0.0800993821595831,4.0,2026-06-23 09:50:00,262.92,67.06551277934335,65.78069291277369,3,788.76,253.7178,272.1222,2026-06-26 11:32:00,272.1222,TAKE_PROFIT,27.606600000000014,3.499999999999992
FTNT,2026-06-22 00:00:00,2026-06-23 00:00:00,0.1487327701200533,10.0,2026-06-23 09:56:00,146.12,60.22637531028656,58.32574218679262,6,876.72,141.0058,151.2342,2026-06-25 10:19:00,151.2342,TAKE_PROFIT,30.685199999999895,3.499999999999992
JNJ,2026-06-22 00:00:00,2026-06-23 00:00:00,0.0822258238789843,5.0,2026-06-23 09:56:00,236.52,62.45764744358847,60.05026338978848,4,946.08,228.2418,244.79819999999998,2026-06-25 09:42:00,244.79819999999998,TAKE_PROFIT,33.11279999999988,3.499999999999992
PSX,2026-06-22 00:00:00,2026-06-23 00:00:00,0.1,7.0,2026-06-23 09:57:00,168.9,53.30133798794194,50.54313972511974,5,844.5,162.9885,174.8115,2026-06-26 15:59:00,171.74,WEEK_END_CLOSE,14.200000000000017,1.681468324452351
SO,2026-06-22 00:00:00,2026-06-23 00:00:00,0.0444444444444444,2.0,2026-06-23 10:06:00,94.52,55.53562280275286,49.19939050387146,10,945.1999999999999,91.2118,97.8282,2026-06-26 15:59:00,97.02,WEEK_END_CLOSE,25.0,2.6449428692340238
V,2026-06-22 00:00:00,2026-06-23 00:00:00,0.09689880304679,6.0,2026-06-23 10:17:00,329.4399,56.26150307407034,53.74110715708312,3,988.3197,317.9095035,340.9702965,2026-06-26 15:59:00,335.01,WEEK_END_CLOSE,16.710299999999904,1.6907788036603755
SPGI,2026-06-22 00:00:00,2026-06-23 00:00:00,0.1037735849056603,8.0,2026-06-23 10:32:00,405.425,50.85271155142509,47.116598676020764,2,810.85,391.235125,419.614875,2026-06-26 15:59:00,408.3,WEEK_END_CLOSE,5.75,0.7091323919343973
REGN,2026-06-23 00:00:00,2026-06-24 00:00:00,0.2160804020100502,10.0,2026-06-24 09:55:00,626.825,55.54736400389846,54.15554518386702,1,626.825,604.886125,648.763875,2026-06-26 15:59:00,633.29,WEEK_END_CLOSE,6.464999999999918,1.0313883460295825
DIS,2026-06-23 00:00:00,2026-06-24 00:00:00,0.1798612772064099,9.0,2026-06-24 10:05:00,103.67,51.86792849929954,51.422485668551225,9,933.03,100.04155,107.29844999999999,2026-06-25 09:48:00,100.04155,STOP_LOSS,-32.65605000000001,-3.500000000000003
EMR,2026-06-23 00:00:00,2026-06-24 00:00:00,0.0853658536585365,4.0,2026-06-24 10:07:00,143.9326,51.94377062959961,47.871170528048275,6,863.5956000000001,138.894959,148.970241,2026-06-26 15:59:00,143.45,WEEK_END_CLOSE,-2.8956000000001154,-0.3352958259630001
ABBV,2026-06-23 00:00:00,2026-06-24 00:00:00,0.0823207776427703,3.0,2026-06-24 10:27:00,234.7066,52.22619201649688,51.41495691658818,4,938.8264,226.491869,242.92133099999998,2026-06-25 10:54:00,242.92133099999998,TAKE_PROFIT,32.85892399999989,3.499999999999992
BA,2026-06-24 00:00:00,2026-06-25 00:00:00,0.1736908555281669,10.0,2026-06-25 09:48:00,219.67,44.756665063516834,42.82099222861328,4,878.68,211.98154999999997,227.35844999999998,2026-06-26 15:59:00,217.29,WEEK_END_CLOSE,-9.519999999999982,-1.083443346838442
NEM,2026-06-24 00:00:00,2026-06-25 00:00:00,0.1395864106351551,6.0,2026-06-25 09:49:00,94.695,56.892479572354894,55.819619966963536,10,946.9499999999999,91.380675,98.00932499999999,2026-06-26 15:59:00,96.11,WEEK_END_CLOSE,14.150000000000063,1.494271080838483
MSFT,2026-06-24 00:00:00,2026-06-25 00:00:00,0.131705141130494,5.0,2026-06-25 09:53:00,357.835,35.84845440134703,35.2148527089734,2,715.67,345.310775,370.3592249999999,2026-06-26 11:00:00,370.3592249999999,TAKE_PROFIT,25.04844999999989,3.499999999999992
SNPS,2026-06-24 00:00:00,2026-06-25 00:00:00,0.0945890128046261,3.0,2026-06-25 09:57:00,453.78,43.645559764111994,40.53755296657523,2,907.56,437.8977,469.66229999999996,2026-06-26 15:59:00,453.24,WEEK_END_CLOSE,-1.0799999999999272,-0.11900039666797868
NOW,2026-06-24 00:00:00,2026-06-25 00:00:00,0.1434640845766228,7.0,2026-06-25 09:58:00,90.43,45.74523920715394,43.76483920638428,11,994.73,87.26495,93.59505,2026-06-26 09:33:00,93.59505,TAKE_PROFIT,34.81554999999993,3.499999999999992
FTNT,2026-06-24 00:00:00,2026-06-25 00:00:00,0.1129310344827586,4.0,2026-06-25 10:28:00,151.33,63.00297590771835,62.84240604039333,6,907.98,146.03345000000002,156.62655,2026-06-26 15:59:00,151.22,WEEK_END_CLOSE,-0.6600000000000819,-0.07268882574507085
DIS,2026-06-24 00:00:00,2026-06-25 00:00:00,0.090988882387361,2.0,2026-06-25 10:36:00,101.21,50.766107954930646,50.015799533476766,9,910.89,97.66765,104.75234999999998,2026-06-26 15:59:00,98.73,WEEK_END_CLOSE,-22.319999999999908,-2.450350755854158
PEP,2026-06-24 00:00:00,2026-06-25 00:00:00,0.0679872419002853,1.0,2026-06-25 10:56:00,141.0,44.738930696601706,43.06168599202132,7,987.0,136.065,145.935,2026-06-26 15:59:00,141.18,WEEK_END_CLOSE,1.2600000000000477,0.1276595744680975
ABBV,2026-06-25 00:00:00,2026-06-26 00:00:00,0.0562420110779718,5.0,2026-06-26 09:49:00,247.4,60.41922364330372,56.08961724989101,4,989.6,238.74099999999999,256.05899999999997,2026-06-26 15:59:00,251.64,WEEK_END_CLOSE,16.959999999999923,1.7138237671786571
AXP,2026-06-25 00:00:00,2026-06-26 00:00:00,0.0722788556395922,6.0,2026-06-26 09:50:00,340.673,53.17136514645674,50.50945987875033,2,681.346,328.749445,352.59655499999997,2026-06-26 15:59:00,340.2,WEEK_END_CLOSE,-0.9460000000000264,-0.13884281994758219
DASH,2026-06-25 00:00:00,2026-06-26 00:00:00,0.0892923304927751,8.0,2026-06-26 09:54:00,178.615,60.22046549627452,58.649302740159655,5,893.075,172.363475,184.866525,2026-06-26 12:13:00,184.866525,TAKE_PROFIT,31.257624999999933,3.499999999999992
AFL,2026-06-25 00:00:00,2026-06-26 00:00:00,0.02,1.0,2026-06-26 10:02:00,119.33,57.96184108677316,48.91446592469704,8,954.64,115.15344999999999,123.50654999999999,2026-06-26 15:59:00,120.12,WEEK_END_CLOSE,6.32000000000005,0.6620296656331126
TMUS,2026-06-25 00:00:00,2026-06-26 00:00:00,0.0523930897762673,4.0,2026-06-26 10:11:00,181.32,49.50913980387288,43.397326627738224,5,906.5999999999999,174.97379999999998,187.66619999999998,2026-06-26 15:59:00,182.545,WEEK_END_CLOSE,6.124999999999972,0.6756011471431789
KMI,2026-06-25 00:00:00,2026-06-26 00:00:00,0.1218961625282167,10.0,2026-06-26 11:00:00,33.235,57.242692673247454,53.02780474932695,30,997.05,32.071774999999995,34.398225,2026-06-26 15:59:00,33.18,WEEK_END_CLOSE,-1.6499999999999915,-0.16548819016097838
DASH,2026-06-25 00:00:00,2026-06-26 00:00:00,0.0892923304927751,8.0,2026-06-26 12:26:00,185.73,66.15145722247186,66.1083235804747,5,928.65,179.22944999999999,192.23054999999997,2026-06-26 15:59:00,182.75,WEEK_END_CLOSE,-14.899999999999949,-1.604479620955146
COF,2026-06-26 00:00:00,2026-06-29 00:00:00,0.0401776700989299,2.0,2026-06-29 09:49:00,203.75,50.592796437022535,47.85729957535828,4,815.0,196.61875,210.88125,2026-07-02 15:59:00,205.03,WEEK_END_CLOSE,5.1200000000000045,0.6282208588957117
ICE,2026-06-26 00:00:00,2026-06-29 00:00:00,0.0997624703087886,10.0,2026-06-29 09:50:00,124.05,43.796272064441524,41.87661078514753,8,992.4,119.70824999999999,128.39174999999997,2026-07-01 14:02:00,128.39174999999997,TAKE_PROFIT,34.73399999999981,3.499999999999992
CVS,2026-06-26 00:00:00,2026-06-29 00:00:00,0.0684697021567956,7.0,2026-06-29 09:54:00,103.6,48.320274840893006,45.90139869960751,9,932.4,99.97399999999999,107.22599999999998,2026-07-02 15:59:00,104.72,WEEK_END_CLOSE,10.080000000000041,1.0810810810810922
ADP,2026-06-26 00:00:00,2026-06-29 00:00:00,0.0902255639097744,9.0,2026-06-29 09:57:00,226.28,60.010112305645585,57.73118168718941,4,905.12,218.3602,234.19979999999998,2026-07-01 10:20:00,234.19979999999998,TAKE_PROFIT,31.679199999999923,3.499999999999992
EMR,2026-06-26 00:00:00,2026-06-29 00:00:00,0.0454545454545454,5.0,2026-06-29 09:58:00,142.76,48.18533734411677,46.80452407646165,7,999.3199999999999,137.7634,147.7566,2026-07-02 13:05:00,137.7634,STOP_LOSS,-34.976200000000006,-3.500000000000003
BSX,2026-06-26 00:00:00,2026-06-29 00:00:00,0.0438144329896907,4.0,2026-06-29 10:01:00,44.24,48.33588793545836,48.25200192660812,22,973.2800000000001,42.6916,45.788399999999996,2026-06-30 10:15:00,42.6916,STOP_LOSS,-34.06480000000002,-3.500000000000003
CSX,2026-06-26 00:00:00,2026-06-29 00:00:00,0.0093283582089552,1.0,2026-06-29 10:05:00,48.315,60.49071771882635,57.425921446521244,20,966.3,46.623974999999994,50.006024999999994,2026-07-02 15:59:00,48.87,WEEK_END_CLOSE,11.099999999999994,1.14871158025458
AMGN,2026-06-26 00:00:00,2026-06-29 00:00:00,0.0759668508287292,8.0,2026-06-29 10:16:00,362.19,62.101399356344196,61.48035914396132,2,724.38,349.51335,374.86665,2026-07-02 10:58:00,374.86665,TAKE_PROFIT,25.35329999999999,3.499999999999992
WMB,2026-06-26 00:00:00,2026-06-29 00:00:00,0.0542521994134897,6.0,2026-06-29 10:17:00,74.245,35.75629428951861,34.943367250085686,13,965.1850000000001,71.64642500000001,76.843575,2026-07-02 15:59:00,73.14,WEEK_END_CLOSE,-14.365000000000052,-1.4883157114957246
MRK,2026-06-26 00:00:00,2026-06-29 00:00:00,0.042362487027078,3.0,2026-06-29 10:22:00,128.02,59.137381012007225,54.99614467852958,7,896.1400000000001,123.53930000000001,132.5007,2026-07-02 15:59:00,129.52,WEEK_END_CLOSE,10.5,1.1716919231370193
COP,2026-06-29 00:00:00,2026-06-30 00:00:00,0.1550802139037433,9.0,2026-06-30 09:50:00,104.1267,41.15490715759847,39.5095078569636,9,937.1403,100.4822655,107.77113449999999,2026-07-02 15:59:00,104.72,WEEK_END_CLOSE,5.3396999999999935,0.569786615728729
FTNT,2026-06-29 00:00:00,2026-06-30 00:00:00,0.1278180354267311,7.0,2026-06-30 09:51:00,153.52,45.0011431168424,37.308341265328146,6,921.1200000000001,148.1468,158.8932,2026-07-01 11:41:00,158.8932,TAKE_PROFIT,32.23919999999998,3.499999999999992
HPE,2026-06-29 00:00:00,2026-06-30 00:00:00,0.1273423608261523,6.0,2026-06-30 09:52:00,43.815,46.29749816277465,44.665361842094896,22,963.93,42.28147499999999,45.348524999999995,2026-07-02 10:42:00,42.28147499999999,STOP_LOSS,-33.7375500000001,-3.500000000000014
SPGI,2026-06-29 00:00:00,2026-06-30 00:00:00,0.0393541876892028,3.0,2026-06-30 09:52:00,406.877,56.96089080701554,54.978692850986064,2,813.754,392.636305,421.11769499999997,2026-07-02 09:30:00,423.26,TAKE_PROFIT_GAP,32.76599999999996,4.0265239863644275
ABNB,2026-06-29 00:00:00,2026-06-30 00:00:00,0.0713219934347955,5.0,2026-06-30 10:18:00,147.04,51.225425496435015,46.55381588708236,6,882.24,141.8936,152.1864,2026-07-02 15:59:00,148.91,WEEK_END_CLOSE,11.220000000000027,1.2717627856365654
DHR,2026-06-29 00:00:00,2026-06-30 00:00:00,0.0075617853190704,1.0,2026-06-30 10:20:00,190.15,43.838574178681206,43.16654147442446,5,950.75,183.49475,196.80525,2026-07-02 09:30:00,197.47,TAKE_PROFIT_GAP,36.599999999999966,3.84959242703129
BMY,2026-06-29 00:00:00,2026-06-30 00:00:00,0.0390385631273111,2.0,2026-06-30 10:40:00,57.415,39.89577920265421,37.53227121097804,17,976.055,55.405474999999996,59.424524999999996,2026-07-02 15:59:00,58.11,WEEK_END_CLOSE,11.815000000000005,1.2104850648785082
PM,2026-06-30 00:00:00,2026-07-01 00:00:00,0.0898809523809523,6.0,2026-07-01 09:45:00,179.265,48.607994118497395,40.359327002771956,5,896.3249999999999,172.99072499999997,185.53927499999998,2026-07-02 15:59:00,182.26,WEEK_END_CLOSE,14.975000000000023,1.6707109586366675
INTU,2026-06-30 00:00:00,2026-07-01 00:00:00,0.1189303307529908,9.0,2026-07-01 09:46:00,271.24,57.91162411853373,57.297234645547,3,813.72,261.7466,280.73339999999996,2026-07-02 15:59:00,275.35,WEEK_END_CLOSE,12.330000000000041,1.5152632355109885
CTAS,2026-06-30 00:00:00,2026-07-01 00:00:00,0.04,3.0,2026-07-01 09:49:00,172.12,57.162399415258264,54.532223619876106,5,860.6,166.0958,178.14419999999998,2026-07-02 10:32:00,178.14419999999998,TAKE_PROFIT,30.120999999999896,3.499999999999992
RTX,2026-06-30 00:00:00,2026-07-01 00:00:00,0.02686005909213,2.0,2026-07-01 09:50:00,189.88,53.8753802043741,50.32386416289921,5,949.4,183.2342,196.52579999999998,2026-07-02 09:39:00,196.52579999999998,TAKE_PROFIT,33.2289999999999,3.499999999999992
ACN,2026-06-30 00:00:00,2026-07-01 00:00:00,0.1200970481196926,10.0,2026-07-01 09:53:00,127.09,54.79307240113961,54.74203711034404,7,889.63,122.64185,131.53815,2026-07-01 11:53:00,131.53815,TAKE_PROFIT,31.137049999999988,3.499999999999992
CVX,2026-06-30 00:00:00,2026-07-01 00:00:00,0.0764112232449817,5.0,2026-07-01 10:04:00,166.305,44.7387296233963,44.12246913883145,6,997.83,160.484325,172.125675,2026-07-02 15:59:00,169.2,WEEK_END_CLOSE,17.36999999999989,1.7407774871470938
NOW,2026-06-30 00:00:00,2026-07-01 00:00:00,0.1137607505863956,8.0,2026-07-01 10:06:00,103.9599,66.35916792000174,65.53337126015192,9,935.6391000000001,100.3213035,107.5984965,2026-07-02 09:37:00,107.5984965,TAKE_PROFIT,32.74736849999992,3.499999999999992
APO,2026-06-30 00:00:00,2026-07-01 00:00:00,0.062206572769953,4.0,2026-07-01 11:04:00,117.15,45.40814806575702,37.91560338456119,8,937.2,113.04975,121.25025,2026-07-02 09:32:00,121.25025,TAKE_PROFIT,32.80199999999991,3.499999999999992
ACN,2026-06-30 00:00:00,2026-07-01 00:00:00,0.1200970481196926,10.0,2026-07-01 12:12:00,132.16,66.31589478961776,65.27726924300327,7,925.12,127.53439999999999,136.7856,2026-07-02 11:58:00,136.7856,TAKE_PROFIT,32.37919999999994,3.499999999999992
IBM,2026-07-01 00:00:00,2026-07-02 00:00:00,0.1319492911603847,7.0,2026-07-02 09:46:00,288.46,53.51071499355273,49.75594873493164,3,865.3799999999999,278.36389999999994,298.55609999999996,2026-07-02 15:59:00,289.12,WEEK_END_CLOSE,1.980000000000075,0.22880122027317817
ITW,2026-07-01 00:00:00,2026-07-02 00:00:00,0.0684931506849315,2.0,2026-07-02 09:55:00,271.74,55.14874469628951,53.37073857478744,3,815.22,262.2291,281.2509,2026-07-02 15:59:00,272.7,WEEK_END_CLOSE,2.8799999999999386,0.35327886950760057
UBER,2026-07-01 00:00:00,2026-07-02 00:00:00,0.1610700485492421,10.0,2026-07-02 09:56:00,73.23,46.468799866907965,46.230497359076566,13,951.99,70.66695,75.79305,2026-07-02 15:59:00,74.425,WEEK_END_CLOSE,15.534999999999911,1.6318448723200873
PLD,2026-07-01 00:00:00,2026-07-02 00:00:00,0.0835694050991501,3.0,2026-07-02 09:57:00,137.56,44.32520965313767,39.84474936914176,7,962.9200000000001,132.7454,142.3746,2026-07-02 15:59:00,139.43,WEEK_END_CLOSE,13.090000000000032,1.3594068043035756
TT,2026-07-01 00:00:00,2026-07-02 00:00:00,0.1212121212121212,6.0,2026-07-02 10:02:00,481.46,39.50115144061779,39.44956181472719,2,962.92,464.60889999999995,498.31109999999995,2026-07-02 15:59:00,477.92,WEEK_END_CLOSE,-7.079999999999927,-0.735263573297873
HD,2026-07-01 00:00:00,2026-07-02 00:00:00,0.1547631892003496,9.0,2026-07-02 10:05:00,349.07,45.12317731123441,40.404860816059944,2,698.14,336.85255,361.28745,2026-07-02 15:59:00,357.8,WEEK_END_CLOSE,17.460000000000036,2.500931045349075
KO,2026-07-01 00:00:00,2026-07-02 00:00:00,0.0959687001413196,4.0,2026-07-02 10:06:00,81.775,58.81365582506095,57.72321648557566,12,981.3000000000001,78.912875,84.637125,2026-07-02 15:59:00,83.98,WEEK_END_CLOSE,26.45999999999998,2.6964231121981097
ORLY,2026-07-01 00:00:00,2026-07-02 00:00:00,0.1337966985230234,8.0,2026-07-02 10:10:00,91.74,45.171542637722844,44.85484591685047,10,917.4,88.52909999999999,94.95089999999999,2026-07-02 15:19:00,88.52909999999999,STOP_LOSS,-32.109000000000094,-3.500000000000014
TFC,2026-07-01 00:00:00,2026-07-02 00:00:00,0.1078224101479915,5.0,2026-07-02 10:26:00,50.87,53.56733038857265,52.764200425626505,19,966.53,49.089549999999996,52.65044999999999,2026-07-02 15:59:00,50.97,WEEK_END_CLOSE,1.900000000000027,0.19657951641438576
EQIX,2026-07-01 00:00:00,2026-07-02 00:00:00,0.0668103448275862,1.0,2026-07-02 12:05:00,996.385,40.326473707206716,39.30699173587368,1,996.385,961.511525,1031.2584749999999,2026-07-02 15:59:00,1002.03,WEEK_END_CLOSE,5.644999999999982,0.5665480712776727
AON,2026-07-02 00:00:00,2026-07-06 00:00:00,0.0493827160493827,3.0,2026-07-06 09:45:00,354.46,52.016298462832026,50.31348084850779,2,708.92,342.05389999999994,366.86609999999996,2026-07-10 15:59:00,356.92,WEEK_END_CLOSE,4.920000000000073,0.6940134288777378
TEL,2026-07-02 00:00:00,2026-07-06 00:00:00,0.0252365930599369,1.0,2026-07-06 09:46:00,200.41,62.95442755659898,62.19352646552088,4,801.64,193.39565,207.42434999999998,2026-07-08 09:30:00,193.39565,STOP_LOSS,-28.05740000000003,-3.500000000000003
RTX,2026-07-02 00:00:00,2026-07-06 00:00:00,0.0768480071367493,10.0,2026-07-06 09:47:00,199.28,59.142339874384724,56.278987885357246,5,996.4,192.30519999999999,206.2548,2026-07-10 15:59:00,195.94,WEEK_END_CLOSE,-16.700000000000017,-1.67603372139703
ORLY,2026-07-02 00:00:00,2026-07-06 00:00:00,0.0619389587073608,6.0,2026-07-06 09:48:00,85.71,39.155165252167535,35.28941047297297,11,942.81,82.71014999999998,88.70984999999999,2026-07-10 15:59:00,86.27,WEEK_END_CLOSE,6.160000000000025,0.6533660016334153
CTAS,2026-07-02 00:00:00,2026-07-06 00:00:00,0.0713285620714727,9.0,2026-07-06 09:50:00,179.94,50.808207416693335,50.31438944384025,5,899.7,173.6421,186.2379,2026-07-10 15:59:00,179.64,WEEK_END_CLOSE,-1.5000000000000568,-0.16672224074691933
TT,2026-07-02 00:00:00,2026-07-06 00:00:00,0.0692307692307692,8.0,2026-07-06 09:50:00,484.275,63.5888649419807,62.17738903593354,2,968.55,467.32537499999995,501.22462499999995,2026-07-07 10:45:00,467.32537499999995,STOP_LOSS,-33.89925000000005,-3.500000000000003
PLD,2026-07-02 00:00:00,2026-07-06 00:00:00,0.0297619047619047,2.0,2026-07-06 09:52:00,139.01,53.43130800822725,52.39270042405809,7,973.0699999999999,134.14464999999998,143.87534999999997,2026-07-10 15:59:00,140.86,WEEK_END_CLOSE,12.95000000000016,1.3308395079490776
TFC,2026-07-02 00:00:00,2026-07-06 00:00:00,0.0678391959798995,7.0,2026-07-06 09:57:00,51.15,60.624521335072124,55.85434743351721,19,971.85,49.35975,52.94024999999999,2026-07-10 15:59:00,51.69,WEEK_END_CLOSE,10.259999999999984,1.0557184750733084
ABBV,2026-07-02 00:00:00,2026-07-06 00:00:00,0.0595561259746544,5.0,2026-07-06 09:59:00,255.48,43.94100764201677,43.495893055760455,3,766.4399999999999,246.5382,264.42179999999996,2026-07-10 10:08:00,246.5382,STOP_LOSS,-26.825400000000002,-3.500000000000003
DHR,2026-07-02 00:00:00,2026-07-06 00:00:00,0.0526724102219047,4.0,2026-07-06 10:01:00,191.79,45.57675000640597,42.811661021885904,5,958.9499999999999,185.07735,198.50265,2026-07-10 10:05:00,198.50265,TAKE_PROFIT,33.56324999999998,3.499999999999992
MPC,2026-07-06 00:00:00,2026-07-07 00:00:00,0.0832929782082324,4.0,2026-07-07 09:48:00,267.58,47.78970978595963,46.999231105170075,3,802.74,258.2147,276.9453,2026-07-08 10:27:00,276.9453,TAKE_PROFIT,28.095899999999972,3.499999999999992
PH,2026-07-06 00:00:00,2026-07-07 00:00:00,0.1224489795918367,7.0,2026-07-07 09:56:00,952.63,42.606180902262594,38.51352785856818,1,952.63,919.2879499999999,985.97205,2026-07-10 15:59:00,960.73,WEEK_END_CLOSE,8.100000000000023,0.8502776523938937
APH,2026-07-06 00:00:00,2026-07-07 00:00:00,0.1463414634146341,8.0,2026-07-07 09:59:00,159.92,40.94361686033111,35.579382061842495,6,959.52,154.32279999999997,165.51719999999997,2026-07-08 10:49:00,154.32279999999997,STOP_LOSS,-33.58320000000009,-3.500000000000014
AFL,2026-07-06 00:00:00,2026-07-07 00:00:00,0.0830493496914297,3.0,2026-07-07 10:04:00,122.1,63.83830541930858,61.32144041390072,8,976.8,117.8265,126.37349999999998,2026-07-10 15:59:00,121.92,WEEK_END_CLOSE,-1.4399999999999409,-0.14742014742014087
PCAR,2026-07-06 00:00:00,2026-07-07 00:00:00,0.1617647058823529,10.0,2026-07-07 10:04:00,124.295,50.39693049548305,49.00843376023712,8,994.36,119.944675,128.64532499999999,2026-07-10 15:59:00,124.57,WEEK_END_CLOSE,2.199999999999932,0.22124783780521629
WELL,2026-07-06 00:00:00,2026-07-07 00:00:00,0.1126760563380281,6.0,2026-07-07 10:10:00,236.675,59.542939307542774,55.96050108672746,4,946.7,228.391375,244.95862499999998,2026-07-10 10:32:00,228.391375,STOP_LOSS,-33.1345,-3.500000000000003
CRH,2026-07-06 00:00:00,2026-07-07 00:00:00,0.0971676749554201,5.0,2026-07-07 10:13:00,105.58,48.25735334555477,44.75216361452534,9,950.22,101.8847,109.27529999999999,2026-07-10 15:59:00,104.71,WEEK_END_CLOSE,-7.830000000000041,-0.8240197007008954
UBER,2026-07-06 00:00:00,2026-07-07 00:00:00,0.1515303639329359,9.0,2026-07-07 10:29:00,73.915,60.45368860816346,54.38930178646074,13,960.8950000000001,71.32797500000001,76.502025,2026-07-10 15:59:00,74.56,WEEK_END_CLOSE,8.384999999999948,0.8726239599539998
AEP,2026-07-07 00:00:00,2026-07-08 00:00:00,0.0880733944954128,2.0,2026-07-08 09:47:00,137.265,51.201572747093174,40.952800429237215,7,960.8549999999999,132.460725,142.06927499999998,2026-07-10 15:59:00,135.43,WEEK_END_CLOSE,-12.844999999999857,-1.3368302189195935
WMT,2026-07-07 00:00:00,2026-07-08 00:00:00,0.1419092835658625,8.0,2026-07-08 09:47:00,112.29,56.09929340536477,51.07854990066732,8,898.32,108.35985000000001,116.22015,2026-07-10 15:59:00,113.89,WEEK_END_CLOSE,12.799999999999955,1.4248820019592046
ADBE,2026-07-07 00:00:00,2026-07-08 00:00:00,0.1214755604542262,6.0,2026-07-08 09:48:00,218.33,33.6352625100438,32.771111179844944,4,873.32,210.68845000000002,225.97155,2026-07-10 09:30:00,226.5,TAKE_PROFIT_GAP,32.67999999999995,3.7420418632345465
PG,2026-07-07 00:00:00,2026-07-08 00:00:00,0.1245814273575694,7.0,2026-07-08 09:53:00,150.18,51.54112247385049,50.91383981742359,6,901.08,144.9237,155.4363,2026-07-10 15:59:00,147.024,WEEK_END_CLOSE,-18.936000000000035,-2.10147822612865
WM,2026-07-07 00:00:00,2026-07-08 00:00:00,0.1149851632047477,4.0,2026-07-08 09:54:00,236.0,48.91681694270383,46.98178523455555,4,944.0,227.73999999999998,244.26,2026-07-10 15:59:00,233.35,WEEK_END_CLOSE,-10.600000000000023,-1.1228813559322037
JCI,2026-07-07 00:00:00,2026-07-08 00:00:00,0.0187313750532141,1.0,2026-07-08 10:00:00,140.445,61.04045105993834,54.440273857768744,7,983.115,135.52942499999997,145.36057499999998,2026-07-10 15:59:00,142.82,WEEK_END_CLOSE,16.625,1.6910534372886143
NSC,2026-07-07 00:00:00,2026-07-08 00:00:00,0.1147540983606557,3.0,2026-07-08 10:03:00,321.95,55.52431404532365,55.37903482220629,3,965.8499999999999,310.68174999999997,333.21824999999995,2026-07-10 15:59:00,327.54,WEEK_END_CLOSE,16.770000000000095,1.7362944556608362
MDLZ,2026-07-07 00:00:00,2026-07-08 00:00:00,0.1204272998646838,5.0,2026-07-08 10:06:00,59.54,52.34331774335069,43.569208143896624,16,952.64,57.4561,61.62389999999999,2026-07-10 15:59:00,58.825,WEEK_END_CLOSE,-11.43999999999994,-1.2008733624454093
RSG,2026-07-08 00:00:00,2026-07-09 00:00:00,0.0625,5.0,2026-07-09 09:45:00,218.325,43.10747932813001,41.33074682588038,4,873.3,210.68362499999998,225.96637499999997,2026-07-10 15:59:00,219.13,WEEK_END_CLOSE,3.2200000000000273,0.3687163632199786
SO,2026-07-08 00:00:00,2026-07-09 00:00:00,0.0735208977069442,7.0,2026-07-09 09:48:00,95.98,45.60618643935486,45.07354506445095,10,959.8000000000001,92.6207,99.3393,2026-07-10 15:59:00,95.61,WEEK_END_CLOSE,-3.7000000000000455,-0.3854969785372031
SHW,2026-07-08 00:00:00,2026-07-09 00:00:00,0.1117824773413897,10.0,2026-07-09 09:49:00,330.75,50.65480952280413,49.39885732007839,3,992.25,319.17375,342.32624999999996,2026-07-10 15:59:00,334.0,WEEK_END_CLOSE,9.75,0.9826152683295453
CVS,2026-07-08 00:00:00,2026-07-09 00:00:00,0.0764439293736028,8.0,2026-07-09 09:58:00,104.54,53.10125962424081,48.661288530091454,9,940.86,100.8811,108.1989,2026-07-10 15:59:00,104.19,WEEK_END_CLOSE,-3.1500000000000767,-0.33480007652574306
CSX,2026-07-08 00:00:00,2026-07-09 00:00:00,0.0042577932897279,2.0,2026-07-09 10:01:00,49.09,62.37857190799844,62.27719349236359,20,981.8000000000001,47.37185,50.80815,2026-07-10 15:59:00,49.41,WEEK_END_CLOSE,6.399999999999864,0.6518639234059709
SYK,2026-07-08 00:00:00,2026-07-09 00:00:00,0.0352941176470588,4.0,2026-07-09 10:25:00,328.44,55.138424462669725,52.99156211381341,3,985.3199999999999,316.9446,339.93539999999996,2026-07-10 15:59:00,329.76,WEEK_END_CLOSE,3.9599999999999795,0.4018998903909443
SPG,2026-07-09 00:00:00,2026-07-10 00:00:00,0.0210526315789473,5.0,2026-07-10 09:47:00,220.11,48.45966788566086,46.209727503075484,4,880.44,212.40615,227.81385,2026-07-10 15:59:00,218.77,WEEK_END_CLOSE,-5.360000000000014,-0.608786515832993
ITW,2026-07-09 00:00:00,2026-07-10 00:00:00,0.0008503401360544,2.0,2026-07-10 09:55:00,267.69,59.38652909317799,55.147098017209686,3,803.0699999999999,258.32085,277.05915,2026-07-10 15:59:00,268.755,WEEK_END_CLOSE,3.194999999999993,0.3978482573125719
XOM,2026-07-09 00:00:00,2026-07-10 00:00:00,0.0956296087318759,9.0,2026-07-10 10:02:00,137.9618,52.199432080464746,51.04679550708257,7,965.7326,133.133137,142.790463,2026-07-10 15:59:00,138.83,WEEK_END_CLOSE,6.0774000000000115,0.6293046336014685
ADP,2026-07-09 00:00:00,2026-07-10 00:00:00,0.0569891646814723,7.0,2026-07-10 10:17:00,243.15,61.15395486128986,60.73887564597266,4,972.6,234.63975,251.66025,2026-07-10 15:59:00,241.95,WEEK_END_CLOSE,-4.800000000000068,-0.4935225169648394
TEL,2026-07-09 00:00:00,2026-07-10 00:00:00,0.0089235917456776,3.0,2026-07-10 10:26:00,202.54,60.18466678073999,53.87343326396165,4,810.16,195.4511,209.6289,2026-07-10 15:59:00,200.36,WEEK_END_CLOSE,-8.719999999999914,-1.076330601362685
DHR,2026-07-09 00:00:00,2026-07-10 00:00:00,0.1130492004000468,10.0,2026-07-10 10:44:00,198.81,62.117182729261415,59.86628425979607,5,994.05,191.85165,205.76835,2026-07-10 15:59:00,198.95,WEEK_END_CLOSE,0.6999999999999318,0.07041899300839205
HPE,2026-07-10 00:00:00,2026-07-13 00:00:00,0.0753592486164425,6.0,2026-07-13 09:47:00,47.34,40.50521696095913,39.15776737877142,21,994.1400000000001,45.6831,48.9969,2026-07-14 09:30:00,48.9969,TAKE_PROFIT,34.794899999999856,3.499999999999992
AEP,2026-07-10 00:00:00,2026-07-13 00:00:00,0.0256410256410256,2.0,2026-07-13 09:50:00,136.165,60.03302324194601,59.34134302099627,7,953.155,131.399225,140.93077499999998,2026-07-17 15:59:00,132.15,WEEK_END_CLOSE,-28.104999999999905,-2.9486285021848357
DE,2026-07-10 00:00:00,2026-07-13 00:00:00,0.1107697704510317,9.0,2026-07-13 09:51:00,584.1,39.920396282681196,36.62604384911372,1,584.1,563.6565,604.5435,2026-07-17 09:37:00,604.5435,TAKE_PROFIT,20.443499999999972,3.499999999999992
MSI,2026-07-10 00:00:00,2026-07-13 00:00:00,0.0666666666666666,5.0,2026-07-13 09:56:00,424.59,53.186551002786445,51.74023128302546,2,849.18,409.72934999999995,439.45064999999994,2026-07-15 09:34:00,409.72934999999995,STOP_LOSS,-29.721300000000042,-3.500000000000003
KO,2026-07-10 00:00:00,2026-07-13 00:00:00,0.1035730138751109,7.0,2026-07-13 10:04:00,84.43,58.29277435841362,56.687159290151506,11,928.73,81.47495,87.38505,2026-07-17 13:29:00,81.47495,STOP_LOSS,-32.50555,-3.500000000000003
PFE,2026-07-10 00:00:00,2026-07-13 00:00:00,0.1037560128186785,8.0,2026-07-13 10:11:00,24.6387,57.56588714696513,56.189933408690884,40,985.548,23.776345499999998,25.5010545,2026-07-17 09:40:00,25.5010545,TAKE_PROFIT,34.49417999999994,3.499999999999992
BNY,2026-07-10 00:00:00,2026-07-13 00:00:00,0.0410404624277456,3.0,2026-07-13 10:20:00,150.99,49.28660094529583,48.34244547236102,6,905.94,145.70535,156.27465,2026-07-15 09:30:00,156.44,TAKE_PROFIT_GAP,32.69999999999993,3.6095105636134717
MDT,2026-07-10 00:00:00,2026-07-13 00:00:00,0.1127064111486622,10.0,2026-07-13 10:54:00,83.89,54.72419216363792,47.1240768262109,11,922.79,80.95385,86.82615,2026-07-14 09:31:00,80.95385,STOP_LOSS,-32.297649999999976,-3.499999999999992
CSX,2026-07-10 00:00:00,2026-07-13 00:00:00,0.0051168091347315,1.0,2026-07-13 11:14:00,49.505,45.43746042574245,43.660941673064684,20,990.1,47.772325,51.237674999999996,2026-07-17 09:47:00,51.237674999999996,TAKE_PROFIT,34.653499999999866,3.499999999999992
ITW,2026-07-13 00:00:00,2026-07-14 00:00:00,0.0408163265306122,3.0,2026-07-14 09:46:00,274.27,62.82170121599782,61.286962389415564,3,822.81,264.67055,283.86945,2026-07-17 09:42:00,283.86945,TAKE_PROFIT,28.79834999999997,3.499999999999992
ORLY,2026-07-13 00:00:00,2026-07-14 00:00:00,0.0766246362754607,10.0,2026-07-14 09:49:00,86.52,39.68036080195794,39.57817930084221,11,951.7199999999999,83.4918,89.5482,2026-07-15 12:06:00,83.4918,STOP_LOSS,-33.31019999999998,-3.500000000000003
SYK,2026-07-13 00:00:00,2026-07-14 00:00:00,0.0245901639344262,2.0,2026-07-14 09:50:00,313.85,36.4349608424808,34.94953751781965,3,941.5500000000001,302.86525,324.83475,2026-07-16 09:34:00,324.83475,TAKE_PROFIT,32.95424999999989,3.499999999999992
TJX,2026-07-13 00:00:00,2026-07-14 00:00:00,0.0710116731517509,8.0,2026-07-14 09:50:00,149.74,42.271863024710115,39.80682829011105,6,898.44,144.4991,154.9809,2026-07-16 10:00:00,154.9809,TAKE_PROFIT,31.445399999999893,3.499999999999992
PCAR,2026-07-13 00:00:00,2026-07-14 00:00:00,0.0541871921182266,5.0,2026-07-14 09:51:00,124.86,53.33260254931673,51.30905758354367,8,998.88,120.48989999999999,129.2301,2026-07-17 15:59:00,126.22,WEEK_END_CLOSE,10.879999999999995,1.089219926317475
SPG,2026-07-13 00:00:00,2026-07-14 00:00:00,0.0545454545454545,6.0,2026-07-14 10:04:00,221.25,63.36810511603465,57.97027755972113,4,885.0,213.50625,228.99374999999998,2026-07-17 09:30:00,229.05,TAKE_PROFIT_GAP,31.200000000000045,3.5254237288135704
ECL,2026-07-13 00:00:00,2026-07-14 00:00:00,0.0689655172413793,7.0,2026-07-14 10:05:00,272.225,58.73815720253587,54.9774806788232,3,816.6750000000001,262.697125,281.752875,2026-07-17 15:59:00,272.92,WEEK_END_CLOSE,2.0849999999999795,0.25530351731104517
RTX,2026-07-14 00:00:00,2026-07-15 00:00:00,0.0418917722079532,2.0,2026-07-15 09:46:00,194.5,47.42660575320614,45.31967526864378,5,972.5,187.6925,201.30749999999998,2026-07-17 15:59:00,193.49,WEEK_END_CLOSE,-5.0499999999999545,-0.5192802056555257
DHR,2026-07-14 00:00:00,2026-07-15 00:00:00,0.017221249270286,1.0,2026-07-15 09:47:00,201.03,56.08128946664275,56.07931900630242,4,804.12,193.99394999999998,208.06605,2026-07-17 15:59:00,203.745,WEEK_END_CLOSE,10.860000000000014,1.350544694821676
RSG,2026-07-14 00:00:00,2026-07-15 00:00:00,0.0857142857142857,10.0,2026-07-15 09:48:00,219.23,45.374267769411375,41.7567071326038,4,876.92,211.55694999999997,226.90304999999998,2026-07-17 09:30:00,227.77,TAKE_PROFIT_GAP,34.16000000000008,3.895452264744792
SHW,2026-07-14 00:00:00,2026-07-15 00:00:00,0.0847457627118644,9.0,2026-07-15 09:48:00,330.46,56.70955826770954,51.43434783374149,3,991.3799999999999,318.8939,342.02609999999993,2026-07-17 09:40:00,342.02609999999993,TAKE_PROFIT,34.69829999999985,3.499999999999992
MSI,2026-07-14 00:00:00,2026-07-15 00:00:00,0.0427807486631016,3.0,2026-07-15 09:57:00,411.145,42.476012387346636,42.33487921041945,2,822.29,396.75492499999996,425.53507499999995,2026-07-17 15:59:00,413.28,WEEK_END_CLOSE,4.269999999999982,0.5192815186856103
TEL,2026-07-14 00:00:00,2026-07-15 00:00:00,0.0714285714285714,8.0,2026-07-15 09:57:00,202.32,53.793867983142064,52.473980485241675,4,809.28,195.2388,209.4012,2026-07-17 15:59:00,203.24,WEEK_END_CLOSE,3.6800000000000637,0.454725187821281
HD,2026-07-14 00:00:00,2026-07-15 00:00:00,0.0673805913570887,5.0,2026-07-15 10:16:00,344.33,61.693045529677214,60.97189226143977,2,688.66,332.27844999999996,356.38154999999995,2026-07-17 15:59:00,338.95,WEEK_END_CLOSE,-10.759999999999991,-1.5624546220195712
ORLY,2026-07-14 00:00:00,2026-07-15 00:00:00,0.0704225352112676,6.0,2026-07-15 12:14:00,83.42,40.8366447809344,34.357363499467276,11,917.62,80.5003,86.3397,2026-07-17 09:30:00,87.14,TAKE_PROFIT_GAP,40.91999999999999,4.459362263246214
EMR,2026-07-15 00:00:00,2026-07-16 00:00:00,0.0610687022900763,3.0,2026-07-16 09:50:00,135.67,58.81263655045231,49.145769259292294,7,949.6899999999999,130.92155,140.41844999999998,2026-07-17 09:47:00,140.41844999999998,TAKE_PROFIT,33.23914999999994,3.499999999999992
ACN,2026-07-15 00:00:00,2026-07-16 00:00:00,0.1196172248803827,10.0,2026-07-16 09:51:00,139.28,59.3790194298477,53.951535872265595,7,974.96,134.4052,144.1548,2026-07-16 14:15:00,144.1548,TAKE_PROFIT,34.12359999999995,3.499999999999992
ADP,2026-07-15 00:00:00,2026-07-16 00:00:00,0.0700636942675159,4.0,2026-07-16 09:55:00,253.03,60.347619694953664,58.804204390221344,3,759.09,244.17395,261.88604999999995,2026-07-17 15:59:00,255.3,WEEK_END_CLOSE,6.810000000000031,0.8971268229063689
WELL,2026-07-15 00:00:00,2026-07-16 00:00:00,0.0833333333333333,6.0,2026-07-16 10:07:00,236.98,57.03115773718248,55.44543809152697,4,947.92,228.68569999999997,245.27429999999998,2026-07-17 09:43:00,245.27429999999998,TAKE_PROFIT,33.17719999999997,3.499999999999992
TJX,2026-07-15 00:00:00,2026-07-16 00:00:00,0.072072072072072,5.0,2026-07-16 10:22:00,154.72,64.41608146249044,63.27825841476875,6,928.3199999999999,149.3048,160.1352,2026-07-17 15:59:00,154.39,WEEK_END_CLOSE,-1.980000000000075,-0.21328852119959496
TFC,2026-07-15 00:00:00,2026-07-16 00:00:00,0.0929705215419501,9.0,2026-07-16 10:28:00,53.47,59.57415195505176,59.35085481162039,18,962.46,51.598549999999996,55.341449999999995,2026-07-17 15:59:00,52.51,WEEK_END_CLOSE,-17.280000000000015,-1.7953992893211201
MDLZ,2026-07-15 00:00:00,2026-07-16 00:00:00,0.0857142857142857,8.0,2026-07-16 10:45:00,59.85,55.12346844523757,54.779250794687414,16,957.6,57.75525,61.94475,2026-07-17 09:30:00,62.18,TAKE_PROFIT_GAP,37.27999999999997,3.8930659983291482
ACN,2026-07-15 00:00:00,2026-07-16 00:00:00,0.1196172248803827,10.0,2026-07-16 14:28:00,143.87,56.02349628202615,55.77458554029288,6,863.22,138.83455,148.90545,2026-07-17 15:59:00,143.55,WEEK_END_CLOSE,-1.919999999999959,-0.2224230207826472
SLB,2026-07-16 00:00:00,2026-07-17 00:00:00,0.032557005243263,9.0,2026-07-17 09:45:00,46.985,52.31128821380032,51.01537257147567,21,986.685,45.340525,48.62947499999999,2026-07-17 15:59:00,46.99,WEEK_END_CLOSE,0.10500000000005372,0.010641694157720316
DASH,2026-07-16 00:00:00,2026-07-17 00:00:00,0.0369489665264313,10.0,2026-07-17 09:46:00,185.54,41.3563753379614,41.16672463031455,5,927.6999999999999,179.0461,192.0339,2026-07-17 15:59:00,184.16,WEEK_END_CLOSE,-6.899999999999977,-0.7437749272394045
SYK,2026-07-16 00:00:00,2026-07-17 00:00:00,0.0194336479733481,6.0,2026-07-17 09:46:00,328.375,51.95033478326649,47.56190156570984,3,985.125,316.881875,339.86812499999996,2026-07-17 15:59:00,319.88,WEEK_END_CLOSE,-25.485000000000014,-2.5869813475447256
AON,2026-07-16 00:00:00,2026-07-17 00:00:00,0.0,1.0,2026-07-17 09:50:00,374.7,64.89118329580788,63.66663619433023,2,749.4,361.58549999999997,387.81449999999995,2026-07-17 15:59:00,367.01,WEEK_END_CLOSE,-15.379999999999995,-2.052308513477452
ABBV,2026-07-16 00:00:00,2026-07-17 00:00:00,0.0244590780809031,7.0,2026-07-17 09:54:00,260.61,68.06559947510824,67.99016724841506,3,781.83,251.48865,269.73135,2026-07-17 15:59:00,254.49,WEEK_END_CLOSE,-18.360000000000014,-2.3483365949119372
CSX,2026-07-16 00:00:00,2026-07-17 00:00:00,0.0272801302931596,8.0,2026-07-17 09:55:00,51.165,59.55908559166171,55.59575165966018,19,972.135,49.374224999999996,52.955774999999996,2026-07-17 15:59:00,50.735,WEEK_END_CLOSE,-8.169999999999995,-0.8404182546662753
RSG,2026-07-16 00:00:00,2026-07-17 00:00:00,0.001207729468599,2.0,2026-07-17 10:46:00,224.73,54.2251488071831,46.20928504757927,4,898.92,216.86444999999998,232.59554999999997,2026-07-17 15:59:00,222.3,WEEK_END_CLOSE,-9.719999999999914,-1.0812975570684724
ITW,2026-07-16 00:00:00,2026-07-17 00:00:00,0.0048231511254019,3.0,2026-07-17 10:51:00,281.46,48.66724534764282,46.27134207523819,3,844.3799999999999,271.60889999999995,291.31109999999995,2026-07-17 15:59:00,276.05,WEEK_END_CLOSE,-16.229999999999905,-1.9221203723441938
CB,2026-07-16 00:00:00,2026-07-17 00:00:00,0.0177514792899408,5.0,2026-07-17 10:54:00,353.94,64.68426271375478,57.11591340139463,2,707.88,341.5521,366.32789999999994,2026-07-17 15:59:00,352.18,WEEK_END_CLOSE,-3.519999999999982,-0.4972594225009841
BMY,2026-07-17 00:00:00,2026-07-20 00:00:00,0.0404699738903394,8.0,2026-07-20 09:45:00,60.91,52.72704959606192,51.99487364975949,16,974.56,58.77815,63.04184999999999,2026-07-24 15:59:00,62.09,WEEK_END_CLOSE,18.88000000000011,1.9372845181415244
ABBV,2026-07-17 00:00:00,2026-07-20 00:00:00,0.0437049362174154,9.0,2026-07-20 09:48:00,255.62,54.181730549838946,47.61785122043962,3,766.86,246.67329999999998,264.56669999999997,2026-07-24 15:59:00,259.22,WEEK_END_CLOSE,10.800000000000068,1.4083405054377662
BNY,2026-07-17 00:00:00,2026-07-20 00:00:00,0.0353982300884955,5.0,2026-07-20 09:50:00,157.9275,52.17158882395122,51.8683644877359,6,947.565,152.4000375,163.4549625,2026-07-24 15:59:00,158.95,WEEK_END_CLOSE,6.134999999999877,0.6474489876683753
CB,2026-07-17 00:00:00,2026-07-20 00:00:00,0.0181159420289855,2.0,2026-07-20 09:50:00,352.985,58.21322858322158,53.86806725516302,2,705.97,340.630525,365.339475,2026-07-22 10:23:00,340.630525,STOP_LOSS,-24.708950000000073,-3.500000000000014
COF,2026-07-17 00:00:00,2026-07-20 00:00:00,0.0534521158129175,10.0,2026-07-20 09:50:00,208.27,54.5170755128036,50.168463896954826,4,833.08,200.98055,215.55945,2026-07-22 09:33:00,200.98055,STOP_LOSS,-29.157800000000066,-3.500000000000003
AON,2026-07-17 00:00:00,2026-07-20 00:00:00,0.0,1.0,2026-07-20 09:51:00,363.82,44.240094244293886,42.533514695535395,2,727.64,351.0863,376.5537,2026-07-22 14:50:00,351.0863,STOP_LOSS,-25.467399999999998,-3.500000000000003
ECL,2026-07-17 00:00:00,2026-07-20 00:00:00,0.037037037037037,6.0,2026-07-20 09:57:00,271.775,51.90405749079356,49.16938059463046,3,815.3249999999999,262.26287499999995,281.28712499999995,2026-07-23 09:30:00,262.26287499999995,STOP_LOSS,-28.536375000000078,-3.500000000000014
MRK,2026-07-17 00:00:00,2026-07-20 00:00:00,0.0263956711099379,4.0,2026-07-20 09:58:00,127.44,56.190825763856864,48.92166791114876,7,892.0799999999999,122.97959999999999,131.9004,2026-07-24 15:59:00,131.09,WEEK_END_CLOSE,25.55000000000004,2.864092906465787
SPG,2026-07-17 00:00:00,2026-07-20 00:00:00,0.0209790209790209,3.0,2026-07-20 10:06:00,230.58,62.94403502449717,59.66787181949745,4,922.32,222.5097,238.6503,2026-07-24 15:59:00,229.68,WEEK_END_CLOSE,-3.6000000000000227,-0.3903200624512104
ITW,2026-07-17 00:00:00,2026-07-20 00:00:00,0.0392156862745098,7.0,2026-07-20 10:21:00,272.45,43.9381227542509,41.41033154220556,3,817.3499999999999,262.91425,281.98574999999994,2026-07-24 11:11:00,281.98574999999994,TAKE_PROFIT,28.60724999999985,3.499999999999992
CI,2026-07-20 00:00:00,2026-07-21 00:00:00,0.1412103746397694,10.0,2026-07-21 09:45:00,283.99,55.246630624916016,50.85875908635413,3,851.97,274.05035,293.92965,2026-07-24 15:59:00,289.55,WEEK_END_CLOSE,16.680000000000007,1.9578154160357686
DLR,2026-07-20 00:00:00,2026-07-21 00:00:00,0.0977777777777777,5.0,2026-07-21 09:51:00,176.99,55.78826061468991,55.41420112223898,5,884.95,170.79535,183.18465,2026-07-24 09:30:00,190.0,TAKE_PROFIT_GAP,65.04999999999995,7.350697779535564
GILD,2026-07-20 00:00:00,2026-07-21 00:00:00,0.0507196710075394,3.0,2026-07-21 09:52:00,130.63,47.51610720306469,44.416554653987504,7,914.41,126.05794999999999,135.20204999999999,2026-07-24 15:59:00,129.33,WEEK_END_CLOSE,-9.09999999999988,-0.9951772180968987
CME,2026-07-20 00:00:00,2026-07-21 00:00:00,0.1407056798623063,9.0,2026-07-21 09:53:00,241.6,46.85526208563258,41.50754780946482,4,966.4,233.14399999999998,250.05599999999998,2026-07-22 09:31:00,250.05599999999998,TAKE_PROFIT,33.823999999999955,3.499999999999992
CL,2026-07-20 00:00:00,2026-07-21 00:00:00,0.0833333333333333,4.0,2026-07-21 09:54:00,91.2,51.109660758256666,50.75693788006049,10,912.0,88.008,94.392,2026-07-24 15:59:00,90.76,WEEK_END_CLOSE,-4.399999999999977,-0.48245614035087314
SO,2026-07-20 00:00:00,2026-07-21 00:00:00,0.0382848392036753,2.0,2026-07-21 09:57:00,93.79,46.036688282104095,45.097201169679266,10,937.9000000000001,90.50735,97.07265,2026-07-24 09:30:00,97.07265,TAKE_PROFIT,32.826499999999896,3.499999999999992
WMB,2026-07-20 00:00:00,2026-07-21 00:00:00,0.1216617210682492,7.0,2026-07-21 10:00:00,73.38,43.0780140609146,38.920208615006715,13,953.9399999999999,70.81169999999999,75.94829999999999,2026-07-24 09:32:00,75.94829999999999,TAKE_PROFIT,33.38789999999992,3.499999999999992
MDLZ,2026-07-20 00:00:00,2026-07-21 00:00:00,0.0273224043715847,1.0,2026-07-21 10:01:00,59.4,47.06369816123729,45.17586457995631,16,950.4,57.321,61.47899999999999,2026-07-24 15:59:00,60.53,WEEK_END_CLOSE,18.08000000000004,1.9023569023569165
PGR,2026-07-20 00:00:00,2026-07-21 00:00:00,0.1320293398533007,8.0,2026-07-21 10:03:00,208.76,54.56318710500314,51.886100732048305,4,835.04,201.4534,216.06659999999997,2026-07-24 15:59:00,213.81,WEEK_END_CLOSE,20.200000000000045,2.419045794213459
FCX,2026-07-20 00:00:00,2026-07-21 00:00:00,0.1020634568449079,6.0,2026-07-21 10:50:00,61.82,66.48783223119598,63.45469445879671,16,989.12,59.6563,63.98369999999999,2026-07-22 09:45:00,63.98369999999999,TAKE_PROFIT,34.619199999999864,3.499999999999992
MCD,2026-07-21 00:00:00,2026-07-22 00:00:00,0.1781800857551214,8.0,2026-07-22 09:45:00,264.6177,49.25305390136236,46.59987126237807,3,793.8531,255.35608050000002,273.8793195,2026-07-24 15:59:00,264.76,WEEK_END_CLOSE,0.42689999999993233,0.053775692253377194
UPS,2026-07-21 00:00:00,2026-07-22 00:00:00,0.0386202830188679,1.0,2026-07-22 09:52:00,117.0602,59.3974446048643,56.3051132372306,8,936.4816,112.96309299999999,121.15730699999999,2026-07-24 15:59:00,114.79,WEEK_END_CLOSE,-18.161599999999908,-1.939344029823964
SLB,2026-07-21 00:00:00,2026-07-22 00:00:00,0.1297602256699576,6.0,2026-07-22 09:54:00,47.445,58.47942940060477,54.752369201437425,21,996.345,45.784425,49.105574999999995,2026-07-24 09:30:00,50.07,TAKE_PROFIT_GAP,55.125,5.5327220992728465
XOM,2026-07-21 00:00:00,2026-07-22 00:00:00,0.2254153141111323,9.0,2026-07-22 09:54:00,153.735,63.4194147315868,62.52874248200713,6,922.4100000000001,148.354275,159.115725,2026-07-24 15:59:00,156.93,WEEK_END_CLOSE,19.16999999999996,2.078251536735287
CSX,2026-07-21 00:00:00,2026-07-22 00:00:00,0.1684446939921392,7.0,2026-07-22 09:58:00,50.005,52.94218670257719,49.41368717171245,19,950.095,48.254825000000004,51.755175,2026-07-23 09:30:00,51.96,TAKE_PROFIT_GAP,37.14499999999997,3.909609039096096
FTNT,2026-07-21 00:00:00,2026-07-22 00:00:00,0.1214574898785425,5.0,2026-07-22 10:00:00,156.62,54.630051888073424,49.29136579246059,6,939.72,151.1383,162.1017,2026-07-23 14:01:00,151.1383,STOP_LOSS,-32.89020000000011,-3.500000000000014
CVS,2026-07-21 00:00:00,2026-07-22 00:00:00,0.0387118193891102,2.0,2026-07-22 10:06:00,110.64,65.32586791251424,60.22973404609447,9,995.76,106.7676,114.51239999999999,2026-07-23 09:34:00,106.7676,STOP_LOSS,-34.85159999999999,-3.500000000000003
PFE,2026-07-21 00:00:00,2026-07-22 00:00:00,0.2267437379576108,10.0,2026-07-22 10:06:00,25.145,62.530900585087764,59.23181910165503,39,980.655,24.264924999999998,26.025074999999998,2026-07-24 15:59:00,24.55,WEEK_END_CLOSE,-23.204999999999956,-2.366275601511225
CVS,2026-07-22 00:00:00,2026-07-23 00:00:00,0.1357765328353563,9.0,2026-07-23 09:59:00,106.47,38.96217552740735,31.45182913087643,9,958.23,102.74355,110.19644999999998,2026-07-24 15:59:00,107.74,WEEK_END_CLOSE,11.429999999999964,1.192824269747339
KO,2026-07-22 00:00:00,2026-07-23 00:00:00,0.1425006239081607,10.0,2026-07-23 09:59:00,81.26,43.922170614274016,40.80784726301605,12,975.1200000000001,78.41590000000001,84.1041,2026-07-24 15:59:00,82.25,WEEK_END_CLOSE,11.879999999999939,1.2183115924193855
APO,2026-07-22 00:00:00,2026-07-23 00:00:00,0.0218151307509439,2.0,2026-07-23 10:00:00,121.0,59.89202601675317,53.65214619150447,8,968.0,116.765,125.23499999999999,2026-07-24 15:59:00,122.65,WEEK_END_CLOSE,13.200000000000045,1.3636363636363669
MMM,2026-07-22 00:00:00,2026-07-23 00:00:00,0.0497393945669807,3.0,2026-07-23 10:00:00,170.0,53.15245232090856,49.52519070497684,5,850.0,164.04999999999998,175.95,2026-07-24 15:59:00,172.59,WEEK_END_CLOSE,12.950000000000017,1.5235294117647014
EMR,2026-07-22 00:00:00,2026-07-23 00:00:00,0.1333333333333333,8.0,2026-07-23 11:16:00,143.67,47.45352993647032,46.066251291880334,6,862.02,138.64155,148.69844999999998,2026-07-24 11:24:00,148.72,TAKE_PROFIT_GAP,30.300000000000068,3.514999651980233
FTNT,2026-07-22 00:00:00,2026-07-23 00:00:00,0.0986382681564245,5.0,2026-07-23 14:07:00,151.28,45.558541015155996,42.67367913536831,6,907.6800000000001,145.9852,156.57479999999998,2026-07-24 15:59:00,152.35,WEEK_END_CLOSE,6.419999999999959,0.7072977260708546
JNJ,2026-07-23 00:00:00,2026-07-24 00:00:00,0.0291417501895056,2.0,2026-07-24 09:50:00,262.01,58.95626889455694,57.71153199636332,3,786.03,252.83964999999998,271.18035,2026-07-24 15:59:00,263.42,WEEK_END_CLOSE,4.230000000000075,0.5381473989542584
UNP,2026-07-23 00:00:00,2026-07-24 00:00:00,0.0511215440792905,5.0,2026-07-24 09:52:00,304.545,50.57868859152779,48.475198012722764,3,913.635,293.885925,315.204075,2026-07-24 15:59:00,307.55,WEEK_END_CLOSE,9.014999999999986,0.9867178906237228
DASH,2026-07-23 00:00:00,2026-07-24 00:00:00,0.0286699328615496,1.0,2026-07-24 10:00:00,171.42,52.21093099907131,51.84892699104613,5,857.0999999999999,165.42029999999997,177.41969999999998,2026-07-24 15:59:00,172.98,WEEK_END_CLOSE,7.800000000000011,0.9100455022751142
SLB,2026-07-23 00:00:00,2026-07-24 00:00:00,0.1152795292139554,9.0,2026-07-24 10:02:00,51.23,63.119874605362746,58.070705162429284,19,973.3699999999999,49.436949999999996,53.02304999999999,2026-07-24 15:59:00,52.45,WEEK_END_CLOSE,23.180000000000113,2.3814171383954807
EMR,2026-07-23 00:00:00,2026-07-24 00:00:00,0.048780487804878,4.0,2026-07-24 11:37:00,148.4375,54.826182688072876,54.137970345417514,6,890.625,143.2421875,153.6328125,2026-07-24 15:59:00,147.94,WEEK_END_CLOSE,-2.9850000000000136,-0.3351578947368483
ICE,2026-07-24 00:00:00,2026-07-27 00:00:00,0.0688073394495412,4.0,2026-07-27 09:46:00,146.7,62.30952150880828,62.25684155779152,6,880.1999999999999,141.5655,151.83449999999996,2026-07-28 10:04:00,151.83449999999996,TAKE_PROFIT,30.806999999999846,3.499999999999992
EOG,2026-07-24 00:00:00,2026-07-27 00:00:00,0.1241379310344827,7.0,2026-07-27 09:53:00,144.043,43.059405052905376,42.243040731736414,6,864.258,139.001495,149.084505,2026-07-28 11:57:00,139.001495,STOP_LOSS,-30.249030000000005,-3.500000000000003
DIS,2026-07-24 00:00:00,2026-07-27 00:00:00,0.1212705590282395,6.0,2026-07-27 09:58:00,96.4001,53.41709679615263,52.75175145931945,10,964.001,93.0260965,99.77410349999998,2026-07-31 15:59:00,96.2,WEEK_END_CLOSE,-2.0009999999999195,-0.2075723987838063
MDLZ,2026-07-24 00:00:00,2026-07-27 00:00:00,0.0857142857142857,5.0,2026-07-27 10:01:00,60.33,48.339413241982264,46.35751787167848,16,965.28,58.21845,62.44154999999999,2026-07-28 09:35:00,62.44154999999999,TAKE_PROFIT,33.784799999999905,3.499999999999992
MRK,2026-07-24 00:00:00,2026-07-27 00:00:00,0.0527481377088786,2.0,2026-07-27 10:01:00,131.775,51.15058407549937,49.48105907939892,7,922.4250000000001,127.162875,136.387125,2026-07-31 15:59:00,130.22,WEEK_END_CLOSE,-10.885000000000048,-1.1800417378106665
CI,2026-07-24 00:00:00,2026-07-27 00:00:00,0.0666666666666666,3.0,2026-07-27 10:02:00,288.515,48.91080517521526,48.62939833799619,3,865.545,278.416975,298.61302499999994,2026-07-28 11:25:00,298.61302499999994,TAKE_PROFIT,30.29407499999985,3.499999999999992
ORCL,2026-07-24 00:00:00,2026-07-27 00:00:00,0.1371004722331721,9.0,2026-07-27 10:07:00,121.1,57.68465300721331,57.61403831593198,8,968.8,116.86149999999999,125.33849999999998,2026-07-28 09:31:00,116.86149999999999,STOP_LOSS,-33.908000000000015,-3.500000000000003
META,2026-07-24 00:00:00,2026-07-27 00:00:00,0.1375263174433585,10.0,2026-07-27 10:21:00,608.125,54.26253710843022,52.28250061452397,1,608.125,586.8406249999999,629.409375,2026-07-29 10:26:00,586.8406249999999,STOP_LOSS,-21.284375000000068,-3.500000000000014
SNPS,2026-07-24 00:00:00,2026-07-27 00:00:00,0.1263586956521739,8.0,2026-07-27 10:46:00,392.73,63.04366932992656,59.585574636511424,2,785.46,378.98445,406.47555,2026-07-29 10:40:00,378.98445,STOP_LOSS,-27.491100000000074,-3.500000000000014
JNJ,2026-07-24 00:00:00,2026-07-27 00:00:00,0.0361734435633541,1.0,2026-07-27 11:44:00,267.87,55.46563424987137,54.08937698143259,3,803.61,258.49455,277.24545,2026-07-30 09:31:00,258.49455,STOP_LOSS,-28.126350000000002,-3.500000000000003
CSX,2026-07-27 00:00:00,2026-07-28 00:00:00,0.0106326422115895,1.0,2026-07-28 09:51:00,52.18,66.46949043745059,56.56920258709822,19,991.42,50.353699999999996,54.006299999999996,2026-07-29 12:15:00,50.353699999999996,STOP_LOSS,-34.699700000000064,-3.500000000000003
UNP,2026-07-27 00:00:00,2026-07-28 00:00:00,0.0218563370935633,2.0,2026-07-28 09:51:00,300.15,59.09219643304341,56.08244570907358,3,900.4499999999999,289.64475,310.65524999999997,2026-07-30 09:44:00,289.64475,STOP_LOSS,-31.51574999999997,-3.499999999999992
VRTX,2026-07-27 00:00:00,2026-07-28 00:00:00,0.1854545454545454,10.0,2026-07-28 10:01:00,484.684,54.33650427851929,54.02652904215222,2,969.368,467.72006,501.64794,2026-07-31 15:59:00,476.88,WEEK_END_CLOSE,-15.608000000000061,-1.6101212336285142
GILD,2026-07-27 00:00:00,2026-07-28 00:00:00,0.148064637354378,7.0,2026-07-28 10:03:00,134.26,57.33827835678545,55.415211025011445,7,939.8199999999999,129.56089999999998,138.95909999999998,2026-07-30 09:47:00,129.56089999999998,STOP_LOSS,-32.89370000000011,-3.500000000000014
MDLZ,2026-07-27 00:00:00,2026-07-28 00:00:00,0.0539067231980617,3.0,2026-07-28 10:03:00,62.97,67.16055060184371,64.85666129082945,15,944.55,60.76605,65.17394999999999,2026-07-29 09:32:00,65.17394999999999,TAKE_PROFIT,33.05924999999988,3.499999999999992
CMCSA,2026-07-27 00:00:00,2026-07-28 00:00:00,0.1143057503506311,5.0,2026-07-28 10:06:00,23.62,54.880399443950466,54.380645807073115,42,992.0400000000001,22.7933,24.4467,2026-07-29 10:24:00,24.4467,TAKE_PROFIT,34.72139999999995,3.499999999999992
CRH,2026-07-27 00:00:00,2026-07-28 00:00:00,0.075187969924812,4.0,2026-07-28 10:11:00,103.8,66.84757936230992,64.27621279719723,9,934.1999999999999,100.16699999999999,107.43299999999999,2026-07-29 11:25:00,100.16699999999999,STOP_LOSS,-32.69700000000009,-3.500000000000014
AFL,2026-07-27 00:00:00,2026-07-28 00:00:00,0.1605839416058394,8.0,2026-07-28 10:59:00,129.23,61.80167696058973,57.18992541728502,7,904.6099999999999,124.70694999999999,133.75304999999997,2026-07-31 15:59:00,127.49,WEEK_END_CLOSE,-12.179999999999964,-1.3464365859320537
COP,2026-07-27 00:00:00,2026-07-28 00:00:00,0.143752303722816,6.0,2026-07-28 11:08:00,116.17,48.91097970968884,45.48810854147691,8,929.36,112.10405,120.23594999999999,2026-07-31 14:59:00,120.23594999999999,TAKE_PROFIT,32.52759999999989,3.499999999999992
CME,2026-07-28 00:00:00,2026-07-29 00:00:00,0.0872971460548405,6.0,2026-07-29 09:45:00,261.355,56.739949061713546,55.72309258846344,3,784.065,252.20757500000002,270.502425,2026-07-31 15:59:00,267.8,WEEK_END_CLOSE,19.33499999999998,2.465994528514859
HON,2026-07-28 00:00:00,2026-07-29 00:00:00,0.1330049261083744,9.0,2026-07-29 09:51:00,244.67,42.72352002216971,41.4035510831873,4,978.68,236.10654999999997,253.23344999999998,2026-07-31 15:59:00,243.05,WEEK_END_CLOSE,-6.4799999999999045,-0.6621163199411306
NEM,2026-07-28 00:00:00,2026-07-29 00:00:00,0.1581180100269957,10.0,2026-07-29 09:59:00,90.25,41.76459324784561,38.8831735398997,11,992.75,87.09125,93.40875,2026-07-30 09:44:00,93.40875,TAKE_PROFIT,34.746249999999975,3.499999999999992
KMI,2026-07-28 00:00:00,2026-07-29 00:00:00,0.0134883720930232,2.0,2026-07-29 10:01:00,32.115,52.502497599545386,52.10836829660182,31,995.565,30.990975000000002,33.239025,2026-07-31 15:59:00,32.18,WEEK_END_CLOSE,2.0149999999999295,0.20239763350458073
MDT,2026-07-28 00:00:00,2026-07-29 00:00:00,0.0596217105263157,5.0,2026-07-29 10:03:00,87.6,54.74795232541353,54.62780467752403,11,963.5999999999999,84.53399999999999,90.66599999999998,2026-07-31 09:30:00,84.53399999999999,STOP_LOSS,-33.72600000000003,-3.500000000000003
SO,2026-07-28 00:00:00,2026-07-29 00:00:00,0.1245487364620938,8.0,2026-07-29 10:06:00,97.28,47.21051799225981,44.38830477886873,10,972.8,93.87519999999999,100.6848,2026-07-30 11:08:00,93.87519999999999,STOP_LOSS,-34.04800000000009,-3.500000000000014
CMCSA,2026-07-28 00:00:00,2026-07-29 00:00:00,0.1019375109094082,7.0,2026-07-29 10:33:00,24.415,57.93235881679368,57.85052769701546,40,976.5999999999999,23.560474999999997,25.269524999999998,2026-07-30 10:21:00,23.560474999999997,STOP_LOSS,-34.1810000000001,-3.500000000000014
CSX,2026-07-28 00:00:00,2026-07-29 00:00:00,0.003784713688867,1.0,2026-07-29 12:21:00,50.365,42.46603950388964,41.17957154760557,19,956.9350000000001,48.602225,52.127775,2026-07-31 15:59:00,50.38,WEEK_END_CLOSE,0.2850000000000108,0.02978258711405779
LOW,2026-07-29 00:00:00,2026-07-30 00:00:00,0.0101087898334456,1.0,2026-07-30 09:45:00,212.845,39.53370778841537,32.7821752145374,4,851.38,205.395425,220.29457499999998,2026-07-31 15:59:00,207.93,WEEK_END_CLOSE,-19.659999999999968,-2.309192135121796
TGT,2026-07-29 00:00:00,2026-07-30 00:00:00,0.0507761642463695,4.0,2026-07-30 09:57:00,143.81,36.47731729100513,33.36636460691058,6,862.86,138.77665,148.84335,2026-07-31 15:59:00,144.49,WEEK_END_CLOSE,4.080000000000041,0.4728461164035913
WMB,2026-07-29 00:00:00,2026-07-30 00:00:00,0.1325301204819277,10.0,2026-07-30 09:57:00,70.74,54.95510312933379,54.65255992699633,14,990.3599999999999,68.2641,73.21589999999999,2026-07-31 15:59:00,71.56,WEEK_END_CLOSE,11.480000000000103,1.1591744416171945
CL,2026-07-29 00:00:00,2026-07-30 00:00:00,0.0944625407166123,7.0,2026-07-30 10:04:00,91.72,47.206569242713144,44.250713347598115,10,917.2,88.5098,94.93019999999999,2026-07-31 15:59:00,91.3,WEEK_END_CLOSE,-4.200000000000017,-0.4579153946794645
WBD,2026-07-29 00:00:00,2026-07-30 00:00:00,0.0348066298342541,2.0,2026-07-30 10:04:00,25.56,46.045535221373854,41.87381559079034,39,996.8399999999999,24.665399999999998,26.454599999999996,2026-07-31 15:59:00,26.291,WEEK_END_CLOSE,28.509000000000064,2.8599374021909263
JNJ,2026-07-29 00:00:00,2026-07-30 00:00:00,0.0425920292059628,3.0,2026-07-30 10:06:00,256.415,40.824879676186505,34.87009666559792,3,769.2450000000001,247.44047500000002,265.389525,2026-07-31 15:59:00,256.42,WEEK_END_CLOSE,0.014999999999986358,0.0019499639256626011
ANET,2026-07-29 00:00:00,2026-07-30 00:00:00,0.1237190236631265,9.0,2026-07-30 10:20:00,169.595,57.034121697661654,56.431532055382064,5,847.975,163.659175,175.530825,2026-07-31 09:30:00,177.6,TAKE_PROFIT_GAP,40.02499999999998,4.72006839824286
HWM,2026-07-29 00:00:00,2026-07-30 00:00:00,0.1162790697674418,8.0,2026-07-30 10:40:00,277.44,55.463354587981605,55.172377541854075,3,832.3199999999999,267.7296,287.1504,2026-07-31 15:59:00,282.36,WEEK_END_CLOSE,14.760000000000048,1.7733564013840963
REGN,2026-07-30 00:00:00,2026-07-31 00:00:00,0.1090342679127725,3.0,2026-07-31 09:45:00,740.84,58.53308013309081,57.78077574147911,1,740.84,714.9106,766.7694,2026-07-31 15:59:00,762.88,WEEK_END_CLOSE,22.039999999999964,2.9750013498191175
SO,2026-07-30 00:00:00,2026-07-31 00:00:00,0.1192307692307692,5.0,2026-07-31 09:45:00,93.76,44.96550614302202,44.218209760816656,10,937.6,90.47840000000001,97.0416,2026-07-31 15:59:00,94.59,WEEK_END_CLOSE,8.299999999999983,0.8852389078498168
DASH,2026-07-30 00:00:00,2026-07-31 00:00:00,0.04881945677259,1.0,2026-07-31 09:48:00,197.46,60.8011967686031,59.68867280506207,5,987.3000000000001,190.5489,204.37109999999998,2026-07-31 15:59:00,196.15,WEEK_END_CLOSE,-6.550000000000011,-0.6634255038995285
JPM,2026-07-30 00:00:00,2026-07-31 00:00:00,0.234679600783509,10.0,2026-07-31 09:51:00,351.12,49.89706861255596,49.195762577908056,2,702.24,338.8308,363.4092,2026-07-31 15:59:00,351.78,WEEK_END_CLOSE,1.3199999999999363,0.1879699248120259
NEE,2026-07-30 00:00:00,2026-07-31 00:00:00,0.1018010963194988,2.0,2026-07-31 10:08:00,87.3,49.719947291495174,45.49088613752722,11,960.3,84.24449999999999,90.35549999999999,2026-07-31 15:59:00,86.92,WEEK_END_CLOSE,-4.17999999999995,-0.43528064146620693
CEG,2026-07-30 00:00:00,2026-07-31 00:00:00,0.204660587639311,9.0,2026-07-31 10:18:00,262.99,45.73803075633681,43.68789122031979,3,788.97,253.78535,272.19464999999997,2026-07-31 15:59:00,262.76,WEEK_END_CLOSE,-0.6900000000000546,-0.08745579679836357
MS,2026-07-30 00:00:00,2026-07-31 00:00:00,0.1217078254279037,6.0,2026-07-31 10:18:00,210.05,53.70913333477361,46.61298884000473,4,840.2,202.69825,217.40175,2026-07-31 15:59:00,210.51,WEEK_END_CLOSE,1.8399999999999181,0.21899547726731416
DLR,2026-07-30 00:00:00,2026-07-31 00:00:00,0.1304347826086956,7.0,2026-07-31 10:19:00,191.435,48.74376459470161,44.80680750820166,5,957.175,184.73477499999998,198.135225,2026-07-31 15:59:00,188.52,WEEK_END_CLOSE,-14.57499999999996,-1.5227100582443032
CMCSA,2026-07-30 00:00:00,2026-07-31 00:00:00,0.1134751773049645,4.0,2026-07-31 10:21:00,23.69,52.820035107330064,48.84003140509963,42,994.98,22.86085,24.51915,2026-07-31 15:59:00,23.96,WEEK_END_CLOSE,11.339999999999982,1.139721401435212
MCD,2026-07-31 00:00:00,2026-08-03 00:00:00,0.0518414561537807,2.0,2026-08-03 09:45:00,273.76,55.882874100878716,55.2440607522364,3,821.28,264.1784,283.34159999999997,2026-08-06 15:59:00,276.27,WEEK_END_CLOSE,7.529999999999973,0.9168614845119771
PGR,2026-07-31 00:00:00,2026-08-03 00:00:00,0.1,5.0,2026-08-03 09:45:00,212.35,48.23212024112339,46.92475212461945,4,849.4,204.91774999999998,219.78224999999998,2026-08-06 15:59:00,215.32,WEEK_END_CLOSE,11.879999999999995,1.398634330115378
GILD,2026-07-31 00:00:00,2026-08-03 00:00:00,0.1278195488721804,7.0,2026-08-03 09:46:00,130.8999,54.122012559124805,50.22238042350592,7,916.2993,126.3184035,135.4813965,2026-08-04 15:59:00,135.4813965,TAKE_PROFIT,32.0704754999999,3.499999999999992
USB,2026-07-31 00:00:00,2026-08-03 00:00:00,0.1282952548330404,8.0,2026-08-03 09:46:00,63.545,64.09223041805956,59.705415775973805,15,953.1750000000001,61.320925,65.769075,2026-08-06 15:59:00,63.835,WEEK_END_CLOSE,4.349999999999987,0.4563695019277558
PSX,2026-07-31 00:00:00,2026-08-03 00:00:00,0.0614406779661017,3.0,2026-08-03 09:51:00,207.67,42.622021607364395,42.19459033631802,4,830.68,200.40155,214.93844999999996,2026-08-05 11:46:00,200.40155,STOP_LOSS,-29.073800000000006,-3.500000000000003
MS,2026-07-31 00:00:00,2026-08-03 00:00:00,0.1402010050251256,10.0,2026-08-03 09:58:00,209.335,52.21525770591423,51.860255406845596,4,837.34,202.008275,216.661725,2026-08-04 10:41:00,216.661725,TAKE_PROFIT,29.306899999999928,3.499999999999992
UPS,2026-07-31 00:00:00,2026-08-03 00:00:00,0.1259069568928723,6.0,2026-08-03 10:00:00,105.625,54.06967213003719,53.112561418789404,9,950.625,101.928125,109.32187499999999,2026-08-04 13:43:00,109.32187499999999,TAKE_PROFIT,33.27187499999992,3.499999999999992
COF,2026-07-31 00:00:00,2026-08-03 00:00:00,0.0258729490954985,1.0,2026-08-03 10:02:00,216.02,75.89495768171462,72.08853376422095,4,864.08,208.4593,223.5807,2026-08-05 09:31:00,223.5807,TAKE_PROFIT,30.24279999999999,3.499999999999992
REGN,2026-07-31 00:00:00,2026-08-03 00:00:00,0.0714285714285714,4.0,2026-08-03 10:05:00,767.64,57.54404251818557,55.90920403135208,1,767.64,740.7726,794.5074,2026-08-06 15:59:00,772.09,WEEK_END_CLOSE,4.4500000000000455,0.5796988171538731
DASH,2026-07-31 00:00:00,2026-08-03 00:00:00,0.136724960254372,9.0,2026-08-03 10:29:00,200.76,58.870010203491326,54.61786353343387,4,803.04,193.7334,207.78659999999996,2026-08-05 10:14:00,207.78659999999996,TAKE_PROFIT,28.106399999999894,3.499999999999992
ORLY,2026-08-03 00:00:00,2026-08-04 00:00:00,0.0505438259756877,3.0,2026-08-04 09:49:00,88.925,40.73680272275427,38.87456603748889,11,978.175,85.812625,92.03737499999998,2026-08-05 09:30:00,92.72,TAKE_PROFIT_GAP,41.74500000000002,4.267641270733757
PCAR,2026-08-03 00:00:00,2026-08-04 00:00:00,0.12,10.0,2026-08-04 09:50:00,130.8972,47.2745773909696,44.69438385403908,7,916.2804,126.315798,135.478602,2026-08-04 13:33:00,135.478602,TAKE_PROFIT,32.06981399999998,3.499999999999992
WELL,2026-08-03 00:00:00,2026-08-04 00:00:00,0.0735930735930736,5.0,2026-08-04 09:51:00,228.37,41.125401873171285,39.867115677690094,4,913.48,220.37705,236.36294999999998,2026-08-05 10:00:00,236.36294999999998,TAKE_PROFIT,31.971799999999917,3.499999999999992
TRV,2026-08-03 00:00:00,2026-08-04 00:00:00,0.0124495289367429,1.0,2026-08-04 09:52:00,372.835,51.67915724408167,49.958427611119184,2,745.67,359.78577499999994,385.88422499999996,2026-08-06 09:30:00,385.88422499999996,TAKE_PROFIT,26.098449999999957,3.499999999999992
ABT,2026-08-03 00:00:00,2026-08-04 00:00:00,0.096058003102152,7.0,2026-08-04 09:55:00,105.37,41.427547517731874,41.25122114754439,9,948.33,101.68205,109.05794999999999,2026-08-06 15:59:00,107.955,WEEK_END_CLOSE,23.264999999999944,2.4532599411597245
AJG,2026-08-03 00:00:00,2026-08-04 00:00:00,0.0456852791878172,2.0,2026-08-04 09:55:00,242.58,42.425023149100504,37.22889897613076,4,970.32,234.0897,251.0703,2026-08-05 10:25:00,251.0703,TAKE_PROFIT,33.96119999999996,3.499999999999992
MRSH,2026-08-03 00:00:00,2026-08-04 00:00:00,0.1142857142857142,9.0,2026-08-04 09:56:00,190.42,47.49027403899291,44.80234035087146,5,952.0999999999999,183.75529999999998,197.08469999999997,2026-08-06 15:59:00,193.22,WEEK_END_CLOSE,14.000000000000057,1.4704337779644971
AON,2026-08-03 00:00:00,2026-08-04 00:00:00,0.0745762711864406,6.0,2026-08-04 10:00:00,352.615,46.96477689742573,43.45037083106077,2,705.23,340.273475,364.956525,2026-08-06 09:30:00,364.956525,TAKE_PROFIT,24.68304999999998,3.499999999999992
KLAC,2026-08-03 00:00:00,2026-08-04 00:00:00,0.1024227083709998,8.0,2026-08-04 10:48:00,191.38,58.27780605959047,57.7294410416871,5,956.9,184.68169999999998,198.07829999999998,2026-08-05 09:43:00,198.07829999999998,TAKE_PROFIT,33.491499999999945,3.499999999999992
PCAR,2026-08-03 00:00:00,2026-08-04 00:00:00,0.12,10.0,2026-08-04 14:42:00,134.88,48.81349747831418,47.12442499553686,7,944.16,130.1592,139.6008,2026-08-06 15:59:00,132.09,WEEK_END_CLOSE,-19.529999999999944,-2.068505338078286
ORLY,2026-08-04 00:00:00,2026-08-05 00:00:00,0.0955665024630541,2.0,2026-08-05 09:46:00,92.68,64.22160896567993,59.73280709885782,10,926.8000000000001,89.4362,95.9238,2026-08-06 15:59:00,93.381,WEEK_END_CLOSE,7.009999999999934,0.756365990504948
APD,2026-08-04 00:00:00,2026-08-05 00:00:00,0.1685393258426966,6.0,2026-08-05 09:47:00,295.335,53.51237501277261,47.71318345826785,3,886.0049999999999,284.998275,305.671725,2026-08-06 15:59:00,299.94,WEEK_END_CLOSE,13.815000000000055,1.5592462796485407
AEP,2026-08-04 00:00:00,2026-08-05 00:00:00,0.1317829457364341,3.0,2026-08-05 09:52:00,127.0,46.79481712862031,42.62238931361701,7,889.0,122.55499999999999,131.445,2026-08-06 15:59:00,125.24,WEEK_END_CLOSE,-12.320000000000036,-1.3858267716535422
CRH,2026-08-04 00:00:00,2026-08-05 00:00:00,0.1569549449873993,5.0,2026-08-05 09:52:00,99.98,59.89291250095385,56.21130436014782,10,999.8000000000001,96.4807,103.4793,2026-08-06 15:59:00,97.65,WEEK_END_CLOSE,-23.299999999999983,-2.3304660932186416
WM,2026-08-04 00:00:00,2026-08-05 00:00:00,0.2149122807017544,9.0,2026-08-05 09:52:00,223.93,48.77495501498637,46.96925012791282,4,895.72,216.09245,231.76755,2026-08-06 15:59:00,229.05,WEEK_END_CLOSE,20.480000000000018,2.286428794712636
DLR,2026-08-04 00:00:00,2026-08-05 00:00:00,0.1378258105530833,4.0,2026-08-05 10:00:00,193.19,50.07806558381804,47.81715005451546,5,965.95,186.42835,199.95164999999997,2026-08-06 15:59:00,192.55,WEEK_END_CLOSE,-3.199999999999932,-0.33128008696101663
ELV,2026-08-04 00:00:00,2026-08-05 00:00:00,0.2448979591836734,10.0,2026-08-05 10:03:00,383.62,56.913494070258075,56.803692502171806,2,767.24,370.19329999999997,397.0467,2026-08-06 15:59:00,391.41,WEEK_END_CLOSE,15.580000000000041,2.0306553360095903
ECL,2026-08-04 00:00:00,2026-08-05 00:00:00,0.1791044776119403,7.0,2026-08-05 10:06:00,285.32,61.14415380648138,60.93303116249721,3,855.96,275.3338,295.3062,2026-08-06 15:59:00,283.67,WEEK_END_CLOSE,-4.949999999999932,-0.5782980513107994
TEL,2026-08-05 00:00:00,2026-08-06 00:00:00,0.1657907310081223,9.0,2026-08-06 09:48:00,217.05,49.14074494859223,47.429141328149065,4,868.2,209.45325,224.64675,2026-08-06 15:59:00,215.08,WEEK_END_CLOSE,-7.8799999999999955,-0.9076249712047901
LIN,2026-08-05 00:00:00,2026-08-06 00:00:00,0.1852589641434263,10.0,2026-08-06 09:49:00,495.635,54.5075705581027,52.13402173768457,2,991.27,478.28777499999995,512.982225,2026-08-06 15:59:00,490.2,WEEK_END_CLOSE,-10.870000000000005,-1.096573083014718
PLD,2026-08-05 00:00:00,2026-08-06 00:00:00,0.0771604938271604,6.0,2026-08-06 09:49:00,140.68,51.22166301454654,48.579849468147,7,984.76,135.7562,145.6038,2026-08-06 15:59:00,139.14,WEEK_END_CLOSE,-10.780000000000143,-1.0946829684390202
JCI,2026-08-05 00:00:00,2026-08-06 00:00:00,0.0238772029562251,1.0,2026-08-06 09:57:00,154.335,52.28349503639273,49.386735494300716,6,926.01,148.933275,159.736725,2026-08-06 15:59:00,154.55,WEEK_END_CLOSE,1.2900000000000205,0.13930735089253687
DUK,2026-08-05 00:00:00,2026-08-06 00:00:00,0.0959488272921108,7.0,2026-08-06 10:02:00,123.595,50.71824126350235,49.928195483677634,8,988.76,119.26917499999999,127.920825,2026-08-06 15:59:00,123.88,WEEK_END_CLOSE,2.2799999999999727,0.2305918524212025
CB,2026-08-05 00:00:00,2026-08-06 00:00:00,0.0603448275862069,3.0,2026-08-06 10:03:00,353.68,60.444663974871425,60.049399410810075,2,707.36,341.3012,366.05879999999996,2026-08-06 15:59:00,354.09,WEEK_END_CLOSE,0.8199999999999363,0.11592399909521323
NSC,2026-08-05 00:00:00,2026-08-06 00:00:00,0.0476190476190476,2.0,2026-08-06 10:04:00,341.97,58.026723460067075,56.966701229275095,2,683.94,330.00105,353.93895,2026-08-06 15:59:00,342.44,WEEK_END_CLOSE,0.9399999999999409,0.1374389566336065
AJG,2026-08-05 00:00:00,2026-08-06 00:00:00,0.0714285714285714,5.0,2026-08-06 10:38:00,249.26,57.991952630364075,47.207187170221054,4,997.04,240.53589999999997,257.98409999999996,2026-08-06 15:59:00,251.77,WEEK_END_CLOSE,10.040000000000077,1.0069806627617917
